date,sbl_bal_k,sbl_sell_k
2009-01-05,772526.0,76883.0
2009-01-06,811175.0,93575.0
2009-01-07,845377.0,91048.0
2009-01-08,774328.0,70851.0
2009-01-09,805561.0,94533.0
2009-01-10,817227.0,91042.0
2009-01-12,832179.0,89248.0
2009-01-13,832239.0,79519.0
2009-01-14,854568.0,76168.0
2009-01-15,832043.0,94842.0
2009-01-16,849008.0,95809.0
2009-01-17,873915.0,73519.0
2009-01-19,885305.0,63190.0
2009-01-20,848333.0,68400.0
2009-01-21,828023.0,79238.0
2009-02-02,851929.0,82612.0
2009-02-03,888569.0,110699.0
2009-02-04,940960.0,103515.0
2009-02-05,948107.0,74286.0
2009-02-06,953244.0,90361.0
2009-02-09,955021.0,90946.0
2009-02-10,945208.0,78081.0
2009-02-11,906784.0,87192.0
2009-02-12,868823.0,83553.0
2009-02-13,864984.0,104813.0
2009-02-16,859025.0,67779.0
2009-02-17,833346.0,73523.0
2009-02-18,821058.0,82412.0
2009-02-19,836268.0,98804.0
2009-02-20,818442.0,71075.0
2009-02-23,823703.0,84870.0
2009-02-24,817851.0,65599.0
2009-02-25,830947.0,67211.0
2009-02-26,842482.0,64405.0
2009-02-27,848455.0,82362.0
2009-03-02,830930.0,87697.0
2009-03-03,799112.0,98093.0
2009-03-04,836925.0,113687.0
2009-03-05,843151.0,77645.0
2009-03-06,861138.0,89057.0
2009-03-09,853466.0,72186.0
2009-03-10,856431.0,86627.0
2009-03-11,835858.0,77972.0
2009-03-12,844565.0,69762.0
2009-03-13,815839.0,88868.0
2009-03-16,804035.0,74212.0
2009-03-17,798478.0,80406.0
2009-03-18,801925.0,81680.0
2009-03-19,811474.0,85028.0
2009-03-20,766898.0,72295.0
2009-03-23,783765.0,86202.0
2009-03-24,791862.0,85796.0
2009-03-25,776443.0,99539.0
2009-03-26,782354.0,101069.0
2009-03-27,751724.0,73673.0
2009-03-30,647498.0,64543.0
2009-03-31,627346.0,65240.0
2009-04-01,639579.0,77462.0
2009-04-02,619528.0,86761.0
2009-04-03,563797.0,112939.0
2009-04-06,536313.0,76465.0
2009-04-07,500337.0,69004.0
2009-04-08,448501.0,66058.0
2009-04-09,456423.0,111171.0
2009-04-10,414178.0,88471.0
2009-04-13,371639.0,82961.0
2009-04-14,391523.0,82705.0
2009-04-15,390550.0,57044.0
2009-04-16,430188.0,85473.0
2009-04-17,413463.0,114762.0
2009-04-20,400805.0,107741.0
2009-04-21,454845.0,131291.0
2009-04-22,525183.0,117298.0
2009-04-23,556122.0,108162.0
2009-04-24,590588.0,111322.0
2009-04-27,565284.0,108305.0
2009-04-28,522162.0,102148.0
2009-04-29,549350.0,136105.0
2009-04-30,585850.0,129091.0
2009-05-04,631139.0,132826.0
2009-05-05,687776.0,162436.0
2009-05-06,771854.0,203844.0
2009-05-07,792885.0,149352.0
2009-05-08,799223.0,127156.0
2009-05-11,825414.0,113545.0
2009-05-12,791514.0,112145.0
2009-05-13,810859.0,110909.0
2009-05-14,802655.0,104711.0
2009-05-15,834978.0,116182.0
2009-05-18,849320.0,93812.0
2009-05-19,854215.0,94615.0
2009-05-20,881987.0,104690.0
2009-05-21,906319.0,105422.0
2009-05-22,920700.0,103327.0
2009-05-25,918358.0,84965.0
2009-05-26,887798.0,84914.0
2009-05-27,903379.0,110319.0
2009-06-01,919645.0,80429.0
2009-06-02,938992.0,92421.0
2009-06-03,917304.0,70369.0
2009-06-04,910782.0,77773.0
2009-06-05,918035.0,61561.0
2009-06-06,935908.0,64851.0
2009-06-08,937466.0,88934.0
2009-06-09,822091.0,77698.0
2009-06-10,845845.0,113207.0
2009-06-11,866564.0,115566.0
2009-06-12,897226.0,100832.0
2009-06-15,852765.0,96700.0
2009-06-16,787345.0,102946.0
2009-06-17,813277.0,104982.0
2009-06-18,807497.0,91194.0
2009-06-19,815065.0,95782.0
2009-06-22,819241.0,83218.0
2009-06-23,798958.0,66401.0
2009-06-24,794903.0,102197.0
2009-06-25,796605.0,77026.0
2009-06-26,805775.0,74441.0
2009-06-29,787530.0,58507.0
2009-06-30,804702.0,91814.0
2009-07-01,802805.0,91151.0
2009-07-02,807617.0,78434.0
2009-07-03,796747.0,64548.0
2009-07-06,792284.0,51760.0
2009-07-07,785365.0,52324.0
2009-07-08,769505.0,54714.0
2009-07-09,777807.0,69543.0
2009-07-10,765144.0,49741.0
2009-07-13,746808.0,87717.0
2009-07-14,770182.0,94028.0
2009-07-15,781533.0,85186.0
2009-07-16,794109.0,67692.0
2009-07-17,803753.0,67269.0
2009-07-20,809127.0,65024.0
2009-07-21,824369.0,75380.0
2009-07-22,847316.0,82826.0
2009-07-23,832922.0,60812.0
2009-07-24,851605.0,89751.0
2009-07-27,869279.0,83457.0
2009-07-28,897610.0,89667.0
2009-07-29,901935.0,80872.0
2009-07-30,894484.0,84696.0
2009-07-31,924416.0,98336.0
2009-08-03,909459.0,70770.0
2009-08-04,903620.0,108798.0
2009-08-05,894966.0,112577.0
2009-08-06,891246.0,113973.0
2009-08-10,913380.0,96860.0
2009-08-11,888565.0,88502.0
2009-08-12,914012.0,87426.0
2009-08-13,963117.0,103205.0
2009-08-14,972813.0,73106.0
2009-08-17,913328.0,63025.0
2009-08-18,854086.0,69826.0
2009-08-19,882670.0,96456.0
2009-08-20,841582.0,74376.0
2009-08-21,872943.0,104695.0
2009-08-24,908358.0,105976.0
2009-08-25,930951.0,81073.0
2009-08-26,931130.0,100254.0
2009-08-27,932420.0,90463.0
2009-08-28,941421.0,96244.0
2009-08-31,950498.0,78686.0
2009-09-01,935747.0,95039.0
2009-09-02,949993.0,85532.0
2009-09-03,965678.0,83425.0
2009-09-04,979906.0,70397.0
2009-09-07,1008430.0,80130.0
2009-09-08,1025243.0,81882.0
2009-09-09,1034691.0,74196.0
2009-09-10,1031688.0,81439.0
2009-09-11,1058718.0,79672.0
2009-09-14,1052028.0,62060.0
2009-09-15,1064791.0,72892.0
2009-09-16,1086788.0,75436.0
2009-09-17,1097905.0,68071.0
2009-09-18,1104959.0,66928.0
2009-09-21,1108628.0,61370.0
2009-09-22,1109855.0,53863.0
2009-09-23,1078761.0,56949.0
2009-09-24,1091737.0,82114.0
2009-09-25,1098295.0,69369.0
2009-09-28,1065949.0,44376.0
2009-09-29,1084872.0,72897.0
2009-09-30,1103377.0,81005.0
2009-10-01,1107445.0,68092.0
2009-10-02,1085755.0,56964.0
2009-10-05,1091768.0,58571.0
2009-10-06,1113551.0,71749.0
2009-10-07,1130916.0,75362.0
2009-10-08,1123341.0,62136.0
2009-10-09,1136590.0,66388.0
2009-10-12,1151187.0,65293.0
2009-10-13,1135049.0,62906.0
2009-10-14,1150797.0,73263.0
2009-10-15,1159672.0,67761.0
2009-10-16,1159383.0,48472.0
2009-10-19,1164242.0,53682.0
2009-10-20,1151098.0,50463.0
2009-10-21,1135512.0,57707.0
2009-10-22,1102057.0,52019.0
2009-10-23,1119369.0,68497.0
2009-10-26,1117509.0,49660.0
2009-10-27,1092369.0,46725.0
2009-10-28,1065609.0,54051.0
2009-10-29,951262.0,61755.0
2009-10-30,980133.0,86354.0
2009-11-02,936965.0,61553.0
2009-11-03,954839.0,64761.0
2009-11-04,968693.0,78566.0
2009-11-05,981501.0,57190.0
2009-11-06,1002653.0,61762.0
2009-11-09,1002562.0,48826.0
2009-11-10,997595.0,48673.0
2009-11-11,999951.0,55165.0
2009-11-12,1012948.0,60722.0
2009-11-13,1015628.0,54618.0
2009-11-16,1040099.0,72342.0
2009-11-17,1049613.0,73219.0
2009-11-18,1057377.0,75974.0
2009-11-19,1066032.0,69089.0
2009-11-20,1024949.0,55091.0
2009-11-23,1023072.0,52054.0
2009-11-24,1029292.0,54503.0
2009-11-25,1033955.0,58354.0
2009-11-26,1031763.0,45950.0
2009-11-27,954664.0,53612.0
2009-11-30,967280.0,57321.0
2009-12-01,968678.0,64222.0
2009-12-02,976251.0,59039.0
2009-12-03,967837.0,40881.0
2009-12-04,983053.0,59715.0
2009-12-07,981767.0,54761.0
2009-12-08,975311.0,44395.0
2009-12-09,977284.0,59679.0
2009-12-10,949074.0,56689.0
2009-12-11,967980.0,62488.0
2009-12-14,972479.0,46278.0
2009-12-15,963427.0,45822.0
2009-12-16,957715.0,47214.0
2009-12-17,930967.0,40725.0
2009-12-18,921364.0,50236.0
2009-12-21,926562.0,45378.0
2009-12-22,925050.0,43725.0
2009-12-23,936758.0,53724.0
2009-12-24,934768.0,51379.0
2009-12-25,944972.0,50378.0
2009-12-28,965787.0,69370.0
2009-12-29,970028.0,51213.0
2009-12-30,990090.0,63566.0
2009-12-31,1003556.0,61259.0
2010-01-04,1022627.0,74774.0
2010-01-05,1003840.0,59380.0
2010-01-06,1025675.0,77944.0
2010-01-07,1018968.0,74898.0
2010-01-08,1013486.0,77733.0
2010-01-11,1025298.0,70904.0
2010-01-12,1002211.0,56518.0
2010-01-13,972454.0,55069.0
2010-01-14,990045.0,71280.0
2010-01-15,1016610.0,81972.0
2010-01-18,1018194.0,64816.0
2010-01-19,978685.0,51819.0
2010-01-20,965758.0,53504.0
2010-01-21,930582.0,46305.0
2010-01-22,872575.0,50984.0
2010-01-25,850391.0,54403.0
2010-01-26,773803.0,56691.0
2010-01-27,737017.0,67296.0
2010-01-28,762447.0,99886.0
2010-01-29,743436.0,60963.0
2010-02-01,742470.0,55710.0
2010-02-02,726295.0,61530.0
2010-02-03,737335.0,77238.0
2010-02-04,744689.0,54488.0
2010-02-05,698701.0,68651.0
2010-02-06,657642.0,58051.0
2010-02-08,673040.0,65791.0
2010-02-09,652698.0,67071.0
2010-02-10,629776.0,51674.0
2010-02-22,659771.0,62902.0
2010-02-23,684972.0,66408.0
2010-02-24,696484.0,53112.0
2010-02-25,713968.0,62157.0
2010-02-26,725060.0,60573.0
2010-03-01,729592.0,62488.0
2010-03-02,737852.0,47580.0
2010-03-03,763314.0,54957.0
2010-03-04,765443.0,48957.0
2010-03-05,781588.0,53777.0
2010-03-08,794586.0,56222.0
2010-03-09,795600.0,40609.0
2010-03-10,773000.0,40053.0
2010-03-11,776430.0,42406.0
2010-03-12,777907.0,40875.0
2010-03-15,762026.0,35769.0
2010-03-16,764662.0,44743.0
2010-03-17,775689.0,57257.0
2010-03-18,725931.0,66556.0
2010-03-19,720171.0,50019.0
2010-03-22,712386.0,47513.0
2010-03-23,693833.0,39389.0
2010-03-24,687008.0,42752.0
2010-03-25,668962.0,41385.0
2010-03-26,653561.0,39295.0
2010-03-29,627832.0,34356.0
2010-03-30,601347.0,28893.0
2010-03-31,564625.0,34734.0
2010-04-01,517312.0,35243.0
2010-04-02,501304.0,35498.0
2010-04-06,469945.0,33452.0
2010-04-07,423989.0,27921.0
2010-04-08,344005.0,44140.0
2010-04-09,263287.0,30880.0
2010-04-12,227518.0,30825.0
2010-04-13,219368.0,23238.0
2010-04-14,223759.0,35304.0
2010-04-15,242198.0,57591.0
2010-04-16,245505.0,62408.0
2010-04-19,200699.0,40413.0
2010-04-20,247652.0,76086.0
2010-04-21,283496.0,62821.0
2010-04-22,298228.0,52032.0
2010-04-23,327874.0,60823.0
2010-04-26,341554.0,49665.0
2010-04-27,345775.0,47031.0
2010-04-28,356432.0,62407.0
2010-04-29,379210.0,56767.0
2010-04-30,372171.0,50860.0
2010-05-03,375164.0,53892.0
2010-05-04,388514.0,55674.0
2010-05-05,370672.0,56910.0
2010-05-06,369897.0,63595.0
2010-05-07,344674.0,65944.0
2010-05-10,387290.0,72834.0
2010-05-11,429989.0,77806.0
2010-05-12,463029.0,71672.0
2010-05-13,476212.0,67785.0
2010-05-14,487562.0,52260.0
2010-05-17,478235.0,52416.0
2010-05-18,479937.0,56841.0
2010-05-19,486935.0,73388.0
2010-05-20,492279.0,55514.0
2010-05-21,436396.0,51997.0
2010-05-24,471895.0,78717.0
2010-05-25,454995.0,70732.0
2010-05-26,469476.0,80653.0
2010-05-27,483857.0,77509.0
2010-05-28,511721.0,73462.0
2010-05-31,534385.0,58914.0
2010-06-01,547290.0,55768.0
2010-06-02,555906.0,60103.0
2010-06-03,569597.0,61914.0
2010-06-04,572367.0,47397.0
2010-06-07,539822.0,50809.0
2010-06-08,546973.0,51874.0
2010-06-09,550805.0,64474.0
2010-06-10,567719.0,73762.0
2010-06-11,558478.0,53974.0
2010-06-14,564398.0,45107.0
2010-06-15,562893.0,41279.0
2010-06-17,574792.0,47251.0
2010-06-18,559849.0,35383.0
2010-06-21,567339.0,53620.0
2010-06-22,572945.0,42572.0
2010-06-23,568555.0,41124.0
2010-06-24,570347.0,38884.0
2010-06-25,531980.0,34162.0
2010-06-28,526040.0,39205.0
2010-06-29,502754.0,41579.0
2010-06-30,474761.0,49819.0
2010-07-01,487617.0,60941.0
2010-07-02,501764.0,56911.0
2010-07-05,494990.0,44565.0
2010-07-06,492000.0,51228.0
2010-07-07,491493.0,38113.0
2010-07-08,505568.0,55355.0
2010-07-09,503372.0,40013.0
2010-07-12,507144.0,41473.0
2010-07-13,502051.0,33846.0
2010-07-14,520692.0,48798.0
2010-07-15,538129.0,47299.0
2010-07-16,525951.0,41485.0
2010-07-19,519803.0,34734.0
2010-07-20,531523.0,56603.0
2010-07-21,536198.0,47194.0
2010-07-22,548100.0,47318.0
2010-07-23,560182.0,50803.0
2010-07-26,556727.0,49257.0
2010-07-27,554867.0,41551.0
2010-07-28,582066.0,69314.0
2010-07-29,591039.0,52596.0
2010-07-30,582795.0,42845.0
2010-08-02,605399.0,68934.0
2010-08-03,622164.0,54162.0
2010-08-04,649942.0,66263.0
2010-08-05,636882.0,62655.0
2010-08-06,648184.0,58474.0
2010-08-09,656523.0,47536.0
2010-08-10,660338.0,49043.0
2010-08-11,649604.0,48412.0
2010-08-12,651130.0,61777.0
2010-08-13,680033.0,75930.0
2010-08-16,686259.0,54039.0
2010-08-17,695869.0,50118.0
2010-08-18,715563.0,63876.0
2010-08-19,701904.0,42552.0
2010-08-20,717387.0,57186.0
2010-08-23,727251.0,51619.0
2010-08-24,734342.0,53878.0
2010-08-25,695599.0,56189.0
2010-08-26,668207.0,55083.0
2010-08-27,649787.0,57015.0
2010-08-30,651889.0,52171.0
2010-08-31,631647.0,63574.0
2010-09-01,659466.0,84341.0
2010-09-02,691283.0,79277.0
2010-09-03,704775.0,75500.0
2010-09-06,707515.0,57434.0
2010-09-07,704044.0,46737.0
2010-09-08,718561.0,57431.0
2010-09-09,719695.0,53868.0
2010-09-10,696402.0,45231.0
2010-09-13,713588.0,64533.0
2010-09-14,724295.0,60266.0
2010-09-15,729871.0,60461.0
2010-09-16,713496.0,50667.0
2010-09-17,714415.0,59565.0
2010-09-20,727105.0,56704.0
2010-09-21,733443.0,50824.0
2010-09-23,746325.0,57106.0
2010-09-24,732324.0,39149.0
2010-09-27,736169.0,50488.0
2010-09-28,739972.0,46323.0
2010-09-29,757789.0,70962.0
2010-09-30,752726.0,57696.0
2010-10-01,754752.0,56056.0
2010-10-04,764628.0,63498.0
2010-10-05,753834.0,49202.0
2010-10-06,779239.0,68908.0
2010-10-07,787399.0,51760.0
2010-10-08,788162.0,41676.0
2010-10-11,783269.0,42028.0
2010-10-12,777729.0,50376.0
2010-10-13,781981.0,53683.0
2010-10-14,809601.0,64918.0
2010-10-15,812554.0,62995.0
2010-10-18,780666.0,48863.0
2010-10-19,746920.0,50725.0
2010-10-20,746947.0,60005.0
2010-10-21,762116.0,68147.0
2010-10-22,737255.0,51008.0
2010-10-25,743956.0,61698.0
2010-10-26,753466.0,49087.0
2010-10-27,757313.0,51760.0
2010-10-28,770046.0,62635.0
2010-10-29,768206.0,44363.0
2010-11-01,775485.0,53647.0
2010-11-02,773400.0,50284.0
2010-11-03,768825.0,65320.0
2010-11-04,807187.0,86005.0
2010-11-05,846418.0,107858.0
2010-11-08,870462.0,83086.0
2010-11-09,888326.0,60601.0
2010-11-10,887922.0,50043.0
2010-11-11,893540.0,48838.0
2010-11-12,871419.0,36637.0
2010-11-15,807558.0,40655.0
2010-11-16,806137.0,53342.0
2010-11-17,734080.0,38318.0
2010-11-18,695734.0,53980.0
2010-11-19,695226.0,43593.0
2010-11-22,705828.0,47941.0
2010-11-23,721994.0,54093.0
2010-11-24,702763.0,36414.0
2010-11-25,705237.0,56431.0
2010-11-26,690324.0,35523.0
2010-11-29,719958.0,55508.0
2010-11-30,735458.0,56460.0
2010-12-01,762291.0,66163.0
2010-12-02,773594.0,55983.0
2010-12-03,746124.0,43508.0
2010-12-06,767767.0,56266.0
2010-12-07,782026.0,55839.0
2010-12-08,794785.0,50376.0
2010-12-09,809541.0,67532.0
2010-12-10,783173.0,42345.0
2010-12-13,798892.0,49784.0
2010-12-14,791676.0,38667.0
2010-12-15,734389.0,35187.0
2010-12-16,742090.0,47210.0
2010-12-17,735620.0,44354.0
2010-12-20,729115.0,40688.0
2010-12-21,740798.0,41604.0
2010-12-22,760303.0,54626.0
2010-12-23,778767.0,60527.0
2010-12-24,751926.0,36573.0
2010-12-27,742663.0,39194.0
2010-12-28,749113.0,45260.0
2010-12-29,769585.0,81530.0
2010-12-30,784451.0,62074.0
2010-12-31,791829.0,54915.0
2011-01-03,812757.0,68033.0
2011-01-04,799457.0,58676.0
2011-01-05,757358.0,47713.0
2011-01-06,782006.0,75821.0
2011-01-07,748194.0,48143.0
2011-01-10,742629.0,47120.0
2011-01-11,766558.0,74195.0
2011-01-12,774164.0,52396.0
2011-01-13,784459.0,53214.0
2011-01-14,780249.0,41284.0
2011-01-17,761294.0,46737.0
2011-01-18,761117.0,52581.0
2011-01-19,778264.0,58553.0
2011-01-20,773965.0,40233.0
2011-01-21,756285.0,37112.0
2011-01-24,742211.0,30585.0
2011-01-25,740670.0,37504.0
2011-01-26,728999.0,37329.0
2011-01-27,711667.0,28327.0
2011-01-28,681746.0,26724.0
2011-02-08,686136.0,41732.0
2011-02-09,670725.0,35409.0
2011-02-10,658358.0,50566.0
2011-02-11,614533.0,53223.0
2011-02-14,636047.0,63204.0
2011-02-15,637720.0,57410.0
2011-02-16,631644.0,43344.0
2011-02-17,643724.0,53610.0
2011-02-18,648656.0,51578.0
2011-02-21,646440.0,40252.0
2011-02-22,610686.0,46059.0
2011-02-23,576272.0,46414.0
2011-02-24,599324.0,64861.0
2011-02-25,585126.0,63857.0
2011-03-01,587045.0,48258.0
2011-03-02,584996.0,43233.0
2011-03-03,601278.0,51926.0
2011-03-04,602586.0,44242.0
2011-03-07,603927.0,44270.0
2011-03-08,599200.0,39834.0
2011-03-09,602901.0,44631.0
2011-03-10,584750.0,39236.0
2011-03-11,560453.0,39097.0
2011-03-14,530212.0,50520.0
2011-03-15,467437.0,54855.0
2011-03-16,475351.0,66940.0
2011-03-17,462657.0,53067.0
2011-03-18,483147.0,60804.0
2011-03-21,488345.0,53263.0
2011-03-22,500169.0,48890.0
2011-03-23,499305.0,44688.0
2011-03-24,483702.0,40073.0
2011-03-25,469093.0,39669.0
2011-03-28,438752.0,34948.0
2011-03-29,404037.0,32364.0
2011-03-30,369297.0,32476.0
2011-03-31,324465.0,29582.0
2011-04-01,318141.0,23420.0
2011-04-06,304263.0,25533.0
2011-04-07,292765.0,29161.0
2011-04-08,284155.0,46225.0
2011-04-11,262141.0,32136.0
2011-04-12,249005.0,35444.0
2011-04-13,244011.0,36299.0
2011-04-14,246105.0,39922.0
2011-04-15,221150.0,40738.0
2011-04-18,196326.0,40831.0
2011-04-19,196622.0,38861.0
2011-04-20,212154.0,50267.0
2011-04-21,227675.0,49125.0
2011-04-22,242769.0,50100.0
2011-04-25,265393.0,49956.0
2011-04-26,276956.0,43616.0
2011-04-27,302216.0,50462.0
2011-04-28,317921.0,53014.0
2011-04-29,332136.0,67707.0
2011-05-03,315665.0,51116.0
2011-05-04,331391.0,57280.0
2011-05-05,351111.0,53908.0
2011-05-06,350302.0,43868.0
2011-05-09,365657.0,41546.0
2011-05-10,373328.0,36395.0
2011-05-11,384442.0,39696.0
2011-05-12,397168.0,49079.0
2011-05-13,399245.0,43891.0
2011-05-16,401010.0,37824.0
2011-05-17,408922.0,46574.0
2011-05-18,424305.0,47120.0
2011-05-19,442134.0,51284.0
2011-05-20,440520.0,54784.0
2011-05-23,429903.0,49880.0
2011-05-24,424405.0,51428.0
2011-05-25,435554.0,53546.0
2011-05-26,452079.0,49626.0
2011-05-27,455497.0,37956.0
2011-05-30,462452.0,36190.0
2011-05-31,466579.0,45588.0
2011-06-01,472341.0,43464.0
2011-06-02,475008.0,42383.0
2011-06-03,476447.0,34010.0
2011-06-07,470912.0,29248.0
2011-06-08,468683.0,26791.0
2011-06-09,469813.0,27775.0
2011-06-10,465779.0,36146.0
2011-06-13,447447.0,36218.0
2011-06-14,465278.0,49310.0
2011-06-15,480264.0,53501.0
2011-06-16,456964.0,36206.0
2011-06-17,468795.0,56827.0
2011-06-20,467688.0,64289.0
2011-06-21,450653.0,60080.0
2011-06-22,468809.0,60253.0
2011-06-23,472709.0,50117.0
2011-06-24,475254.0,50309.0
2011-06-27,444881.0,36834.0
2011-06-28,446815.0,41426.0
2011-06-29,454593.0,51895.0
2011-06-30,449517.0,45491.0
2011-07-01,444271.0,45215.0
2011-07-04,443169.0,38683.0
2011-07-05,445801.0,43084.0
2011-07-06,445284.0,45672.0
2011-07-07,448858.0,43500.0
2011-07-08,443755.0,41569.0
2011-07-11,434741.0,38524.0
2011-07-12,410109.0,42802.0
2011-07-13,416343.0,59621.0
2011-07-14,427179.0,64265.0
2011-07-15,440062.0,64205.0
2011-07-18,449274.0,47027.0
2011-07-19,452688.0,46072.0
2011-07-20,455700.0,54861.0
2011-07-21,457557.0,46655.0
2011-07-22,460651.0,48162.0
2011-07-25,458898.0,44198.0
2011-07-26,452555.0,51011.0
2011-07-27,445762.0,45347.0
2011-07-28,463665.0,65350.0
2011-07-29,461684.0,60885.0
2011-08-01,474768.0,55467.0
2011-08-02,484630.0,57273.0
2011-08-03,470790.0,60759.0
2011-08-04,472880.0,65768.0
2011-08-05,431482.0,54550.0
2011-08-08,404177.0,72429.0
2011-08-09,361825.0,77370.0
2011-08-10,404961.0,108668.0
2011-08-11,401310.0,74985.0
2011-08-12,443036.0,81131.0
2011-08-15,470828.0,63891.0
2011-08-16,496649.0,60266.0
2011-08-17,508865.0,68550.0
2011-08-18,519259.0,83997.0
2011-08-19,508509.0,85213.0
2011-08-22,497898.0,100463.0
2011-08-23,495714.0,87133.0
2011-08-24,551822.0,103484.0
2011-08-25,593268.0,124496.0
2011-08-26,573918.0,93297.0
2011-08-29,602381.0,81576.0
2011-08-30,631473.0,91851.0
2011-08-31,632366.0,78270.0
2011-09-01,670136.0,98612.0
2011-09-02,667516.0,67989.0
2011-09-05,680048.0,86511.0
2011-09-06,662211.0,95015.0
2011-09-07,670135.0,86598.0
2011-09-08,712868.0,91098.0
2011-09-09,730805.0,79682.0
2011-09-13,723195.0,77791.0
2011-09-14,740369.0,112575.0
2011-09-15,748073.0,96447.0
2011-09-16,738476.0,80553.0
2011-09-19,742427.0,61129.0
2011-09-20,744767.0,69532.0
2011-09-21,756154.0,68444.0
2011-09-22,742567.0,82207.0
2011-09-23,688127.0,76675.0
2011-09-26,672252.0,83370.0
2011-09-27,698914.0,108936.0
2011-09-28,737579.0,93879.0
2011-09-29,745744.0,83374.0
2011-09-30,777885.0,77557.0
2011-10-03,728281.0,88396.0
2011-10-04,683647.0,77540.0
2011-10-05,693272.0,71188.0
2011-10-06,711672.0,76326.0
2011-10-07,711693.0,78387.0
2011-10-11,719628.0,66652.0
2011-10-12,725904.0,62346.0
2011-10-13,748112.0,67582.0
2011-10-14,753293.0,53244.0
2011-10-17,771941.0,58230.0
2011-10-18,769263.0,56393.0
2011-10-19,770896.0,57261.0
2011-10-20,753559.0,63653.0
2011-10-21,748714.0,60768.0
2011-10-24,768188.0,69626.0
2011-10-25,780459.0,58366.0
2011-10-26,782026.0,56275.0
2011-10-27,787422.0,62968.0
2011-10-28,808967.0,77057.0
2011-10-31,807064.0,54797.0
2011-11-01,815977.0,68547.0
2011-11-02,791573.0,59019.0
2011-11-03,796056.0,67169.0
2011-11-04,786993.0,74108.0
2011-11-07,798660.0,64459.0
2011-11-08,795149.0,42745.0
2011-11-09,796527.0,50812.0
2011-11-10,726749.0,65017.0
2011-11-11,740874.0,88294.0
2011-11-14,753508.0,63706.0
2011-11-15,765482.0,52033.0
2011-11-16,769214.0,65241.0
2011-11-17,768624.0,65196.0
2011-11-18,751588.0,56515.0
2011-11-21,720855.0,67127.0
2011-11-22,688948.0,63152.0
2011-11-23,671825.0,88777.0
2011-11-24,652953.0,87601.0
2011-11-25,659515.0,79619.0
2011-11-28,686991.0,70728.0
2011-11-29,714070.0,67243.0
2011-11-30,755026.0,94272.0
2011-12-01,735330.0,84806.0
2011-12-02,749540.0,65009.0
2011-12-05,749465.0,46917.0
2011-12-06,749033.0,63105.0
2011-12-07,774147.0,77613.0
2011-12-08,763633.0,68816.0
2011-12-09,754942.0,79118.0
2011-12-12,795126.0,79139.0
2011-12-13,794128.0,72322.0
2011-12-14,811709.0,84731.0
2011-12-15,805700.0,71910.0
2011-12-16,816580.0,75604.0
2011-12-19,800796.0,72400.0
2011-12-20,822757.0,82846.0
2011-12-21,781154.0,65995.0
2011-12-22,797292.0,63339.0
2011-12-23,795292.0,71832.0
2011-12-26,793370.0,44560.0
2011-12-27,805888.0,46851.0
2011-12-28,814358.0,47367.0
2011-12-29,792223.0,45857.0
2011-12-30,799123.0,43914.0
2012-01-02,789742.0,41480.0
2012-01-03,822671.0,70490.0
2012-01-04,841926.0,57565.0
2012-01-05,857470.0,61071.0
2012-01-06,843590.0,41262.0
2012-01-09,829480.0,37185.0
2012-01-10,841722.0,55589.0
2012-01-11,848013.0,43591.0
2012-01-12,834135.0,32147.0
2012-01-13,806632.0,35353.0
2012-01-16,829715.0,63657.0
2012-01-17,831680.0,65562.0
2012-01-18,800205.0,39205.0
2012-01-30,825487.0,65029.0
2012-01-31,831679.0,72840.0
2012-02-01,845602.0,75598.0
2012-02-02,852274.0,79572.0
2012-02-03,864204.0,80081.0
2012-02-04,859070.0,66225.0
2012-02-06,854038.0,63532.0
2012-02-07,860930.0,57586.0
2012-02-08,864623.0,72377.0
2012-02-09,854739.0,56470.0
2012-02-10,852628.0,56610.0
2012-02-13,848635.0,58046.0
2012-02-14,794307.0,40617.0
2012-02-15,804820.0,64985.0
2012-02-16,771297.0,53371.0
2012-02-17,746604.0,48774.0
2012-02-20,759077.0,54677.0
2012-02-21,755757.0,48359.0
2012-02-22,765111.0,62383.0
2012-02-23,753029.0,38538.0
2012-02-24,743135.0,39035.0
2012-02-29,742212.0,40105.0
2012-03-01,724907.0,39658.0
2012-03-02,727456.0,46700.0
2012-03-03,720236.0,38681.0
2012-03-05,700697.0,36160.0
2012-03-06,653744.0,43873.0
2012-03-07,667930.0,60293.0
2012-03-08,688874.0,66902.0
2012-03-09,712613.0,63182.0
2012-03-12,703382.0,34730.0
2012-03-13,703164.0,45882.0
2012-03-14,695304.0,59288.0
2012-03-15,698702.0,49653.0
2012-03-16,693855.0,46336.0
2012-03-19,674447.0,36591.0
2012-03-20,658526.0,37889.0
2012-03-21,647796.0,43360.0
2012-03-22,642325.0,47476.0
2012-03-23,632471.0,40117.0
2012-03-26,608631.0,38717.0
2012-03-27,595577.0,44158.0
2012-03-28,583865.0,44078.0
2012-03-29,489939.0,35008.0
2012-03-30,470704.0,54848.0
2012-04-02,458876.0,34905.0
2012-04-03,412359.0,50178.0
2012-04-05,362798.0,40287.0
2012-04-06,356079.0,59520.0
2012-04-09,333146.0,36225.0
2012-04-10,339085.0,38957.0
2012-04-11,309759.0,35681.0
2012-04-12,263607.0,41668.0
2012-04-13,254199.0,55942.0
2012-04-16,228315.0,28305.0
2012-04-17,220370.0,37658.0
2012-04-18,234184.0,54072.0
2012-04-19,237065.0,53589.0
2012-04-20,339351.0,160682.0
2012-04-23,387426.0,93807.0
2012-04-24,435438.0,86079.0
2012-04-25,488093.0,80167.0
2012-04-26,520746.0,66385.0
2012-04-27,549926.0,79938.0
2012-04-30,549466.0,61194.0
2012-05-02,553367.0,83405.0
2012-05-03,572747.0,50381.0
2012-05-04,601556.0,65464.0
2012-05-07,593601.0,43996.0
2012-05-08,626451.0,60082.0
2012-05-09,627640.0,49375.0
2012-05-10,644870.0,57281.0
2012-05-11,626869.0,41106.0
2012-05-14,626126.0,42100.0
2012-05-15,618912.0,50597.0
2012-05-16,636507.0,60191.0
2012-05-17,651974.0,68938.0
2012-05-18,639212.0,50183.0
2012-05-21,661425.0,60066.0
2012-05-22,677381.0,57796.0
2012-05-23,679083.0,50768.0
2012-05-24,700591.0,63067.0
2012-05-25,701543.0,50671.0
2012-05-28,695623.0,46145.0
2012-05-29,689264.0,59006.0
2012-05-30,696781.0,42635.0
2012-05-31,715368.0,62420.0
2012-06-01,725258.0,65645.0
2012-06-04,730468.0,71857.0
2012-06-05,781399.0,91324.0
2012-06-06,615777.0,86066.0
2012-06-07,610256.0,54845.0
2012-06-08,607297.0,44804.0
2012-06-11,606567.0,40895.0
2012-06-12,602715.0,30534.0
2012-06-13,615483.0,39516.0
2012-06-14,610190.0,28440.0
2012-06-15,527033.0,41716.0
2012-06-18,512370.0,38113.0
2012-06-19,510778.0,26853.0
2012-06-20,521995.0,41671.0
2012-06-21,520134.0,41735.0
2012-06-22,512099.0,36713.0
2012-06-25,506894.0,27012.0
2012-06-26,501094.0,35131.0
2012-06-27,503773.0,38555.0
2012-06-28,505981.0,33365.0
2012-06-29,509978.0,42477.0
2012-07-02,462775.0,27639.0
2012-07-03,454123.0,30824.0
2012-07-04,448234.0,36298.0
2012-07-05,457035.0,37488.0
2012-07-06,429326.0,24373.0
2012-07-09,419423.0,25312.0
2012-07-10,416610.0,37536.0
2012-07-11,416166.0,39531.0
2012-07-12,375862.0,33137.0
2012-07-13,361972.0,31693.0
2012-07-16,365560.0,45601.0
2012-07-17,369880.0,56423.0
2012-07-18,379681.0,42661.0
2012-07-19,400623.0,58526.0
2012-07-20,408984.0,39750.0
2012-07-23,397181.0,38802.0
2012-07-24,392198.0,46386.0
2012-07-25,406630.0,54855.0
2012-07-26,432661.0,58407.0
2012-07-27,450968.0,57176.0
2012-07-30,469056.0,49930.0
2012-07-31,469234.0,53577.0
2012-08-01,465929.0,43813.0
2012-08-03,494079.0,79017.0
2012-08-06,504727.0,63092.0
2012-08-07,516039.0,52402.0
2012-08-08,540739.0,69383.0
2012-08-09,549257.0,62938.0
2012-08-10,554677.0,47608.0
2012-08-13,560430.0,40492.0
2012-08-14,568419.0,39882.0
2012-08-15,575170.0,39992.0
2012-08-16,593036.0,50609.0
2012-08-17,600860.0,38188.0
2012-08-20,603818.0,38135.0
2012-08-21,620313.0,48062.0
2012-08-22,631281.0,45826.0
2012-08-23,630013.0,43300.0
2012-08-24,623749.0,39833.0
2012-08-27,623107.0,39477.0
2012-08-28,609473.0,46657.0
2012-08-29,628590.0,57253.0
2012-08-30,628991.0,44387.0
2012-08-31,619287.0,35833.0
2012-09-03,622628.0,48642.0
2012-09-04,628028.0,40669.0
2012-09-05,632032.0,47160.0
2012-09-06,635860.0,45213.0
2012-09-07,657103.0,58374.0
2012-09-10,667245.0,49209.0
2012-09-11,662453.0,33181.0
2012-09-12,686119.0,60880.0
2012-09-13,687768.0,47019.0
2012-09-14,703416.0,63298.0
2012-09-17,706950.0,47251.0
2012-09-18,711933.0,43148.0
2012-09-19,729922.0,52483.0
2012-09-20,729676.0,55383.0
2012-09-21,749270.0,51231.0
2012-09-24,752886.0,43312.0
2012-09-25,743401.0,30456.0
2012-09-26,725154.0,45971.0
2012-09-27,714144.0,46995.0
2012-09-28,669638.0,44151.0
2012-10-01,661239.0,34539.0
2012-10-02,672701.0,45874.0
2012-10-03,677877.0,35643.0
2012-10-04,676228.0,41728.0
2012-10-05,685050.0,41860.0
2012-10-08,673987.0,38668.0
2012-10-09,664264.0,42439.0
2012-10-11,648586.0,51795.0
2012-10-12,651501.0,52035.0
2012-10-15,642812.0,42854.0
2012-10-16,649242.0,58638.0
2012-10-17,667349.0,57595.0
2012-10-18,675443.0,46887.0
2012-10-19,682796.0,50720.0
2012-10-22,665812.0,37516.0
2012-10-23,675553.0,45889.0
2012-10-24,667727.0,40918.0
2012-10-25,669652.0,55703.0
2012-10-26,631922.0,69363.0
2012-10-29,646276.0,89895.0
2012-10-30,682630.0,97021.0
2012-10-31,706182.0,81653.0
2012-11-01,699520.0,89510.0
2012-11-02,758681.0,106981.0
2012-11-05,770954.0,57149.0
2012-11-06,783097.0,62298.0
2012-11-07,801177.0,63700.0
2012-11-08,805672.0,55661.0
2012-11-09,797721.0,58274.0
2012-11-12,815827.0,51332.0
2012-11-13,819373.0,65901.0
2012-11-14,846073.0,71172.0
2012-11-15,848543.0,49883.0
2012-11-16,853587.0,44285.0
2012-11-19,849137.0,39782.0
2012-11-20,869503.0,56963.0
2012-11-21,862914.0,54134.0
2012-11-22,883771.0,56076.0
2012-11-23,862865.0,70084.0
2012-11-26,876998.0,67743.0
2012-11-27,860255.0,41849.0
2012-11-28,865140.0,42835.0
2012-11-29,873439.0,48016.0
2012-11-30,895739.0,62395.0
2012-12-03,919399.0,60837.0
2012-12-04,936584.0,68278.0
2012-12-05,940582.0,55424.0
2012-12-06,933376.0,41176.0
2012-12-07,950513.0,53067.0
2012-12-10,948891.0,37947.0
2012-12-11,927261.0,47821.0
2012-12-12,960979.0,66271.0
2012-12-13,978326.0,73120.0
2012-12-14,968237.0,43056.0
2012-12-17,955196.0,43213.0
2012-12-18,962852.0,45388.0
2012-12-19,979107.0,53188.0
2012-12-20,988181.0,51552.0
2012-12-21,959271.0,52038.0
2012-12-22,965458.0,40731.0
2012-12-24,950558.0,38958.0
2012-12-25,947592.0,55356.0
2012-12-26,949060.0,39034.0
2012-12-27,949132.0,36273.0
2012-12-28,953254.0,39055.0
2013-01-02,973307.0,55519.0
2013-01-03,989822.0,55635.0
2013-01-04,1005438.0,56818.0
2013-01-07,998984.0,60160.0
2013-01-08,986481.0,47065.0
2013-01-09,996922.0,54699.0
2013-01-10,1020385.0,71066.0
2013-01-11,1026229.0,49851.0
2013-01-14,1037838.0,53517.0
2013-01-15,1034004.0,46164.0
2013-01-16,1014417.0,38110.0
2013-01-17,971162.0,45456.0
2013-01-18,904788.0,66490.0
2013-01-21,903372.0,44263.0
2013-01-22,895882.0,39332.0
2013-01-23,880486.0,37869.0
2013-01-24,892507.0,54091.0
2013-01-25,887639.0,35880.0
2013-01-28,893471.0,38739.0
2013-01-29,887561.0,43874.0
2013-01-30,887889.0,37291.0
2013-01-31,754187.0,31532.0
2013-02-01,733182.0,31543.0
2013-02-04,715550.0,32191.0
2013-02-05,691967.0,29363.0
2013-02-06,660036.0,22931.0
2013-02-18,677373.0,46545.0
2013-02-19,705673.0,61147.0
2013-02-20,719024.0,47183.0
2013-02-21,707831.0,35818.0
2013-02-22,702046.0,36980.0
2013-02-23,704558.0,34839.0
2013-02-25,710551.0,36205.0
2013-02-26,689526.0,28042.0
2013-02-27,696256.0,36165.0
2013-03-01,702628.0,40695.0
2013-03-04,682313.0,32147.0
2013-03-05,687134.0,44246.0
2013-03-06,699394.0,49103.0
2013-03-07,699721.0,49392.0
2013-03-08,707163.0,43539.0
2013-03-11,717362.0,58928.0
2013-03-12,711114.0,48724.0
2013-03-13,693984.0,39318.0
2013-03-14,673954.0,33602.0
2013-03-15,682584.0,66957.0
2013-03-18,659142.0,40372.0
2013-03-19,649163.0,43391.0
2013-03-20,637199.0,35359.0
2013-03-21,642987.0,41907.0
2013-03-22,642064.0,39782.0
2013-03-25,632202.0,40308.0
2013-03-26,615001.0,29213.0
2013-03-27,586087.0,31242.0
2013-03-28,568653.0,35498.0
2013-03-29,557435.0,36154.0
2013-04-01,518152.0,21246.0
2013-04-02,480785.0,29082.0
2013-04-03,434748.0,27878.0
2013-04-08,343471.0,19486.0
2013-04-09,324443.0,30680.0
2013-04-10,312289.0,30570.0
2013-04-11,291903.0,33924.0
2013-04-12,234931.0,32490.0
2013-04-15,222080.0,32262.0
2013-04-16,219579.0,29558.0
2013-04-17,231950.0,34326.0
2013-04-18,244018.0,46343.0
2013-04-19,235199.0,40962.0
2013-04-22,234439.0,32063.0
2013-04-23,247985.0,34023.0
2013-04-24,275831.0,48436.0
2013-04-25,289029.0,38357.0
2013-04-26,305058.0,43271.0
2013-04-29,322736.0,39387.0
2013-04-30,343670.0,45133.0
2013-05-02,353551.0,33281.0
2013-05-03,390186.0,59978.0
2013-05-06,401300.0,36625.0
2013-05-07,411286.0,35935.0
2013-05-08,428180.0,47705.0
2013-05-09,431985.0,37723.0
2013-05-10,441019.0,39968.0
2013-05-13,445458.0,39230.0
2013-05-14,459886.0,45553.0
2013-05-15,469593.0,46202.0
2013-05-16,483649.0,60531.0
2013-05-17,481536.0,35784.0
2013-05-20,491308.0,33007.0
2013-05-21,494048.0,37894.0
2013-05-22,515087.0,50701.0
2013-05-23,475903.0,32920.0
2013-05-24,469168.0,34536.0
2013-05-27,487691.0,40248.0
2013-05-28,503080.0,37767.0
2013-05-29,516435.0,44413.0
2013-05-30,505209.0,32496.0
2013-05-31,490702.0,39272.0
2013-06-03,499373.0,43303.0
2013-06-04,502258.0,36692.0
2013-06-05,501066.0,39581.0
2013-06-06,494176.0,41915.0
2013-06-07,477218.0,40558.0
2013-06-10,488305.0,43822.0
2013-06-11,485933.0,31715.0
2013-06-13,462330.0,33105.0
2013-06-14,448505.0,37765.0
2013-06-17,451648.0,43617.0
2013-06-18,450694.0,38301.0
2013-06-19,461083.0,45699.0
2013-06-20,464307.0,61174.0
2013-06-21,410771.0,38923.0
2013-06-24,407535.0,40124.0
2013-06-25,376377.0,45045.0
2013-06-26,402297.0,63199.0
2013-06-27,416555.0,59053.0
2013-06-28,418706.0,43724.0
2013-07-01,417497.0,50326.0
2013-07-02,405271.0,33234.0
2013-07-03,422837.0,64712.0
2013-07-04,432266.0,53925.0
2013-07-05,445139.0,56852.0
2013-07-08,450488.0,49138.0
2013-07-09,464548.0,53249.0
2013-07-10,451515.0,42040.0
2013-07-11,450012.0,46140.0
2013-07-12,450725.0,38879.0
2013-07-15,440385.0,31636.0
2013-07-16,436930.0,36904.0
2013-07-17,436754.0,51391.0
2013-07-18,464584.0,79515.0
2013-07-19,425957.0,52393.0
2013-07-22,432973.0,44715.0
2013-07-23,441472.0,49193.0
2013-07-24,451985.0,45153.0
2013-07-25,454883.0,42152.0
2013-07-26,451929.0,33873.0
2013-07-29,439528.0,26561.0
2013-07-30,455338.0,43986.0
2013-07-31,460277.0,47363.0
2013-08-01,460306.0,52078.0
2013-08-02,472841.0,62610.0
2013-08-05,467039.0,47390.0
2013-08-06,467861.0,46744.0
2013-08-07,464169.0,46971.0
2013-08-08,481201.0,60368.0
2013-08-09,480336.0,47583.0
2013-08-12,489977.0,43166.0
2013-08-13,503307.0,48040.0
2013-08-14,496219.0,38888.0
2013-08-15,500462.0,43149.0
2013-08-16,508478.0,40095.0
2013-08-19,512657.0,36942.0
2013-08-20,501347.0,39995.0
2013-08-22,500237.0,50294.0
2013-08-23,516584.0,46035.0
2013-08-26,520953.0,34330.0
2013-08-27,515158.0,35948.0
2013-08-28,483373.0,38374.0
2013-08-29,496571.0,48573.0
2013-08-30,503063.0,41225.0
2013-09-02,488464.0,34681.0
2013-09-03,499725.0,40867.0
2013-09-04,511633.0,48584.0
2013-09-05,527311.0,52067.0
2013-09-06,523330.0,38259.0
2013-09-09,517582.0,30183.0
2013-09-10,516066.0,37366.0
2013-09-11,521054.0,46363.0
2013-09-12,523739.0,45121.0
2013-09-13,526256.0,33381.0
2013-09-14,520487.0,23618.0
2013-09-16,529563.0,39651.0
2013-09-17,534000.0,32019.0
2013-09-18,537425.0,34912.0
2013-09-23,555226.0,47487.0
2013-09-24,568355.0,47756.0
2013-09-25,583747.0,51478.0
2013-09-26,580103.0,43628.0
2013-09-27,598215.0,57536.0
2013-09-30,604596.0,52411.0
2013-10-01,618916.0,53623.0
2013-10-02,627250.0,71093.0
2013-10-03,625452.0,62653.0
2013-10-04,632673.0,55014.0
2013-10-07,653158.0,72875.0
2013-10-08,633881.0,43724.0
2013-10-09,617977.0,44725.0
2013-10-11,613349.0,52885.0
2013-10-14,615141.0,73549.0
2013-10-15,635109.0,71063.0
2013-10-16,651604.0,64506.0
2013-10-17,672155.0,67435.0
2013-10-18,677869.0,54092.0
2013-10-21,670149.0,47165.0
2013-10-22,659443.0,41912.0
2013-10-23,668388.0,52243.0
2013-10-24,673502.0,49786.0
2013-10-25,667159.0,44487.0
2013-10-28,664812.0,45380.0
2013-10-29,674350.0,48332.0
2013-10-30,686836.0,54150.0
2013-10-31,685569.0,51010.0
2013-11-01,692955.0,67555.0
2013-11-04,692199.0,68957.0
2013-11-05,681978.0,64321.0
2013-11-06,709357.0,100094.0
2013-11-07,712346.0,77342.0
2013-11-08,705801.0,70788.0
2013-11-11,705952.0,80351.0
2013-11-12,705464.0,89062.0
2013-11-13,694041.0,70501.0
2013-11-14,706266.0,89466.0
2013-11-15,715912.0,74923.0
2013-11-18,722414.0,72583.0
2013-11-19,716956.0,62030.0
2013-11-20,719189.0,58014.0
2013-11-21,708757.0,57522.0
2013-11-22,719867.0,61801.0
2013-11-25,723974.0,57559.0
2013-11-26,724715.0,69999.0
2013-11-27,733843.0,58298.0
2013-11-28,746565.0,58778.0
2013-11-29,750118.0,43886.0
2013-12-02,751642.0,39641.0
2013-12-03,757854.0,46124.0
2013-12-04,764874.0,51344.0
2013-12-05,764887.0,45431.0
2013-12-06,769224.0,44719.0
2013-12-09,761294.0,42372.0
2013-12-10,764732.0,47911.0
2013-12-11,771235.0,56639.0
2013-12-12,773490.0,48825.0
2013-12-13,770996.0,41437.0
2013-12-16,767562.0,40896.0
2013-12-17,770789.0,42637.0
2013-12-18,767701.0,36135.0
2013-12-19,759486.0,40294.0
2013-12-20,760147.0,37815.0
2013-12-23,755458.0,36246.0
2013-12-24,759831.0,37495.0
2013-12-25,758840.0,30560.0
2013-12-26,754307.0,32126.0
2013-12-27,753591.0,34236.0
2013-12-30,763841.0,45194.0
2013-12-31,770095.0,41596.0
2014-01-02,781766.0,52388.0
2014-01-03,783723.0,46851.0
2014-01-06,778615.0,45332.0
2014-01-07,787421.0,51253.0
2014-01-08,787460.0,46933.0
2014-01-09,781473.0,48312.0
2014-01-10,787183.0,39627.0
2014-01-13,780332.0,42072.0
2014-01-14,771234.0,41437.0
2014-01-15,786727.0,49060.0
2014-01-16,777337.0,42437.0
2014-01-17,726120.0,42107.0
2014-01-20,727593.0,42149.0
2014-01-21,718998.0,35501.0
2014-01-22,716952.0,31741.0
2014-01-23,717423.0,32966.0
2014-01-24,696047.0,28180.0
2014-01-27,649461.0,32875.0
2014-02-05,639034.0,49590.0
2014-02-06,661054.0,55085.0
2014-02-07,678032.0,48171.0
2014-02-10,686437.0,45926.0
2014-02-11,675288.0,38030.0
2014-02-12,669108.0,48621.0
2014-02-13,668175.0,40422.0
2014-02-14,668255.0,41962.0
2014-02-17,670201.0,50447.0
2014-02-18,667465.0,45723.0
2014-02-19,676783.0,51940.0
2014-02-20,672033.0,42274.0
2014-02-21,678910.0,45038.0
2014-02-24,681424.0,46088.0
2014-02-25,685005.0,44414.0
2014-02-26,684982.0,44867.0
2014-02-27,681357.0,37431.0
2014-03-03,665296.0,42018.0
2014-03-04,658093.0,38458.0
2014-03-05,659987.0,43749.0
2014-03-06,658193.0,42284.0
2014-03-07,632675.0,37708.0
2014-03-10,627332.0,43392.0
2014-03-11,624172.0,38050.0
2014-03-12,615154.0,44985.0
2014-03-13,614303.0,41678.0
2014-03-14,604794.0,36395.0
2014-03-17,596956.0,36974.0
2014-03-18,597337.0,44477.0
2014-03-19,578062.0,36962.0
2014-03-20,547152.0,38700.0
2014-03-21,532465.0,53064.0
2014-03-24,503042.0,40830.0
2014-03-25,515321.0,45474.0
2014-03-26,516822.0,39057.0
2014-03-27,509041.0,36754.0
2014-03-28,480829.0,31758.0
2014-03-31,473292.0,32585.0
2014-04-01,449733.0,26578.0
2014-04-02,419654.0,26644.0
2014-04-03,390981.0,43161.0
2014-04-07,374658.0,34550.0
2014-04-08,352491.0,25626.0
2014-04-09,349905.0,37674.0
2014-04-10,297595.0,35764.0
2014-04-11,248574.0,41291.0
2014-04-14,238122.0,39568.0
2014-04-15,243747.0,40994.0
2014-04-16,258440.0,48575.0
2014-04-17,249896.0,48364.0
2014-04-18,239808.0,43457.0
2014-04-21,260000.0,52169.0
2014-04-22,277372.0,46999.0
2014-04-23,289624.0,44549.0
2014-04-24,311246.0,55251.0
2014-04-25,303576.0,69187.0
2014-04-28,313685.0,66553.0
2014-04-29,349588.0,66223.0
2014-04-30,367313.0,66067.0
2014-05-02,384633.0,57572.0
2014-05-05,383771.0,39326.0
2014-05-06,399213.0,55529.0
2014-05-07,402760.0,45616.0
2014-05-08,413896.0,47618.0
2014-05-09,412857.0,44965.0
2014-05-12,406501.0,51737.0
2014-05-13,413961.0,61774.0
2014-05-14,408197.0,62760.0
2014-05-15,413427.0,48753.0
2014-05-16,417182.0,50212.0
2014-05-19,422095.0,35981.0
2014-05-20,425590.0,32302.0
2014-05-21,425660.0,36893.0
2014-05-22,425783.0,40639.0
2014-05-23,424191.0,35125.0
2014-05-26,466083.0,72685.0
2014-05-27,460532.0,38095.0
2014-05-28,463211.0,31178.0
2014-05-29,469314.0,34192.0
2014-05-30,468135.0,36955.0
2014-06-03,463051.0,32751.0
2014-06-04,476287.0,43600.0
2014-06-05,486418.0,48043.0
2014-06-06,457349.0,40944.0
2014-06-09,444468.0,45747.0
2014-06-10,441614.0,33052.0
2014-06-11,455827.0,43814.0
2014-06-12,455918.0,38167.0
2014-06-13,455324.0,32337.0
2014-06-16,453659.0,33537.0
2014-06-17,450430.0,31409.0
2014-06-18,443323.0,33925.0
2014-06-19,448633.0,31338.0
2014-06-20,441950.0,28947.0
2014-06-23,416129.0,36829.0
2014-06-24,397862.0,33063.0
2014-06-25,399729.0,32843.0
2014-06-26,391717.0,35165.0
2014-06-27,382418.0,25849.0
2014-06-30,390741.0,41754.0
2014-07-01,394242.0,40014.0
2014-07-02,398870.0,50701.0
2014-07-03,407641.0,44758.0
2014-07-04,396184.0,33694.0
2014-07-07,393122.0,44222.0
2014-07-08,388755.0,43729.0
2014-07-09,367051.0,31879.0
2014-07-10,367472.0,43956.0
2014-07-11,350844.0,49928.0
2014-07-14,356171.0,42774.0
2014-07-15,365121.0,37598.0
2014-07-16,371596.0,49494.0
2014-07-17,368297.0,40964.0
2014-07-18,361085.0,41490.0
2014-07-21,367878.0,32932.0
2014-07-22,376790.0,41509.0
2014-07-24,396378.0,49619.0
2014-07-25,395392.0,43064.0
2014-07-28,397305.0,49623.0
2014-07-29,395947.0,72443.0
2014-07-30,405458.0,63065.0
2014-07-31,412714.0,53506.0
2014-08-01,400141.0,54072.0
2014-08-04,413821.0,50077.0
2014-08-05,408032.0,44756.0
2014-08-06,405508.0,66354.0
2014-08-07,432574.0,72361.0
2014-08-08,423553.0,65719.0
2014-08-11,441259.0,61480.0
2014-08-12,462140.0,60769.0
2014-08-13,483494.0,65183.0
2014-08-14,504381.0,65254.0
2014-08-15,477745.0,59070.0
2014-08-18,473128.0,65279.0
2014-08-19,473325.0,56971.0
2014-08-20,495960.0,66750.0
2014-08-21,498887.0,73078.0
2014-08-22,502274.0,60527.0
2014-08-25,504698.0,43132.0
2014-08-26,510604.0,42580.0
2014-08-27,518979.0,54651.0
2014-08-28,529908.0,47461.0
2014-08-29,543350.0,51302.0
2014-09-01,550545.0,41243.0
2014-09-02,544492.0,48917.0
2014-09-03,548837.0,53562.0
2014-09-04,562130.0,47286.0
2014-09-05,568898.0,48332.0
2014-09-09,580985.0,49276.0
2014-09-10,580813.0,54904.0
2014-09-11,590683.0,54191.0
2014-09-12,582402.0,60337.0
2014-09-15,593837.0,68312.0
2014-09-16,589831.0,65028.0
2014-09-17,611308.0,67886.0
2014-09-18,621493.0,51967.0
2014-09-19,628840.0,45435.0
2014-09-22,628162.0,54761.0
2014-09-23,628699.0,58325.0
2014-09-24,648970.0,65691.0
2014-09-25,648673.0,63645.0
2014-09-26,615867.0,54169.0
2014-09-29,598533.0,39218.0
2014-09-30,614751.0,79114.0
2014-10-01,604752.0,44357.0
2014-10-02,618244.0,63540.0
2014-10-03,629564.0,55681.0
2014-10-06,624691.0,38640.0
2014-10-07,629470.0,45997.0
2014-10-08,638897.0,59548.0
2014-10-09,633175.0,59923.0
2014-10-13,600163.0,80588.0
2014-10-14,594459.0,63327.0
2014-10-15,617138.0,93639.0
2014-10-16,542054.0,72153.0
2014-10-17,562722.0,83219.0
2014-10-20,572475.0,70991.0
2014-10-21,591323.0,63350.0
2014-10-22,606129.0,67293.0
2014-10-23,624888.0,73526.0
2014-10-24,630348.0,76333.0
2014-10-27,640055.0,94441.0
2014-10-28,635334.0,85224.0
2014-10-29,636186.0,75739.0
2014-10-30,640183.0,58788.0
2014-10-31,655479.0,55443.0
2014-11-03,657749.0,57536.0
2014-11-04,679603.0,59311.0
2014-11-05,695723.0,55050.0
2014-11-06,700768.0,67177.0
2014-11-07,714652.0,71372.0
2014-11-10,722309.0,48644.0
2014-11-11,689746.0,45844.0
2014-11-12,686596.0,50912.0
2014-11-13,691836.0,43273.0
2014-11-14,695439.0,49870.0
2014-11-17,684518.0,47970.0
2014-11-18,648593.0,74277.0
2014-11-19,668859.0,66667.0
2014-11-20,674799.0,67234.0
2014-11-21,675065.0,46492.0
2014-11-24,675433.0,34830.0
2014-11-25,683564.0,47473.0
2014-11-26,675244.0,31208.0
2014-11-27,672194.0,34646.0
2014-11-28,684330.0,43543.0
2014-12-01,680948.0,55423.0
2014-12-02,670682.0,44426.0
2014-12-03,677532.0,71702.0
2014-12-04,671240.0,42917.0
2014-12-05,673518.0,40780.0
2014-12-08,666894.0,38108.0
2014-12-09,658090.0,40854.0
2014-12-10,629996.0,38524.0
2014-12-11,637427.0,45673.0
2014-12-12,647589.0,36506.0
2014-12-15,642459.0,41433.0
2014-12-16,644010.0,36214.0
2014-12-17,633353.0,42697.0
2014-12-18,649164.0,49474.0
2014-12-19,653268.0,63062.0
2014-12-22,668550.0,60279.0
2014-12-23,681802.0,43397.0
2014-12-24,702360.0,61034.0
2014-12-25,704908.0,34398.0
2014-12-26,708823.0,36656.0
2014-12-27,706937.0,32623.0
2014-12-29,711478.0,38239.0
2014-12-30,704741.0,34678.0
2014-12-31,709842.0,36246.0
2015-01-05,714774.0,64075.0
2015-01-06,701735.0,53452.0
2015-01-07,717027.0,60520.0
2015-01-08,739908.0,65517.0
2015-01-09,749996.0,47392.0
2015-01-12,743122.0,39644.0
2015-01-13,750808.0,47042.0
2015-01-14,753397.0,41823.0
2015-01-15,741006.0,34911.0
2015-01-16,717804.0,45794.0
2015-01-19,715646.0,50614.0
2015-01-20,711858.0,47312.0
2015-01-21,712902.0,51359.0
2015-01-22,721673.0,50526.0
2015-01-23,723994.0,40940.0
2015-01-26,729061.0,43347.0
2015-01-27,738919.0,40752.0
2015-01-28,733284.0,29997.0
2015-01-29,726551.0,40634.0
2015-01-30,715140.0,41877.0
2015-02-02,698004.0,35911.0
2015-02-03,707038.0,40830.0
2015-02-04,709689.0,36878.0
2015-02-05,711169.0,33069.0
2015-02-06,676567.0,28042.0
2015-02-09,674402.0,35737.0
2015-02-10,664171.0,32574.0
2015-02-11,635608.0,31831.0
2015-02-12,621445.0,25064.0
2015-02-13,604229.0,20721.0
2015-02-24,612024.0,34593.0
2015-02-25,619379.0,37220.0
2015-02-26,614578.0,29690.0
2015-03-02,607965.0,33662.0
2015-03-03,608884.0,35214.0
2015-03-04,605838.0,31860.0
2015-03-05,593894.0,32246.0
2015-03-06,579286.0,34451.0
2015-03-09,568735.0,30891.0
2015-03-10,564119.0,33177.0
2015-03-11,554515.0,40005.0
2015-03-12,562859.0,43791.0
2015-03-13,552963.0,30935.0
2015-03-16,546444.0,28499.0
2015-03-17,540279.0,34551.0
2015-03-18,546489.0,44284.0
2015-03-19,533937.0,36822.0
2015-03-20,490946.0,25818.0
2015-03-23,470259.0,26533.0
2015-03-24,450263.0,25836.0
2015-03-25,410981.0,24742.0
2015-03-26,359137.0,27354.0
2015-03-27,323337.0,27840.0
2015-03-30,304874.0,29172.0
2015-03-31,281572.0,28017.0
2015-04-01,259263.0,39272.0
2015-04-02,237906.0,24995.0
2015-04-07,229263.0,25577.0
2015-04-08,219200.0,26750.0
2015-04-09,218554.0,48804.0
2015-04-10,205630.0,40824.0
2015-04-13,213729.0,37331.0
2015-04-14,217800.0,29950.0
2015-04-15,218600.0,33167.0
2015-04-16,236509.0,46889.0
2015-04-17,231041.0,44098.0
2015-04-20,236595.0,42622.0
2015-04-21,255080.0,52775.0
2015-04-22,273326.0,53680.0
2015-04-23,296589.0,63928.0
2015-04-24,321373.0,56257.0
2015-04-27,340148.0,46018.0
2015-04-28,351764.0,40592.0
2015-04-29,376525.0,67464.0
2015-04-30,388980.0,52605.0
2015-05-04,394898.0,44373.0
2015-05-05,409436.0,55062.0
2015-05-06,415116.0,53010.0
2015-05-07,413237.0,44413.0
2015-05-08,432955.0,60147.0
2015-05-11,441690.0,70200.0
2015-05-12,442034.0,57767.0
2015-05-13,456543.0,56313.0
2015-05-14,465875.0,48642.0
2015-05-15,450307.0,53884.0
2015-05-18,456061.0,68345.0
2015-05-19,458732.0,54951.0
2015-05-20,471032.0,46650.0
2015-05-21,472260.0,41164.0
2015-05-22,471309.0,40256.0
2015-05-25,469762.0,33146.0
2015-05-26,474672.0,35611.0
2015-05-27,484214.0,44478.0
2015-05-28,484735.0,39115.0
2015-05-29,477080.0,30429.0
2015-06-01,471167.0,34335.0
2015-06-02,477210.0,35943.0
2015-06-03,488542.0,49854.0
2015-06-04,462315.0,61154.0
2015-06-05,446499.0,58983.0
2015-06-08,456829.0,61697.0
2015-06-09,454199.0,72145.0
2015-06-10,462896.0,67444.0
2015-06-11,464260.0,53935.0
2015-06-12,472346.0,55716.0
2015-06-15,473554.0,46255.0
2015-06-16,466999.0,53495.0
2015-06-17,458129.0,41501.0
2015-06-18,452538.0,39866.0
2015-06-22,449838.0,39652.0
2015-06-23,445924.0,36208.0
2015-06-24,454905.0,45832.0
2015-06-25,445909.0,38280.0
2015-06-26,426933.0,30906.0
2015-06-29,398469.0,38563.0
2015-06-30,391725.0,37907.0
2015-07-01,378867.0,29710.0
2015-07-02,377247.0,31384.0
2015-07-03,365250.0,31458.0
2015-07-06,367644.0,38460.0
2015-07-07,372381.0,44144.0
2015-07-08,358260.0,67467.0
2015-07-09,341054.0,64018.0
2015-07-13,359246.0,55493.0
2015-07-14,383288.0,59986.0
2015-07-15,401164.0,51832.0
2015-07-16,418170.0,53574.0
2015-07-17,417839.0,43212.0
2015-07-20,423825.0,55671.0
2015-07-21,425499.0,64063.0
2015-07-22,427261.0,54982.0
2015-07-23,418200.0,68795.0
2015-07-24,435675.0,68985.0
2015-07-27,420259.0,72880.0
2015-07-28,417477.0,81541.0
2015-07-29,437636.0,74780.0
2015-07-30,451556.0,65597.0
2015-07-31,483112.0,78351.0
2015-08-03,483826.0,77361.0
2015-08-04,490699.0,93496.0
2015-08-05,493707.0,82338.0
2015-08-06,524529.0,92546.0
2015-08-07,537389.0,80504.0
2015-08-10,539009.0,64609.0
2015-08-11,560256.0,68381.0
2015-08-12,568662.0,74939.0
2015-08-13,577879.0,56960.0
2015-08-14,588848.0,52875.0
2015-08-17,589789.0,57547.0
2015-08-18,591158.0,55923.0
2015-08-19,573424.0,72489.0
2015-08-20,566468.0,60527.0
2015-08-21,566232.0,78118.0
2015-08-24,496260.0,27275.0
2015-08-25,505699.0,79468.0
2015-08-26,504651.0,51684.0
2015-08-27,539017.0,74075.0
2015-08-28,580765.0,77773.0
2015-08-31,600295.0,57973.0
2015-09-01,596226.0,44826.0
2015-09-02,602623.0,47285.0
2015-09-03,626676.0,61204.0
2015-09-04,613986.0,36746.0
2015-09-07,627140.0,41273.0
2015-09-08,632789.0,33858.0
2015-09-09,629486.0,47335.0
2015-09-10,625641.0,31116.0
2015-09-11,622367.0,28346.0
2015-09-14,625509.0,26314.0
2015-09-15,627127.0,28572.0
2015-09-16,646668.0,40765.0
2015-09-17,654998.0,37897.0
2015-09-18,657498.0,33931.0
2015-09-21,654535.0,42904.0
2015-09-22,643750.0,42960.0
2015-09-23,628495.0,41889.0
2015-09-24,639595.0,66577.0
2015-09-25,648921.0,59422.0
2015-09-30,643713.0,40839.0
2015-10-01,641917.0,38364.0
2015-10-02,646194.0,33328.0
2015-10-05,646480.0,34606.0
2015-10-06,640943.0,34815.0
2015-10-07,652358.0,41627.0
2015-10-08,648069.0,37907.0
2015-10-12,648243.0,35217.0
2015-10-13,646043.0,29158.0
2015-10-14,647888.0,31886.0
2015-10-15,639056.0,37953.0
2015-10-16,642721.0,44522.0
2015-10-19,641658.0,38490.0
2015-10-20,640457.0,35394.0
2015-10-21,633949.0,40985.0
2015-10-22,639965.0,35736.0
2015-10-23,637107.0,32650.0
2015-10-26,640885.0,33183.0
2015-10-27,647627.0,36823.0
2015-10-28,646441.0,34959.0
2015-10-29,647774.0,42134.0
2015-10-30,648890.0,49970.0
2015-11-02,676116.0,56366.0
2015-11-03,676064.0,36786.0
2015-11-04,682474.0,44555.0
2015-11-05,683711.0,36500.0
2015-11-06,669094.0,33430.0
2015-11-09,667080.0,42725.0
2015-11-10,667499.0,42342.0
2015-11-11,659879.0,50626.0
2015-11-12,657319.0,57643.0
2015-11-13,658378.0,49641.0
2015-11-16,648237.0,51552.0
2015-11-17,662147.0,48919.0
2015-11-18,673417.0,47650.0
2015-11-19,686841.0,47489.0
2015-11-20,688200.0,37059.0
2015-11-23,691865.0,36690.0
2015-11-24,689210.0,44374.0
2015-11-25,692258.0,50391.0
2015-11-26,693895.0,41381.0
2015-11-27,688235.0,36967.0
2015-11-30,670258.0,46989.0
2015-12-01,671218.0,47175.0
2015-12-02,671942.0,40161.0
2015-12-03,668990.0,35987.0
2015-12-04,666236.0,36182.0
2015-12-07,674804.0,37402.0
2015-12-08,656086.0,36903.0
2015-12-09,641393.0,56378.0
2015-12-10,652623.0,69426.0
2015-12-11,649010.0,57778.0
2015-12-14,640593.0,70038.0
2015-12-15,652569.0,53044.0
2015-12-16,661272.0,54359.0
2015-12-17,662237.0,51149.0
2015-12-18,661326.0,39683.0
2015-12-21,651348.0,43890.0
2015-12-22,645634.0,30321.0
2015-12-23,654663.0,46809.0
2015-12-24,652836.0,41205.0
2015-12-25,661775.0,41220.0
2015-12-28,652277.0,25344.0
2015-12-29,653495.0,36786.0
2015-12-30,659242.0,34570.0
2015-12-31,665843.0,34124.0
2016-01-04,653487.0,37271.0
2016-01-05,652099.0,46084.0
2016-01-06,645629.0,52346.0
2016-01-07,629081.0,68523.0
2016-01-08,626251.0,46461.0
2016-01-11,626731.0,50536.0
2016-01-12,630585.0,57894.0
2016-01-13,633173.0,55110.0
2016-01-14,619539.0,54006.0
2016-01-15,621958.0,49181.0
2016-01-18,607860.0,58019.0
2016-01-19,585962.0,32800.0
2016-01-20,597233.0,55678.0
2016-01-21,607170.0,52024.0
2016-01-22,613084.0,42337.0
2016-01-25,608264.0,31046.0
2016-01-26,605890.0,27288.0
2016-01-27,610561.0,32086.0
2016-01-28,606960.0,29624.0
2016-01-29,588706.0,32368.0
2016-01-30,586005.0,31630.0
2016-02-01,578665.0,24159.0
2016-02-02,578722.0,24585.0
2016-02-03,555777.0,19077.0
2016-02-15,561959.0,31080.0
2016-02-16,566677.0,30247.0
2016-02-17,570218.0,27916.0
2016-02-18,577149.0,30594.0
2016-02-19,577184.0,26798.0
2016-02-22,569616.0,22971.0
2016-02-23,565368.0,23024.0
2016-02-24,553288.0,23348.0
2016-02-25,554983.0,28955.0
2016-02-26,558658.0,32103.0
2016-03-01,562476.0,32435.0
2016-03-02,561860.0,31087.0
2016-03-03,574622.0,44414.0
2016-03-04,583140.0,38562.0
2016-03-07,583934.0,38428.0
2016-03-08,583807.0,39806.0
2016-03-09,576648.0,34232.0
2016-03-10,573083.0,32903.0
2016-03-11,564138.0,31595.0
2016-03-14,560764.0,33936.0
2016-03-15,538000.0,36449.0
2016-03-16,541013.0,35804.0
2016-03-17,533455.0,33528.0
2016-03-18,531520.0,37528.0
2016-03-21,515659.0,26822.0
2016-03-22,480100.0,32781.0
2016-03-23,464891.0,27010.0
2016-03-24,448897.0,30988.0
2016-03-25,428004.0,27135.0
2016-03-28,411650.0,32145.0
2016-03-29,383936.0,36244.0
2016-03-30,360358.0,35899.0
2016-03-31,357055.0,31533.0
2016-04-01,339156.0,23841.0
2016-04-06,323920.0,45315.0
2016-04-07,310414.0,45128.0
2016-04-08,286470.0,37453.0
2016-04-11,278633.0,31714.0
2016-04-12,272164.0,31006.0
2016-04-13,292567.0,50325.0
2016-04-14,300795.0,43848.0
2016-04-15,295367.0,44907.0
2016-04-18,293244.0,48116.0
2016-04-19,303420.0,37253.0
2016-04-20,312283.0,46564.0
2016-04-21,325680.0,49358.0
2016-04-22,335625.0,57891.0
2016-04-25,334814.0,45563.0
2016-04-26,340748.0,42858.0
2016-04-27,355813.0,44439.0
2016-04-28,353064.0,53412.0
2016-04-29,363137.0,56521.0
2016-05-03,363267.0,53292.0
2016-05-04,371493.0,58660.0
2016-05-05,379933.0,58784.0
2016-05-06,381252.0,48046.0
2016-05-09,392107.0,54252.0
2016-05-10,397657.0,57145.0
2016-05-11,414967.0,61590.0
2016-05-12,427822.0,66625.0
2016-05-13,424232.0,77619.0
2016-05-16,423143.0,52356.0
2016-05-17,420093.0,46842.0
2016-05-18,430109.0,41676.0
2016-05-19,432410.0,35358.0
2016-05-20,438830.0,37405.0
2016-05-23,423200.0,45355.0
2016-05-24,414991.0,23068.0
2016-05-25,422459.0,36240.0
2016-05-26,429244.0,32662.0
2016-05-27,436744.0,30438.0
2016-05-30,437474.0,28805.0
2016-05-31,429465.0,21465.0
2016-06-01,437264.0,31087.0
2016-06-02,439240.0,33727.0
2016-06-03,448326.0,36709.0
2016-06-04,446429.0,22152.0
2016-06-06,446890.0,27993.0
2016-06-07,455265.0,30813.0
2016-06-08,460326.0,32113.0
2016-06-13,436349.0,31494.0
2016-06-14,440663.0,33458.0
2016-06-15,432091.0,22951.0
2016-06-16,431157.0,30641.0
2016-06-17,434504.0,29109.0
2016-06-20,425927.0,24244.0
2016-06-21,418225.0,21969.0
2016-06-22,415099.0,23588.0
2016-06-23,413489.0,25018.0
2016-06-24,380227.0,41321.0
2016-06-27,387508.0,37952.0
2016-06-28,384071.0,31730.0
2016-06-29,388091.0,31390.0
2016-06-30,395414.0,39678.0
2016-07-01,387976.0,26724.0
2016-07-04,378645.0,23788.0
2016-07-05,369665.0,25062.0
2016-07-06,353147.0,29987.0
2016-07-07,362158.0,34353.0
2016-07-11,357680.0,31366.0
2016-07-12,357214.0,30583.0
2016-07-13,360468.0,34596.0
2016-07-14,365608.0,28985.0
2016-07-15,366244.0,26665.0
2016-07-18,369019.0,28885.0
2016-07-19,377116.0,32660.0
2016-07-20,381351.0,31210.0
2016-07-21,392910.0,38194.0
2016-07-22,391252.0,27511.0
2016-07-25,394101.0,35304.0
2016-07-26,406149.0,35269.0
2016-07-27,410183.0,29764.0
2016-07-28,428000.0,44733.0
2016-07-29,430174.0,36621.0
2016-08-01,440481.0,37037.0
2016-08-02,445810.0,30048.0
2016-08-03,449805.0,32710.0
2016-08-04,457265.0,32921.0
2016-08-05,457601.0,32863.0
2016-08-08,464383.0,35115.0
2016-08-09,467135.0,37885.0
2016-08-10,465028.0,39665.0
2016-08-11,460954.0,47267.0
2016-08-12,466284.0,43145.0
2016-08-15,466495.0,39672.0
2016-08-16,490285.0,59039.0
2016-08-17,499652.0,42617.0
2016-08-18,510451.0,41945.0
2016-08-19,507626.0,34869.0
2016-08-22,503574.0,40679.0
2016-08-23,508174.0,34298.0
2016-08-24,507735.0,32868.0
2016-08-25,512937.0,41542.0
2016-08-26,511190.0,31958.0
2016-08-29,503791.0,30441.0
2016-08-30,519950.0,38864.0
2016-08-31,524397.0,38967.0
2016-09-01,521568.0,36923.0
2016-09-02,525734.0,58935.0
2016-09-05,548730.0,58749.0
2016-09-06,560007.0,42044.0
2016-09-07,556272.0,30712.0
2016-09-08,554190.0,30327.0
2016-09-09,552246.0,29778.0
2016-09-10,526516.0,31406.0
2016-09-12,513859.0,29541.0
2016-09-13,511540.0,40021.0
2016-09-14,509920.0,41252.0
2016-09-19,509037.0,37815.0
2016-09-20,519365.0,36681.0
2016-09-21,534201.0,39269.0
2016-09-22,542199.0,33886.0
2016-09-23,549537.0,31971.0
2016-09-26,549926.0,29604.0
2016-09-29,552681.0,32765.0
2016-09-30,542431.0,31518.0
2016-10-03,551677.0,35341.0
2016-10-04,557540.0,30997.0
2016-10-05,566035.0,35149.0
2016-10-06,569742.0,32199.0
2016-10-07,564507.0,34820.0
2016-10-11,544484.0,51172.0
2016-10-12,548463.0,39822.0
2016-10-13,561425.0,43819.0
2016-10-14,554684.0,51094.0
2016-10-17,560808.0,49383.0
2016-10-18,574254.0,41363.0
2016-10-19,594545.0,43743.0
2016-10-20,608963.0,43787.0
2016-10-21,612358.0,39025.0
2016-10-24,612517.0,28591.0
2016-10-25,620760.0,38895.0
2016-10-26,627855.0,36370.0
2016-10-27,623001.0,27498.0
2016-10-28,619092.0,36050.0
2016-10-31,615517.0,35997.0
2016-11-01,615013.0,31153.0
2016-11-02,602406.0,44460.0
2016-11-03,593086.0,54716.0
2016-11-04,593526.0,44396.0
2016-11-07,595696.0,38397.0
2016-11-08,604003.0,45998.0
2016-11-09,564647.0,63364.0
2016-11-10,582564.0,63164.0
2016-11-11,578310.0,66225.0
2016-11-14,573206.0,58356.0
2016-11-15,577882.0,46308.0
2016-11-16,589767.0,44003.0
2016-11-17,603204.0,52955.0
2016-11-18,594948.0,41390.0
2016-11-21,599381.0,37278.0
2016-11-22,595099.0,39403.0
2016-11-23,601279.0,38159.0
2016-11-24,615826.0,45962.0
2016-11-25,615848.0,39740.0
2016-11-28,620980.0,36555.0
2016-11-29,631244.0,43133.0
2016-11-30,637204.0,35661.0
2016-12-01,641474.0,36460.0
2016-12-02,636785.0,35324.0
2016-12-05,628617.0,34737.0
2016-12-06,627554.0,33602.0
2016-12-07,631051.0,35119.0
2016-12-08,628405.0,33240.0
2016-12-09,627702.0,29682.0
2016-12-12,617037.0,29796.0
2016-12-13,621947.0,32882.0
2016-12-14,620193.0,24874.0
2016-12-15,610183.0,28689.0
2016-12-16,608035.0,23796.0
2016-12-19,594142.0,29644.0
2016-12-20,599378.0,37354.0
2016-12-21,603647.0,31606.0
2016-12-22,593151.0,30563.0
2016-12-23,588926.0,31518.0
2016-12-26,588594.0,25870.0
2016-12-27,581565.0,23302.0
2016-12-28,587811.0,34050.0
2016-12-29,588180.0,24409.0
2016-12-30,591028.0,27261.0
2017-01-03,596137.0,26727.0
2017-01-04,600873.0,28478.0
2017-01-05,607604.0,33164.0
2017-01-06,614096.0,29096.0
2017-01-09,617005.0,34978.0
2017-01-10,620730.0,33551.0
2017-01-11,625756.0,35190.0
2017-01-12,627458.0,31438.0
2017-01-13,625683.0,29075.0
2017-01-16,616787.0,29083.0
2017-01-17,624751.0,35526.0
2017-01-18,621931.0,35851.0
2017-01-19,609994.0,29360.0
2017-01-20,603999.0,25324.0
2017-01-23,603339.0,28910.0
2017-01-24,597233.0,34258.0
2017-02-02,614811.0,47366.0
2017-02-03,609863.0,36918.0
2017-02-06,617777.0,42520.0
2017-02-07,626297.0,40168.0
2017-02-08,621941.0,37602.0
2017-02-09,628953.0,48384.0
2017-02-10,620097.0,38818.0
2017-02-13,620890.0,39658.0
2017-02-14,618373.0,37406.0
2017-02-15,618290.0,41022.0
2017-02-16,607905.0,36535.0
2017-02-17,607846.0,37046.0
2017-02-18,606382.0,32282.0
2017-02-20,588981.0,34102.0
2017-02-21,585301.0,38215.0
2017-02-22,589558.0,40371.0
2017-02-23,567630.0,32060.0
2017-02-24,564079.0,28397.0
2017-03-01,561087.0,35893.0
2017-03-02,553626.0,34983.0
2017-03-03,548437.0,37194.0
2017-03-06,546318.0,31993.0
2017-03-07,555368.0,36134.0
2017-03-08,559252.0,35798.0
2017-03-09,555695.0,59929.0
2017-03-10,538897.0,46345.0
2017-03-13,541894.0,38749.0
2017-03-14,546514.0,41266.0
2017-03-15,546969.0,36297.0
2017-03-16,537700.0,33543.0
2017-03-17,542142.0,41316.0
2017-03-20,529490.0,32892.0
2017-03-21,518752.0,23774.0
2017-03-22,512179.0,40494.0
2017-03-23,508261.0,44497.0
2017-03-24,490045.0,27040.0
2017-03-27,468549.0,35298.0
2017-03-28,429392.0,35764.0
2017-03-29,406912.0,37484.0
2017-03-30,394734.0,37133.0
2017-03-31,368618.0,27822.0
2017-04-05,347909.0,23904.0
2017-04-06,321200.0,34425.0
2017-04-07,252373.0,34243.0
2017-04-10,232481.0,25680.0
2017-04-11,231530.0,34748.0
2017-04-12,226078.0,33213.0
2017-04-13,237111.0,50397.0
2017-04-14,225204.0,60969.0
2017-04-17,249931.0,67954.0
2017-04-18,279026.0,50936.0
2017-04-19,295613.0,50590.0
2017-04-20,327401.0,69718.0
2017-04-21,341519.0,51251.0
2017-04-24,359851.0,55992.0
2017-04-25,379225.0,54357.0
2017-04-26,389211.0,42809.0
2017-04-27,398171.0,41722.0
2017-04-28,407097.0,37786.0
2017-05-02,412607.0,38258.0
2017-05-03,419949.0,34955.0
2017-05-04,438626.0,45847.0
2017-05-05,445695.0,40529.0
2017-05-08,452838.0,47744.0
2017-05-09,450536.0,64110.0
2017-05-10,463924.0,59930.0
2017-05-11,466648.0,44036.0
2017-05-12,471702.0,43200.0
2017-05-15,475611.0,41414.0
2017-05-16,478993.0,40168.0
2017-05-17,483913.0,35225.0
2017-05-18,477421.0,35570.0
2017-05-19,488461.0,33092.0
2017-05-22,491153.0,30798.0
2017-05-23,488267.0,25965.0
2017-05-24,480684.0,27254.0
2017-05-25,480750.0,33985.0
2017-05-26,473745.0,25900.0
2017-05-31,470725.0,31279.0
2017-06-01,479712.0,37213.0
2017-06-02,475534.0,30244.0
2017-06-03,470020.0,26152.0
2017-06-05,468535.0,27171.0
2017-06-06,474069.0,28465.0
2017-06-07,466926.0,25000.0
2017-06-08,471686.0,27293.0
2017-06-09,463377.0,26441.0
2017-06-12,456411.0,33611.0
2017-06-13,448956.0,18519.0
2017-06-14,429911.0,35459.0
2017-06-15,434261.0,40749.0
2017-06-16,441033.0,37286.0
2017-06-19,428067.0,25774.0
2017-06-20,405032.0,20345.0
2017-06-21,398759.0,27743.0
2017-06-22,388037.0,22074.0
2017-06-23,373514.0,19721.0
2017-06-26,377232.0,37456.0
2017-06-27,363187.0,22930.0
2017-06-28,357883.0,38215.0
2017-06-29,356963.0,29237.0
2017-06-30,347557.0,30369.0
2017-07-03,339532.0,22938.0
2017-07-04,336176.0,30386.0
2017-07-05,324307.0,25079.0
2017-07-06,323450.0,27758.0
2017-07-07,315075.0,25153.0
2017-07-10,318293.0,30568.0
2017-07-11,333743.0,40078.0
2017-07-12,356064.0,44474.0
2017-07-13,368677.0,40626.0
2017-07-14,376661.0,36570.0
2017-07-17,387033.0,32242.0
2017-07-18,392940.0,29675.0
2017-07-19,397743.0,28094.0
2017-07-20,401313.0,34283.0
2017-07-21,405698.0,34047.0
2017-07-24,403080.0,27949.0
2017-07-25,387147.0,33980.0
2017-07-26,399719.0,44225.0
2017-07-27,412300.0,37470.0
2017-07-28,401983.0,27050.0
2017-07-31,410989.0,34112.0
2017-08-01,415118.0,34304.0
2017-08-02,421358.0,32609.0
2017-08-03,424916.0,33010.0
2017-08-04,428569.0,35119.0
2017-08-07,422787.0,34984.0
2017-08-08,408456.0,32378.0
2017-08-09,410918.0,38603.0
2017-08-10,382651.0,41075.0
2017-08-11,393928.0,52613.0
2017-08-14,389065.0,52798.0
2017-08-15,402533.0,56019.0
2017-08-16,411287.0,46595.0
2017-08-17,430444.0,46654.0
2017-08-18,437912.0,42505.0
2017-08-21,456082.0,46866.0
2017-08-22,459533.0,38093.0
2017-08-23,465353.0,38569.0
2017-08-24,477830.0,41299.0
2017-08-25,493611.0,47531.0
2017-08-28,504008.0,39612.0
2017-08-29,515123.0,45552.0
2017-08-30,522924.0,33897.0
2017-08-31,532378.0,37509.0
2017-09-01,557104.0,53227.0
2017-09-04,558835.0,44958.0
2017-09-05,574623.0,56149.0
2017-09-06,576410.0,45753.0
2017-09-07,558625.0,44023.0
2017-09-08,574314.0,44771.0
2017-09-11,578516.0,47777.0
2017-09-12,574210.0,38010.0
2017-09-13,566999.0,41786.0
2017-09-14,572084.0,39896.0
2017-09-15,576543.0,42172.0
2017-09-18,581822.0,46558.0
2017-09-19,566702.0,30851.0
2017-09-20,559430.0,34200.0
2017-09-21,558709.0,42250.0
2017-09-22,543968.0,40440.0
2017-09-25,521877.0,44128.0
2017-09-26,501692.0,46389.0
2017-09-27,517971.0,56526.0
2017-09-28,515282.0,35312.0
2017-09-29,527878.0,55638.0
2017-09-30,543903.0,38457.0
2017-10-02,558721.0,39234.0
2017-10-03,563429.0,35033.0
2017-10-05,574280.0,38778.0
2017-10-06,579268.0,31368.0
2017-10-11,570292.0,34776.0
2017-10-12,577449.0,40797.0
2017-10-13,591839.0,40564.0
2017-10-16,596003.0,35121.0
2017-10-17,596926.0,38118.0
2017-10-18,593119.0,41487.0
2017-10-19,607000.0,43800.0
2017-10-20,603119.0,37247.0
2017-10-23,603105.0,38897.0
2017-10-24,608629.0,41313.0
2017-10-25,613997.0,44895.0
2017-10-26,623681.0,38300.0
2017-10-27,607777.0,42734.0
2017-10-30,606398.0,48902.0
2017-10-31,614093.0,44647.0
2017-11-01,620644.0,48389.0
2017-11-02,625959.0,44512.0
2017-11-03,626762.0,41324.0
2017-11-06,639971.0,52286.0
2017-11-07,683657.0,87877.0
2017-11-08,693223.0,57220.0
2017-11-09,677425.0,57146.0
2017-11-10,682065.0,62985.0
2017-11-13,683151.0,56444.0
2017-11-14,683004.0,55778.0
2017-11-15,683807.0,49924.0
2017-11-16,688575.0,43269.0
2017-11-17,706005.0,56299.0
2017-11-20,717331.0,46523.0
2017-11-21,726186.0,55230.0
2017-11-22,719532.0,45829.0
2017-11-23,734998.0,54090.0
2017-11-24,729454.0,35818.0
2017-11-27,727557.0,39464.0
2017-11-28,734880.0,48643.0
2017-11-29,758006.0,61935.0
2017-11-30,734349.0,70220.0
2017-12-01,704009.0,45636.0
2017-12-04,715003.0,57054.0
2017-12-05,701245.0,58306.0
2017-12-06,677067.0,55580.0
2017-12-07,625994.0,73253.0
2017-12-08,631421.0,76648.0
2017-12-11,638164.0,53471.0
2017-12-12,643696.0,53191.0
2017-12-13,666203.0,59846.0
2017-12-14,679881.0,55980.0
2017-12-15,681973.0,47784.0
2017-12-18,684028.0,38431.0
2017-12-19,687563.0,43912.0
2017-12-20,682255.0,48881.0
2017-12-21,675282.0,42618.0
2017-12-22,670397.0,49763.0
2017-12-25,670711.0,50555.0
2017-12-26,647419.0,48378.0
2017-12-27,666865.0,58797.0
2017-12-28,669536.0,46245.0
2017-12-29,671677.0,43280.0
2018-01-02,688922.0,54781.0
2018-01-03,691569.0,42547.0
2018-01-04,705215.0,47192.0
2018-01-05,710913.0,41843.0
2018-01-08,702626.0,46856.0
2018-01-09,698867.0,47624.0
2018-01-10,699561.0,55571.0
2018-01-11,706067.0,51598.0
2018-01-12,711073.0,45278.0
2018-01-15,709660.0,42439.0
2018-01-16,705196.0,39511.0
2018-01-17,701896.0,37288.0
2018-01-18,703660.0,43061.0
2018-01-19,710168.0,46138.0
2018-01-22,710606.0,50856.0
2018-01-23,691191.0,36786.0
2018-01-24,692787.0,48752.0
2018-01-25,679042.0,42227.0
2018-01-26,673034.0,41470.0
2018-01-29,667281.0,38692.0
2018-01-30,641265.0,32129.0
2018-01-31,634677.0,42669.0
2018-02-01,625919.0,29939.0
2018-02-02,615493.0,30963.0
2018-02-05,581084.0,39927.0
2018-02-06,476194.0,54163.0
2018-02-07,492788.0,52968.0
2018-02-08,493595.0,49008.0
2018-02-09,448928.0,48488.0
2018-02-12,454011.0,44459.0
2018-02-21,484688.0,56350.0
2018-02-22,542718.0,82664.0
2018-02-23,580405.0,63350.0
2018-02-26,602123.0,45375.0
2018-02-27,606858.0,40397.0
2018-03-01,616540.0,48041.0
2018-03-02,603259.0,35564.0
2018-03-05,575409.0,39130.0
2018-03-06,562733.0,37650.0
2018-03-07,554776.0,38001.0
2018-03-08,546217.0,43794.0
2018-03-09,526834.0,37586.0
2018-03-12,549726.0,65873.0
2018-03-13,553041.0,35920.0
2018-03-14,548520.0,32350.0
2018-03-15,533576.0,30785.0
2018-03-16,522531.0,34701.0
2018-03-19,503865.0,31960.0
2018-03-20,480231.0,32625.0
2018-03-21,460777.0,26438.0
2018-03-22,450156.0,45755.0
2018-03-23,413765.0,45524.0
2018-03-26,392644.0,28703.0
2018-03-27,374177.0,28167.0
2018-03-28,342354.0,22351.0
2018-03-29,316809.0,23687.0
2018-03-30,301026.0,25172.0
2018-03-31,288391.0,21767.0
2018-04-02,266658.0,27634.0
2018-04-03,232347.0,27499.0
2018-04-09,217141.0,28438.0
2018-04-10,206324.0,24368.0
2018-04-11,214540.0,32831.0
2018-04-12,218807.0,38241.0
2018-04-13,221033.0,41984.0
2018-04-16,229417.0,40418.0
2018-04-17,221356.0,38120.0
2018-04-18,233072.0,44397.0
2018-04-19,245705.0,53479.0
2018-04-20,216849.0,38879.0
2018-04-23,224858.0,43700.0
2018-04-24,229648.0,55462.0
2018-04-25,243176.0,57000.0
2018-04-26,276197.0,73931.0
2018-04-27,300598.0,60739.0
2018-04-30,311255.0,53216.0
2018-05-02,321768.0,44785.0
2018-05-03,337847.0,53749.0
2018-05-04,335181.0,40425.0
2018-05-07,343138.0,39976.0
2018-05-08,353291.0,42146.0
2018-05-09,366448.0,40610.0
2018-05-10,376659.0,43547.0
2018-05-11,376981.0,40390.0
2018-05-14,395939.0,51824.0
2018-05-15,394378.0,37272.0
2018-05-16,392649.0,39912.0
2018-05-17,387341.0,34947.0
2018-05-18,385335.0,31732.0
2018-05-21,395436.0,37034.0
2018-05-22,397532.0,32128.0
2018-05-23,405534.0,38165.0
2018-05-24,409808.0,34047.0
2018-05-25,405038.0,30084.0
2018-05-28,405613.0,33103.0
2018-05-29,400917.0,25116.0
2018-05-30,404588.0,39926.0
2018-05-31,407140.0,33164.0
2018-06-01,408261.0,30411.0
2018-06-04,420404.0,37302.0
2018-06-05,437364.0,49646.0
2018-06-06,457040.0,48157.0
2018-06-07,449566.0,31701.0
2018-06-08,436032.0,27353.0
2018-06-11,443069.0,35825.0
2018-06-12,454982.0,45551.0
2018-06-13,441535.0,39465.0
2018-06-14,428796.0,29605.0
2018-06-15,438263.0,40262.0
2018-06-19,418585.0,30511.0
2018-06-20,393364.0,39065.0
2018-06-21,401785.0,41136.0
2018-06-22,394689.0,40259.0
2018-06-25,393609.0,42441.0
2018-06-26,371489.0,38878.0
2018-06-27,384406.0,40275.0
2018-06-28,374975.0,37277.0
2018-06-29,377212.0,37010.0
2018-07-02,387976.0,48499.0
2018-07-03,364627.0,34778.0
2018-07-04,364743.0,44305.0
2018-07-05,352177.0,37775.0
2018-07-06,341354.0,45628.0
2018-07-09,352363.0,42043.0
2018-07-10,359950.0,46105.0
2018-07-11,361575.0,37493.0
2018-07-12,379246.0,51810.0
2018-07-13,375208.0,32361.0
2018-07-16,374064.0,30931.0
2018-07-17,374747.0,38120.0
2018-07-18,380361.0,47463.0
2018-07-19,385925.0,43175.0
2018-07-20,387138.0,39709.0
2018-07-23,397816.0,54120.0
2018-07-24,397704.0,39518.0
2018-07-25,398945.0,33200.0
2018-07-26,411627.0,43731.0
2018-07-27,413123.0,29917.0
2018-07-30,413593.0,38725.0
2018-07-31,415825.0,34049.0
2018-08-01,422685.0,33881.0
2018-08-02,411370.0,42302.0
2018-08-03,419980.0,45499.0
2018-08-06,421224.0,33880.0
2018-08-07,428867.0,39696.0
2018-08-08,432931.0,39809.0
2018-08-09,433751.0,38282.0
2018-08-10,436513.0,44934.0
2018-08-13,412615.0,60983.0
2018-08-14,409762.0,51235.0
2018-08-15,422697.0,60484.0
2018-08-16,421037.0,57380.0
2018-08-17,431234.0,52993.0
2018-08-20,429905.0,56580.0
2018-08-21,440434.0,48002.0
2018-08-22,443315.0,37880.0
2018-08-23,452218.0,44164.0
2018-08-24,464635.0,52058.0
2018-08-27,460152.0,38834.0
2018-08-28,464491.0,32737.0
2018-08-29,472183.0,33522.0
2018-08-30,476223.0,28888.0
2018-08-31,481600.0,34745.0
2018-09-03,474662.0,42283.0
2018-09-04,477488.0,38408.0
2018-09-05,487662.0,41427.0
2018-09-06,499959.0,53843.0
2018-09-07,493718.0,72199.0
2018-09-10,477455.0,71227.0
2018-09-11,477380.0,61202.0
2018-09-12,487006.0,63866.0
2018-09-13,494732.0,51127.0
2018-09-14,503473.0,58915.0
2018-09-17,500423.0,40619.0
2018-09-18,504856.0,57089.0
2018-09-19,517862.0,43475.0
2018-09-20,539732.0,66473.0
2018-09-21,546082.0,59210.0
2018-09-25,544914.0,45826.0
2018-09-26,548556.0,38368.0
2018-09-27,560857.0,47956.0
2018-09-28,566342.0,44307.0
2018-10-01,541196.0,34766.0
2018-10-02,529622.0,40455.0
2018-10-03,528254.0,52433.0
2018-10-04,545810.0,66690.0
2018-10-05,502801.0,62574.0
2018-10-08,514137.0,68923.0
2018-10-09,525874.0,71380.0
2018-10-11,506426.0,83691.0
2018-10-12,473388.0,53773.0
2018-10-15,489294.0,55670.0
2018-10-16,508713.0,60596.0
2018-10-17,531974.0,59107.0
2018-10-18,545479.0,61557.0
2018-10-19,536169.0,71350.0
2018-10-22,535664.0,50992.0
2018-10-23,556986.0,67863.0
2018-10-24,565993.0,68966.0
2018-10-25,556291.0,84036.0
2018-10-26,577389.0,82086.0
2018-10-29,604284.0,86489.0
2018-10-30,616094.0,75512.0
2018-10-31,616719.0,70963.0
2018-11-01,611258.0,62020.0
2018-11-02,610806.0,62796.0
2018-11-05,625465.0,61875.0
2018-11-06,644906.0,67824.0
2018-11-07,662651.0,65617.0
2018-11-08,678671.0,57719.0
2018-11-09,693778.0,60726.0
2018-11-12,700520.0,54401.0
2018-11-13,685838.0,62915.0
2018-11-14,694710.0,56344.0
2018-11-15,709421.0,60342.0
2018-11-16,708789.0,44523.0
2018-11-19,706301.0,34592.0
2018-11-20,708044.0,38506.0
2018-11-21,697364.0,39069.0
2018-11-22,698459.0,39942.0
2018-11-23,712833.0,47264.0
2018-11-26,725174.0,45413.0
2018-11-27,709615.0,34897.0
2018-11-28,696576.0,41058.0
2018-11-29,680369.0,35098.0
2018-11-30,645826.0,33578.0
2018-12-03,615400.0,39539.0
2018-12-04,618471.0,32882.0
2018-12-05,624097.0,47843.0
2018-12-06,609306.0,56456.0
2018-12-07,636264.0,55924.0
2018-12-10,632329.0,49949.0
2018-12-11,637593.0,40354.0
2018-12-12,627089.0,32316.0
2018-12-13,623173.0,38067.0
2018-12-14,631943.0,49615.0
2018-12-17,634608.0,40731.0
2018-12-18,629829.0,40022.0
2018-12-19,632573.0,44104.0
2018-12-20,641142.0,61308.0
2018-12-21,624860.0,51370.0
2018-12-22,623956.0,31528.0
2018-12-24,624091.0,34768.0
2018-12-25,610885.0,41455.0
2018-12-26,618187.0,43103.0
2018-12-27,627149.0,42265.0
2018-12-28,621681.0,30870.0
2019-01-02,630240.0,37611.0
2019-01-03,628010.0,48865.0
2019-01-04,613597.0,54799.0
2019-01-07,627631.0,44525.0
2019-01-08,626774.0,34932.0
2019-01-09,616800.0,41062.0
2019-01-10,615252.0,33888.0
2019-01-11,608310.0,31470.0
2019-01-14,607103.0,32743.0
2019-01-15,618160.0,43350.0
2019-01-16,609922.0,34021.0
2019-01-17,609147.0,32005.0
2019-01-18,608408.0,32571.0
2019-01-21,611431.0,30567.0
2019-01-22,607762.0,26809.0
2019-01-23,605952.0,23424.0
2019-01-24,608377.0,25732.0
2019-01-25,597383.0,23824.0
2019-01-28,584343.0,19632.0
2019-01-29,558518.0,18206.0
2019-01-30,541850.0,19490.0
2019-02-11,549035.0,28612.0
2019-02-12,545139.0,25367.0
2019-02-13,537806.0,28413.0
2019-02-14,543221.0,28985.0
2019-02-15,539698.0,31399.0
2019-02-18,533818.0,25185.0
2019-02-19,534280.0,25000.0
2019-02-20,534475.0,23638.0
2019-02-21,531565.0,24814.0
2019-02-22,526771.0,25056.0
2019-02-25,525943.0,23770.0
2019-02-26,524658.0,23536.0
2019-02-27,517943.0,24890.0
2019-03-04,512728.0,22880.0
2019-03-05,504298.0,19219.0
2019-03-06,500088.0,22384.0
2019-03-07,491320.0,28028.0
2019-03-08,480145.0,29553.0
2019-03-11,480078.0,24188.0
2019-03-12,477772.0,21683.0
2019-03-13,480452.0,24192.0
2019-03-14,476728.0,27279.0
2019-03-15,471343.0,28280.0
2019-03-18,460729.0,27133.0
2019-03-19,441942.0,16996.0
2019-03-20,438468.0,23186.0
2019-03-21,428324.0,25000.0
2019-03-22,403221.0,21513.0
2019-03-25,388369.0,38625.0
2019-03-26,369467.0,21172.0
2019-03-27,341416.0,16977.0
2019-03-28,330803.0,29087.0
2019-03-29,314932.0,18528.0
2019-04-01,292785.0,23778.0
2019-04-02,266489.0,23612.0
2019-04-03,226162.0,20691.0
2019-04-08,195031.0,17335.0
2019-04-09,177369.0,11781.0
2019-04-10,167843.0,18055.0
2019-04-11,158044.0,23872.0
2019-04-12,153431.0,32369.0
2019-04-15,154605.0,32373.0
2019-04-16,157031.0,22596.0
2019-04-17,162843.0,29589.0
2019-04-18,160906.0,30921.0
2019-04-19,167215.0,34643.0
2019-04-22,175021.0,25179.0
2019-04-23,182586.0,32095.0
2019-04-24,197535.0,34973.0
2019-04-25,214687.0,39843.0
2019-04-26,219061.0,44277.0
2019-04-29,221390.0,44866.0
2019-04-30,239543.0,48247.0
2019-05-02,248980.0,31075.0
2019-05-03,249985.0,28098.0
2019-05-06,228688.0,30251.0
2019-05-07,239367.0,30625.0
2019-05-08,241064.0,34455.0
2019-05-09,237774.0,42871.0
2019-05-10,243641.0,45910.0
2019-05-13,248677.0,47492.0
2019-05-14,234760.0,43041.0
2019-05-15,248044.0,37372.0
2019-05-16,264787.0,47310.0
2019-05-17,263334.0,50123.0
2019-05-20,271254.0,51526.0
2019-05-21,267229.0,45865.0
2019-05-22,284336.0,41098.0
2019-05-23,285112.0,48588.0
2019-05-24,286119.0,34051.0
2019-05-27,296039.0,42697.0
2019-05-28,298813.0,34790.0
2019-05-29,304644.0,40234.0
2019-05-30,306095.0,29373.0
2019-05-31,304306.0,30824.0
2019-06-03,306382.0,30114.0
2019-06-04,310240.0,27571.0
2019-06-05,319464.0,31512.0
2019-06-06,320398.0,32583.0
2019-06-10,316398.0,27080.0
2019-06-11,309453.0,26241.0
2019-06-12,310427.0,22214.0
2019-06-13,312455.0,22295.0
2019-06-14,311337.0,19004.0
2019-06-17,306762.0,19013.0
2019-06-18,302778.0,19492.0
2019-06-19,301765.0,30029.0
2019-06-20,296262.0,19974.0
2019-06-21,285510.0,18795.0
2019-06-24,279690.0,17178.0
2019-06-25,272239.0,17333.0
2019-06-26,271157.0,20037.0
2019-06-27,269222.0,20327.0
2019-06-28,250553.0,11867.0
2019-07-01,244118.0,20070.0
2019-07-02,240446.0,17529.0
2019-07-03,232024.0,19843.0
2019-07-04,235151.0,22640.0
2019-07-05,231228.0,18706.0
2019-07-08,228071.0,16758.0
2019-07-09,231589.0,24371.0
2019-07-10,238050.0,25646.0
2019-07-11,237385.0,25693.0
2019-07-12,235656.0,20953.0
2019-07-15,242947.0,27737.0
2019-07-16,240786.0,21295.0
2019-07-17,245242.0,26699.0
2019-07-18,250932.0,31890.0
2019-07-19,253145.0,23616.0
2019-07-22,261247.0,31114.0
2019-07-23,264949.0,30655.0
2019-07-24,263197.0,25206.0
2019-07-25,273591.0,32204.0
2019-07-26,280433.0,26661.0
2019-07-29,283776.0,22719.0
2019-07-30,271182.0,32272.0
2019-07-31,273378.0,33185.0
2019-08-01,284180.0,34928.0
2019-08-02,272527.0,40094.0
2019-08-05,279567.0,41249.0
2019-08-06,266529.0,38449.0
2019-08-07,286802.0,39762.0
2019-08-08,290412.0,39541.0
2019-08-12,293699.0,31695.0
2019-08-13,289966.0,33840.0
2019-08-14,299789.0,37798.0
2019-08-15,299188.0,39053.0
2019-08-16,299951.0,33352.0
2019-08-19,306697.0,32544.0
2019-08-20,306779.0,27685.0
2019-08-21,322442.0,38128.0
2019-08-22,337514.0,40414.0
2019-08-23,336748.0,25070.0
2019-08-26,313599.0,30450.0
2019-08-27,318343.0,27554.0
2019-08-28,323983.0,28621.0
2019-08-29,333218.0,33661.0
2019-08-30,338849.0,32092.0
2019-09-02,345927.0,33990.0
2019-09-03,343302.0,21842.0
2019-09-04,352501.0,35540.0
2019-09-05,360159.0,36174.0
2019-09-06,359288.0,26374.0
2019-09-09,358289.0,27511.0
2019-09-10,354024.0,26855.0
2019-09-11,356933.0,28406.0
2019-09-12,358643.0,22434.0
2019-09-16,368401.0,29312.0
2019-09-17,372853.0,30289.0
2019-09-18,379296.0,26196.0
2019-09-19,387026.0,26634.0
2019-09-20,394739.0,29075.0
2019-09-23,399603.0,27392.0
2019-09-24,394950.0,23727.0
2019-09-25,393306.0,30466.0
2019-09-26,387667.0,23304.0
2019-09-27,376408.0,33370.0
2019-10-01,376330.0,33181.0
2019-10-02,374251.0,29189.0
2019-10-03,366037.0,25022.0
2019-10-04,367133.0,23302.0
2019-10-07,371832.0,23491.0
2019-10-08,372359.0,22519.0
2019-10-09,369137.0,26518.0
2019-10-14,376611.0,32241.0
2019-10-15,383164.0,29749.0
2019-10-16,390057.0,30645.0
2019-10-17,393362.0,25389.0
2019-10-18,399130.0,27608.0
2019-10-21,395815.0,20112.0
2019-10-22,398263.0,23275.0
2019-10-23,404646.0,25624.0
2019-10-24,408830.0,27782.0
2019-10-25,409247.0,23854.0
2019-10-28,408553.0,24025.0
2019-10-29,401206.0,23919.0
2019-10-30,406315.0,29699.0
2019-10-31,405311.0,31984.0
2019-11-01,405501.0,27072.0
2019-11-04,407985.0,27562.0
2019-11-05,424261.0,39356.0
2019-11-06,428343.0,29009.0
2019-11-07,418832.0,25399.0
2019-11-08,421029.0,30461.0
2019-11-11,415902.0,38990.0
2019-11-12,422638.0,32993.0
2019-11-13,423796.0,22806.0
2019-11-14,422287.0,31696.0
2019-11-15,423521.0,26011.0
2019-11-18,423946.0,23733.0
2019-11-19,426306.0,24075.0
2019-11-20,437605.0,36441.0
2019-11-21,435126.0,31250.0
2019-11-22,435206.0,23795.0
2019-11-25,436786.0,24002.0
2019-11-26,434393.0,22452.0
2019-11-27,438837.0,28230.0
2019-11-28,440982.0,24763.0
2019-11-29,428885.0,24472.0
2019-12-02,420508.0,32539.0
2019-12-03,423691.0,31287.0
2019-12-04,421561.0,29034.0
2019-12-05,420184.0,29279.0
2019-12-06,419733.0,21857.0
2019-12-09,426114.0,27389.0
2019-12-10,435071.0,29690.0
2019-12-11,436721.0,28569.0
2019-12-12,439836.0,25494.0
2019-12-13,436937.0,31771.0
2019-12-16,446900.0,35497.0
2019-12-17,455890.0,28295.0
2019-12-18,465236.0,32242.0
2019-12-19,469968.0,28877.0
2019-12-20,470650.0,27121.0
2019-12-23,475103.0,29082.0
2019-12-24,486831.0,31734.0
2019-12-25,494846.0,30627.0
2019-12-26,497569.0,26953.0
2019-12-27,506272.0,25488.0
2019-12-30,503259.0,20822.0
2019-12-31,504648.0,23003.0
2020-01-02,508708.0,20759.0
2020-01-03,493919.0,24799.0
2020-01-06,482940.0,29478.0
2020-01-07,456272.0,29285.0
2020-01-08,458991.0,35377.0
2020-01-09,476126.0,36599.0
2020-01-10,488669.0,35686.0
2020-01-13,499799.0,32214.0
2020-01-14,508626.0,28121.0
2020-01-15,509663.0,22047.0
2020-01-16,506093.0,23810.0
2020-01-17,470432.0,17545.0
2020-01-20,451462.0,14534.0
2020-01-30,374979.0,35538.0
2020-01-31,354797.0,27567.0
2020-02-03,345027.0,45981.0
2020-02-04,364997.0,43965.0
2020-02-05,383328.0,41635.0
2020-02-06,397759.0,37717.0
2020-02-07,401648.0,36255.0
2020-02-10,402169.0,39616.0
2020-02-11,410223.0,27608.0
2020-02-12,422271.0,33999.0
2020-02-13,431110.0,32270.0
2020-02-14,437619.0,29888.0
2020-02-17,429833.0,25931.0
2020-02-18,424866.0,23479.0
2020-02-19,421092.0,28116.0
2020-02-20,427357.0,25074.0
2020-02-21,426547.0,25707.0
2020-02-24,426835.0,31851.0
2020-02-25,418173.0,25298.0
2020-02-26,413895.0,33068.0
2020-02-27,384779.0,38034.0
2020-03-02,376216.0,41789.0
2020-03-03,387732.0,34797.0
2020-03-04,400993.0,39788.0
2020-03-05,410183.0,34367.0
2020-03-06,412771.0,35426.0
2020-03-09,376868.0,35940.0
2020-03-10,349551.0,39401.0
2020-03-11,358053.0,44036.0
2020-03-12,309157.0,46036.0
2020-03-13,258312.0,41153.0
2020-03-16,272382.0,54094.0
2020-03-17,253821.0,44252.0
2020-03-18,265773.0,60974.0
2020-03-19,262915.0,67492.0
2020-03-20,245384.0,49987.0
2020-03-23,247196.0,45910.0
2020-03-24,239461.0,32938.0
2020-03-25,242572.0,39968.0
2020-03-26,256212.0,44335.0
2020-03-27,264502.0,42881.0
2020-03-30,245926.0,32339.0
2020-03-31,239055.0,31104.0
2020-04-01,214032.0,36445.0
2020-04-06,192771.0,24913.0
2020-04-07,192588.0,29816.0
2020-04-08,187023.0,27363.0
2020-04-09,185687.0,34912.0
2020-04-10,186241.0,38353.0
2020-04-13,180013.0,31725.0
2020-04-14,191980.0,30455.0
2020-04-15,208648.0,38959.0
2020-04-16,226601.0,45842.0
2020-04-17,238510.0,51687.0
2020-04-20,268171.0,49945.0
2020-04-21,277521.0,55641.0
2020-04-22,295260.0,54890.0
2020-04-23,322826.0,52700.0
2020-04-24,336129.0,42403.0
2020-04-27,344684.0,43309.0
2020-04-28,346085.0,32593.0
2020-04-29,354744.0,38627.0
2020-04-30,363357.0,36415.0
2020-05-04,366833.0,37963.0
2020-05-05,380413.0,34698.0
2020-05-06,394360.0,39893.0
2020-05-07,402433.0,39381.0
2020-05-08,407192.0,35251.0
2020-05-11,410873.0,40757.0
2020-05-12,418002.0,35568.0
2020-05-13,420998.0,32358.0
2020-05-14,421647.0,44708.0
2020-05-15,421931.0,40458.0
2020-05-18,415099.0,52240.0
2020-05-19,410509.0,33475.0
2020-05-20,418606.0,37872.0
2020-05-21,423109.0,35671.0
2020-05-22,421762.0,34811.0
2020-05-25,417262.0,33504.0
2020-05-26,424522.0,36555.0
2020-05-27,422999.0,28057.0
2020-05-28,416660.0,26129.0
2020-05-29,417695.0,27997.0
2020-06-01,419150.0,30159.0
2020-06-02,413408.0,23009.0
2020-06-03,422996.0,32419.0
2020-06-04,424537.0,31370.0
2020-06-05,430945.0,34776.0
2020-06-08,430890.0,34599.0
2020-06-09,424396.0,25066.0
2020-06-10,438778.0,44375.0
2020-06-11,426074.0,39007.0
2020-06-12,412239.0,40485.0
2020-06-15,415997.0,35800.0
2020-06-16,408883.0,31589.0
2020-06-17,413890.0,30614.0
2020-06-18,422541.0,37139.0
2020-06-19,399791.0,25322.0
2020-06-22,389493.0,23328.0
2020-06-23,370662.0,23248.0
2020-06-24,355759.0,22051.0
2020-06-29,345191.0,28474.0
2020-06-30,339343.0,27678.0
2020-07-01,345944.0,30777.0
2020-07-02,344495.0,30637.0
2020-07-03,334741.0,26243.0
2020-07-06,332929.0,29465.0
2020-07-07,319365.0,22716.0
2020-07-08,315651.0,22548.0
2020-07-09,304260.0,23146.0
2020-07-10,288457.0,31938.0
2020-07-13,298018.0,34536.0
2020-07-14,289420.0,22877.0
2020-07-15,285940.0,27814.0
2020-07-16,297257.0,34419.0
2020-07-17,299659.0,41339.0
2020-07-20,294830.0,42125.0
2020-07-21,307171.0,38181.0
2020-07-22,315004.0,35087.0
2020-07-23,319404.0,30947.0
2020-07-24,310107.0,34574.0
2020-07-27,320681.0,50835.0
2020-07-28,326575.0,52025.0
2020-07-29,347811.0,56436.0
2020-07-30,348440.0,37108.0
2020-07-31,352091.0,33094.0
2020-08-03,358185.0,35628.0
2020-08-04,365630.0,37345.0
2020-08-05,375241.0,39349.0
2020-08-06,383616.0,34894.0
2020-08-07,376090.0,29364.0
2020-08-10,371798.0,29060.0
2020-08-11,375390.0,43945.0
2020-08-12,371483.0,41261.0
2020-08-13,367303.0,38665.0
2020-08-14,372632.0,42692.0
2020-08-17,373256.0,35137.0
2020-08-18,373858.0,40255.0
2020-08-19,374188.0,45041.0
2020-08-20,334398.0,53069.0
2020-08-21,359463.0,60225.0
2020-08-24,369484.0,42232.0
2020-08-25,376113.0,37707.0
2020-08-26,382763.0,34158.0
2020-08-27,397298.0,43714.0
2020-08-28,388223.0,30491.0
2020-08-31,403913.0,44092.0
2020-09-01,413523.0,45024.0
2020-09-02,427338.0,41033.0
2020-09-03,445514.0,51016.0
2020-09-04,436769.0,38787.0
2020-09-07,431619.0,36401.0
2020-09-08,429520.0,36718.0
2020-09-09,438496.0,47314.0
2020-09-10,454453.0,46785.0
2020-09-11,446814.0,49098.0
2020-09-14,447830.0,44657.0
2020-09-15,461326.0,38740.0
2020-09-16,471257.0,41159.0
2020-09-17,479877.0,39779.0
2020-09-18,480098.0,31923.0
2020-09-21,484071.0,36620.0
2020-09-22,462120.0,38452.0
2020-09-23,453724.0,35470.0
2020-09-24,432576.0,51252.0
2020-09-25,411297.0,56422.0
2020-09-28,432338.0,58070.0
2020-09-29,433895.0,38221.0
2020-09-30,439988.0,41950.0
2020-10-05,441807.0,39684.0
2020-10-06,457264.0,39760.0
2020-10-07,474176.0,40983.0
2020-10-08,484235.0,40380.0
2020-10-12,485806.0,33638.0
2020-10-13,496121.0,42012.0
2020-10-14,513776.0,46541.0
2020-10-15,516456.0,39486.0
2020-10-16,508767.0,39880.0
2020-10-19,523083.0,41188.0
2020-10-20,524836.0,31098.0
2020-10-21,527281.0,35816.0
2020-10-22,541899.0,47169.0
2020-10-23,544790.0,37134.0
2020-10-26,552454.0,44232.0
2020-10-27,556534.0,44333.0
2020-10-28,547727.0,48944.0
2020-10-29,539468.0,52304.0
2020-10-30,516871.0,43226.0
2020-11-02,494443.0,39041.0
2020-11-03,496836.0,42029.0
2020-11-04,502130.0,44771.0
2020-11-05,503660.0,29014.0
2020-11-06,513717.0,36054.0
2020-11-09,519726.0,42078.0
2020-11-10,508961.0,39950.0
2020-11-11,508654.0,45895.0
2020-11-12,504382.0,39810.0
2020-11-13,503666.0,34699.0
2020-11-16,503440.0,37131.0
2020-11-17,511473.0,41499.0
2020-11-18,523523.0,40929.0
2020-11-19,533145.0,37921.0
2020-11-20,531564.0,33410.0
2020-11-23,537331.0,37384.0
2020-11-24,533781.0,36564.0
2020-11-25,540551.0,41267.0
2020-11-26,549602.0,41186.0
2020-11-27,555252.0,35001.0
2020-11-30,559748.0,38057.0
2020-12-01,561904.0,45517.0
2020-12-02,585238.0,55617.0
2020-12-03,600147.0,55372.0
2020-12-04,605699.0,67198.0
2020-12-07,610819.0,61155.0
2020-12-08,614780.0,52897.0
2020-12-09,636839.0,64343.0
2020-12-10,625878.0,52036.0
2020-12-11,604587.0,43762.0
2020-12-14,622093.0,49360.0
2020-12-15,598268.0,41043.0
2020-12-16,623992.0,55570.0
2020-12-17,619106.0,43477.0
2020-12-18,630695.0,46205.0
2020-12-21,643436.0,60902.0
2020-12-22,627969.0,50717.0
2020-12-23,636554.0,50200.0
2020-12-24,646958.0,44988.0
2020-12-25,645020.0,35777.0
2020-12-28,677157.0,68147.0
2020-12-29,661040.0,37987.0
2020-12-30,642634.0,34800.0
2020-12-31,628573.0,33310.0
2021-01-04,634199.0,51930.0
2021-01-05,613208.0,40252.0
2021-01-06,594444.0,50293.0
2021-01-07,586711.0,46235.0
2021-01-08,580108.0,43805.0
2021-01-11,585679.0,46820.0
2021-01-12,562824.0,44522.0
2021-01-13,561644.0,45275.0
2021-01-14,562343.0,39433.0
2021-01-15,560626.0,57407.0
2021-01-18,524003.0,43994.0
2021-01-19,534172.0,45604.0
2021-01-20,517129.0,51880.0
2021-01-21,523479.0,52225.0
2021-01-22,536746.0,60166.0
2021-01-25,531184.0,35127.0
2021-01-26,515699.0,32619.0
2021-01-27,514811.0,37799.0
2021-01-28,496399.0,39750.0
2021-01-29,494070.0,47177.0
2021-02-01,491956.0,52786.0
2021-02-02,495588.0,41227.0
2021-02-03,496629.0,36419.0
2021-02-04,480942.0,28380.0
2021-02-05,455384.0,21860.0
2021-02-17,470250.0,41727.0
2021-02-18,481974.0,41334.0
2021-02-19,492308.0,43084.0
2021-02-22,501994.0,43505.0
2021-02-23,511666.0,45798.0
2021-02-24,504248.0,33206.0
2021-02-25,528338.0,51535.0
2021-02-26,530675.0,53277.0
2021-03-02,525312.0,43829.0
2021-03-03,513371.0,37332.0
2021-03-04,509062.0,40936.0
2021-03-05,476554.0,33010.0
2021-03-08,466934.0,38339.0
2021-03-09,450895.0,41505.0
2021-03-10,458218.0,32639.0
2021-03-11,455360.0,37222.0
2021-03-12,451953.0,31107.0
2021-03-15,436776.0,27295.0
2021-03-16,420392.0,22956.0
2021-03-17,410159.0,25430.0
2021-03-18,400881.0,29875.0
2021-03-19,377254.0,34243.0
2021-03-22,375397.0,47094.0
2021-03-23,353610.0,31401.0
2021-03-24,349190.0,39900.0
2021-03-25,328055.0,34938.0
2021-03-26,338027.0,43578.0
2021-03-29,338526.0,36140.0
2021-03-30,322910.0,25295.0
2021-03-31,292204.0,29346.0
2021-04-01,289155.0,34014.0
2021-04-06,284627.0,31436.0
2021-04-07,275522.0,32222.0
2021-04-08,283659.0,44235.0
2021-04-09,272508.0,54362.0
2021-04-12,281013.0,56611.0
2021-04-13,270006.0,45551.0
2021-04-14,254116.0,44909.0
2021-04-15,263062.0,45103.0
2021-04-16,275339.0,58701.0
2021-04-19,299401.0,57333.0
2021-04-20,318138.0,52129.0
2021-04-21,366012.0,79375.0
2021-04-22,372889.0,67291.0
2021-04-23,384958.0,62382.0
2021-04-26,421011.0,60523.0
2021-04-27,436820.0,52662.0
2021-04-28,470839.0,69529.0
2021-04-29,472162.0,52642.0
2021-05-03,474873.0,70062.0
2021-05-04,422279.0,64986.0
2021-05-05,448731.0,77838.0
2021-05-06,468994.0,68569.0
2021-05-07,500587.0,82926.0
2021-05-10,534370.0,86157.0
2021-05-11,529450.0,88533.0
2021-05-12,436891.0,71208.0
2021-05-13,398150.0,62975.0
2021-05-14,421975.0,83209.0
2021-05-17,410440.0,80195.0
2021-05-18,441988.0,93353.0
2021-05-19,490569.0,102624.0
2021-05-20,502391.0,79418.0
2021-05-21,509672.0,71279.0
2021-05-24,511422.0,57012.0
2021-05-25,499009.0,50606.0
2021-05-26,514939.0,57002.0
2021-05-27,525272.0,49644.0
2021-05-28,549966.0,68356.0
2021-05-31,549161.0,53612.0
2021-06-01,562806.0,56511.0
2021-06-02,553398.0,54571.0
2021-06-03,564161.0,48204.0
2021-06-04,565635.0,53923.0
2021-06-07,555567.0,47258.0
2021-06-08,561993.0,38073.0
2021-06-09,573740.0,54451.0
2021-06-10,555065.0,45228.0
2021-06-11,544733.0,36800.0
2021-06-15,567047.0,64114.0
2021-06-16,543853.0,45537.0
2021-06-17,537048.0,53314.0
2021-06-18,523144.0,44325.0
2021-06-21,549524.0,75351.0
2021-06-22,548982.0,63829.0
2021-06-23,526146.0,48305.0
2021-06-24,519407.0,50917.0
2021-06-25,519983.0,45674.0
2021-06-28,529527.0,60754.0
2021-06-29,522167.0,47263.0
2021-06-30,519064.0,57409.0
2021-07-01,501894.0,48732.0
2021-07-02,495487.0,47143.0
2021-07-05,486469.0,37114.0
2021-07-06,475690.0,37393.0
2021-07-07,465586.0,49554.0
2021-07-08,469397.0,49800.0
2021-07-09,445866.0,41311.0
2021-07-12,448727.0,49211.0
2021-07-13,441674.0,59488.0
2021-07-14,403996.0,44748.0
2021-07-15,422052.0,59371.0
2021-07-16,435268.0,58970.0
2021-07-19,446487.0,45715.0
2021-07-20,417529.0,46636.0
2021-07-21,413138.0,58488.0
2021-07-22,403090.0,50054.0
2021-07-23,399281.0,53549.0
2021-07-26,398630.0,42282.0
2021-07-27,379930.0,45397.0
2021-07-28,361723.0,48665.0
2021-07-29,430423.0,107260.0
2021-07-30,439321.0,51905.0
2021-08-02,449858.0,52503.0
2021-08-03,453518.0,33564.0
2021-08-04,471297.0,54303.0
2021-08-05,488908.0,61385.0
2021-08-06,477916.0,41669.0
2021-08-09,486037.0,58610.0
2021-08-10,479205.0,58327.0
2021-08-11,484661.0,80502.0
2021-08-12,494318.0,69965.0
2021-08-13,498751.0,74999.0
2021-08-16,476659.0,89362.0
2021-08-17,480712.0,89602.0
2021-08-18,473468.0,103212.0
2021-08-19,496941.0,88976.0
2021-08-20,527877.0,95251.0
2021-08-23,530431.0,74151.0
2021-08-24,546511.0,74385.0
2021-08-25,516790.0,61924.0
2021-08-26,533371.0,60315.0
2021-08-27,531996.0,54230.0
2021-08-30,543076.0,50362.0
2021-08-31,557107.0,60061.0
2021-09-01,547487.0,55728.0
2021-09-02,566797.0,69848.0
2021-09-03,587255.0,78774.0
2021-09-06,589579.0,71259.0
2021-09-07,577500.0,75891.0
2021-09-08,581865.0,78252.0
2021-09-09,604189.0,73829.0
2021-09-10,593323.0,50449.0
2021-09-13,601609.0,52478.0
2021-09-14,622519.0,67314.0
2021-09-15,642681.0,76686.0
2021-09-16,654382.0,57405.0
2021-09-17,655698.0,66095.0
2021-09-22,607343.0,58133.0
2021-09-23,637242.0,69499.0
2021-09-24,645631.0,54954.0
2021-09-27,637112.0,52099.0
2021-09-28,619919.0,47899.0
2021-09-29,617758.0,65200.0
2021-09-30,645059.0,71574.0
2021-10-01,616456.0,78180.0
2021-10-04,614302.0,85407.0
2021-10-05,611662.0,94601.0
2021-10-06,627197.0,74285.0
2021-10-07,648158.0,74221.0
2021-10-08,652855.0,51289.0
2021-10-12,636249.0,52614.0
2021-10-13,642270.0,72994.0
2021-10-14,655987.0,76183.0
2021-10-15,664189.0,60099.0
2021-10-18,666521.0,61586.0
2021-10-19,664678.0,64881.0
2021-10-20,679086.0,57399.0
2021-10-21,689066.0,62430.0
2021-10-22,666732.0,50522.0
2021-10-25,666174.0,45786.0
2021-10-26,661010.0,41771.0
2021-10-27,647807.0,45509.0
2021-10-28,648296.0,43413.0
2021-10-29,642569.0,44945.0
2021-11-01,642377.0,44573.0
2021-11-02,631326.0,42511.0
2021-11-03,633489.0,42708.0
2021-11-04,630602.0,36582.0
2021-11-05,642132.0,49452.0
2021-11-08,637897.0,49399.0
2021-11-09,638933.0,52367.0
2021-11-10,648457.0,55194.0
2021-11-11,659326.0,62863.0
2021-11-12,656674.0,52039.0
2021-11-15,655791.0,46579.0
2021-11-16,668910.0,63930.0
2021-11-17,684778.0,66529.0
2021-11-18,686896.0,47617.0
2021-11-19,684094.0,41303.0
2021-11-22,681286.0,38226.0
2021-11-23,663801.0,38687.0
2021-11-24,682079.0,61845.0
2021-11-25,680862.0,32742.0
2021-11-26,655663.0,49077.0
2021-11-29,615500.0,40498.0
2021-11-30,622056.0,56130.0
2021-12-01,628957.0,46562.0
2021-12-02,614583.0,33872.0
2021-12-03,625620.0,38733.0
2021-12-06,629229.0,36384.0
2021-12-07,628926.0,39693.0
2021-12-08,630499.0,39317.0
2021-12-09,638205.0,43126.0
2021-12-10,638517.0,40374.0
2021-12-13,638783.0,40247.0
2021-12-14,621722.0,43495.0
2021-12-15,643121.0,55753.0
2021-12-16,634297.0,42308.0
2021-12-17,622643.0,30914.0
2021-12-20,623725.0,28065.0
2021-12-21,618886.0,30383.0
2021-12-22,616746.0,25044.0
2021-12-23,616929.0,30312.0
2021-12-24,607681.0,26762.0
2021-12-27,607056.0,31339.0
2021-12-28,601789.0,27149.0
2021-12-29,611984.0,31360.0
2021-12-30,564022.0,29444.0
2022-01-03,553640.0,29069.0
2022-01-04,555387.0,32018.0
2022-01-05,552093.0,41290.0
2022-01-06,551583.0,37676.0
2022-01-07,535771.0,41177.0
2022-01-10,535218.0,44349.0
2022-01-11,523284.0,43823.0
2022-01-12,523869.0,50032.0
2022-01-13,523708.0,46007.0
2022-01-14,499033.0,43677.0
2022-01-17,501083.0,41261.0
2022-01-18,511329.0,38485.0
2022-01-19,525587.0,52297.0
2022-01-20,529109.0,40345.0
2022-01-21,504806.0,48342.0
2022-01-24,488996.0,54133.0
2022-01-25,465669.0,37742.0
2022-01-26,441778.0,36564.0
2022-02-07,455012.0,50654.0
2022-02-08,473459.0,48630.0
2022-02-09,491836.0,44325.0
2022-02-10,501803.0,38090.0
2022-02-11,514561.0,45485.0
2022-02-14,496407.0,37460.0
2022-02-15,511653.0,48386.0
2022-02-16,522829.0,47126.0
2022-02-17,542243.0,61407.0
2022-02-18,547576.0,50536.0
2022-02-21,523512.0,38659.0
2022-02-22,498185.0,46716.0
2022-02-23,530615.0,69723.0
2022-02-24,494476.0,49715.0
2022-02-25,488677.0,40519.0
2022-03-01,487858.0,39567.0
2022-03-02,480905.0,37446.0
2022-03-03,481313.0,31666.0
2022-03-04,469571.0,28770.0
2022-03-07,433553.0,44338.0
2022-03-08,408097.0,46359.0
2022-03-09,418239.0,49525.0
2022-03-10,418623.0,39661.0
2022-03-11,419453.0,35926.0
2022-03-14,411417.0,31832.0
2022-03-15,386056.0,38158.0
2022-03-16,379396.0,44111.0
2022-03-17,371891.0,46977.0
2022-03-18,337120.0,33876.0
2022-03-21,319675.0,28004.0
2022-03-22,315110.0,32215.0
2022-03-23,312114.0,23067.0
2022-03-24,285554.0,38045.0
2022-03-25,272037.0,33024.0
2022-03-28,277464.0,42096.0
2022-03-29,270731.0,26572.0
2022-03-30,252312.0,26527.0
2022-03-31,255711.0,30667.0
2022-04-01,259515.0,37856.0
2022-04-06,258746.0,35191.0
2022-04-07,247920.0,51914.0
2022-04-08,252322.0,56012.0
2022-04-11,232350.0,45058.0
2022-04-12,238761.0,49805.0
2022-04-13,255381.0,52713.0
2022-04-14,280541.0,55659.0
2022-04-15,283063.0,59807.0
2022-04-18,287292.0,54229.0
2022-04-19,319693.0,58278.0
2022-04-20,335783.0,56731.0
2022-04-21,335648.0,48181.0
2022-04-22,350568.0,56193.0
2022-04-25,345741.0,65065.0
2022-04-26,364749.0,62090.0
2022-04-27,362475.0,76918.0
2022-04-28,387881.0,63298.0
2022-04-29,398634.0,49201.0
2022-05-03,411027.0,45008.0
2022-05-04,410802.0,36639.0
2022-05-05,417149.0,43324.0
2022-05-06,411676.0,50169.0
2022-05-09,413698.0,65401.0
2022-05-10,407148.0,71649.0
2022-05-11,413023.0,56574.0
2022-05-12,429519.0,82660.0
2022-05-13,428551.0,66858.0
2022-05-16,438411.0,61399.0
2022-05-17,425857.0,47923.0
2022-05-18,447629.0,56932.0
2022-05-19,425244.0,54978.0
2022-05-20,438244.0,41981.0
2022-05-23,446943.0,47636.0
2022-05-24,451721.0,47845.0
2022-05-25,471238.0,56972.0
2022-05-26,473782.0,43370.0
2022-05-27,480630.0,41552.0
2022-05-30,482734.0,41777.0
2022-05-31,491287.0,40362.0
2022-06-01,483974.0,30571.0
2022-06-02,480221.0,34739.0
2022-06-06,478129.0,36319.0
2022-06-07,475619.0,37234.0
2022-06-08,474121.0,29385.0
2022-06-09,471826.0,36740.0
2022-06-10,462228.0,38274.0
2022-06-13,439243.0,46314.0
2022-06-14,419224.0,51619.0
2022-06-15,422264.0,45161.0
2022-06-16,439548.0,74706.0
2022-06-17,416659.0,81432.0
2022-06-20,405667.0,71067.0
2022-06-21,403238.0,71170.0
2022-06-22,415149.0,90462.0
2022-06-23,405351.0,68767.0
2022-06-24,414962.0,64304.0
2022-06-27,411040.0,49029.0
2022-06-28,404385.0,43648.0
2022-06-29,426444.0,76236.0
2022-06-30,422162.0,77018.0
2022-07-01,425498.0,93033.0
2022-07-04,439252.0,90694.0
2022-07-05,435051.0,63393.0
2022-07-06,466083.0,83360.0
2022-07-07,464145.0,72771.0
2022-07-08,467115.0,54636.0
2022-07-11,479182.0,49192.0
2022-07-12,492620.0,84379.0
2022-07-13,501594.0,65315.0
2022-07-14,500786.0,65935.0
2022-07-15,500998.0,51452.0
2022-07-18,508510.0,45979.0
2022-07-19,507142.0,37577.0
2022-07-20,521078.0,52723.0
2022-07-21,526415.0,54353.0
2022-07-22,529008.0,42751.0
2022-07-25,532207.0,40971.0
2022-07-26,546174.0,57337.0
2022-07-27,572061.0,69354.0
2022-07-28,607075.0,75590.0
2022-07-29,607159.0,61274.0
2022-08-01,618114.0,49479.0
2022-08-02,620026.0,59432.0
2022-08-03,627490.0,58209.0
2022-08-04,641276.0,76913.0
2022-08-05,653150.0,61807.0
2022-08-08,663636.0,52187.0
2022-08-09,685870.0,61127.0
2022-08-10,687478.0,45619.0
2022-08-11,682627.0,51083.0
2022-08-12,686879.0,43754.0
2022-08-15,680341.0,41753.0
2022-08-16,684190.0,46176.0
2022-08-17,694449.0,42980.0
2022-08-18,687056.0,43565.0
2022-08-19,680815.0,44183.0
2022-08-22,673271.0,37169.0
2022-08-23,676488.0,46918.0
2022-08-24,690827.0,46086.0
2022-08-25,699256.0,39483.0
2022-08-26,701525.0,40142.0
2022-08-29,682838.0,44123.0
2022-08-30,688563.0,38598.0
2022-08-31,691689.0,40165.0
2022-09-01,694785.0,47592.0
2022-09-02,705966.0,49345.0
2022-09-05,718336.0,55424.0
2022-09-06,711868.0,55111.0
2022-09-07,705082.0,49759.0
2022-09-08,726206.0,58887.0
2022-09-12,717171.0,38581.0
2022-09-13,721395.0,33992.0
2022-09-14,719341.0,44920.0
2022-09-15,723951.0,35181.0
2022-09-16,727410.0,40340.0
2022-09-19,716267.0,39681.0
2022-09-20,726018.0,46209.0
2022-09-21,723488.0,46438.0
2022-09-22,719554.0,60263.0
2022-09-23,699835.0,63082.0
2022-09-26,674724.0,68045.0
2022-09-27,676105.0,71796.0
2022-09-28,674641.0,85174.0
2022-09-29,697517.0,72930.0
2022-09-30,679549.0,70841.0
2022-10-03,690030.0,58773.0
2022-10-04,698023.0,55857.0
2022-10-05,713042.0,55205.0
2022-10-06,720615.0,42273.0
2022-10-07,735002.0,48293.0
2022-10-11,715334.0,61247.0
2022-10-12,713571.0,50875.0
2022-10-13,715921.0,64532.0
2022-10-14,684240.0,51616.0
2022-10-17,671963.0,54561.0
2022-10-18,672849.0,36953.0
2022-10-19,687128.0,42631.0
2022-10-20,687237.0,50900.0
2022-10-21,693731.0,46872.0
2022-10-24,695006.0,31442.0
2022-10-25,685028.0,33232.0
2022-10-26,685540.0,43036.0
2022-10-27,680147.0,45636.0
2022-10-28,679615.0,39221.0
2022-10-31,684949.0,32818.0
2022-11-01,692718.0,39519.0
2022-11-02,694150.0,27326.0
2022-11-03,688898.0,31429.0
2022-11-04,690118.0,34914.0
2022-11-07,701208.0,45397.0
2022-11-08,700957.0,32835.0
2022-11-09,711383.0,39922.0
2022-11-10,707138.0,31098.0
2022-11-11,695776.0,36110.0
2022-11-14,702812.0,36134.0
2022-11-15,719319.0,46577.0
2022-11-16,719162.0,29615.0
2022-11-17,719166.0,33851.0
2022-11-18,721827.0,38279.0
2022-11-21,724157.0,32116.0
2022-11-22,726780.0,30423.0
2022-11-23,726315.0,33944.0
2022-11-24,722112.0,38042.0
2022-11-25,727039.0,31738.0
2022-11-28,721121.0,28570.0
2022-11-29,720710.0,32093.0
2022-11-30,727060.0,32146.0
2022-12-01,721313.0,33414.0
2022-12-02,720482.0,24325.0
2022-12-05,723775.0,33490.0
2022-12-06,718861.0,30193.0
2022-12-07,717256.0,36213.0
2022-12-08,722032.0,30946.0
2022-12-09,725018.0,30200.0
2022-12-12,720275.0,25736.0
2022-12-13,723999.0,28873.0
2022-12-14,725387.0,31199.0
2022-12-15,728878.0,27369.0
2022-12-16,728499.0,42175.0
2022-12-19,718101.0,29222.0
2022-12-20,707978.0,40815.0
2022-12-21,713484.0,39771.0
2022-12-22,723752.0,39967.0
2022-12-23,712698.0,30051.0
2022-12-26,713262.0,24497.0
2022-12-27,714003.0,31381.0
2022-12-28,711223.0,32612.0
2022-12-29,701484.0,30459.0
2022-12-30,703212.0,24012.0
2023-01-03,701760.0,29283.0
2023-01-04,696107.0,27810.0
2023-01-05,693791.0,27172.0
2023-01-06,685260.0,24458.0
2023-01-09,677457.0,25384.0
2023-01-10,669911.0,19787.0
2023-01-11,661593.0,15167.0
2023-01-12,649643.0,14594.0
2023-01-13,635868.0,14359.0
2023-01-16,621658.0,13643.0
2023-01-17,605795.0,11652.0
2023-01-30,607218.0,22954.0
2023-01-31,617084.0,27545.0
2023-02-01,617060.0,21809.0
2023-02-02,616375.0,24356.0
2023-02-03,610275.0,16965.0
2023-02-06,605958.0,20939.0
2023-02-07,604068.0,19121.0
2023-02-08,604379.0,22128.0
2023-02-09,605033.0,17999.0
2023-02-10,597721.0,19615.0
2023-02-13,594300.0,18926.0
2023-02-14,593808.0,20583.0
2023-02-15,594911.0,24783.0
2023-02-16,596443.0,26931.0
2023-02-17,590366.0,23559.0
2023-02-20,589141.0,23939.0
2023-02-21,587713.0,23808.0
2023-02-22,580540.0,22690.0
2023-02-23,576916.0,22931.0
2023-02-24,574597.0,27059.0
2023-03-01,567927.0,27002.0
2023-03-02,560428.0,23798.0
2023-03-03,553457.0,23911.0
2023-03-06,550253.0,25235.0
2023-03-07,543052.0,22490.0
2023-03-08,543400.0,27175.0
2023-03-09,530564.0,25567.0
2023-03-10,510740.0,35423.0
2023-03-13,487546.0,27936.0
2023-03-14,467562.0,25906.0
2023-03-15,445271.0,25577.0
2023-03-16,425586.0,38997.0
2023-03-17,394635.0,28706.0
2023-03-20,370157.0,24362.0
2023-03-21,357688.0,26563.0
2023-03-22,339713.0,22652.0
2023-03-23,316215.0,27494.0
2023-03-24,272799.0,27111.0
2023-03-27,259161.0,19362.0
2023-03-28,234692.0,21203.0
2023-03-29,229783.0,19334.0
2023-03-30,240849.0,34234.0
2023-03-31,241494.0,25960.0
2023-04-06,235946.0,33693.0
2023-04-07,217646.0,26675.0
2023-04-10,205250.0,24286.0
2023-04-11,207070.0,24875.0
2023-04-12,216370.0,29525.0
2023-04-13,222544.0,38110.0
2023-04-14,224482.0,33612.0
2023-04-17,241748.0,37547.0
2023-04-18,234704.0,23727.0
2023-04-19,238502.0,28579.0
2023-04-20,236562.0,38269.0
2023-04-21,226972.0,36682.0
2023-04-24,245048.0,38737.0
2023-04-25,245753.0,38566.0
2023-04-26,256083.0,43750.0
2023-04-27,278769.0,46762.0
2023-04-28,284269.0,38037.0
2023-05-02,292962.0,31958.0
2023-05-03,307824.0,39333.0
2023-05-04,315247.0,27953.0
2023-05-05,310104.0,27505.0
2023-05-08,316957.0,29982.0
2023-05-09,318085.0,31861.0
2023-05-10,322356.0,34857.0
2023-05-11,322388.0,41612.0
2023-05-12,330087.0,43863.0
2023-05-15,330381.0,30102.0
2023-05-16,337011.0,29539.0
2023-05-17,342291.0,33683.0
2023-05-18,349967.0,34061.0
2023-05-19,352046.0,33116.0
2023-05-22,356235.0,26273.0
2023-05-23,359848.0,23410.0
2023-05-24,362721.0,21295.0
2023-05-25,358434.0,24745.0
2023-05-26,342767.0,24727.0
2023-05-29,341641.0,29687.0
2023-05-30,331981.0,19878.0
2023-05-31,347343.0,35978.0
2023-06-01,348277.0,33095.0
2023-06-02,343947.0,28314.0
2023-06-05,343027.0,28058.0
2023-06-06,341850.0,26371.0
2023-06-07,347385.0,28345.0
2023-06-08,339280.0,24556.0
2023-06-09,342429.0,28142.0
2023-06-12,329628.0,22187.0
2023-06-13,332445.0,29883.0
2023-06-14,335686.0,32232.0
2023-06-15,343407.0,33221.0
2023-06-16,338570.0,32105.0
2023-06-19,325764.0,22135.0
2023-06-20,319403.0,22981.0
2023-06-21,312948.0,23503.0
2023-06-26,314920.0,34516.0
2023-06-27,285162.0,22451.0
2023-06-28,289446.0,27139.0
2023-06-29,287244.0,21087.0
2023-06-30,294819.0,30137.0
2023-07-03,305357.0,32707.0
2023-07-04,317849.0,43019.0
2023-07-05,303674.0,25970.0
2023-07-06,300635.0,27823.0
2023-07-07,295060.0,32463.0
2023-07-10,289253.0,30454.0
2023-07-11,291694.0,33138.0
2023-07-12,295317.0,35711.0
2023-07-13,298694.0,37023.0
2023-07-14,307413.0,35359.0
2023-07-17,319838.0,35941.0
2023-07-18,320123.0,38812.0
2023-07-19,318222.0,33581.0
2023-07-20,325310.0,36449.0
2023-07-21,321531.0,37609.0
2023-07-24,308558.0,26309.0
2023-07-25,309051.0,29956.0
2023-07-26,298322.0,27686.0
2023-07-27,301765.0,35268.0
2023-07-28,304789.0,34405.0
2023-07-31,308140.0,38902.0
2023-08-01,293413.0,23418.0
2023-08-02,295257.0,42666.0
2023-08-04,290568.0,36781.0
2023-08-07,300061.0,38757.0
2023-08-08,301335.0,28179.0
2023-08-09,310938.0,37010.0
2023-08-10,295840.0,40865.0
2023-08-11,296345.0,37366.0
2023-08-14,290037.0,39142.0
2023-08-15,295953.0,32765.0
2023-08-16,300181.0,44437.0
2023-08-17,299015.0,36028.0
2023-08-18,296976.0,35790.0
2023-08-21,299597.0,30347.0
2023-08-22,304285.0,28121.0
2023-08-23,318635.0,34513.0
2023-08-24,312375.0,25518.0
2023-08-25,312197.0,31091.0
2023-08-28,311339.0,27526.0
2023-08-29,318460.0,25826.0
2023-08-30,330406.0,36384.0
2023-08-31,332515.0,32633.0
2023-09-01,335118.0,31973.0
2023-09-04,335374.0,29290.0
2023-09-05,337065.0,26776.0
2023-09-06,342490.0,26363.0
2023-09-07,340887.0,23767.0
2023-09-08,343358.0,26970.0
2023-09-11,331675.0,30276.0
2023-09-12,333330.0,34988.0
2023-09-13,335766.0,32257.0
2023-09-14,344635.0,34695.0
2023-09-15,340852.0,26551.0
2023-09-18,332167.0,19552.0
2023-09-19,332647.0,24652.0
2023-09-20,325193.0,29698.0
2023-09-21,318647.0,29892.0
2023-09-22,317484.0,27108.0
2023-09-25,323302.0,23160.0
2023-09-26,324218.0,24517.0
2023-09-27,326123.0,25221.0
2023-09-28,325821.0,23453.0
2023-10-02,330386.0,28529.0
2023-10-03,337799.0,29060.0
2023-10-04,337655.0,26773.0
2023-10-05,338158.0,22266.0
2023-10-06,332677.0,20828.0
2023-10-11,316666.0,22125.0
2023-10-12,321604.0,31857.0
2023-10-13,321038.0,23785.0
2023-10-16,318640.0,22535.0
2023-10-17,330990.0,36414.0
2023-10-18,317530.0,32645.0
2023-10-19,313660.0,26975.0
2023-10-20,320460.0,37007.0
2023-10-23,331054.0,29409.0
2023-10-24,330309.0,30504.0
2023-10-25,339180.0,30790.0
2023-10-26,340692.0,32451.0
2023-10-27,349752.0,34244.0
2023-10-30,354641.0,28001.0
2023-10-31,349746.0,32296.0
2023-11-01,349473.0,30086.0
2023-11-02,360702.0,33437.0
2023-11-03,364421.0,26639.0
2023-11-06,363149.0,29007.0
2023-11-07,361724.0,20933.0
2023-11-08,360623.0,23217.0
2023-11-09,353040.0,20985.0
2023-11-10,344794.0,22000.0
2023-11-13,344551.0,24188.0
2023-11-14,340557.0,22491.0
2023-11-15,346568.0,27117.0
2023-11-16,346387.0,25424.0
2023-11-17,356621.0,30255.0
2023-11-20,360698.0,28367.0
2023-11-21,358879.0,21670.0
2023-11-22,359013.0,22557.0
2023-11-23,353608.0,22687.0
2023-11-24,356672.0,25624.0
2023-11-27,351358.0,23336.0
2023-11-28,366210.0,35430.0
2023-11-29,372965.0,29664.0
2023-11-30,374848.0,22956.0
2023-12-01,381391.0,29040.0
2023-12-04,385316.0,27364.0
2023-12-05,380986.0,24335.0
2023-12-06,382926.0,24078.0
2023-12-07,376927.0,20783.0
2023-12-08,374669.0,25264.0
2023-12-11,368318.0,20830.0
2023-12-12,367473.0,23268.0
2023-12-13,364038.0,26217.0
2023-12-14,366861.0,26002.0
2023-12-15,361816.0,23658.0
2023-12-18,359153.0,24309.0
2023-12-19,353225.0,25609.0
2023-12-20,365038.0,32483.0
2023-12-21,370561.0,31560.0
2023-12-22,370809.0,21841.0
2023-12-25,360964.0,23187.0
2023-12-26,363727.0,24574.0
2023-12-27,361111.0,23345.0
2023-12-28,360266.0,21493.0
2023-12-29,356616.0,18214.0
2024-01-02,360252.0,27072.0
2024-01-03,352995.0,23948.0
2024-01-04,356037.0,30035.0
2024-01-05,366867.0,29764.0
2024-01-08,366496.0,21418.0
2024-01-09,355876.0,28873.0
2024-01-10,350497.0,28449.0
2024-01-11,347572.0,26664.0
2024-01-12,342407.0,21121.0
2024-01-15,355772.0,29183.0
2024-01-16,353651.0,25005.0
2024-01-17,333518.0,24886.0
2024-01-18,336642.0,27687.0
2024-01-19,339164.0,30370.0
2024-01-22,344677.0,28416.0
2024-01-23,349373.0,23772.0
2024-01-24,357239.0,23775.0
2024-01-25,356737.0,22078.0
2024-01-26,350744.0,22319.0
2024-01-29,354745.0,24655.0
2024-01-30,353225.0,22227.0
2024-01-31,345060.0,20582.0
2024-02-01,343744.0,21368.0
2024-02-02,333029.0,14534.0
2024-02-05,309075.0,15701.0
2024-02-15,328752.0,43238.0
2024-02-16,343682.0,33447.0
2024-02-19,326088.0,26978.0
2024-02-20,329808.0,24698.0
2024-02-21,333605.0,27668.0
2024-02-22,334682.0,23007.0
2024-02-23,329725.0,24884.0
2024-02-26,335133.0,27656.0
2024-02-27,325044.0,23559.0
2024-02-29,337254.0,34161.0
2024-03-01,330346.0,21501.0
2024-03-04,328325.0,22592.0
2024-03-05,334418.0,27901.0
2024-03-06,335922.0,29365.0
2024-03-07,318824.0,22583.0
2024-03-08,287870.0,21470.0
2024-03-11,287854.0,24767.0
2024-03-12,281628.0,23438.0
2024-03-13,260776.0,22482.0
2024-03-14,252587.0,22725.0
2024-03-15,240412.0,22869.0
2024-03-18,221401.0,18898.0
2024-03-19,209152.0,12903.0
2024-03-20,194265.0,15331.0
2024-03-21,184420.0,20354.0
2024-03-22,159614.0,16796.0
2024-03-25,154482.0,18713.0
2024-03-26,153800.0,23269.0
2024-03-27,157170.0,24623.0
2024-03-28,163322.0,27260.0
2024-03-29,181531.0,42037.0
2024-04-01,183113.0,27516.0
2024-04-02,176362.0,25407.0
2024-04-03,160940.0,15516.0
2024-04-08,157057.0,21703.0
2024-04-09,156825.0,22062.0
2024-04-10,158209.0,22557.0
2024-04-11,156009.0,27218.0
2024-04-12,153298.0,29218.0
2024-04-15,141511.0,20950.0
2024-04-16,127422.0,23908.0
2024-04-17,144564.0,33700.0
2024-04-18,157150.0,34316.0
2024-04-19,143957.0,30631.0
2024-04-22,147845.0,32463.0
2024-04-23,159791.0,32635.0
2024-04-24,171673.0,37812.0
2024-04-25,180825.0,26221.0
2024-04-26,189593.0,25318.0
2024-04-29,198827.0,25627.0
2024-04-30,201293.0,22560.0
2024-05-02,210127.0,28455.0
2024-05-03,216277.0,27883.0
2024-05-06,223657.0,29371.0
2024-05-07,222856.0,27649.0
2024-05-08,231476.0,27495.0
2024-05-09,232315.0,25458.0
2024-05-10,241985.0,36094.0
2024-05-13,242915.0,28119.0
2024-05-14,248954.0,30256.0
2024-05-15,255839.0,30139.0
2024-05-16,267313.0,33353.0
2024-05-17,269712.0,26673.0
2024-05-20,274374.0,26523.0
2024-05-21,277259.0,28456.0
2024-05-22,282357.0,30390.0
2024-05-23,279860.0,27084.0
2024-05-24,285643.0,34738.0
2024-05-27,289980.0,25301.0
2024-05-28,294685.0,28311.0
2024-05-29,294846.0,25632.0
2024-05-30,289746.0,24647.0
2024-05-31,288200.0,28494.0
2024-06-03,292053.0,27380.0
2024-06-04,280314.0,25155.0
2024-06-05,277635.0,26349.0
2024-06-06,267655.0,22129.0
2024-06-07,277023.0,31399.0
2024-06-11,274241.0,30714.0
2024-06-12,266025.0,27018.0
2024-06-13,274849.0,28448.0
2024-06-14,274439.0,26631.0
2024-06-17,275277.0,21085.0
2024-06-18,277983.0,25786.0
2024-06-19,269756.0,21084.0
2024-06-20,279081.0,31218.0
2024-06-21,278493.0,25731.0
2024-06-24,256948.0,19352.0
2024-06-25,244776.0,22941.0
2024-06-26,243639.0,23037.0
2024-06-27,235837.0,21012.0
2024-06-28,231529.0,19647.0
2024-07-01,220413.0,21976.0
2024-07-02,221386.0,28108.0
2024-07-03,221749.0,31014.0
2024-07-04,225460.0,28981.0
2024-07-05,238711.0,38498.0
2024-07-08,231973.0,27503.0
2024-07-09,218495.0,25623.0
2024-07-10,227576.0,31523.0
2024-07-11,237221.0,34347.0
2024-07-12,236875.0,32058.0
2024-07-15,230823.0,24040.0
2024-07-16,231395.0,27298.0
2024-07-17,236237.0,30471.0
2024-07-18,219810.0,22248.0
2024-07-19,209886.0,25952.0
2024-07-22,197491.0,28087.0
2024-07-23,198743.0,24381.0
2024-07-26,194990.0,26296.0
2024-07-29,206502.0,37270.0
2024-07-30,213878.0,38005.0
2024-07-31,225143.0,29611.0
2024-08-01,248650.0,44387.0
2024-08-02,242918.0,42055.0
2024-08-05,242299.0,64213.0
2024-08-06,210173.0,32326.0
2024-08-07,240878.0,54239.0
2024-08-08,259989.0,44655.0
2024-08-09,279493.0,43972.0
2024-08-12,239255.0,31120.0
2024-08-13,243157.0,28883.0
2024-08-14,251362.0,26398.0
2024-08-15,258333.0,29461.0
2024-08-16,260561.0,33413.0
2024-08-19,270162.0,28641.0
2024-08-20,271261.0,31559.0
2024-08-21,270822.0,25661.0
2024-08-22,276194.0,27735.0
2024-08-23,288426.0,44093.0
2024-08-26,296079.0,32593.0
2024-08-27,304175.0,30735.0
2024-08-28,306445.0,26738.0
2024-08-29,303494.0,30131.0
2024-08-30,289462.0,18605.0
2024-09-02,283378.0,19167.0
2024-09-03,287300.0,28667.0
2024-09-04,267568.0,30113.0
2024-09-05,292187.0,46533.0
2024-09-06,290684.0,24060.0
2024-09-09,280389.0,28321.0
2024-09-10,280678.0,35213.0
2024-09-11,286428.0,34346.0
2024-09-12,293575.0,33612.0
2024-09-13,297466.0,26240.0
2024-09-16,303627.0,28657.0
2024-09-18,301932.0,30241.0
2024-09-19,308431.0,33068.0
2024-09-20,316694.0,34272.0
2024-09-23,311102.0,26616.0
2024-09-24,308861.0,25586.0
2024-09-25,310309.0,27447.0
2024-09-26,309308.0,24215.0
2024-09-27,310514.0,23901.0
2024-09-30,304410.0,19686.0
2024-10-01,308535.0,26618.0
2024-10-04,308510.0,35164.0
2024-10-07,316271.0,34620.0
2024-10-08,307690.0,26708.0
2024-10-09,302368.0,25893.0
2024-10-11,305092.0,25699.0
2024-10-14,308893.0,31284.0
2024-10-15,314775.0,32655.0
2024-10-16,324688.0,36119.0
2024-10-17,327821.0,27255.0
2024-10-18,323096.0,34520.0
2024-10-21,332676.0,33130.0
2024-10-22,334844.0,25695.0
2024-10-23,345845.0,32454.0
2024-10-24,330137.0,24652.0
2024-10-25,327099.0,23669.0
2024-10-28,323686.0,23857.0
2024-10-29,312552.0,24540.0
2024-10-30,316275.0,29675.0
2024-11-01,312233.0,35055.0
2024-11-04,314436.0,27500.0
2024-11-05,326708.0,29987.0
2024-11-06,320109.0,25325.0
2024-11-07,337692.0,36022.0
2024-11-08,333375.0,27676.0
2024-11-11,331747.0,25731.0
2024-11-12,325016.0,34009.0
2024-11-13,323918.0,28931.0
2024-11-14,331367.0,37404.0
2024-11-15,333305.0,34825.0
2024-11-18,324802.0,30723.0
2024-11-19,335763.0,35689.0
2024-11-20,327565.0,23687.0
2024-11-21,329778.0,34137.0
2024-11-22,339969.0,33286.0
2024-11-25,352400.0,38231.0
2024-11-26,349400.0,23184.0
2024-11-27,340914.0,35822.0
2024-11-28,331764.0,31366.0
2024-11-29,333005.0,32428.0
2024-12-02,336395.0,29240.0
2024-12-03,338211.0,24949.0
2024-12-04,352204.0,34947.0
2024-12-05,351611.0,23006.0
2024-12-06,348637.0,23279.0
2024-12-09,344165.0,25082.0
2024-12-10,332417.0,22037.0
2024-12-11,334426.0,31406.0
2024-12-12,339106.0,28786.0
2024-12-13,336788.0,31317.0
2024-12-16,336881.0,35547.0
2024-12-17,339087.0,35572.0
2024-12-18,334664.0,28894.0
2024-12-19,339355.0,35722.0
2024-12-20,343208.0,31941.0
2024-12-23,343153.0,24667.0
2024-12-24,334400.0,24258.0
2024-12-25,347901.0,33399.0
2024-12-26,347608.0,22763.0
2024-12-27,347321.0,28353.0
2024-12-30,353397.0,28646.0
2024-12-31,359555.0,31749.0
2025-01-02,365843.0,39535.0
2025-01-03,358766.0,26394.0
2025-01-06,351704.0,24155.0
2025-01-07,359066.0,32620.0
2025-01-08,354845.0,26882.0
2025-01-09,344263.0,35978.0
2025-01-10,340891.0,30417.0
2025-01-13,328756.0,36721.0
2025-01-14,331971.0,32291.0
2025-01-15,340272.0,35884.0
2025-01-16,354377.0,35978.0
2025-01-17,351372.0,23009.0
2025-01-20,358207.0,29365.0
2025-01-21,360126.0,25264.0
2025-01-22,350923.0,18499.0
2025-02-03,354013.0,42651.0
2025-02-04,345760.0,26886.0
2025-02-05,359365.0,30178.0
2025-02-06,372003.0,29409.0
2025-02-07,380899.0,31528.0
2025-02-10,375110.0,20645.0
2025-02-11,373512.0,23691.0
2025-02-12,367835.0,24299.0
2025-02-13,374971.0,31235.0
2025-02-14,374611.0,28274.0
2025-02-17,383327.0,37172.0
2025-02-18,387961.0,27511.0
2025-02-19,384701.0,28516.0
2025-02-20,373902.0,20035.0
2025-02-21,366849.0,27782.0
2025-02-24,372279.0,40469.0
2025-02-25,363193.0,24215.0
2025-02-26,348022.0,22200.0
2025-02-27,339387.0,27091.0
2025-03-03,315974.0,18825.0
2025-03-04,309818.0,28052.0
2025-03-05,312942.0,23850.0
2025-03-06,307330.0,21675.0
2025-03-07,299465.0,22293.0
2025-03-10,288980.0,22400.0
2025-03-11,266220.0,27537.0
2025-03-12,264645.0,27550.0
2025-03-13,251976.0,24086.0
2025-03-14,243168.0,25558.0
2025-03-17,231594.0,18647.0
2025-03-18,227796.0,19249.0
2025-03-19,211667.0,17885.0
2025-03-20,207069.0,24083.0
2025-03-21,176407.0,20136.0
2025-03-24,176301.0,20929.0
2025-03-25,169563.0,16895.0
2025-03-26,169006.0,22271.0
2025-03-27,174380.0,33726.0
2025-03-28,166410.0,34836.0
2025-03-31,160471.0,39587.0
2025-04-01,160713.0,33756.0
2025-04-02,151311.0,24760.0
2025-04-07,176038.0,38397.0
2025-04-08,120937.0,11966.0
2025-04-09,109065.0,14893.0
2025-04-10,93044.0,10431.0
2025-04-11,91865.0,27123.0
2025-04-14,114597.0,34592.0
2025-04-15,126165.0,27698.0
2025-04-16,128553.0,30841.0
2025-04-17,122987.0,26393.0
2025-04-18,124817.0,22004.0
2025-04-21,136292.0,29637.0
2025-04-22,141400.0,27557.0
2025-04-23,159448.0,39568.0
2025-04-24,173599.0,31267.0
2025-04-25,184309.0,33710.0
2025-04-28,192037.0,25313.0
2025-04-29,194872.0,25702.0
2025-04-30,199782.0,24026.0
2025-05-02,211440.0,30744.0
2025-05-05,222311.0,41089.0
2025-05-06,238845.0,37814.0
2025-05-07,249541.0,31019.0
2025-05-08,251778.0,22824.0
2025-05-09,252819.0,27671.0
2025-05-12,256942.0,24648.0
2025-05-13,257928.0,28434.0
2025-05-14,255535.0,23162.0
2025-05-15,255122.0,18387.0
2025-05-16,262170.0,27476.0
2025-05-19,254539.0,18439.0
2025-05-20,260240.0,26090.0
2025-05-21,261406.0,23013.0
2025-05-22,271572.0,31983.0
2025-05-23,271066.0,25492.0
2025-05-26,272063.0,28913.0
2025-05-27,266386.0,24195.0
2025-05-28,271241.0,28747.0
2025-05-29,269527.0,26107.0
2025-06-02,259728.0,28413.0
2025-06-03,273470.0,31926.0
2025-06-04,276620.0,28758.0
2025-06-05,273390.0,22547.0
2025-06-06,272925.0,22797.0
2025-06-09,276077.0,26167.0
2025-06-10,273727.0,22138.0
2025-06-11,268945.0,23180.0
2025-06-12,270997.0,23604.0
2025-06-13,268754.0,24307.0
2025-06-16,267252.0,20591.0
2025-06-17,261593.0,18836.0
2025-06-18,270132.0,36653.0
2025-06-19,264758.0,22774.0
2025-06-20,250509.0,25297.0
2025-06-23,240641.0,20969.0
2025-06-24,247292.0,30282.0
2025-06-25,248507.0,23685.0
2025-06-26,248758.0,20715.0
2025-06-27,250102.0,29793.0
2025-06-30,249595.0,24776.0
2025-07-01,253342.0,24310.0
2025-07-02,252217.0,22766.0
2025-07-03,259305.0,30482.0
2025-07-04,257474.0,30282.0
2025-07-07,254202.0,28576.0
2025-07-08,258235.0,36472.0
2025-07-09,278060.0,45363.0
2025-07-10,283375.0,40202.0
2025-07-11,280393.0,42290.0
2025-07-14,280431.0,32829.0
2025-07-15,284957.0,45144.0
2025-07-16,306123.0,52572.0
2025-07-17,313984.0,40930.0
2025-07-18,309920.0,43442.0
2025-07-21,306977.0,27059.0
2025-07-22,293428.0,31297.0
2025-07-23,300633.0,26373.0
2025-07-24,274880.0,25321.0
2025-07-25,277476.0,20992.0
2025-07-28,283687.0,26388.0
2025-07-29,264139.0,20509.0
2025-07-30,278962.0,35161.0
2025-07-31,285892.0,32815.0
2025-08-01,287502.0,28338.0
2025-08-04,285739.0,24765.0
2025-08-05,291126.0,23985.0
2025-08-06,299290.0,28706.0
2025-08-07,307521.0,30787.0
2025-08-08,308795.0,28690.0
2025-08-11,315749.0,35480.0
2025-08-12,325653.0,35008.0
2025-08-13,326848.0,31322.0
2025-08-14,328924.0,27844.0
2025-08-15,339040.0,40772.0
2025-08-18,346552.0,37426.0
2025-08-19,335550.0,28272.0
2025-08-20,309946.0,27661.0
2025-08-21,315690.0,26444.0
2025-08-22,310123.0,22093.0
2025-08-25,326939.0,34954.0
2025-08-26,332684.0,29629.0
2025-08-27,327844.0,25354.0
2025-08-28,331712.0,22340.0
2025-08-29,331723.0,21641.0
2025-09-01,322998.0,24044.0
2025-09-02,312656.0,24731.0
2025-09-03,325390.0,31519.0
2025-09-04,324796.0,27780.0
2025-09-05,334667.0,32155.0
2025-09-08,330795.0,24897.0
2025-09-09,341087.0,31259.0
2025-09-10,342933.0,25251.0
2025-09-11,341667.0,27290.0
2025-09-12,341251.0,24617.0
2025-09-15,336731.0,31070.0
2025-09-16,341796.0,36174.0
2025-09-17,359579.0,41449.0
2025-09-18,373753.0,42059.0
2025-09-19,380877.0,39333.0
2025-09-22,366407.0,29117.0
2025-09-23,367956.0,37690.0
2025-09-24,368264.0,29238.0
2025-09-25,375139.0,34948.0
2025-09-26,340460.0,26198.0
2025-09-30,350683.0,31949.0
2025-10-01,358809.0,30021.0
2025-10-02,359110.0,24920.0
2025-10-03,364109.0,30137.0
2025-10-07,386191.0,47522.0
2025-10-08,376062.0,26706.0
2025-10-09,378827.0,33060.0
2025-10-13,354985.0,24891.0
2025-10-14,352093.0,39237.0
2025-10-15,349228.0,36090.0
2025-10-16,358870.0,35673.0
2025-10-17,366833.0,34865.0
2025-10-20,376639.0,34169.0
2025-10-21,361598.0,20660.0
2025-10-22,361880.0,24382.0
2025-10-23,364534.0,26062.0
2025-10-27,369379.0,25283.0
2025-10-28,368920.0,31383.0
2025-10-29,369367.0,27307.0
2025-10-30,366917.0,24868.0
2025-10-31,346773.0,17407.0
2025-11-03,348168.0,24536.0
2025-11-04,333924.0,20918.0
2025-11-05,329378.0,31026.0
2025-11-06,337966.0,27676.0
2025-11-07,334174.0,26376.0
2025-11-10,336244.0,31767.0
2025-11-11,344737.0,33685.0
2025-11-12,353983.0,35473.0
2025-11-13,344059.0,28217.0
2025-11-14,330095.0,25551.0
2025-11-17,335399.0,32216.0
2025-11-18,338384.0,40367.0
2025-11-19,321673.0,26487.0
2025-11-20,331450.0,36784.0
2025-11-21,319140.0,44416.0
2025-11-24,317984.0,34271.0
2025-11-25,324071.0,33368.0
2025-11-26,311239.0,27316.0
2025-11-27,320088.0,34863.0
2025-11-28,322109.0,25768.0
2025-12-01,321789.0,23421.0
2025-12-02,327819.0,26390.0
2025-12-03,326929.0,23167.0
2025-12-04,329340.0,27119.0
2025-12-05,329010.0,24764.0
2025-12-08,336818.0,31477.0
2025-12-09,340761.0,31858.0
2025-12-10,331688.0,20681.0
2025-12-11,335664.0,26316.0
2025-12-12,333733.0,27765.0
2025-12-15,330741.0,28988.0
2025-12-16,320178.0,37704.0
2025-12-17,325735.0,30450.0
2025-12-18,323529.0,21351.0
2025-12-19,325802.0,26463.0
2025-12-22,308773.0,26559.0
2025-12-23,308334.0,21007.0
2025-12-24,315716.0,27397.0
2025-12-26,323695.0,25480.0
2025-12-29,326917.0,24942.0
2025-12-30,328520.0,30646.0
2025-12-31,328830.0,24391.0
2026-01-02,339379.0,40371.0
2026-01-05,338508.0,35180.0
2026-01-06,371022.0,66195.0
2026-01-07,363402.0,40417.0
2026-01-08,360681.0,38150.0
2026-01-09,333059.0,30215.0
2026-01-12,266134.0,23220.0
2026-01-13,271764.0,25901.0
2026-01-14,268798.0,23105.0
2026-01-15,284898.0,37138.0
2026-01-16,269957.0,22158.0
2026-01-19,265088.0,27464.0
2026-01-20,263497.0,30170.0
2026-01-21,264970.0,34561.0
2026-01-22,263565.0,25666.0
2026-01-23,250167.0,19196.0
2026-01-26,258128.0,27617.0
2026-01-27,252805.0,19670.0
2026-01-28,254481.0,22661.0
2026-01-29,252074.0,27232.0
2026-01-30,232813.0,21074.0
2026-02-02,230301.0,31113.0
2026-02-03,217756.0,17313.0
2026-02-04,229517.0,25348.0
2026-02-05,220027.0,16809.0
2026-02-06,215243.0,24268.0
2026-02-09,214061.0,19528.0
2026-02-10,204709.0,12679.0
2026-02-11,203282.0,18757.0
2026-02-23,210827.0,23790.0
2026-02-24,237544.0,39947.0
2026-02-25,231679.0,18059.0
2026-02-26,232284.0,27512.0
2026-03-02,212480.0,24405.0
2026-03-03,203018.0,29573.0
2026-03-04,180242.0,23540.0
2026-03-05,183081.0,22384.0
2026-03-06,185603.0,21058.0
2026-03-09,184891.0,33359.0
2026-03-10,182191.0,20623.0
2026-03-11,192036.0,34331.0
2026-03-12,185915.0,27436.0
2026-03-13,178400.0,35003.0
2026-03-16,160168.0,21640.0
2026-03-17,149157.0,15886.0
2026-03-18,138120.0,20238.0
2026-03-19,124749.0,16838.0
2026-03-20,93141.0,23590.0
2026-03-23,77835.0,17265.0
2026-03-24,78380.0,15657.0
2026-03-25,76948.0,14756.0
2026-03-26,80515.0,14561.0
2026-03-27,86960.0,20885.0
2026-03-30,93345.0,20348.0
2026-03-31,93139.0,21282.0
2026-04-01,90391.0,18106.0
2026-04-02,84246.0,17826.0
2026-04-07,86385.0,12632.0
2026-04-08,87778.0,18223.0
2026-04-09,95609.0,24688.0
2026-04-10,90883.0,14516.0
2026-04-13,98888.0,20083.0
2026-04-14,109791.0,24197.0
2026-04-15,106036.0,17877.0
2026-04-16,111924.0,22508.0
2026-04-17,114735.0,22272.0
2026-04-20,115018.0,18264.0
2026-04-21,115213.0,17630.0
2026-04-22,119375.0,15936.0
2026-04-23,119440.0,30729.0
2026-04-24,120886.0,20940.0
2026-04-27,122765.0,20760.0
2026-04-28,128701.0,21208.0
2026-04-29,128057.0,17006.0
2026-04-30,126085.0,14216.0
2026-05-04,130735.0,16751.0
2026-05-05,135852.0,16829.0
2026-05-06,137932.0,17074.0
2026-05-07,140294.0,20199.0
2026-05-08,138622.0,20260.0
2026-05-11,144789.0,18056.0
2026-05-12,131080.0,21973.0
2026-05-13,132633.0,24605.0
2026-05-14,134383.0,18961.0
2026-05-15,134145.0,20454.0
2026-05-18,141392.0,26100.0
2026-05-19,145406.0,20347.0
2026-05-20,134222.0,16009.0
2026-05-21,146256.0,25468.0
2026-05-22,152331.0,27012.0
2026-05-25,154009.0,18459.0
2026-05-26,150762.0,24754.0
2026-05-27,150857.0,21804.0
2026-05-28,147913.0,18887.0
2026-05-29,157959.0,28121.0
2026-06-01,162185.0,19680.0
2026-06-02,193346.0,61506.0
2026-06-03,195324.0,31074.0
2026-06-04,202522.0,41136.0
2026-06-05,195726.0,35911.0
2026-06-08,175169.0,30326.0
2026-06-09,148183.0,31834.0
2026-06-10,147837.0,27510.0
2026-06-11,157956.0,33863.0
2026-06-12,158611.0,23073.0
2026-06-15,146907.0,17080.0
2026-06-16,134609.0,14215.0
2026-06-17,132626.0,23370.0
2026-06-18,144909.0,28486.0
2026-06-22,142966.0,24293.0
2026-06-23,143759.0,26196.0
2026-06-24,145076.0,24939.0
2026-06-25,141863.0,16680.0
2026-06-26,143465.0,30255.0
2026-06-29,141937.0,23431.0
2026-06-30,135989.0,19500.0
2026-07-01,137734.0,23944.0
2026-07-02,141661.0,26030.0
2026-07-03,142617.0,22094.0
2026-07-06,151250.0,29016.0
2026-07-07,149825.0,27732.0
2026-07-08,141799.0,17527.0
2026-07-09,135563.0,16280.0
2026-07-13,134594.0,19321.0
2026-07-14,118020.0,23526.0
2026-07-15,110700.0,19509.0
2026-07-16,109617.0,18262.0
2026-07-17,143141.0,60630.0
2026-07-20,116549.0,18925.0
2026-07-21,120822.0,28543.0
2026-07-22,133293.0,30724.0
2026-07-23,133753.0,20391.0
2026-07-24,115772.0,23028.0
2026-07-27,100867.0,18140.0
2026-07-28,141331.0,64148.0
2026-07-29,137522.0,40919.0
2026-07-30,125538.0,32975.0
2026-07-31,116373.0,20769.0
2026-08-03,115321.0,24002.0
2026-08-04,121778.0,23460.0
2026-08-05,126521.0,25508.0
2026-08-06,124792.0,19704.0
2026-08-07,121413.0,14899.0
2026-08-10,129136.0,22359.0
2026-08-11,129458.0,17998.0
2026-08-12,123079.0,17598.0
2026-08-13,131396.0,20565.0
2026-08-14,137160.0,21290.0
2026-08-17,131398.0,16455.0
2026-08-18,123657.0,14781.0
2026-08-19,110231.0,16766.0
2026-08-20,119804.0,22190.0
2026-08-21,118588.0,14357.0
2026-08-24,122121.0,15100.0
2026-08-25,126220.0,20179.0
2026-08-26,130611.0,18083.0
2026-08-27,131837.0,13812.0
2026-08-28,131142.0,13046.0
2026-08-31,137585.0,18824.0
2026-09-01,135044.0,12658.0
