regime,cand,series,transform,window,variant,shift,sign_IS,SR_IS,SR_OOS,SR_net,SR_gross,SR_of_SR,positive_years,yr_sr_min,n_years,beta,mean_exec_w,abs_exec_w,max_dd_pct,max_dd_days,turnover_ann,held_pct,n_bars,start_date,end_date,gate_srsr,gate_posyr,gate_beta,gate_nyr,n_gates
full,us_dxy_broad|selfz|w60,us_dxy_broad,selfz,60,c2c,2,-1,0.3482260158488104,0.109127852915114,0.2573860765382237,0.29161312486753316,0.19511142457512526,0.6190476190476191,-1.624863555565322,21,-0.17144787961923863,-0.004058887332234591,0.6070594518570178,-52.341102356037005,1359,28.04441797170612,99.45837512537614,4985,2006-05-24,2026-08-31,False,False,False,True,1
full,us_dxy_broad|selfz|w60,us_dxy_broad,selfz,60,o2o,2,-1,0.3713184332930146,0.1914023146304566,0.30652422559565873,0.3393361341446996,0.25695662501039684,0.6190476190476191,-1.7377072770390867,21,-0.21748217101821438,-0.004058887332234591,0.6070594518570178,-47.921510843994454,1787,28.04441797170612,99.45837512537614,4985,2006-05-24,2026-08-31,False,False,False,True,1
full,us_dxy_broad|selfz|w60,us_dxy_broad,selfz,60,day,1,1,-0.049165880810759933,-0.3505522413086429,-0.14863147395057516,-0.10189388597656107,-0.22615848015332063,0.3333333333333333,-2.730718696716718,21,0.18172864172668288,0.003906691552788151,0.6070890807814322,-47.288067847078125,3786,28.04500836960947,99.45848375451264,4986,2006-05-23,2026-08-31,False,False,False,True,1
full,us_dxy_broad|selfz|w120,us_dxy_broad,selfz,120,c2c,2,-1,0.4177760368724328,0.3494252763398623,0.39151498277195834,0.4154547596208436,0.3821680124359924,0.6666666666666666,-1.3304106140456833,21,-0.2132798889720879,-0.0005026736152186092,0.6219256587305495,-39.67641300919485,1157,20.512407872451035,99.45509586276489,4955,2006-07-06,2026-08-31,False,True,False,True,2
full,us_dxy_broad|selfz|w120,us_dxy_broad,selfz,120,o2o,2,-1,0.4287844762818438,0.3956916064468015,0.4167087493361163,0.43967667762316653,0.4938130376786532,0.7142857142857143,-1.044087856955565,21,-0.24638435329720199,-0.0005026736152186092,0.6219256587305495,-38.541239265601575,747,20.512407872451035,99.45509586276489,4955,2006-07-06,2026-08-31,False,True,False,True,2
full,us_dxy_broad|selfz|w120,us_dxy_broad,selfz,120,day,1,-1,0.0559040759981996,0.4277372034405784,0.1802182913231297,0.21310077376721814,0.2747591324713227,0.6190476190476191,-1.342728745894279,21,-0.20889819291721012,-0.00040836977138277553,0.6218943717082945,-44.51185039777575,4349,20.520372424845213,99.45520581113801,4956,2006-07-05,2026-08-31,False,False,False,True,1
full,us_dxy_broad|selfz|w252,us_dxy_broad,selfz,252,c2c,2,-1,0.30627507822661576,0.4098918878799817,0.3466596749861029,0.3636574577784417,0.4357444862257112,0.6666666666666666,-1.4299570229693197,21,-0.24425764092404811,0.019521598893992527,0.6764636411774921,-50.417416420271024,2807,15.580517520323955,99.36592350173859,4889,2006-10-11,2026-08-31,False,True,False,True,2
full,us_dxy_broad|selfz|w252,us_dxy_broad,selfz,252,o2o,2,-1,0.2997482735759534,0.4505604604159369,0.3544372186495427,0.37087158536735015,0.43305100261721896,0.7142857142857143,-1.6535347437166303,21,-0.27459410163015247,0.019521598893992527,0.6764636411774921,-50.46131928294566,2807,15.580517520323955,99.36592350173859,4889,2006-10-11,2026-08-31,False,True,False,True,2
full,us_dxy_broad|selfz|w252,us_dxy_broad,selfz,252,day,1,1,-0.02277429820564063,-0.3679293111439015,-0.14151665490304924,-0.11825652775634389,-0.23969128557907268,0.38095238095238093,-2.396167347076673,21,0.2295917313638592,-0.01960194644000514,0.6764096447475777,-50.501108105635275,2320,15.595349191407037,99.36605316973414,4890,2006-10-05,2026-08-31,False,False,False,True,1
full,us_dxy_broad|robustz|w60,us_dxy_broad,robustz,60,c2c,2,-1,0.46329355287207374,0.21410883237675796,0.36442442162524363,0.3941569045128559,0.3201015651465217,0.5714285714285714,-1.2557552798412996,21,-0.11999226590287979,0.026322459048870452,0.5517605959016049,-43.08569003069251,1570,23.475192785934137,99.11218724778047,4956,2006-07-05,2026-08-31,False,False,True,True,2
full,us_dxy_broad|robustz|w60,us_dxy_broad,robustz,60,o2o,2,-1,0.45968100010456336,0.2787794290446648,0.3916342927460398,0.420060276009301,0.35967642370020986,0.6190476190476191,-1.266768555095578,21,-0.16672470900716926,0.026322459048870452,0.5517605959016049,-39.95081580231984,1483,23.475192785934137,99.11218724778047,4956,2006-07-05,2026-08-31,False,False,False,True,1
full,us_dxy_broad|robustz|w60,us_dxy_broad,robustz,60,day,1,-1,0.0326378967904571,0.23752898763156602,0.10461134785219134,0.14552674878716637,0.16841977095795094,0.5714285714285714,-1.901686268387967,21,-0.13678497528469452,0.02644229521850732,0.5517744328505736,-42.476627848691805,4381,23.475933379766445,99.11236635061529,4957,2006-07-04,2026-08-31,False,False,True,True,2
full,us_dxy_broad|robustz|w120,us_dxy_broad,robustz,120,c2c,2,-1,0.45012851616729344,0.32492526598822646,0.4024373749025812,0.42253702715857144,0.4354072280675457,0.6190476190476191,-1.1225521754969037,21,-0.20259525406261644,0.021427243644838844,0.6139580047117442,-41.26161268072781,1322,17.70539298511412,99.55065359477125,4896,2006-09-27,2026-08-31,False,False,False,True,1
full,us_dxy_broad|robustz|w120,us_dxy_broad,robustz,120,o2o,2,-1,0.43787639774298687,0.33405983528481514,0.40061380693949444,0.41977405383052174,0.49262591257417493,0.7142857142857143,-0.9411380120534363,21,-0.24710677726358682,0.021427243644838844,0.6139580047117442,-40.024191454355105,1321,17.70539298511412,99.55065359477125,4896,2006-09-27,2026-08-31,False,True,False,True,2
full,us_dxy_broad|robustz|w120,us_dxy_broad,robustz,120,day,1,-1,0.14337040539926998,0.3302564888499894,0.20468409040221064,0.2323267885944138,0.2562186257073109,0.6666666666666666,-1.584471491634108,21,-0.2137150894455363,0.0214644393015688,0.6138742016425058,-37.83253207137537,4349,17.716031177287395,99.55074535429856,4897,2006-09-26,2026-08-31,False,True,False,True,2
full,us_dxy_broad|robustz|w252,us_dxy_broad,robustz,252,c2c,2,-1,0.28957579279511403,0.35394340164345295,0.3143707374062695,0.3269799263370075,0.4178875051832639,0.7,-1.246970980231334,20,-0.29345578999232025,-0.023263926394358144,0.7030100262162196,-48.73985847983704,2806,12.520456828648665,99.62216624685138,4764,2007-04-16,2026-08-31,False,True,False,True,2
full,us_dxy_broad|robustz|w252,us_dxy_broad,robustz,252,o2o,2,-1,0.27627943265498606,0.37162643001648454,0.3097707732629081,0.3220079166296671,0.40960368419517484,0.7,-1.4582344211186031,20,-0.32074415877637114,-0.023263926394358144,0.7030100262162196,-48.44852365803789,2807,12.520456828648665,99.62216624685138,4764,2007-04-16,2026-08-31,False,True,False,True,2
full,us_dxy_broad|robustz|w252,us_dxy_broad,robustz,252,day,1,1,0.03149200323657423,-0.34744756390654297,-0.09538540870927047,-0.07819277723175969,-0.22218086196584078,0.4,-2.105949673307792,20,0.2767630734397594,0.023109498027173946,0.7030120361253532,-53.11719524943952,3786,12.528201531714492,99.62224554039875,4765,2007-04-14,2026-08-31,False,False,False,True,1
full,us_dxy_broad|bdtanh|w60,us_dxy_broad,bdtanh,60,c2c,2,-1,0.2470947820429237,0.1129777095626231,0.19677658337996304,0.22681153999123077,0.1411079495137964,0.6666666666666666,-1.9101514826064188,21,-0.17539049628758507,-0.011305479635381371,0.6628605638179316,-53.52417790875439,2482,25.86182278600218,99.61885656970912,4985,2006-05-24,2026-08-31,False,True,False,True,2
full,us_dxy_broad|bdtanh|w60,us_dxy_broad,bdtanh,60,o2o,2,-1,0.3129285212902712,0.23071193554255576,0.28351394852499634,0.31241387293028006,0.18570501290313374,0.6666666666666666,-1.8185857247072446,21,-0.21593205423487888,-0.011305479635381371,0.6628605638179316,-51.29013153184816,2481,25.86182278600218,99.61885656970912,4985,2006-05-24,2026-08-31,False,True,False,True,2
full,us_dxy_broad|bdtanh|w60,us_dxy_broad,bdtanh,60,day,1,1,0.0036215262273672296,-0.3831114245062997,-0.12105324542252215,-0.07969733192590814,-0.17737039111893327,0.23809523809523808,-2.66841297497954,21,0.1733873490308529,0.011137762071654083,0.6628930695799234,-48.33418152277673,2320,25.858533226060594,99.61893301243482,4986,2006-05-23,2026-08-31,False,False,False,True,1
full,us_dxy_broad|bdtanh|w120,us_dxy_broad,bdtanh,120,c2c,2,-1,0.33055707343837043,0.418710621162297,0.36406056765498246,0.3853290185453153,0.4050672905743465,0.5714285714285714,-0.8165933508573007,21,-0.21615278522169107,-0.01477270046860572,0.6661984969564112,-42.2859374798195,2226,18.857822520716166,99.67709384460142,4955,2006-07-06,2026-08-31,False,False,False,True,1
full,us_dxy_broad|bdtanh|w120,us_dxy_broad,bdtanh,120,o2o,2,-1,0.38531583863266006,0.45481655065733995,0.4095165970887096,0.4299317630447768,0.5319640547991658,0.6666666666666666,-0.8913575144314481,21,-0.2485281970085503,-0.01477270046860572,0.6661984969564112,-40.36914113396168,1467,18.857822520716166,99.67709384460142,4955,2006-07-06,2026-08-31,False,True,False,True,2
full,us_dxy_broad|bdtanh|w120,us_dxy_broad,bdtanh,120,day,1,-1,0.05241467004145314,0.4098768895555148,0.17007396801745356,0.1992027343698102,0.3449931331641785,0.7142857142857143,-1.4165548736041678,21,-0.20514111313814282,-0.014636145585784419,0.6661976484499216,-52.95095372133207,4357,18.859749589523716,99.6771589991929,4956,2006-07-05,2026-08-31,False,True,False,True,2
full,us_dxy_broad|bdtanh|w252,us_dxy_broad,bdtanh,252,c2c,2,-1,0.2543313593081899,0.5151419185003537,0.35366667955132425,0.3693548580492088,0.4419184089832114,0.6666666666666666,-1.4841414129706025,21,-0.24946126407480773,-0.003525541538775793,0.6840930386256,-49.435857292024025,3071,14.031157141861897,99.40683166291674,4889,2006-10-11,2026-08-31,False,True,False,True,2
full,us_dxy_broad|bdtanh|w252,us_dxy_broad,bdtanh,252,o2o,2,-1,0.26972313219717997,0.5488398246485291,0.3687342120599504,0.38380924235192465,0.4560757227136794,0.6666666666666666,-1.740036369520369,21,-0.27340618802049893,-0.003525541538775793,0.6840930386256,-54.771952079785216,3141,14.031157141861897,99.40683166291674,4889,2006-10-11,2026-08-31,False,True,False,True,2
full,us_dxy_broad|bdtanh|w252,us_dxy_broad,bdtanh,252,day,1,-1,0.018120991949267022,0.2772164494771404,0.1059484455816807,0.12719858440173964,0.23313435997182214,0.5714285714285714,-1.3044499841657968,21,-0.21804528859222921,-0.003427726585429271,0.6840502362823894,-64.21317637006337,4381,14.036624538967745,99.40695296523518,4890,2006-10-05,2026-08-31,False,False,False,True,1
full,us_dxy_broad|rankc|w60,us_dxy_broad,rankc,60,c2c,2,-1,0.28164419192160783,0.13431584052341128,0.22690535184696295,0.26365019035671106,0.18970266605755456,0.6190476190476191,-1.6560353924755757,21,-0.18170663668130993,-0.01394743359338248,0.6479651272679243,-50.005510369067586,972,30.71391993051609,99.49849548645938,4985,2006-05-24,2026-08-31,False,False,False,True,1
full,us_dxy_broad|rankc|w60,us_dxy_broad,rankc,60,o2o,2,-1,0.34997400742469337,0.22700656029993524,0.3061337137969465,0.34134172383212974,0.2588425431667277,0.6666666666666666,-1.746799929680687,21,-0.22663692759545098,-0.01394743359338248,0.6479651272679243,-48.24399134730187,2802,30.71391993051609,99.49849548645938,4985,2006-05-24,2026-08-31,False,True,False,True,2
full,us_dxy_broad|rankc|w60,us_dxy_broad,rankc,60,day,1,1,-0.02217330025408172,-0.375946877237576,-0.13610066714409305,-0.08621338856528417,-0.19688388652169778,0.23809523809523808,-2.8582455018757225,21,0.18793606409071845,0.013780456730768461,0.6479993499065388,-47.73734850954132,3786,30.709491852461205,99.49859606899318,4986,2006-05-23,2026-08-31,False,False,False,True,1
full,us_dxy_broad|rankc|w120,us_dxy_broad,rankc,120,c2c,2,-1,0.3236660338023501,0.3692795204132781,0.34083170634562293,0.367144355925561,0.37048179679594434,0.6190476190476191,-1.066209983504142,21,-0.2108071225342469,-0.01730148907772748,0.6639254174698732,-47.12676267585832,1507,23.1492774570787,99.67709384460142,4955,2006-07-06,2026-08-31,False,False,False,True,1
full,us_dxy_broad|rankc|w120,us_dxy_broad,rankc,120,o2o,2,-1,0.4390288591811602,0.4063531285410647,0.4270733705006702,0.4524705442377553,0.5091220871581064,0.7142857142857143,-1.0360196563588033,21,-0.25457158305473865,-0.01730148907772748,0.6639254174698732,-44.62782207607411,1788,23.1492774570787,99.67709384460142,4955,2006-07-06,2026-08-31,False,True,False,True,2
full,us_dxy_broad|rankc|w120,us_dxy_broad,rankc,120,day,1,-1,0.06993807038972186,0.39936326063738553,0.1769106629884214,0.2130495292758114,0.3021685939373686,0.7619047619047619,-1.5910652108015564,21,-0.21222118468761336,-0.0171834592145569,0.6639059923478646,-55.206791145821924,4381,23.15560064830151,99.6771589991929,4956,2006-07-05,2026-08-31,False,True,False,True,2
full,us_dxy_broad|rankc|w252,us_dxy_broad,rankc,252,c2c,2,-1,0.3007911419186275,0.5457617021096193,0.3945946886563719,0.4146346782536831,0.5127907620539016,0.7142857142857143,-1.4424340219020442,21,-0.22869461375287936,-0.00394442961864618,0.6832128094534284,-49.53777250369045,2807,17.81532064883901,99.59091838821845,4889,2006-10-11,2026-08-31,False,True,False,True,2
full,us_dxy_broad|rankc|w252,us_dxy_broad,rankc,252,o2o,2,-1,0.3812950835201036,0.5411946043061736,0.43788821187794724,0.4572486025870397,0.4977040352739992,0.7619047619047619,-1.6614530524664417,21,-0.26579049329406185,-0.00394442961864618,0.6832128094534284,-50.36990002956184,2807,17.81532064883901,99.59091838821845,4889,2006-10-11,2026-08-31,False,True,False,True,2
full,us_dxy_broad|rankc|w252,us_dxy_broad,rankc,252,day,1,-1,0.04608080971740965,0.3535209846280245,0.14932122132964104,0.176736529471222,0.2595586870514444,0.6666666666666666,-1.4642307084886026,21,-0.2187003733434609,-0.0038736878802236485,0.6831430282390755,-60.406559093163004,4381,17.824087920700002,99.59100204498978,4890,2006-10-05,2026-08-31,False,True,False,True,2
full,us_dxy_broad|signth|w60,us_dxy_broad,signth,60,c2c,2,-1,0.2681876631060576,0.15075555697560367,0.22483438090259975,0.251322855517836,0.17322567071005415,0.6190476190476191,-1.8118080261747704,21,-0.16014195202803158,-0.006322567336544358,0.6751092357564892,-45.409697719323546,2483,22.47201094063784,99.46439198571711,5041,2006-03-03,2026-08-31,False,False,False,True,1
full,us_dxy_broad|signth|w60,us_dxy_broad,signth,60,o2o,2,-1,0.26893585732499103,0.2667570671433394,0.26796902671591016,0.29380410026540876,0.18928476078784776,0.6190476190476191,-1.837365074579237,21,-0.20438481265846975,-0.006322567336544358,0.6751092357564892,-47.861856046832806,2805,22.47201094063784,99.46439198571711,5041,2006-03-03,2026-08-31,False,False,False,True,1
full,us_dxy_broad|signth|w60,us_dxy_broad,signth,60,day,1,1,0.004587329305739549,-0.29759278884791723,-0.09017748295525709,-0.05362186086177333,-0.15232111671985468,0.2857142857142857,-2.3240849132298713,21,0.15475616326659156,0.006155827447262507,0.6751408245543206,-46.50918401989546,3786,22.46767850657368,99.46449821499405,5042,2006-03-02,2026-08-31,False,False,False,True,1
full,us_dxy_broad|signth|w120,us_dxy_broad,signth,120,c2c,2,-1,0.13116293404379356,0.3699656018443342,0.21943830261204395,0.23796609851430717,0.2249698958230923,0.5714285714285714,-0.8398960704442621,21,-0.1709220997211056,0.005740343882057508,0.6718620069069112,-41.809319916786414,2484,16.054606058643923,99.90017967658216,5009,2006-04-19,2026-08-31,False,False,False,True,1
full,us_dxy_broad|signth|w120,us_dxy_broad,signth,120,o2o,2,-1,0.2569765309834111,0.3734744018803472,0.2967617446597125,0.3146400236705919,0.35063841350513625,0.6190476190476191,-0.9102182316111191,21,-0.21089500304857128,0.005740343882057508,0.6718620069069112,-39.031277736927294,2228,16.054606058643923,99.90017967658216,5009,2006-04-19,2026-08-31,False,False,False,True,1
full,us_dxy_broad|signth|w120,us_dxy_broad,signth,120,day,1,-1,0.034077042765521426,0.2530386480315301,0.10378405815844167,0.1290504526641454,0.28677800438406387,0.7142857142857143,-1.334505756279069,21,-0.149447568049398,0.005885673008157587,0.6718743776172379,-54.52615582918072,4381,16.05140154645657,99.9001996007984,5010,2006-04-18,2026-08-31,False,True,True,True,3
full,us_dxy_broad|signth|w252,us_dxy_broad,signth,252,c2c,2,-1,0.17999530719958032,0.4839646671546073,0.2962985077364056,0.31299877523651765,0.32988307610731293,0.7142857142857143,-1.8548593654471675,21,-0.227854620552141,0.020330581415137043,0.6956545622619144,-53.060220256136546,3409,14.922811707846023,100.0,4649,2006-07-12,2026-08-31,False,True,False,True,2
full,us_dxy_broad|signth|w252,us_dxy_broad,signth,252,o2o,2,-1,0.19903841987808207,0.5478184712595657,0.3224144219952336,0.33843894862530954,0.38081105636416446,0.6190476190476191,-1.8413958743292755,21,-0.258456264105046,0.020330581415137043,0.6956545622619144,-56.833534315879085,3390,14.922811707846023,100.0,4649,2006-07-12,2026-08-31,False,False,False,True,1
full,us_dxy_broad|signth|w252,us_dxy_broad,signth,252,day,1,-1,0.03892590520300017,0.293186813269747,0.12520935848028278,0.14782744315398794,0.301115089845545,0.5714285714285714,-1.4936136603244665,21,-0.18648449935144745,0.020423287172331737,0.6956020370554861,-52.855401261279965,4191,14.91960250102713,100.0,4650,2006-07-11,2026-08-31,False,False,False,True,1
full,us_dxy_broad|dev|w60,us_dxy_broad,dev,60,c2c,2,-1,0.23489576858196623,0.0602937645098553,0.17008491330597425,0.19812849613379885,0.014339752708837436,0.47619047619047616,-1.6772763080743076,21,-0.2090005527714972,-0.027078686909969132,0.5905361367326446,-47.36106315874286,1321,23.58944839374622,99.35807422266801,4985,2006-05-24,2026-08-31,False,False,False,True,1
full,us_dxy_broad|dev|w60,us_dxy_broad,dev,60,o2o,2,-1,0.22787297863430273,0.13305755119425444,0.19469092808593855,0.22114813117110962,0.05316232972940215,0.5714285714285714,-1.5327499394104536,21,-0.2510005532761129,-0.027078686909969132,0.5905361367326446,-45.775229107398225,2805,23.58944839374622,99.35807422266801,4985,2006-05-24,2026-08-31,False,False,False,True,1
full,us_dxy_broad|dev|w60,us_dxy_broad,dev,60,day,1,1,0.0768856720281652,-0.3333575831772218,-0.05490528595800301,-0.016683789955932487,-0.09272841609974053,0.38095238095238093,-2.908647772519528,21,0.21369432160527638,0.026914529062939552,0.5905764247795052,-43.06386046346608,2233,23.590320984876584,99.35820296831128,4986,2006-05-23,2026-08-31,False,False,False,True,1
full,us_dxy_broad|dev|w120,us_dxy_broad,dev,120,c2c,2,-1,0.23681730339569784,0.1354133181093882,0.1989395972289874,0.21900115039618817,0.013572736823305414,0.5714285714285714,-2.374667968187529,21,-0.23983714336658127,-0.026718137050401342,0.6256246402768786,-41.00380583412813,1322,17.595459107948788,99.39455095862765,4955,2006-07-06,2026-08-31,False,False,False,True,1
full,us_dxy_broad|dev|w120,us_dxy_broad,dev,120,o2o,2,-1,0.27900331774273834,0.1780339251415614,0.24355039108932125,0.26276128493398415,0.0846610530059992,0.6190476190476191,-1.9410135582964183,21,-0.27877550843429444,-0.026718137050401342,0.6256246402768786,-40.12918521595045,1321,17.595459107948788,99.39455095862765,4955,2006-07-06,2026-08-31,False,False,False,True,1
full,us_dxy_broad|dev|w120,us_dxy_broad,dev,120,day,1,1,-0.003358587107776639,-0.3346391292692924,-0.11102793199879879,-0.08348868754521784,-0.15029354652564028,0.38095238095238093,-2.3985584677959206,21,0.2197391877808441,0.026639024594877568,0.6255721258604638,-44.73859581752564,2745,17.60496342556138,99.39467312348668,4956,2006-07-05,2026-08-31,False,False,False,True,1
full,us_dxy_broad|dev|w252,us_dxy_broad,dev,252,c2c,2,-1,0.28319200735677375,0.26085477917248284,0.2747173800845607,0.28871350221486153,0.38441920791095996,0.7142857142857143,-1.2249557839621066,21,-0.23421951189785475,0.02143057387269905,0.7082881833055926,-48.507721752711404,2807,13.060776384948447,99.65228062998568,4889,2006-10-11,2026-08-31,False,True,False,True,2
full,us_dxy_broad|dev|w252,us_dxy_broad,dev,252,o2o,2,-1,0.31170245602860785,0.30288689032735133,0.30824043066253914,0.32172116625855735,0.39521841964918647,0.6666666666666666,-1.4284261252288517,21,-0.26235954763979547,0.02143057387269905,0.7082881833055926,-54.73301579073551,2807,13.060776384948447,99.65228062998568,4889,2006-10-11,2026-08-31,False,True,False,True,2
full,us_dxy_broad|dev|w252,us_dxy_broad,dev,252,day,1,-1,0.004431739423707831,0.3803422338087935,0.13109389943084765,0.15005567440996542,0.25400630313835354,0.6666666666666666,-1.5086838152774222,21,-0.1868599329128258,0.02132317416232775,0.7082463562762547,-66.9879208633675,4381,13.0693653039215,99.65235173824131,4890,2006-10-05,2026-08-31,False,True,False,True,2
full,us_real_10y|selfz|w60,us_real_10y,selfz,60,c2c,2,-1,0.4403818256216326,0.010886953715862535,0.29642636134443895,0.34101961566818706,0.21291868012017726,0.5833333333333334,-2.16379851380783,24,-0.028721759246972886,0.002078452883089554,0.6001004033402407,-47.816604432952516,1375,33.49446250832851,99.37183737567614,5731,2003-05-23,2026-08-31,False,False,True,True,2
full,us_real_10y|selfz|w60,us_real_10y,selfz,60,o2o,2,-1,0.5253081143035847,0.11480064224946267,0.39878373423045055,0.44241097890546766,0.39575526195215954,0.625,-1.6476823894883175,24,-0.06415790603461892,0.002078452883089554,0.6001004033402407,-46.03237325404157,1196,33.49446250832851,99.37183737567614,5731,2003-05-23,2026-08-31,False,False,True,True,2
full,us_real_10y|selfz|w60,us_real_10y,selfz,60,day,1,-1,0.3349720110128638,0.5886859361805832,0.40548624057896543,0.4657251331915925,0.4959874718057772,0.75,-1.3908184101327608,24,-0.058806041441036294,0.002006002990039115,0.6000677976058969,-24.630948001999922,853,33.51339949240467,99.37194696441033,5732,2003-05-22,2026-08-31,False,True,True,True,3
full,us_real_10y|selfz|w120,us_real_10y,selfz,120,c2c,2,-1,0.5344078212395391,-0.02691916510907959,0.3491884435294355,0.3816084735961528,0.17465282143153976,0.625,-2.2424854569373296,24,-0.08244945010298725,-0.0012995099800456834,0.6058079927415876,-47.90935565639201,1369,25.430720721095206,99.43869496579548,5701,2003-07-07,2026-08-31,False,False,True,True,2
full,us_real_10y|selfz|w120,us_real_10y,selfz,120,o2o,2,-1,0.5837048810636856,0.07390244557857287,0.42905714112737575,0.4604072133258764,0.29768072611339486,0.6666666666666666,-2.0511247185059047,24,-0.10488513616581688,-0.0012995099800456834,0.6058079927415876,-45.31863701918866,662,25.430720721095206,99.43869496579548,5701,2003-07-07,2026-08-31,False,True,True,True,3
full,us_real_10y|selfz|w120,us_real_10y,selfz,120,day,1,-1,0.3820881191763262,0.5795390094946532,0.4352595743598684,0.47908732778210505,0.4387934720622604,0.7083333333333334,-1.3522460803355643,24,-0.10054343486088203,-0.001395683109291261,0.60579814894997,-23.875943809257187,834,25.435615020672742,99.43879340582252,5702,2003-07-04,2026-08-31,False,True,True,True,3
full,us_real_10y|selfz|w252,us_real_10y,selfz,252,c2c,2,-1,0.4534031636724022,0.11821126598412687,0.33873920820130066,0.3647490961563702,0.21790984010908426,0.5833333333333334,-2.7355059626253757,24,-0.07257146978327937,0.030501954355401914,0.632522460707356,-39.15245931960496,1382,21.198035077216854,99.46761313220941,5635,2003-10-08,2026-08-31,False,False,True,True,2
full,us_real_10y|selfz|w252,us_real_10y,selfz,252,o2o,2,-1,0.4980484034262516,0.25182596874401403,0.4201108207710738,0.4453471854313941,0.31554476202308424,0.625,-2.3554331886708852,24,-0.10565765200300542,0.030501954355401914,0.632522460707356,-37.409818227960926,707,21.198035077216854,99.46761313220941,5635,2003-10-08,2026-08-31,False,False,True,True,2
full,us_real_10y|selfz|w252,us_real_10y,selfz,252,day,1,-1,0.17570109590813324,0.6462502577055266,0.3132008209277912,0.34839236228298703,0.272557304169848,0.7083333333333334,-1.7224760659211384,24,-0.09579022416250854,0.03034612955290481,0.6325606445561512,-25.820930155755605,2779,21.197828104119623,99.46770759403833,5636,2003-10-07,2026-08-31,False,True,True,True,3
full,us_real_10y|robustz|w60,us_real_10y,robustz,60,c2c,2,-1,0.4120010263731208,-0.28446490740119706,0.17254466761697004,0.2132257700511786,0.09867264222566409,0.5416666666666666,-2.0954849985039194,24,-0.026622683018062684,0.00689923280993108,0.5356438238551161,-57.39150203873448,1420,29.319192926638376,99.01788846018941,5702,2003-07-04,2026-08-31,False,False,True,True,2
full,us_real_10y|robustz|w60,us_real_10y,robustz,60,o2o,2,-1,0.4714965164123408,-0.1998894432606629,0.2652567181196437,0.30422346257169103,0.2278202107356332,0.5416666666666666,-1.9016253556400131,24,-0.05979209545374666,0.00689923280993108,0.5356438238551161,-54.28158897618908,1363,29.319192926638376,99.01788846018941,5702,2003-07-04,2026-08-31,False,False,True,True,2
full,us_real_10y|robustz|w60,us_real_10y,robustz,60,day,1,-1,0.3294519829443261,0.3963715243844396,0.3477143832186189,0.40303141900072154,0.39719340711125267,0.7083333333333334,-1.4824247561338186,24,-0.05213395892396928,0.00690687252010476,0.5355587501528674,-24.638512929399663,932,29.32640007268307,99.0180606698229,5703,2003-07-03,2026-08-31,False,True,True,True,3
full,us_real_10y|robustz|w120,us_real_10y,robustz,120,c2c,2,-1,0.592440113434409,-0.14661469469361843,0.3433875732499948,0.3713041288500165,0.2415084525687429,0.5833333333333334,-2.234263276208809,24,-0.08564032188376046,0.004571133566894224,0.5849434061593011,-45.8368041770687,1348,21.65009380602281,99.29103154909606,5642,2003-09-29,2026-08-31,False,False,True,True,2
full,us_real_10y|robustz|w120,us_real_10y,robustz,120,o2o,2,-1,0.6100852753646746,-0.031311650457917284,0.4095148419691742,0.4361378753823143,0.3848330767018542,0.625,-1.8734364014749079,24,-0.09728591891731979,0.004571133566894224,0.5849434061593011,-43.92222717075383,1196,21.65009380602281,99.29103154909606,5642,2003-09-29,2026-08-31,False,False,True,True,2
full,us_real_10y|robustz|w120,us_real_10y,robustz,120,day,1,-1,0.41280277409215754,0.5681515806626956,0.45582764171127027,0.49332846370593136,0.4739473994902371,0.75,-1.5579072207062798,24,-0.09427138489977024,0.0045331069736554,0.584876964466216,-26.226529803771903,951,21.65210059609197,99.29115718589404,5643,2003-09-26,2026-08-31,False,True,True,True,3
full,us_real_10y|robustz|w252,us_real_10y,robustz,252,c2c,2,-1,0.3793825077597184,-0.07920737974122712,0.22109316877731053,0.2432820307401708,0.13004427179230338,0.5217391304347826,-2.4544523334540687,23,-0.13587586828326798,-0.026126178421374067,0.6550905229635344,-51.33231017918377,1603,19.110609505839165,99.45553539019963,5510,2004-04-12,2026-08-31,False,False,True,True,2
full,us_real_10y|robustz|w252,us_real_10y,robustz,252,o2o,2,-1,0.39963618808021156,0.0339640401216904,0.28137945910255985,0.3031604511891902,0.20764735209215734,0.6086956521739131,-2.063279494498104,23,-0.17746216089359132,-0.026126178421374067,0.6550905229635344,-43.433147616325876,1383,19.110609505839165,99.45553539019963,5510,2004-04-12,2026-08-31,False,False,False,True,1
full,us_real_10y|robustz|w252,us_real_10y,robustz,252,day,1,-1,-0.008893765286353569,0.44742223752502824,0.1255348410199343,0.15531941198511878,0.12352883665655796,0.5652173913043478,-1.6281272383708492,23,-0.1746072373915987,-0.026280290543561555,0.6551305061899603,-46.722663317527946,4356,19.109776737238175,99.4556341861731,5511,2004-04-09,2026-08-31,False,False,False,True,1
full,us_real_10y|bdtanh|w60,us_real_10y,bdtanh,60,c2c,2,-1,0.45974400798454473,-0.08726433979670359,0.2780428735084465,0.31684091440178697,0.21317338352007398,0.625,-2.2553853346657244,24,-0.019961486423551278,0.008022375156189662,0.6634863203268995,-52.66843675136408,1366,30.58443309574799,99.73826557319839,5731,2003-05-23,2026-08-31,False,False,True,True,2
full,us_real_10y|bdtanh|w60,us_real_10y,bdtanh,60,o2o,2,-1,0.5228431233995479,0.016217304047684757,0.36683819020339287,0.4050007956237236,0.36937487319381684,0.7083333333333334,-1.8379669455016006,24,-0.0560697239140803,0.008022375156189662,0.6634863203268995,-50.732328472592854,1195,30.58443309574799,99.73826557319839,5731,2003-05-23,2026-08-31,False,True,True,True,3
full,us_real_10y|bdtanh|w60,us_real_10y,bdtanh,60,day,1,-1,0.314260747438334,0.5140444872494049,0.3685412203551288,0.4205205817387809,0.46800723360795776,0.7916666666666666,-1.2712362617831405,24,-0.050806710255954686,0.007918278817103415,0.6634732658119238,-25.00548310289446,1488,30.60692757063281,99.73831123517097,5732,2003-05-22,2026-08-31,False,True,True,True,3
full,us_real_10y|bdtanh|w120,us_real_10y,bdtanh,120,c2c,2,-1,0.6140228261504688,-0.10200155183828476,0.37931281928911637,0.4080061647979072,0.19337571288517008,0.5833333333333334,-2.508899973184,24,-0.08099195715993301,-0.0007528453848420374,0.6624033305303152,-59.229375479550896,1348,23.58696712707754,99.73688826521663,5701,2003-07-07,2026-08-31,False,False,True,True,2
full,us_real_10y|bdtanh|w120,us_real_10y,bdtanh,120,o2o,2,-1,0.6579363547917566,-0.012662241479029992,0.4530187715876013,0.4810885868479757,0.30981498550463304,0.625,-2.19725471416114,24,-0.0944607915420366,-0.0007528453848420374,0.6624033305303152,-53.59019745737943,609,23.58696712707754,99.73688826521663,5701,2003-07-07,2026-08-31,False,False,True,True,2
full,us_real_10y|bdtanh|w120,us_real_10y,bdtanh,120,day,1,-1,0.4533408952967672,0.3760692573806895,0.4296250271492139,0.4683300242617627,0.40764956369645405,0.75,-1.4886570950702012,24,-0.10139858892018896,-0.0008737310030048529,0.6624081778311953,-24.806947834236464,836,23.586900006563635,99.73693440897931,5702,2003-07-04,2026-08-31,False,True,True,True,3
full,us_real_10y|bdtanh|w252,us_real_10y,bdtanh,252,c2c,2,-1,0.4986138928218391,0.022946735689137056,0.339558695559508,0.3636439799147201,0.20472566630131991,0.5416666666666666,-2.766388010776682,24,-0.07145832943249615,0.03281275511219469,0.6559181427225081,-44.52777858739909,699,20.177920918606777,99.57409050576751,5635,2003-10-08,2026-08-31,False,False,True,True,2
full,us_real_10y|bdtanh|w252,us_real_10y,bdtanh,252,o2o,2,-1,0.5436492578162534,0.1596632141988318,0.4246685385395611,0.448180376330037,0.2922525006878859,0.625,-2.405131052827484,24,-0.10139848546519406,0.03281275511219469,0.6559181427225081,-37.64550437310656,637,20.177920918606777,99.57409050576751,5635,2003-10-08,2026-08-31,False,False,True,True,2
full,us_real_10y|bdtanh|w252,us_real_10y,bdtanh,252,day,1,-1,0.2038964465223315,0.5755222076675659,0.3075634074477981,0.34011271269921567,0.24130352276204126,0.625,-1.9994468862533283,24,-0.09462009223452114,0.0326527632639148,0.6559559324952319,-27.0367419134742,1693,20.174721854689647,99.57416607523066,5636,2003-10-07,2026-08-31,False,False,True,True,2
full,us_real_10y|rankc|w60,us_real_10y,rankc,60,c2c,2,-1,0.3464088271050237,-0.03677860402237888,0.2179895745087673,0.2663737673985084,0.13995982979819868,0.5416666666666666,-2.275434298710951,24,-0.025763205704177172,-0.0010923873763602626,0.6466808943479191,-56.927475736255595,1420,37.645101579620935,99.63357180247775,5731,2003-05-23,2026-08-31,False,False,True,True,2
full,us_real_10y|rankc|w60,us_real_10y,rankc,60,o2o,2,-1,0.45551602160642524,0.04971527825583558,0.32961590535273105,0.37720471641962183,0.32427204749685173,0.6666666666666666,-1.811311673543191,24,-0.059327216833930906,-0.0010923873763602626,0.6466808943479191,-51.5286227263575,1205,37.645101579620935,99.63357180247775,5731,2003-05-23,2026-08-31,False,True,True,True,3
full,us_real_10y|rankc|w60,us_real_10y,rankc,60,day,1,-1,0.29454855551729336,0.5999070767247532,0.37871640786128463,0.44360124135987444,0.4533533655682535,0.75,-1.3239848081940893,24,-0.05841064875836651,-0.0011840852244921337,0.6466599633567328,-22.781995723454045,1485,37.67667823100163,99.63363572923936,5732,2003-05-22,2026-08-31,False,True,True,True,3
full,us_real_10y|rankc|w120,us_real_10y,rankc,120,c2c,2,-1,0.5478013219745773,-0.02991435248678928,0.3563088142937454,0.3921374735191079,0.1629060249197135,0.5833333333333334,-2.5438636250581657,24,-0.08919239601939453,-0.007555203494323806,0.6501911878763219,-60.31280332896798,1381,28.812167283478054,99.54393965970883,5701,2003-07-07,2026-08-31,False,False,True,True,2
full,us_real_10y|rankc|w120,us_real_10y,rankc,120,o2o,2,-1,0.6311867990457475,0.04762593362973784,0.45162397419055017,0.48675374092638407,0.2993086024852931,0.625,-2.181661304590423,24,-0.10090064648231817,-0.007555203494323806,0.6501911878763219,-52.88511403450818,658,28.812167283478054,99.54393965970883,5701,2003-07-07,2026-08-31,False,False,True,True,2
full,us_real_10y|rankc|w120,us_real_10y,rankc,120,day,1,-1,0.44897043031135364,0.5131325966359673,0.46481390351939084,0.513172870701806,0.4365153944707376,0.7083333333333334,-1.5439030425585116,24,-0.10648731793410889,-0.007674446969741495,0.6501977277417111,-21.573654174662828,823,28.82125991180655,99.5440196422308,5702,2003-07-04,2026-08-31,False,True,True,True,3
full,us_real_10y|rankc|w252,us_real_10y,rankc,252,c2c,2,-1,0.475463182446735,0.08018761571607846,0.3449070857468374,0.3747618512622309,0.179410740666032,0.5833333333333334,-2.806042807808531,24,-0.09337555779051554,0.013549262200774233,0.6644464727071722,-47.86228150382923,1381,25.32806103637041,99.48535936113576,5635,2003-10-08,2026-08-31,False,False,True,True,2
full,us_real_10y|rankc|w252,us_real_10y,rankc,252,o2o,2,-1,0.5441984843670497,0.16444634075921782,0.42662909424112533,0.4558433463664855,0.24392364288877302,0.5833333333333334,-2.6737305833588505,24,-0.11792439567775957,0.013549262200774233,0.6644464727071722,-42.23502475379932,631,25.32806103637041,99.48535936113576,5635,2003-10-08,2026-08-31,False,False,True,True,2
full,us_real_10y|rankc|w252,us_real_10y,rankc,252,day,1,-1,0.23158840565838698,0.6036632814808263,0.33490328896499744,0.3751986198759454,0.20358697796513142,0.7083333333333334,-3.313776807348724,24,-0.1208627395458418,0.01339351756652307,0.6644819200144347,-27.773066196115646,1693,25.32644967644542,99.48545067423706,5636,2003-10-07,2026-08-31,False,True,True,True,3
full,us_real_10y|signth|w60,us_real_10y,signth,60,c2c,2,-1,0.4995232496486679,-0.11312187828258717,0.3011840972138822,0.3397697616529027,0.27400092044203733,0.6666666666666666,-2.244324392660711,24,-0.019572843545607194,0.009553246779435419,0.6719948044623985,-60.294630491713775,1135,30.580315822280213,99.56844467460728,5793,2003-02-24,2026-08-31,False,True,True,True,3
full,us_real_10y|signth|w60,us_real_10y,signth,60,o2o,2,-1,0.5540927906040324,-0.16502675389855107,0.3346532284277685,0.3729731548719572,0.38001874779967326,0.7083333333333334,-1.9950361767150293,24,-0.04336908371586945,0.009553246779435419,0.6719948044623985,-61.09816976630875,728,30.580315822280213,99.56844467460728,5793,2003-02-24,2026-08-31,False,True,True,True,3
full,us_real_10y|signth|w60,us_real_10y,signth,60,day,1,-1,0.33709757578862604,0.3788583080131327,0.3467815570467638,0.39847288513499823,0.513725575601133,0.75,-1.2435336657919,24,-0.045033210054136054,0.00943717090591531,0.671993250365045,-23.37400632674557,853,30.619431267550674,99.56851915774939,5794,2003-02-21,2026-08-31,False,True,True,True,3
full,us_real_10y|signth|w120,us_real_10y,signth,120,c2c,2,-1,0.6376167408787444,-0.060623973221764625,0.4112107587583233,0.4411353221589042,0.262366869444859,0.6666666666666666,-2.272028818344077,24,-0.08045301818722364,0.0032165943929320555,0.6654112762543065,-49.40886419770503,1369,23.727049547221615,99.70496355432141,5762,2003-04-09,2026-08-31,False,True,True,True,3
full,us_real_10y|signth|w120,us_real_10y,signth,120,o2o,2,-1,0.7582286485332564,0.07442224956077778,0.5514280497989467,0.5806797895727698,0.434965952297503,0.7083333333333334,-2.2475378655372076,24,-0.08638367443177149,0.0032165943929320555,0.6654112762543065,-46.81195500164439,1373,23.727049547221615,99.70496355432141,5762,2003-04-09,2026-08-31,False,True,True,True,3
full,us_real_10y|signth|w120,us_real_10y,signth,120,day,1,-1,0.6030127635318345,0.41572707230818606,0.5486464022521695,0.5887373457592187,0.5669285043963787,0.75,-1.7251364716231952,24,-0.0902016840600475,0.0031000148814962,0.6654118349656994,-24.342368553778314,979,23.723092059038187,99.70501474926253,5763,2003-04-08,2026-08-31,False,True,True,True,3
full,us_real_10y|signth|w252,us_real_10y,signth,252,c2c,2,-1,0.4305028994814941,0.0977312657892229,0.31947772930090446,0.34216562070354734,0.19715433514334152,0.5833333333333334,-2.57749844055757,24,-0.08967195609161971,-0.004572701899991721,0.6337444723259865,-35.263987057520495,869,17.650506656622238,99.85582987925753,5549,2003-07-15,2026-08-31,False,False,True,True,2
full,us_real_10y|signth|w252,us_real_10y,signth,252,o2o,2,-1,0.41043797319466474,0.11324093257993723,0.3190205027185331,0.3413107360642766,0.22746984691472077,0.5416666666666666,-2.564539796425373,24,-0.12823100098936438,-0.004572701899991721,0.6337444723259865,-38.03381859040535,1246,17.650506656622238,99.85582987925753,5549,2003-07-15,2026-08-31,False,False,True,True,2
full,us_real_10y|signth|w252,us_real_10y,signth,252,day,1,-1,0.09170809699934843,0.596920025157636,0.23198214573741927,0.26263540262678065,0.2103869537243935,0.625,-2.056351120270074,24,-0.11449204198336298,-0.004723206385680101,0.6337816125287152,-39.42082122027586,3226,17.64743717616471,99.85585585585585,5550,2003-07-14,2026-08-31,False,False,True,True,2
full,us_real_10y|dev|w60,us_real_10y,dev,60,c2c,2,-1,0.31759558800735815,-0.03726686832933033,0.19927963851466882,0.2363263474059231,0.13702517225995767,0.625,-1.8242522378511863,24,-0.048362490556724785,-0.006708522826358807,0.5740374813056731,-47.61011034143422,1547,28.583473175880126,99.1973477578084,5731,2003-05-23,2026-08-31,False,False,True,True,2
full,us_real_10y|dev|w60,us_real_10y,dev,60,o2o,2,-1,0.37179049960087723,0.07438653850840118,0.28182089047327796,0.3173995035972748,0.3076475954887228,0.625,-1.609411680970026,24,-0.08280852182145179,-0.006708522826358807,0.5740374813056731,-46.986645996779664,1382,28.583473175880126,99.1973477578084,5731,2003-05-23,2026-08-31,False,False,True,True,2
full,us_real_10y|dev|w60,us_real_10y,dev,60,day,1,-1,0.1981030653077647,0.6072302947484692,0.3109762462852103,0.3604624163807105,0.3959280746227502,0.75,-1.4655406395504684,24,-0.07842890076686551,-0.006783166270073419,0.574013149006457,-30.696973016336766,2433,28.604057426076732,99.19748778785764,5732,2003-05-22,2026-08-31,False,True,True,True,3
full,us_real_10y|dev|w120,us_real_10y,dev,120,c2c,2,-1,0.503481920346213,0.032596913600867826,0.3488057763154778,0.3758329471899425,0.18976963277628134,0.625,-2.0254343785755964,24,-0.1160852668389075,-0.023933377753878646,0.61692654359381,-41.81399554977128,1416,21.9031310500159,99.33345027188213,5701,2003-07-07,2026-08-31,False,False,True,True,2
full,us_real_10y|dev|w120,us_real_10y,dev,120,o2o,2,-1,0.5241301803385016,0.14483064927382283,0.4089080498991194,0.435130082595449,0.3033318284281051,0.6666666666666666,-1.8658708833249875,24,-0.13768012775498642,-0.023933377753878646,0.61692654359381,-40.90385931847285,1373,21.9031310500159,99.33345027188213,5701,2003-07-07,2026-08-31,False,True,True,True,3
full,us_real_10y|dev|w120,us_real_10y,dev,120,day,1,-1,0.29071448984980097,0.5335618574476756,0.3569661025791231,0.3932704475151482,0.3544234395470793,0.6666666666666666,-1.3902716867344993,24,-0.1359320440039984,-0.024073797404911418,0.6169629658464142,-26.724048091075325,1566,21.907088762134915,99.33356716941424,5702,2003-07-04,2026-08-31,False,True,True,True,3
full,us_real_10y|dev|w252,us_real_10y,dev,252,c2c,2,-1,0.4315622424594444,0.20230839881622145,0.35491720700599644,0.3774615774275652,0.21448060125949167,0.5833333333333334,-2.352191081389316,24,-0.09297925227842317,0.009782804248125295,0.6602340206843207,-36.66140922110181,1618,18.824018890161078,99.55634427684117,5635,2003-10-08,2026-08-31,False,False,True,True,2
full,us_real_10y|dev|w252,us_real_10y,dev,252,o2o,2,-1,0.44710020420274754,0.3232598184018674,0.40830561785084446,0.4303378381184422,0.2760743908026307,0.625,-2.21761195547414,24,-0.12615521593516332,0.009782804248125295,0.6602340206843207,-33.981868113663836,1427,18.824018890161078,99.55634427684117,5635,2003-10-08,2026-08-31,False,False,True,True,2
full,us_real_10y|dev|w252,us_real_10y,dev,252,day,1,-1,0.10626767612084713,0.6277653321540968,0.255660876360672,0.2860701806546678,0.1782679303579526,0.6666666666666666,-1.7272147310779715,24,-0.11675089422815063,0.009613764364432762,0.6602841789454206,-40.757649793270296,3375,18.822874272310553,99.55642299503194,5636,2003-10-07,2026-08-31,False,True,True,True,3
full,us_breakeven_10y|selfz|w60,us_breakeven_10y,selfz,60,c2c,2,-1,0.0823584842343935,-0.3420980951143472,-0.05874420602939447,-0.021896054609147366,0.12660960532238752,0.5416666666666666,-1.8831057741549282,24,0.1233109085096106,-0.01452021243788177,0.607521570733032,-74.22866210108836,4431,28.9920016716976,99.42418426103646,5731,2003-05-23,2026-08-31,False,False,True,True,2
full,us_breakeven_10y|selfz|w60,us_breakeven_10y,selfz,60,o2o,2,-1,0.09397827314750513,-0.3166773601046374,-0.0342694280121771,0.0019312506224843174,0.16419354393700775,0.5416666666666666,-1.7765232733208174,24,0.14857819233885275,-0.01452021243788177,0.607521570733032,-67.95096180537517,4430,28.9920016716976,99.42418426103646,5731,2003-05-23,2026-08-31,False,False,True,True,2
full,us_breakeven_10y|selfz|w60,us_breakeven_10y,selfz,60,day,1,-1,0.19732900364861494,-0.19188567247624172,0.08410895543416806,0.1334733766810849,0.1886782880935017,0.5416666666666666,-1.3641716202724954,24,0.10252728567977375,-0.014627852878719955,0.6075257566452074,-32.007477486915995,2300,28.99288917520861,99.42428471737614,5732,2003-05-22,2026-08-31,False,False,True,True,2
full,us_breakeven_10y|selfz|w120,us_breakeven_10y,selfz,120,c2c,2,1,0.008981944448074911,0.2610489477356386,0.09483191945711379,0.12114058155558498,-0.11447876900377349,0.5,-2.0420145999392645,24,-0.11486530287288542,0.029084365413753702,0.613996623634873,-57.28717650347293,4073,21.596982115559122,99.38607261883881,5701,2003-07-07,2026-08-31,False,False,True,True,2
full,us_breakeven_10y|selfz|w120,us_breakeven_10y,selfz,120,o2o,2,-1,-0.0235164098707915,-0.27036271926687244,-0.10058803739413294,-0.07484978868582359,0.09857544029021265,0.5,-2.5026562766097897,24,0.14689693014432928,-0.029084365413753702,0.613996623634873,-83.53848205692384,4430,21.596982115559122,99.38607261883881,5701,2003-07-07,2026-08-31,False,False,True,True,2
full,us_breakeven_10y|selfz|w120,us_breakeven_10y,selfz,120,day,1,-1,0.17828558780587786,-0.15354471813319814,0.0801065968559319,0.11531748977112735,0.21600935087613146,0.625,-1.1688675618381141,24,0.07688777334876087,-0.029055234978982804,0.613912972416005,-28.4709932457678,2219,21.60153960216563,99.38618028761837,5702,2003-07-04,2026-08-31,False,False,True,True,2
full,us_breakeven_10y|selfz|w252,us_breakeven_10y,selfz,252,c2c,2,-1,0.038878972879129524,-0.24244892578700153,-0.05704303281595695,-0.03489463080769477,0.17298196340076263,0.5,-2.4276899456483765,24,0.14545895526973224,-0.0047877013335412355,0.6437760487255499,-80.31613999793849,4451,18.634886376443216,99.4321206743567,5635,2003-10-08,2026-08-31,False,False,True,True,2
full,us_breakeven_10y|selfz|w252,us_breakeven_10y,selfz,252,o2o,2,-1,0.07145633497128487,-0.2021340860902376,-0.015520189792265496,0.006218209423495883,0.1711075194529294,0.5416666666666666,-2.4353005633779228,24,0.1761867423834928,-0.0047877013335412355,0.6437760487255499,-74.24766408073157,4450,18.634886376443216,99.4321206743567,5635,2003-10-08,2026-08-31,False,False,False,True,1
full,us_breakeven_10y|selfz|w252,us_breakeven_10y,selfz,252,day,1,-1,0.23512155430817747,-0.14258308839699962,0.12150761703204217,0.15125004389688704,0.16247122267759165,0.5,-1.1412990995417065,24,0.12397060160184659,-0.004786274282333564,0.6436624005904448,-28.29110129087436,1439,18.642630980610694,99.41447835344216,5636,2003-10-07,2026-08-31,False,False,True,True,2
full,us_breakeven_10y|robustz|w60,us_breakeven_10y,robustz,60,c2c,2,-1,0.004835039636966467,-0.3455798602576215,-0.11211277973651025,-0.07801528053478747,0.007511708745875832,0.4583333333333333,-1.4087352902112724,24,0.12949775861833304,-0.013617153733958096,0.5396394406282564,-78.29359113516658,4431,25.19587163589271,99.14065240266574,5702,2003-07-04,2026-08-31,False,False,True,True,2
full,us_breakeven_10y|robustz|w60,us_breakeven_10y,robustz,60,o2o,2,-1,-0.005189938567475085,-0.33564655311352526,-0.1083441866889373,-0.07516879256561,0.025782835810945322,0.4166666666666667,-1.4345877319626068,24,0.15981572082873358,-0.013617153733958096,0.5396394406282564,-68.59424674482015,4430,25.19587163589271,99.14065240266574,5702,2003-07-04,2026-08-31,False,False,False,True,1
full,us_breakeven_10y|robustz|w60,us_breakeven_10y,robustz,60,day,1,-1,0.131544224254157,-0.23989167827619684,0.023305586020205573,0.0689466396601528,0.06670491011493605,0.4583333333333333,-1.4349088595897135,24,0.10978124192666083,-0.013708286434354167,0.5396383372622148,-32.19209006535396,2640,25.1971931835168,99.14080308609505,5703,2003-07-03,2026-08-31,False,False,True,True,2
full,us_breakeven_10y|robustz|w120,us_breakeven_10y,robustz,120,c2c,2,-1,0.04486141963474886,-0.2558039291052599,-0.05563948317524749,-0.031665005507801186,0.12693435276251938,0.5416666666666666,-2.6785833594881123,24,0.14388905350772332,-0.0056885099977861025,0.58277905637394,-79.83636379342904,4451,19.325363663642023,99.29103154909606,5642,2003-09-29,2026-08-31,False,False,True,True,2
full,us_breakeven_10y|robustz|w120,us_breakeven_10y,robustz,120,o2o,2,-1,0.10528315881995097,-0.22696835288939685,0.0034345970387778414,0.026623065381143885,0.1790825424276335,0.5,-2.528095070753759,24,0.18549150534521433,-0.0056885099977861025,0.58277905637394,-75.50702032489683,4430,19.325363663642023,99.29103154909606,5642,2003-09-29,2026-08-31,False,False,False,True,1
full,us_breakeven_10y|robustz|w120,us_breakeven_10y,robustz,120,day,1,-1,0.2939195124152707,-0.1282374595605495,0.17018207329007992,0.2022655871554504,0.17022479068157453,0.5416666666666666,-1.2193380166724472,24,0.11540773659570484,-0.005669872079276692,0.5826934115410103,-27.156835505450093,1199,19.329772853418035,99.29115718589404,5643,2003-09-26,2026-08-31,False,False,True,True,2
full,us_breakeven_10y|robustz|w252,us_breakeven_10y,robustz,252,c2c,2,1,0.061752485638285545,0.06660677219890157,0.06339475835298347,0.08241129389520213,-0.11380799888551184,0.5217391304347826,-1.81164974272501,23,-0.15196498289703267,0.006012825735021411,0.6728430153419137,-55.90567683963585,4073,16.954897259060807,99.45553539019963,5510,2004-04-12,2026-08-31,False,False,False,True,1
full,us_breakeven_10y|robustz|w252,us_breakeven_10y,robustz,252,o2o,2,1,-0.0016433840964020247,0.01436627496984055,0.003411659713547128,0.022023551251529407,-0.16107811082527418,0.4782608695652174,-1.6487093632167962,23,-0.18451379727224562,0.006012825735021411,0.6728430153419137,-58.44931452181631,4071,16.954897259060807,99.45553539019963,5510,2004-04-12,2026-08-31,False,False,False,True,1
full,us_breakeven_10y|robustz|w252,us_breakeven_10y,robustz,252,day,1,-1,0.15687460214665008,-0.12176652926379226,0.0738083325696271,0.09916156915556561,0.13412545142847077,0.4782608695652174,-1.1555433720179114,23,0.12020318610918837,-0.00603102547722499,0.6727402152311674,-30.626522262649157,1439,16.96203228576014,99.4556341861731,5511,2004-04-09,2026-08-31,False,False,True,True,2
full,us_breakeven_10y|bdtanh|w60,us_breakeven_10y,bdtanh,60,c2c,2,-1,0.1417768427629747,-0.2884624710756484,0.0009066673157157564,0.03427417042815033,0.18612743965062617,0.5,-1.9349897770192863,24,0.12028249137292109,-0.02132069483049386,0.6757408799289571,-73.79843036216425,4431,27.593252504353792,99.42418426103646,5731,2003-05-23,2026-08-31,False,False,True,True,2
full,us_breakeven_10y|bdtanh|w60,us_breakeven_10y,bdtanh,60,o2o,2,-1,0.152686238507932,-0.21712216946040075,0.038376177386437095,0.07096294019697989,0.24484703004213046,0.5833333333333334,-1.8357190708687505,24,0.15117373231323297,-0.02132069483049386,0.6757408799289571,-72.18089691114213,4430,27.593252504353792,99.42418426103646,5731,2003-05-23,2026-08-31,False,False,False,True,1
full,us_breakeven_10y|bdtanh|w60,us_breakeven_10y,bdtanh,60,day,1,-1,0.2313570719257935,-0.11977370103397876,0.1324267676074416,0.17718789754608621,0.2532893076736442,0.5833333333333334,-1.2318303599710463,24,0.0986864717963318,-0.021454193026133973,0.6757602085179856,-35.0566867626691,2253,27.59089152647399,99.42428471737614,5732,2003-05-22,2026-08-31,False,False,True,True,2
full,us_breakeven_10y|bdtanh|w120,us_breakeven_10y,bdtanh,120,c2c,2,1,0.004891875891574965,0.20419691844063098,0.0716161329698883,0.09668394103951258,-0.12531809356525736,0.5416666666666666,-2.2244304864710482,24,-0.11781733745177761,0.022426931595863096,0.6740580616659607,-62.64219516213407,4073,21.35447893766637,99.70180670057884,5701,2003-07-07,2026-08-31,False,False,True,True,2
full,us_breakeven_10y|bdtanh|w120,us_breakeven_10y,bdtanh,120,o2o,2,-1,0.008422630455453052,-0.1557861458131661,-0.042496456995334,-0.01792607047450322,0.14175461579335594,0.5,-2.507487562531226,24,0.15055467312468226,-0.022426931595863096,0.6740580616659607,-85.50304627290203,4450,21.35447893766637,99.70180670057884,5701,2003-07-07,2026-08-31,False,False,False,True,1
full,us_breakeven_10y|bdtanh|w120,us_breakeven_10y,bdtanh,120,day,1,-1,0.19507228142073466,-0.08852732283788885,0.11311242555789153,0.14677512071505747,0.2532494889785724,0.5416666666666666,-1.2047882021252492,24,0.07898743964451016,-0.02238102801110604,0.6739818177597915,-30.322165865252348,2220,21.364718446151578,99.70185899684321,5702,2003-07-04,2026-08-31,False,False,True,True,2
full,us_breakeven_10y|bdtanh|w252,us_breakeven_10y,bdtanh,252,c2c,2,-1,0.05960369710609091,-0.1587314853800904,-0.014966779251627964,0.007014081760860562,0.19399850005517458,0.4583333333333333,-1.4230662184360452,24,0.14604935264775526,0.004612333786157804,0.6731784236007821,-64.81715824886227,4451,18.6250919299034,99.62732919254658,5635,2003-10-08,2026-08-31,False,False,True,True,2
full,us_breakeven_10y|bdtanh|w252,us_breakeven_10y,bdtanh,252,o2o,2,-1,0.11583217292858312,-0.07065518242226142,0.05605842021928186,0.07782658693383646,0.23396987418443496,0.5,-1.3979178794673066,24,0.17451353765327435,0.004612333786157804,0.6731784236007821,-58.53901578455051,2719,18.6250919299034,99.62732919254658,5635,2003-10-08,2026-08-31,False,False,False,True,1
full,us_breakeven_10y|bdtanh|w252,us_breakeven_10y,bdtanh,252,day,1,-1,0.27675524296253234,-0.04888492185642258,0.17954089506634374,0.20909210035742537,0.2236361670378805,0.5416666666666666,-1.042587956667804,24,0.12447359589513633,0.004619931588541601,0.6730673971856685,-29.077993751702515,1439,18.63940178510507,99.62739531582683,5636,2003-10-07,2026-08-31,False,False,True,True,2
full,us_breakeven_10y|rankc|w60,us_breakeven_10y,rankc,60,c2c,2,-1,0.09510517445570664,-0.3868092943221504,-0.06112152094117827,-0.020980534113803104,0.11157349933552924,0.5,-2.1256741726287482,24,0.11735300673534685,-0.027811901730777834,0.6539066144490322,-69.38119352741376,4792,32.59688446265215,99.61612284069098,5731,2003-05-23,2026-08-31,False,False,True,True,2
full,us_breakeven_10y|rankc|w60,us_breakeven_10y,rankc,60,o2o,2,-1,0.09242337307743617,-0.31288253391691445,-0.0315863803640008,0.0076647191954458006,0.15352710280255386,0.5833333333333334,-2.0560835583998816,24,0.14509152773511444,-0.027811901730777834,0.6539066144490322,-66.75084818160133,4430,32.59688446265215,99.61612284069098,5731,2003-05-23,2026-08-31,False,False,True,True,2
full,us_breakeven_10y|rankc|w60,us_breakeven_10y,rankc,60,day,1,-1,0.1827427245842797,-0.19406333313796115,0.07674522151309202,0.13047837462212505,0.17021326515241747,0.5,-1.6345361518254158,24,0.09749637313747243,-0.027925357237422,0.6539108419876515,-31.333392773917033,2271,32.596061753546394,99.61618981158409,5732,2003-05-22,2026-08-31,False,False,True,True,2
full,us_breakeven_10y|rankc|w120,us_breakeven_10y,rankc,120,c2c,2,-1,0.00516801081637846,-0.2466896392368107,-0.07945151604673001,-0.050113978166091276,0.11738169661800804,0.4166666666666667,-2.3441624361197007,24,0.11562253089243638,-0.027076323418227976,0.6549979722618272,-81.23648618328859,4451,24.435954870152017,99.6141027889844,5701,2003-07-07,2026-08-31,False,False,True,True,2
full,us_breakeven_10y|rankc|w120,us_breakeven_10y,rankc,120,o2o,2,-1,0.035947141319353414,-0.17124335005747993,-0.028273771853995832,0.00039461366452168387,0.15652637580507783,0.5,-2.3199686750766486,24,0.14864553441592726,-0.027076323418227976,0.6549979722618272,-79.49637976101698,4430,24.435954870152017,99.6141027889844,5701,2003-07-07,2026-08-31,False,False,True,True,2
full,us_breakeven_10y|rankc|w120,us_breakeven_10y,rankc,120,day,1,-1,0.21879465056629524,-0.09848178715784879,0.12617724770281216,0.16550245825860907,0.26339479583624537,0.5416666666666666,-1.0897503125855945,24,0.08304272806485762,-0.027045339851962634,0.6549093356429505,-27.18626947811386,1439,24.441233418243183,99.61417046650298,5702,2003-07-04,2026-08-31,False,False,True,True,2
full,us_breakeven_10y|rankc|w252,us_breakeven_10y,rankc,252,c2c,2,-1,0.08568573577705617,-0.19284790123523285,-0.0066632819646598234,0.01700873329482139,0.16168237698811289,0.5,-1.8577974029581497,24,0.09459560436631018,-0.02530706538533224,0.6736058208872385,-70.66768953376965,4451,20.757893402024166,99.50310559006212,5635,2003-10-08,2026-08-31,False,False,True,True,2
full,us_breakeven_10y|rankc|w252,us_breakeven_10y,rankc,252,o2o,2,-1,0.12982036815669232,-0.11100940661749648,0.054956152261486604,0.07840788107642432,0.21253292888867248,0.5833333333333334,-1.8759028863773406,24,0.12858323410793712,-0.02530706538533224,0.6736058208872385,-65.63271010831248,2699,20.757893402024166,99.50310559006212,5635,2003-10-08,2026-08-31,False,False,True,True,2
full,us_breakeven_10y|rankc|w252,us_breakeven_10y,rankc,252,day,1,-1,0.23563340356546458,-0.0781247139690248,0.1441336392646398,0.1758575594172891,0.24741635521802915,0.5416666666666666,-1.088259013335035,24,0.06241102376902046,-0.025317685778272266,0.6735014131120625,-28.216035785927463,1439,20.763706710082825,99.50319375443577,5636,2003-10-07,2026-08-31,False,False,True,True,2
full,us_breakeven_10y|signth|w60,us_breakeven_10y,signth,60,c2c,2,-1,0.21860719905714837,-0.3077994753375409,0.049243205309368605,0.08241012906195734,0.2372314635676977,0.5,-1.70773503794877,24,0.11425928094059734,-0.015757467817372136,0.6680562872938572,-71.38039543558854,4792,27.104502686787704,99.6202313136544,5793,2003-02-24,2026-08-31,False,False,True,True,2
full,us_breakeven_10y|signth|w60,us_breakeven_10y,signth,60,o2o,2,-1,0.1866944490591481,-0.3058961914619049,0.037638269811324496,0.06996738280839311,0.23238730560027226,0.5833333333333334,-1.8841674173785552,24,0.14889966080819297,-0.015757467817372136,0.6680562872938572,-71.7558994245484,2541,27.104502686787704,99.6202313136544,5793,2003-02-24,2026-08-31,False,False,True,True,2
full,us_breakeven_10y|signth|w60,us_breakeven_10y,signth,60,day,1,-1,0.2555122269947201,-0.29143743364134034,0.10753466536259224,0.1516729887525434,0.2155787235161473,0.5416666666666666,-1.339192721154008,24,0.10876387146052938,-0.015900811206090004,0.6680870489049643,-32.629430061278256,1024,27.099824657328476,99.62029685881947,5794,2003-02-21,2026-08-31,False,False,True,True,2
full,us_breakeven_10y|signth|w120,us_breakeven_10y,signth,120,c2c,2,-1,0.0008309222390669353,-0.05936955064264045,-0.01860133522365627,0.007000548768801175,0.1781860626895497,0.5416666666666666,-2.1782219858932006,24,0.12343891681710549,-0.012155278848914493,0.6814661372999284,-84.02398079554348,4792,21.36385138702691,99.60076375629231,5761,2003-04-10,2026-08-31,False,False,True,True,2
full,us_breakeven_10y|signth|w120,us_breakeven_10y,signth,120,o2o,2,-1,0.0584924917929015,0.01943661306768903,0.04669064335861561,0.07177736767420771,0.23873533793645588,0.625,-2.385591567225534,24,0.1616610899676901,-0.012155278848914493,0.6814661372999284,-85.59698088058016,4450,21.36385138702691,99.60076375629231,5761,2003-04-10,2026-08-31,False,False,False,True,1
full,us_breakeven_10y|signth|w120,us_breakeven_10y,signth,120,day,1,-1,0.22920988785485544,0.02288616401515226,0.17093340141047397,0.20519086512339396,0.3232714698616246,0.625,-1.2719748605099308,24,0.09780970062299571,-0.0121687775941054,0.6813634765764538,-31.877873652425166,2208,21.36035035030721,99.60083304408191,5762,2003-04-09,2026-08-31,False,False,True,True,2
full,us_breakeven_10y|signth|w252,us_breakeven_10y,signth,252,c2c,2,1,0.006484819222090261,0.11202135116759372,0.04035338643310456,0.05964544757445531,-0.04959805747148813,0.5833333333333334,-2.0013642849041133,24,-0.09319662664362076,0.031576994847465116,0.6821844719083126,-63.63201649421977,3029,16.252071272436563,98.804920913884,5690,2003-07-16,2026-08-31,False,False,True,True,2
full,us_breakeven_10y|signth|w252,us_breakeven_10y,signth,252,o2o,2,-1,-0.007605687569751014,-0.08929971494697458,-0.03196082691364211,-0.012817283202727141,0.04987601909619028,0.4583333333333333,-1.3240147744897128,24,0.11651592958298278,-0.031576994847465116,0.6821844719083126,-54.11879592116122,4450,16.252071272436563,98.804920913884,5690,2003-07-16,2026-08-31,False,False,True,True,2
full,us_breakeven_10y|signth|w252,us_breakeven_10y,signth,252,day,1,-1,0.15195408021194196,-0.08201221470169165,0.08725951381710689,0.11294268248244892,0.11528625676416462,0.5,-1.387340175683915,24,0.05185604723054424,-0.03159806562443438,0.682091220513948,-30.720588795016617,1576,16.24943754636976,98.80513090845194,5691,2003-07-15,2026-08-31,False,False,True,True,2
full,us_breakeven_10y|dev|w60,us_breakeven_10y,dev,60,c2c,2,-1,0.0735096667461515,-0.23660572885788966,-0.028203470018259544,0.0016993037048707279,0.20851296168723485,0.5833333333333334,-1.9372091334598005,24,0.16768459572109964,0.005342292007201433,0.5857884722098677,-83.1312995878693,4431,24.138915249064908,99.37183737567614,5731,2003-05-23,2026-08-31,False,False,False,True,1
full,us_breakeven_10y|dev|w60,us_breakeven_10y,dev,60,o2o,2,-1,0.10131909542908432,-0.21605448706969352,0.004294648255381089,0.03304557178740463,0.258602820332738,0.5833333333333334,-1.8517445603865321,24,0.19965449311810765,0.005342292007201433,0.5857884722098677,-80.72058856335401,4430,24.138915249064908,99.37183737567614,5731,2003-05-23,2026-08-31,False,False,False,True,1
full,us_breakeven_10y|dev|w60,us_breakeven_10y,dev,60,day,1,-1,0.21772484052627405,-0.1780585487354503,0.10374947544659284,0.14336317497692366,0.20740157520115612,0.625,-1.3975608207757821,24,0.15062530496429535,0.005228759449018609,0.5857988765816904,-34.73295732918123,1884,24.140528248539702,99.37194696441033,5732,2003-05-22,2026-08-31,False,False,False,True,1
full,us_breakeven_10y|dev|w120,us_breakeven_10y,dev,120,c2c,2,1,0.04019757787013358,0.107179689334683,0.06266379577236753,0.08495427272540913,-0.14924965305395926,0.4583333333333333,-1.8774722446015573,24,-0.15819373998375488,0.0012145106996973585,0.6182337693539597,-58.498047487856375,3548,18.73844085539623,99.50885809507103,5701,2003-07-07,2026-08-31,False,False,False,True,1
full,us_breakeven_10y|dev|w120,us_breakeven_10y,dev,120,o2o,2,1,0.007136861847962641,0.0677039696131302,0.02585413348896757,0.047440401276608035,-0.18756359204859532,0.5416666666666666,-1.7259234472111606,24,-0.1890666658959156,0.0012145106996973585,0.6182337693539597,-66.79837632908357,3548,18.73844085539623,99.50885809507103,5701,2003-07-07,2026-08-31,False,False,False,True,1
full,us_breakeven_10y|dev|w120,us_breakeven_10y,dev,120,day,1,-1,0.13470306883096714,-0.1322607963567862,0.056119586923031775,0.0858700912645297,0.1395065923691851,0.5416666666666666,-1.1953974775504232,24,0.12168308487002581,-0.0011850730528117468,0.6181545699822458,-33.02866768745679,1810,18.7461954623544,99.50894423009471,5702,2003-07-04,2026-08-31,False,False,True,True,2
full,us_breakeven_10y|dev|w252,us_breakeven_10y,dev,252,c2c,2,-1,0.042440014135030665,-0.15118122785219015,-0.02223394793239211,-0.0021942590509192858,0.2267560560038778,0.5416666666666666,-1.8582889553521569,24,0.14978849220472534,0.013609640159239045,0.6563591066426808,-78.41811730112437,4451,17.278376088392076,99.59183673469387,5635,2003-10-08,2026-08-31,False,False,True,True,2
full,us_breakeven_10y|dev|w252,us_breakeven_10y,dev,252,o2o,2,-1,0.07146758913074495,-0.12577522991064174,0.009911748404071285,0.02945144432408764,0.23647059383298857,0.5,-1.8547092180489229,24,0.18601750786515506,0.013609640159239045,0.6563591066426808,-72.29385311803563,4450,17.278376088392076,99.59183673469387,5635,2003-10-08,2026-08-31,False,False,False,True,1
full,us_breakeven_10y|dev|w252,us_breakeven_10y,dev,252,day,1,-1,0.28368300021636716,-0.12758134848405375,0.16177180541494082,0.18836698446394962,0.2462275392283193,0.5416666666666666,-1.1658370226627774,24,0.1163349589331786,0.0136111160407093,0.6562465389708361,-34.78430105123771,1439,17.28696468668072,99.59190915542938,5636,2003-10-07,2026-08-31,False,False,True,True,2
full,us_breakeven_5y5y|selfz|w60,us_breakeven_5y5y,selfz,60,c2c,2,-1,0.2189195206095375,-0.3138865397250235,0.04274669926483395,0.09767706474165024,0.20544022815020235,0.7083333333333334,-2.035774123796427,24,0.018485231510957857,-0.01496347805309508,0.5991618787631249,-60.636607087318325,2828,42.13022625393968,99.42418426103646,5731,2003-05-23,2026-08-31,False,True,True,True,3
full,us_breakeven_5y5y|selfz|w60,us_breakeven_5y5y,selfz,60,o2o,2,-1,0.21178968312149035,-0.4304213438162854,0.009213275463565464,0.0632965080110855,0.179468131647011,0.6666666666666666,-2.1269471095989028,24,-0.010578980373976022,-0.01496347805309508,0.5991618787631249,-62.14082547382544,2910,42.13022625393968,99.42418426103646,5731,2003-05-23,2026-08-31,False,True,True,True,3
full,us_breakeven_5y5y|selfz|w60,us_breakeven_5y5y,selfz,60,day,1,-1,0.32128659761904405,-0.1651678080498485,0.18284769617730598,0.25492892651111937,0.29100563997978063,0.5833333333333334,-1.689424479824996,24,-0.011850583902690887,-0.015099684367583304,0.5991961663056818,-40.34197261882406,2050,42.12823028091195,99.42428471737614,5732,2003-05-22,2026-08-31,False,False,True,True,2
full,us_breakeven_5y5y|selfz|w120,us_breakeven_5y5y,selfz,120,c2c,2,-1,0.043767804637577075,-0.34233428539635274,-0.0869256041310327,-0.04673051075365573,0.13458737360898645,0.5,-2.1572696875322275,24,0.027347368117194796,-0.018291704012159248,0.5993366320068946,-74.56211641335499,3133,31.709845853340607,99.31590948956324,5701,2003-07-07,2026-08-31,False,False,True,True,2
full,us_breakeven_5y5y|selfz|w120,us_breakeven_5y5y,selfz,120,o2o,2,-1,0.06682341966841973,-0.4939651364954767,-0.11420640932313032,-0.0745179378724767,0.1108860790428455,0.5416666666666666,-2.158110704300529,24,-0.002487927667343451,-0.018291704012159248,0.5993366320068946,-77.23162663669527,2996,31.709845853340607,99.31590948956324,5701,2003-07-07,2026-08-31,False,False,True,True,2
full,us_breakeven_5y5y|selfz|w120,us_breakeven_5y5y,selfz,120,day,1,-1,0.23027286170792974,-0.08933354731238825,0.13740965063486424,0.19056963972426968,0.3504980761532871,0.625,-0.9405535909810394,24,-0.01917322822442571,-0.018435418048604383,0.5993784440917448,-36.12746041267232,2011,31.707756112038847,99.31602946334618,5702,2003-07-04,2026-08-31,False,False,True,True,2
full,us_breakeven_5y5y|selfz|w252,us_breakeven_5y5y,selfz,252,c2c,2,-1,0.10981710791881451,-0.3464536205491516,-0.04477758562948659,-0.011972406603401091,0.20203773348976362,0.625,-1.9801703312473358,24,0.08042378252234063,0.005110779425390979,0.6268816845546851,-66.34528832937292,2860,27.14630777812619,99.46761313220941,5635,2003-10-08,2026-08-31,False,False,True,True,2
full,us_breakeven_5y5y|selfz|w252,us_breakeven_5y5y,selfz,252,o2o,2,-1,0.06190940760913934,-0.43471706877162547,-0.09784409914628656,-0.06533089022995701,0.14102660702502057,0.5833333333333334,-2.088721031081924,24,0.043458253061604266,0.005110779425390979,0.6268816845546851,-70.3901048000309,2864,27.14630777812619,99.46761313220941,5635,2003-10-08,2026-08-31,False,False,True,True,2
full,us_breakeven_5y5y|selfz|w252,us_breakeven_5y5y,selfz,252,day,1,-1,0.1611113993146018,-0.09450177151515649,0.08621651238623135,0.13016370290586185,0.20855398451099919,0.5416666666666666,-1.1937440365487644,24,0.019553747565345624,0.004943175459002644,0.6269371535913396,-39.1893091322853,2169,27.143153746593047,99.46770759403833,5636,2003-10-07,2026-08-31,False,False,True,True,2
full,us_breakeven_5y5y|robustz|w60,us_breakeven_5y5y,robustz,60,c2c,2,-1,0.08745063140345133,-0.42471878329287643,-0.08716009207723217,-0.036179496787135085,0.06146951641779581,0.6666666666666666,-2.2949573609680436,24,0.044236362381091986,-0.01031700789832062,0.5371728749799354,-65.9693918903402,4829,37.08333061408152,99.15819010873378,5702,2003-07-04,2026-08-31,False,True,True,True,3
full,us_breakeven_5y5y|robustz|w60,us_breakeven_5y5y,robustz,60,o2o,2,-1,0.05311569281746685,-0.5457696413326584,-0.1389725421159972,-0.08944680616988993,0.02527431185881763,0.5833333333333334,-2.285914788943583,24,0.015104213138954008,-0.01031700789832062,0.5371728749799354,-75.20664504179327,4828,37.08333061408152,99.15819010873378,5702,2003-07-04,2026-08-31,False,False,True,True,2
full,us_breakeven_5y5y|robustz|w60,us_breakeven_5y5y,robustz,60,day,1,-1,0.18697366646099098,-0.19952137619284527,0.07434063051084312,0.1408819648872118,0.13490026024355187,0.5416666666666666,-1.502417962138211,24,0.0014094144333757488,-0.010475435218577737,0.5372389200685458,-44.07945738637241,2953,37.079262743253764,99.15833771699106,5703,2003-07-03,2026-08-31,False,False,True,True,2
full,us_breakeven_5y5y|robustz|w120,us_breakeven_5y5y,robustz,120,c2c,2,-1,0.09416745666274388,-0.34562580147681615,-0.052052821920802426,-0.01699856801418242,0.1785872097699789,0.5833333333333334,-2.448280230692139,24,0.05909681309831909,0.0001884925755760436,0.5689991461719782,-72.73038502572587,4829,27.862708046985734,99.16696207018788,5642,2003-09-29,2026-08-31,False,False,True,True,2
full,us_breakeven_5y5y|robustz|w120,us_breakeven_5y5y,robustz,120,o2o,2,-1,0.1029226467040912,-0.4537910790928274,-0.0733343328082467,-0.03898973795540758,0.1553750622244386,0.625,-2.625456700187464,24,0.027521599058495994,0.0001884925755760436,0.5689991461719782,-73.68269462744527,3075,27.862708046985734,99.16696207018788,5642,2003-09-29,2026-08-31,False,False,True,True,2
full,us_breakeven_5y5y|robustz|w120,us_breakeven_5y5y,robustz,120,day,1,-1,0.2076478203225743,-0.06362844533596072,0.1302693085541554,0.17652132153122993,0.2749398873511978,0.5833333333333334,-0.8251827933230106,24,0.011880501594818377,3.666627029507562e-05,0.5690501063353582,-40.27155458273978,2335,27.86099298460261,99.16710969342549,5643,2003-09-26,2026-08-31,False,False,True,True,2
full,us_breakeven_5y5y|robustz|w252,us_breakeven_5y5y,robustz,252,c2c,2,-1,0.05573757141975107,-0.22945307080974145,-0.04143675841435698,-0.010602396724113627,0.17643096850249798,0.6086956521739131,-1.6194616166118831,23,0.06314506873824999,0.0008530562025609723,0.6427719761027771,-62.69102228022909,2978,26.052298483656823,99.49183303085299,5510,2004-04-12,2026-08-31,False,False,True,True,2
full,us_breakeven_5y5y|robustz|w252,us_breakeven_5y5y,robustz,252,o2o,2,-1,-0.008648690069048002,-0.310085453451555,-0.10565958118294394,-0.07525177631110073,0.11981572674914599,0.5217391304347826,-1.7178934532841978,23,0.017031697344641338,0.0008530562025609723,0.6427719761027771,-74.4995372356613,3073,26.052298483656823,99.49183303085299,5510,2004-04-12,2026-08-31,False,False,True,True,2
full,us_breakeven_5y5y|robustz|w252,us_breakeven_5y5y,robustz,252,day,1,-1,0.08247223153505957,-0.1187245445391854,0.023421521580634066,0.06439270031602268,0.17544210556979226,0.5217391304347826,-1.0698168379801627,23,-0.014348266898258497,0.0006846694532664931,0.6428235736972349,-41.313881221613535,2085,26.04944994014036,99.49192524042823,5511,2004-04-09,2026-08-31,False,False,True,True,2
full,us_breakeven_5y5y|bdtanh|w60,us_breakeven_5y5y,bdtanh,60,c2c,2,-1,0.2706074839035004,-0.1746178391831162,0.12478477347082352,0.17595111119011075,0.2747444765070012,0.7083333333333334,-1.8763048132183338,24,0.008049454916136336,-0.020419996779071,0.6677710103125818,-61.636188459475406,2568,41.42294761844509,99.56377595533066,5731,2003-05-23,2026-08-31,False,True,True,True,3
full,us_breakeven_5y5y|bdtanh|w60,us_breakeven_5y5y,bdtanh,60,o2o,2,-1,0.20291675572370294,-0.3172091246379028,0.0407945440397455,0.09098391597463025,0.19980715667233212,0.625,-2.060099850844444,24,-0.022145462898021006,-0.020419996779071,0.6677710103125818,-63.79125938609531,2926,41.42294761844509,99.56377595533066,5731,2003-05-23,2026-08-31,False,False,True,True,2
full,us_breakeven_5y5y|bdtanh|w60,us_breakeven_5y5y,bdtanh,60,day,1,-1,0.310449496569885,-0.1682255991430838,0.17838476044520585,0.24555088631664576,0.2798729083183831,0.5833333333333334,-1.7646030179078402,24,-0.0175419843833165,-0.020564911425208592,0.6678029886339578,-43.69087885779289,2637,41.41708383533702,99.56385205861828,5732,2003-05-22,2026-08-31,False,False,True,True,2
full,us_breakeven_5y5y|bdtanh|w120,us_breakeven_5y5y,bdtanh,120,c2c,2,-1,0.011366649293619196,-0.18070457833316242,-0.05145630789025348,-0.011958308889936695,0.1401984272242907,0.5833333333333334,-1.861034908959741,24,0.015201889608595816,-0.019976555654060275,0.6646465400569551,-81.17873079246473,3170,31.82100868198018,99.54393965970883,5701,2003-07-07,2026-08-31,False,False,True,True,2
full,us_breakeven_5y5y|bdtanh|w120,us_breakeven_5y5y,bdtanh,120,o2o,2,-1,0.019972983818827922,-0.35814967828991984,-0.0978229281756799,-0.059071746712526706,0.11083614577406141,0.5416666666666666,-1.8497783206460268,24,-0.010499227401190636,-0.019976555654060275,0.6646465400569551,-76.26286402056452,3021,31.82100868198018,99.54393965970883,5701,2003-07-07,2026-08-31,False,False,True,True,2
full,us_breakeven_5y5y|bdtanh|w120,us_breakeven_5y5y,bdtanh,120,day,1,-1,0.25796179160385546,-0.016329062275439107,0.18116682426578226,0.23329338330838606,0.41530687386980575,0.5833333333333334,-0.896099104417233,24,-0.028533336733388773,-0.020121941462523902,0.6646788655384451,-35.57706248691274,2014,31.81642550183265,99.5440196422308,5702,2003-07-04,2026-08-31,False,False,True,True,2
full,us_breakeven_5y5y|bdtanh|w252,us_breakeven_5y5y,bdtanh,252,c2c,2,-1,0.081634842662745,-0.27493450050286694,-0.03248330449485356,-0.00047377286937835833,0.2212521080291327,0.625,-1.8451244449598692,24,0.07540722709506133,0.012362742342218597,0.670288061164485,-63.753663152769136,2874,27.229190529034064,99.4321206743567,5635,2003-10-08,2026-08-31,False,False,True,True,2
full,us_breakeven_5y5y|bdtanh|w252,us_breakeven_5y5y,bdtanh,252,o2o,2,-1,-0.0061759812957370725,-0.3534462169737702,-0.11186129053440907,-0.08029503294536144,0.1457729096248282,0.5833333333333334,-1.873820574251079,24,0.03968577363185275,0.012362742342218597,0.670288061164485,-79.87231264341939,4676,27.229190529034064,99.4321206743567,5635,2003-10-08,2026-08-31,False,False,True,True,2
full,us_breakeven_5y5y|bdtanh|w252,us_breakeven_5y5y,bdtanh,252,day,1,-1,0.18742329045283976,0.00021499528208818,0.1348775738885595,0.17768588890905443,0.273257794480375,0.5833333333333334,-0.9724995310888933,24,0.014880898050604436,0.012196305711154282,0.6703333745160059,-41.672986206066476,2040,27.225018219827508,99.43222143364088,5636,2003-10-07,2026-08-31,False,False,True,True,2
full,us_breakeven_5y5y|rankc|w60,us_breakeven_5y5y,rankc,60,c2c,2,-1,0.21912382150313728,-0.21356873444366525,0.07610237708552849,0.13463904423277934,0.20536386515237565,0.7083333333333334,-1.9045111127980596,24,0.012559776800271701,-0.026498465897611713,0.6424981588592362,-59.57307894346322,2890,45.86786991562951,99.28459256674228,5731,2003-05-23,2026-08-31,False,True,True,True,3
full,us_breakeven_5y5y|rankc|w60,us_breakeven_5y5y,rankc,60,o2o,2,-1,0.13154627593568435,-0.3474360984165631,-0.01784635547493511,0.039827127828169676,0.14143186377091713,0.5416666666666666,-1.8688638020719357,24,-0.014398368144795521,-0.026498465897611713,0.6424981588592362,-70.01374274129739,3233,45.86786991562951,99.28459256674228,5731,2003-05-23,2026-08-31,False,False,True,True,2
full,us_breakeven_5y5y|rankc|w60,us_breakeven_5y5y,rankc,60,day,1,-1,0.24996457680302878,-0.17928280656046372,0.13045015546090905,0.2075774217550264,0.22209014192952795,0.5416666666666666,-1.4301281305459572,24,-0.020097749252570775,-0.026634342193266027,0.6425265683556998,-46.279012400800994,2846,45.86393672305692,99.28471737613398,5732,2003-05-22,2026-08-31,False,False,True,True,2
full,us_breakeven_5y5y|rankc|w120,us_breakeven_5y5y,rankc,120,c2c,2,-1,0.027469712184818786,-0.19822644751478874,-0.046675477735024624,-0.0022758999644123083,0.14251286516488001,0.5833333333333334,-1.8528427498855895,24,0.02064215559081072,-0.025371840560622937,0.6477577299571314,-78.57083680439018,3160,35.62427504448356,99.29836870724435,5701,2003-07-07,2026-08-31,False,False,True,True,2
full,us_breakeven_5y5y|rankc|w120,us_breakeven_5y5y,rankc,120,o2o,2,-1,-0.01284591349942579,-0.35634187223684954,-0.12022610629300966,-0.0765024470661195,0.10697147754281763,0.5416666666666666,-1.7842791450516122,24,-0.008301577940029359,-0.025371840560622937,0.6477577299571314,-85.3217299659039,4752,35.62427504448356,99.29836870724435,5701,2003-07-07,2026-08-31,False,False,True,True,2
full,us_breakeven_5y5y|rankc|w120,us_breakeven_5y5y,rankc,120,day,1,-1,0.24765833151157557,-0.02551573806663053,0.17076675107761502,0.22983831306226477,0.39434612751743736,0.5833333333333334,-0.9229807997736682,24,-0.03211125920822257,-0.025516615029014394,0.6477933522176316,-39.21316857799556,2036,35.61977748369468,99.29849175727816,5702,2003-07-04,2026-08-31,False,False,True,True,2
full,us_breakeven_5y5y|rankc|w252,us_breakeven_5y5y,rankc,252,c2c,2,-1,0.10875622378866126,-0.24105030149303264,-0.0027794347636302145,0.03266839490292115,0.20879785627606756,0.625,-1.9107642932666786,24,0.04289646619157139,-0.013697329833804672,0.6606041540767462,-68.02113793386873,2772,29.892979370197523,99.62732919254658,5635,2003-10-08,2026-08-31,False,False,True,True,2
full,us_breakeven_5y5y|rankc|w252,us_breakeven_5y5y,rankc,252,o2o,2,-1,0.0015984076778536615,-0.3299604121980822,-0.0995645712650791,-0.06435361492926966,0.14343769849366894,0.5833333333333334,-1.8940355433663865,24,0.009926483114107423,-0.013697329833804672,0.6606041540767462,-86.30788776127534,3016,29.892979370197523,99.62732919254658,5635,2003-10-08,2026-08-31,False,False,True,True,2
full,us_breakeven_5y5y|rankc|w252,us_breakeven_5y5y,rankc,252,day,1,-1,0.12660174951181172,0.031456575748097446,0.09976186963191214,0.14704229074359473,0.3074564230139721,0.5833333333333334,-1.0633538038106385,24,-0.032813256940063346,-0.013858416233558019,0.660650459279863,-44.420425404788055,2094,29.889374031209172,99.62739531582683,5636,2003-10-07,2026-08-31,False,False,True,True,2
full,us_breakeven_5y5y|signth|w60,us_breakeven_5y5y,signth,60,c2c,2,-1,0.3448034344879749,-0.21019944150879247,0.1675164054629101,0.2192347602693175,0.3082983709399999,0.7083333333333334,-1.6177868434190592,24,0.0240090013104243,-0.011730368385421193,0.6559365354733611,-57.25498367802901,2338,40.77540862343388,98.72259623683757,5793,2003-02-24,2026-08-31,False,True,True,True,3
full,us_breakeven_5y5y|signth|w60,us_breakeven_5y5y,signth,60,o2o,2,-1,0.29942174822907364,-0.30071781119823104,0.11681024354894388,0.16756033817548932,0.25317153127682307,0.6666666666666666,-1.9060260385160845,24,-0.010101742766635183,-0.011730368385421193,0.6559365354733611,-63.27582094159605,2911,40.77540862343388,98.72259623683757,5793,2003-02-24,2026-08-31,False,True,True,True,3
full,us_breakeven_5y5y|signth|w60,us_breakeven_5y5y,signth,60,day,1,-1,0.4164809071889144,-0.2490013397377332,0.2398239905087002,0.3079376806210902,0.27990347265510485,0.5833333333333334,-1.8677338589117847,24,-0.010898176245409247,-0.011872205205593277,0.6559671872457099,-41.58060198424251,1924,40.7683711003715,98.7228167069382,5794,2003-02-21,2026-08-31,False,False,True,True,2
full,us_breakeven_5y5y|signth|w120,us_breakeven_5y5y,signth,120,c2c,2,-1,-0.011403996496250589,-0.06545185202078577,-0.028573620633728734,0.010159573788111251,0.16633378273994429,0.625,-1.895821192517488,24,0.016941321362697104,-0.011800977517037637,0.6655002918784458,-84.6583749729242,4829,30.65285209388493,99.20180461565157,5763,2003-04-08,2026-08-31,False,False,True,True,2
full,us_breakeven_5y5y|signth|w120,us_breakeven_5y5y,signth,120,o2o,2,-1,0.0923321994181072,-0.17046113144478198,0.012959504851757146,0.050985635121692775,0.20286260352207167,0.625,-2.0103673007063314,24,0.0007872158562081174,-0.011800977517037637,0.6655002918784458,-70.5373141502115,3025,30.65285209388493,99.20180461565157,5763,2003-04-08,2026-08-31,False,False,True,True,2
full,us_breakeven_5y5y|signth|w120,us_breakeven_5y5y,signth,120,day,1,-1,0.19876107384198027,0.1460100761664729,0.18340157739172758,0.2341193001774292,0.4569217649477547,0.6666666666666666,-1.0230154029498053,24,-0.0052881468313546185,-0.011944004658753088,0.6655299083132977,-35.23978069207357,2051,30.647534111217706,99.20194309507286,5764,2003-04-07,2026-08-31,False,True,True,True,3
full,us_breakeven_5y5y|signth|w252,us_breakeven_5y5y,signth,252,c2c,2,1,0.07777400539943552,-0.10903973591047007,0.020958155815504604,0.05062966750150375,-0.13581078637297997,0.4166666666666667,-2.299929786224354,24,-0.014523336051861832,0.02096106236722928,0.6523629902194831,-73.73364273493577,4376,23.765418139758843,99.8244382022472,5696,2003-07-14,2026-08-31,False,False,True,True,2
full,us_breakeven_5y5y|signth|w252,us_breakeven_5y5y,signth,252,o2o,2,1,0.17192460020823688,0.08953978189400211,0.1479047853880935,0.1771070832911814,-0.04537178777960271,0.4583333333333333,-2.179121093711295,24,0.0130578584306654,0.02096106236722928,0.6523629902194831,-65.01107184372755,4374,23.765418139758843,99.8244382022472,5696,2003-07-14,2026-08-31,False,False,True,True,2
full,us_breakeven_5y5y|signth|w252,us_breakeven_5y5y,signth,252,day,1,1,0.016045566801330766,-0.06820952204498083,-0.005475501888997167,0.03393781855757254,-0.15027535426952446,0.4583333333333333,-1.6025681186873117,24,0.0517951861687894,0.021115335026367484,0.6524064322786823,-63.549938208281255,4372,23.761246572593713,99.82446901878181,5697,2003-07-11,2026-08-31,False,False,True,True,2
full,us_breakeven_5y5y|dev|w60,us_breakeven_5y5y,dev,60,c2c,2,-1,0.1889895557785058,-0.285032461630194,0.03002100003363398,0.07729003994616614,0.21403251732808423,0.7083333333333334,-2.295654474616974,24,0.04003871872061885,-0.002066974655894927,0.5680281545589813,-61.58956806091882,2726,36.223816574617025,99.23224568138195,5731,2003-05-23,2026-08-31,False,True,True,True,3
full,us_breakeven_5y5y|dev|w60,us_breakeven_5y5y,dev,60,o2o,2,-1,0.18606424355769738,-0.4163500552112781,-0.004070546808387981,0.0417778021500632,0.17613407573546602,0.7083333333333334,-2.6495994305035944,24,0.005823860524755971,-0.002066974655894927,0.5680281545589813,-64.1303006653691,2359,36.223816574617025,99.23224568138195,5731,2003-05-23,2026-08-31,False,True,True,True,3
full,us_breakeven_5y5y|dev|w60,us_breakeven_5y5y,dev,60,day,1,-1,0.2586323725799526,-0.2252055219507855,0.12082894221680474,0.18257512439859866,0.2411991308752758,0.5833333333333334,-1.852134448994948,24,0.00968662431778322,-0.002210044451676985,0.5680724872333566,-42.689995220456055,2078,36.22232507774193,99.23237962316817,5732,2003-05-22,2026-08-31,False,False,True,True,2
full,us_breakeven_5y5y|dev|w120,us_breakeven_5y5y,dev,120,c2c,2,-1,0.06481466844024877,-0.1618945598083772,-0.011178991487333612,0.025384322203184467,0.23871317229566055,0.5833333333333334,-1.6500478178206577,24,0.05797034406736817,0.006939558465221479,0.5915142725216139,-68.96920661820181,3025,28.85617489685586,99.1755832310121,5701,2003-07-07,2026-08-31,False,False,True,True,2
full,us_breakeven_5y5y|dev|w120,us_breakeven_5y5y,dev,120,o2o,2,-1,0.06761786779115243,-0.26832100102245027,-0.03853391047949063,-0.003180464684788438,0.2130743111621405,0.5416666666666666,-1.8031570524993703,24,0.02273903772425229,0.006939558465221479,0.5915142725216139,-70.38627227333448,2990,28.85617489685586,99.1755832310121,5701,2003-07-07,2026-08-31,False,False,True,True,2
full,us_breakeven_5y5y|dev|w120,us_breakeven_5y5y,dev,120,day,1,-1,0.22586573729645026,-0.02022712424150476,0.15516782543758584,0.20318305717528354,0.40145812304621387,0.6666666666666666,-0.9264622506640686,24,0.005153673181507716,0.0067841771541080785,0.5915646987588958,-34.988724639812574,1986,28.85402943539393,99.17572781480183,5702,2003-07-04,2026-08-31,False,True,True,True,3
full,us_breakeven_5y5y|dev|w252,us_breakeven_5y5y,dev,252,c2c,2,-1,0.1563604624849424,-0.20707122200127798,0.0351169758061201,0.06643800159940573,0.3111408476814079,0.625,-1.6849358414978508,24,0.09007684798886058,0.031493972797545164,0.6259256472368825,-62.21724381995599,2074,26.192079662267112,99.4321206743567,5635,2003-10-08,2026-08-31,False,False,True,True,2
full,us_breakeven_5y5y|dev|w252,us_breakeven_5y5y,dev,252,o2o,2,-1,0.0980993208638871,-0.2884833450522869,-0.02362780953487647,0.007049190028454695,0.2593822787629224,0.5416666666666666,-1.7978979156650645,24,0.04887310342369375,0.031493972797545164,0.6259256472368825,-72.39475189106761,2213,26.192079662267112,99.4321206743567,5635,2003-10-08,2026-08-31,False,False,True,True,2
full,us_breakeven_5y5y|dev|w252,us_breakeven_5y5y,dev,252,day,1,-1,0.22526570114609804,-0.0554824967199976,0.14423234761670023,0.18580494257249608,0.2922978985910797,0.625,-1.1598291432995438,24,0.01604046692973507,0.03132376152179795,0.6259792120222049,-41.949314823572614,2001,26.189338664306373,99.43222143364088,5636,2003-10-07,2026-08-31,False,False,True,True,2
full,us_dgs5|selfz|w60,us_dgs5,selfz,60,c2c,2,-1,-0.011544570809150133,-0.08663847611729769,-0.0331990570344042,0.00832992326490107,0.07090848661600864,0.6153846153846154,-2.476005261798506,26,0.08652322373323446,-0.008226889659737108,0.6054658538785547,-63.28577031852336,4280,31.453233534047012,99.44823109380071,6162,2001-08-21,2026-08-31,False,False,True,True,2
full,us_dgs5|selfz|w60,us_dgs5,selfz,60,o2o,2,-1,0.09253011639382375,-0.004886562100063267,0.06581143381115702,0.10666338719492724,0.22292736719711229,0.6538461538461539,-2.2409242460504513,26,0.096906583106037,-0.008226889659737108,0.6054658538785547,-64.77725258198983,3579,31.453233534047012,99.44823109380071,6162,2001-08-21,2026-08-31,False,True,True,True,3
full,us_dgs5|selfz|w60,us_dgs5,selfz,60,day,1,-1,0.12814684423042205,0.3033068520805566,0.16694052957789393,0.22073447715294603,0.32701333700037916,0.6923076923076923,-1.7965274866409404,26,0.05060031449637422,-0.008358002950891712,0.6055000599874573,-56.069163528561404,3469,31.469660468272387,99.44832062307319,6163,2001-08-20,2026-08-31,False,True,True,True,3
full,us_dgs5|selfz|w120,us_dgs5,selfz,120,c2c,2,-1,0.24488280641836732,-0.08553152833506947,0.1439440461716455,0.1746211173074764,0.22338885262890576,0.6153846153846154,-2.4758655135959917,26,0.04216908125450648,-0.016662200967563892,0.607578220138893,-48.23314933900885,1743,23.64689727687458,99.29876060013046,6132,2001-10-08,2026-08-31,False,False,True,True,2
full,us_dgs5|selfz|w120,us_dgs5,selfz,120,o2o,2,-1,0.32893492949043673,-0.001780924890525346,0.2325689844027483,0.2630014944861927,0.32318559719507073,0.6538461538461539,-2.1559652744960345,26,0.05116646709809942,-0.016662200967563892,0.607578220138893,-49.77812172450704,1494,23.64689727687458,99.29876060013046,6132,2001-10-08,2026-08-31,False,True,True,True,3
full,us_dgs5|selfz|w120,us_dgs5,selfz,120,day,1,-1,0.34484112083546614,0.43320010595603814,0.3641478682137017,0.40450938425478034,0.4965569349009976,0.7692307692307693,-1.910128155386304,26,-0.003977536786151659,-0.01676788633107771,0.6075875552628549,-41.142891819673665,846,23.652063337294408,99.29887493885538,6133,2001-10-05,2026-08-31,False,True,True,True,3
full,us_dgs5|selfz|w252,us_dgs5,selfz,252,c2c,2,-1,0.2624484950705246,0.011853466141941906,0.18182724184869137,0.20688583532046056,0.25517371535295635,0.6,-1.7552324181737389,25,0.02673222136875616,-0.01854576678684728,0.6281170393064007,-42.693373428676026,1655,19.05986333818451,99.29113089350477,6066,2002-01-10,2026-08-31,False,False,True,True,2
full,us_dgs5|selfz|w252,us_dgs5,selfz,252,o2o,2,-1,0.3588587496890509,0.08602120440942812,0.27254206131248304,0.29784359164887225,0.3532888387966985,0.6,-1.6471702829543826,25,-0.0010093744317032235,-0.01854576678684728,0.6281170393064007,-40.91604979117363,1421,19.05986333818451,99.29113089350477,6066,2002-01-10,2026-08-31,False,False,True,True,2
full,us_dgs5|selfz|w252,us_dgs5,selfz,252,day,1,-1,0.2770724457868192,0.4657379817080836,0.32724873377859065,0.36063228302296085,0.532612124838983,0.64,-1.1308660279781022,25,-0.015463586874957726,-0.018682684413097405,0.6281534836719751,-25.44306379464148,881,19.05984295845725,99.29124773364101,6067,2002-01-09,2026-08-31,False,False,True,True,2
full,us_dgs5|robustz|w60,us_dgs5,robustz,60,c2c,2,-1,0.03462594412170077,-0.31044799391590494,-0.06669307731081957,-0.028020326362881934,0.057593163896554896,0.6153846153846154,-2.8008705283996354,26,0.085280804721015,0.008282709790339581,0.5480742227845783,-67.21575642772292,4218,27.963101472156847,99.13582259905431,6133,2001-10-05,2026-08-31,False,False,True,True,2
full,us_dgs5|robustz|w60,us_dgs5,robustz,60,o2o,2,-1,0.1308811902455283,-0.24562483892637146,0.025498009830145395,0.06389268582709975,0.18008299660896768,0.6153846153846154,-2.8673970549278787,26,0.08774958480253059,0.008282709790339581,0.5480742227845783,-67.2039334358127,3552,27.963101472156847,99.13582259905431,6133,2001-10-05,2026-08-31,False,False,True,True,2
full,us_dgs5|robustz|w60,us_dgs5,robustz,60,day,1,-1,0.12391525391355734,0.16222307376685707,0.13174999371606128,0.18243849325513503,0.2422960847258568,0.7307692307692307,-2.6554900882779964,26,0.04003053921539952,0.008205687381209706,0.5480605446830178,-53.36876931478495,3495,27.976842215219953,99.1359634822302,6134,2001-10-04,2026-08-31,False,True,True,True,3
full,us_dgs5|robustz|w120,us_dgs5,robustz,120,c2c,2,-1,0.19289359125737476,-0.23421661314092804,0.058928907093962875,0.08583203203811142,0.23530973889893955,0.68,-2.48110379358326,25,0.08117738604816384,0.010008364867770191,0.5862798216361796,-52.398757158125534,1829,20.369240862315646,99.50601020912234,6073,2001-12-31,2026-08-31,False,True,True,True,3
full,us_dgs5|robustz|w120,us_dgs5,robustz,120,o2o,2,-1,0.27103435713112317,-0.1647983141679054,0.13977668592747367,0.16644024874408564,0.3296690190160901,0.68,-2.2111951643344616,25,0.09673519506991608,0.010008364867770191,0.5862798216361796,-51.21409848286183,1748,20.369240862315646,99.50601020912234,6073,2001-12-31,2026-08-31,False,True,True,True,3
full,us_dgs5|robustz|w120,us_dgs5,robustz,120,day,1,-1,0.36144589207753325,0.2846940972610432,0.3397983876172489,0.37555942005956233,0.5243319008486507,0.76,-1.2561631603248986,25,0.04780625275380445,0.009963181203500943,0.5862268347066879,-27.34835897700253,1439,20.373725982585395,99.50609153770168,6074,2001-12-28,2026-08-31,False,True,True,True,3
full,us_dgs5|robustz|w252,us_dgs5,robustz,252,c2c,2,-1,0.28955025748189356,-0.16628070098047248,0.14340026775716172,0.16257857403890671,0.16694990845367483,0.56,-1.9402175186836625,25,-0.07308913788978888,-0.055469868342958216,0.6758847650301424,-48.28628615055886,1583,15.59528035505046,99.47820232284127,5941,2002-07-18,2026-08-31,False,False,True,True,2
full,us_dgs5|robustz|w252,us_dgs5,robustz,252,o2o,2,-1,0.2954474625520792,-0.0749373460194554,0.182292275770263,0.20154590848576065,0.21709440946128455,0.56,-1.7257417624407452,25,-0.10940235042513713,-0.055469868342958216,0.6758847650301424,-51.364075651621775,1570,15.59528035505046,99.47820232284127,5941,2002-07-18,2026-08-31,False,False,True,True,2
full,us_dgs5|robustz|w252,us_dgs5,robustz,252,day,1,-1,0.15363899859834929,0.3790532136986488,0.21281588262941928,0.23864216143107503,0.32754804825993206,0.6,-1.4392355138837363,25,-0.11795021285028687,-0.05560865204854999,0.675919136938917,-28.794467666787014,1786,15.594693228429653,99.47829013800067,5942,2002-07-17,2026-08-31,False,False,True,True,2
full,us_dgs5|bdtanh|w60,us_dgs5,bdtanh,60,c2c,2,-1,-0.009660031088633489,-0.04568883146122889,-0.02011884324193435,0.01710781845738583,0.08929351818103326,0.6153846153846154,-2.3964455730906495,26,0.08912586703086844,-0.012025454682649478,0.6648649347733466,-63.70627878493049,4280,28.942501522754995,99.54560207724765,6162,2001-08-21,2026-08-31,False,False,True,True,2
full,us_dgs5|bdtanh|w60,us_dgs5,bdtanh,60,o2o,2,-1,0.10013088332408931,-0.021678453529668653,0.06647518120611415,0.10305030178214704,0.2169704883502625,0.6538461538461539,-2.180861039980539,26,0.10577320696950418,-0.012025454682649478,0.6648649347733466,-64.46934077674644,3514,28.942501522754995,99.54560207724765,6162,2001-08-21,2026-08-31,False,True,True,True,3
full,us_dgs5|bdtanh|w60,us_dgs5,bdtanh,60,day,1,-1,0.10745465884128708,0.261627722555128,0.1422361006433566,0.19040124021983443,0.30033164863317857,0.6923076923076923,-1.6382795156159145,26,0.05928341305528107,-0.012141825044582538,0.6648753762889238,-58.27386236440106,2084,28.94714687444396,99.54567580723673,6163,2001-08-20,2026-08-31,False,True,True,True,3
full,us_dgs5|bdtanh|w120,us_dgs5,bdtanh,120,c2c,2,-1,0.33250454998723206,-0.0847260955965093,0.2049768191684536,0.23244443158392827,0.31219117153214465,0.6153846153846154,-2.4351675813886247,26,0.050063577218833505,-0.020143530333058195,0.6534255583269093,-48.793446384715736,1697,21.191920060296688,99.65753424657534,6132,2001-10-08,2026-08-31,False,False,True,True,2
full,us_dgs5|bdtanh|w120,us_dgs5,bdtanh,120,o2o,2,-1,0.40440051440307573,-0.009508093221152997,0.28432455176339805,0.3115185139012774,0.3890608991492508,0.6538461538461539,-2.1582080523889826,26,0.06435265299297079,-0.020143530333058195,0.6534255583269093,-47.289677212393684,1027,21.191920060296688,99.65753424657534,6132,2001-10-08,2026-08-31,False,True,True,True,3
full,us_dgs5|bdtanh|w120,us_dgs5,bdtanh,120,day,1,-1,0.41125157497459003,0.3188999468941822,0.38557355681160677,0.4215436740363709,0.5482459475714149,0.7307692307692307,-1.2743768351674625,26,0.010441412442442769,-0.020257171477292436,0.6534359413547252,-40.12823625214511,690,21.19131307856189,99.65759008641774,6133,2001-10-05,2026-08-31,False,True,True,True,3
full,us_dgs5|bdtanh|w252,us_dgs5,bdtanh,252,c2c,2,-1,0.32931315362538777,0.0896495589759674,0.2507505482558737,0.27500997111039654,0.3300758638323721,0.64,-1.7458073004613694,25,0.07498136888532822,-0.019757225274804658,0.6456901310214355,-42.92330431679468,1519,18.38150256378826,99.25816023738872,6066,2002-01-10,2026-08-31,False,False,True,True,2
full,us_dgs5|bdtanh|w252,us_dgs5,bdtanh,252,o2o,2,-1,0.4064839679168966,0.16292119899786214,0.32930946266736166,0.35369650954698467,0.41043688327620403,0.64,-1.5274690255451444,25,0.07457432193058776,-0.019757225274804658,0.6456901310214355,-42.27830553969783,1308,18.38150256378826,99.25816023738872,6066,2002-01-10,2026-08-31,False,False,True,True,2
full,us_dgs5|bdtanh|w252,us_dgs5,bdtanh,252,day,1,-1,0.34510405912867165,0.526366441025179,0.3937539655677715,0.42623789619628,0.631075224140276,0.72,-1.1090757971510492,25,0.04252357316216433,-0.01989053851833875,0.645720274179961,-25.28646898615172,1080,18.378843426888867,99.25828251194989,6067,2002-01-09,2026-08-31,True,True,True,True,4
full,us_dgs5|rankc|w60,us_dgs5,rankc,60,c2c,2,1,-0.024834378910953796,-0.050009808593698794,-0.032132710135068694,0.012934932679557355,-0.14815467551758563,0.34615384615384615,-2.0440771744874726,26,-0.08985384588494881,0.014553262012678796,0.6449557872735401,-114.21381425746561,4236,35.2316870958968,99.72411554690036,6162,2001-08-21,2026-08-31,False,False,True,True,2
full,us_dgs5|rankc|w60,us_dgs5,rankc,60,o2o,2,-1,0.06370321141271675,0.06560532196296985,0.06414154939554362,0.10870492732952879,0.21999972938637433,0.7307692307692307,-2.2097873648797077,26,0.10059978778763276,-0.014553262012678796,0.6449557872735401,-72.09522424572418,3599,35.2316870958968,99.72411554690036,6162,2001-08-21,2026-08-31,False,True,True,True,3
full,us_dgs5|rankc|w60,us_dgs5,rankc,60,day,1,-1,0.11898426509751511,0.3402653406768706,0.16942965412054914,0.22816445357268716,0.33577469420799355,0.7307692307692307,-1.7662051742666487,26,0.052330357721573864,-0.014678160244715603,0.6449783972490036,-56.612861522991786,3471,35.240932195052956,99.7241603115366,6163,2001-08-20,2026-08-31,False,True,True,True,3
full,us_dgs5|rankc|w120,us_dgs5,rankc,120,c2c,2,-1,0.1850611331454464,-0.023580765313764452,0.1218950928445571,0.1559795492879827,0.2013099916988657,0.6153846153846154,-2.486334897344824,26,0.04122597698687121,-0.022929882465914056,0.64760689055722,-52.451068565695344,1816,26.704537462757333,99.52707110241357,6132,2001-10-08,2026-08-31,False,False,True,True,2
full,us_dgs5|rankc|w120,us_dgs5,rankc,120,o2o,2,-1,0.3006848848221485,0.08915717195524604,0.23947261570037123,0.2733262660898202,0.3303681847102537,0.6923076923076923,-2.189087459396701,26,0.0525693743654765,-0.022929882465914056,0.64760689055722,-52.79288019007097,1531,26.704537462757333,99.52707110241357,6132,2001-10-08,2026-08-31,False,True,True,True,3
full,us_dgs5|rankc|w120,us_dgs5,rankc,120,day,1,-1,0.33630594059338526,0.35791568727819206,0.33890227559384445,0.383758844602808,0.473331384353114,0.7307692307692307,-1.764997149197934,26,-0.0040224855116945905,-0.02305164586441571,0.6476267989079323,-45.15305905837545,706,26.70561473604128,99.52714821457688,6133,2001-10-05,2026-08-31,False,True,True,True,3
full,us_dgs5|rankc|w252,us_dgs5,rankc,252,c2c,2,-1,0.2876194038556831,0.07655929386933931,0.2204897052557431,0.2508120684092703,0.29010588982067353,0.64,-1.928524626420906,25,0.055016499704491933,-0.022972068925199592,0.652555714182467,-42.360696273601114,1765,23.54974035548212,99.57138147049126,6066,2002-01-10,2026-08-31,False,False,True,True,2
full,us_dgs5|rankc|w252,us_dgs5,rankc,252,o2o,2,-1,0.41189714272273353,0.19047692005729502,0.3430074827801926,0.3735397994907979,0.42432735946795225,0.68,-1.674336617373769,25,0.0526522680755487,-0.022972068925199592,0.652555714182467,-41.03848751882626,1489,23.54974035548212,99.57138147049126,6066,2002-01-10,2026-08-31,False,True,True,True,3
full,us_dgs5|rankc|w252,us_dgs5,rankc,252,day,1,-1,0.38792463657308257,0.4819824204692757,0.4116017559274666,0.45249451010730884,0.6647410797296384,0.76,-1.1523599382782486,25,0.025266729096428294,-0.02310930564532837,0.6525891790804007,-24.88334069503528,868,23.547303061322612,99.57145211801549,6067,2002-01-09,2026-08-31,True,True,True,True,4
full,us_dgs5|signth|w60,us_dgs5,signth,60,c2c,2,-1,-0.030423607690045953,0.08436869955648538,0.002553588706718828,0.037495283932799654,0.111502721139166,0.5769230769230769,-1.8699576605388737,26,0.0960070360444576,-0.010089797126695119,0.6698674482417522,-67.21306228168842,4387,26.841718212567137,99.67695041188821,6191,2001-07-10,2026-08-31,False,False,True,True,2
full,us_dgs5|signth|w60,us_dgs5,signth,60,o2o,2,-1,-0.02559180160808745,-0.013432312125265173,-0.02225722721488667,0.011794369242200953,0.13975417037433574,0.6153846153846154,-2.0251130125236365,26,0.11322821760992248,-0.010089797126695119,0.6698674482417522,-75.71503309184526,4307,26.841718212567137,99.67695041188821,6191,2001-07-10,2026-08-31,False,False,True,True,2
full,us_dgs5|signth|w60,us_dgs5,signth,60,day,1,-1,0.03733015446005361,0.20653331550452714,0.07564256500593006,0.1202430055599953,0.24631149329509436,0.6538461538461539,-1.4328542506993902,26,0.07279444032987631,-0.010192784431064724,0.6698638823078926,-53.15663632671035,2942,26.8375329742183,99.67700258397933,6192,2001-07-09,2026-08-31,False,True,True,True,3
full,us_dgs5|signth|w120,us_dgs5,signth,120,c2c,2,-1,0.3384168042901793,-0.05062442336805267,0.22391416166084882,0.25184983852979154,0.3251241503536377,0.6538461538461539,-2.4596552530562192,26,0.09496620614664023,-0.007556819523466389,0.6684216374644725,-48.065783628491985,1764,21.393210295339998,99.67695041188821,6191,2001-07-10,2026-08-31,False,True,True,True,3
full,us_dgs5|signth|w120,us_dgs5,signth,120,o2o,2,-1,0.41286270663074714,0.04656956449574891,0.31248360884430876,0.3395647747514143,0.42405846029635097,0.6538461538461539,-2.092348576855441,26,0.11840299460819896,-0.007556819523466389,0.6684216374644725,-43.47183767587306,1161,21.393210295339998,99.67695041188821,6191,2001-07-10,2026-08-31,False,True,True,True,3
full,us_dgs5|signth|w120,us_dgs5,signth,120,day,1,-1,0.439508943694818,0.19641394981751945,0.37875405331123724,0.4144450680841114,0.589636782108552,0.7307692307692307,-1.3621269022191886,26,0.08256307298439694,-0.007668113526790203,0.668426202653529,-36.3863446354643,1498,21.38990006550614,99.67700258397933,6192,2001-07-09,2026-08-31,False,True,True,True,3
full,us_dgs5|signth|w252,us_dgs5,signth,252,c2c,2,-1,0.5638434114608237,0.0239229967341016,0.40787942391403226,0.42770036905144854,0.2928583176636858,0.6153846153846154,-3.346250459317254,26,0.11917479793274735,-0.006880102362633209,0.636435016428458,-41.3878767690326,1227,15.048764857371307,99.79152189020152,5756,2001-10-15,2026-08-31,False,False,True,True,2
full,us_dgs5|signth|w252,us_dgs5,signth,252,o2o,2,-1,0.43519374211013945,0.05495209866337126,0.33255288536113536,0.3521681062654902,0.21380724997608877,0.6153846153846154,-4.366764670870787,26,0.13470203842985087,-0.006880102362633209,0.636435016428458,-45.90392704856121,1597,15.048764857371307,99.79152189020152,5756,2001-10-15,2026-08-31,False,False,True,True,2
full,us_dgs5|signth|w252,us_dgs5,signth,252,day,1,-1,0.2942797238988049,0.23846907920675708,0.28037652286762343,0.3064186631741352,0.2568856300672233,0.6538461538461539,-3.2119889674890048,26,0.09851697653260498,-0.007017990781886563,0.6364635501640106,-33.11967695367354,1756,15.046288766613333,99.79155810317873,5757,2001-10-12,2026-08-31,False,True,True,True,3
full,us_dgs5|dev|w60,us_dgs5,dev,60,c2c,2,-1,0.005331118181194242,-0.0916956942689761,-0.023790549278251395,0.010295140287338057,0.108267618876435,0.6153846153846154,-2.3681706075657782,26,0.08815884838132809,-0.00884761347825948,0.5906367850072869,-57.56814455096101,4243,26.40788509833726,99.3833171048361,6162,2001-08-21,2026-08-31,False,False,True,True,2
full,us_dgs5|dev|w60,us_dgs5,dev,60,o2o,2,-1,0.0879525742501555,-0.06914445897543259,0.043065721255810596,0.07671005839105714,0.2260002029599183,0.6153846153846154,-2.175950875349957,26,0.10025408221982733,-0.00884761347825948,0.5906367850072869,-57.809097992145155,3527,26.40788509833726,99.3833171048361,6162,2001-08-21,2026-08-31,False,False,True,True,2
full,us_dgs5|dev|w60,us_dgs5,dev,60,day,1,-1,0.08565869725945033,0.4337100390984946,0.16875548234186213,0.21261291648815553,0.3311498925958593,0.6538461538461539,-1.5105896400699705,26,0.06108711428233114,-0.008960114213058442,0.5906548854221881,-52.91097509206429,3552,26.425590706183243,99.38341716696414,6163,2001-08-20,2026-08-31,False,True,True,True,3
full,us_dgs5|dev|w120,us_dgs5,dev,120,c2c,2,-1,0.2811011842913024,0.029808689799720102,0.20179395805053588,0.2262225258316212,0.31202179520642875,0.6153846153846154,-2.0824646579646156,26,0.021758541665801705,-0.0229465321004655,0.6282058656783536,-46.428806375600296,1697,19.152793812261155,99.412915851272,6132,2001-10-08,2026-08-31,False,False,True,True,2
full,us_dgs5|dev|w120,us_dgs5,dev,120,o2o,2,-1,0.32289849255220554,0.07950225013631385,0.2488149567032251,0.27330804196942093,0.37867089621519,0.6538461538461539,-1.895603419766596,26,0.02205693033531696,-0.0229465321004655,0.6282058656783536,-48.12263593060987,1632,19.152793812261155,99.412915851272,6132,2001-10-08,2026-08-31,False,True,True,True,3
full,us_dgs5|dev|w120,us_dgs5,dev,120,day,1,-1,0.31073808453729823,0.5307499071735253,0.365947624815804,0.39799045648039616,0.5191188293075624,0.6923076923076923,-1.155444002926128,26,-0.013305384109549033,-0.023073967918694573,0.6282346125460564,-42.13747411321794,1525,19.158076936371547,99.41301157671613,6133,2001-10-05,2026-08-31,False,True,True,True,3
full,us_dgs5|dev|w252,us_dgs5,dev,252,c2c,2,-1,0.3049542647004954,0.1555357618375309,0.2564447968760702,0.27690455982264384,0.2787688582223184,0.6,-1.7532250059007437,25,-0.0020972436828421673,-0.02476743126475989,0.6702074932495695,-40.25152886723574,1625,16.089513620226572,99.53841081437521,6066,2002-01-10,2026-08-31,False,False,True,True,2
full,us_dgs5|dev|w252,us_dgs5,dev,252,o2o,2,-1,0.3709560720499238,0.24525805698022912,0.33151650316651415,0.3520477653127947,0.3626352979603269,0.64,-1.5096510360619235,25,-0.035829109292781734,-0.02476743126475989,0.6702074932495695,-40.65989518609652,1585,16.089513620226572,99.53841081437521,6066,2002-01-10,2026-08-31,False,False,True,True,2
full,us_dgs5|dev|w252,us_dgs5,dev,252,day,1,-1,0.20183198690988896,0.5940023083847011,0.3072490200548467,0.33437991688910296,0.4674235977232393,0.68,-0.9856906438605132,25,-0.03280798010448008,-0.024917447687253222,0.6702511242984045,-27.249330258616318,1208,16.088832451728823,99.53848689632437,6067,2002-01-09,2026-08-31,False,True,True,True,3
full,us_dgs30|selfz|w60,us_dgs30,selfz,60,c2c,2,1,0.06398930472009082,0.24197800616926196,0.11429489760698529,0.15796852346936555,-0.008715128378872493,0.4230769230769231,-1.686441041803127,26,-0.04379827764424985,0.013915454457308497,0.6095567377501022,-80.65498281271195,3653,32.83673606328235,99.48068808828302,6162,2001-08-21,2026-08-31,False,False,True,True,2
full,us_dgs30|selfz|w60,us_dgs30,selfz,60,o2o,2,1,-0.014292409531858386,0.16020826167512925,0.03322064681570528,0.07614574840608239,-0.1456285949481455,0.34615384615384615,-1.9469735219524973,26,-0.05562140010270486,0.013915454457308497,0.6095567377501022,-111.30250709374732,3647,32.83673606328235,99.48068808828302,6162,2001-08-21,2026-08-31,False,False,True,True,2
full,us_dgs30|selfz|w60,us_dgs30,selfz,60,day,1,-1,-0.054531766630709716,0.468622936935307,0.06573073375229938,0.12224717237011967,0.2343198323527964,0.6153846153846154,-1.5443736600241043,26,-0.004656229184980849,-0.013985553291520219,0.6095301886395966,-61.370272144621985,5099,32.83692302919745,99.4807723511277,6163,2001-08-20,2026-08-31,False,False,True,True,2
full,us_dgs30|selfz|w120,us_dgs30,selfz,120,c2c,2,-1,0.049570657592211395,-0.22757058748788733,-0.03062119166116774,-0.0018512286255932496,0.06361334884769612,0.5769230769230769,-2.337057912220215,26,0.00552731136370802,-0.024567986909767196,0.6332085139531886,-72.3250043616917,2718,22.204836426974175,99.47814742335291,6132,2001-10-08,2026-08-31,False,False,True,True,2
full,us_dgs30|selfz|w120,us_dgs30,selfz,120,o2o,2,-1,0.09117636886226607,-0.11404080113110743,0.03340734784090565,0.06159505496253039,0.16200386084774043,0.6538461538461539,-2.2874631278876287,26,0.038607625463600956,-0.024567986909767196,0.6332085139531886,-70.96970603208159,3203,22.204836426974175,99.47814742335291,6132,2001-10-08,2026-08-31,False,True,True,True,3
full,us_dgs30|selfz|w120,us_dgs30,selfz,120,day,1,-1,0.17021905569204498,0.6085964778431037,0.2743714275545119,0.31192545291363954,0.4336379808443893,0.6923076923076923,-1.2965885235135048,26,-0.03854452886997271,-0.024674588200898098,0.6332158749822874,-43.12215874325208,2416,22.20515225958459,99.47823251263655,6133,2001-10-05,2026-08-31,False,True,True,True,3
full,us_dgs30|selfz|w252,us_dgs30,selfz,252,c2c,2,-1,0.04939865438073771,-0.08792994427176042,0.008890041667876361,0.03037201850700407,0.08792313300367804,0.6,-2.55398982006798,25,0.0178492475305932,-0.024722809075291508,0.6673703562711267,-63.21431791805281,3326,17.112435671986308,99.45598417408506,6066,2002-01-10,2026-08-31,False,False,True,True,2
full,us_dgs30|selfz|w252,us_dgs30,selfz,252,o2o,2,-1,0.0859767642337812,0.023797588772686395,0.06790164051446608,0.0891447107316431,0.1828456336052459,0.6,-2.4921536205784953,25,0.054522154563320574,-0.024722809075291508,0.6673703562711267,-68.21043976080213,3215,17.112435671986308,99.45598417408506,6066,2002-01-10,2026-08-31,False,False,True,True,2
full,us_dgs30|selfz|w252,us_dgs30,selfz,252,day,1,-1,0.10314575581263359,0.6582007037540988,0.2427061788839832,0.2711115344202627,0.41920049520883085,0.72,-1.0555743766312797,25,-0.011110264071032992,-0.024861921183821856,0.6674035432853442,-30.859626404840036,2552,17.11146370750278,99.45607384209659,6067,2002-01-09,2026-08-31,False,True,True,True,3
full,us_dgs30|robustz|w60,us_dgs30,robustz,60,c2c,2,1,0.03783533479298249,0.2724686402479423,0.10647872158921023,0.1458829389846377,-0.019258734411059727,0.4230769230769231,-1.865039980174223,26,-0.04289364541693112,0.013593211815546796,0.5603244190171568,-80.63071322172385,3678,28.300641066568375,99.33148540681559,6133,2001-10-05,2026-08-31,False,False,True,True,2
full,us_dgs30|robustz|w60,us_dgs30,robustz,60,o2o,2,1,-0.008625588910905228,0.1976080432306521,0.050056138940605385,0.08880269471661267,-0.11832954813258414,0.38461538461538464,-2.057237288375199,26,-0.052504858194513115,0.013593211815546796,0.5603244190171568,-108.89980873607983,3686,28.300641066568375,99.33148540681559,6133,2001-10-05,2026-08-31,False,False,True,True,2
full,us_dgs30|robustz|w60,us_dgs30,robustz,60,day,1,1,-0.05516622296456511,-0.4896315261897018,-0.1579817584968203,-0.1067756147040698,-0.3117361776501496,0.4230769230769231,-2.2621760718343626,26,0.003367389572884249,0.013680425596330375,0.5603225015284259,-89.63299087143663,4266,28.30101567507653,99.33159439191392,6134,2001-10-04,2026-08-31,False,False,True,True,2
full,us_dgs30|robustz|w120,us_dgs30,robustz,120,c2c,2,-1,0.015728433506277846,-0.21479824173568499,-0.05387530844297132,-0.02922675842328589,0.11468341856301753,0.6,-2.532557558473812,25,0.05857771888785293,-0.003347073400271398,0.6121549687989434,-73.48523842225794,4054,19.18890591246788,99.37427959822163,6073,2001-12-31,2026-08-31,False,False,True,True,2
full,us_dgs30|robustz|w120,us_dgs30,robustz,120,o2o,2,-1,0.0675432626187863,-0.14229902871866407,0.006782508457007709,0.030832549078389726,0.20602769414586156,0.68,-2.5091212940082426,25,0.1084589231246045,-0.003347073400271398,0.6121549687989434,-75.38892813857198,2911,19.18890591246788,99.37427959822163,6073,2001-12-31,2026-08-31,False,True,True,True,3
full,us_dgs30|robustz|w120,us_dgs30,robustz,120,day,1,-1,0.21138345618927135,0.5347589715139816,0.29283517344699245,0.32541424258726276,0.5749960023331955,0.8,-1.2389941555607724,25,0.04174939997180673,-0.003458588938461976,0.6121662525466501,-30.89054929030388,2144,19.188905610246966,99.37438261442213,6074,2001-12-28,2026-08-31,False,True,True,True,3
full,us_dgs30|robustz|w252,us_dgs30,robustz,252,c2c,2,-1,0.18157951049085644,-0.15984420391092527,0.07722503737646506,0.09633931088701737,0.09894386382970315,0.6,-2.1773867539352683,25,0.008414741463421018,-0.028509724809853133,0.686292468049937,-56.32132072302577,1695,15.607418838735684,99.42770577343882,5941,2002-07-18,2026-08-31,False,False,True,True,2
full,us_dgs30|robustz|w252,us_dgs30,robustz,252,o2o,2,-1,0.2306736368959985,-0.06245254688893509,0.14360005235276035,0.16304306787145587,0.16273219019891236,0.6,-2.2114940641636602,25,0.024065433490529812,-0.028509724809853133,0.686292468049937,-52.82409512939168,1569,15.607418838735684,99.42770577343882,5941,2002-07-18,2026-08-31,False,False,True,True,2
full,us_dgs30|robustz|w252,us_dgs30,robustz,252,day,1,-1,0.27492833288113644,0.4783566581158306,0.32703062509008607,0.352461330474145,0.39136992842387225,0.68,-1.817551749103867,25,-0.01967184810168069,-0.028668217426614788,0.686340260104053,-27.830492041982623,1094,15.605457724705454,99.42780208683945,5942,2002-07-17,2026-08-31,False,True,True,True,3
full,us_dgs30|bdtanh|w60,us_dgs30,bdtanh,60,c2c,2,1,0.15170377169859836,0.2805334077941151,0.18822237620413462,0.22708555252332374,0.02598398485822038,0.5,-1.7976640692737273,26,-0.06115939879393773,0.007275723997894909,0.6728194445427389,-84.15061265416027,3653,30.568996398162952,99.59428756897111,6162,2001-08-21,2026-08-31,False,False,True,True,2
full,us_dgs30|bdtanh|w60,us_dgs30,bdtanh,60,o2o,2,1,0.07106132138071655,0.1863036529689391,0.10227427358172551,0.14025253597667306,-0.10083870874169457,0.34615384615384615,-1.9513592873079766,26,-0.08132398190199196,0.007275723997894909,0.6728194445427389,-109.81624942217552,3647,30.568996398162952,99.59428756897111,6162,2001-08-21,2026-08-31,False,False,True,True,2
full,us_dgs30|bdtanh|w60,us_dgs30,bdtanh,60,day,1,1,-0.004545686066969953,-0.5115561616527439,-0.12007559613870436,-0.07006537880373885,-0.31332062430991037,0.3076923076923077,-1.8532276960554848,26,-0.014820274467773916,0.007371556556749791,0.6728072868824562,-92.7863479199782,5753,30.567787824164757,99.5943533993185,6163,2001-08-20,2026-08-31,False,False,True,True,2
full,us_dgs30|bdtanh|w120,us_dgs30,bdtanh,120,c2c,2,-1,0.06960488962770944,-0.25856279488522044,-0.025682315609919928,8.045751454174216e-05,0.08077643671845981,0.5769230769230769,-2.1413965246191866,26,0.017910149409149458,-0.023129807688275748,0.6813194316840561,-76.7920647919882,4449,20.56467801939876,99.69015003261579,6132,2001-10-08,2026-08-31,False,False,True,True,2
full,us_dgs30|bdtanh|w120,us_dgs30,bdtanh,120,o2o,2,-1,0.0886926364498339,-0.15681911125308184,0.02088184805101972,0.04628356132252179,0.14650009813406753,0.5384615384615384,-2.0415286920573856,26,0.05250926685119043,-0.023129807688275748,0.6813194316840561,-72.97195689126215,2542,20.56467801939876,99.69015003261579,6132,2001-10-08,2026-08-31,False,False,True,True,2
full,us_dgs30|bdtanh|w120,us_dgs30,bdtanh,120,day,1,-1,0.1914330226937219,0.469498839191204,0.25592239038793413,0.28948136244421024,0.4054733866962072,0.6538461538461539,-1.1834668158472499,26,-0.020764185920015894,-0.023241134469724874,0.6813234391072799,-41.5322457815609,1337,20.562534272233076,99.69020055437795,6133,2001-10-05,2026-08-31,False,True,True,True,3
full,us_dgs30|bdtanh|w252,us_dgs30,bdtanh,252,c2c,2,-1,0.04549916684942913,-0.1012458019310926,0.001972754711886789,0.022503707511549904,0.10046868993041266,0.52,-1.8941830686490224,25,0.030376989905040355,-0.022050038410886475,0.6888703703975545,-67.59104559787983,3463,16.831530276316727,99.48895483020112,6066,2002-01-10,2026-08-31,False,False,True,True,2
full,us_dgs30|bdtanh|w252,us_dgs30,bdtanh,252,o2o,2,-1,0.10953290821797998,0.016833734150821643,0.08289247557211062,0.10324779473646045,0.20684977977227317,0.6,-1.6437484966658944,25,0.07446650619512699,-0.022050038410886475,0.6888703703975545,-66.41661797521405,3215,16.831530276316727,99.48895483020112,6066,2002-01-10,2026-08-31,False,False,True,True,2
full,us_dgs30|bdtanh|w252,us_dgs30,bdtanh,252,day,1,-1,0.21056951290291828,0.6128946625401878,0.3105088476270466,0.33763230742277944,0.5352872759269448,0.68,-0.8984430237852987,25,0.01605058579957665,-0.022175845693710602,0.6888862682800181,-32.571641791384494,1086,16.829135515921493,99.4890390637877,6067,2002-01-09,2026-08-31,False,True,True,True,3
full,us_dgs30|rankc|w60,us_dgs30,rankc,60,c2c,2,1,0.09421075950479539,0.21219628761097026,0.12805939545863562,0.17484820258949868,-0.019838032892024127,0.4230769230769231,-1.707406440549998,26,-0.06415220570323975,0.008733101921675441,0.651397719443619,-83.92713960252415,3653,36.06641989766878,99.57805907172997,6162,2001-08-21,2026-08-31,False,False,True,True,2
full,us_dgs30|rankc|w60,us_dgs30,rankc,60,o2o,2,1,0.03139281264071104,0.10364689625865334,0.05129627013092116,0.09714375586304351,-0.1511326541440137,0.34615384615384615,-2.0615103281478926,26,-0.0795360488844732,0.008733101921675441,0.651397719443619,-115.14001541142478,3647,36.06641989766878,99.57805907172997,6162,2001-08-21,2026-08-31,False,False,True,True,2
full,us_dgs30|rankc|w60,us_dgs30,rankc,60,day,1,1,-0.03458455609065558,-0.6065663438260153,-0.16576034258817368,-0.10544723899006977,-0.37902333659294407,0.3076923076923077,-1.9634835530953676,26,-0.019859656043340973,0.008802838259056334,0.6513631778940094,-97.13602140737869,4266,36.0675536360039,99.57812753529124,6163,2001-08-20,2026-08-31,False,False,True,True,2
full,us_dgs30|rankc|w120,us_dgs30,rankc,120,c2c,2,-1,0.0473867559931194,-0.21211424868012635,-0.029017515637512325,0.0028322181879391673,0.07628708541698684,0.5769230769230769,-2.0639877026147504,26,0.020813978977584604,-0.022185300688572076,0.6653845999970949,-69.81031257152128,3870,25.025266637406485,99.59230267449446,6132,2001-10-08,2026-08-31,False,False,True,True,2
full,us_dgs30|rankc|w120,us_dgs30,rankc,120,o2o,2,-1,0.11102070443409685,-0.08141378440637304,0.05657906011122012,0.08803472792121045,0.20270020739396205,0.6153846153846154,-1.9700192393242815,26,0.05460700055604254,-0.022185300688572076,0.6653845999970949,-67.3446082645297,3203,25.025266637406485,99.59230267449446,6132,2001-10-08,2026-08-31,False,False,True,True,2
full,us_dgs30|rankc|w120,us_dgs30,rankc,120,day,1,-1,0.22056496452212151,0.5619036546657313,0.30222126550280226,0.34396684189719445,0.4881508910158354,0.6923076923076923,-1.083444808148218,26,-0.014577867638191966,-0.022288558983426167,0.6653829831412383,-36.51103799453151,2153,25.023643467809485,99.5923691504973,6133,2001-10-05,2026-08-31,False,True,True,True,3
full,us_dgs30|rankc|w252,us_dgs30,rankc,252,c2c,2,-1,0.0963468882369411,-0.07656826257330002,0.04454734614354885,0.06815611309535177,0.1245541686407504,0.6,-1.843899412315374,25,0.030239681475060193,-0.02350504879814616,0.6868354930138876,-59.986294513668305,3321,19.354902881046034,99.67029343883944,6066,2002-01-10,2026-08-31,False,False,True,True,2
full,us_dgs30|rankc|w252,us_dgs30,rankc,252,o2o,2,-1,0.18206236186318736,0.027548967556168896,0.13696509546512184,0.1604344479446538,0.2481592538709917,0.64,-1.6067681167177674,25,0.07408073124350309,-0.02350504879814616,0.6868354930138876,-59.98135484318501,2669,19.354902881046034,99.67029343883944,6066,2002-01-10,2026-08-31,False,False,True,True,2
full,us_dgs30|rankc|w252,us_dgs30,rankc,252,day,1,-1,0.27544162371005465,0.6261523332947299,0.3637497204288584,0.3950507575566838,0.5895077365056284,0.76,-0.8496911425014276,25,0.013409568722794949,-0.023631084932296664,0.6868521949722979,-30.515912739709535,1076,19.3527151237773,99.67034778308884,6067,2002-01-09,2026-08-31,False,True,True,True,3
full,us_dgs30|signth|w60,us_dgs30,signth,60,c2c,2,1,0.24740441585806044,0.292103284295792,0.25984159998551387,0.2956687824928641,0.07253447837772496,0.5384615384615384,-1.9000799774730028,26,-0.08311604183809512,0.0003705050025843543,0.6716674705960471,-82.55751643884788,3653,28.763981800721464,99.09546115328703,6191,2001-07-10,2026-08-31,False,False,True,True,2
full,us_dgs30|signth|w60,us_dgs30,signth,60,o2o,2,1,0.05418991010775139,0.22983913499112216,0.10109540992588414,0.13620306086813763,-0.11442584041009121,0.34615384615384615,-1.9381614879340845,26,-0.1016628371087425,0.0003705050025843543,0.6716674705960471,-109.85590793311746,3647,28.763981800721464,99.09546115328703,6191,2001-07-10,2026-08-31,False,False,True,True,2
full,us_dgs30|signth|w60,us_dgs30,signth,60,day,1,1,-0.02205175454972943,-0.3979790436665205,-0.10721276878780155,-0.061238491644383324,-0.33304860100426825,0.2692307692307692,-1.637353552491905,26,-0.045590836114815535,0.0004770214940167759,0.671665573494845,-90.44816690064054,4266,28.75946138628334,99.09560723514211,6192,2001-07-09,2026-08-31,False,False,True,True,2
full,us_dgs30|signth|w120,us_dgs30,signth,120,c2c,2,-1,0.12176095040089108,-0.16225987630943114,0.04219845100232256,0.06667397078696248,0.137695961519399,0.46153846153846156,-1.97007005758233,26,0.041204968795752236,-0.0065587232846333636,0.680234693171524,-72.1416047648607,2541,19.38384137015966,98.83626959754324,6187,2001-07-16,2026-08-31,False,False,True,True,2
full,us_dgs30|signth|w120,us_dgs30,signth,120,o2o,2,-1,0.11658589438552396,0.019678761003297646,0.0908609730218886,0.11469968055481394,0.1998321840290531,0.6153846153846154,-1.757942762806272,26,0.08409361964083792,-0.0065587232846333636,0.680234693171524,-66.78246631997355,3206,19.38384137015966,98.83626959754324,6187,2001-07-16,2026-08-31,False,False,True,True,2
full,us_dgs30|signth|w120,us_dgs30,signth,120,day,1,-1,0.2544581603097726,0.4361441914744114,0.29312887687145434,0.3244148343475605,0.4535769656798204,0.6538461538461539,-1.3082720664819822,26,0.0231263080152003,-0.006663811552363291,0.6802309133122522,-33.89040819499704,898,19.38083413583685,98.83645765998708,6188,2001-07-13,2026-08-31,False,True,True,True,3
full,us_dgs30|signth|w252,us_dgs30,signth,252,c2c,2,-1,0.2518531018957976,-0.5418946805759343,0.038477250166876094,0.05737533244785855,0.04064080274342697,0.5,-4.489591406280932,26,0.0398372722163363,-0.008392062119785182,0.6781047484626326,-80.9576876116644,1893,15.529203599081717,99.84974958263773,5990,2001-10-15,2026-08-31,False,False,True,True,2
full,us_dgs30|signth|w252,us_dgs30,signth,252,o2o,2,-1,0.272413150747111,-0.3930053405102771,0.10371858380489272,0.12245367978098176,0.048797901273252134,0.5384615384615384,-4.82053450583231,26,0.09473366580344633,-0.008392062119785182,0.6781047484626326,-66.0033168446955,1693,15.529203599081717,99.84974958263773,5990,2001-10-15,2026-08-31,False,False,True,True,2
full,us_dgs30|signth|w252,us_dgs30,signth,252,day,1,-1,0.34064533314083534,0.22909222634604706,0.3126334080966588,0.337096526005415,0.2933076148505789,0.6153846153846154,-2.4357613248876233,26,0.05072471500385558,-0.008501069176616976,0.6781019690587161,-31.277337816612246,1047,15.52661151034877,99.84977466199298,5991,2001-10-12,2026-08-31,False,False,True,True,2
full,us_dgs30|dev|w60,us_dgs30,dev,60,c2c,2,1,0.0278813938477268,0.12192722611257154,0.054361036433510306,0.09103678482982287,-0.11583181101580114,0.38461538461538464,-1.6505619497882544,26,-0.07574536150357246,-0.009593762565061652,0.5840231362156267,-89.4058992668997,3653,27.477324189330258,99.13988964621876,6162,2001-08-21,2026-08-31,False,False,True,True,2
full,us_dgs30|dev|w60,us_dgs30,dev,60,o2o,2,1,-0.014485047149275473,0.08405677529307948,0.012382968614785638,0.04812034400178972,-0.19503711039712318,0.34615384615384615,-2.1303224217653556,26,-0.09145251740499943,-0.009593762565061652,0.5840231362156267,-110.79356269841666,3647,27.477324189330258,99.13988964621876,6162,2001-08-21,2026-08-31,False,False,True,True,2
full,us_dgs30|dev|w60,us_dgs30,dev,60,day,1,1,-0.0293437721488041,-0.5850283749347601,-0.1554021436986726,-0.1079792656511309,-0.3622241699952801,0.3076923076923077,-1.8983017510688527,26,-0.0265261546065836,-0.009477623988302328,0.5840429553215472,-91.85174525880183,5753,27.478435750426282,99.14002920655524,6163,2001-08-20,2026-08-31,False,False,True,True,2
full,us_dgs30|dev|w120,us_dgs30,dev,120,c2c,2,-1,0.12858615258076153,-0.03976895489969322,0.08004652734357101,0.1056114915581959,0.23016693787291737,0.6153846153846154,-1.9856240442307695,26,0.03682336049925945,0.0039523172370338235,0.6277909031303567,-62.9154140826551,2645,19.747449333740366,99.42922374429224,6132,2001-10-08,2026-08-31,False,False,True,True,2
full,us_dgs30|dev|w120,us_dgs30,dev,120,o2o,2,-1,0.14797036546173092,0.03944702722284977,0.11747086149528614,0.14256211893794257,0.2931164532839834,0.6538461538461539,-1.9245709984216843,26,0.06675657254739241,0.0039523172370338235,0.6277909031303567,-61.00359889693008,2371,19.747449333740366,99.42922374429224,6132,2001-10-08,2026-08-31,False,True,True,True,3
full,us_dgs30|dev|w120,us_dgs30,dev,120,day,1,-1,0.17420920097167553,0.650353376954629,0.287601005499002,0.3210231727899332,0.4855535899995824,0.6538461538461539,-1.3000654979171207,26,-0.005392583682892591,0.0038226167194083728,0.6278175964377477,-37.40564374692545,2416,19.747457679746002,99.42931681069624,6133,2001-10-05,2026-08-31,False,True,True,True,3
full,us_dgs30|dev|w252,us_dgs30,dev,252,c2c,2,-1,0.148189212151336,0.1232591372528632,0.14072514816622833,0.16115841606353462,0.20715238465975933,0.64,-1.560368804158717,25,0.057053825149425516,0.014949288936618682,0.6810164346721211,-47.088409832018705,1899,16.132166992875188,99.60435212660732,6066,2002-01-10,2026-08-31,False,False,True,True,2
full,us_dgs30|dev|w252,us_dgs30,dev,252,o2o,2,-1,0.17847642815097345,0.20286543076495284,0.18560288225234212,0.20600949739591023,0.28071980514533484,0.64,-1.4012378732282509,25,0.07894193704648084,0.014949288936618682,0.6810164346721211,-41.42551667736233,1782,16.132166992875188,99.60435212660732,6066,2002-01-10,2026-08-31,False,False,True,True,2
full,us_dgs30|dev|w252,us_dgs30,dev,252,day,1,-1,0.15800906247114582,0.627673560165687,0.2762491603421919,0.30327956292563085,0.43768045459849947,0.68,-0.9736538391487515,25,0.020284564269647025,0.014792315593643544,0.6810586946932555,-25.649964545301163,1098,16.130757006093454,99.60441733970661,6067,2002-01-09,2026-08-31,False,True,True,True,3
full,us_term_premium_10y|selfz|w60,us_term_premium_10y,selfz,60,c2c,2,-1,0.011589120712717766,-0.19264711419917313,-0.04647224065856436,-0.012812552303438743,0.03412560568816749,0.6153846153846154,-3.3818226405874383,26,0.04719065973893288,-0.0024553123068041796,0.6047069542316017,-73.14702051007946,4243,24.891744312678796,99.35086011035378,6162,2001-08-21,2026-08-31,False,False,True,True,2
full,us_term_premium_10y|selfz|w60,us_term_premium_10y,selfz,60,o2o,2,-1,0.0669106636618462,-0.1606401528242196,0.007474598639145184,0.04022010437305915,0.13474898003415964,0.5769230769230769,-2.9221350108719832,26,0.0010513834800115042,-0.0024553123068041796,0.6047069542316017,-74.1832985793375,3597,24.891744312678796,99.35086011035378,6162,2001-08-21,2026-08-31,False,False,True,True,2
full,us_term_premium_10y|selfz|w60,us_term_premium_10y,selfz,60,day,1,-1,0.03309875407303111,0.20930906777042,0.07277043703042575,0.11583860517643084,0.21596520731388966,0.5769230769230769,-1.9497800775794232,26,-0.004921018114095751,-0.0025475062328468292,0.6047014276251237,-53.464659636266596,3596,24.88907336040347,99.35096543890963,6163,2001-08-20,2026-08-31,False,False,True,True,2
full,us_term_premium_10y|selfz|w120,us_term_premium_10y,selfz,120,c2c,2,-1,0.26388880066204884,-0.2359311215576643,0.1199359391982325,0.14409893000033286,0.15426050207178862,0.6923076923076923,-3.0402930096471197,26,0.018848245666221036,0.0028261759653640623,0.6076210664189172,-60.52227181246895,1483,18.07316299439958,99.39660795825179,6132,2001-10-08,2026-08-31,False,True,True,True,3
full,us_term_premium_10y|selfz|w120,us_term_premium_10y,selfz,120,o2o,2,-1,0.30402955993850045,-0.15606671130281413,0.1788474605418209,0.20255849945941437,0.22167353564778733,0.6923076923076923,-2.905631023088891,26,-0.015571714767704322,0.0028261759653640623,0.6076210664189172,-60.712176678938704,1181,18.07316299439958,99.39660795825179,6132,2001-10-08,2026-08-31,False,True,True,True,3
full,us_term_premium_10y|selfz|w120,us_term_premium_10y,selfz,120,day,1,-1,0.25695303549691983,0.17028480391545478,0.23403307500625353,0.2652136274416575,0.3175542361272321,0.6538461538461539,-2.2428739527064185,26,-0.03361338805777866,0.0027435417250833995,0.607604165808002,-48.37578551083918,900,18.070680513148282,99.39670634273602,6133,2001-10-05,2026-08-31,False,True,True,True,3
full,us_term_premium_10y|selfz|w252,us_term_premium_10y,selfz,252,c2c,2,-1,0.4258238422691363,-0.23411848220728676,0.2261604135982222,0.24449621770922308,0.27972976635391256,0.6,-2.3900754394310395,25,0.010883250219986798,-0.0013860599126490417,0.624435801535986,-46.2629626480828,1004,14.10387523205945,99.27464556544675,6066,2002-01-10,2026-08-31,False,False,True,True,2
full,us_term_premium_10y|selfz|w252,us_term_premium_10y,selfz,252,o2o,2,-1,0.49152760070797746,-0.14814196417345774,0.3083698148264525,0.3266370939980671,0.36126594322448574,0.6,-2.2208502210406262,25,-0.017170757608035467,-0.0013860599126490417,0.624435801535986,-43.33496370071719,727,14.10387523205945,99.27464556544675,6066,2002-01-10,2026-08-31,False,False,True,True,2
full,us_term_premium_10y|selfz|w252,us_term_premium_10y,selfz,252,day,1,-1,0.28267650119692017,0.23263383955851968,0.26825102215778784,0.29250268685034686,0.4095801890657349,0.68,-0.9734635032706839,25,-0.0026723047097054193,-0.0014892182752820006,0.624436265034333,-26.451612426682146,1080,14.10209370944791,99.27476512279544,6067,2002-01-09,2026-08-31,False,True,True,True,3
full,us_term_premium_10y|robustz|w60,us_term_premium_10y,robustz,60,c2c,2,-1,0.10044993179956113,-0.3481949820246752,-0.03017034227618638,0.0016196890597513466,0.00719709196216245,0.6153846153846154,-3.2820445100125446,26,0.058151628230197226,0.00455777072911334,0.5306505734603396,-57.466646757606775,3396,21.89787782838508,98.9564650252731,6133,2001-10-05,2026-08-31,False,False,True,True,2
full,us_term_premium_10y|robustz|w60,us_term_premium_10y,robustz,60,o2o,2,-1,0.18439496915843492,-0.3095283614663419,0.05071957123374473,0.0815601380163945,0.11863001984927415,0.5384615384615384,-3.104347208281522,26,0.007659633663358825,0.00455777072911334,0.5306505734603396,-61.571919724121024,3192,21.89787782838508,98.9564650252731,6133,2001-10-05,2026-08-31,False,False,True,True,2
full,us_term_premium_10y|robustz|w60,us_term_premium_10y,robustz,60,day,1,-1,0.05631147523718576,0.026939431907461505,0.048853875461784275,0.08956534835157116,0.11261784070456533,0.6153846153846154,-2.6690744103072674,26,0.008845514015116285,0.004486296416321609,0.5306347950270947,-49.51138923955972,3560,21.894746789918532,98.95663514835344,6134,2001-10-04,2026-08-31,False,False,True,True,2
full,us_term_premium_10y|robustz|w120,us_term_premium_10y,robustz,120,c2c,2,-1,0.3073363923602137,-0.34686867334870114,0.10557125072716925,0.12767169362157887,0.2152071039773135,0.76,-2.9834451448992785,25,0.056806813740848706,0.002960936920787915,0.5758425141790422,-51.52250090151658,1694,15.856996073996521,99.20961633459575,6073,2001-12-31,2026-08-31,False,True,True,True,3
full,us_term_premium_10y|robustz|w120,us_term_premium_10y,robustz,120,o2o,2,-1,0.3635495266184026,-0.23622577263271746,0.1834083654507119,0.2052362481218451,0.30543695646907504,0.76,-2.850730185408461,25,0.04880013259408603,0.002960936920787915,0.5758425141790422,-45.98967836531146,1487,15.856996073996521,99.20961633459575,6073,2001-12-31,2026-08-31,False,True,True,True,3
full,us_term_premium_10y|robustz|w120,us_term_premium_10y,robustz,120,day,1,-1,0.3705659980708813,0.1475823763685475,0.31110188526682586,0.3400888977981214,0.4739397435835023,0.68,-1.3259422412576203,25,0.03720130961150014,0.002927856082831688,0.5757803030428299,-26.476288950919873,1439,15.854917674947659,99.20974646032269,6074,2001-12-28,2026-08-31,False,True,True,True,3
full,us_term_premium_10y|robustz|w252,us_term_premium_10y,robustz,252,c2c,2,-1,0.4060122331684408,-0.17534583595844472,0.22338124836279327,0.23889015725313453,0.2293270763904608,0.64,-2.367530315462488,25,-0.046964467593849105,-0.053920070371575556,0.6581661253334322,-54.1011407217602,1570,12.371649608237965,99.42770577343882,5941,2002-07-18,2026-08-31,False,False,True,True,2
full,us_term_premium_10y|robustz|w252,us_term_premium_10y,robustz,252,o2o,2,-1,0.44361552482452193,-0.12378524667033297,0.27364152771424693,0.28910027140776645,0.2795627727940005,0.64,-2.1931902396164307,25,-0.09174227693644504,-0.053920070371575556,0.6581661253334322,-51.17512494857526,1364,12.371649608237965,99.42770577343882,5941,2002-07-18,2026-08-31,False,False,True,True,2
full,us_term_premium_10y|robustz|w252,us_term_premium_10y,robustz,252,day,1,-1,0.29642768015858073,0.30352969096737975,0.29682836029115983,0.31741830477830085,0.33056698828549963,0.6,-1.2985132109034443,25,-0.07880417590769041,-0.05401261461493279,0.6581569788909998,-23.768026560488046,1192,12.370567457490228,99.42780208683945,5942,2002-07-17,2026-08-31,False,False,True,True,2
full,us_term_premium_10y|bdtanh|w60,us_term_premium_10y,bdtanh,60,c2c,2,-1,-0.012973438757394535,-0.21208618522124162,-0.06953666715015705,-0.039422826241768,0.027113417152083742,0.6153846153846154,-3.4115863519205947,26,0.04979601751143135,0.0018762457936592188,0.670421016315482,-83.26373235580427,4280,23.466406673969757,99.54560207724765,6162,2001-08-21,2026-08-31,False,False,True,True,2
full,us_term_premium_10y|bdtanh|w60,us_term_premium_10y,bdtanh,60,o2o,2,-1,0.034734680099031044,-0.16424327574238332,-0.017804190044498264,0.011463440355352586,0.11535801903503713,0.6153846153846154,-2.923958884210653,26,-0.002543461503857176,0.0018762457936592188,0.670421016315482,-85.95884714962448,3689,23.466406673969757,99.54560207724765,6162,2001-08-21,2026-08-31,False,False,True,True,2
full,us_term_premium_10y|bdtanh|w60,us_term_premium_10y,bdtanh,60,day,1,1,-0.03940593854910548,-0.28280082845028204,-0.09444754324877787,-0.055875295475001426,-0.2623806903930911,0.34615384615384615,-1.6769482406931477,26,0.0053977200452977655,-0.0017723413070529083,0.6704158347624796,-91.40832517376552,5753,23.46316641700536,99.54567580723673,6163,2001-08-20,2026-08-31,False,False,True,True,2
full,us_term_premium_10y|bdtanh|w120,us_term_premium_10y,bdtanh,120,c2c,2,-1,0.30326061546585725,-0.19685468568853612,0.1583442065297909,0.18019003570842307,0.1914996986234528,0.6153846153846154,-2.7851031838295293,26,0.011583208490150808,0.004379029109147115,0.6650125510628361,-62.20533120275415,1191,17.06347893635988,99.60861056751467,6132,2001-10-08,2026-08-31,False,False,True,True,2
full,us_term_premium_10y|bdtanh|w120,us_term_premium_10y,bdtanh,120,o2o,2,-1,0.3615147885525723,-0.12891652990599078,0.22740841618269797,0.24889877672117003,0.26385499139859714,0.6538461538461539,-2.599736343950217,26,-0.030800106334949194,0.004379029109147115,0.6650125510628361,-62.196551654946575,1198,17.06347893635988,99.60861056751467,6132,2001-10-08,2026-08-31,False,True,True,True,3
full,us_term_premium_10y|bdtanh|w120,us_term_premium_10y,bdtanh,120,day,1,-1,0.2976206589482878,0.19047175369580135,0.2695040057374459,0.29772817984734545,0.3704476124104457,0.6923076923076923,-1.954015443358605,26,-0.04235696689171485,0.00427920169187633,0.6650032326167168,-48.421422916990664,810,17.06094115333917,99.60867438447741,6133,2001-10-05,2026-08-31,False,True,True,True,3
full,us_term_premium_10y|bdtanh|w252,us_term_premium_10y,bdtanh,252,c2c,2,-1,0.4129322415052525,-0.23729341140191645,0.22027372988413363,0.23701376502337315,0.26851753381942667,0.6,-2.423270205521629,25,-0.004755934057023962,-0.01105857347732162,0.667422311771843,-52.87663555654788,1016,13.49908215935297,99.52192548631717,6066,2002-01-10,2026-08-31,False,False,True,True,2
full,us_term_premium_10y|bdtanh|w252,us_term_premium_10y,bdtanh,252,o2o,2,-1,0.4833149881944667,-0.11742942280592464,0.3138624154222558,0.3305327704692667,0.3570464498644154,0.6,-2.23737229641113,25,-0.030149476001359688,-0.01105857347732162,0.667422311771843,-48.654992154855314,849,13.49908215935297,99.52192548631717,6066,2002-01-10,2026-08-31,False,False,True,True,2
full,us_term_premium_10y|bdtanh|w252,us_term_premium_10y,bdtanh,252,day,1,-1,0.29213999028096754,0.300957170371696,0.2924142413353659,0.31442711413493946,0.45863215452501405,0.68,-0.9373762511448199,25,-0.019031735511576605,-0.01117001440445444,0.6674255668182614,-27.73433195570987,1076,13.497055731261353,99.52200428547881,6067,2002-01-09,2026-08-31,False,True,True,True,3
full,us_term_premium_10y|rankc|w60,us_term_premium_10y,rankc,60,c2c,2,-1,-0.011130245844108884,-0.12651785979372798,-0.04410118518668727,-0.007493209311433798,0.0361462273618896,0.6153846153846154,-3.454855680865768,26,0.04885724530703593,7.793687678484305e-05,0.6477142642701296,-81.5256970827978,4280,28.292020460695607,99.48068808828302,6162,2001-08-21,2026-08-31,False,False,True,True,2
full,us_term_premium_10y|rankc|w60,us_term_premium_10y,rankc,60,o2o,2,-1,0.02574296668792232,-0.07076867153866255,0.00011563798850858197,0.035672047565828924,0.13451312784431052,0.5769230769230769,-2.836126194186,26,-0.00519211518083222,7.793687678484305e-05,0.6477142642701296,-87.39247621261956,3990,28.292020460695607,99.48068808828302,6162,2001-08-21,2026-08-31,False,False,True,True,2
full,us_term_premium_10y|rankc|w60,us_term_premium_10y,rankc,60,day,1,1,-0.05074618552319798,-0.30831346667547227,-0.10858219862401902,-0.061639332468824276,-0.28870223205130535,0.3076923076923077,-1.7758895216887867,26,0.004508386228437072,4.859091440023032e-05,0.6477356821795773,-93.74620437933328,5753,28.287557887896767,99.4807723511277,6163,2001-08-20,2026-08-31,False,False,True,True,2
full,us_term_premium_10y|rankc|w120,us_term_premium_10y,rankc,120,c2c,2,-1,0.23503013353451438,-0.20578953938783023,0.10785526524613584,0.13474430417598213,0.13951082489703254,0.6153846153846154,-2.8692111179586077,26,0.015420769853709397,0.003907943488076874,0.6531210067761528,-63.17590776142003,1211,20.857544412323858,99.51076320939335,6132,2001-10-08,2026-08-31,False,False,True,True,2
full,us_term_premium_10y|rankc|w120,us_term_premium_10y,rankc,120,o2o,2,-1,0.28688091795870896,-0.14249222258412647,0.16985460384678006,0.1962140021652974,0.2057048308716809,0.6538461538461539,-2.6477720163679157,26,-0.032351911593364265,0.003907943488076874,0.6531210067761528,-65.08091901832606,1838,20.857544412323858,99.51076320939335,6132,2001-10-08,2026-08-31,False,True,True,True,3
full,us_term_premium_10y|rankc|w120,us_term_premium_10y,rankc,120,day,1,-1,0.23111248940314233,0.14549630980157677,0.20873452504655127,0.2435555337036888,0.2860900597392268,0.6923076923076923,-2.393008545161113,26,-0.03779040598112064,0.003789748648971622,0.6531320715076004,-52.5018511047284,1001,20.854282227956112,99.51084298059676,6133,2001-10-05,2026-08-31,False,True,True,True,3
full,us_term_premium_10y|rankc|w252,us_term_premium_10y,rankc,252,c2c,2,-1,0.44456694731216684,-0.23698440082145905,0.24297113901131856,0.26341353986805544,0.2650370337987043,0.64,-2.6078742521419223,25,0.011130388097712454,-0.007857355313534346,0.6635613248106232,-52.36986601148463,1417,16.45238344390834,99.50544015825915,6066,2002-01-10,2026-08-31,False,False,True,True,2
full,us_term_premium_10y|rankc|w252,us_term_premium_10y,rankc,252,o2o,2,-1,0.5373499332044616,-0.1303972462713313,0.34788479744273715,0.36820093150066324,0.3658045897728564,0.68,-2.3975770352348715,25,-0.017291409989920587,-0.007857355313534346,0.6635613248106232,-47.41567802200785,1416,16.45238344390834,99.50544015825915,6066,2002-01-10,2026-08-31,False,True,True,True,3
full,us_term_premium_10y|rankc|w252,us_term_premium_10y,rankc,252,day,1,-1,0.3462601267317588,0.27302110754559716,0.3255525862000163,0.3524245538860755,0.47236223050851833,0.72,-0.9832739183827947,25,-0.0044839299557867095,-0.007979389862264928,0.6635752822257627,-27.78532787634293,1073,16.44981183106336,99.50552167463326,6067,2002-01-09,2026-08-31,False,True,True,True,3
full,us_term_premium_10y|signth|w60,us_term_premium_10y,signth,60,c2c,2,-1,0.05389455868260346,-0.4149821587789999,-0.07917984937891476,-0.05036747507576437,0.051597007318668744,0.5384615384615384,-3.477091183465738,26,0.06313537182970463,0.006172382745132351,0.6690599564116607,-72.24186820961002,3606,22.70874116680784,99.30544338555968,6191,2001-07-10,2026-08-31,False,False,True,True,2
full,us_term_premium_10y|signth|w60,us_term_premium_10y,signth,60,o2o,2,-1,0.11003142545318659,-0.3148288832411679,-0.002071721548014648,0.025737877764476638,0.15996562643524653,0.5769230769230769,-2.5836039522950798,26,0.010455340580397864,0.006172382745132351,0.6690599564116607,-75.18236159225819,3567,22.70874116680784,99.30544338555968,6191,2001-07-10,2026-08-31,False,False,True,True,2
full,us_term_premium_10y|signth|w60,us_term_premium_10y,signth,60,day,1,-1,0.08602045050687268,0.1673288865358691,0.10317411297211668,0.13979437795132377,0.27522619550231064,0.5769230769230769,-1.2690267250937375,26,0.010496306900845298,0.006074431932352183,0.6690488580740603,-49.59966146408419,2170,22.70523072344331,99.30555555555556,6192,2001-07-09,2026-08-31,False,False,True,True,2
full,us_term_premium_10y|signth|w120,us_term_premium_10y,signth,120,c2c,2,-1,0.18748947566688642,-0.16883754126374992,0.08630417201601276,0.10688766660404575,0.15167453482689788,0.6538461538461539,-2.37297315736271,26,0.03122429202325993,0.010993052539531308,0.6793766065241847,-79.08416420370285,1316,15.929427355210807,99.20852850912615,6191,2001-07-10,2026-08-31,False,True,True,True,3
full,us_term_premium_10y|signth|w120,us_term_premium_10y,signth,120,o2o,2,-1,0.21862715864624716,-0.04955027523483809,0.14739463709688005,0.16746567130165613,0.2405939967866052,0.6923076923076923,-2.432319328628742,26,-0.011482972352020117,0.010993052539531308,0.6793766065241847,-72.33222170810546,1330,15.929427355210807,99.20852850912615,6191,2001-07-10,2026-08-31,False,True,True,True,3
full,us_term_premium_10y|signth|w120,us_term_premium_10y,signth,120,day,1,-1,0.17814983779993693,0.3041830924437424,0.203959047086431,0.2302896534651062,0.3621539179475024,0.6153846153846154,-1.7962145951958473,26,-0.031498679307965405,0.010894948243838215,0.6793632170118895,-49.73362951165612,1043,15.927012285629306,99.20865633074936,6192,2001-07-09,2026-08-31,False,False,True,True,2
full,us_term_premium_10y|signth|w252,us_term_premium_10y,signth,252,c2c,2,-1,0.32471700280428767,-0.1718827924636608,0.18458709489944863,0.20025008040493356,0.16773299337589212,0.5769230769230769,-2.323802181765908,26,-0.028804576763810874,-0.008136095629535347,0.6766706193612951,-56.37547697380555,1760,12.802379696281733,99.73843387281347,6117,2001-10-30,2026-08-31,False,False,True,True,2
full,us_term_premium_10y|signth|w252,us_term_premium_10y,signth,252,o2o,2,-1,0.3720992523520148,0.012668019464503607,0.27599935813434673,0.291546047637168,0.29533740818432114,0.6538461538461539,-2.1030360818450693,26,-0.06442621476770931,-0.008136095629535347,0.6766706193612951,-54.643176002915084,1645,12.802379696281733,99.73843387281347,6117,2001-10-30,2026-08-31,False,True,True,True,3
full,us_term_premium_10y|signth|w252,us_term_premium_10y,signth,252,day,1,-1,0.19956347152624157,0.39066405909121465,0.2416330107713609,0.26175263175795843,0.3491634342720467,0.6538461538461539,-2.2823942773568953,26,-0.07216820380276258,-0.008241929284114338,0.6766671796383437,-47.159908710416055,1798,12.80042063474081,99.73847662634849,6118,2001-10-29,2026-08-31,False,True,True,True,3
full,us_term_premium_10y|dev|w60,us_term_premium_10y,dev,60,c2c,2,1,-0.012369401007998786,0.3033476364434455,0.07554995137696376,0.10333729403279222,-0.03918697806515267,0.3076923076923077,-2.087538589063907,26,-0.04875368854789642,0.002819168608494345,0.5832560182071583,-99.46842478244076,5881,21.089599460400514,99.18857513794222,6162,2001-08-21,2026-08-31,False,False,True,True,2
full,us_term_premium_10y|dev|w60,us_term_premium_10y,dev,60,o2o,2,-1,0.005420700733621727,-0.2729046330476379,-0.06685754455183676,-0.040181825013670125,0.08828038206707145,0.6538461538461539,-2.9172083655763714,26,0.000551280577872288,-0.002819168608494345,0.5832560182071583,-80.48755904489629,4244,21.089599460400514,99.18857513794222,6162,2001-08-21,2026-08-31,False,True,True,True,3
full,us_term_premium_10y|dev|w60,us_term_premium_10y,dev,60,day,1,-1,-0.016438023029453453,0.18314408360567308,0.028371133693319908,0.06362005585886747,0.1718983519290992,0.6153846153846154,-2.117143011223765,26,-0.007264196661351555,-0.0029085469750118245,0.5832512156796958,-54.52758172090246,4434,21.087131079769375,99.18870679863703,6163,2001-08-20,2026-08-31,False,False,True,True,2
full,us_term_premium_10y|dev|w120,us_term_premium_10y,dev,120,c2c,2,-1,0.14988478662379184,-0.15290689437816946,0.061254361720913586,0.0815383458492266,0.12861286604567704,0.6923076923076923,-2.492834089867917,26,0.0010165008426074886,-0.009249605379776033,0.6184146592692813,-70.04049824037209,3371,15.565795900272944,99.26614481409001,6132,2001-10-08,2026-08-31,False,True,True,True,3
full,us_term_premium_10y|dev|w120,us_term_premium_10y,dev,120,o2o,2,-1,0.17960907305194931,-0.08271213307265865,0.10670635292926348,0.12672212111920314,0.19017911062052087,0.6923076923076923,-2.381568445369402,26,-0.03453491679480136,-0.009249605379776033,0.6184146592692813,-71.04849694587637,2221,15.565795900272944,99.26614481409001,6132,2001-10-08,2026-08-31,False,True,True,True,3
full,us_term_premium_10y|dev|w120,us_term_premium_10y,dev,120,day,1,-1,0.13786288964394863,0.294355457832842,0.17359201822309098,0.1997302792276988,0.2534047060214712,0.6923076923076923,-2.316533191280771,26,-0.04800634550918208,-0.00935493953558632,0.6184206676377298,-57.79545284147548,1873,15.564169256486686,99.26626447089517,6133,2001-10-05,2026-08-31,False,True,True,True,3
full,us_term_premium_10y|dev|w252,us_term_premium_10y,dev,252,c2c,2,-1,0.3574891785636952,-0.1257848709754049,0.2141587486575019,0.2304885080469999,0.26271239205362934,0.64,-1.6279354640774124,25,-0.022819766558550857,-0.029372451118202445,0.658385835806449,-48.54336375287315,1570,13.088590762795409,99.43949884602704,6066,2002-01-10,2026-08-31,False,False,True,True,2
full,us_term_premium_10y|dev|w252,us_term_premium_10y,dev,252,o2o,2,-1,0.4095798446343854,-0.04505699793986776,0.28257844991766323,0.29873382203643806,0.3176368020401282,0.64,-1.5095718069414625,25,-0.06414619593260094,-0.029372451118202445,0.658385835806449,-45.06512159044696,1417,13.088590762795409,99.43949884602704,6066,2002-01-10,2026-08-31,False,False,True,True,2
full,us_term_premium_10y|dev|w252,us_term_premium_10y,dev,252,day,1,-1,0.20763260415849757,0.44391551259826917,0.2647746319764382,0.28611225122588074,0.4085321186263591,0.64,-1.0130938397259792,25,-0.04708801849119869,-0.029515200436647626,0.6584249072965296,-29.58272128421267,1212,13.086644184264895,99.43959123125103,6067,2002-01-09,2026-08-31,False,False,True,True,2
full,twd_usd|selfz|w60,twd_usd,selfz,60,c2c,2,-1,0.10510200967636106,0.3282254169389039,0.16536749533914152,0.19999063318707103,0.05873985712754392,0.5384615384615384,-2.5118778005486253,26,-0.11498739107870418,0.006365285042642683,0.5916078528820878,-60.30932354998135,4042,27.410838127108104,99.36708860759494,6162,2001-08-21,2026-08-31,False,False,True,True,2
full,twd_usd|selfz|w60,twd_usd,selfz,60,o2o,2,-1,0.18344362659027613,0.2829046834607765,0.20635187100355812,0.23941843797957874,0.09914889911549232,0.6153846153846154,-2.2991058545690652,26,-0.09329508468211258,0.006365285042642683,0.5916078528820878,-46.18251035689795,4059,27.410838127108104,99.36708860759494,6162,2001-08-21,2026-08-31,False,False,True,True,2
full,twd_usd|selfz|w60,twd_usd,selfz,60,day,1,-1,0.024950284531653464,0.1463679994859391,0.05002907800412814,0.09371353110000341,-0.0068907794555000635,0.5,-1.7559833363295665,26,-0.0692454486479234,0.00652106265243326,0.591668669828591,-95.34971990585393,4381,27.407257387058948,99.36719130293689,6163,2001-08-20,2026-08-31,False,False,True,True,2
full,twd_usd|selfz|w120,twd_usd,selfz,120,c2c,2,-1,0.09601961561077904,0.296685835741212,0.14738661547546972,0.17071552264871717,0.06937863941736773,0.5384615384615384,-2.5843578283588795,26,-0.11610927320263306,0.01479721854278393,0.6144535149764657,-55.09788286029013,3746,18.998901648420322,99.39660795825179,6132,2001-10-08,2026-08-31,False,False,True,True,2
full,twd_usd|selfz|w120,twd_usd,selfz,120,o2o,2,-1,0.1376658996377345,0.24518503760931618,0.16193584176874543,0.1842126296029616,0.09303246501037976,0.6153846153846154,-2.1664390162584293,26,-0.11520503301195098,0.01479721854278393,0.6144535149764657,-49.02892300382287,4054,18.998901648420322,99.39660795825179,6132,2001-10-08,2026-08-31,False,False,True,True,2
full,twd_usd|selfz|w120,twd_usd,selfz,120,day,1,1,-0.018684247051071204,-0.3731195705705725,-0.08951121347358304,-0.05986069773860692,-0.1006755422814213,0.5384615384615384,-2.5163524145503677,26,0.07563755824420305,-0.014950433289786435,0.6145089543612582,-67.78881160618782,3433,18.99723554632231,99.39670634273602,6133,2001-10-05,2026-08-31,False,False,True,True,2
full,twd_usd|selfz|w252,twd_usd,selfz,252,c2c,2,1,0.18490547818404535,-0.271286578689693,0.05325840801997436,0.07082235512489755,0.1219866731933123,0.48,-2.094077573453155,25,0.17585789385131662,0.014645208287890392,0.6430960161241859,-89.75713160648004,4567,14.879999840891966,99.50544015825915,6066,2002-01-10,2026-08-31,False,False,False,True,1
full,twd_usd|selfz|w252,twd_usd,selfz,252,o2o,2,1,0.13872949201304854,-0.25014666600146074,0.0339387253307061,0.05091529365475671,0.08346249466141673,0.48,-2.2198198222048307,25,0.1902609403709518,0.014645208287890392,0.6430960161241859,-88.15636957051139,4561,14.879999840891966,99.50544015825915,6066,2002-01-10,2026-08-31,False,False,False,True,1
full,twd_usd|selfz|w252,twd_usd,selfz,252,day,1,1,0.19782098389672498,-0.48857710317149317,0.03736127850427801,0.06055041710997167,-0.00729245469634615,0.6,-1.8733896643854793,25,0.12940966017035085,0.014635579091494927,0.6429972323941906,-55.4078938416529,2512,14.885898767554417,99.50552167463326,6067,2002-01-09,2026-08-31,False,False,True,True,2
full,twd_usd|robustz|w60,twd_usd,robustz,60,c2c,2,-1,0.22784207730616746,0.15038727742211666,0.20540837525445654,0.2366113676847078,0.11445587831881668,0.6153846153846154,-2.968875928766524,26,-0.08541651864399946,-0.010915958864279018,0.48860288742103447,-55.63439987531298,3817,20.70762324205648,98.69558128159139,6133,2001-10-05,2026-08-31,False,False,True,True,2
full,twd_usd|robustz|w60,twd_usd,robustz,60,o2o,2,-1,0.3152429148486021,0.054398846673953005,0.2447637405514458,0.27549484592973716,0.1501740749812814,0.6153846153846154,-2.817280704524676,26,-0.05782550892429925,-0.010915958864279018,0.48860288742103447,-47.147514702969126,3815,20.70762324205648,98.69558128159139,6133,2001-10-05,2026-08-31,False,False,True,True,2
full,twd_usd|robustz|w60,twd_usd,robustz,60,day,1,-1,0.17666804222150326,0.09126837007232469,0.15504467104151645,0.19514436906482524,0.08586214325149888,0.46153846153846156,-2.306246678374386,26,-0.05049678482510498,-0.010760143022707619,0.48867726882402013,-54.17925909574175,4381,20.70547635110398,98.6957939354418,6134,2001-10-04,2026-08-31,False,False,True,True,2
full,twd_usd|robustz|w120,twd_usd,robustz,120,c2c,2,-1,0.0469765403056579,0.1821095475129824,0.08158764002633126,0.10152094737272366,0.011723000496630333,0.6,-2.300817783515138,25,-0.12482170569887656,0.0069206347292681564,0.5914714515141377,-47.51636433426158,3209,15.259301359044589,99.35781327185906,6073,2001-12-31,2026-08-31,False,False,True,True,2
full,twd_usd|robustz|w120,twd_usd,robustz,120,o2o,2,-1,0.06040654188647204,0.0775521861024967,0.06392543811207724,0.08296065798028286,-0.014643713647865415,0.6,-2.2794346260833445,25,-0.13893619088630604,0.0069206347292681564,0.5914714515141377,-43.77903418629193,4060,15.259301359044589,99.35781327185906,6073,2001-12-31,2026-08-31,False,False,True,True,2
full,twd_usd|robustz|w120,twd_usd,robustz,120,day,1,1,0.077422625923442,-0.21109169835124406,0.015620860502694865,0.0411888587419989,0.022853114437936393,0.56,-1.8053470061927566,25,0.10093447068028637,-0.007080949183469409,0.5915355277699877,-58.51459149347827,2640,15.258286450328647,99.35791899901218,6074,2001-12-28,2026-08-31,False,False,True,True,2
full,twd_usd|robustz|w252,twd_usd,robustz,252,c2c,2,1,0.0983886480367067,-0.24484422152379637,0.0003615595609319796,0.017280239793711277,0.05347824259324113,0.52,-2.4279498734554226,25,0.17825619007840546,0.028998665465255733,0.6651804639894084,-84.49106886439203,2512,13.641517201481214,99.36037704090221,5941,2002-07-18,2026-08-31,False,False,False,True,1
full,twd_usd|robustz|w252,twd_usd,robustz,252,o2o,2,1,0.08541688633595196,-0.1867729621427057,0.011048948100723655,0.027406470096594828,0.05748000285754164,0.56,-2.524369961275412,25,0.2077505862534338,0.028998665465255733,0.6651804639894084,-79.70148728830017,2511,13.641517201481214,99.36037704090221,5941,2002-07-18,2026-08-31,False,False,False,True,1
full,twd_usd|robustz|w252,twd_usd,robustz,252,day,1,1,0.17829134020943588,-0.41033462747423904,0.03674853224508942,0.05890241773368925,0.024876691473857886,0.52,-2.090592748034149,25,0.15917746004628996,0.02901035258257663,0.6650850858427569,-45.95464631834324,2512,13.64267144975582,99.36048468529115,5942,2002-07-17,2026-08-31,False,False,False,True,1
full,twd_usd|bdtanh|w60,twd_usd,bdtanh,60,c2c,2,-1,-0.024291227926283413,0.28685556395526773,0.05726579472223962,0.08889305182407528,-0.023044135548488415,0.5,-2.39181010817832,26,-0.10992577289641627,0.010132194592670484,0.6627500667989261,-71.96420416113901,5484,26.106570686751077,99.46445959104186,6162,2001-08-21,2026-08-31,False,False,True,True,2
full,twd_usd|bdtanh|w60,twd_usd,bdtanh,60,o2o,2,-1,0.09816017948652989,0.24931897201283465,0.13329021143334813,0.16339057297006107,0.035567906245450906,0.5769230769230769,-2.5057364353837497,26,-0.08705696675591476,0.010132194592670484,0.6627500667989261,-59.7876456529696,4380,26.106570686751077,99.46445959104186,6162,2001-08-21,2026-08-31,False,False,True,True,2
full,twd_usd|bdtanh|w60,twd_usd,bdtanh,60,day,1,-1,-0.020355791041879907,0.1384495895326954,0.012994540243487078,0.05277554994060126,-0.03700988891689083,0.46153846153846156,-1.8556341986626022,26,-0.06536142740953745,0.010289074182446454,0.6628010535001404,-107.46724819270659,4381,26.102634314229096,99.46454648710044,6163,2001-08-20,2026-08-31,False,False,True,True,2
full,twd_usd|bdtanh|w120,twd_usd,bdtanh,120,c2c,2,-1,0.06629232703112099,0.10363302746460412,0.07563279629140926,0.095353817830451,0.004898721927256898,0.5769230769230769,-2.818514585322961,26,-0.11259681919707071,0.021123758349233083,0.6670992945367694,-58.101713914082595,4097,16.692719807747526,99.77168949771689,6132,2001-10-08,2026-08-31,False,False,True,True,2
full,twd_usd|bdtanh|w120,twd_usd,bdtanh,120,o2o,2,-1,0.10462374097610727,0.021803295450882516,0.08385558794624505,0.1026850537298886,0.014633500896480266,0.5384615384615384,-2.891375058759199,26,-0.10732125481025194,0.021123758349233083,0.6670992945367694,-56.70083259153377,4380,16.692719807747526,99.77168949771689,6132,2001-10-08,2026-08-31,False,False,True,True,2
full,twd_usd|bdtanh|w120,twd_usd,bdtanh,120,day,1,1,-0.004975154174089511,-0.17202744155051353,-0.038928694742376695,-0.013757373054203341,-0.03369917889067458,0.5769230769230769,-2.797971251914988,26,0.0678567786626979,-0.0212802826500426,0.6671504910149493,-62.15682543330886,2022,16.690852632556243,99.7717267242785,6133,2001-10-05,2026-08-31,False,False,True,True,2
full,twd_usd|bdtanh|w252,twd_usd,bdtanh,252,c2c,2,1,0.24858244682696679,-0.158607379902697,0.1303731824840057,0.146898922562631,0.1674241477922538,0.56,-2.5165835554294786,25,0.1520214565594876,0.007671712418530338,0.666222423618862,-83.62103308278806,2028,14.142031750371581,99.47246950214308,6066,2002-01-10,2026-08-31,False,False,False,True,1
full,twd_usd|bdtanh|w252,twd_usd,bdtanh,252,o2o,2,1,0.20809745619126377,-0.1359506452165927,0.1137021188416142,0.12963761342299804,0.13354612643834965,0.56,-2.605665116767626,25,0.17618904770585994,0.007671712418530338,0.666222423618862,-82.92474407511374,2511,14.142031750371581,99.47246950214308,6066,2002-01-10,2026-08-31,False,False,False,True,1
full,twd_usd|bdtanh|w252,twd_usd,bdtanh,252,day,1,1,0.24403073669734648,-0.4120060159163818,0.08564532639260582,0.10731880692640958,0.034214141277152665,0.56,-1.5322044290147185,25,0.10542143347061522,0.007688425270840285,0.666130590120224,-52.40757643484022,2512,14.148595090865491,99.47255645294216,6067,2002-01-09,2026-08-31,False,False,True,True,2
full,twd_usd|rankc|w60,twd_usd,rankc,60,c2c,2,-1,0.05825154873133656,0.27234403018555503,0.11512222146581613,0.15524674237044922,0.0330989158144128,0.5384615384615384,-2.598135591548448,26,-0.11486479508071208,0.010193290647920655,0.6440378037729552,-65.43781533707289,4095,32.58240820748666,99.46445959104186,6162,2001-08-21,2026-08-31,False,False,True,True,2
full,twd_usd|rankc|w60,twd_usd,rankc,60,o2o,2,-1,0.1338133132606368,0.24866237460284915,0.1604970499684593,0.198731341828363,0.07098156614756658,0.5384615384615384,-1.8359745080001741,26,-0.09904148179394592,0.010193290647920655,0.6440378037729552,-58.51207644946215,4380,32.58240820748666,99.46445959104186,6162,2001-08-21,2026-08-31,False,False,True,True,2
full,twd_usd|rankc|w60,twd_usd,rankc,60,day,1,-1,-0.009230145309198697,0.16311065234451086,0.027306641512546023,0.07776192740477197,-0.02437686468842016,0.5,-1.7796939649002885,26,-0.0716157097763593,0.010350291735702196,0.6440919581118928,-108.024682127322,4381,32.57817817925845,99.46454648710044,6163,2001-08-20,2026-08-31,False,False,True,True,2
full,twd_usd|rankc|w120,twd_usd,rankc,120,c2c,2,-1,0.07349559232829289,0.15772997298616487,0.09519233643983753,0.12222418603458535,0.03986705101195679,0.5384615384615384,-2.8039928392924174,26,-0.12519712615071732,0.01620000979455617,0.6598766331676544,-59.881567111378565,4080,22.622421826156476,99.69015003261579,6132,2001-10-08,2026-08-31,False,False,True,True,2
full,twd_usd|rankc|w120,twd_usd,rankc,120,o2o,2,-1,0.12992975738276769,0.11251809343261934,0.1246198416226442,0.1505297351822264,0.069798049961594,0.6153846153846154,-2.270394783792187,26,-0.12127197480947001,0.01620000979455617,0.6598766331676544,-56.44111425179701,4107,22.622421826156476,99.69015003261579,6132,2001-10-08,2026-08-31,False,False,True,True,2
full,twd_usd|rankc|w120,twd_usd,rankc,120,day,1,-1,-0.020545606936525802,0.18959257968730703,0.022828861510343874,0.05736018090485766,0.0037437796441257,0.46153846153846156,-1.6749912409777736,26,-0.08420202040608189,0.016357145076023257,0.6599288154696052,-93.28805897330551,4381,22.61981491678185,99.69020055437795,6133,2001-10-05,2026-08-31,False,False,True,True,2
full,twd_usd|rankc|w252,twd_usd,rankc,252,c2c,2,1,0.15781842663280093,-0.1995942774115837,0.054704819411268195,0.07596062739479617,0.10934572591105875,0.48,-2.4558918129999734,25,0.16529081700829829,0.0012403418243063765,0.6601033976913905,-78.83751649508028,4567,18.385373358021297,99.3570722057369,6066,2002-01-10,2026-08-31,False,False,False,True,1
full,twd_usd|rankc|w252,twd_usd,rankc,252,o2o,2,1,0.1218253825072926,-0.19307403675091878,0.03730639767605967,0.05785191843076808,0.07831138352701063,0.44,-2.5921228006745363,25,0.18257047589483805,0.0012403418243063765,0.6601033976913905,-81.87970672232294,2511,18.385373358021297,99.3570722057369,6066,2002-01-10,2026-08-31,False,False,False,True,1
full,twd_usd|rankc|w252,twd_usd,rankc,252,day,1,1,0.18044865773340474,-0.41838686798079955,0.038995782303048204,0.06693001506589137,0.018501197029546237,0.6,-1.7932406478709328,25,0.11886370896963407,0.0012193438321847138,0.6600153889685763,-47.18956036089275,2512,18.39586700927521,99.35717817702324,6067,2002-01-09,2026-08-31,False,False,True,True,2
full,twd_usd|signth|w60,twd_usd,signth,60,c2c,2,-1,0.030260995281942624,0.19558979617401767,0.07293326379851477,0.10233519110013663,-0.001778351158945832,0.5,-1.7210112551923726,26,-0.11175897148251206,0.0064331413564831606,0.6715494843183599,-71.26233584622453,5217,24.233006534979907,99.69310289129382,6191,2001-07-10,2026-08-31,False,False,True,True,2
full,twd_usd|signth|w60,twd_usd,signth,60,o2o,2,-1,0.15350053564406071,0.22289166499793664,0.16843647100524486,0.19657168947428125,0.07518863763481223,0.6153846153846154,-2.0135658334215396,26,-0.09515969679692467,0.0064331413564831606,0.6715494843183599,-57.56044791448931,4079,24.233006534979907,99.69310289129382,6191,2001-07-10,2026-08-31,False,False,True,True,2
full,twd_usd|signth|w60,twd_usd,signth,60,day,1,-1,0.028973554341813562,0.23525376403211246,0.07103982538380817,0.10818816446762014,0.018078139807804438,0.5,-1.7464812192477686,26,-0.07453481059296162,0.006589680069326611,0.6715986076011385,-92.613140855797,4381,24.229152128288433,99.69315245478036,6192,2001-07-09,2026-08-31,False,False,True,True,2
full,twd_usd|signth|w120,twd_usd,signth,120,c2c,2,-1,0.07452473992533255,0.024049201561126013,0.0614529921027512,0.08041514017330192,-0.030658334763660675,0.4230769230769231,-2.4024224742880396,26,-0.12879714433216866,0.012119843993575111,0.6805342454469083,-58.1144625860166,4381,15.984498855598217,99.96769504118882,6191,2001-07-10,2026-08-31,False,False,True,True,2
full,twd_usd|signth|w120,twd_usd,signth,120,o2o,2,-1,0.08874460727382577,-0.036664998897537084,0.05843522728674449,0.07632378362885259,-0.05135956870281199,0.5,-2.842471769396372,26,-0.1469181304822311,0.012119843993575111,0.6805342454469083,-54.64170350241688,4380,15.984498855598217,99.96769504118882,6191,2001-07-10,2026-08-31,False,False,True,True,2
full,twd_usd|signth|w120,twd_usd,signth,120,day,1,1,0.05729132401626797,-0.1490239828034559,0.015110503057882425,0.03901487325028699,0.04984880479865066,0.5384615384615384,-1.4632216332440053,26,0.10113219796906407,-0.012277918184389615,0.6805843715754726,-50.24447400097846,2075,15.99129982385496,99.96770025839793,6192,2001-07-09,2026-08-31,False,False,True,True,2
full,twd_usd|signth|w252,twd_usd,signth,252,c2c,2,1,0.19610284322635982,-0.35456405953072867,0.052838479899018784,0.06830397770122767,-0.012797117725677378,0.5384615384615384,-2.8020992470784374,26,0.1249678829630844,-0.014303816864875403,0.6687441744124871,-100.52010733722221,2153,12.110652742302815,99.77493074792244,5776,2001-10-15,2026-08-31,False,False,True,True,2
full,twd_usd|signth|w252,twd_usd,signth,252,o2o,2,1,0.09796438747192021,-0.2293719046748841,0.016934528371162785,0.031867983629896686,-0.044284927022216,0.5,-2.6500760302039366,26,0.13824440853178338,-0.014303816864875403,0.6687441744124871,-93.23867958735647,2159,12.110652742302815,99.77493074792244,5776,2001-10-15,2026-08-31,False,False,True,True,2
full,twd_usd|signth|w252,twd_usd,signth,252,day,1,1,0.14943619841162642,-0.5032362940940837,0.01228784186887244,0.03223604748912598,-0.17184857118991076,0.46153846153846156,-1.5298209396913636,26,0.09063761314942576,-0.01436690736965243,0.6686939811441037,-51.99285214536491,2160,12.108830020440855,99.77496970746061,5777,2001-10-12,2026-08-31,False,False,True,True,2
full,twd_usd|dev|w60,twd_usd,dev,60,c2c,2,-1,0.07096925074032365,0.15791247376160955,0.09216669244994179,0.12049881968542202,-0.027275914081957633,0.5,-2.2306129098102967,26,-0.08932210274003362,0.008026469901115503,0.5644387512294844,-51.64513032723067,4381,21.760080014784677,99.04251866277183,6162,2001-08-21,2026-08-31,False,False,True,True,2
full,twd_usd|dev|w60,twd_usd,dev,60,o2o,2,-1,0.12208385744081826,0.12365557399414881,0.1206950646071552,0.1474430823871809,-0.00994187863566137,0.5,-2.081561110789645,26,-0.07823116847298196,0.008026469901115503,0.5644387512294844,-54.094140379730796,4380,21.760080014784677,99.04251866277183,6162,2001-08-21,2026-08-31,False,False,True,True,2
full,twd_usd|dev|w60,twd_usd,dev,60,day,1,-1,-0.01981359991669204,0.0838727854649401,0.0012772240561182999,0.0368330680981115,-0.04702383076548556,0.46153846153846156,-1.6727304755837051,26,-0.04974642970035666,0.008183209807567484,0.564505208435737,-92.00013404712149,4381,21.757195496070807,99.0426740223917,6163,2001-08-20,2026-08-31,False,False,True,True,2
full,twd_usd|dev|w120,twd_usd,dev,120,c2c,2,-1,0.04170646040303376,0.26540136219803423,0.09733311748233137,0.11653202759005321,0.07029303640661386,0.46153846153846156,-2.0948356809713533,26,-0.08061443671147295,0.024620977858390045,0.6228164386555524,-52.911893756360264,4059,15.48152047659664,99.34768427919113,6132,2001-10-08,2026-08-31,False,False,True,True,2
full,twd_usd|dev|w120,twd_usd,dev,120,o2o,2,-1,0.0856265172886498,0.25257717162363313,0.12304019574625705,0.14135340741509925,0.08155650789731421,0.5,-2.2022042254285004,26,-0.08195371804921889,0.024620977858390045,0.6228164386555524,-50.54366470553997,4061,15.48152047659664,99.34768427919113,6132,2001-10-08,2026-08-31,False,False,True,True,2
full,twd_usd|dev|w120,twd_usd,dev,120,day,1,1,-0.006453594071665389,-0.3877883870709122,-0.08287723461543807,-0.0583452551392136,-0.12876240227283353,0.6538461538461539,-3.2553987730494383,26,0.028007038533900467,-0.024763772007237863,0.6228616956348589,-60.26934813974818,2181,15.480882394781737,99.3477906407957,6133,2001-10-05,2026-08-31,False,True,True,True,3
full,twd_usd|dev|w252,twd_usd,dev,252,c2c,2,1,0.2153006347757758,-0.36581375626599033,0.04914148253605939,0.06506895748662551,0.0340712912125762,0.48,-2.420331854382686,25,0.11515327488687273,-0.02150232560266287,0.6818598301493772,-103.07290390371311,2512,13.64544938362225,99.47246950214308,6066,2002-01-10,2026-08-31,False,False,True,True,2
full,twd_usd|dev|w252,twd_usd,dev,252,o2o,2,1,0.18368600160814663,-0.32503118335321707,0.045625293829851754,0.06094496176383047,0.020736490013315293,0.48,-2.4430485779351767,25,0.13933254128240002,-0.02150232560266287,0.6818598301493772,-100.21638222537972,2511,13.64544938362225,99.47246950214308,6066,2002-01-10,2026-08-31,False,False,True,True,2
full,twd_usd|dev|w252,twd_usd,dev,252,day,1,1,0.2555374733788678,-0.4503213937313936,0.08637723067903046,0.10715730292790179,0.006991593905736194,0.56,-1.912793173173315,25,0.07051766818263985,-0.02151176830262605,0.6817604286916765,-50.692550775751386,2512,13.64828746341768,99.47255645294216,6067,2002-01-09,2026-08-31,False,False,True,True,2
full,krw_usd|selfz|w60,krw_usd,selfz,60,c2c,2,-1,-0.012388776149295443,-0.023363278151192508,-0.015563214599921318,0.02350287104629036,-0.01009949026097771,0.46153846153846156,-1.6717498977203815,26,-0.10502988624165108,-9.546225511240952e-05,0.601552065024237,-50.27488025529857,2687,31.299510892151712,99.49691658552418,6162,2001-08-21,2026-08-31,False,False,True,True,2
full,krw_usd|selfz|w60,krw_usd,selfz,60,o2o,2,-1,0.057146022040802005,0.011359140904713787,0.04482491773081796,0.0831354916176277,0.07263436873581507,0.5,-1.826562855903284,26,-0.12420415914403755,-9.546225511240952e-05,0.601552065024237,-55.0142289306608,2586,31.299510892151712,99.49691658552418,6162,2001-08-21,2026-08-31,False,False,True,True,2
full,krw_usd|selfz|w60,krw_usd,selfz,60,day,1,-1,0.08219767966463362,-0.3725014752653026,-0.023877436112004928,0.02610942145451393,-0.01786446355692801,0.5769230769230769,-2.2044266093862577,26,-0.11179584359033745,5.4755854195670604e-05,0.6016046606238453,-61.11122837027872,4381,31.294687450387713,99.49699821515495,6163,2001-08-20,2026-08-31,False,False,True,True,2
full,krw_usd|selfz|w120,krw_usd,selfz,120,c2c,2,-1,-0.02079843570042165,0.052019191562157376,-0.00017608332573465035,0.02978195999814744,-0.0029786150983852804,0.5384615384615384,-1.9715058090389461,26,-0.09730086697547903,0.0028767685485897978,0.6057364046843304,-85.80870215629142,3204,23.693073695579212,99.44553163731246,6132,2001-10-08,2026-08-31,False,False,True,True,2
full,krw_usd|selfz|w120,krw_usd,selfz,120,o2o,2,-1,0.03569480057269537,0.017941365193566896,0.030892378860070586,0.06004182244602706,0.05276843738102041,0.5769230769230769,-2.0452432208572793,26,-0.11339019571630561,0.0028767685485897978,0.6057364046843304,-71.17211045560519,3243,23.693073695579212,99.44553163731246,6132,2001-10-08,2026-08-31,False,False,True,True,2
full,krw_usd|selfz|w120,krw_usd,selfz,120,day,1,-1,0.02859946593762161,-0.25735530573394466,-0.038658095684658014,-0.00018066579070808532,0.004818949991191281,0.6538461538461539,-2.0908291943664556,26,-0.08504548357017354,0.0030365968276944715,0.6057979352891916,-49.76659332083217,2687,23.68928496321048,99.44562204467634,6133,2001-10-05,2026-08-31,False,True,True,True,3
full,krw_usd|selfz|w252,krw_usd,selfz,252,c2c,2,1,0.04235320788456601,-0.20307327517051818,-0.03003736161845716,-0.006357314705109193,0.013373436313380841,0.48,-2.528408611215258,25,0.12057102855596177,-2.9581628629998327e-05,0.6560857906245222,-130.06218565643485,4493,19.040110054274532,99.63732278272339,6066,2002-01-10,2026-08-31,False,False,True,True,2
full,krw_usd|selfz|w252,krw_usd,selfz,252,o2o,2,-1,-0.02190631181784624,0.1665617801060276,0.0310848168465462,0.0543450482203136,0.008547521100139193,0.56,-1.9691747383142155,25,-0.11727782544262005,2.9581628629998327e-05,0.6560857906245222,-84.21323037864961,3162,19.040110054274532,99.63732278272339,6066,2002-01-10,2026-08-31,False,False,True,True,2
full,krw_usd|selfz|w252,krw_usd,selfz,252,day,1,1,0.043028641257134966,-0.13979826403093723,-0.002820954088325384,0.028318979060947363,-0.010885167508845071,0.48,-2.423886904865611,25,0.09988409201115356,-0.00019325650442219037,0.6561413303084574,-40.152566637837424,4353,19.036974462001705,99.63738256139773,6067,2002-01-09,2026-08-31,False,False,True,True,2
full,krw_usd|robustz|w60,krw_usd,robustz,60,c2c,2,1,-0.008742057739856965,-0.07357104287337261,-0.028163734557965236,0.006645503713469189,-0.05983651579327457,0.5,-1.5444024002089427,26,0.0844350493789079,-0.0036419551454419255,0.5446130069802129,-69.18580397289422,4451,26.912796376752382,99.11951736507419,6133,2001-10-05,2026-08-31,False,False,True,True,2
full,krw_usd|robustz|w60,krw_usd,robustz,60,o2o,2,-1,0.04333659717692508,0.01958471582960208,0.03681693314334939,0.07081261980438162,0.0678588018221947,0.5384615384615384,-1.6946211300074792,26,-0.11387542599140336,0.0036419551454419255,0.5446130069802129,-49.86170221813243,4115,26.912796376752382,99.11951736507419,6133,2001-10-05,2026-08-31,False,False,True,True,2
full,krw_usd|robustz|w60,krw_usd,robustz,60,day,1,-1,0.05077838405607956,-0.42272943606455055,-0.06463323212457765,-0.019134810042661328,-0.052661718633393126,0.5,-1.9734083593484013,26,-0.08769227724397823,0.003795792677100649,0.5446786522960525,-65.51819660450595,4381,26.908723092213997,99.1196609064232,6134,2001-10-04,2026-08-31,False,False,True,True,2
full,krw_usd|robustz|w120,krw_usd,robustz,120,c2c,2,1,0.047136919149085736,0.002321242826080921,0.03465394225679559,0.059742525453335034,0.03606761941081749,0.56,-2.2296315583362594,25,0.0994907637338853,-0.00013238696529448916,0.5875722655834974,-87.41300469521458,4493,19.5860409557429,99.22608266095834,6073,2001-12-31,2026-08-31,False,False,True,True,2
full,krw_usd|robustz|w120,krw_usd,robustz,120,o2o,2,1,-0.01968195309424248,0.006504638645244955,-0.012866120995280018,0.011493733266714956,-0.02380198740868648,0.48,-2.0796982527913124,25,0.1241060730629439,-0.00013238696529448916,0.5875722655834974,-87.48265440772191,4492,19.5860409557429,99.22608266095834,6073,2001-12-31,2026-08-31,False,False,True,True,2
full,krw_usd|robustz|w120,krw_usd,robustz,120,day,1,1,-0.00195655835310824,0.10064797133908825,0.02162129290386501,0.053846563951450675,-0.03193669594008689,0.48,-1.5505721124648986,25,0.11313552397580028,-0.00029584326277682965,0.5876390080385995,-55.33784174088736,5953,19.58283226853373,99.22621007573264,6074,2001-12-28,2026-08-31,False,False,True,True,2
full,krw_usd|robustz|w252,krw_usd,robustz,252,c2c,2,1,0.0746761681097802,-0.1090742479924592,0.019477476623091954,0.040609292057601894,0.0610133344209401,0.56,-2.721254269861089,25,0.15719870455556828,0.04225238516851079,0.6744682420741855,-119.48181994323504,4493,17.50879159530398,99.52869887224372,5941,2002-07-18,2026-08-31,False,False,False,True,1
full,krw_usd|robustz|w252,krw_usd,robustz,252,o2o,2,1,0.01673208730911929,-0.11477160051383306,-0.021563272513983704,-0.000623517793309145,0.0132664991539507,0.48,-2.5443550539384376,25,0.15211507666441193,0.04225238516851079,0.6744682420741855,-122.21082867848887,4492,17.50879159530398,99.52869887224372,5941,2002-07-18,2026-08-31,False,False,False,True,1
full,krw_usd|robustz|w252,krw_usd,robustz,252,day,1,1,-0.005341548376919678,-0.12762418292502836,-0.036833853168028216,-0.008873219671489177,0.005398054244113132,0.48,-1.9552356608246892,25,0.16622094342092447,0.042079369053753035,0.6745206387632883,-38.06658893873459,2161,17.50585426234533,99.5287781891619,5942,2002-07-17,2026-08-31,False,False,False,True,1
full,krw_usd|bdtanh|w60,krw_usd,bdtanh,60,c2c,2,-1,-0.025643531445050962,-0.05265188496172343,-0.033382424219135114,0.0017135452344106824,-0.04656868403718785,0.38461538461538464,-1.6553864643217209,26,-0.1054049200556036,-0.0028344791570328806,0.6630045595054659,-51.40470261394918,4109,28.724455939748825,99.65920155793575,6162,2001-08-21,2026-08-31,False,False,True,True,2
full,krw_usd|bdtanh|w60,krw_usd,bdtanh,60,o2o,2,-1,0.011656655420579008,-0.011930891822604251,0.0052836031837810975,0.03990488367744126,0.006752553975394769,0.5,-1.8424356621732023,26,-0.1237423374617635,-0.0028344791570328806,0.6630045595054659,-55.80434095773508,4115,28.724455939748825,99.65920155793575,6162,2001-08-21,2026-08-31,False,False,True,True,2
full,krw_usd|bdtanh|w60,krw_usd,bdtanh,60,day,1,-1,0.03986847358114899,-0.372610809700378,-0.055126133884454954,-0.010258368639313405,-0.05122082476720869,0.5,-2.4153092905738203,26,-0.11449762977021895,-0.0026809427023019305,0.6630500578231431,-76.42311396615172,4381,28.719912225223776,99.65925685542754,6163,2001-08-20,2026-08-31,False,False,True,True,2
full,krw_usd|bdtanh|w120,krw_usd,bdtanh,120,c2c,2,1,-0.018072408975845576,-0.03221930669779066,-0.02202394377653881,0.005923853131422046,-0.02241897186795726,0.5,-1.9728756869569288,26,0.09633361013115954,0.0024846297475234857,0.6593648430621337,-103.71643915402946,4493,22.08683171616852,99.64122635355513,6132,2001-10-08,2026-08-31,False,False,True,True,2
full,krw_usd|bdtanh|w120,krw_usd,bdtanh,120,o2o,2,-1,-0.01600479592675665,-0.03703250958269054,-0.02165062760818788,0.005723767511752164,-0.001946572659388099,0.5,-2.175635067148099,26,-0.10822261300111646,-0.0024846297475234857,0.6593648430621337,-70.01506517469035,3816,22.08683171616852,99.64122635355513,6132,2001-10-08,2026-08-31,False,False,True,True,2
full,krw_usd|bdtanh|w120,krw_usd,bdtanh,120,day,1,-1,-0.03598975046293764,-0.33168226866975137,-0.10489624097987053,-0.06910162683394871,-0.05069111304337102,0.6153846153846154,-2.222497868512608,26,-0.07976912489117577,-0.0023252056402962647,0.6594163510642231,-57.87498264595573,4381,22.083269801489067,99.64128485243762,6133,2001-10-05,2026-08-31,False,False,True,True,2
full,krw_usd|bdtanh|w252,krw_usd,bdtanh,252,c2c,2,-1,-0.011139762842732208,0.18459805396989745,0.04603399220146238,0.06684951531404972,0.015218028695645864,0.56,-1.9933818887407897,25,-0.09088134243829817,0.022293559179555552,0.6767523918168017,-82.36362996867068,3133,16.263346723158158,99.75272007912957,6066,2002-01-10,2026-08-31,False,False,True,True,2
full,krw_usd|bdtanh|w252,krw_usd,bdtanh,252,o2o,2,-1,0.06933530797164217,0.13688283348610095,0.08834144101067057,0.1090968279552224,0.0912129623466088,0.6,-1.9243597349870694,25,-0.08151129811703338,0.022293559179555552,0.6767523918168017,-65.98141808698732,3123,16.263346723158158,99.75272007912957,6066,2002-01-10,2026-08-31,False,False,True,True,2
full,krw_usd|bdtanh|w252,krw_usd,bdtanh,252,day,1,1,0.03234632365345669,0.016478235732936695,0.028191880706133737,0.0556118608410933,-0.010651669361928217,0.4,-2.0444034833459597,25,0.053910045065529766,-0.022452851006591935,0.6768038117413101,-47.691168083492265,4339,16.26068919505195,99.75276083731663,6067,2002-01-09,2026-08-31,False,False,True,True,2
full,krw_usd|rankc|w60,krw_usd,rankc,60,c2c,2,-1,-0.032881842367227056,0.006391711901248493,-0.021459696830422183,0.020930428464333475,-0.00758885626460877,0.4230769230769231,-1.6372118377873488,26,-0.11387358695952338,-0.006596837134643626,0.6497709340819661,-51.42740901954351,2687,34.72119884096987,99.64297306069459,6162,2001-08-21,2026-08-31,False,False,True,True,2
full,krw_usd|rankc|w60,krw_usd,rankc,60,o2o,2,-1,0.08587675573569299,0.058452551620730646,0.07823309151685397,0.1200469465684621,0.10786306710974422,0.5384615384615384,-1.8492999944780366,26,-0.13982853124289857,-0.006596837134643626,0.6497709340819661,-52.76267685633434,1714,34.72119884096987,99.64297306069459,6162,2001-08-21,2026-08-31,False,False,True,True,2
full,krw_usd|rankc|w60,krw_usd,rankc,60,day,1,-1,0.07786482437808097,-0.2718824568823874,-0.004791722260871982,0.04955054455162693,0.0042539839094342695,0.5769230769230769,-2.12088097408272,26,-0.12680094671551048,-0.006441088760470796,0.6498201811140626,-69.88229684970831,4381,34.71564394312291,99.6430309914003,6163,2001-08-20,2026-08-31,False,False,True,True,2
full,krw_usd|rankc|w120,krw_usd,rankc,120,c2c,2,1,-0.035225647659170196,-0.050758599402202065,-0.03969336763575783,-0.006493563393610873,-0.04243882430920223,0.46153846153846156,-1.7131889301022933,26,0.10236035927781151,0.006653199324287529,0.653088257679791,-93.8118146883212,4493,26.820546290511576,99.49445531637312,6132,2001-10-08,2026-08-31,False,False,True,True,2
full,krw_usd|rankc|w120,krw_usd,rankc,120,o2o,2,-1,0.018045478409843475,0.019649117099480473,0.018454656680176793,0.05121161188245863,0.03905216524449853,0.5384615384615384,-1.9122548837392133,26,-0.11713007147311162,-0.006653199324287529,0.653088257679791,-61.77017079452527,3815,26.820546290511576,99.49445531637312,6132,2001-10-08,2026-08-31,False,False,True,True,2
full,krw_usd|rankc|w120,krw_usd,rankc,120,day,1,-1,-0.025076543061740435,-0.21476367296515383,-0.06991412802451782,-0.02702333251994484,-0.01920699217058195,0.5769230769230769,-2.02899453838636,26,-0.08965485563699155,-0.006492118937233251,0.653141765678617,-61.54612144413739,4381,26.816216254037638,99.49453774661666,6133,2001-10-05,2026-08-31,False,False,True,True,2
full,krw_usd|rankc|w252,krw_usd,rankc,252,c2c,2,1,-0.021876345663676654,-0.18461994446387944,-0.06926123048223934,-0.04254046265057476,-0.02241643857857421,0.48,-2.0997750308355876,25,0.09883764364894009,-0.012437801750027592,0.6709883599272473,-119.1917585845689,4493,21.217689386542506,99.52192548631717,6066,2002-01-10,2026-08-31,False,False,True,True,2
full,krw_usd|rankc|w252,krw_usd,rankc,252,o2o,2,-1,0.03381627270051507,0.1281572097103659,0.060203082315312226,0.08674745565211792,0.04490106899724328,0.56,-1.9951323757587562,25,-0.09485469412164851,0.012437801750027592,0.6709883599272473,-59.00051221813618,3225,21.217689386542506,99.52192548631717,6066,2002-01-10,2026-08-31,False,False,True,True,2
full,krw_usd|rankc|w252,krw_usd,rankc,252,day,1,1,0.04374558090710846,-0.009503506523773271,0.03039052839002044,0.06557811346378353,-0.0008599350839152153,0.44,-2.4166360094372443,25,0.0673612186639396,-0.012599362117816877,0.671041373969311,-48.753553413449424,4285,21.214219454426882,99.52200428547881,6067,2002-01-09,2026-08-31,False,False,True,True,2
full,krw_usd|signth|w60,krw_usd,signth,60,c2c,2,-1,0.009324168567223526,-0.1350682208715633,-0.031805985913288135,0.002367948182062407,-0.041612974176803,0.46153846153846156,-1.7402590192236662,26,-0.09854503362286206,-0.0028037855760149745,0.671102221692328,-63.319230930905746,4236,28.014173073554947,99.77386528832176,6191,2001-07-10,2026-08-31,False,False,True,True,2
full,krw_usd|signth|w60,krw_usd,signth,60,o2o,2,-1,-0.003235279498146593,-0.16046671715388558,-0.045227458686528436,-0.011514061406883805,-0.0528951369432248,0.5,-2.050317468393065,26,-0.1275147595860846,-0.0028037855760149745,0.671102221692328,-83.25909470521405,4235,28.014173073554947,99.77386528832176,6191,2001-07-10,2026-08-31,False,False,True,True,2
full,krw_usd|signth|w60,krw_usd,signth,60,day,1,-1,-0.00807118721878497,-0.5129525363898224,-0.1218645203875498,-0.07827517882690319,-0.11840532251745328,0.46153846153846156,-2.631820167450955,26,-0.11261807527843844,-0.002652170828395212,0.6711450014904535,-100.09370035874478,4381,28.009737474754676,99.77390180878552,6192,2001-07-09,2026-08-31,False,False,True,True,2
full,krw_usd|signth|w120,krw_usd,signth,120,c2c,2,1,0.1522678855314837,0.10493826196207928,0.13925060505385317,0.1664967740625573,0.11226695280871186,0.46153846153846156,-1.6520971254649561,26,0.07725785400577166,-0.0015640937732614433,0.6557524027203316,-74.00640387641393,4493,20.556255246326288,99.87078016475529,6191,2001-07-10,2026-08-31,False,False,True,True,2
full,krw_usd|signth|w120,krw_usd,signth,120,o2o,2,1,0.09326442189712748,0.14038911878936366,0.10500887271149136,0.13151725504663186,0.05756121557932781,0.5,-1.6152341937916461,26,0.09731548038342991,-0.0015640937732614433,0.6557524027203316,-80.2121708858054,5840,20.556255246326288,99.87078016475529,6191,2001-07-10,2026-08-31,False,False,True,True,2
full,krw_usd|signth|w120,krw_usd,signth,120,day,1,1,0.0892215898647646,0.5156324782764985,0.18106209816532456,0.21548557675978403,0.15172024244513158,0.5,-1.506842531434203,26,0.08441101897698643,-0.0017210039569100718,0.6558036623372898,-53.140161615386624,4260,20.552984739802522,99.87080103359173,6192,2001-07-09,2026-08-31,False,False,True,True,2
full,krw_usd|signth|w252,krw_usd,signth,252,c2c,2,1,-0.015637621042368505,0.06824649187387404,0.00804125051136154,0.027482660264644562,-0.06997488709733238,0.4230769230769231,-3.253591594190687,26,0.08279199665093775,-0.03461646144878279,0.6482448587402593,-88.94447636984249,4424,14.57554995636846,98.67549668874173,6040,2001-11-09,2026-08-31,False,False,True,True,2
full,krw_usd|signth|w252,krw_usd,signth,252,o2o,2,-1,0.1301586484211968,-0.13897185427724104,0.056320078201220335,0.0756074924491254,0.14538967154768362,0.6538461538461539,-2.4402033321043506,26,-0.06642625175455426,0.03461646144878279,0.6482448587402593,-77.05747314385472,1925,14.57554995636846,98.67549668874173,6040,2001-11-09,2026-08-31,False,True,True,True,3
full,krw_usd|signth|w252,krw_usd,signth,252,day,1,-1,0.062257675816977,-0.2190067633424749,-0.003911739670450076,0.020759744193736412,0.08798228376022271,0.6153846153846154,-2.0169843969405443,26,-0.03775163872420026,0.03477372152661777,0.6483005415300143,-56.52401194346124,2687,14.573175756619028,98.67571594106937,6041,2001-11-08,2026-08-31,False,False,True,True,2
full,krw_usd|dev|w60,krw_usd,dev,60,c2c,2,1,-0.02707127095592285,-0.1222413467593446,-0.053496680538096905,-0.021861183198321456,-0.03435866192923223,0.5384615384615384,-1.4385391378873948,26,0.16711351549125886,0.043759267437815816,0.5757606062030937,-92.53135955881409,4493,26.06438979965509,99.25348912690684,6162,2001-08-21,2026-08-31,False,False,False,True,1
full,krw_usd|dev|w60,krw_usd,dev,60,o2o,2,-1,-0.004036010202744849,0.07681435756945652,0.016567298045563703,0.04686651313841317,0.013593224715977134,0.5,-1.7547409236919183,26,-0.20564136074900452,-0.043759267437815816,0.5757606062030937,-57.67941325752801,3470,26.06438979965509,99.25348912690684,6162,2001-08-21,2026-08-31,False,False,False,True,1
full,krw_usd|dev|w60,krw_usd,dev,60,day,1,-1,-0.033686277387691456,-0.09805667314267136,-0.04793904822519669,-0.008008507596177265,-0.03310664126962143,0.5384615384615384,-1.9003164621929545,26,-0.18737659309059124,-0.04359111436225541,0.5758282368263352,-85.15782783892085,4381,26.060200133465713,99.25361025474606,6163,2001-08-20,2026-08-31,False,False,False,True,1
full,krw_usd|dev|w120,krw_usd,dev,120,c2c,2,1,0.061799361638766856,-0.18946864791194967,-0.008986140565433632,0.014733561838021898,0.0018323708857507137,0.46153846153846156,-1.7126852262288423,26,0.20229435025279913,0.06559418880332504,0.6131037306170192,-121.6497703044856,4493,19.77810104548785,98.97260273972603,6132,2001-10-08,2026-08-31,False,False,False,True,1
full,krw_usd|dev|w120,krw_usd,dev,120,o2o,2,1,0.015687716135069345,-0.19077876338052283,-0.03776504158539275,-0.014904049198162045,-0.059759466004866195,0.4230769230769231,-1.6488797355025566,26,0.22482957999089961,0.06559418880332504,0.6131037306170192,-120.15665095582054,4492,19.77810104548785,98.97260273972603,6132,2001-10-08,2026-08-31,False,False,False,True,1
full,krw_usd|dev|w120,krw_usd,dev,120,day,1,1,0.10093044061199681,0.03669000418646001,0.08490255260201825,0.11527494719037049,0.00980147365903207,0.46153846153846156,-2.12814497254114,26,0.1921638467298709,0.06542122252992778,0.6131660336066368,-40.04974074261345,2130,19.77488986405253,98.97277025925322,6133,2001-10-05,2026-08-31,False,False,False,True,1
full,krw_usd|dev|w252,krw_usd,dev,252,c2c,2,1,0.2063790007437343,-0.18617452079986047,0.09058210178538693,0.10994119253835176,0.1387968887212398,0.56,-1.8492112332830273,25,0.2594399602523064,0.07851524076326108,0.6672427826522546,-113.34136767079616,4493,16.682349200044026,99.5878667985493,6066,2002-01-10,2026-08-31,False,False,False,True,1
full,krw_usd|dev|w252,krw_usd,dev,252,o2o,2,1,0.13803695392165236,-0.18579184667184212,0.04820499662901015,0.06703469976289193,0.06683048756819752,0.48,-2.1920917041928134,25,0.26567295134846775,0.07851524076326108,0.6672427826522546,-114.00340524978603,4492,16.682349200044026,99.5878667985493,6066,2002-01-10,2026-08-31,False,False,False,True,1
full,krw_usd|dev|w252,krw_usd,dev,252,day,1,1,0.23918427664783332,-0.09221103633006418,0.15649307149664113,0.18196094387272613,0.11717592207708519,0.48,-1.8651451345928147,25,0.23826704421306372,0.07833873388810476,0.6672963691345617,-40.043668781970496,2060,16.679599709778323,99.58793472886104,6067,2002-01-09,2026-08-31,False,False,False,True,1
full,cny_usd|selfz|w60,cny_usd,selfz,60,c2c,2,1,0.08696960549337071,-0.22969506646799456,0.0012184819926888675,0.054573901945042205,-0.053618088743950736,0.46153846153846156,-1.9311538185301074,26,0.09225415815419163,-0.02425365974879236,0.5635124066340357,-56.89422275159014,6078,35.56061637631023,99.31840311587146,6162,2001-08-21,2026-08-31,False,False,True,True,2
full,cny_usd|selfz|w60,cny_usd,selfz,60,o2o,2,-1,0.08036097821009124,0.29131036185518516,0.13002136264752226,0.1806794546673156,0.17072972388244886,0.6153846153846154,-1.5535242432379497,26,-0.10354018775233977,0.02425365974879236,0.5635124066340357,-50.85905151184495,4380,35.56061637631023,99.31840311587146,6162,2001-08-21,2026-08-31,False,False,True,True,2
full,cny_usd|selfz|w60,cny_usd,selfz,60,day,1,1,-0.0425584155581481,0.10564652109456878,-0.008693808044493913,0.05908654979854568,-0.06531194321903858,0.46153846153846156,-2.9318928812180527,26,0.10005293271697396,-0.024274887625007964,0.5634461351192266,-60.552525772497454,5478,35.571584758986205,99.3185137108551,6163,2001-08-20,2026-08-31,False,False,True,True,2
full,cny_usd|selfz|w120,cny_usd,selfz,120,c2c,2,1,0.042418915142743714,-0.5060650190697792,-0.10953933554613692,-0.06912893010670819,-0.04051119714607243,0.46153846153846156,-2.0954084849538006,26,0.13481801192598014,-0.00685762581273181,0.5639674642567487,-89.19091736402345,2094,26.385703186909062,99.22988694084877,6103,2001-10-08,2026-08-31,False,False,True,True,2
full,cny_usd|selfz|w120,cny_usd,selfz,120,o2o,2,-1,0.09553270897260188,0.44642204262005686,0.18429724060882263,0.22306113054667462,0.10789793723121072,0.5384615384615384,-2.4172900300628037,26,-0.15621489233609598,0.00685762581273181,0.5639674642567487,-87.99079516086937,4380,26.385703186909062,99.22988694084877,6103,2001-10-08,2026-08-31,False,False,False,True,1
full,cny_usd|selfz|w120,cny_usd,selfz,120,day,1,1,0.020198518694756924,-0.22222640826715154,-0.03642299835572091,0.015612305518455502,-0.01958199972961484,0.4230769230769231,-2.335965552557715,26,0.1258856862410083,-0.00680746592697654,0.5639241075812214,-60.83310457369453,3521,26.394126516167567,99.2300131061599,6104,2001-10-05,2026-08-31,False,False,True,True,2
full,cny_usd|selfz|w252,cny_usd,selfz,252,c2c,2,1,0.01004117306312773,-0.8163428873556606,-0.22249359825731357,-0.1926895257563457,-0.11806258568133257,0.44,-2.543511928640325,25,0.13972096611644644,-0.01330668630931013,0.5794425056669477,-120.74775576771661,1511,20.534296541114816,99.34058687767886,6066,2002-01-10,2026-08-31,False,False,True,True,2
full,cny_usd|selfz|w252,cny_usd,selfz,252,o2o,2,-1,0.04644600845050403,0.8399358210222396,0.25245120735719573,0.2813964449741942,0.1463086924565523,0.6,-2.5187908140350697,25,-0.1758589956648203,0.01330668630931013,0.5794425056669477,-114.3307738583454,4312,20.534296541114816,99.34058687767886,6066,2002-01-10,2026-08-31,False,False,False,True,1
full,cny_usd|selfz|w252,cny_usd,selfz,252,day,1,1,0.03585986882006809,-0.41636630726696416,-0.06987080174349634,-0.030478528398874032,-0.058070716266396545,0.4,-1.5624683642297397,25,0.15537273509161142,-0.01321520923145921,0.5794362822021949,-52.4059229319396,1732,20.53473255363194,99.34069556617769,6067,2002-01-09,2026-08-31,False,False,False,True,1
full,cny_usd|robustz|w60,cny_usd,robustz,60,c2c,2,-1,-0.04827863789613076,0.019160817131643058,-0.02922777187400464,0.017362902772743695,0.14112833571966288,0.5384615384615384,-1.6013989360925116,26,-0.08001817912902852,0.011887511974667276,0.48311694687983636,-45.9024736355968,5943,27.710116934528482,99.14615770969361,5973,2001-10-05,2026-08-31,False,False,True,True,2
full,cny_usd|robustz|w60,cny_usd,robustz,60,o2o,2,-1,0.12494256495334005,0.02489263263978143,0.09864532624725651,0.14377212944596218,0.2428068461401514,0.5769230769230769,-1.575001798380557,26,-0.08831021761188806,0.011887511974667276,0.48311694687983636,-47.450919552888564,2282,27.710116934528482,99.14615770969361,5973,2001-10-05,2026-08-31,False,False,True,True,2
full,cny_usd|robustz|w60,cny_usd,robustz,60,day,1,-1,-0.0398556160140146,-0.28654456818286184,-0.09699090979876882,-0.03805334641882626,0.01363364618115399,0.5384615384615384,-1.8002319465070875,26,-0.07558882786124432,0.0119657302942804,0.4831162851467369,-62.574489449992555,4406,27.714880787815105,99.14630063608972,5974,2001-10-04,2026-08-31,False,False,True,True,2
full,cny_usd|robustz|w120,cny_usd,robustz,120,c2c,2,-1,0.210660405201048,0.29278387087557906,0.23434904827077757,0.26548931024232386,0.23024308215306916,0.6,-2.2577047226021745,25,-0.1376481849955101,-0.008404936371986575,0.548653697239819,-62.4518519756457,3140,19.966989133197345,99.00740242261104,5944,2001-12-31,2026-08-31,False,False,True,True,2
full,cny_usd|robustz|w120,cny_usd,robustz,120,o2o,2,-1,0.3489087317638414,0.23937321853172477,0.3176763677828936,0.34761517035520134,0.29152618593042867,0.6,-2.16240439699807,25,-0.15957006912546068,-0.008404936371986575,0.548653697239819,-59.89328189232488,3263,19.966989133197345,99.00740242261104,5944,2001-12-31,2026-08-31,False,False,False,True,1
full,cny_usd|robustz|w120,cny_usd,robustz,120,day,1,-1,0.050694987746463964,0.13286274597830589,0.07105278590323211,0.11236528386881073,0.10578113287938663,0.64,-2.0034274507536707,25,-0.13571781679839795,-0.008521197912423726,0.54867908430408,-66.67215800049851,4381,19.965131194489746,99.00756938603868,5945,2001-12-28,2026-08-31,False,False,True,True,2
full,cny_usd|robustz|w252,cny_usd,robustz,252,c2c,2,1,0.028354883420895642,-0.8182417433381285,-0.22964742184624184,-0.20838791534909026,-0.22861994811383587,0.48,-2.282326311028509,25,0.16339984292365606,-0.00575187611827094,0.6408469289394797,-136.44414704801355,2395,14.976709955488783,99.3940414071705,5941,2002-07-18,2026-08-31,False,False,False,True,1
full,cny_usd|robustz|w252,cny_usd,robustz,252,o2o,2,-1,0.05039154312557041,0.8008690725243455,0.2621346083779218,0.28264779538884377,0.26182620070385915,0.56,-2.335517762916103,25,-0.19699022090524815,0.00575187611827094,0.6408469289394797,-69.41929165727784,3822,14.976709955488783,99.3940414071705,5941,2002-07-18,2026-08-31,False,False,False,True,1
full,cny_usd|robustz|w252,cny_usd,robustz,252,day,1,1,0.0806529418965274,-0.28215719116484267,-0.012846828902736555,0.015383438730490716,-0.11325753132890506,0.52,-1.7892825276291113,25,0.17958142114203232,-0.005607514608576009,0.6408824720706727,-47.25529057548067,2698,14.974702066100713,99.39414338606531,5942,2002-07-17,2026-08-31,False,False,False,True,1
full,cny_usd|bdtanh|w60,cny_usd,bdtanh,60,c2c,2,1,0.0481915397831151,-0.2867604257839601,-0.044663091188164104,0.0033921392576177684,-0.09052236137400374,0.46153846153846156,-2.636176911708328,26,0.051605987801210874,-0.05436036602961194,0.616987651334593,-70.52000686488991,6078,32.14910769264193,99.7078870496592,6162,2001-08-21,2026-08-31,False,False,True,True,2
full,cny_usd|bdtanh|w60,cny_usd,bdtanh,60,o2o,2,-1,0.09404373152138906,0.3439560519560682,0.15593728573580742,0.20170029393293054,0.19337887575086085,0.6153846153846154,-1.902092122069951,26,-0.06340402105375553,0.05436036602961194,0.616987651334593,-55.81881815643889,4380,32.14910769264193,99.7078870496592,6162,2001-08-21,2026-08-31,False,False,True,True,2
full,cny_usd|bdtanh|w60,cny_usd,bdtanh,60,day,1,1,-0.007849358369878113,0.12358504124678013,0.02198161476885218,0.08258298308244781,-0.0561002072886166,0.34615384615384615,-2.315022106664343,26,0.06981770720736795,-0.054418085484779236,0.6169540796514664,-55.80964329080197,4516,32.14875669566156,99.70793444750933,6163,2001-08-20,2026-08-31,False,False,True,True,2
full,cny_usd|bdtanh|w120,cny_usd,bdtanh,120,c2c,2,1,-0.010655819586410532,-0.6013107337496791,-0.1712215333547472,-0.13268955763648668,-0.0834693705027173,0.38461538461538464,-1.8757611414312423,26,0.10390785155853663,-0.04498037646783533,0.6290586063687933,-104.67758895043244,4482,25.45484312211962,99.62313616254302,6103,2001-10-08,2026-08-31,False,False,True,True,2
full,cny_usd|bdtanh|w120,cny_usd,bdtanh,120,o2o,2,-1,0.16738801186381722,0.5383883758899239,0.25955062727486383,0.2964086425007655,0.17446099363212134,0.6538461538461539,-2.430709562018286,26,-0.12376005320199339,0.04498037646783533,0.6290586063687933,-89.83865498909269,4349,25.45484312211962,99.62313616254302,6103,2001-10-08,2026-08-31,False,True,True,True,3
full,cny_usd|bdtanh|w120,cny_usd,bdtanh,120,day,1,1,-0.0018424451117389534,-0.20009587697062362,-0.04705892054667522,0.0020868461959735215,-0.035394739779412765,0.4230769230769231,-2.427236668040877,26,0.09838603458938426,-0.04498039286336765,0.6289629349809212,-69.60378379950073,3539,25.463088704588962,99.62319790301441,6104,2001-10-05,2026-08-31,False,False,True,True,2
full,cny_usd|bdtanh|w252,cny_usd,bdtanh,252,c2c,2,-1,0.024476124409506635,0.6886894962387924,0.20826971944800585,0.24018870557510852,0.0798212198607016,0.56,-2.5522992716967785,25,-0.12285322165619178,0.035664606683628856,0.6260223148643087,-134.9648824572332,4381,22.258103236068496,99.39004286185296,6066,2002-01-10,2026-08-31,False,False,True,True,2
full,cny_usd|bdtanh|w252,cny_usd,bdtanh,252,o2o,2,-1,0.16042849920527671,0.6939763820935466,0.29696129473604166,0.3278398183138779,0.16087481482611268,0.64,-2.3819630034576864,25,-0.15978917541748966,0.035664606683628856,0.6260223148643087,-129.51620993048368,4380,22.258103236068496,99.39004286185296,6066,2002-01-10,2026-08-31,False,False,False,True,1
full,cny_usd|bdtanh|w252,cny_usd,bdtanh,252,day,1,-1,-0.019331149657599044,0.12653388226324225,0.014262791571321983,0.055820460790746575,-0.02900392679079262,0.52,-2.117368031432938,25,-0.14075312196665102,0.035637809824904,0.6259400484427389,-93.65140923591454,4381,22.259070173913933,99.39014339871436,6067,2002-01-09,2026-08-31,False,False,True,True,2
full,cny_usd|rankc|w60,cny_usd,rankc,60,c2c,2,1,0.07559966074027623,-0.24966277414534166,-0.014310175836105079,0.04467070232730745,-0.04427114229044299,0.5384615384615384,-2.278432683196831,26,0.07410909085950461,-0.03604787504257219,0.6309251695483197,-60.434462375805964,5123,41.52302887855156,99.49691658552418,6162,2001-08-21,2026-08-31,False,False,True,True,2
full,cny_usd|rankc|w60,cny_usd,rankc,60,o2o,2,-1,0.08480205165286948,0.38596802250974743,0.16015954776271124,0.2172199860625387,0.18352243174529262,0.5384615384615384,-1.717894842740112,26,-0.08311040481667155,0.03604787504257219,0.6309251695483197,-49.45588015895394,4355,41.52302887855156,99.49691658552418,6162,2001-08-21,2026-08-31,False,False,True,True,2
full,cny_usd|rankc|w60,cny_usd,rankc,60,day,1,1,-0.05097245517863193,-0.012580894610613253,-0.041593570219397205,0.033664724286804046,-0.1112344422467731,0.4230769230769231,-2.6160481738841295,26,0.09616980087641316,-0.036055507041876725,0.6308362775666888,-55.5694269112678,5982,41.53868371641832,99.49699821515495,6163,2001-08-20,2026-08-31,False,False,True,True,2
full,cny_usd|rankc|w120,cny_usd,rankc,120,c2c,2,1,0.005007369977423658,-0.5075344765096422,-0.13425041870085125,-0.08281542596464854,-0.1221756049142888,0.4230769230769231,-2.4079036229894952,26,0.08902703277662871,-0.04387223631412361,0.621862772682389,-88.53365426138285,4511,34.96172779809391,99.49445531637312,6132,2001-10-08,2026-08-31,False,False,True,True,2
full,cny_usd|rankc|w120,cny_usd,rankc,120,o2o,2,-1,0.07211040026724752,0.5840551590041274,0.20160260734802743,0.2511144283861995,0.19328623485884433,0.7307692307692307,-2.445544509215084,26,-0.10402117769766442,0.04387223631412361,0.621862772682389,-77.86696952022459,4292,34.96172779809391,99.49445531637312,6132,2001-10-08,2026-08-31,False,True,True,True,3
full,cny_usd|rankc|w120,cny_usd,rankc,120,day,1,1,0.0387645998639639,-0.1873317062288726,-0.014072419700878627,0.05157567287488039,-0.07126770564151973,0.38461538461538464,-2.5658178888503533,26,0.09815142038698085,-0.043878774170642884,0.6217750678295705,-46.901247567067315,1777,34.97843671957979,99.49453774661666,6133,2001-10-05,2026-08-31,False,False,True,True,2
full,cny_usd|rankc|w252,cny_usd,rankc,252,c2c,2,1,-0.05864538859591426,-0.7570887637112043,-0.2643897826640666,-0.21731400367040044,-0.18757011744699856,0.4,-2.793040127532065,25,0.07437248182704603,-0.059003156393632794,0.6231862097218874,-124.71048071846083,3661,32.04204315707894,99.45598417408506,6066,2002-01-10,2026-08-31,False,False,True,True,2
full,cny_usd|rankc|w252,cny_usd,rankc,252,o2o,2,-1,0.13946181384693376,0.8093433536473975,0.32253170380585683,0.36809105541361603,0.24976359226508862,0.64,-2.4049775648696676,25,-0.0942937789140337,0.059003156393632794,0.6231862097218874,-93.55874206062184,4223,32.04204315707894,99.45598417408506,6066,2002-01-10,2026-08-31,False,False,True,True,2
full,cny_usd|rankc|w252,cny_usd,rankc,252,day,1,1,-0.06896900719294499,-0.23404393482111677,-0.10855166293676737,-0.04721279787551843,-0.14368118847237718,0.36,-2.0914926855718243,25,0.1010149711198705,-0.059052610134529705,0.6231426713656476,-58.73097224875951,4517,32.046312495387234,99.45607384209659,6067,2002-01-09,2026-08-31,False,False,True,True,2
full,cny_usd|signth|w60,cny_usd,signth,60,c2c,2,1,0.07596685194578108,-0.3978844716637106,-0.058269892460136835,-0.01627997478423676,-0.09621291655122079,0.5384615384615384,-1.6084161040866656,26,0.02639237099377336,-0.06417584358137167,0.6028702801289314,-62.226109697847875,6078,26.694428342373467,99.87078016475529,6191,2001-07-10,2026-08-31,False,False,True,True,2
full,cny_usd|signth|w60,cny_usd,signth,60,o2o,2,-1,0.18690817904604629,0.298810626224355,0.21453491872896116,0.25427912898659233,0.21865599314954698,0.6153846153846154,-1.7334522205192617,26,-0.03382291519003521,0.06417584358137167,0.6028702801289314,-42.764421310472706,3419,26.694428342373467,99.87078016475529,6191,2001-07-10,2026-08-31,False,False,True,True,2
full,cny_usd|signth|w60,cny_usd,signth,60,day,1,1,-0.017149030156256757,0.23494281786468546,0.04201139565054136,0.09486121252385724,-0.05054937662808765,0.38461538461538464,-1.883640911324417,26,0.03983449093390743,-0.06421284510557872,0.6028202831976236,-50.20863052550509,5973,26.690402335505958,99.87080103359173,6192,2001-07-09,2026-08-31,False,False,True,True,2
full,cny_usd|signth|w120,cny_usd,signth,120,c2c,2,1,0.2621947900648163,-0.5624250322781373,-0.002415925730993422,0.03372878243960217,-0.05139224844065291,0.4230769230769231,-2.514265083343602,26,0.00656382876456671,-0.05116988515137543,0.5826703580852222,-82.98639869364192,1492,19.91060977623385,98.37595024187975,5788,2001-09-20,2026-08-18,False,False,True,True,2
full,cny_usd|signth|w120,cny_usd,signth,120,o2o,2,1,0.21466259654055625,-0.35518049526700296,0.043023541476450496,0.07775041206346112,-0.019815543965049722,0.4230769230769231,-2.5853629677762644,26,0.023003890113266,-0.05116988515137543,0.5826703580852222,-76.06362181725387,1520,19.91060977623385,98.37595024187975,5788,2001-09-20,2026-08-18,False,False,True,True,2
full,cny_usd|signth|w120,cny_usd,signth,120,day,1,1,0.34558245798428183,0.12315490258739965,0.2844238167593722,0.32978571749874896,0.18734795391243006,0.5384615384615384,-1.356991691004643,26,0.032423827049842514,-0.05116988515137543,0.5826703580852222,-31.30734922398084,1433,19.91060977623385,98.37595024187975,5788,2001-09-19,2026-08-17,False,False,True,True,2
full,cny_usd|signth|w252,cny_usd,signth,252,c2c,2,-1,0.008456306148817122,0.6208579931324434,0.26362172262989836,0.29801861588297235,0.1816153175839791,0.5416666666666666,-1.8013685409060158,24,0.029727609805345563,0.0699007395971177,0.5660343340920235,-77.12954380954,3385,20.17202292028446,99.45299837925445,4936,2001-10-15,2026-08-31,False,False,True,True,2
full,cny_usd|signth|w252,cny_usd,signth,252,o2o,2,-1,0.04205668159422646,0.5356259600381612,0.24002420123394494,0.27446325235884816,0.1419950998100508,0.625,-1.9265441171784752,24,0.04562418532772965,0.0699007395971177,0.5660343340920235,-69.23800681327992,3482,20.17202292028446,99.45299837925445,4936,2001-10-15,2026-08-31,False,False,True,True,2
full,cny_usd|signth|w252,cny_usd,signth,252,day,1,1,0.001280995849673061,0.13128999833373262,0.04687382435116939,0.09306719155340021,0.07925880263679128,0.4166666666666667,-1.2484739163161909,24,-0.03776982504437335,-0.06991515069428755,0.5659482522593788,-31.5112926049519,2013,20.16862944649402,99.45310917561272,4937,2001-10-12,2026-08-31,False,False,True,True,2
full,cny_usd|dev|w60,cny_usd,dev,60,c2c,2,1,0.17089177741482456,-0.5755152521004306,-0.03351104303743026,0.00476110912942481,0.03922930036761615,0.46153846153846156,-1.8629822538686067,26,0.09396743469554114,-0.02160584064692574,0.5332531407928798,-81.42497491748973,2425,25.01907137312404,98.91269068484259,6162,2001-08-21,2026-08-31,False,False,True,True,2
full,cny_usd|dev|w60,cny_usd,dev,60,o2o,2,1,0.003982850457523158,-0.5982724814221304,-0.14708080398900567,-0.11039189673267658,-0.08075239195315895,0.46153846153846156,-2.1401944383737685,26,0.11747833541055953,-0.02160584064692574,0.5332531407928798,-95.06289538361324,6087,25.01907137312404,98.91269068484259,6162,2001-08-21,2026-08-31,False,False,True,True,2
full,cny_usd|dev|w60,cny_usd,dev,60,day,1,1,0.1328730641052115,-0.24572170483781874,0.0442276049662321,0.09377862957619051,0.030371654738463164,0.46153846153846156,-1.9836495571976291,26,0.09756994902320151,-0.02153927475766739,0.5332296760182668,-46.54502498621682,2468,25.023913011923106,98.91286711017362,6163,2001-08-20,2026-08-31,False,False,True,True,2
full,cny_usd|dev|w120,cny_usd,dev,120,c2c,2,1,0.19005897831247007,-0.9005356486527205,-0.11340113156529347,-0.08468217438157334,-0.06002973265911491,0.46153846153846156,-2.469651904085186,26,0.0964800201710574,-0.029509174142050985,0.5944260845065747,-120.72357003607704,1511,19.307054213064777,99.51076320939335,6132,2001-10-08,2026-08-31,False,False,True,True,2
full,cny_usd|dev|w120,cny_usd,dev,120,o2o,2,1,0.0744564887492306,-0.9198163014627995,-0.18454158563714607,-0.15681052953316604,-0.13056399788875833,0.46153846153846156,-2.541094870957573,26,0.12716617842761294,-0.029509174142050985,0.5944260845065747,-122.33769397689163,3190,19.307054213064777,99.51076320939335,6132,2001-10-08,2026-08-31,False,False,True,True,2
full,cny_usd|dev|w120,cny_usd,dev,120,day,1,1,0.17955508466647843,-0.45965841984489697,0.030270624756354256,0.0677831128946027,0.01561626688394444,0.5,-1.7169630893210066,26,0.09853921167070301,-0.029410357957248813,0.5944231665875699,-51.59436331333197,1439,19.309579660663857,99.51084298059676,6133,2001-10-05,2026-08-31,False,False,True,True,2
full,cny_usd|dev|w252,cny_usd,dev,252,c2c,2,1,0.2101443207311881,-0.982801617479446,-0.1518516054615105,-0.1303248696609323,-0.15656458831856795,0.4,-2.489282803554233,25,0.01292010321393711,-0.07832055992540986,0.6501354102658268,-144.43034278606527,1555,15.197627716955573,99.45598417408506,6066,2002-01-10,2026-08-31,False,False,True,True,2
full,cny_usd|dev|w252,cny_usd,dev,252,o2o,2,1,0.10783252172160121,-1.001745279563271,-0.20886940292478237,-0.1878842155697995,-0.20321220355821226,0.32,-2.4725187576125123,25,0.046968313273631435,-0.07832055992540986,0.6501354102658268,-147.80525441410202,1807,15.197627716955573,99.45598417408506,6066,2002-01-10,2026-08-31,False,False,True,True,2
full,cny_usd|dev|w252,cny_usd,dev,252,day,1,1,0.14836186976347004,-0.38050589137656127,0.014354169487355054,0.042688080557510694,-0.07890557391340114,0.4,-1.4387692329495056,25,0.04190542416864531,-0.07836377322125897,0.6500843735451372,-51.922856561402284,1688,15.199311184973418,99.45607384209659,6067,2002-01-09,2026-08-31,False,False,True,True,2
full,wti|selfz|w60,wti,selfz,60,c2c,2,-1,-0.03198463377754442,-0.0665728405647878,-0.04189570215043324,-5.8959697814547915e-05,0.047330422183069126,0.5,-1.4661399899094698,26,0.07917877141569167,-0.02554148915465751,0.6030291169208617,-124.09266138299233,4431,32.08327516505741,99.43200259655956,6162,2001-08-21,2026-08-31,False,False,True,True,2
full,wti|selfz|w60,wti,selfz,60,o2o,2,-1,-0.027707728041627397,-0.1883897833819343,-0.07039531853623633,-0.030750797494155057,0.004614415373296817,0.38461538461538464,-1.168282813828456,26,0.12318593683176006,-0.02554148915465751,0.6030291169208617,-117.21568409246603,4854,32.08327516505741,99.43200259655956,6162,2001-08-21,2026-08-31,False,False,True,True,2
full,wti|selfz|w60,wti,selfz,60,day,1,-1,0.03553036888146341,-0.1958280823106491,-0.02017429092708771,0.033190622162122076,-0.05450870501703693,0.38461538461538464,-1.4168543371687023,26,0.08968994568382782,-0.02557594646682065,0.6029698718757692,-50.63554353641238,5753,32.079174399041506,99.43209475904592,6163,2001-08-20,2026-08-31,False,False,True,True,2
full,wti|selfz|w120,wti,selfz,120,c2c,2,-1,0.07099332575881194,-0.030995437267419844,0.04118352401287469,0.0715748103743584,0.18632234902550945,0.5769230769230769,-1.5140312771246751,26,0.05135164139896203,-0.03099723685785779,0.6168288840542989,-93.60996804683784,4431,24.226969357080137,99.36399217221134,6132,2001-10-08,2026-08-31,False,False,True,True,2
full,wti|selfz|w120,wti,selfz,120,o2o,2,-1,0.11725211844535555,-0.11748760937379306,0.05383234345621757,0.08281050976894117,0.20130556187120843,0.5384615384615384,-1.5641452684365347,26,0.10126866905547965,-0.03099723685785779,0.6168288840542989,-86.93358868657893,4430,24.226969357080137,99.36399217221134,6132,2001-10-08,2026-08-31,False,False,True,True,2
full,wti|selfz|w120,wti,selfz,120,day,1,-1,0.265538049903191,-0.03497359846412192,0.1905944473090359,0.23011566586719612,0.25852757526999626,0.5769230769230769,-1.2772489106588287,26,0.042359856245599,-0.0309185554586566,0.6168019358887012,-33.40434686524468,1439,24.223168621871547,99.3640958747758,6133,2001-10-05,2026-08-31,False,False,True,True,2
full,wti|selfz|w252,wti,selfz,252,c2c,2,-1,0.20497620605064967,-0.09762155513753445,0.1169431781282083,0.13920942555340748,0.23779685510686926,0.56,-1.8927256996886095,25,-0.014730036896320695,-0.04866435434790753,0.6513739449154189,-59.12778104520544,4431,19.06611285767553,99.47246950214308,6066,2002-01-10,2026-08-31,False,False,True,True,2
full,wti|selfz|w252,wti,selfz,252,o2o,2,-1,0.22693927247899956,-0.16429311459690318,0.12020388704581784,0.1415860096448563,0.24863234789204164,0.52,-1.8988858367464228,25,0.04440963880344757,-0.04866435434790753,0.6513739449154189,-56.59629664837516,4430,19.06611285767553,99.47246950214308,6066,2002-01-10,2026-08-31,False,False,True,True,2
full,wti|selfz|w252,wti,selfz,252,day,1,-1,0.3374914837253566,0.0547872437934677,0.26630864778806834,0.29529679720922014,0.3872290798079054,0.68,-1.2597614448154817,25,-0.042282297016887946,-0.04867346303740762,0.6512837113285769,-25.523513263500032,1266,19.063190563248863,99.47255645294216,6067,2002-01-09,2026-08-31,False,True,True,True,3
full,wti|robustz|w60,wti,robustz,60,c2c,2,1,0.16368246584976995,0.02469783937253134,0.12236917949757226,0.16071154065574206,0.03987622901472149,0.4230769230769231,-2.5529522160087303,26,-0.08706553181989451,0.015252530987251723,0.5552656881986825,-50.175322747068016,1608,28.25032897920066,99.02168596119354,6133,2001-10-05,2026-08-31,False,False,True,True,2
full,wti|robustz|w60,wti,robustz,60,o2o,2,1,0.11233621769138682,0.12856587704536596,0.11656409198997107,0.15327719553172375,0.02689990179383135,0.5769230769230769,-2.4643353412992277,26,-0.1271060202377913,0.015252530987251723,0.5552656881986825,-50.11997324089468,1618,28.25032897920066,99.02168596119354,6133,2001-10-05,2026-08-31,False,False,True,True,2
full,wti|robustz|w60,wti,robustz,60,day,1,-1,-0.042847586765564646,-0.24164679410745166,-0.09192094569586268,-0.04187917061018657,-0.12460047623644226,0.38461538461538464,-1.4805427745060047,26,0.08095425264611981,-0.015220891173989271,0.5552043188467695,-55.82050353795799,6112,28.245765556506687,99.02184545158134,6134,2001-10-04,2026-08-31,False,False,True,True,2
full,wti|robustz|w120,wti,robustz,120,c2c,2,-1,0.010371860502887735,0.012314591756606678,0.010957168734842804,0.038868883515698144,0.08003702872317757,0.48,-1.779115732469831,25,0.05717305602130358,-0.024298216716484012,0.6029615713247009,-77.62531046154537,4431,21.826541913469963,99.39074592458422,6073,2001-12-31,2026-08-31,False,False,True,True,2
full,wti|robustz|w120,wti,robustz,120,o2o,2,-1,0.03654609433847729,-0.03949585246053325,0.015301508505784708,0.04209426353428709,0.09661676660360764,0.52,-1.7693770439499883,25,0.10471603600641584,-0.024298216716484012,0.6029615713247009,-73.28313437652169,4430,21.826541913469963,99.39074592458422,6073,2001-12-31,2026-08-31,False,False,True,True,2
full,wti|robustz|w120,wti,robustz,120,day,1,-1,0.16549837358544436,-0.03901618125304488,0.11334401332883501,0.15009240445810618,0.14536798708763796,0.6,-1.145086694502062,25,0.040699347957738614,-0.024232856060486325,0.6029236623415742,-27.499064161545984,1234,21.82302152528169,99.39084622983208,6074,2001-12-28,2026-08-31,False,False,True,True,2
full,wti|robustz|w252,wti,robustz,252,c2c,2,-1,0.11921535637029346,-0.06325516701324259,0.06339475197995871,0.084351313043905,0.21697376909679222,0.56,-2.0442193428376476,25,0.041253799110720024,-0.007190429293708449,0.6626453121099171,-63.0343701167825,4493,17.62422456606333,99.54553105537788,5941,2002-07-18,2026-08-31,False,False,True,True,2
full,wti|robustz|w252,wti,robustz,252,o2o,2,-1,0.1477726267919955,-0.14600656530188752,0.06304139769816897,0.08332765677647541,0.20835160626246554,0.56,-2.037479888789941,25,0.10048323584397191,-0.007190429293708449,0.6626453121099171,-62.785667721155214,4492,17.62422456606333,99.54553105537788,5941,2002-07-18,2026-08-31,False,False,True,True,2
full,wti|robustz|w252,wti,robustz,252,day,1,-1,0.27577941418802665,0.18177593785261317,0.24980955685003944,0.277734177350685,0.3575207099933556,0.6,-1.2734919995544083,25,0.04246829367410685,-0.007222975717295615,0.6625675497346459,-36.64850417406378,2232,17.62214761343541,99.54560753954897,5942,2002-07-17,2026-08-31,False,False,True,True,2
full,wti|bdtanh|w60,wti,bdtanh,60,c2c,2,-1,-0.022669981903353214,-0.007961274235422273,-0.018464735145442862,0.018367055565783226,0.07824385422220696,0.5,-1.5899892107773896,26,0.07042486920583114,-0.03613907363896026,0.6619090848424278,-125.87663430497442,4431,29.617708595404018,99.59428756897111,6162,2001-08-21,2026-08-31,False,False,True,True,2
full,wti|bdtanh|w60,wti,bdtanh,60,o2o,2,-1,-0.02228509933007695,-0.12462966042788702,-0.049317128666110044,-0.01446413499828979,0.042062937154286245,0.5,-1.3380997471028302,26,0.11004437943601171,-0.03613907363896026,0.6619090848424278,-117.93848764987085,4430,29.617708595404018,99.59428756897111,6162,2001-08-21,2026-08-31,False,False,True,True,2
full,wti|bdtanh|w60,wti,bdtanh,60,day,1,-1,0.06808189104466057,-0.1530891949664074,0.015114415235827941,0.061925468956102916,0.0013542373784143865,0.4230769230769231,-1.4524157715948456,26,0.0771024549287922,-0.03621011330802391,0.6618785879203504,-53.06656854549689,4287,29.614681767551406,99.5943533993185,6163,2001-08-20,2026-08-31,False,False,True,True,2
full,wti|bdtanh|w120,wti,bdtanh,120,c2c,2,-1,0.08022097068762114,0.06543430009947024,0.0758835134460738,0.10158812146622431,0.22014718851022744,0.5384615384615384,-1.614520917405291,26,0.026609202954060978,-0.047523767036522814,0.6634476238030476,-91.87392309714527,4431,21.32605246340748,99.65753424657534,6132,2001-10-08,2026-08-31,False,False,True,True,2
full,wti|bdtanh|w120,wti,bdtanh,120,o2o,2,-1,0.11972813464425659,-0.015561838912739842,0.08266542192662002,0.10717321239153425,0.22567682921654425,0.5384615384615384,-1.6217642556677756,26,0.08110899702609825,-0.047523767036522814,0.6634476238030476,-86.41089802001622,4430,21.32605246340748,99.65753424657534,6132,2001-10-08,2026-08-31,False,False,True,True,2
full,wti|bdtanh|w120,wti,bdtanh,120,day,1,-1,0.3030130877535369,0.06282640196928282,0.24235282052374535,0.2757420904395446,0.2962293594462538,0.5769230769230769,-1.4124804148123418,26,0.02335791257592123,-0.04742369078326793,0.6634317745074945,-32.741349057901616,1623,21.322776790275004,99.65759008641774,6133,2001-10-05,2026-08-31,False,False,True,True,2
full,wti|bdtanh|w252,wti,bdtanh,252,c2c,2,-1,0.13488078682982466,-0.004333214395614137,0.09378830303819399,0.11463033726780644,0.20141654220805835,0.52,-1.788190605507701,25,-0.031154984114353104,-0.06204495861347846,0.6663780844962232,-54.689015019264865,4293,17.62875042221396,99.48895483020112,6066,2002-01-10,2026-08-31,False,False,True,True,2
full,wti|bdtanh|w252,wti,bdtanh,252,o2o,2,-1,0.16146296264990917,-0.049498082460621255,0.10297728602129129,0.12300151013835522,0.22047986482004087,0.52,-1.7758184627486542,25,0.03112335316836993,-0.06204495861347846,0.6663780844962232,-57.34080764498216,4067,17.62875042221396,99.48895483020112,6066,2002-01-10,2026-08-31,False,False,True,True,2
full,wti|bdtanh|w252,wti,bdtanh,252,day,1,-1,0.28082918336269524,0.21602468802258346,0.2626326898259817,0.28989158940172716,0.36440586032159084,0.68,-1.2781534646435608,25,-0.06245469674991888,-0.06212449652290853,0.6663580125283031,-26.3582264045617,1588,17.626129145442967,99.4890390637877,6067,2002-01-09,2026-08-31,False,True,True,True,3
full,wti|rankc|w60,wti,rankc,60,c2c,2,-1,0.02984665118524288,-0.046469380492623065,0.00802930808247275,0.0528708368270042,0.07585942456718113,0.4230769230769231,-1.4907603522338533,26,0.08093464151610885,-0.02919366770391481,0.6468702651262285,-123.10366577722914,4431,35.138568459511305,99.67543005517689,6162,2001-08-21,2026-08-31,False,False,True,True,2
full,wti|rankc|w60,wti,rankc,60,o2o,2,-1,-0.012214263040924322,-0.14934025182172259,-0.04867168282840961,-0.006302778691206637,0.003808738567671537,0.38461538461538464,-1.2589908049178498,26,0.11528988846280579,-0.02919366770391481,0.6468702651262285,-122.5216280129923,4430,35.138568459511305,99.67543005517689,6162,2001-08-21,2026-08-31,False,False,True,True,2
full,wti|rankc|w60,wti,rankc,60,day,1,-1,0.03261822790982881,-0.14662556753462536,-0.010238867663634297,0.04670760585709436,-0.049107199939854046,0.38461538461538464,-1.4531229124474816,26,0.0869228419054335,-0.029244086888414823,0.6468204609459026,-57.40479790605324,5753,35.13446571386665,99.6754827194548,6163,2001-08-20,2026-08-31,False,False,True,True,2
full,wti|rankc|w120,wti,rankc,120,c2c,2,-1,0.04961184907804467,0.07099248880360919,0.055882547433331126,0.08763871433041907,0.18248495989689498,0.5384615384615384,-1.6641815457538551,26,0.04125414258171585,-0.03990942224557657,0.6511092103960625,-103.08299531959446,4431,25.85603999736116,99.49445531637312,6132,2001-10-08,2026-08-31,False,False,True,True,2
full,wti|rankc|w120,wti,rankc,120,o2o,2,-1,0.06471440791249275,0.0013132915525559876,0.04733840400263252,0.07755183030222246,0.170289105276691,0.5,-1.5528928054295101,26,0.08956626789715322,-0.03990942224557657,0.6511092103960625,-102.04959933333217,4774,25.85603999736116,99.49445531637312,6132,2001-10-08,2026-08-31,False,False,True,True,2
full,wti|rankc|w120,wti,rankc,120,day,1,-1,0.2412344486360762,0.0356828396716074,0.18951755031295,0.23064452098371452,0.22339727456273828,0.5384615384615384,-1.4348152179334115,26,0.03489010248162956,-0.03982435377977037,0.6510816066569703,-36.79554905928417,1623,25.852632491996015,99.49453774661666,6133,2001-10-05,2026-08-31,False,False,True,True,2
full,wti|rankc|w252,wti,rankc,252,c2c,2,-1,0.12337050634898296,0.03861767306288807,0.09811501450235152,0.12297305018772314,0.20348102040381286,0.48,-1.6582346354871946,25,-0.023112003334688318,-0.048703765301271386,0.6643268953295203,-57.099536948425644,4431,20.821472804111224,99.55489614243324,6066,2002-01-10,2026-08-31,False,False,True,True,2
full,wti|rankc|w252,wti,rankc,252,o2o,2,-1,0.13380668517321845,-0.004825204906813879,0.095016020541793,0.11882527151428099,0.18945211307035878,0.56,-1.6180148934543133,25,0.03416748502428994,-0.048703765301271386,0.6643268953295203,-56.890151026511184,4430,20.821472804111224,99.55489614243324,6066,2002-01-10,2026-08-31,False,False,True,True,2
full,wti|rankc|w252,wti,rankc,252,day,1,-1,0.26940276717563566,0.14173096418980075,0.23579855274258396,0.2681518725936151,0.26598903952389674,0.6,-1.2637757836662982,25,-0.04956271323507125,-0.0487637737526207,0.6642854330160717,-28.908068897299295,1630,20.818201415414347,99.55496950716993,6067,2002-01-09,2026-08-31,False,False,True,True,2
full,wti|signth|w60,wti,signth,60,c2c,2,-1,-0.01685344798997137,0.005060393633047983,-0.010732560722835311,0.025333127635217893,0.05125580098399562,0.4230769230769231,-1.5581130853747247,26,0.07734883376517071,-0.03257103876806893,0.6672001009764681,-127.13295867335496,4431,28.782020763752453,99.61234049426587,6191,2001-07-10,2026-08-31,False,False,True,True,2
full,wti|signth|w60,wti,signth,60,o2o,2,-1,-0.02719082847364007,-0.1574070121592904,-0.060609214968488485,-0.026446210340914156,0.007174566694238917,0.4230769230769231,-1.4739102095887098,26,0.11643906483844182,-0.03257103876806893,0.6672001009764681,-110.1451001924845,4430,28.782020763752453,99.61234049426587,6191,2001-07-10,2026-08-31,False,False,True,True,2
full,wti|signth|w60,wti,signth,60,day,1,-1,0.08862159752294876,-0.19564055393279278,0.02247508137013236,0.0679634393713208,0.015675927066713738,0.4230769230769231,-1.741506520285585,26,0.09651968864544605,-0.032602071436459094,0.6671286418712458,-53.887769211180256,4199,28.777532075188493,99.6124031007752,6192,2001-07-09,2026-08-31,False,False,True,True,2
full,wti|signth|w120,wti,signth,120,c2c,2,-1,0.03912081856614814,0.062094084499081346,0.04553442695688415,0.07075512817618666,0.12325831839034336,0.5,-1.8741558128784574,26,0.049098121012410366,-0.04045758515380219,0.6673207573731902,-119.5756562185209,4775,20.90626202706599,99.53157809723793,6191,2001-07-10,2026-08-31,False,False,True,True,2
full,wti|signth|w120,wti,signth,120,o2o,2,-1,0.01900240160711076,0.0036998998134996682,0.014964799071747772,0.038660529188950826,0.0778995533606065,0.5,-1.8125033041450411,26,0.10498410526616975,-0.04045758515380219,0.6673207573731902,-117.40434126512285,4774,20.90626202706599,99.53157809723793,6191,2001-07-10,2026-08-31,False,False,True,True,2
full,wti|signth|w120,wti,signth,120,day,1,-1,0.18486679145211712,0.16123066866882219,0.1773783353837121,0.2092040714165088,0.19529784715958134,0.5,-1.479145012370328,26,0.06512336193210698,-0.040325812186475046,0.6673382250526415,-42.2394334856386,1672,20.902994744080328,99.53165374677002,6192,2001-07-09,2026-08-31,False,False,True,True,2
full,wti|signth|w252,wti,signth,252,c2c,2,-1,0.2563273008290045,-0.1190781216102144,0.14774817271392612,0.1664848010673939,0.20630068952819092,0.5384615384615384,-1.6267381186477612,26,0.0201747600943157,-0.055880652251376325,0.6589738268015959,-53.17452893555294,4068,15.861850199534347,99.31403714237912,5977,2001-10-15,2026-08-31,False,False,True,True,2
full,wti|signth|w252,wti,signth,252,o2o,2,-1,0.23002869069217072,-0.244160665409118,0.10197954903433641,0.11984764989322429,0.19911864588492256,0.5384615384615384,-1.8101503611805871,26,0.08662922192678099,-0.055880652251376325,0.6589738268015959,-65.52863249189606,4677,15.861850199534347,99.31403714237912,5977,2001-10-15,2026-08-31,False,False,True,True,2
full,wti|signth|w252,wti,signth,252,day,1,-1,0.3347521441973604,0.12750051073431506,0.2822786783670058,0.306528485651199,0.2837654631492735,0.6153846153846154,-1.5737278783890016,26,0.013240205660513775,-0.05600833419373417,0.6590006233015733,-34.639296458895586,1523,15.85932525933946,99.3141518902643,5978,2001-10-12,2026-08-31,False,False,True,True,2
full,wti|dev|w60,wti,dev,60,c2c,2,-1,0.08552628356829617,-0.13988769542376706,0.021865422733012566,0.05671654147081931,0.08796331208175164,0.5,-2.041676053209255,26,0.07013890075543536,-0.04625119406882676,0.5882859177562917,-117.28882227820871,4431,27.50412507128312,99.18857513794222,6162,2001-08-21,2026-08-31,False,False,True,True,2
full,wti|dev|w60,wti,dev,60,o2o,2,-1,0.09573225434243628,-0.2501860791480858,0.004685667202558205,0.03766066733536122,0.06412449285893115,0.46153846153846156,-1.8531945207437213,26,0.11752326395351513,-0.04625119406882676,0.5882859177562917,-109.5796748355315,4430,27.50412507128312,99.18857513794222,6162,2001-08-21,2026-08-31,False,False,True,True,2
full,wti|dev|w60,wti,dev,60,day,1,-1,0.12276536836232663,-0.21395487961814066,0.042883120543654084,0.0872542490448406,-0.0014753793768751016,0.38461538461538464,-1.5719087531717895,26,0.08129336223387652,-0.04624369616204301,0.5881904700322619,-32.53503671457453,4167,27.500478563907585,99.17248093460977,6163,2001-08-20,2026-08-31,False,False,True,True,2
full,wti|dev|w120,wti,dev,120,c2c,2,-1,0.1393499033614367,-0.03964291743250252,0.08756516260753675,0.11359969796435637,0.20323545700184073,0.5,-1.5303511774481988,26,0.026065946580660013,-0.06086899503703303,0.6256100802426828,-101.90643176069658,4431,21.34850350990948,99.412915851272,6132,2001-10-08,2026-08-31,False,False,True,True,2
full,wti|dev|w120,wti,dev,120,o2o,2,-1,0.2063659437461862,-0.13794564800224365,0.11295345352076461,0.13767270818973018,0.2233485071826087,0.5769230769230769,-1.588881602615169,26,0.08432929129855533,-0.06086899503703303,0.6256100802426828,-93.98349768804262,4430,21.34850350990948,99.412915851272,6132,2001-10-08,2026-08-31,False,False,True,True,2
full,wti|dev|w120,wti,dev,120,day,1,-1,0.3481312561195641,-0.07313280457602418,0.24388229660595312,0.2774990789583502,0.26826552659974817,0.6538461538461539,-1.256384639045747,26,0.024257147654571383,-0.06075257397307014,0.6256145692871968,-29.477498581680983,1623,21.34516376530944,99.41301157671613,6133,2001-10-05,2026-08-31,False,True,True,True,3
full,wti|dev|w252,wti,dev,252,c2c,2,-1,0.2134041604865401,-0.09871308995389114,0.12350209964333636,0.1438692247576677,0.23914527761840002,0.56,-1.949346807289373,25,-0.049457520752112044,-0.07663640328368608,0.6647680289561332,-55.07038649878662,4451,17.70385673371528,99.43949884602704,6066,2002-01-10,2026-08-31,False,False,True,True,2
full,wti|dev|w252,wti,dev,252,o2o,2,-1,0.2502454211184037,-0.16744221479126126,0.13660932772190262,0.15615158266959434,0.24641062960610768,0.56,-1.955407444003669,25,0.014008676408226013,-0.07663640328368608,0.6647680289561332,-56.2613367347313,4218,17.70385673371528,99.43949884602704,6066,2002-01-10,2026-08-31,False,False,True,True,2
full,wti|dev|w252,wti,dev,252,day,1,-1,0.34191875066566996,0.15633506444312098,0.29444852587124953,0.32084129821737273,0.3997794279782332,0.68,-1.1694554280994052,25,-0.07561536137405789,-0.0766387646169895,0.6646734508423174,-25.307118153476736,2231,17.701264245345698,99.43959123125103,6067,2002-01-09,2026-08-31,False,True,True,True,3
night,us_dxy_broad|selfz|w60,us_dxy_broad,selfz,60,c2c,2,-1,0.3562484828155795,-0.12124076125618183,0.0885922475521558,0.11404324456534129,0.17577655771109243,0.6,-1.624863555565322,10,-0.12006502819063021,0.003876708082826975,0.6167401509558119,-52.34110235603696,1359,27.101982335244276,99.55908289241623,2268,2017-05-16,2026-08-31,False,False,True,True,2
night,us_dxy_broad|selfz|w60,us_dxy_broad,selfz,60,o2o,2,-1,0.4391062118825483,-0.0007663648761584119,0.19403880878156116,0.2197683224043363,0.2715413453323992,0.6,-1.7377072770390867,10,-0.12162602160315991,0.003876708082826975,0.6167401509558119,-47.92151084399451,686,27.101982335244276,99.55908289241623,2268,2017-05-16,2026-08-31,False,False,True,True,2
night,us_dxy_broad|selfz|w60,us_dxy_broad,selfz,60,day,1,1,0.04324717215658018,-0.8374333438709994,-0.4024830716585259,-0.3629952592117145,-0.3572888734381313,0.4,-2.730718696716718,10,0.12581604759793227,-0.003911178639740898,0.6167746215127259,-41.629687084529124,1291,27.094628598763123,99.55908289241623,2268,2017-05-16,2026-08-31,False,False,True,True,2
night,us_dxy_broad|selfz|w60,us_dxy_broad,selfz,60,ongap,1,-1,0.023366134334375704,-0.6123165617125685,-0.32855228851965795,-0.2593675445872035,-0.3809224897906531,0.3,-1.5008061856001493,10,-0.04074871415941119,0.004015261648386631,0.6172449192724965,-24.613012964770277,1353,27.14382295687288,99.5581087052585,2263,2017-05-16,2026-08-31,False,False,True,True,2
night,us_dxy_broad|selfz|w120,us_dxy_broad,selfz,120,c2c,2,-1,0.342340287464425,0.287976552463102,0.3103477502200956,0.32850309589392196,0.5404671454441681,0.7,-0.7407701852448847,10,-0.1365824233629617,0.010177853375523233,0.6324258383856085,-39.67641300919481,542,20.262030021789315,99.47089947089947,2268,2017-05-16,2026-08-31,False,True,True,True,3
night,us_dxy_broad|selfz|w120,us_dxy_broad,selfz,120,o2o,2,-1,0.3839653849943137,0.36683473104474607,0.37267375622592896,0.3913806337212355,0.5948447583854297,0.7,-0.8611123265895495,10,-0.12648597557319674,0.010177853375523233,0.6324258383856085,-38.541239265601504,606,20.262030021789315,99.47089947089947,2268,2017-05-16,2026-08-31,False,True,True,True,3
night,us_dxy_broad|selfz|w120,us_dxy_broad,selfz,120,day,1,1,0.07567233361734035,-1.0711483500688475,-0.4988314508359049,-0.47050420487065,-0.5006109635173157,0.2,-2.8528608257940986,10,0.13904648293665794,-0.009993226617188811,0.632241211627274,-53.270990712309676,1439,20.283451472853084,99.47089947089947,2268,2017-05-16,2026-08-31,False,False,True,True,2
night,us_dxy_broad|selfz|w120,us_dxy_broad,selfz,120,ongap,1,-1,0.1350085717659762,-0.47896783367006673,-0.1994471668810354,-0.14810686384966681,-0.2698567858453562,0.5,-1.644242162123519,10,-0.032256648872115226,0.009917491242971914,0.6324084864546393,-16.75942050240472,1334,20.32085087797727,99.46973044631021,2263,2017-05-16,2026-08-31,False,False,True,True,2
night,us_dxy_broad|selfz|w252,us_dxy_broad,selfz,252,c2c,2,-1,0.4744158784442138,0.37476906823513073,0.4154068599164782,0.42802009440131344,0.5948524549577953,0.8,-1.4299570229693197,10,-0.18168282747916167,0.033558951860264294,0.7061485559725313,-50.417416420271145,632,15.157310431416867,99.38271604938271,2268,2017-05-16,2026-08-31,False,True,False,True,2
night,us_dxy_broad|selfz|w252,us_dxy_broad,selfz,252,o2o,2,-1,0.49742525344477184,0.4538446960830086,0.4703801953353157,0.48350449226512277,0.5675790572931714,0.9,-1.6535347437166303,10,-0.13754470628766263,0.033558951860264294,0.7061485559725313,-50.461319282945716,621,15.157310431416867,99.38271604938271,2268,2017-05-16,2026-08-31,False,True,True,True,3
night,us_dxy_broad|selfz|w252,us_dxy_broad,selfz,252,day,1,1,0.003611076036479159,-0.8008747690649782,-0.4126888322120576,-0.3932640474382346,-0.4648851793436264,0.3,-2.396167347076673,10,0.1517057754267933,-0.03347541714878561,0.7060650212610526,-50.5011081056353,1439,15.184190061523447,99.38271604938271,2268,2017-05-16,2026-08-31,False,False,False,True,1
night,us_dxy_broad|selfz|w252,us_dxy_broad,selfz,252,ongap,1,-1,0.3931661132234537,-0.026991555971751874,0.16534644497338508,0.20133728978962945,0.2914870196366514,0.8,-1.4248470654876748,10,-0.08386293769832853,0.0332245099228062,0.7059777406067561,-9.734124976567228,421,15.214045858341404,99.3813521873619,2263,2017-05-16,2026-08-31,False,True,True,True,3
night,us_dxy_broad|robustz|w60,us_dxy_broad,robustz,60,c2c,2,-1,0.39986646710209583,0.025508190246784204,0.19497536946189462,0.21782083780308398,0.3475326575756067,0.6,-1.136474558625585,10,-0.0638591338266187,0.039093848199862086,0.582415466142049,-43.08569003069287,1570,24.187901574565227,99.38271604938271,2268,2017-05-16,2026-08-31,False,False,True,True,2
night,us_dxy_broad|robustz|w60,us_dxy_broad,robustz,60,o2o,2,-1,0.4379361350441295,0.12607855757443565,0.26772909149260976,0.2906574757626725,0.4129167230363939,0.6,-1.266768555095578,10,-0.07634020841640617,0.039093848199862086,0.582415466142049,-39.95081580232001,795,24.187901574565227,99.38271604938271,2268,2017-05-16,2026-08-31,False,False,True,True,2
night,us_dxy_broad|robustz|w60,us_dxy_broad,robustz,60,day,1,1,0.07088580530467589,-0.7459005599642733,-0.33709784817092436,-0.3019195535233089,-0.36714927121627416,0.3,-2.303133764128942,10,0.07511221829758072,-0.03916418181764873,0.5824857997598356,-38.13946055790819,1291,24.183803348134237,99.38271604938271,2268,2017-05-16,2026-08-31,False,False,True,True,2
night,us_dxy_broad|robustz|w60,us_dxy_broad,robustz,60,ongap,1,-1,0.09973054014906893,-0.6234206158114999,-0.2874169324661711,-0.225671330636283,-0.3339170095520509,0.3,-1.2711614535543898,10,0.023273441930471605,0.03912111499193436,0.5830207332645162,-21.962950011301526,1341,24.231900571585662,99.3813521873619,2263,2017-05-16,2026-08-31,False,False,True,True,2
night,us_dxy_broad|robustz|w120,us_dxy_broad,robustz,120,c2c,2,-1,0.3067788771211001,0.2863176899848447,0.2923851817211655,0.3091233163796679,0.5504469140797248,0.6,-0.7857636140561897,10,-0.07539850715356662,0.04530855730340682,0.617036861913603,-41.26161268072777,545,18.51151427425917,99.42680776014109,2268,2017-05-16,2026-08-31,False,False,True,True,2
night,us_dxy_broad|robustz|w120,us_dxy_broad,robustz,120,o2o,2,-1,0.3012418712441695,0.3309235533696612,0.31534397581200685,0.3325721490533697,0.5629935842910117,0.7,-0.9411380120534363,10,-0.06216810274390544,0.04530855730340682,0.617036861913603,-40.024191454355126,546,18.51151427425917,99.42680776014109,2268,2017-05-16,2026-08-31,False,True,True,True,3
night,us_dxy_broad|robustz|w120,us_dxy_broad,robustz,120,day,1,1,0.117978551878776,-0.9266286783479003,-0.4230762097614016,-0.3967648301409547,-0.43219843136507863,0.3,-2.2425613461418825,10,0.10276620195859335,-0.04507663345073368,0.6168049380609297,-48.23177565586387,1439,18.537862860393375,99.42680776014109,2268,2017-05-16,2026-08-31,False,False,True,True,2
night,us_dxy_broad|robustz|w120,us_dxy_broad,robustz,120,ongap,1,-1,0.14929421175914503,-0.5482935512266107,-0.23893859146685717,-0.1911205818874283,-0.3100982864391857,0.5,-1.5129654492064755,10,0.00927290531708487,0.04480629782776048,0.6166735808302936,-16.803711231915056,1186,18.576084058954056,99.42554131683606,2263,2017-05-16,2026-08-31,False,False,True,True,2
night,us_dxy_broad|robustz|w252,us_dxy_broad,robustz,252,c2c,2,-1,0.36172211965510404,0.39467768000714104,0.3767108705567174,0.3874977476453532,0.5780086879600181,0.8,-1.246970980231334,10,-0.22899595014271457,-0.01860207698534407,0.7022868656080292,-48.73985847983707,631,13.152716145944039,99.55908289241623,2268,2017-05-16,2026-08-31,False,True,False,True,2
night,us_dxy_broad|robustz|w252,us_dxy_broad,robustz,252,o2o,2,-1,0.3536869258181831,0.4591314867191624,0.40964834504553566,0.420967313071809,0.5469498098194129,0.8,-1.4582344211186031,10,-0.19002807245936096,-0.01860207698534407,0.7022868656080292,-48.448523658037836,621,13.152716145944039,99.55908289241623,2268,2017-05-16,2026-08-31,False,True,False,True,2
night,us_dxy_broad|robustz|w252,us_dxy_broad,robustz,252,day,1,1,0.07676124824852314,-0.8163290277614763,-0.3929413012944744,-0.3761423237037209,-0.4884963109307741,0.2,-2.105949673307792,10,0.20763951170889192,0.01852752761912727,0.702361414974246,-49.83108041053129,1439,13.160564466629252,99.55908289241623,2268,2017-05-16,2026-08-31,False,False,False,True,1
night,us_dxy_broad|robustz|w252,us_dxy_broad,robustz,252,ongap,1,-1,0.37087189054534997,0.0028746778292930886,0.1705207172603991,0.20109069948319605,0.25238766862690115,0.8,-1.8529798667630046,10,-0.12440204460553415,-0.01867583540185353,0.7024365842157846,-11.231998762000286,325,13.18538197162571,99.5581087052585,2263,2017-05-16,2026-08-31,False,True,True,True,3
night,us_dxy_broad|bdtanh|w60,us_dxy_broad,bdtanh,60,c2c,2,-1,0.35724241392686634,-0.05952078239767751,0.11566068918623042,0.13731668483206033,0.2123932545533819,0.7,-1.696947967692985,10,-0.1408905253728886,-0.012656915876111965,0.6680641358601487,-53.52417790875448,687,24.522007286690496,99.69135802469135,2268,2017-05-16,2026-08-31,False,True,True,True,3
night,us_dxy_broad|bdtanh|w60,us_dxy_broad,bdtanh,60,o2o,2,-1,0.472628380235388,0.08970713665915403,0.2532737512871717,0.2753094933772382,0.32412011641765665,0.7,-1.8185857247072446,10,-0.13046714858940017,-0.012656915876111965,0.6680641358601487,-51.29013153184822,686,24.522007286690496,99.69135802469135,2268,2017-05-16,2026-08-31,False,True,True,True,3
night,us_dxy_broad|bdtanh|w60,us_dxy_broad,bdtanh,60,day,1,1,0.01811187147083729,-0.8798660708000897,-0.4474705638267413,-0.4131156357006756,-0.37507919709102155,0.2,-2.66841297497954,10,0.13723217119511452,0.012636503347888435,0.6680845483883722,-44.67453963273513,1291,24.506148126267487,99.69135802469135,2268,2017-05-16,2026-08-31,False,False,True,True,2
night,us_dxy_broad|bdtanh|w60,us_dxy_broad,bdtanh,60,ongap,1,-1,0.11267148090421714,-0.46415664751110947,-0.21466791032971203,-0.15594209877475962,-0.2522571030869669,0.5,-1.3985376654682442,10,-0.06195371072680958,-0.012430836902617303,0.6683503114574575,-21.580492025514104,1359,24.549203995519523,99.69067609368095,2263,2017-05-16,2026-08-31,False,False,True,True,2
night,us_dxy_broad|bdtanh|w120,us_dxy_broad,bdtanh,120,c2c,2,-1,0.43910259692472287,0.37214414510094723,0.39755573321334386,0.4134941117096365,0.6510268897793179,0.7,-0.8165933508573007,10,-0.15024211509702184,-0.005785402439708952,0.6824759022662938,-42.285937479819744,530,18.45777485050511,99.60317460317461,2268,2017-05-16,2026-08-31,True,True,False,True,3
night,us_dxy_broad|bdtanh|w120,us_dxy_broad,bdtanh,120,o2o,2,-1,0.5046577806515709,0.42659473101453205,0.4577857961504843,0.47427448462748356,0.740914835784894,0.8,-0.8913575144314481,10,-0.12472067952598662,-0.005785402439708952,0.6824759022662938,-40.36914113396167,593,18.45777485050511,99.60317460317461,2268,2017-05-16,2026-08-31,True,True,True,True,4
night,us_dxy_broad|bdtanh|w120,us_dxy_broad,bdtanh,120,day,1,1,-0.017444901656660607,-0.9750499459763422,-0.5106530133335472,-0.48572338039604374,-0.6160625746242075,0.2,-2.3666167679042904,10,0.14513719634995031,0.005897829898509773,0.6823634748074932,-53.391040688304194,1439,18.46804662079459,99.60317460317461,2268,2017-05-16,2026-08-31,False,False,True,True,2
night,us_dxy_broad|bdtanh|w120,us_dxy_broad,bdtanh,120,ongap,1,-1,0.21571242267083854,-0.3405462614247403,-0.09749756725612571,-0.053437584162678506,-0.1550382312311901,0.4,-1.6262426409246316,10,-0.04605351845044026,-0.006111121430676286,0.682375078270974,-15.455115671191292,947,18.504849278846706,99.60229783473265,2263,2017-05-16,2026-08-31,False,False,True,True,2
night,us_dxy_broad|bdtanh|w252,us_dxy_broad,bdtanh,252,c2c,2,-1,0.5046070815571778,0.5448516814032399,0.5234667167221938,0.5345995208693612,0.6316699688011541,0.8,-1.4841414129706025,10,-0.1955916477345797,0.028109670772761147,0.7213092624112579,-41.28116857031488,602,12.967584725896415,99.60317460317461,2268,2017-05-16,2026-08-31,True,True,False,True,3
night,us_dxy_broad|bdtanh|w252,us_dxy_broad,bdtanh,252,o2o,2,-1,0.5108151073622028,0.631875137796377,0.5743840213253927,0.5858752891920938,0.5796938028633244,0.8,-1.740036369520369,10,-0.13606749958421513,0.028109670772761147,0.7213092624112579,-41.46230297394249,546,12.967584725896415,99.60317460317461,2268,2017-05-16,2026-08-31,False,True,True,True,3
night,us_dxy_broad|bdtanh|w252,us_dxy_broad,bdtanh,252,day,1,1,0.018866717747443112,-0.742673391452151,-0.3756256513935232,-0.3588521735017611,-0.4478972911377317,0.3,-1.8540026912819663,10,0.1321830510946675,-0.028055037290968393,0.7212546289294651,-48.60317821964095,1439,12.95900148191927,99.60317460317461,2268,2017-05-16,2026-08-31,False,False,True,True,2
night,us_dxy_broad|bdtanh|w252,us_dxy_broad,bdtanh,252,ongap,1,-1,0.5230701702269942,0.15217620940650295,0.3244080918185557,0.35650075819014854,0.46781854698666103,0.8,-1.4485603748670144,10,-0.1143785526867794,0.027761774914740578,0.7210784244749462,-9.422853421387888,421,12.985533776975117,99.60229783473265,2263,2017-05-16,2026-08-31,False,True,True,True,3
night,us_dxy_broad|rankc|w60,us_dxy_broad,rankc,60,c2c,2,-1,0.32550037270397647,-0.022300777586734113,0.12724103667421796,0.1543812597793135,0.20986862570820156,0.6,-1.6560353924755757,10,-0.1265786697517203,-0.006137269371118043,0.6528980161286876,-50.00551036906762,847,29.087525561515196,99.64726631393297,2268,2017-05-16,2026-08-31,False,False,True,True,2
night,us_dxy_broad|rankc|w60,us_dxy_broad,rankc,60,o2o,2,-1,0.4728641604169367,0.0636971538689965,0.24276110109089521,0.26999859523307074,0.31255623515758857,0.7,-1.746799929680687,10,-0.13042194592639994,-0.006137269371118043,0.6528980161286876,-48.24399134730196,686,29.087525561515196,99.64726631393297,2268,2017-05-16,2026-08-31,False,True,True,True,3
night,us_dxy_broad|rankc|w60,us_dxy_broad,rankc,60,day,1,1,0.00893162990524255,-0.8454958749168063,-0.4278533729187139,-0.38595954820273065,-0.35325174498634077,0.2,-2.8582455018757225,10,0.12812698924124055,0.006109140488439792,0.6529261450113656,-42.48165106904649,1458,29.022406588202596,99.64726631393297,2268,2017-05-16,2026-08-31,False,False,True,True,2
night,us_dxy_broad|rankc|w60,us_dxy_broad,rankc,60,ongap,1,-1,0.04204671328037067,-0.5910168974956643,-0.3105741337224705,-0.23766709942868477,-0.3170702322814598,0.4,-1.5254291504622353,10,-0.053085337515163804,-0.0061125785406256445,0.6533576741908085,-25.076208015051606,1353,29.072663608697262,99.6464869642068,2263,2017-05-16,2026-08-31,False,False,True,True,2
night,us_dxy_broad|rankc|w120,us_dxy_broad,rankc,120,c2c,2,-1,0.3805264309037346,0.3468506212156622,0.3588266694844493,0.377814510564171,0.5628505062202634,0.8,-1.0046236357189666,10,-0.13452253824539043,-0.005851279089354627,0.6705005689972023,-47.12676267585836,559,21.770492549955556,99.69135802469135,2268,2017-05-16,2026-08-31,False,True,True,True,3
night,us_dxy_broad|rankc|w120,us_dxy_broad,rankc,120,o2o,2,-1,0.48717941279411436,0.37133999852533295,0.42031223373028576,0.43991950401655616,0.6272978997483841,0.8,-1.0360196563588033,10,-0.1229589581637539,-0.005851279089354627,0.6705005689972023,-44.627822076074104,621,21.770492549955556,99.69135802469135,2268,2017-05-16,2026-08-31,True,True,True,True,4
night,us_dxy_broad|rankc|w120,us_dxy_broad,rankc,120,day,1,1,-0.021316575721656114,-0.9883022615266174,-0.5121184782561593,-0.4823460071595668,-0.5435154180403591,0.2,-2.727698729920053,10,0.14282734602451547,0.006011559450922929,0.670340288635634,-51.81799597744459,1439,21.782606982301253,99.69135802469135,2268,2017-05-16,2026-08-31,False,False,True,True,2
night,us_dxy_broad|rankc|w120,us_dxy_broad,rankc,120,ongap,1,-1,0.10143473546345838,-0.4500983366459498,-0.20598616450454466,-0.15379214069786987,-0.27610724872522224,0.4,-1.8830743086886075,10,-0.0303375064768763,-0.006209912511597456,0.6704897692360965,-18.14978161668467,1341,21.823315874923765,99.69067609368095,2263,2017-05-16,2026-08-31,False,False,True,True,2
night,us_dxy_broad|rankc|w252,us_dxy_broad,rankc,252,c2c,2,-1,0.4747121577806187,0.6179808063253595,0.5507478412286738,0.5638798225192722,0.7140539645227512,0.9,-1.4424340219020442,10,-0.14267643986427755,0.03452648862544744,0.7098270862479007,-49.53777250369043,619,15.397554032436785,99.55908289241623,2268,2017-05-16,2026-08-31,True,True,True,True,4
night,us_dxy_broad|rankc|w252,us_dxy_broad,rankc,252,o2o,2,-1,0.49982093035176584,0.633600809700327,0.5703985141889885,0.5840872236498451,0.6490513232393107,0.9,-1.6614530524664417,10,-0.10169013751414434,0.03452648862544744,0.7098270862479007,-50.3699000295617,618,15.397554032436785,99.55908289241623,2268,2017-05-16,2026-08-31,True,True,True,True,4
night,us_dxy_broad|rankc|w252,us_dxy_broad,rankc,252,day,1,-1,-0.003866714339594357,0.8167099883670584,0.41372317799871927,0.4339922299185809,0.42397937224395976,0.7,-1.4642307084886026,10,-0.12042536709491862,0.03437546242766157,0.709676060050115,-25.753556627204738,967,15.392515315623156,99.55908289241623,2268,2017-05-16,2026-08-31,False,True,True,True,3
night,us_dxy_broad|rankc|w252,us_dxy_broad,rankc,252,ongap,1,-1,0.42549180307952716,-0.12296142517567234,0.12864916159755485,0.16539920619490114,0.2603000386975682,0.9,-1.7933254011606288,10,-0.033657588056653594,0.03406386277115902,0.7094614675479105,-11.116343462953171,427,15.423533161635527,99.5581087052585,2263,2017-05-16,2026-08-31,False,True,True,True,3
night,us_dxy_broad|signth|w60,us_dxy_broad,signth,60,c2c,2,-1,0.3313108201060072,0.04951412266828913,0.16492129376501025,0.18239745764191656,0.3151857027123478,0.6,-1.2007871149407634,10,-0.1307875897182467,-0.013513246237689664,0.6792299845416236,-45.409697719323475,687,19.86364905187389,99.77954144620811,2268,2017-05-16,2026-08-31,False,False,True,True,2
night,us_dxy_broad|signth|w60,us_dxy_broad,signth,60,o2o,2,-1,0.5322785029910878,0.14823117912689165,0.3101956408037605,0.32829463313756946,0.4081202145611701,0.7,-1.5841090705422667,10,-0.1264043519861106,-0.013513246237689664,0.6792299845416236,-47.86185604683284,686,19.86364905187389,99.77954144620811,2268,2017-05-16,2026-08-31,False,True,True,True,3
night,us_dxy_broad|signth|w60,us_dxy_broad,signth,60,day,1,-1,0.03228513163244491,0.6123280693375972,0.33737847576309965,0.3654080964393843,0.2870044158996275,0.8,-2.76557682117719,10,-0.1274316830180423,-0.0135237404548773,0.6792194903244361,-26.89419262403919,818,19.78795219337629,99.77954144620811,2268,2017-05-16,2026-08-31,False,True,True,True,3
night,us_dxy_broad|signth|w60,us_dxy_broad,signth,60,ongap,1,-1,0.22626097368982936,-0.561545885834342,-0.22903668454756926,-0.1815830829398813,-0.3054858836420109,0.4,-1.2965196095290512,10,-0.08134133254825426,-0.013360368680368198,0.6793047482827808,-23.26185641293913,1353,19.83066797743983,99.77905435262925,2263,2017-05-16,2026-08-31,False,False,True,True,2
night,us_dxy_broad|signth|w120,us_dxy_broad,signth,120,c2c,2,-1,0.4429763185311307,0.33294539769892323,0.37603702896812635,0.38935711184621025,0.5676948324222445,0.7,-0.8398960704442621,10,-0.14312314550174499,-0.005051683698177167,0.6863022447267534,-41.80931991678637,1153,14.940659017376689,100.0,2268,2017-05-16,2026-08-31,False,True,True,True,3
night,us_dxy_broad|signth|w120,us_dxy_broad,signth,120,o2o,2,-1,0.5765095016127565,0.2838564883739199,0.4081100461049058,0.4219347925159921,0.6472222958219149,0.8,-0.9102182316111191,10,-0.11781415211363713,-0.005051683698177167,0.6863022447267534,-39.031277736927294,550,14.940659017376689,100.0,2268,2017-05-16,2026-08-31,True,True,True,True,4
night,us_dxy_broad|signth|w120,us_dxy_broad,signth,120,day,1,-1,0.07197258315439088,0.6040646616065661,0.3497370325622545,0.3705911671192064,0.5441902048359535,0.8,-1.1345517676609587,10,-0.13689229487400653,-0.005123796722846876,0.6862301317020837,-22.147413508189324,1013,14.940659017376689,100.0,2268,2017-05-16,2026-08-31,False,True,True,True,3
night,us_dxy_broad|signth|w120,us_dxy_broad,signth,120,ongap,1,-1,0.15355599772156417,-0.14665798712596392,-0.015439838334510271,0.022161139825199086,-0.12108856312094982,0.4,-0.8481596128609584,10,-0.04398162052693963,-0.00538127111916866,0.6861742913584332,-9.54933041137909,957,14.972762992622716,100.0,2263,2017-05-16,2026-08-31,False,False,True,True,2
night,us_dxy_broad|signth|w252,us_dxy_broad,signth,252,c2c,2,-1,0.4137028338088806,0.563039840788017,0.49240118059716287,0.5056607368436907,0.5226741159580827,0.9,-1.8548593654471675,10,-0.19199428388268638,0.026023076446218832,0.7153160231546981,-43.7554419215528,542,14.979484000709219,100.0,2228,2017-05-16,2026-08-31,False,True,False,True,2
night,us_dxy_broad|signth|w252,us_dxy_broad,signth,252,o2o,2,-1,0.4173338974247641,0.7114071898067252,0.5749915983987134,0.5887510608727548,0.5270172228310125,0.8,-1.8413958743292755,10,-0.12222009004849708,0.026023076446218832,0.7153160231546981,-40.696268728399104,498,14.979484000709219,100.0,2228,2017-05-16,2026-08-31,False,True,True,True,3
night,us_dxy_broad|signth|w252,us_dxy_broad,signth,252,day,1,1,0.0640351959666316,-0.8278646821420174,-0.3971029123975405,-0.3771247386137349,-0.474263611934139,0.2,-1.6135689420945638,10,0.1181380795192526,-0.025910156914139598,0.7152031036226187,-50.401691165362436,1399,14.978474901429752,100.0,2228,2017-05-16,2026-08-31,False,False,True,True,2
night,us_dxy_broad|signth|w252,us_dxy_broad,signth,252,ongap,1,-1,0.7500790617199541,0.21114416219695836,0.45135025525617317,0.4887637675378605,0.47359237378480573,0.8,-2.30211078611585,10,-0.18398048035929424,0.02567237170380437,0.7150623339644736,-13.434778161512067,381,15.010613828108731,100.0,2223,2017-05-16,2026-08-31,False,True,False,True,2
night,us_dxy_broad|dev|w60,us_dxy_broad,dev,60,c2c,2,-1,0.2181576432916329,-0.1415842427790258,0.01233743756753293,0.0340617460580583,0.07542548010624611,0.5,-1.4346048302679055,10,-0.14832601037036042,-0.02003404069156969,0.5882280961842347,-47.36106315874291,879,22.995036187941206,99.60317460317461,2268,2017-05-16,2026-08-31,False,False,True,True,2
night,us_dxy_broad|dev|w60,us_dxy_broad,dev,60,o2o,2,-1,0.2614428432736373,-0.0325454184277134,0.09527780468800255,0.11719785477163859,0.13968323700653512,0.5,-1.5327499394104536,10,-0.15796884145189238,-0.02003404069156969,0.5882280961842347,-45.77522910739827,686,22.995036187941206,99.60317460317461,2268,2017-05-16,2026-08-31,False,False,False,True,1
night,us_dxy_broad|dev|w60,us_dxy_broad,dev,60,day,1,1,0.2498225542920903,-0.8889177958173899,-0.3428308464034535,-0.30879119698165547,-0.2931746279747566,0.2,-2.908647772519528,10,0.1644709333785167,0.019942007666862147,0.5883201292089422,-43.063860463466064,1458,22.991977888044524,99.60317460317461,2268,2017-05-16,2026-08-31,False,False,False,True,1
night,us_dxy_broad|dev|w60,us_dxy_broad,dev,60,ongap,1,-1,-0.03428685572128036,-0.5837594753631599,-0.3487925999265915,-0.28815415788896315,-0.5680563857514682,0.3,-1.5714086603648971,10,-0.04810536206973185,-0.01986123196982507,0.5887109700143791,-21.40509730967021,1359,23.026593014135745,99.60229783473265,2263,2017-05-16,2026-08-31,False,False,True,True,2
night,us_dxy_broad|dev|w120,us_dxy_broad,dev,120,c2c,2,-1,0.1665542805568871,0.05802136040091247,0.10417778997868754,0.11913800869052393,0.21918557704560174,0.6,-0.9129947002784461,10,-0.21483974898643424,-0.04565933202960954,0.6291417894984045,-41.00380583412814,698,16.58498835870833,99.60317460317461,2268,2017-05-16,2026-08-31,False,False,False,True,1
night,us_dxy_broad|dev|w120,us_dxy_broad,dev,120,o2o,2,-1,0.20527864251094974,0.12277118861659365,0.157863945697603,0.17330956113936016,0.24475200320550958,0.6,-1.0054723447108005,10,-0.20883699901867028,-0.04565933202960954,0.6291417894984045,-40.12918521595051,686,16.58498835870833,99.60317460317461,2268,2017-05-16,2026-08-31,False,False,False,True,1
night,us_dxy_broad|dev|w120,us_dxy_broad,dev,120,day,1,1,0.15991082127804962,-0.8398482151975067,-0.3561719067166939,-0.33277630318877904,-0.4193585585324712,0.2,-2.3985584677959206,10,0.21468818156190358,0.04586906142608064,0.6289320601019334,-44.73859581752566,1439,16.607674688422986,99.60317460317461,2268,2017-05-16,2026-08-31,False,False,False,True,1
night,us_dxy_broad|dev|w120,us_dxy_broad,dev,120,ongap,1,-1,0.20825070962861192,-0.38287816850626333,-0.12857537249391712,-0.08704545220920648,-0.1494293696982571,0.5,-1.998401975912864,10,-0.12654945110439844,-0.04614219645193274,0.6291741072417942,-16.880520678425952,429,16.6382913535561,99.60229783473265,2263,2017-05-16,2026-08-31,False,False,True,True,2
night,us_dxy_broad|dev|w252,us_dxy_broad,dev,252,c2c,2,-1,0.4366206243309546,0.18982771389277436,0.2974825878295976,0.3071660540386132,0.4896745343935882,0.8,-1.2249557839621066,10,-0.26323511367659813,0.002358556013069969,0.7307571934098204,-36.69118963030965,542,11.640226477564799,99.60317460317461,2268,2017-05-16,2026-08-31,False,True,False,True,2
night,us_dxy_broad|dev|w252,us_dxy_broad,dev,252,o2o,2,-1,0.46427927494171717,0.2644263483156708,0.35131097151542173,0.3612874949412867,0.48282685296535854,0.8,-1.4284261252288517,10,-0.22482381992839842,0.002358556013069969,0.7307571934098204,-37.48858296030021,531,11.640226477564799,99.60317460317461,2268,2017-05-16,2026-08-31,False,True,False,True,2
night,us_dxy_broad|dev|w252,us_dxy_broad,dev,252,day,1,-1,0.057510597690535244,0.7493724367391448,0.41492764644116764,0.42965624967454985,0.5330707790695722,0.8,-1.2649184510532454,10,-0.2116016293144346,0.0018707306282732923,0.7307135955469312,-28.022927576936763,658,11.649377560844778,99.60317460317461,2268,2017-05-16,2026-08-31,False,True,False,True,2
night,us_dxy_broad|dev|w252,us_dxy_broad,dev,252,ongap,1,-1,0.45984778076689076,-0.0728704519914775,0.176013997482388,0.2036439772939534,0.2873186808012179,0.9,-2.529107500692678,10,-0.16324145889635175,0.0016963634352050844,0.7306466321397316,-15.785315731912783,330,11.671373355798908,99.60229783473265,2263,2017-05-16,2026-08-31,False,True,False,True,2
night,us_real_10y|selfz|w60,us_real_10y,selfz,60,c2c,2,-1,0.2688279376054789,-0.07037236586101527,0.07104462360501566,0.10032596167930352,0.0691137252680372,0.5,-1.8413949958931761,10,-0.08768054644653514,-0.01999524075481981,0.6106505296622062,-47.81660443295241,557,31.32983973967176,99.64726631393297,2268,2017-05-16,2026-08-31,False,False,True,True,2
night,us_real_10y|selfz|w60,us_real_10y,selfz,60,o2o,2,-1,0.5322293952284137,-0.017789225320373653,0.20495594046848692,0.23630467475360206,0.28974279588259955,0.6,-1.6476823894883175,10,-0.09150796589385361,-0.01999524075481981,0.6106505296622062,-46.03237325404162,518,31.32983973967176,99.64726631393297,2268,2017-05-16,2026-08-31,False,False,True,True,2
night,us_real_10y|selfz|w60,us_real_10y,selfz,60,day,1,-1,0.45655839332028453,0.639750637023703,0.5538701202315393,0.6007081545017238,0.616087074738309,0.8,-1.0142591408711166,10,-0.13877767686890258,-0.019986425317323264,0.6106417142247098,-12.919822656489952,558,31.37236665124339,99.64726631393297,2268,2017-05-16,2026-08-31,True,True,True,True,4
night,us_real_10y|selfz|w60,us_real_10y,selfz,60,ongap,1,-1,0.015419548676307453,-0.6041036232661378,-0.32562457912055043,-0.24177715700186797,-0.24532882344506687,0.5,-3.0274156018074514,10,0.010515025215837775,-0.021034414476033172,0.610621564842394,-22.236718957005326,1017,31.426323598491784,99.6464869642068,2263,2017-05-16,2026-08-31,False,False,True,True,2
night,us_real_10y|selfz|w120,us_real_10y,selfz,120,c2c,2,-1,0.1658977419551084,-0.05192174816800618,0.03884662942717098,0.0631602364000691,0.06459422779000316,0.6,-2.2424854569373296,10,-0.1554386068074966,-0.020918727301058163,0.597956453335735,-47.90935565639168,628,26.182926476715547,99.47089947089947,2268,2017-05-16,2026-08-31,False,False,False,True,1
night,us_real_10y|selfz|w120,us_real_10y,selfz,120,o2o,2,-1,0.3653217514343511,0.017647609812185952,0.15573113306484096,0.1814800596122971,0.24508387870739046,0.7,-2.0511247185059047,10,-0.15367987480095158,-0.020918727301058163,0.597956453335735,-45.3186370191886,526,26.182926476715547,99.47089947089947,2268,2017-05-16,2026-08-31,False,True,False,True,2
night,us_real_10y|selfz|w120,us_real_10y,selfz,120,day,1,-1,0.4110830755871841,0.592713638307746,0.508097541661667,0.5469256397149989,0.5465307012068005,0.7,-1.125794206537268,10,-0.19348621590704518,-0.021068015629703413,0.5981057416643802,-17.791477850558973,545,26.18648805939414,99.47089947089947,2268,2017-05-16,2026-08-31,False,True,False,True,2
night,us_real_10y|selfz|w120,us_real_10y,selfz,120,ongap,1,-1,0.24043830978903405,-0.4504157181781792,-0.15124129676773654,-0.08398744262257064,-0.07578932925276854,0.7,-3.238242916209615,10,-0.08009091481117879,-0.02183880634565663,0.5983498481779046,-20.257331313765757,867,26.23412964309314,99.46973044631021,2263,2017-05-16,2026-08-31,False,True,True,True,3
night,us_real_10y|selfz|w252,us_real_10y,selfz,252,c2c,2,-1,0.11144362760606448,0.12824475538031505,0.11972578005135445,0.13981289436703606,0.05382808862019015,0.6,-2.422920651652048,10,-0.14062673464561254,0.0028270018465844466,0.6241240978795523,-39.15245931960493,675,22.688459016703582,99.29453262786596,2268,2017-05-16,2026-08-31,False,False,True,True,2
night,us_real_10y|selfz|w252,us_real_10y,selfz,252,o2o,2,-1,0.3285080771872343,0.215866632373746,0.25902605081159635,0.28015829131292164,0.22908907861737773,0.6,-1.6632626999588904,10,-0.13675390904409754,0.0028270018465844466,0.6241240978795523,-37.40981822796076,642,22.688459016703582,99.29453262786596,2268,2017-05-16,2026-08-31,False,False,True,True,2
night,us_real_10y|selfz|w252,us_real_10y,selfz,252,day,1,-1,0.2530763339314194,0.7464978585078583,0.5187778236034988,0.5504863710021479,0.33113996153161773,0.8,-2.50879975986919,10,-0.19914391526742198,0.0028110503418030896,0.6241400493843337,-20.29330257120097,489,22.693711088695608,99.29453262786596,2268,2017-05-16,2026-08-31,False,True,False,True,2
night,us_real_10y|selfz|w252,us_real_10y,selfz,252,ongap,1,-1,0.36332896100945017,-0.17774384003723592,0.06404133255051361,0.12045888481630905,0.155183112725156,0.8,-2.849379320818081,10,-0.09350011770940173,0.00288244331530112,0.6247086873534689,-15.814024588600553,568,22.732094965438755,99.2929739284136,2263,2017-05-16,2026-08-31,False,True,True,True,3
night,us_real_10y|robustz|w60,us_real_10y,robustz,60,c2c,2,-1,-0.009351632204841096,-0.2618627862949884,-0.1543072043499365,-0.12816061750688942,-0.018272052131744935,0.5,-2.0954849985039194,10,-0.06559571220097556,0.01192971634828009,0.5491478244480826,-57.39150203873464,858,27.576968881244724,99.20634920634922,2268,2017-05-16,2026-08-31,False,False,True,True,2
night,us_real_10y|robustz|w60,us_real_10y,robustz,60,o2o,2,-1,0.2224029354861023,-0.2106964195096536,-0.03712411002897583,-0.008913787632856569,0.13282879110783324,0.5,-1.9016253556400131,10,-0.05981818473245198,0.01192971634828009,0.5491478244480826,-54.28158897618914,787,27.576968881244724,99.20634920634922,2268,2017-05-16,2026-08-31,False,False,True,True,2
night,us_real_10y|robustz|w60,us_real_10y,robustz,60,day,1,-1,0.2455667211371344,0.4834586220216368,0.37439159674921946,0.41677978361039175,0.4183813108502714,0.7,-1.2412012299224462,10,-0.11576563679064719,0.012049575068207898,0.5490724705781816,-15.379347044674036,620,27.58406873248718,99.20634920634922,2268,2017-05-16,2026-08-31,False,True,True,True,3
night,us_real_10y|robustz|w60,us_real_10y,robustz,60,ongap,1,-1,-0.09212161187369516,-0.697004558625057,-0.42965397439209446,-0.35561062768321433,-0.23822470435972531,0.4,-2.961868833189716,10,0.011257518755471438,0.010968254380083517,0.5491426645174757,-26.989414200245132,1721,27.635270360915882,99.2045956694653,2263,2017-05-16,2026-08-31,False,False,True,True,2
night,us_real_10y|robustz|w120,us_real_10y,robustz,120,c2c,2,1,0.04797668772704639,0.034594618583908845,0.039731603029930215,0.059646341636234786,-0.041759797792529564,0.5,-1.8194196226560804,10,0.11693220379057603,-0.013467091204148787,0.5867434418886407,-43.48229152949647,1170,21.637900650326273,99.20634920634922,2268,2017-05-16,2026-08-31,False,False,True,True,2
night,us_real_10y|robustz|w120,us_real_10y,robustz,120,o2o,2,-1,0.12193944890848447,0.007933934343177122,0.05609294374289774,0.07661754225225,0.18521795621146167,0.6,-1.8734364014749079,10,-0.07251002531164392,0.013467091204148787,0.5867434418886407,-43.92222717075387,921,21.637900650326273,99.20634920634922,2268,2017-05-16,2026-08-31,False,False,True,True,2
night,us_real_10y|robustz|w120,us_real_10y,robustz,120,day,1,-1,0.40158384634775673,0.5367236731022813,0.47316225791044003,0.5044718850113825,0.4994484903572538,0.7,-1.1328609947707304,10,-0.13520938752819403,0.01333240866496653,0.586793955938594,-17.12129128915097,603,21.6433128507945,99.20634920634922,2268,2017-05-16,2026-08-31,False,True,True,True,3
night,us_real_10y|robustz|w120,us_real_10y,robustz,120,ongap,1,-1,0.03973723370936668,-0.4828683463897826,-0.2562543481247241,-0.19952613352927037,-0.16990325277798513,0.6,-2.9416410681956604,10,-0.011154813913348997,0.012898714037022592,0.5868818478867259,-21.661836176097182,1543,21.683121533744252,99.2045956694653,2263,2017-05-16,2026-08-31,False,False,True,True,2
night,us_real_10y|robustz|w252,us_real_10y,robustz,252,c2c,2,1,0.060506247221102524,0.08964720398659984,0.0764303924713779,0.09391250123154143,0.0366278568511192,0.5,-2.2006443769651143,10,0.1370599233512142,-0.0013085559424379802,0.6283209434022189,-44.70760159386183,1146,20.635061386214314,99.25044091710758,2268,2017-05-16,2026-08-31,False,False,True,True,2
night,us_real_10y|robustz|w252,us_real_10y,robustz,252,o2o,2,-1,0.05813375980571112,-0.03011255407066993,0.005727801043582477,0.024067870894295205,0.06320462968659185,0.5,-1.4739047330297221,10,-0.15012310755706215,0.0013085559424379802,0.6283209434022189,-43.433147616325485,776,20.635061386214314,99.25044091710758,2268,2017-05-16,2026-08-31,False,False,False,True,1
night,us_real_10y|robustz|w252,us_real_10y,robustz,252,day,1,-1,0.1033717560838628,0.49484660450678114,0.31878069535821263,0.3462357169064867,0.18105618014641897,0.6,-2.261724696545066,10,-0.21440792880669426,0.0012329090312029197,0.6283965903134541,-20.332574985558356,561,20.636424833329187,99.25044091710758,2268,2017-05-16,2026-08-31,False,False,False,True,1
night,us_real_10y|robustz|w252,us_real_10y,robustz,252,ongap,1,-1,0.0892529397092243,-0.2696743905978131,-0.11634377531700421,-0.06720921067085364,0.03518540076535952,0.7,-3.0282140793323937,10,-0.08161794596040085,0.0013946489711984763,0.628862569622169,-17.551422581209998,702,20.67380319614512,99.24878479893945,2263,2017-05-16,2026-08-31,False,True,True,True,3
night,us_real_10y|bdtanh|w60,us_real_10y,bdtanh,60,c2c,2,-1,0.26552328956408267,-0.25792624800780173,-0.04003648236123987,-0.013673149623591304,-0.014425772880777234,0.6,-2.0324878038054615,10,-0.07598804987592157,-0.03112463278314797,0.6677458265109038,-52.66843675136391,518,28.876960034180353,99.60317460317461,2268,2017-05-16,2026-08-31,False,False,True,True,2
night,us_real_10y|bdtanh|w60,us_real_10y,bdtanh,60,o2o,2,-1,0.5434155720239311,-0.21604747714038477,0.08994147810133886,0.11795931485273999,0.1955278041888714,0.7,-1.8379669455016006,10,-0.07151543900985809,-0.03112463278314797,0.6677458265109038,-50.73232847259273,518,28.876960034180353,99.60317460317461,2268,2017-05-16,2026-08-31,False,True,True,True,3
night,us_real_10y|bdtanh|w60,us_real_10y,bdtanh,60,day,1,-1,0.40302370121348025,0.5412239247964667,0.4762731505033029,0.5182105436189935,0.5904823053708859,0.8,-0.9358225458062099,10,-0.12786442589922614,-0.03107333131788517,0.6676945250456409,-14.117781981353527,404,28.935149215099784,99.60317460317461,2268,2017-05-16,2026-08-31,False,True,True,True,3
night,us_real_10y|bdtanh|w60,us_real_10y,bdtanh,60,ongap,1,-1,0.0668184853953265,-0.5395960045687721,-0.27507298785400264,-0.20144436427255705,-0.21630001392043738,0.6,-3.026193535172652,10,0.02943994082218333,-0.03201790306022786,0.6676403559244892,-23.164044934779422,568,28.98705987209899,99.60229783473265,2263,2017-05-16,2026-08-31,False,False,True,True,2
night,us_real_10y|bdtanh|w120,us_real_10y,bdtanh,120,c2c,2,-1,0.28114457797629433,-0.2933890974156242,-0.05754232929597886,-0.03363087051449309,-0.01870982708518138,0.5,-2.4006841405716974,10,-0.14451385414955029,-0.036290128150231644,0.6471332161388365,-59.22937547955074,574,26.11027242374465,99.73544973544973,2268,2017-05-16,2026-08-31,False,False,True,True,2
night,us_real_10y|bdtanh|w120,us_real_10y,bdtanh,120,o2o,2,-1,0.4722686648628686,-0.21968631730063862,0.05558290855064372,0.08074509517590332,0.16983400046491132,0.6,-2.19725471416114,10,-0.12798582543183362,-0.036290128150231644,0.6471332161388365,-53.590197457379496,574,26.11027242374465,99.73544973544973,2268,2017-05-16,2026-08-31,False,False,True,True,2
night,us_real_10y|bdtanh|w120,us_real_10y,bdtanh,120,day,1,-1,0.30205858503240257,0.3298339937872724,0.3156934897105826,0.3536589861660605,0.3647779746247717,0.8,-1.3436338207351286,10,-0.1816673283891912,-0.03636788352481281,0.6472109715134176,-19.44782865607372,518,26.10107506727294,99.73544973544973,2268,2017-05-16,2026-08-31,False,True,False,True,2
night,us_real_10y|bdtanh|w120,us_real_10y,bdtanh,120,ongap,1,-1,0.3844433517644753,-0.40289309510572574,-0.08498862227102784,-0.01977214394021918,-0.0136821731243131,0.7,-3.418730763489922,10,-0.0377765715012143,-0.036796622252497226,0.6473518902112008,-22.355790372382216,475,26.144578639265745,99.7348652231551,2263,2017-05-16,2026-08-31,False,True,True,True,3
night,us_real_10y|bdtanh|w252,us_real_10y,bdtanh,252,c2c,2,-1,0.15137263388741773,-0.0694093050794834,0.017571411111642874,0.03638226539810628,-0.0159303567377488,0.5,-2.5436027825768077,10,-0.1357251403501949,-0.01667221044982755,0.6257069577086943,-44.52777858739917,536,21.82625215012607,99.42680776014109,2268,2017-05-16,2026-08-31,False,False,True,True,2
night,us_real_10y|bdtanh|w252,us_real_10y,bdtanh,252,o2o,2,-1,0.33387162544645316,0.061852536113956164,0.16172903195523095,0.18164908099843818,0.15329844460574615,0.6,-1.7558657789857886,10,-0.11854009620179487,-0.01667221044982755,0.6257069577086943,-37.64550437310644,520,21.82625215012607,99.42680776014109,2268,2017-05-16,2026-08-31,False,False,True,True,2
night,us_real_10y|bdtanh|w252,us_real_10y,bdtanh,252,day,1,-1,0.180537514946567,0.675425593019981,0.4573788217360767,0.48746663012155533,0.2753667808826709,0.7,-2.548782276947138,10,-0.1923442750216108,-0.01668953000539237,0.6257242772642593,-19.08411230343625,560,21.825310143028968,99.42680776014109,2268,2017-05-16,2026-08-31,False,True,False,True,2
night,us_real_10y|bdtanh|w252,us_real_10y,bdtanh,252,ongap,1,-1,0.3169554374543454,-0.14502890960620496,0.04498040797596788,0.09766462423613333,0.14838222829738987,0.8,-2.770685559220185,10,-0.06163710455940527,-0.016092167530421864,0.6263412839713935,-15.784249365071211,431,21.85874203029862,99.42554131683606,2263,2017-05-16,2026-08-31,False,True,True,True,3
night,us_real_10y|rankc|w60,us_real_10y,rankc,60,c2c,2,-1,0.2743531955765049,-0.1689253302072663,0.015391088325187747,0.04754415186452978,0.026312331129759052,0.5,-2.009847283729094,10,-0.0853617831454607,-0.026912575663135,0.6555782458495519,-56.927475736255374,518,35.0736195727378,99.64726631393297,2268,2017-05-16,2026-08-31,False,False,True,True,2
night,us_real_10y|rankc|w60,us_real_10y,rankc,60,o2o,2,-1,0.4665226555350105,-0.10686578248259214,0.12487230357190907,0.15909608454998017,0.22379940858213085,0.6,-1.811311673543191,10,-0.06316411796251334,-0.026912575663135,0.6555782458495519,-51.52862272635749,518,35.0736195727378,99.64726631393297,2268,2017-05-16,2026-08-31,False,False,True,True,2
night,us_real_10y|rankc|w60,us_real_10y,rankc,60,day,1,-1,0.3661775106665673,0.7132298807834618,0.5526192540280831,0.6041400468618642,0.6249474855732762,0.7,-0.8564932574494789,10,-0.12219400965179908,-0.026849777587467163,0.655515447773884,-13.564447848522853,558,35.15620194741624,99.64726631393297,2268,2017-05-16,2026-08-31,True,True,True,True,4
night,us_real_10y|rankc|w60,us_real_10y,rankc,60,ongap,1,-1,0.07383869854738369,-0.599201408503483,-0.3073376596690608,-0.21590865410122856,-0.20198994491860672,0.6,-3.1199307998534787,10,0.029748133591057407,-0.027945799861163103,0.6552837395548768,-23.885343019441947,939,35.22691039515496,99.6464869642068,2263,2017-05-16,2026-08-31,False,False,True,True,2
night,us_real_10y|rankc|w120,us_real_10y,rankc,120,c2c,2,-1,0.3075555766715695,-0.18934629226954824,0.013155236441100511,0.04044632762868304,0.02727136191139291,0.5,-2.3563314014572203,10,-0.15250749339746814,-0.04008478745924338,0.6461633204044884,-60.31280332896802,574,29.72390287670257,99.73544973544973,2268,2017-05-16,2026-08-31,False,False,False,True,1
night,us_real_10y|rankc|w120,us_real_10y,rankc,120,o2o,2,-1,0.45299754670164305,-0.11204607892722568,0.11109287967337482,0.13998994277554175,0.20025583576340864,0.6,-2.181661304590423,10,-0.1253283024660195,-0.04008478745924338,0.6461633204044884,-52.88511403450807,574,29.72390287670257,99.73544973544973,2268,2017-05-16,2026-08-31,False,False,True,True,2
night,us_real_10y|rankc|w120,us_real_10y,rankc,120,day,1,-1,0.3159432802731341,0.5669005139400091,0.451560058423227,0.49508961133327345,0.4812579067520786,0.7,-1.2603160838970642,10,-0.1820527140403124,-0.040094309862605405,0.6461728428078505,-18.409766894880207,493,29.748179081371937,99.73544973544973,2268,2017-05-16,2026-08-31,False,True,False,True,2
night,us_real_10y|rankc|w120,us_real_10y,rankc,120,ongap,1,-1,0.4059820180899964,-0.4448695604682606,-0.11043019479028895,-0.03432538369387039,-0.014278010459145748,0.7,-3.3955563965709943,10,-0.03396386035165237,-0.04086006415298886,0.6461997984063311,-22.9075841163533,573,29.80407149186961,99.7348652231551,2263,2017-05-16,2026-08-31,False,True,True,True,3
night,us_real_10y|rankc|w252,us_real_10y,rankc,252,c2c,2,-1,0.21768042374035373,-0.005782581647076465,0.084114549733873,0.10760070542763107,0.05119334153700001,0.5,-2.524969690690834,10,-0.13669717375690385,-0.022866472540105345,0.6396032678452753,-47.86228150382919,518,26.847473967351203,99.51499118165785,2268,2017-05-16,2026-08-31,False,False,True,True,2
night,us_real_10y|rankc|w252,us_real_10y,rankc,252,o2o,2,-1,0.3415901930809828,0.08564832629782845,0.18489882522362547,0.20956993679084146,0.20854592803348906,0.5,-1.4803753317194561,10,-0.11018102580242654,-0.022866472540105345,0.6396032678452753,-42.23502475379898,518,26.847473967351203,99.51499118165785,2268,2017-05-16,2026-08-31,False,False,True,True,2
night,us_real_10y|rankc|w252,us_real_10y,rankc,252,day,1,-1,0.24275982502833063,0.7336218408972287,0.5106606634843003,0.5478401170764903,0.4113702477130106,0.8,-2.098529686993879,10,-0.18786153547484344,-0.02286909336651897,0.639605888671689,-18.25102603218354,559,26.851868466031004,99.51499118165785,2268,2017-05-16,2026-08-31,False,True,False,True,2
night,us_real_10y|rankc|w252,us_real_10y,rankc,252,ongap,1,-1,0.4217456192354242,-0.2063331628547814,0.054107047441148005,0.11954601731121034,0.1373765907861853,0.8,-3.019709921063245,10,-0.05942096363181431,-0.02277532211414518,0.6401664960488015,-17.70826427625953,421,26.896642215401627,99.51391957578436,2263,2017-05-16,2026-08-31,False,True,True,True,3
night,us_real_10y|signth|w60,us_real_10y,signth,60,c2c,2,-1,0.27200922883014983,-0.3105186539780523,-0.06679313936028004,-0.04050757000727022,0.015424771524019044,0.6,-2.244324392660711,10,-0.06548076500248298,-0.027855859552788766,0.6742254622731035,-60.29463049171378,518,28.761516370939262,99.38271604938271,2268,2017-05-16,2026-08-31,False,False,True,True,2
night,us_real_10y|signth|w60,us_real_10y,signth,60,o2o,2,-1,0.3691310274975763,-0.37914426807409723,-0.06967316368949857,-0.041908561922679985,0.07329750606008992,0.6,-1.9950361767150293,10,-0.04153093498775611,-0.027855859552788766,0.6742254622731035,-61.098169766308594,518,28.761516370939262,99.38271604938271,2268,2017-05-16,2026-08-31,False,False,True,True,2
night,us_real_10y|signth|w60,us_real_10y,signth,60,day,1,-1,0.33524180633427764,0.3987322790990379,0.36829379251885963,0.4100967177883418,0.5099688696311705,0.7,-0.7686419386891157,10,-0.11017349832603315,-0.027769135259404557,0.6741387379797193,-13.610189599756689,494,28.874625287814364,99.38271604938271,2268,2017-05-16,2026-08-31,False,True,True,True,3
night,us_real_10y|signth|w60,us_real_10y,signth,60,ongap,1,-1,0.08747005524964872,-0.3465818985462803,-0.16176527932012752,-0.08924106904847677,-0.13315283961282456,0.5,-2.805252119236077,10,0.032870365994919014,-0.028822780615675996,0.6739000237197379,-20.746449420903108,449,28.936977988362887,99.3813521873619,2263,2017-05-16,2026-08-31,False,False,True,True,2
night,us_real_10y|signth|w120,us_real_10y,signth,120,c2c,2,-1,0.30037047727185595,-0.24922022681713335,-0.020504225372464626,0.004165581829255515,0.02119213365329376,0.6,-2.2688791642331245,10,-0.13711104037115895,-0.032899684985626045,0.657613021446368,-49.40886419770508,827,26.631511068939318,99.69135802469135,2268,2017-05-16,2026-08-31,False,False,True,True,2
night,us_real_10y|signth|w120,us_real_10y,signth,120,o2o,2,-1,0.5975856806839823,-0.2104034275409966,0.11555460254217716,0.14156127994649634,0.21389363369715683,0.7,-2.2475378655372076,10,-0.1177998602781792,-0.032899684985626045,0.657613021446368,-46.811955001644094,574,26.631511068939318,99.69135802469135,2268,2017-05-16,2026-08-31,False,True,True,True,3
night,us_real_10y|signth|w120,us_real_10y,signth,120,day,1,-1,0.3213482694168135,0.2752116359787879,0.29528126469401683,0.33411779809021835,0.26462673634351447,0.7,-1.582871855342755,10,-0.16858239807290631,-0.03317458724790528,0.6578879237086472,-15.564663820465057,540,26.544802008464853,99.69135802469135,2268,2017-05-16,2026-08-31,False,True,False,True,2
night,us_real_10y|signth|w120,us_real_10y,signth,120,ongap,1,-1,0.5741938275509769,-0.41006344954721197,-0.008232254009251032,0.057517694371552526,0.06898779953266379,0.8,-3.2440117643705317,10,-0.03811283516366695,-0.0330130321840912,0.6578344830651932,-23.868877897858763,386,26.601851232038317,99.69067609368095,2263,2017-05-16,2026-08-31,False,True,True,True,3
night,us_real_10y|signth|w252,us_real_10y,signth,252,c2c,2,-1,0.17696765085303287,-0.0533224001623928,0.034059674831344616,0.04855457962117529,0.005808526059791765,0.5,-2.2862586633936703,10,-0.13223849889498765,-0.053040978086320266,0.5741757223903546,-35.26398705752039,574,16.065289262737835,100.0,2257,2017-05-16,2026-08-31,False,False,True,True,2
night,us_real_10y|signth|w252,us_real_10y,signth,252,o2o,2,-1,0.4601426160068081,-0.1521667851801325,0.06739262159434309,0.08293847847292203,0.055842592765817,0.5,-1.8871593313416404,10,-0.13463229301679275,-0.053040978086320266,0.5741757223903546,-38.03381859040542,518,16.065289262737835,100.0,2257,2017-05-16,2026-08-31,False,False,True,True,2
night,us_real_10y|signth|w252,us_real_10y,signth,252,day,1,-1,0.40528025722037664,0.49067201160794055,0.44933518164559655,0.4726486613689008,0.24131611240784429,0.7,-2.6002704844339095,10,-0.2030387129944667,-0.05305511600860444,0.5741898603126389,-13.765694017636266,443,16.065213136490073,100.0,2257,2017-05-16,2026-08-31,False,True,False,True,2
night,us_real_10y|signth|w252,us_real_10y,signth,252,ongap,1,-1,0.5215345174738047,-0.16894725112438796,0.09113225633868968,0.1310928349879947,0.18700098404017795,0.8,-2.3676979739538497,10,-0.04169540365680051,-0.052349075450298745,0.5746263299109924,-14.458539287389904,350,16.098826551825617,100.0,2252,2017-05-16,2026-08-31,False,True,True,True,3
night,us_real_10y|dev|w60,us_real_10y,dev,60,c2c,2,-1,0.24664881180672435,-0.10866055528069232,0.04206641377349822,0.06785288482244665,0.05554937799960266,0.6,-1.7976939567181274,10,-0.11497305816739731,-0.00893365301800675,0.5911911509028484,-47.61011034143415,492,27.907332285978285,99.33862433862434,2268,2017-05-16,2026-08-31,False,False,True,True,2
night,us_real_10y|dev|w60,us_real_10y,dev,60,o2o,2,-1,0.4718834668373325,-0.052429603823989174,0.16403733777340868,0.19149448207547276,0.24983609870843648,0.6,-1.609411680970026,10,-0.10182050881321335,-0.00893365301800675,0.5911911509028484,-46.986645996779686,518,27.907332285978285,99.33862433862434,2268,2017-05-16,2026-08-31,False,False,True,True,2
night,us_real_10y|dev|w60,us_real_10y,dev,60,day,1,-1,0.4086352566663533,0.6627477452222255,0.5439352406927518,0.585220545973793,0.5593033592358722,0.8,-1.0941396626636497,10,-0.15595274458128436,-0.009041259806261354,0.591298757691103,-17.068511570879465,515,27.95474471423245,99.33862433862434,2268,2017-05-16,2026-08-31,False,True,False,True,2
night,us_real_10y|dev|w60,us_real_10y,dev,60,ongap,1,-1,0.20934280064318797,-0.585338035139724,-0.2230533186133523,-0.1501844029690954,-0.14114611493694665,0.5,-3.031153868948179,10,-0.011642859920381858,-0.010039395598437986,0.5914702117061726,-22.265531489777768,1091,28.00361066479526,99.33716305788775,2263,2017-05-16,2026-08-31,False,False,True,True,2
night,us_real_10y|dev|w120,us_real_10y,dev,120,c2c,2,-1,0.26796866480688447,-0.019681082420656144,0.10407853145639984,0.1240126930395971,0.14712363749926752,0.7,-2.0254343785755964,10,-0.1850999246488944,-0.008833545782372804,0.6236820708432712,-41.81399554977122,863,22.094489105960868,99.51499118165785,2268,2017-05-16,2026-08-31,False,True,False,True,2
night,us_real_10y|dev|w120,us_real_10y,dev,120,o2o,2,-1,0.4589781627948839,0.050020615726157375,0.22037090007747145,0.2414102430102751,0.31831300417491554,0.8,-1.8658708833249875,10,-0.17745197833449886,-0.008833545782372804,0.6236820708432712,-40.90385931847287,686,22.094489105960868,99.51499118165785,2268,2017-05-16,2026-08-31,False,True,False,True,2
night,us_real_10y|dev|w120,us_real_10y,dev,120,day,1,-1,0.24830321384132353,0.63654955987988,0.45380055263817276,0.4853587137964108,0.48784376387907596,0.7,-1.1812515110108597,10,-0.21849461221023805,-0.00914267843309317,0.6239912034939916,-21.74603723034714,548,22.101751231818067,99.51499118165785,2268,2017-05-16,2026-08-31,False,True,False,True,2
night,us_real_10y|dev|w120,us_real_10y,dev,120,ongap,1,-1,0.398586732241021,-0.2751227704065231,0.025734963495470716,0.08099831900149519,0.09948666930815057,0.8,-2.9830039509699557,10,-0.11458999108479538,-0.00975480281606089,0.6242695624745717,-18.705056394806576,829,22.13970955914638,99.51391957578436,2263,2017-05-16,2026-08-31,False,True,True,True,3
night,us_real_10y|dev|w252,us_real_10y,dev,252,c2c,2,-1,0.3448806328130757,0.13786412953751132,0.2248620035877658,0.24140762146065442,0.15553009681341032,0.6,-1.7608118903472125,10,-0.15834231693077577,0.01869499201073848,0.6481487108415644,-36.6614092211018,518,19.060790702577705,99.55908289241623,2268,2017-05-16,2026-08-31,False,False,False,True,1
night,us_real_10y|dev|w252,us_real_10y,dev,252,o2o,2,-1,0.4908436234500105,0.2295435183539545,0.3362021608370456,0.35363738322187704,0.2823874543703207,0.6,-1.4747945920222567,10,-0.14688339056571662,0.01869499201073848,0.6481487108415644,-33.981868113663616,526,19.060790702577705,99.55908289241623,2268,2017-05-16,2026-08-31,False,False,True,True,2
night,us_real_10y|dev|w252,us_real_10y,dev,252,day,1,-1,0.28295394115781247,0.7151720812582352,0.5137108901161042,0.5396575227189341,0.32469792244530593,0.9,-2.4553152626670203,10,-0.21037787099109248,0.018630314244854247,0.6482133886074488,-18.10590548628869,489,19.062772400828695,99.55908289241623,2268,2017-05-16,2026-08-31,False,True,False,True,2
night,us_real_10y|dev|w252,us_real_10y,dev,252,ongap,1,-1,0.5157807501536116,-0.03907025293319325,0.2216212625537517,0.26916463431038773,0.3181138934096333,0.8,-2.8239026207552405,10,-0.11865187695548225,0.01896097389838797,0.6490563697446959,-15.030766650403205,431,19.087711474207314,99.5581087052585,2263,2017-05-16,2026-08-31,False,True,True,True,3
night,us_breakeven_10y|selfz|w60,us_breakeven_10y,selfz,60,c2c,2,1,0.323413825373774,0.054691001991997584,0.17128562242647496,0.19879074455284826,-0.041362443903214065,0.4,-2.2814608437485715,10,-0.1609384668909906,-0.0010139712321161154,0.6114163069922439,-33.77697986459661,1304,29.957016373468164,99.42680776014109,2268,2017-05-16,2026-08-31,False,False,False,True,1
night,us_breakeven_10y|selfz|w60,us_breakeven_10y,selfz,60,o2o,2,1,0.12886863454152353,0.04091911817310198,0.08034022144268034,0.10920103429458652,-0.15244864701685643,0.4,-1.9708689987781245,10,-0.14531658737386535,-0.0010139712321161154,0.6114163069922439,-37.86922406496377,1303,29.957016373468164,99.42680776014109,2268,2017-05-16,2026-08-31,False,False,True,True,2
night,us_breakeven_10y|selfz|w60,us_breakeven_10y,selfz,60,day,1,-1,0.6113366686795089,-0.5358684030707377,0.011853247131483209,0.054021446562220264,0.1695669546097319,0.5,-1.3641716202724954,10,0.14373744580093561,0.00034830115585873913,0.611307528643784,-30.804730047535134,1024,29.959451997536895,99.42680776014109,2268,2017-05-16,2026-08-31,False,False,True,True,2
night,us_breakeven_10y|selfz|w60,us_breakeven_10y,selfz,60,ongap,1,1,0.1146084184805218,-0.2153334035222802,-0.06847101935135627,0.007941587896422226,-0.1957577818520805,0.4,-1.337106223365726,10,-0.14419405534941987,0.0007411776447642069,0.6111655091524325,-13.570962588348658,1293,30.016857329228966,99.42554131683606,2263,2017-05-16,2026-08-31,False,False,True,True,2
night,us_breakeven_10y|selfz|w120,us_breakeven_10y,selfz,120,c2c,2,1,0.41380791774539727,0.02895420043176095,0.1937419187765066,0.21404322980652937,-0.07841376044509393,0.6,-1.735170389968137,10,-0.15586439232254526,-0.007117087151587757,0.6322423330128124,-38.0221081345686,905,23.300805283634038,99.64726631393297,2268,2017-05-16,2026-08-31,False,False,False,True,1
night,us_breakeven_10y|selfz|w120,us_breakeven_10y,selfz,120,o2o,2,1,0.20913155969249037,0.0042085760889590835,0.096909646845654,0.11846334346225364,-0.1714444970909424,0.5,-1.7517807573488064,10,-0.13068562787416632,-0.007117087151587757,0.6322423330128124,-37.14305128784181,911,23.300805283634038,99.64726631393297,2268,2017-05-16,2026-08-31,False,False,True,True,2
night,us_breakeven_10y|selfz|w120,us_breakeven_10y,selfz,120,day,1,-1,0.421600250096606,-0.4141275909066964,-0.016374935901480262,0.014755979421184888,0.1917064634840415,0.6,-0.9025069121710284,10,0.14954456173258168,0.0067484751118486635,0.6318737209730734,-26.58791697950196,1040,23.316222376270623,99.64726631393297,2268,2017-05-16,2026-08-31,False,False,True,True,2
night,us_breakeven_10y|selfz|w120,us_breakeven_10y,selfz,120,ongap,1,1,0.20705091221229213,-0.25000800718400235,-0.03687058316908565,0.022698843547496638,-0.1773394005040549,0.5,-0.7900701751259396,10,-0.10591426861590864,-0.006013974684920397,0.6320224136098955,-13.02618099663093,1293,23.36150014883926,99.6464869642068,2263,2017-05-16,2026-08-31,False,False,True,True,2
night,us_breakeven_10y|selfz|w252,us_breakeven_10y,selfz,252,c2c,2,1,0.4154474840491482,-0.036229525758591244,0.1632568177704155,0.1797057685857585,-0.12736886962929517,0.6,-1.7577550376500042,10,-0.14544675242887042,-0.028917530570138582,0.658365291953809,-38.666218868723476,931,19.87394240070829,99.60317460317461,2268,2017-05-16,2026-08-31,False,False,True,True,2
night,us_breakeven_10y|selfz|w252,us_breakeven_10y,selfz,252,o2o,2,1,0.3158535991511686,-0.083112075951637,0.10184712986045796,0.119098385621104,-0.17207138125229962,0.5,-1.6515435907120046,10,-0.12491516550935484,-0.028917530570138582,0.658365291953809,-42.845783366663014,1158,19.87394240070829,99.60317460317461,2268,2017-05-16,2026-08-31,False,False,True,True,2
night,us_breakeven_10y|selfz|w252,us_breakeven_10y,selfz,252,day,1,-1,0.17692688329577047,-0.3582835318949729,-0.10088878295765036,-0.07583867646392113,0.016693911910914877,0.5,-0.899155418609059,10,0.14920448776958337,0.028772973033398676,0.6582207344170692,-28.291101290874465,1439,19.886433662894028,99.55908289241623,2268,2017-05-16,2026-08-31,False,False,True,True,2
night,us_breakeven_10y|selfz|w252,us_breakeven_10y,selfz,252,ongap,1,1,0.2543673949521065,-0.3707000882236884,-0.06347553506910876,-0.014975585233592024,-0.3002539228476593,0.5,-1.8503803974131756,10,-0.04693924747299928,-0.02829711777744435,0.6581737247419961,-14.791840898332007,1293,19.927942225532064,99.5581087052585,2263,2017-05-16,2026-08-31,False,False,True,True,2
night,us_breakeven_10y|robustz|w60,us_breakeven_10y,robustz,60,c2c,2,1,0.4783267816713795,-0.02959182573635035,0.1902300414999077,0.21547887893978526,0.007483549189747964,0.5,-2.421014685113534,10,-0.1875116293457895,-0.013790364480548042,0.5461818704544503,-32.49665435067385,920,25.944444893812317,99.38271604938271,2268,2017-05-16,2026-08-31,False,False,False,True,1
night,us_breakeven_10y|robustz|w60,us_breakeven_10y,robustz,60,o2o,2,1,0.2691624119009195,-0.00218778156625921,0.11910128809026463,0.14551492555057619,-0.10362250622792425,0.5,-2.0066070877110844,10,-0.17650856745960353,-0.013790364480548042,0.5461818704544503,-30.728430731632045,934,25.944444893812317,99.38271604938271,2268,2017-05-16,2026-08-31,False,False,False,True,1
night,us_breakeven_10y|robustz|w60,us_breakeven_10y,robustz,60,day,1,-1,0.39821023685596757,-0.462759452776002,-0.061568197888394086,-0.022752468133005792,0.07693986443432929,0.5,-1.4349088595897135,10,0.18522518688611317,0.013178065906090549,0.546039895463849,-26.110768194852476,1024,25.94859314779265,99.38271604938271,2268,2017-05-16,2026-08-31,False,False,False,True,1
night,us_breakeven_10y|robustz|w60,us_breakeven_10y,robustz,60,ongap,1,1,0.0856081645560531,-0.23470344147554198,-0.08675601199975368,-0.015652799122069617,-0.23764191593668454,0.5,-1.1870060571207297,10,-0.18088182912178075,-0.012323459958159517,0.5459753770804125,-9.56802134785058,1286,25.996894193470972,99.3813521873619,2263,2017-05-16,2026-08-31,False,False,False,True,1
night,us_breakeven_10y|robustz|w120,us_breakeven_10y,robustz,120,c2c,2,1,0.3585255610047456,-0.03550857002537835,0.14120388082011456,0.15838723556378004,-0.06267002872087919,0.5,-1.8768656367558172,10,-0.1480624049031532,-0.011243133255065445,0.5925078009597402,-39.98231868186803,928,19.653802350672354,99.33862433862434,2268,2017-05-16,2026-08-31,False,False,True,True,2
night,us_breakeven_10y|robustz|w120,us_breakeven_10y,robustz,120,o2o,2,1,0.16944805578507754,-0.05616470835956797,0.04988746647939159,0.06801180709201837,-0.1603381800494472,0.5,-1.8452989529458228,10,-0.13138899935686488,-0.011243133255065445,0.5925078009597402,-40.94885582921858,934,19.653802350672354,99.33862433862434,2268,2017-05-16,2026-08-31,False,False,True,True,2
night,us_breakeven_10y|robustz|w120,us_breakeven_10y,robustz,120,day,1,-1,0.3589974455042454,-0.3760990569701109,-0.020426311497417124,0.005916330453601735,0.06440360242250635,0.4,-1.0261761957954545,10,0.16154283392969176,0.010983961924704211,0.5922486296293789,-23.39648858341369,1040,19.665381675364923,99.33862433862434,2268,2017-05-16,2026-08-31,False,False,False,True,1
night,us_breakeven_10y|robustz|w120,us_breakeven_10y,robustz,120,ongap,1,1,0.29168361300052925,-0.41483126213746435,-0.061291231021616155,-0.0112910355790537,-0.13966515767611978,0.5,-1.216600958544735,10,-0.06418590736981783,-0.010015014614346656,0.5923251407007085,-12.540477266885066,941,19.698230331173356,99.33716305788775,2263,2017-05-16,2026-08-31,False,False,True,True,2
night,us_breakeven_10y|robustz|w252,us_breakeven_10y,robustz,252,c2c,2,1,0.20727528011440297,-0.07833451476871778,0.05340626275582015,0.06804706010015063,-0.20588354526653183,0.6,-1.758504377108259,10,-0.18887300587956624,-0.07250110752063459,0.684689813051494,-40.484554984793526,1220,18.321564186446285,99.38271604938271,2268,2017-05-16,2026-08-31,False,False,False,True,1
night,us_breakeven_10y|robustz|w252,us_breakeven_10y,robustz,252,o2o,2,1,0.17843765261303168,-0.16009863144313563,0.0024027807472450724,0.017703546863096012,-0.23831786807131083,0.5,-1.7123616992887571,10,-0.15793235536216196,-0.07250110752063459,0.684689813051494,-48.82801741313236,1220,18.321564186446285,99.38271604938271,2268,2017-05-16,2026-08-31,False,False,False,True,1
night,us_breakeven_10y|robustz|w252,us_breakeven_10y,robustz,252,day,1,-1,0.1431388931278015,-0.3995938983725938,-0.12872254414701184,-0.10654241683283922,-0.05496857289413894,0.4,-1.0571380898515257,10,0.18828476836669428,0.07225691503804556,0.68453936977968,-30.626522262649097,1439,18.332821564452104,99.38271604938271,2268,2017-05-16,2026-08-31,False,False,False,True,1
night,us_breakeven_10y|robustz|w252,us_breakeven_10y,robustz,252,ongap,1,1,0.371256514538244,-0.3911768691112616,-0.0022763460522887383,0.040081647089325365,-0.19203473265392138,0.5,-1.8025314697357555,10,-0.09263380675337679,-0.07172846474418029,0.6845939898624697,-14.107175509287789,1293,18.366236562191983,99.42554131683606,2263,2017-05-16,2026-08-31,False,False,True,True,2
night,us_breakeven_10y|bdtanh|w60,us_breakeven_10y,bdtanh,60,c2c,2,1,0.286548414064229,0.04020583630940497,0.1409181642266473,0.16665067780751694,-0.0520572228415937,0.4,-2.4670138967854616,10,-0.15820477128790156,0.005972467354403967,0.6745309132850497,-36.43951393628143,1299,28.79979886746289,99.33862433862434,2268,2017-05-16,2026-08-31,False,False,False,True,1
night,us_breakeven_10y|bdtanh|w60,us_breakeven_10y,bdtanh,60,o2o,2,1,0.04556355712720866,-0.01421505202906257,0.011341823331638546,0.038054778143472925,-0.20147866910448786,0.3,-2.1386668626508194,10,-0.15159781998039,0.005972467354403967,0.6745309132850497,-42.790989543797764,1299,28.79979886746289,99.33862433862434,2268,2017-05-16,2026-08-31,False,False,False,True,1
night,us_breakeven_10y|bdtanh|w60,us_breakeven_10y,bdtanh,60,day,1,-1,0.7052186549399533,-0.4695052101144926,0.07239194981533761,0.1127152217394025,0.2168341611079674,0.5,-1.2294138446715563,10,0.13736395802074808,-0.006718482274449039,0.6744784895045457,-28.68131032861081,1024,28.802810379918803,99.33862433862434,2268,2017-05-16,2026-08-31,False,False,True,True,2
night,us_breakeven_10y|bdtanh|w60,us_breakeven_10y,bdtanh,60,ongap,1,1,0.17538391848389862,-0.2611468649792795,-0.07679360601008932,-0.0064141356820888625,-0.18776845793126576,0.4,-1.4252010077455015,10,-0.15609247872564044,0.007870495075902408,0.6742688122775309,-14.300174521593368,1293,28.859194123902014,99.33716305788775,2263,2017-05-16,2026-08-31,False,False,False,True,1
night,us_breakeven_10y|bdtanh|w120,us_breakeven_10y,bdtanh,120,c2c,2,1,0.2789885994561678,0.026220910061645453,0.12976016090029108,0.14970016911140605,-0.12162577176941025,0.5,-1.8095808244550353,10,-0.15362961944311265,-0.018350888237601445,0.680854995775682,-37.776898561311526,896,23.215261824790026,99.60317460317461,2268,2017-05-16,2026-08-31,False,False,False,True,1
night,us_breakeven_10y|bdtanh|w120,us_breakeven_10y,bdtanh,120,o2o,2,1,0.01353630957690707,-0.05082125738582623,-0.022475600549397925,-0.0014444797526799737,-0.261438748262476,0.4,-1.7313829618982843,10,-0.13370723630255904,-0.018350888237601445,0.680854995775682,-38.13300508795934,1135,23.215261824790026,99.60317460317461,2268,2017-05-16,2026-08-31,False,False,True,True,2
night,us_breakeven_10y|bdtanh|w120,us_breakeven_10y,bdtanh,120,day,1,-1,0.6518792993761039,-0.4293816315498936,0.07098997413254111,0.10197884587619147,0.26931772446726643,0.5,-0.9497298863182445,10,0.14103000472389102,0.018033829154349368,0.68053793669243,-28.72115511755997,1439,23.24855670736447,99.60317460317461,2268,2017-05-16,2026-08-31,False,False,True,True,2
night,us_breakeven_10y|bdtanh|w120,us_breakeven_10y,bdtanh,120,ongap,1,1,0.22253485791450767,-0.2780824373977805,-0.058603805642667366,-0.0016376489979246583,-0.17300002986162552,0.3,-1.3300520215117815,10,-0.14198928875368463,-0.017716954986554588,0.6807268366272416,-11.439276039020342,1293,23.29422709533977,99.60229783473265,2263,2017-05-16,2026-08-31,False,False,True,True,2
night,us_breakeven_10y|bdtanh|w252,us_breakeven_10y,bdtanh,252,c2c,2,1,0.32078798751254634,-0.07784718045305429,0.08806276380553252,0.10405812564644343,-0.13362659514412042,0.6,-1.7608724111699838,10,-0.13553334788163657,-0.0282806504519758,0.6923908340499856,-43.64180992197078,931,19.633010743685958,99.73544973544973,2268,2017-05-16,2026-08-31,False,False,True,True,2
night,us_breakeven_10y|bdtanh|w252,us_breakeven_10y,bdtanh,252,o2o,2,1,0.1836181409968798,-0.17619470804137427,-0.018142762571226222,-0.0013141169185301377,-0.2287184375995203,0.4,-1.6574449695033964,10,-0.11675518215633117,-0.0282806504519758,0.6923908340499856,-50.172222101835686,1158,19.633010743685958,99.73544973544973,2268,2017-05-16,2026-08-31,False,False,True,True,2
night,us_breakeven_10y|bdtanh|w252,us_breakeven_10y,bdtanh,252,day,1,-1,0.46091223518185953,-0.3847211827554952,0.003939191412444027,0.02858661476202076,0.1200690282687612,0.5,-0.9595627706733771,10,0.13444928108203505,0.028338271920779753,0.6923750411067735,-29.07799375170244,1439,19.654666452977533,99.73544973544973,2268,2017-05-16,2026-08-31,False,False,True,True,2
night,us_breakeven_10y|bdtanh|w252,us_breakeven_10y,bdtanh,252,ongap,1,1,0.23943181033941188,-0.41707516645299103,-0.11464821279813021,-0.06674598431221661,-0.3346535806878759,0.3,-1.9886353191684691,10,-0.028785371774327318,-0.02810653421778479,0.69230889458421,-14.125178493031019,1293,19.69572591414069,99.7348652231551,2263,2017-05-16,2026-08-31,False,False,True,True,2
night,us_breakeven_10y|rankc|w60,us_breakeven_10y,rankc,60,c2c,2,1,0.3190317855984339,0.1178081759726639,0.20018447849129414,0.23062070622245728,-0.007358906101674136,0.4,-2.4084956726707056,10,-0.15416974466927316,0.010007860971581307,0.6508257029091996,-34.90316920109351,1299,33.39091366705491,99.64726631393297,2268,2017-05-16,2026-08-31,False,False,False,True,1
night,us_breakeven_10y|rankc|w60,us_breakeven_10y,rankc,60,o2o,2,1,0.07063187512391121,0.06659543656033047,0.06775449429908378,0.09940230021528534,-0.14776374361946365,0.3,-2.1515718597531985,10,-0.14422491424615644,0.010007860971581307,0.6508257029091996,-42.04381428010178,1299,33.39091366705491,99.64726631393297,2268,2017-05-16,2026-08-31,False,False,True,True,2
night,us_breakeven_10y|rankc|w60,us_breakeven_10y,rankc,60,day,1,-1,0.6545608571693218,-0.5211332179181726,0.02437663816970834,0.07152784772563342,0.1764491737309868,0.5,-1.6345361518254158,10,0.1329982628666735,-0.010718668130104695,0.650712901805187,-30.849298301716615,1024,33.38952399637617,99.64726631393297,2268,2017-05-16,2026-08-31,False,False,True,True,2
night,us_breakeven_10y|rankc|w60,us_breakeven_10y,rankc,60,ongap,1,1,0.10267226955679505,-0.17795169212746909,-0.06009343270207177,0.02285445096918531,-0.19382793408546756,0.5,-1.5384701935814267,10,-0.16531531469511276,0.011845966060393696,0.6505399742744303,-13.422901419964933,1293,33.460153900088436,99.6464869642068,2263,2017-05-16,2026-08-31,False,False,False,True,1
night,us_breakeven_10y|rankc|w120,us_breakeven_10y,rankc,120,c2c,2,1,0.360477268721467,-0.03264850804882644,0.13112547143732708,0.1535533271633478,-0.11955803419947646,0.5,-1.9776829770355402,10,-0.14765219074261957,-0.011739564827101878,0.6665728204561416,-42.575068874026115,928,25.67254459482958,99.60317460317461,2268,2017-05-16,2026-08-31,False,False,True,True,2
night,us_breakeven_10y|rankc|w120,us_breakeven_10y,rankc,120,o2o,2,1,0.1065938278960011,-0.11458919689240335,-0.016491930232854907,0.007199398030263048,-0.2520079579798642,0.4,-1.873814155654215,10,-0.125669373816952,-0.011739564827101878,0.6665728204561416,-46.353071781019814,934,25.67254459482958,99.60317460317461,2268,2017-05-16,2026-08-31,False,False,True,True,2
night,us_breakeven_10y|rankc|w120,us_breakeven_10y,rankc,120,day,1,-1,0.6130862030182438,-0.3979171539239789,0.07288574364265493,0.10741457802509763,0.27819153690831844,0.5,-0.916081036412886,10,0.13609556552670884,0.01137884720956938,0.6662121028386091,-27.04831308729733,1439,25.69065211654648,99.60317460317461,2268,2017-05-16,2026-08-31,False,False,True,True,2
night,us_breakeven_10y|rankc|w120,us_breakeven_10y,rankc,120,ongap,1,1,0.18764533703656355,-0.29208105681941016,-0.07762296727196079,-0.01359237920615647,-0.19114720900865567,0.4,-1.236197986104389,10,-0.1276948531866237,-0.010888495098588948,0.6665384098806356,-12.705854885926323,1293,25.743483807995847,99.60229783473265,2263,2017-05-16,2026-08-31,False,False,True,True,2
night,us_breakeven_10y|rankc|w252,us_breakeven_10y,rankc,252,c2c,2,1,0.3506670269711128,-0.11447012393360033,0.0865339338665918,0.10550559519958705,-0.1495649997318302,0.5,-1.7876712491276419,10,-0.13436084192655137,-0.02563803353182444,0.6824574289096653,-47.59971026390106,928,22.866042646626756,99.55908289241623,2268,2017-05-16,2026-08-31,False,False,True,True,2
night,us_breakeven_10y|rankc|w252,us_breakeven_10y,rankc,252,o2o,2,1,0.15483756161899578,-0.19752136261123954,-0.03806512746567812,-0.01800496717148145,-0.25468688723364796,0.3,-1.727319319436392,10,-0.11807189258274864,-0.02563803353182444,0.6824574289096653,-51.7520202499704,934,22.866042646626756,99.55908289241623,2268,2017-05-16,2026-08-31,False,False,True,True,2
night,us_breakeven_10y|rankc|w252,us_breakeven_10y,rankc,252,day,1,-1,0.49870575864553884,-0.3962218427324667,0.02458431282332877,0.053671680100284926,0.16063231516000367,0.5,-0.9730088491971387,10,0.1335930712713522,0.02540247327098901,0.6822969688251925,-28.216035785927346,1439,22.864375694456612,99.55908289241623,2268,2017-05-16,2026-08-31,False,False,True,True,2
night,us_breakeven_10y|rankc|w252,us_breakeven_10y,rankc,252,ongap,1,1,0.2019801610837336,-0.312593662690594,-0.06498023815666425,-0.009168004064304515,-0.30204764911984866,0.4,-1.6277995080547096,10,-0.03781581410013126,-0.025076503841952813,0.682172188235213,-12.41218595531675,789,22.914031028654502,99.5581087052585,2263,2017-05-16,2026-08-31,False,False,True,True,2
night,us_breakeven_10y|signth|w60,us_breakeven_10y,signth,60,c2c,2,1,0.27888014985873305,0.05327599770996378,0.14329096062197197,0.16832743628503377,-0.09504890807096064,0.5,-2.37777986901055,10,-0.15703153100667044,0.008995126297902776,0.6666812350008487,-34.20133733529182,1301,27.75335735031829,99.86772486772487,2268,2017-05-16,2026-08-31,False,False,False,True,1
night,us_breakeven_10y|signth|w60,us_breakeven_10y,signth,60,o2o,2,1,0.08940477085511339,0.0554602248987048,0.06898715177155453,0.09496923749031091,-0.14707908515255574,0.4,-2.1011344440199653,10,-0.1444852359029619,0.008995126297902776,0.6666812350008487,-39.0413512112963,1299,27.75335735031829,99.86772486772487,2268,2017-05-16,2026-08-31,False,False,True,True,2
night,us_breakeven_10y|signth|w60,us_breakeven_10y,signth,60,day,1,-1,0.567462605966629,-0.5701819695897861,-0.05040266078145717,-0.010676684992931533,0.09870515521086759,0.5,-1.339192721154008,10,0.13601447014116327,-0.009758788263124086,0.6666638596864639,-31.65551081297324,1024,27.75306211831668,99.86772486772487,2268,2017-05-16,2026-08-31,False,False,True,True,2
night,us_breakeven_10y|signth|w60,us_breakeven_10y,signth,60,ongap,1,1,0.18059777523492157,-0.21954800186658782,-0.05486680653083169,0.014541432783488007,-0.16731045156456825,0.4,-0.9714886377781095,10,-0.15218126985995503,0.010648097075030644,0.6666698781325252,-9.813178221047913,1293,27.81235372434434,99.86743261157756,2263,2017-05-16,2026-08-31,False,False,False,True,1
night,us_breakeven_10y|signth|w120,us_breakeven_10y,signth,120,c2c,2,1,0.17364513578543958,-0.19298317006205484,-0.040441242781215955,-0.02056926621250195,-0.23250203383981904,0.4,-1.8428711728721956,10,-0.14196071385731326,-0.02104226995048543,0.6851449725373068,-51.752309381123766,939,22.754744961980855,99.51499118165785,2268,2017-05-16,2026-08-31,False,False,True,True,2
night,us_breakeven_10y|signth|w120,us_breakeven_10y,signth,120,o2o,2,-1,0.06720053113426513,0.16913814628542087,0.12378649395567264,0.14459632146977802,0.3407795044622754,0.7,-1.1861023727995625,10,0.13759201566120827,0.02104226995048543,0.6851449725373068,-39.3861681298784,1236,22.754744961980855,99.51499118165785,2268,2017-05-16,2026-08-31,False,True,True,True,3
night,us_breakeven_10y|signth|w120,us_breakeven_10y,signth,120,day,1,-1,0.7506592162133778,-0.34664507196206,0.15541053932276766,0.18600048895604773,0.35197903426617255,0.6,-0.6987273921306661,10,0.14425833769049531,0.020592101775069777,0.6847741121649236,-23.515068981501226,1024,22.75502218791093,99.51499118165785,2268,2017-05-16,2026-08-31,False,False,True,True,2
night,us_breakeven_10y|signth|w120,us_breakeven_10y,signth,120,ongap,1,1,0.28607821872486183,-0.5110401964532718,-0.15049069586575417,-0.09020047684244523,-0.2882066300010734,0.4,-1.0984247809076917,10,-0.06606074973103937,-0.020702919625462307,0.6846281675867919,-15.493218033117987,1293,22.80401461140312,99.51391957578436,2263,2017-05-16,2026-08-31,False,False,True,True,2
night,us_breakeven_10y|signth|w252,us_breakeven_10y,signth,252,c2c,2,1,0.21834847525754797,-0.01681445527144661,0.07507527399193711,0.08986503422288426,-0.08056612186776171,0.6,-1.6378312592355355,10,-0.13351403874571488,-0.02665271441758853,0.6529341915198812,-39.6311193027989,928,17.446929956588193,97.57495590828924,2268,2017-05-16,2026-08-31,False,False,True,True,2
night,us_breakeven_10y|signth|w252,us_breakeven_10y,signth,252,o2o,2,1,0.11379740977373089,-0.07412251034883671,0.003905626642027514,0.01961431030235408,-0.13506339130575862,0.5,-1.684158835265892,10,-0.11043530749154498,-0.02665271441758853,0.6529341915198812,-41.624434432832466,934,17.446929956588193,97.57495590828924,2268,2017-05-16,2026-08-31,False,False,True,True,2
night,us_breakeven_10y|signth|w252,us_breakeven_10y,signth,252,day,1,-1,0.5508141821159442,-0.4533863473091537,-0.01313433542600002,0.009620046665634097,0.04323310432341877,0.4,-1.387340175683915,10,0.09449665547528394,0.02634348561672675,0.6527585524779078,-30.720588795016607,1435,17.31631344750006,97.57495590828924,2268,2017-05-16,2026-08-31,False,False,True,True,2
night,us_breakeven_10y|signth|w252,us_breakeven_10y,signth,252,ongap,1,1,0.28276148187173855,-0.36676684951558514,-0.08860753124917722,-0.04377569612177932,-0.2217319524916196,0.3,-1.7744338847109482,10,-0.024545182683007132,-0.026056522251328994,0.6524516777720668,-13.282520380326417,679,17.35376307526294,97.56959787892178,2263,2017-05-16,2026-08-31,False,False,True,True,2
night,us_breakeven_10y|dev|w60,us_breakeven_10y,dev,60,c2c,2,1,0.19365525300153297,0.059765840751166165,0.11728887967445688,0.14049019603533908,-0.17401428384303508,0.3,-1.750443852689056,10,-0.1911685977438393,-0.023708268827630625,0.5918111408414148,-30.983293769790908,1304,25.42922680611427,99.47089947089947,2268,2017-05-16,2026-08-31,False,False,False,True,1
night,us_breakeven_10y|dev|w60,us_breakeven_10y,dev,60,o2o,2,1,0.04465269560770049,0.05652883141790695,0.05090695322369853,0.07483825681320182,-0.26997174911046207,0.2,-2.0362203804723005,10,-0.17115872553414943,-0.023708268827630625,0.5918111408414148,-34.30638868807645,1303,25.42922680611427,99.47089947089947,2268,2017-05-16,2026-08-31,False,False,False,True,1
night,us_breakeven_10y|dev|w60,us_breakeven_10y,dev,60,day,1,-1,0.516156219132696,-0.5735583493329816,-0.05749027857454586,-0.02238771226479754,0.11589128219146087,0.5,-1.3821317621678002,10,0.18506256471265636,0.02303727899742272,0.5917093100336909,-33.48078302676834,1024,25.43285644686105,99.47089947089947,2268,2017-05-16,2026-08-31,False,False,False,True,1
night,us_breakeven_10y|dev|w60,us_breakeven_10y,dev,60,ongap,1,1,0.08632449432470822,-0.2454191008824017,-0.09313184408098014,-0.026844080403563387,-0.5203785904890217,0.2,-1.0642620488321897,10,-0.18483613024512816,-0.02183443901871301,0.5917352585805948,-12.478427138638407,1293,25.483210657633744,99.46973044631021,2263,2017-05-16,2026-08-31,False,False,False,True,1
night,us_breakeven_10y|dev|w120,us_breakeven_10y,dev,120,c2c,2,1,0.05963204464395481,0.09261745838521049,0.07736359074229243,0.09488721120100925,-0.20710999432715665,0.5,-2.055921930140853,10,-0.19196299666549255,-0.04933252441442993,0.6343731553965608,-36.690130759479125,479,20.49234504608731,99.38271604938271,2268,2017-05-16,2026-08-31,False,False,False,True,1
night,us_breakeven_10y|dev|w120,us_breakeven_10y,dev,120,o2o,2,1,-0.011279455155340934,0.05229714984185895,0.022191229246195533,0.04056632470386358,-0.2491298332102966,0.6,-2.0716002308918875,10,-0.15967702491938057,-0.04933252441442993,0.6343731553965608,-35.47441459443766,1276,20.49234504608731,99.38271604938271,2268,2017-05-16,2026-08-31,False,False,False,True,1
night,us_breakeven_10y|dev|w120,us_breakeven_10y,dev,120,day,1,-1,0.36889296333502897,-0.5230098737173182,-0.08706238737175147,-0.06038792040735907,0.051441039212115805,0.4,-0.9926605907779658,10,0.18576814586177173,0.04901290618386484,0.6340535371659958,-33.028667687456725,1439,20.512768294324047,99.38271604938271,2268,2017-05-16,2026-08-31,False,False,False,True,1
night,us_breakeven_10y|dev|w120,us_breakeven_10y,dev,120,ongap,1,1,0.24233678568790734,-0.2985439900865572,-0.03547019238690592,0.015571687820496434,-0.28736658810481863,0.5,-1.1645157345408068,10,-0.15265690963559006,-0.048234212660708355,0.6341381796036729,-13.329320450772453,1293,20.554025014684903,99.3813521873619,2263,2017-05-16,2026-08-31,False,False,False,True,1
night,us_breakeven_10y|dev|w252,us_breakeven_10y,dev,252,c2c,2,1,0.1228174936340334,0.03171993589654068,0.07351756568265047,0.08833647877748017,-0.1950419850149056,0.6,-2.0179733239201134,10,-0.19669049622854637,-0.07092802412160379,0.6714461297698107,-40.559737901265414,693,18.005826253813932,99.64726631393297,2268,2017-05-16,2026-08-31,False,False,False,True,1
night,us_breakeven_10y|dev|w252,us_breakeven_10y,dev,252,o2o,2,1,0.051874341243814244,0.008132216232679106,0.029216485340153496,0.0446464263961669,-0.22205130239788487,0.6,-1.900738907316007,10,-0.17096478389338393,-0.07092802412160379,0.6714461297698107,-38.94246431580933,934,18.005826253813932,99.64726631393297,2268,2017-05-16,2026-08-31,False,False,False,True,1
night,us_breakeven_10y|dev|w252,us_breakeven_10y,dev,252,day,1,-1,0.3455279831635419,-0.48486639048845476,-0.07277755028653414,-0.05057559408094899,0.023509243778119027,0.5,-1.1658370226627774,10,0.1899648876240157,0.07083419007328921,0.671352295721496,-34.78430105123774,1439,18.01137531276993,99.64726631393297,2268,2017-05-16,2026-08-31,False,False,False,True,1
night,us_breakeven_10y|dev|w252,us_breakeven_10y,dev,252,ongap,1,1,0.21234241190418268,-0.3151901043054727,-0.04446923735289656,-0.0013228143155067321,-0.25306849782544605,0.5,-1.9739202893358005,10,-0.09008559407799734,-0.0705233935057087,0.6712574656381856,-12.806421745914399,789,18.048337183383392,99.6464869642068,2263,2017-05-16,2026-08-31,False,False,True,True,2
night,us_breakeven_5y5y|selfz|w60,us_breakeven_5y5y,selfz,60,c2c,2,1,0.14134097762535763,0.04405230655901368,0.08741012762100317,0.13103105287411496,-0.15554257697759122,0.3,-1.8195123806947873,10,-0.08538597022388363,0.0016801998240440418,0.5888170966840222,-53.74427474767296,1301,45.51806599768239,99.42680776014109,2268,2017-05-16,2026-08-31,False,False,True,True,2
night,us_breakeven_5y5y|selfz|w60,us_breakeven_5y5y,selfz,60,o2o,2,1,-0.0042708134960904275,0.26438050607122254,0.14140555130016508,0.18676182789571744,-0.16723564070564484,0.3,-1.5186069455437567,10,-0.07041963550662458,0.0016801998240440418,0.5888170966840222,-50.41559157434823,1299,45.51806599768239,99.42680776014109,2268,2017-05-16,2026-08-31,False,False,True,True,2
night,us_breakeven_5y5y|selfz|w60,us_breakeven_5y5y,selfz,60,day,1,-1,0.5437717067987944,-0.48715592902008803,0.019723749584684338,0.08674992883305796,0.14740712365889622,0.6,-1.689424479824996,10,0.07702489368684803,-0.0024297024722696914,0.5887692678212458,-24.559092820819984,528,45.53155444823676,99.42680776014109,2268,2017-05-16,2026-08-31,False,False,True,True,2
night,us_breakeven_5y5y|selfz|w60,us_breakeven_5y5y,selfz,60,ongap,1,-1,-0.1474156726423875,-0.20162782417559544,-0.17630534747787183,-0.058630326895292205,-0.22431351309164493,0.6,-1.9796017570518947,10,0.1347326300165576,-0.003346477989708615,0.5886795872851736,-12.892459238555782,1250,45.6170893331794,99.42554131683606,2263,2017-05-16,2026-08-31,False,False,True,True,2
night,us_breakeven_5y5y|selfz|w120,us_breakeven_5y5y,selfz,120,c2c,2,1,0.2811061049637011,0.03101528282870224,0.14558667462509536,0.17750694409705586,-0.19850269848908642,0.4,-2.386386755330088,10,-0.06932409935815229,-0.007094546977796573,0.6084079260469575,-40.35759220830709,1299,34.822212062830395,99.55908289241623,2268,2017-05-16,2026-08-31,False,False,True,True,2
night,us_breakeven_5y5y|selfz|w120,us_breakeven_5y5y,selfz,120,o2o,2,1,0.17508936165852343,0.27874732865799157,0.23006540264526792,0.26324572060922385,-0.15503610704534002,0.4,-2.357747810450073,10,-0.04699102229921268,-0.007094546977796573,0.6084079260469575,-42.653060888746865,1110,34.822212062830395,99.55908289241623,2268,2017-05-16,2026-08-31,False,False,True,True,2
night,us_breakeven_5y5y|selfz|w120,us_breakeven_5y5y,selfz,120,day,1,-1,0.43807303134261677,-0.3223191788634642,0.060511114346641075,0.10995554765223926,0.2850030844604714,0.6,-0.7437970613744972,10,0.04021622517647116,0.006299502004350217,0.6083516369287337,-22.158177329813846,1580,34.83064585419673,99.55908289241623,2268,2017-05-16,2026-08-31,False,False,True,True,2
night,us_breakeven_5y5y|selfz|w120,us_breakeven_5y5y,selfz,120,ongap,1,1,0.003769762460480782,0.09881012432451412,0.05462618016036607,0.13887345649664043,-0.12220423644746732,0.3,-0.9983720320853463,10,-0.14365529933945623,-0.005535235392598214,0.6081157510229861,-14.50148562516167,1293,34.8966290733507,99.5581087052585,2263,2017-05-16,2026-08-31,False,False,True,True,2
night,us_breakeven_5y5y|selfz|w252,us_breakeven_5y5y,selfz,252,c2c,2,1,0.3849949333977569,-0.005295567330763171,0.17546244975902425,0.20257038334372268,-0.17758740495632136,0.3,-2.3001068123189516,10,-0.15261444845205593,-0.03810236081250768,0.6198234977008811,-44.02726961261105,1088,31.01556037067389,99.60317460317461,2268,2017-05-16,2026-08-31,False,False,False,True,1
night,us_breakeven_5y5y|selfz|w252,us_breakeven_5y5y,selfz,252,o2o,2,1,0.31056043231137265,0.1357417444501423,0.21839461097385257,0.24678090505811884,-0.15234374779150756,0.4,-2.193527107519626,10,-0.11768191608863461,-0.03810236081250768,0.6198234977008811,-43.99893449719959,1074,31.01556037067389,99.60317460317461,2268,2017-05-16,2026-08-31,False,False,True,True,2
night,us_breakeven_5y5y|selfz|w252,us_breakeven_5y5y,selfz,252,day,1,-1,0.2901449464249311,-0.3036252331303375,-0.0022238447097389785,0.040053787065925765,0.09413756823648957,0.6,-1.1937440365487644,10,0.09769004414905205,0.03760591771422093,0.6201555424113591,-25.169615088067353,914,31.016237976102964,99.60317460317461,2268,2017-05-16,2026-08-31,False,False,True,True,2
night,us_breakeven_5y5y|selfz|w252,us_breakeven_5y5y,selfz,252,ongap,1,1,0.11309548530171873,0.01807023713547599,0.062464989792080004,0.1335832811777093,-0.30175765069407745,0.5,-2.44633440970737,10,-0.19726898545473487,-0.03722221845745368,0.620114676198472,-13.876967425245923,1293,31.072984034033983,99.60229783473265,2263,2017-05-16,2026-08-31,False,False,False,True,1
night,us_breakeven_5y5y|robustz|w60,us_breakeven_5y5y,robustz,60,c2c,2,1,0.2699102928057694,0.21601472926764875,0.24079767808034389,0.2798610037025414,-0.00951315489316662,0.3,-1.7673112215356375,10,-0.08877732932922303,0.01358946476190117,0.538063071535099,-47.90435034727963,1237,39.335259410041566,99.0299823633157,2268,2017-05-16,2026-08-31,False,False,True,True,2
night,us_breakeven_5y5y|robustz|w60,us_breakeven_5y5y,robustz,60,o2o,2,1,0.145990798118263,0.4500774348801592,0.3039467334980229,0.34450259656314797,-0.044933405825502565,0.4,-1.5235274606391558,10,-0.07918973265843088,0.01358946476190117,0.538063071535099,-42.19648660382196,1230,39.335259410041566,99.0299823633157,2268,2017-05-16,2026-08-31,False,False,True,True,2
night,us_breakeven_5y5y|robustz|w60,us_breakeven_5y5y,robustz,60,day,1,-1,0.4240283971961014,-0.5288276905470118,-0.0443077508093351,0.015465041307528984,0.05273840137560363,0.5,-1.502417962138211,10,0.07297551445063957,-0.01441855087151724,0.538039830236175,-23.937127744145968,679,39.341198081511564,99.0299823633157,2268,2017-05-16,2026-08-31,False,False,True,True,2
night,us_breakeven_5y5y|robustz|w60,us_breakeven_5y5y,robustz,60,ongap,1,-1,-0.08572876504163955,-0.2586390014784346,-0.17422220531871183,-0.07059369718108499,-0.28344958471178605,0.6,-2.2368913454460055,10,0.13242754310165866,-0.01525090572942035,0.5380397700387924,-13.078838903943366,1235,39.393339903862575,99.02783915156871,2263,2017-05-16,2026-08-31,False,False,True,True,2
night,us_breakeven_5y5y|robustz|w120,us_breakeven_5y5y,robustz,120,c2c,2,1,0.11212692932958507,0.1790567196818675,0.14753376329656637,0.17706489385807322,-0.21226213861234564,0.4,-1.8381577315669533,10,-0.09704724666077566,-0.009922219457725031,0.5694672637638363,-37.82488970018567,899,31.771235978169422,99.29453262786596,2268,2017-05-16,2026-08-31,False,False,True,True,2
night,us_breakeven_5y5y|robustz|w120,us_breakeven_5y5y,robustz,120,o2o,2,1,-0.0264120081904474,0.3925244807686213,0.19227020551829024,0.22281559890233246,-0.17290724931869486,0.4,-2.2261505907961268,10,-0.08157218643518933,-0.009922219457725031,0.5694672637638363,-33.85285071052703,918,31.771235978169422,99.29453262786596,2268,2017-05-16,2026-08-31,False,False,True,True,2
night,us_breakeven_5y5y|robustz|w120,us_breakeven_5y5y,robustz,120,day,1,-1,0.5184637969754964,-0.4080874347273661,0.06295214249448282,0.10885941986799397,0.20512989832104112,0.6,-0.7947558988117859,10,0.07007052592454371,0.009213253157574009,0.5695136478588572,-21.886305812831562,1439,31.77665332167034,99.29453262786596,2268,2017-05-16,2026-08-31,False,False,True,True,2
night,us_breakeven_5y5y|robustz|w120,us_breakeven_5y5y,robustz,120,ongap,1,1,-0.006821467213506531,0.12978609095297142,0.06491252510454529,0.14027959236168855,-0.09602583237724133,0.3,-1.2037294623341983,10,-0.15969394401624856,-0.00827593097035117,0.5695709436018164,-14.344758592852273,1293,31.83925782189039,99.2929739284136,2263,2017-05-16,2026-08-31,False,False,False,True,1
night,us_breakeven_5y5y|robustz|w252,us_breakeven_5y5y,robustz,252,c2c,2,1,0.40058577540421475,-0.05616632665580361,0.1571167739792065,0.18235508232787864,-0.15849529643040303,0.4,-2.1852903756673423,10,-0.18516494238831765,-0.06702569570591474,0.642031937167378,-45.85509199896774,1220,29.344758851029376,99.33862433862434,2268,2017-05-16,2026-08-31,False,False,False,True,1
night,us_breakeven_5y5y|robustz|w252,us_breakeven_5y5y,robustz,252,o2o,2,1,0.3690846288751676,0.059893129118547245,0.2083865140398454,0.2347308633171307,-0.1113376617038789,0.5,-2.074543203081379,10,-0.13998863893971264,-0.06702569570591474,0.642031937167378,-47.021042243107004,1220,29.344758851029376,99.33862433862434,2268,2017-05-16,2026-08-31,False,False,True,True,2
night,us_breakeven_5y5y|robustz|w252,us_breakeven_5y5y,robustz,252,day,1,-1,0.038648562093883745,-0.2933825465288097,-0.12270652216087165,-0.0836128584364182,-0.08302881364476007,0.4,-1.0698168379801627,10,0.12785917309841355,0.06651421236744479,0.6423380255389253,-23.892983414953918,1073,29.34476727444605,99.33862433862434,2268,2017-05-16,2026-08-31,False,False,True,True,2
night,us_breakeven_5y5y|robustz|w252,us_breakeven_5y5y,robustz,252,ongap,1,1,0.3003849441491004,-0.032990414541395056,0.1233542945834237,0.19015094547152075,-0.17168338334835265,0.5,-2.368411920125615,10,-0.24865319370620725,-0.06598696821970107,0.6422678067916272,-14.970769920848731,1293,29.40848803731913,99.33716305788775,2263,2017-05-16,2026-08-31,False,False,False,True,1
night,us_breakeven_5y5y|bdtanh|w60,us_breakeven_5y5y,bdtanh,60,c2c,2,1,0.06280282945304552,-0.13146948573698158,-0.04769888118153442,-0.005788797412785861,-0.22943073264379682,0.4,-1.8420624817589057,10,-0.07377650207559364,0.007986425884408612,0.6556066642486721,-61.1534106834013,1301,45.67877357685619,99.38271604938271,2268,2017-05-16,2026-08-31,False,False,True,True,2
night,us_breakeven_5y5y|bdtanh|w60,us_breakeven_5y5y,bdtanh,60,o2o,2,-1,-0.024050404817761748,-0.21156190633647515,-0.12890937877161177,-0.08543661753176984,0.12909121822726352,0.5,-1.8102236746476696,10,0.06589493257661005,-0.007986425884408612,0.6556066642486721,-53.87714586955863,1589,45.67877357685619,99.38271604938271,2268,2017-05-16,2026-08-31,False,False,True,True,2
night,us_breakeven_5y5y|bdtanh|w60,us_breakeven_5y5y,bdtanh,60,day,1,-1,0.5417078137105029,-0.44117847915897007,0.026125310071394903,0.09199091225348167,0.16427679811779003,0.6,-1.7646030179078402,10,0.06814099745452762,-0.008771533746393825,0.6555720596921893,-26.12892859143015,1068,45.68201785398383,99.38271604938271,2268,2017-05-16,2026-08-31,False,False,True,True,2
night,us_breakeven_5y5y|bdtanh|w60,us_breakeven_5y5y,bdtanh,60,ongap,1,-1,-0.12282942213436286,-0.1401765904128972,-0.1314693132069803,-0.019296886206381432,-0.16307660686431485,0.6,-1.5321956605883527,10,0.15495153729055117,-0.009708275078909156,0.655553550996974,-13.0849875320813,1214,45.76866005266085,99.3813521873619,2263,2017-05-16,2026-08-31,False,False,False,True,1
night,us_breakeven_5y5y|bdtanh|w120,us_breakeven_5y5y,bdtanh,120,c2c,2,1,0.0895199061128705,-0.11785274886592104,-0.0285891092498649,0.0024038342575657375,-0.25970859810668967,0.3,-2.402604929858396,10,-0.0470390568897906,-0.006442009360065948,0.6682341295520237,-44.823235990502035,1074,33.860853146193335,99.64726631393297,2268,2017-05-16,2026-08-31,False,False,True,True,2
night,us_breakeven_5y5y|bdtanh|w120,us_breakeven_5y5y,bdtanh,120,o2o,2,1,-0.014006205207884015,0.17787858337820456,0.09358563068204417,0.12561939398007776,-0.19537844634634974,0.4,-2.400387383486547,10,-0.036166500392134246,-0.006442009360065948,0.6682341295520237,-47.5243324858012,945,33.860853146193335,99.64726631393297,2268,2017-05-16,2026-08-31,False,False,True,True,2
night,us_breakeven_5y5y|bdtanh|w120,us_breakeven_5y5y,bdtanh,120,day,1,-1,0.5770878013105674,-0.23825986835394958,0.14926412686585272,0.19773006800439016,0.35853198637400285,0.5,-0.6331590749240925,10,0.02735547154484484,0.0056512979156902845,0.6681920657580127,-23.359766026784634,1439,33.863210877954835,99.64726631393297,2268,2017-05-16,2026-08-31,False,False,True,True,2
night,us_breakeven_5y5y|bdtanh|w120,us_breakeven_5y5y,bdtanh,120,ongap,1,1,0.0006030958925127335,0.09103007635646955,0.05174007873595594,0.13493031279170872,-0.09105859258111741,0.3,-1.0584212355514016,10,-0.15325134893068448,-0.005033117051288239,0.6678959580192005,-13.064684655419882,1344,33.92845604233455,99.6464869642068,2263,2017-05-16,2026-08-31,False,False,False,True,1
night,us_breakeven_5y5y|bdtanh|w252,us_breakeven_5y5y,bdtanh,252,c2c,2,1,0.3327930789522687,-0.037968317361790266,0.12424700314309459,0.15092321353480284,-0.15209556542685468,0.3,-2.027063777291808,10,-0.13172472247616718,-0.03224042618762136,0.6614998718648389,-41.49828106614234,1088,30.387927481098245,99.47089947089947,2268,2017-05-16,2026-08-31,False,False,True,True,2
night,us_breakeven_5y5y|bdtanh|w252,us_breakeven_5y5y,bdtanh,252,o2o,2,1,0.22307795449022716,0.12129055194706159,0.16626285614331682,0.19403124255927867,-0.12869141739733395,0.4,-1.8644755411297806,10,-0.10446385458206549,-0.03224042618762136,0.6614998718648389,-41.940374468051075,1060,30.387927481098245,99.47089947089947,2268,2017-05-16,2026-08-31,False,False,True,True,2
night,us_breakeven_5y5y|bdtanh|w252,us_breakeven_5y5y,bdtanh,252,day,1,-1,0.45048567422532526,-0.2732957393659974,0.07665308151558907,0.11822305743581951,0.17678281681084354,0.6,-0.964286452118166,10,0.08031035097543526,0.03185322020083183,0.6618870778516284,-24.63716504397604,905,30.38361058823501,99.47089947089947,2268,2017-05-16,2026-08-31,False,False,True,True,2
night,us_breakeven_5y5y|bdtanh|w252,us_breakeven_5y5y,bdtanh,252,ongap,1,1,0.16479850133617002,-0.10396256515996176,0.013796945082082195,0.08469662901995717,-0.29467271150695307,0.4,-2.732086142043022,10,-0.17750209238134082,-0.031633830865813097,0.6618157894357856,-13.82909080529707,1293,30.440696470093698,99.46973044631021,2263,2017-05-16,2026-08-31,False,False,False,True,1
night,us_breakeven_5y5y|rankc|w60,us_breakeven_5y5y,rankc,60,c2c,2,1,0.1372730869643551,-0.1115486502820497,-0.0056505448814536076,0.038267707637207576,-0.1753156897099677,0.4,-1.9211309970042836,10,-0.08219344715629644,0.013669698793439551,0.6318076500117467,-64.30361433072702,1301,47.30224871059988,99.25044091710758,2268,2017-05-16,2026-08-31,False,False,True,True,2
night,us_breakeven_5y5y|rankc|w60,us_breakeven_5y5y,rankc,60,o2o,2,1,-0.050980953395972306,0.1544311191868408,0.06429222459485129,0.11041573336224142,-0.17807700979332305,0.5,-1.5771495096013686,10,-0.08185563035963762,0.013669698793439551,0.6318076500117467,-55.82706528569994,1299,47.30224871059988,99.25044091710758,2268,2017-05-16,2026-08-31,False,False,True,True,2
night,us_breakeven_5y5y|rankc|w60,us_breakeven_5y5y,rankc,60,day,1,-1,0.567084672970365,-0.4589864633635816,0.02856253072883637,0.09766265742564631,0.1672516925170932,0.6,-1.4301281305459572,10,0.08067832252824744,-0.01443233345893298,0.6317551929411281,-24.84907160793553,1580,47.31228011001957,99.25044091710758,2268,2017-05-16,2026-08-31,False,False,True,True,2
night,us_breakeven_5y5y|rankc|w60,us_breakeven_5y5y,rankc,60,ongap,1,1,-0.10988440221147326,-0.05804608266500363,-0.08013236596478361,0.041209431903568544,-0.2777541090267335,0.3,-0.9935216974573469,10,-0.15095259218709495,0.015219036359794888,0.6317832708597645,-18.719042098851414,1340,47.382873499780224,99.24878479893945,2263,2017-05-16,2026-08-31,False,False,False,True,1
night,us_breakeven_5y5y|rankc|w120,us_breakeven_5y5y,rankc,120,c2c,2,1,0.1314627367658233,-0.12075379126923977,-0.011775714455910158,0.02205260383120054,-0.24277284193161094,0.3,-2.163629691032829,10,-0.06300885026515071,-0.009571209792880984,0.6445964493436754,-47.23006430639913,1074,36.887995145402215,99.16225749559084,2268,2017-05-16,2026-08-31,False,False,True,True,2
night,us_breakeven_5y5y|rankc|w120,us_breakeven_5y5y,rankc,120,o2o,2,1,-0.04452455636898734,0.18609756555548015,0.08433876718421666,0.1195314944701971,-0.21030344574453994,0.4,-2.2965091661262167,10,-0.054177527138652225,-0.009571209792880984,0.6445964493436754,-47.3614325535822,1270,36.887995145402215,99.16225749559084,2268,2017-05-16,2026-08-31,False,False,True,True,2
night,us_breakeven_5y5y|rankc|w120,us_breakeven_5y5y,rankc,120,day,1,-1,0.6794175703238318,-0.3452692735145646,0.14672095670855023,0.19991786296768208,0.3391406844645614,0.4,-0.6639863797397635,10,0.04390960830855769,0.008780587821720875,0.6445561588181314,-24.086529126329033,1439,36.89216262710655,99.16225749559084,2268,2017-05-16,2026-08-31,False,False,True,True,2
night,us_breakeven_5y5y|rankc|w120,us_breakeven_5y5y,rankc,120,ongap,1,1,-0.03541831312372326,0.09794957326390391,0.03983675419405852,0.13116820881806887,-0.1305328204169991,0.3,-1.239279882763331,10,-0.15847642432856046,-0.00815796337135138,0.6442880547234179,-13.689386029651516,1344,36.956306467979,99.16040653999116,2263,2017-05-16,2026-08-31,False,False,False,True,1
night,us_breakeven_5y5y|rankc|w252,us_breakeven_5y5y,rankc,252,c2c,2,1,0.2511879881181492,-0.1089163566366503,0.05216414212687014,0.08031663387768147,-0.21102801078483946,0.3,-2.112948817951549,10,-0.13075519808824226,-0.03407232391654371,0.6464275092252202,-44.7300279369491,1088,31.85701645294225,99.51499118165785,2268,2017-05-16,2026-08-31,False,False,True,True,2
night,us_breakeven_5y5y|rankc|w252,us_breakeven_5y5y,rankc,252,o2o,2,1,0.13177739830726617,0.06744852260593336,0.09641355183808527,0.1258092069096581,-0.18716698263249296,0.4,-1.9789613302810871,10,-0.1096474903501621,-0.03407232391654371,0.6464275092252202,-42.0182981049874,1073,31.85701645294225,99.51499118165785,2268,2017-05-16,2026-08-31,False,False,True,True,2
night,us_breakeven_5y5y|rankc|w252,us_breakeven_5y5y,rankc,252,day,1,-1,0.5521396021684452,-0.2666466869241186,0.13440059798587345,0.1782461006949241,0.24646315829948154,0.6,-0.8674538061410564,10,0.08384909117752183,0.03356897737873177,0.6467368437093162,-23.17419343760583,919,31.859915579621223,99.51499118165785,2268,2017-05-16,2026-08-31,False,False,True,True,2
night,us_breakeven_5y5y|rankc|w252,us_breakeven_5y5y,rankc,252,ongap,1,1,0.13651403059616624,-0.042978911388439414,0.03713396766035089,0.11205551423613029,-0.2792185168019213,0.4,-2.443441494631802,10,-0.17771585373939672,-0.03331359159431365,0.646696682883945,-12.450912375520055,1077,31.906725302794737,99.51391957578436,2263,2017-05-16,2026-08-31,False,False,False,True,1
night,us_breakeven_5y5y|signth|w60,us_breakeven_5y5y,signth,60,c2c,2,1,-0.054362685759724215,-0.025497182963472267,-0.03710571425301085,0.003351963748878183,-0.23813296091444228,0.4,-1.6827531363009338,10,-0.08396751574216833,0.0059284563771238195,0.6432437227095305,-48.90857052851885,1301,42.760428202725556,98.80952380952381,2268,2017-05-16,2026-08-31,False,False,True,True,2
night,us_breakeven_5y5y|signth|w60,us_breakeven_5y5y,signth,60,o2o,2,-1,0.13289986684897584,-0.22452644159302593,-0.0692711039191788,-0.027434525769284266,0.19130050452020367,0.5,-1.7049177554820891,10,0.059272514186883084,-0.0059284563771238195,0.6432437227095305,-54.55228595230093,1589,42.760428202725556,98.80952380952381,2268,2017-05-16,2026-08-31,False,False,True,True,2
night,us_breakeven_5y5y|signth|w60,us_breakeven_5y5y,signth,60,day,1,-1,0.5562335142540894,-0.498827294359759,0.006890964838486506,0.07150355016877893,0.11256649254609752,0.5,-1.8677338589117847,10,0.07130077931705373,-0.006700936671016727,0.6432062802502606,-29.678930348579602,1580,42.76016306085907,98.80952380952381,2268,2017-05-16,2026-08-31,False,False,True,True,2
night,us_breakeven_5y5y|signth|w60,us_breakeven_5y5y,signth,60,ongap,1,1,-0.1361833178857771,0.05076430665243328,-0.029032241521183333,0.08008272199295206,-0.31127647348964727,0.3,-0.9423461317789832,10,-0.17525424632856398,0.007509698427823327,0.6432936894357943,-14.283280066440513,1340,42.796709159795526,98.80689350419797,2263,2017-05-16,2026-08-31,False,False,False,True,1
night,us_breakeven_5y5y|signth|w120,us_breakeven_5y5y,signth,120,c2c,2,1,0.10992908887434175,-0.31827051423121633,-0.1361386173703167,-0.10333040305285557,-0.2854646488210941,0.3,-2.4838706027439277,10,-0.027918036936112594,-0.00792849473008453,0.6643204182377297,-51.56325723343913,1074,34.707564491421216,99.07407407407408,2268,2017-05-16,2026-08-31,False,False,True,True,2
night,us_breakeven_5y5y|signth|w120,us_breakeven_5y5y,signth,120,o2o,2,-1,-0.02026056792913238,0.010764708633390765,-0.0025553974346872016,0.03139277536252471,0.2317661948512726,0.6,-1.664036612768963,10,0.03713322736719399,0.00792849473008453,0.6643204182377297,-50.13826655981439,1589,34.707564491421216,99.07407407407408,2268,2017-05-16,2026-08-31,False,False,True,True,2
night,us_breakeven_5y5y|signth|w120,us_breakeven_5y5y,signth,120,day,1,-1,0.5475551683832577,0.01841197320043255,0.2680089359796604,0.3194765516262624,0.5180626863058588,0.7,-0.5425818840521635,10,0.025766364431004385,0.007151479771523815,0.6642808013588557,-18.171103968645475,1073,34.70731046637475,99.07407407407408,2268,2017-05-16,2026-08-31,False,True,True,True,3
night,us_breakeven_5y5y|signth|w120,us_breakeven_5y5y,signth,120,ongap,1,1,-0.045267304814188405,-0.002005778325297806,-0.01943526714640918,0.07037769958200372,-0.22002939990966436,0.3,-1.392126343562222,10,-0.14423686689932522,-0.00669132630984796,0.66402077567211,-12.485265591008595,1344,34.7828792520512,99.07202828104286,2263,2017-05-16,2026-08-31,False,False,True,True,2
night,us_breakeven_5y5y|signth|w252,us_breakeven_5y5y,signth,252,c2c,2,-1,0.16911127649261634,0.0738723766392278,0.11172542235390905,0.1350326101321884,0.2656455608218717,0.6,-1.6591977836315694,10,0.08131147221797189,0.022025256516143482,0.6275891274013211,-38.65537415791274,1000,25.33593419694743,99.86772486772487,2268,2017-05-16,2026-08-31,False,False,True,True,2
night,us_breakeven_5y5y|signth|w252,us_breakeven_5y5y,signth,252,o2o,2,-1,0.02601663908554578,-0.11920075657690367,-0.05714209860299945,-0.03253526812271108,0.14284442154555116,0.5,-1.5746573119659018,10,0.06219510968525865,0.022025256516143482,0.6275891274013211,-42.54705781622955,1499,25.33593419694743,99.86772486772487,2268,2017-05-16,2026-08-31,False,False,True,True,2
night,us_breakeven_5y5y|signth|w252,us_breakeven_5y5y,signth,252,day,1,-1,0.47811979290708634,-0.3488064218237186,0.030641454652392302,0.0674874321969272,0.07277285801897075,0.5,-1.5874916783645818,10,0.037715471686165986,0.021506759838030444,0.6278641513594317,-25.10523051624871,1439,25.33593419694743,99.86772486772487,2268,2017-05-16,2026-08-31,False,False,True,True,2
night,us_breakeven_5y5y|signth|w252,us_breakeven_5y5y,signth,252,ongap,1,1,0.144447643659957,0.07072032477530292,0.09938087309902251,0.1653613717218995,-0.11238022594819791,0.4,-1.8884204014092925,10,-0.1498708600384919,-0.021303695033502785,0.6276062483546926,-9.602947798553748,1077,25.390852871359854,99.86743261157756,2263,2017-05-16,2026-08-31,False,False,True,True,2
night,us_breakeven_5y5y|dev|w60,us_breakeven_5y5y,dev,60,c2c,2,1,0.08105448475975814,0.1225387340920864,0.10313361271363655,0.14009376206181837,-0.22967793502744505,0.3,-1.707051499209902,10,-0.10239998371034477,-0.011566021414899059,0.5563512110088764,-48.24573982082227,1299,39.04180073452552,99.0299823633157,2268,2017-05-16,2026-08-31,False,False,True,True,2
night,us_breakeven_5y5y|dev|w60,us_breakeven_5y5y,dev,60,o2o,2,1,-0.0023421955614109915,0.3388472370160561,0.17833756074814255,0.2165214998030575,-0.18751436855429313,0.3,-1.8579934528399351,10,-0.08164798777520284,-0.011566021414899059,0.5563512110088764,-46.264256536664725,1267,39.04180073452552,99.0299823633157,2268,2017-05-16,2026-08-31,False,False,True,True,2
night,us_breakeven_5y5y|dev|w60,us_breakeven_5y5y,dev,60,day,1,-1,0.4068988300676981,-0.5535987033061307,-0.07308063185222277,-0.01593884211061465,0.09030693786503328,0.6,-1.852134448994948,10,0.09219676055703847,0.010794987210986647,0.5563051706709945,-26.92333626502359,1040,39.05341093850593,99.0299823633157,2268,2017-05-16,2026-08-31,False,False,True,True,2
night,us_breakeven_5y5y|dev|w60,us_breakeven_5y5y,dev,60,ongap,1,-1,-0.03813912093695922,-0.22126707754499086,-0.1348197723661733,-0.03807920747107048,-0.08784332469779198,0.7,-1.6684564860776265,10,0.165211456298476,0.009746349033886707,0.556350668338629,-12.88958012921803,1214,39.12532044999263,99.02783915156871,2263,2017-05-16,2026-08-31,False,True,False,True,2
night,us_breakeven_5y5y|dev|w120,us_breakeven_5y5y,dev,120,c2c,2,1,0.016943529209410016,0.02002456129112938,0.018545408195337777,0.04840659146434731,-0.32841096226211,0.4,-2.9293731575581257,10,-0.11234565342396416,-0.04953011329471656,0.5908200228209168,-43.27069873858987,1299,32.12972076637382,99.25044091710758,2268,2017-05-16,2026-08-31,False,False,True,True,2
night,us_breakeven_5y5y|dev|w120,us_breakeven_5y5y,dev,120,o2o,2,-1,0.005931325449319917,-0.2647623272854351,-0.13685674682059648,-0.10621824692315043,0.23515339000795876,0.6,-1.6449613235869696,10,0.09080220565846958,0.04953011329471656,0.5908200228209168,-55.880943782796024,1597,32.12972076637382,99.25044091710758,2268,2017-05-16,2026-08-31,False,False,True,True,2
night,us_breakeven_5y5y|dev|w120,us_breakeven_5y5y,dev,120,day,1,-1,0.44509915108838033,-0.3145945865493557,0.07025720984399354,0.11643925954707787,0.3052821193621858,0.6,-0.7423173673408163,10,0.08257854437916166,0.048745843476967546,0.5908109246764512,-19.977520846745687,1439,32.13617874865724,99.25044091710758,2268,2017-05-16,2026-08-31,False,False,True,True,2
night,us_breakeven_5y5y|dev|w120,us_breakeven_5y5y,dev,120,ongap,1,1,-0.028906258496800685,0.14292105590424367,0.06340204274879882,0.14135076909043848,-0.2235150352755018,0.3,-1.4099918029082619,10,-0.20167065439926954,-0.047998972107920077,0.5907195411455306,-13.849824478269,1293,32.20011985938279,99.24878479893945,2263,2017-05-16,2026-08-31,False,False,False,True,1
night,us_breakeven_5y5y|dev|w252,us_breakeven_5y5y,dev,252,c2c,2,1,0.1208201311172812,-0.01829469755054516,0.04678988077251014,0.07227150269733806,-0.27355036751488404,0.3,-2.4921967567537697,10,-0.19230059882583095,-0.0970397008080709,0.6179079909167673,-41.62783595887917,1220,29.08330172822683,99.42680776014109,2268,2017-05-16,2026-08-31,False,False,False,True,1
night,us_breakeven_5y5y|dev|w252,us_breakeven_5y5y,dev,252,o2o,2,1,0.047847570336346644,0.12214673915144018,0.08599704590493883,0.11249179284387013,-0.24729712975155835,0.4,-2.348823204826816,10,-0.15758596394016894,-0.0970397008080709,0.6179079909167673,-42.360959584932615,1208,29.08330172822683,99.42680776014109,2268,2017-05-16,2026-08-31,False,False,False,True,1
night,us_breakeven_5y5y|dev|w252,us_breakeven_5y5y,dev,252,day,1,-1,0.42366443831534745,-0.3637250405035212,0.0439497751644576,0.08343709420761683,0.13641956232394428,0.6,-1.1598291432995438,10,0.13877133425521967,0.09657944543342005,0.6182659161217582,-24.81697470045681,1078,29.08332762243903,99.42680776014109,2268,2017-05-16,2026-08-31,False,False,True,True,2
night,us_breakeven_5y5y|dev|w252,us_breakeven_5y5y,dev,252,ongap,1,1,0.10578517077414264,0.02353076192522853,0.06250825237423517,0.12876910917316134,-0.3130492950266714,0.5,-2.375737555191724,10,-0.23906455137029692,-0.09626336302566839,0.6182607082173336,-13.548940732443606,1293,29.135705984335804,99.42554131683606,2263,2017-05-16,2026-08-31,False,False,False,True,1
night,us_dgs5|selfz|w60,us_dgs5,selfz,60,c2c,2,1,0.06933133947570547,-0.169902142204244,-0.07318395575881549,-0.04484573297585406,-0.15319624453469677,0.3,-2.1039090013660777,10,-0.010664535801659172,0.030733045462739635,0.6208976170696412,-55.56159330296947,1220,30.10926383923732,99.38271604938271,2268,2017-05-16,2026-08-31,False,False,True,True,2
night,us_dgs5|selfz|w60,us_dgs5,selfz,60,o2o,2,-1,0.09312797304303418,0.1684315980624885,0.13523956804630133,0.16499737274962709,0.250761503370296,0.7,-2.2409242460504513,10,-0.004532468717916909,-0.030733045462739635,0.6208976170696412,-40.46675516473527,823,30.10926383923732,99.38271604938271,2268,2017-05-16,2026-08-31,False,True,True,True,3
night,us_dgs5|selfz|w60,us_dgs5,selfz,60,day,1,-1,0.5876533236680286,0.2578187628697744,0.39925198331876793,0.44519047079973034,0.8201935670559943,0.8,-0.7311191292089357,10,-0.018208458178190334,-0.031383034902954625,0.6209674495897839,-13.991886193857153,518,30.117953228316463,99.38271604938271,2268,2017-05-16,2026-08-31,True,True,True,True,4
night,us_dgs5|selfz|w60,us_dgs5,selfz,60,ongap,1,1,0.13322496945612686,0.5243980947528508,0.35502484824494585,0.4355815580475464,0.2360854798430686,0.6,-1.248929341209767,10,-0.07461980286001159,0.03236977092542753,0.6207665405942807,-12.844125920584409,1187,30.171883140050532,99.3813521873619,2263,2017-05-16,2026-08-31,False,False,True,True,2
night,us_dgs5|selfz|w120,us_dgs5,selfz,120,c2c,2,1,0.14444694012760548,-0.23654010343197118,-0.07428240328750778,-0.05541045704395461,-0.22194909601598198,0.3,-1.7935064240499081,10,0.014225480843832666,0.01689550562980555,0.6224062536979594,-65.99749716842564,1220,21.47800577162062,99.25044091710758,2268,2017-05-16,2026-08-31,False,False,True,True,2
night,us_dgs5|selfz|w120,us_dgs5,selfz,120,o2o,2,1,-0.012051016666497397,-0.3208779408831445,-0.18410243228584336,-0.16430424099374605,-0.3417886320073395,0.3,-1.8806288021365565,10,0.03188789310858191,0.01689550562980555,0.6224062536979594,-66.80655553845763,1220,21.47800577162062,99.25044091710758,2268,2017-05-16,2026-08-31,False,False,True,True,2
night,us_dgs5|selfz|w120,us_dgs5,selfz,120,day,1,-1,0.5730415397609511,0.4160205837284209,0.4899135375367864,0.5205579381824477,0.9084454790156062,0.8,-0.6771095242572375,10,-0.035512162504452084,-0.017441029792026903,0.62244699984914,-16.11017000206299,502,21.44849065392334,99.25044091710758,2268,2017-05-16,2026-08-31,True,True,True,True,4
night,us_dgs5|selfz|w120,us_dgs5,selfz,120,ongap,1,1,0.0746325563210111,0.38718311700800717,0.24576044977039943,0.29713416069000986,0.17893561564805124,0.5,-0.9850392452510212,10,-0.046796353464467776,0.01806486874632464,0.6223674467206076,-10.014241681838216,1214,21.481492120700636,99.24878479893945,2263,2017-05-16,2026-08-31,False,False,True,True,2
night,us_dgs5|selfz|w252,us_dgs5,selfz,252,c2c,2,1,0.4080115768572416,-0.3402330102131756,-0.022706771908995702,-0.008907407232726325,-0.17699665804494208,0.4,-1.7091295354126013,10,0.003149533358746704,-0.0019675244015151974,0.6308625705108425,-62.813147486005946,1159,16.36915899901667,99.38271604938271,2268,2017-05-16,2026-08-31,False,False,True,True,2
night,us_dgs5|selfz|w252,us_dgs5,selfz,252,o2o,2,1,0.2872705994654807,-0.408844318876939,-0.10158689000380446,-0.08741345366150431,-0.29543737614884075,0.4,-1.5873002781199685,10,0.024274033997913756,-0.0019675244015151974,0.6308625705108425,-67.13199011504173,1158,16.36915899901667,99.38271604938271,2268,2017-05-16,2026-08-31,False,False,True,True,2
night,us_dgs5|selfz|w252,us_dgs5,selfz,252,day,1,-1,0.26359231492811724,0.4866285260915164,0.38130748075539317,0.40310767604739445,0.6960799291839771,0.7,-0.37460311448606104,10,-0.05185805235769086,0.0017590895062527601,0.631071005406105,-13.17063993727155,674,16.364316936538952,99.38271604938271,2268,2017-05-16,2026-08-31,True,True,True,True,4
night,us_dgs5|selfz|w252,us_dgs5,selfz,252,ongap,1,1,0.3302559055950348,0.3364703902418829,0.3328541220329845,0.371314800595816,0.188778132913,0.5,-0.8061583209035544,10,-0.042656406851043806,-0.0012274218477120156,0.6315141909300594,-12.559802717072388,1239,16.392272624999062,99.3813521873619,2263,2017-05-16,2026-08-31,False,False,True,True,2
night,us_dgs5|robustz|w60,us_dgs5,robustz,60,c2c,2,1,0.16919111927591465,0.05653962182092004,0.10486384517363505,0.12952138617269934,-0.06881093197490158,0.4,-1.703921176485799,10,-0.07507058390807393,-0.013873899953645739,0.5522313625531727,-43.421767608798525,1288,25.662474913177014,99.47089947089947,2268,2017-05-16,2026-08-31,False,False,True,True,2
night,us_dgs5|robustz|w60,us_dgs5,robustz,60,o2o,2,1,0.036397680456996595,-0.017225512067819054,0.007351526889727867,0.033381977008988074,-0.21443223669240233,0.4,-1.84659157115642,10,-0.05438879408755295,-0.013873899953645739,0.5522313625531727,-44.922840607227144,1288,25.662474913177014,99.47089947089947,2268,2017-05-16,2026-08-31,False,False,True,True,2
night,us_dgs5|robustz|w60,us_dgs5,robustz,60,day,1,-1,0.39961924158761386,0.14380206471325743,0.26854462796802625,0.30863386942882587,0.6547353204141633,0.8,-0.7066330726288178,10,0.05763481230692675,0.013398728251293521,0.5521655142615897,-13.561574116811961,647,25.66849994335715,99.47089947089947,2268,2017-05-16,2026-08-31,True,True,True,True,4
night,us_dgs5|robustz|w60,us_dgs5,robustz,60,ongap,1,1,0.12951575513363744,0.4750245523868794,0.30790244830033964,0.37641959685457793,0.17920649072966255,0.6,-1.484183107699371,10,-0.11250197964874341,-0.012586419245239212,0.5519195735996898,-11.653980913435962,1187,25.711155486357427,99.46973044631021,2263,2017-05-16,2026-08-31,False,False,True,True,2
night,us_dgs5|robustz|w120,us_dgs5,robustz,120,c2c,2,1,0.060842295096707105,0.08177515555259461,0.07200856761949007,0.0871715650511329,-0.16366017408123895,0.4,-1.43529244667851,10,-0.040890742113987584,-0.03741896617684781,0.6111688342176763,-41.32855096374414,1234,17.357465862552267,99.73544973544973,2268,2017-05-16,2026-08-31,False,False,True,True,2
night,us_dgs5|robustz|w120,us_dgs5,robustz,120,o2o,2,-1,0.0019719074403758948,-0.033496572302326166,-0.017187361602964385,-0.0014353547939926956,0.2365399169616429,0.6,-2.2111951643344616,10,0.014074106204279685,0.03741896617684781,0.6111688342176763,-45.66594659263702,1383,17.357465862552267,99.73544973544973,2268,2017-05-16,2026-08-31,False,False,True,True,2
night,us_dgs5|robustz|w120,us_dgs5,robustz,120,day,1,-1,0.6188057080501576,-0.004243169132471728,0.3020252301195774,0.3263301094073921,0.46787867571338776,0.7,-1.1338341131893641,10,0.02363121015719085,0.03710059168324748,0.6110836495052961,-16.62264585186786,1439,17.370287148165698,99.73544973544973,2268,2017-05-16,2026-08-31,False,True,True,True,3
night,us_dgs5|robustz|w120,us_dgs5,robustz,120,ongap,1,1,0.1524862570542584,0.3495577530286073,0.2556299996558151,0.29804311631276637,0.13350867828421362,0.5,-1.1498549745406155,10,-0.07119417376655215,-0.036275193923174465,0.6112959381830215,-8.706349821020206,1215,17.402416536536414,99.7348652231551,2263,2017-05-16,2026-08-31,False,False,True,True,2
night,us_dgs5|robustz|w252,us_dgs5,robustz,252,c2c,2,1,0.509138857926211,-0.06160669647064348,0.15479664178355024,0.16536711299937942,-0.039041868824262284,0.4,-1.7029753480913326,10,0.10027641029365392,0.04535301805129577,0.687732073334808,-42.77785003854066,1118,13.462880858470209,99.47089947089947,2268,2017-05-16,2026-08-31,False,False,True,True,2
night,us_dgs5|robustz|w252,us_dgs5,robustz,252,o2o,2,1,0.40010000452921185,-0.14224732875099844,0.0723347477255389,0.08348260105550519,-0.12277288986493827,0.4,-1.623965207488896,10,0.12304526346508682,0.04535301805129577,0.687732073334808,-47.76838889637421,1119,13.462880858470209,99.47089947089947,2268,2017-05-16,2026-08-31,False,False,True,True,2
night,us_dgs5|robustz|w252,us_dgs5,robustz,252,day,1,-1,0.10719448600283318,0.39499325193323565,0.2672140008575634,0.28428821062094717,0.47182137113788075,0.6,-0.603123239455753,10,-0.1703297085335922,-0.04559314509217141,0.6879722003756836,-13.76650680373492,494,13.4574853361485,99.47089947089947,2268,2017-05-16,2026-08-31,False,False,False,True,1
night,us_dgs5|robustz|w252,us_dgs5,robustz,252,ongap,1,1,0.3790974926529373,0.3004461579603361,0.3293921921267876,0.3600388377066044,0.08202349796620441,0.5,-1.6898002754917227,10,0.027022652490360222,0.0461517068820618,0.6882136215451751,-11.304381125464483,1056,13.484909757873622,99.46973044631021,2263,2017-05-16,2026-08-31,False,False,True,True,2
night,us_dgs5|bdtanh|w60,us_dgs5,bdtanh,60,c2c,2,1,0.011968670169235541,-0.17463089682273125,-0.09888617069803228,-0.07445747915524435,-0.18966505431051198,0.3,-1.9945812233486737,10,0.001496309286854082,0.04848028258288429,0.6713883843551715,-54.794460931303526,2092,26.628040090880233,99.42680776014109,2268,2017-05-16,2026-08-31,False,False,True,True,2
night,us_dgs5|bdtanh|w60,us_dgs5,bdtanh,60,o2o,2,-1,0.05809977366717119,0.1336998426167534,0.10120024004902169,0.12662527281391645,0.22987198414641727,0.6,-2.180861039980539,10,-0.01903990818592909,-0.04848028258288429,0.6713883843551715,-42.53223181186537,544,26.628040090880233,99.42680776014109,2268,2017-05-16,2026-08-31,False,False,True,True,2
night,us_dgs5|bdtanh|w60,us_dgs5,bdtanh,60,day,1,-1,0.4553467470216209,0.2732460680836822,0.3511627257762646,0.3901754759529185,0.7016376883991233,0.8,-0.7273339450591667,10,-0.025618404237627193,-0.049154864964362034,0.6713568495885756,-13.993532566250941,503,26.57932199290763,99.42680776014109,2268,2017-05-16,2026-08-31,True,True,True,True,4
night,us_dgs5|bdtanh|w60,us_dgs5,bdtanh,60,ongap,1,1,0.0666385099307014,0.584863499670054,0.36949980188980236,0.43871905555800894,0.2395480130202826,0.6,-1.045473352993432,10,-0.07391895495870059,0.05009199655087256,0.6712522846259869,-12.17737747434742,1186,26.625101287177372,99.42554131683606,2263,2017-05-16,2026-08-31,False,False,True,True,2
night,us_dgs5|bdtanh|w120,us_dgs5,bdtanh,120,c2c,2,1,0.09846461406563405,-0.11029515503151514,-0.02700730894731486,-0.011961296997980974,-0.1953585766967603,0.3,-1.6070227213324346,10,0.04014760496782465,0.029368326495320618,0.6525177331855412,-55.06323920779984,1220,17.267750378533684,99.60317460317461,2268,2017-05-16,2026-08-31,False,False,True,True,2
night,us_dgs5|bdtanh|w120,us_dgs5,bdtanh,120,o2o,2,1,-0.009557334086512097,-0.19446496897918644,-0.11736067260376576,-0.10161575016688391,-0.2944113025069341,0.3,-1.5175074937026745,10,0.06301175409751364,0.029368326495320618,0.6525177331855412,-57.12764292128715,1220,17.267750378533684,99.60317460317461,2268,2017-05-16,2026-08-31,False,False,True,True,2
night,us_dgs5|bdtanh|w120,us_dgs5,bdtanh,120,day,1,-1,0.37715978637843195,0.37540904611628706,0.37447558486260907,0.3987805100736433,0.6984455221997617,0.8,-0.6560686555369334,10,-0.07029503022080578,-0.029996754773849686,0.6525216723390418,-17.56595935800914,690,17.18114378066059,99.60317460317461,2268,2017-05-16,2026-08-31,True,True,True,True,4
night,us_dgs5|bdtanh|w120,us_dgs5,bdtanh,120,ongap,1,1,-0.03702635813962634,0.3643684714838339,0.19809537534476526,0.2383255260859371,0.12869155633366255,0.6,-0.7421463340561262,10,-0.03450772693791213,0.030308978837267252,0.6525201677995741,-12.039719590774553,1207,17.201221978087013,99.6464869642068,2263,2017-05-16,2026-08-31,False,False,True,True,2
night,us_dgs5|bdtanh|w252,us_dgs5,bdtanh,252,c2c,2,1,0.23620789090398467,-0.33292304348111373,-0.09682972137129936,-0.08401360427257865,-0.20786143643594396,0.4,-2.0001464277319543,10,0.02408280198244974,0.03426600349129522,0.632709720955735,-62.975230262535895,1118,15.254529779966637,98.89770723104057,2268,2017-05-16,2026-08-31,False,False,True,True,2
night,us_dgs5|bdtanh|w252,us_dgs5,bdtanh,252,o2o,2,1,0.1410688619517031,-0.42256253631030966,-0.1820012607782552,-0.1686735552421299,-0.3287378856827445,0.4,-1.9227379988550946,10,0.039924870206068365,0.03426600349129522,0.632709720955735,-68.25911551812067,1119,15.254529779966637,98.89770723104057,2268,2017-05-16,2026-08-31,False,False,True,True,2
night,us_dgs5|bdtanh|w252,us_dgs5,bdtanh,252,day,1,-1,0.29308960501665826,0.621609106690845,0.46856102013927786,0.48907115520453376,0.7328489054797295,0.7,-0.39049400061051304,10,-0.09038246701093063,-0.034349165353565796,0.6327928828180056,-14.259282062423711,522,15.24792937655207,98.89770723104057,2268,2017-05-16,2026-08-31,True,True,True,True,4
night,us_dgs5|bdtanh|w252,us_dgs5,bdtanh,252,ongap,1,1,0.11808067573204346,0.3507107122386868,0.24667527769448028,0.28175350615520706,0.1426211041424347,0.4,-0.7863880909568313,10,-0.04055473840597421,0.034333118923681856,0.6332153785284704,-11.426017815748216,1217,15.274126667726371,98.93946089262042,2263,2017-05-16,2026-08-31,False,False,True,True,2
night,us_dgs5|rankc|w60,us_dgs5,rankc,60,c2c,2,-1,0.003946744302630582,0.15606497134297395,0.09308195255122641,0.12474612286741894,0.1873872051616029,0.7,-2.4775800830997765,10,0.012671729823946348,-0.0430813336016816,0.6582072997711074,-42.7434144504517,568,34.067437518653634,99.82363315696648,2268,2017-05-16,2026-08-31,False,True,True,True,3
night,us_dgs5|rankc|w60,us_dgs5,rankc,60,o2o,2,-1,0.23313806769943018,0.178654544674164,0.19843199114210047,0.2314028275992682,0.3128118640708874,0.8,-2.2097873648797077,10,-0.006378921128547474,-0.0430813336016816,0.6582072997711074,-41.34374561694602,544,34.067437518653634,99.82363315696648,2268,2017-05-16,2026-08-31,False,True,True,True,3
night,us_dgs5|rankc|w60,us_dgs5,rankc,60,day,1,-1,0.5994404970642089,0.30013167658917356,0.4314383164455805,0.4822626371579683,0.7667151890785487,0.8,-0.7731348275707044,10,-0.01853838057592103,-0.043765969814113015,0.6582142870737162,-14.644341201575035,503,34.0271438801049,99.82363315696648,2268,2017-05-16,2026-08-31,True,True,True,True,4
night,us_dgs5|rankc|w60,us_dgs5,rankc,60,ongap,1,1,-0.07026497230015676,0.5250521562710809,0.2761011893568239,0.3637904147157332,0.15158424018663294,0.5,-1.165011949895205,10,-0.09114107533198024,0.04483654989979548,0.6579537059312498,-14.383123785553858,1200,34.08438158608864,99.82324348210341,2263,2017-05-16,2026-08-31,False,False,True,True,2
night,us_dgs5|rankc|w120,us_dgs5,rankc,120,c2c,2,1,-0.018923434296182425,-0.15790679781259565,-0.10049385415446169,-0.07871672997967374,-0.23549565890349464,0.3,-1.8706103558487048,10,0.029992066648116277,0.02755542830673853,0.6571888386097275,-60.101715308118344,1220,24.43985380429926,99.60317460317461,2268,2017-05-16,2026-08-31,False,False,True,True,2
night,us_dgs5|rankc|w120,us_dgs5,rankc,120,o2o,2,-1,0.14792087441774945,0.2148090228420984,0.18431685825648522,0.20706666860664813,0.32234900754353035,0.8,-2.189087459396701,10,-0.04726680692700646,-0.02755542830673853,0.6571888386097275,-45.684202893933815,799,24.43985380429926,99.60317460317461,2268,2017-05-16,2026-08-31,False,True,True,True,3
night,us_dgs5|rankc|w120,us_dgs5,rankc,120,day,1,-1,0.4374035198630959,0.401548082022002,0.41551467319507945,0.4508259250080491,0.7352448896715936,0.8,-0.6613660490623972,10,-0.05638990700938626,-0.028176274250777785,0.6572467446987363,-17.816013955968597,592,24.355862132487896,99.60317460317461,2268,2017-05-16,2026-08-31,True,True,True,True,4
night,us_dgs5|rankc|w120,us_dgs5,rankc,120,ongap,1,-1,0.05056284889335446,-0.4459323200283464,-0.24121481399591452,-0.18259041291603478,-0.20230561222175333,0.4,-2.7919442966481642,10,0.046880525217243466,-0.028707163267398216,0.6572737948047048,-21.208519795483458,1068,24.38212137437835,99.60229783473265,2263,2017-05-16,2026-08-31,False,False,True,True,2
night,us_dgs5|rankc|w252,us_dgs5,rankc,252,c2c,2,1,0.08029789773938971,-0.3105433914909019,-0.14871217293813915,-0.12908180556763782,-0.26448100659544277,0.4,-1.8491747336006858,10,0.05008905268483029,0.032497693209484625,0.6461310538063803,-63.033190541399144,1127,22.426860037083998,99.51499118165785,2268,2017-05-16,2026-08-31,False,False,True,True,2
night,us_dgs5|rankc|w252,us_dgs5,rankc,252,o2o,2,-1,0.06249055927001604,0.364186975666702,0.23488525533157711,0.25519862096190254,0.3936685809718571,0.8,-1.674336617373769,10,-0.061567712987973006,-0.032497693209484625,0.6461310538063803,-41.03848751882617,811,22.426860037083998,99.51499118165785,2268,2017-05-16,2026-08-31,False,True,True,True,3
night,us_dgs5|rankc|w252,us_dgs5,rankc,252,day,1,-1,0.3872689991924372,0.5585443982974143,0.4788963807011453,0.5104207531149209,1.00609243499124,0.8,-0.3830497469460214,10,-0.0927131416963896,-0.0327142438346429,0.6463476044315385,-13.729007656306777,566,22.39647308271107,99.51499118165785,2268,2017-05-16,2026-08-31,True,True,True,True,4
night,us_dgs5|rankc|w252,us_dgs5,rankc,252,ongap,1,-1,0.07719522887022538,-0.36646784066808785,-0.17156154451403857,-0.11827571723201895,-0.11606958542128738,0.6,-2.931159066460077,10,0.004047897872584414,-0.032855713559982,0.646798083304078,-18.775501712420706,943,22.42689305621818,99.51391957578436,2263,2017-05-16,2026-08-31,False,False,True,True,2
night,us_dgs5|signth|w60,us_dgs5,signth,60,c2c,2,1,0.048706462405207956,-0.35817844501488355,-0.1936647436213228,-0.17289202044535323,-0.24224558383293865,0.4,-2.013968347972567,10,0.00887190418669568,0.046828584835343294,0.6853413234295942,-60.187710454048556,1127,22.88074104057392,99.95590828924162,2268,2017-05-16,2026-08-31,False,False,True,True,2
night,us_dgs5|signth|w60,us_dgs5,signth,60,o2o,2,1,0.02641339642859057,-0.2368710985303656,-0.1283200988052861,-0.10673882276563257,-0.2362442258224803,0.4,-1.7280929546093171,10,0.022056934180749763,0.046828584835343294,0.6853413234295942,-54.5051866854207,1158,22.88074104057392,99.95590828924162,2268,2017-05-16,2026-08-31,False,False,True,True,2
night,us_dgs5|signth|w60,us_dgs5,signth,60,day,1,-1,0.28834074288610334,0.26042930373355727,0.2708462363197008,0.3037290970524583,0.5769915899488789,0.8,-0.6855617280535004,10,-0.019264452093249965,-0.047507431582006474,0.6852337175875018,-14.747299495166102,751,22.808495275540015,99.95590828924162,2268,2017-05-16,2026-08-31,False,True,True,True,3
night,us_dgs5|signth|w60,us_dgs5,signth,60,ongap,1,1,-0.07370410884442383,0.5080259725242324,0.2693349822172837,0.328253079329784,0.1891462521589293,0.6,-0.9965803042335795,10,-0.05590962396194712,0.04853645531575305,0.6851559014233497,-13.157650238489534,1200,22.857997389907364,99.95581087052585,2263,2017-05-16,2026-08-31,False,False,True,True,2
night,us_dgs5|signth|w120,us_dgs5,signth,120,c2c,2,1,-0.007172757966838577,-0.035652764809361526,-0.0239469898554713,-0.008339058739933838,-0.174739543077283,0.3,-1.7007713888076672,10,0.03749746186345388,0.031013099362814878,0.6603829046468167,-49.95183279134452,1220,17.405046695636226,99.86772486772487,2268,2017-05-16,2026-08-31,False,False,True,True,2
night,us_dgs5|signth|w120,us_dgs5,signth,120,o2o,2,1,-0.005633917094590282,-0.18518450350477972,-0.11091353983812995,-0.09455297318980657,-0.25623989076579123,0.3,-1.5903875543928583,10,0.06537975803781132,0.031013099362814878,0.6603829046468167,-54.39225250277722,1222,17.405046695636226,99.86772486772487,2268,2017-05-16,2026-08-31,False,False,True,True,2
night,us_dgs5|signth|w120,us_dgs5,signth,120,day,1,-1,0.13441812677552298,0.2928394268589321,0.22051814385159463,0.24556937462622958,0.5407245565452571,0.7,-0.60834533297542,10,-0.07643656377990803,-0.03170971035603109,0.6603006581051917,-19.889387759128148,1498,17.330790994814166,99.86772486772487,2268,2017-05-16,2026-08-31,False,True,True,True,3
night,us_dgs5|signth|w120,us_dgs5,signth,120,ongap,1,-1,-0.040014588411205414,-0.39385075479946974,-0.25039000770694436,-0.20855377658927046,-0.1327130822357369,0.5,-3.002317293675603,10,0.035191966803389915,-0.03179132853874178,0.6601131620810834,-21.41030825421281,589,17.368439345313945,99.86743261157756,2263,2017-05-16,2026-08-31,False,False,True,True,2
night,us_dgs5|signth|w252,us_dgs5,signth,252,c2c,2,1,0.4144201527773645,-0.1883590689864679,0.016307657518793352,0.027239742323227234,0.08783861757428159,0.5,-2.333786900725196,10,0.0557150917114112,0.04553911522224755,0.6138197544597448,-48.83672477403077,1016,13.15074082422573,99.8435054773083,1917,2017-05-16,2026-08-31,False,False,True,True,2
night,us_dgs5|signth|w252,us_dgs5,signth,252,o2o,2,1,0.4306736189082446,-0.24107927023938694,-0.0014930342322744636,0.01003586563596491,0.11652080440901748,0.5,-2.279918632282951,10,0.11739446556045414,0.04553911522224755,0.6138197544597448,-51.552793284896495,1008,13.15074082422573,99.8435054773083,1917,2017-05-16,2026-08-31,False,False,True,True,2
night,us_dgs5|signth|w252,us_dgs5,signth,252,day,1,-1,0.0036534612388480748,0.34103287354690937,0.2022628401380577,0.2202227583756276,0.030383034957347708,0.6,-3.2119889674890048,10,-0.18182608314704776,-0.0455632703829924,0.6138439096204896,-11.576646956313564,794,13.150715208834361,99.8435054773083,1917,2017-05-16,2026-08-31,False,False,False,True,1
night,us_dgs5|signth|w252,us_dgs5,signth,252,ongap,1,1,0.30603273046844043,0.4487061758327388,0.38828018960141336,0.41801900620164784,0.37650778749592506,0.6,-1.025836805338778,10,-0.002188166986055035,0.04552168662082971,0.6140543968042472,-10.380557585468349,844,13.184218347563585,99.84309623430963,1912,2017-05-16,2026-08-31,False,False,True,True,2
night,us_dgs5|dev|w60,us_dgs5,dev,60,c2c,2,1,0.015848562228845117,-0.10487367624021943,-0.05249538843979886,-0.03096965795920238,-0.20646972973376143,0.3,-1.7592056430065248,10,0.0028113388907002198,0.036757781718143305,0.6198765422061142,-50.36906846933435,1299,24.309839181082868,99.55908289241623,2268,2017-05-16,2026-08-31,False,False,True,True,2
night,us_dgs5|dev|w60,us_dgs5,dev,60,o2o,2,-1,0.051723292745515556,0.08313976419949837,0.06873913798066193,0.09123305941807193,0.25752762597885875,0.6,-2.175950875349957,10,-0.020207095814879648,-0.036757781718143305,0.6198765422061142,-42.266948583855694,823,24.309839181082868,99.55908289241623,2268,2017-05-16,2026-08-31,False,False,True,True,2
night,us_dgs5|dev|w60,us_dgs5,dev,60,day,1,-1,0.6651849609866014,0.27065843956307556,0.45717705820538385,0.49177671144996976,0.8598206430439509,0.8,-0.8445273220407529,10,-0.011797035819796915,-0.03733940712807042,0.619914131648078,-14.520079613942022,518,24.334459032521305,99.55908289241623,2268,2017-05-16,2026-08-31,True,True,True,True,4
night,us_dgs5|dev|w60,us_dgs5,dev,60,ongap,1,1,0.2016887456687152,0.5751100967073135,0.40283453642385075,0.4642005474542425,0.20774218864857644,0.6,-1.1694820112355178,10,-0.09065811119187553,0.0385706229400301,0.6199385887638107,-10.080401146551022,1187,24.376687984520892,99.5581087052585,2263,2017-05-16,2026-08-31,False,False,True,True,2
night,us_dgs5|dev|w120,us_dgs5,dev,120,c2c,2,1,0.0870850684038777,-0.2376941633920455,-0.09746464416239703,-0.08337356299738413,-0.28664773613098377,0.3,-1.926442481218425,10,0.05625141029000922,0.020031901285701148,0.6556732071051845,-58.3995816951608,1118,16.843806455266126,99.69135802469135,2268,2017-05-16,2026-08-31,False,False,True,True,2
night,us_dgs5|dev|w120,us_dgs5,dev,120,o2o,2,1,-0.002021157678487461,-0.2916911080522244,-0.16136665006610298,-0.14673751421769882,-0.35997976777703206,0.3,-1.8879639975781348,10,0.07460218128819404,0.020031901285701148,0.6556732071051845,-59.131456922443434,1158,16.843806455266126,99.69135802469135,2268,2017-05-16,2026-08-31,False,False,True,True,2
night,us_dgs5|dev|w120,us_dgs5,dev,120,day,1,-1,0.3924672390357483,0.5791476099762772,0.4889593493364473,0.5114869760529466,0.7330084600184035,0.7,-0.6270612207101299,10,-0.07237548717052167,-0.02062888137672096,0.6557856718160159,-15.646855311721009,494,16.840763477217724,99.69135802469135,2268,2017-05-16,2026-08-31,True,True,True,True,4
night,us_dgs5|dev|w120,us_dgs5,dev,120,ongap,1,1,0.24323987077803297,0.32158039694160007,0.28477250096338197,0.32417510562659857,0.12336494466637819,0.5,-0.8932601609087438,10,-0.0334990036488916,0.021513007173149405,0.6558683253760667,-10.999184784844706,1029,16.86841123190649,99.69067609368095,2263,2017-05-16,2026-08-31,False,False,True,True,2
night,us_dgs5|dev|w252,us_dgs5,dev,252,c2c,2,1,0.0006278124578250003,-0.3142144553474016,-0.1770068508160857,-0.1654374191899617,-0.2882874665227828,0.3,-2.1630451521213203,10,0.07673680093234549,0.011597996753427783,0.6651649253936243,-63.65420303613503,2092,14.18664955428729,99.64726631393297,2268,2017-05-16,2026-08-31,False,False,True,True,2
night,us_dgs5|dev|w252,us_dgs5,dev,252,o2o,2,-1,0.06958985007382636,0.39860694940018393,0.2504176536588478,0.26242884109683573,0.38928420976301426,0.8,-1.5096510360619235,10,-0.08401381195770256,-0.011597996753427783,0.6651649253936243,-40.65989518609641,832,14.18664955428729,99.64726631393297,2268,2017-05-16,2026-08-31,False,True,True,True,3
night,us_dgs5|dev|w252,us_dgs5,dev,252,day,1,-1,0.32440231950653164,0.6987481724153872,0.5210587093192752,0.5394361471300256,0.5199408475188309,0.7,-1.2452965273121677,10,-0.10477384286814465,-0.011802018137025578,0.665368946777222,-13.039364296910117,487,14.174718134624104,99.64726631393297,2268,2017-05-16,2026-08-31,False,True,True,True,3
night,us_dgs5|dev|w252,us_dgs5,dev,252,ongap,1,1,-0.023080337158517386,0.0618666506428735,0.021648610863182205,0.05428100933318747,-0.1966558732984599,0.3,-1.9994890566218029,10,0.005135954891621527,0.011948074142574552,0.6655795217217864,-18.08410270137918,1108,14.196685760499888,99.69067609368095,2263,2017-05-16,2026-08-31,False,False,True,True,2
night,us_dgs30|selfz|w60,us_dgs30,selfz,60,c2c,2,1,0.06674446022759277,0.12076645973273545,0.09699842008230643,0.12769305011372192,0.0012631757278549747,0.3,-1.686441041803127,10,0.029309044195612418,0.03037935428425305,0.6163988064103925,-54.48018137948155,1289,31.921397187596824,99.38271604938271,2268,2017-05-16,2026-08-31,False,False,True,True,2
night,us_dgs30|selfz|w60,us_dgs30,selfz,60,o2o,2,-1,0.13560312554848053,-0.1799698381763419,-0.04302379208952306,-0.011353458716179859,0.11579521711113154,0.7,-2.2799295874766763,10,-0.008988363349873714,-0.03037935428425305,0.6163988064103925,-52.02920412918252,746,31.921397187596824,99.38271604938271,2268,2017-05-16,2026-08-31,False,True,True,True,3
night,us_dgs30|selfz|w60,us_dgs30,selfz,60,day,1,-1,0.6105991256845752,0.4342877631455163,0.5122313721752252,0.5612682563336132,0.8274755435255416,0.8,-0.557567037797125,10,-0.06935985469343665,-0.030730537713342644,0.616440863342594,-13.790288767651504,518,31.89113856312353,99.38271604938271,2268,2017-05-16,2026-08-31,True,True,True,True,4
night,us_dgs30|selfz|w60,us_dgs30,selfz,60,ongap,1,1,0.03110125509402554,0.49192867828136616,0.2924303822397692,0.3786896049386413,0.11201587953156736,0.6,-1.9123878060604407,10,-0.07811917840961928,0.031836757039871294,0.6163340562563028,-8.770040236095046,1167,31.95014641132461,99.3813521873619,2263,2017-05-16,2026-08-31,False,False,True,True,2
night,us_dgs30|selfz|w120,us_dgs30,selfz,120,c2c,2,1,0.0720594527578739,0.033717893049036225,0.0497549791489613,0.07091431265443884,-0.09649904239212971,0.4,-1.509699342780847,10,0.09664594428216482,0.020959775092423673,0.6437135560169193,-49.19928255102275,1220,22.838662969758367,99.64726631393297,2268,2017-05-16,2026-08-31,False,False,True,True,2
night,us_dgs30|selfz|w120,us_dgs30,selfz,120,o2o,2,-1,0.09544961260009384,-0.0037613133656630954,0.04124476993716508,0.06273960224956142,0.21949511797539098,0.6,-2.127574101573789,10,-0.08171712305820412,-0.020959775092423673,0.6437135560169193,-42.61812804559669,984,22.838662969758367,99.64726631393297,2268,2017-05-16,2026-08-31,False,False,True,True,2
night,us_dgs30|selfz|w120,us_dgs30,selfz,120,day,1,-1,0.5418862813065863,0.6522607832522126,0.5991517658612768,0.6322107113590262,1.01849430327218,0.8,-0.17327364788446428,10,-0.12447699408174893,-0.021459789587357926,0.6438117370294062,-14.989769136445913,494,22.802332690132236,99.64726631393297,2268,2017-05-16,2026-08-31,True,True,True,True,4
night,us_dgs30|selfz|w120,us_dgs30,selfz,120,ongap,1,1,0.05160983807184203,0.2804446076388061,0.17408039974140485,0.23241469314310956,0.010900966796478501,0.3,-1.978802167810653,10,0.015045735757955958,0.022451262496254485,0.6438993457770052,-11.453928791887474,1262,22.848060060143894,99.6464869642068,2263,2017-05-16,2026-08-31,False,False,True,True,2
night,us_dgs30|selfz|w252,us_dgs30,selfz,252,c2c,2,1,0.0717758878171536,-0.16322202279066558,-0.060504619625669345,-0.04404088899034337,-0.16637933919220668,0.4,-1.9828104628127032,10,0.09959318044143352,0.007798692620785737,0.6471927938783504,-50.93464356389427,1220,18.775980058751006,99.29453262786596,2268,2017-05-16,2026-08-31,False,False,True,True,2
night,us_dgs30|selfz|w252,us_dgs30,selfz,252,o2o,2,-1,0.04419390646300407,0.21575908512730277,0.13676029111244678,0.1534570027761358,0.2859964385742261,0.6,-1.2021647571555545,10,-0.08031908292670596,-0.007798692620785737,0.6471927938783504,-44.9937394904327,1005,18.775980058751006,99.29453262786596,2268,2017-05-16,2026-08-31,False,False,True,True,2
night,us_dgs30|selfz|w252,us_dgs30,selfz,252,day,1,-1,0.44225573029327525,0.7586432399945336,0.6081655679780722,0.6336045363858918,0.6714463368445799,0.8,-1.2279950324378854,10,-0.14893869052589406,-0.007945133985397925,0.6473392352429626,-14.422538087119891,430,18.773176300296274,99.29453262786596,2268,2017-05-16,2026-08-31,True,True,True,True,4
night,us_dgs30|selfz|w252,us_dgs30,selfz,252,ongap,1,1,0.006052108113073264,0.0507268060252865,0.02881075826182419,0.07540039782487784,-0.1340959215230979,0.3,-2.3926193321916096,10,0.055131620585149664,0.008446604547234738,0.6476966799617152,-17.19595071980337,1293,18.804924060993716,99.2929739284136,2263,2017-05-16,2026-08-31,False,False,True,True,2
night,us_dgs30|robustz|w60,us_dgs30,robustz,60,c2c,2,1,0.1873763862667417,0.07773814739075817,0.12161361176734847,0.1496669530787365,0.01875064551567518,0.3,-1.865039980174223,10,0.020196869359743345,0.015422126898604456,0.5740912123545638,-54.7958864183272,1288,28.429484691345422,99.47089947089947,2268,2017-05-16,2026-08-31,False,False,True,True,2
night,us_dgs30|robustz|w60,us_dgs30,robustz,60,o2o,2,-1,-0.007568485250680986,-0.11167828578340402,-0.06506811670454986,-0.036371400181653864,0.121740816214113,0.7,-2.3773352014110807,10,-0.0006668667127233288,-0.015422126898604456,0.5740912123545638,-50.462912627775005,802,28.429484691345422,99.47089947089947,2268,2017-05-16,2026-08-31,False,True,True,True,3
night,us_dgs30|robustz|w60,us_dgs30,robustz,60,day,1,-1,0.37765335480905704,0.5103587579701139,0.4479596528934803,0.4927436266740277,0.7212275908297083,0.7,-0.41864566544783655,10,-0.043928971876049744,-0.015812921093550276,0.57418415937932,-14.306696702511552,613,28.391722967497387,99.47089947089947,2268,2017-05-16,2026-08-31,True,True,True,True,4
night,us_dgs30|robustz|w60,us_dgs30,robustz,60,ongap,1,1,0.030300245174652494,0.4844256081163587,0.2745103813003485,0.3526431458225537,0.10085729786109679,0.6,-1.837829575306132,10,-0.08518522064419772,0.016849348955203722,0.5739629641602065,-9.398318008742413,1172,28.44450680280177,99.46973044631021,2263,2017-05-16,2026-08-31,False,False,True,True,2
night,us_dgs30|robustz|w120,us_dgs30,robustz,120,c2c,2,-1,0.01212074661243929,-0.19121929159516937,-0.09763814101922604,-0.0799686909081325,0.10273460104338009,0.7,-2.1553728231390212,10,-0.03721394677257374,0.014411224287577146,0.6367592037926837,-43.00788052953051,1194,19.903761238118378,99.33862433862434,2268,2017-05-16,2026-08-31,False,True,True,True,3
night,us_dgs30|robustz|w120,us_dgs30,robustz,120,o2o,2,-1,0.16798865354664017,-0.15205998207170165,0.0007134200854608699,0.018782551307956932,0.2420509344383937,0.7,-2.0724530003659813,10,-0.041057661733450705,0.014411224287577146,0.6367592037926837,-39.79579739177507,989,19.903761238118378,99.33862433862434,2268,2017-05-16,2026-08-31,False,True,True,True,3
night,us_dgs30|robustz|w120,us_dgs30,robustz,120,day,1,-1,0.6443766721429853,0.3760816190320215,0.5090079636406549,0.5365798348977698,1.3440812459522258,0.9,-0.11330825301294338,10,-0.05116504814691788,0.014018702322740877,0.6369669397223535,-12.097933029064855,518,19.89011239559116,99.33862433862434,2268,2017-05-16,2026-08-31,True,True,True,True,4
night,us_dgs30|robustz|w120,us_dgs30,robustz,120,ongap,1,1,0.1154168453705472,0.3968956218633697,0.25787676400099036,0.30719945195172477,0.04246094818740481,0.5,-2.0869891757736636,10,-0.0291307650162589,-0.01323503774099054,0.6371171088685954,-9.369125885138024,1219,19.930409684834796,99.3813521873619,2263,2017-05-16,2026-08-31,False,False,True,True,2
night,us_dgs30|robustz|w252,us_dgs30,robustz,252,c2c,2,1,0.1365299427805721,-0.061487564760651287,0.021328289016362578,0.03596538164804271,-0.0878226499112433,0.4,-1.9754196514606712,10,0.14693522569245096,0.03325409478941912,0.6624215911245737,-43.08181231441785,1220,17.406705580140216,99.25044091710758,2268,2017-05-16,2026-08-31,False,False,True,True,2
night,us_dgs30|robustz|w252,us_dgs30,robustz,252,o2o,2,1,-0.00974517818790243,-0.14111478918817313,-0.08445625091230016,-0.06905634457192789,-0.1635579928258721,0.4,-1.9289860115891109,10,0.13999327140880094,0.03325409478941912,0.6624215911245737,-46.6592135222337,1220,17.406705580140216,99.25044091710758,2268,2017-05-16,2026-08-31,False,False,True,True,2
night,us_dgs30|robustz|w252,us_dgs30,robustz,252,day,1,-1,0.31421349356186673,0.5556090272986476,0.4434046400284669,0.4660661443038348,0.48907395760770567,0.7,-1.2597982574708535,10,-0.21562929382507678,-0.033414327144991665,0.6625818234801463,-15.13373881711583,427,17.403835566537587,99.25044091710758,2268,2017-05-16,2026-08-31,False,True,False,True,2
night,us_dgs30|robustz|w252,us_dgs30,robustz,252,ongap,1,-1,-0.00393426200916108,-0.09668574933383342,-0.05393605320031498,-0.010651465210420832,0.08851498429620647,0.7,-2.990243037495371,10,-0.12624558833885888,-0.033836477250623304,0.6629856020766706,-14.976075257027361,1411,17.43691780681773,99.24878479893945,2263,2017-05-16,2026-08-31,False,True,True,True,3
night,us_dgs30|bdtanh|w60,us_dgs30,bdtanh,60,c2c,2,1,0.02395167485252769,0.2559022696051282,0.15800550017765425,0.18601133989726676,0.049340006852765926,0.4,-1.6134282424711146,10,0.026895010516675196,0.04430061662574186,0.6771655284230916,-51.13812792067151,1207,30.073072645048583,99.69135802469135,2268,2017-05-16,2026-08-31,False,False,True,True,2
night,us_dgs30|bdtanh|w60,us_dgs30,bdtanh,60,o2o,2,-1,0.1559027604189991,-0.28918592146988653,-0.09671023878252603,-0.0679924837509078,0.061110990454033495,0.7,-2.2206950446647373,10,-0.017032694558379056,-0.04430061662574186,0.6771655284230916,-56.132606241022934,690,30.073072645048583,99.69135802469135,2268,2017-05-16,2026-08-31,False,True,True,True,3
night,us_dgs30|bdtanh|w60,us_dgs30,bdtanh,60,day,1,-1,0.5839807217520158,0.3538918391329926,0.45718080371514425,0.5017301109971956,0.7642103148826928,0.8,-0.5951371986753464,10,-0.07147204989129817,-0.044800243221954555,0.6771931432591721,-14.921570977869036,518,30.003721595530706,99.69135802469135,2268,2017-05-16,2026-08-31,True,True,True,True,4
night,us_dgs30|bdtanh|w60,us_dgs30,bdtanh,60,ongap,1,1,0.02172770134917904,0.38970829361535153,0.23406120902475105,0.3113600635116067,0.04537830183007824,0.6,-1.8958653241855543,10,-0.08435800935881545,0.04586149652856041,0.6770935552036608,-11.224966633325339,1199,30.061147035473873,99.69067609368095,2263,2017-05-16,2026-08-31,False,False,True,True,2
night,us_dgs30|bdtanh|w120,us_dgs30,bdtanh,120,c2c,2,-1,0.05950965324904725,-0.2844026307042972,-0.1369285964211768,-0.11768621489907137,-0.011257897375667925,0.6,-2.1413965246191866,10,-0.09639706370870711,-0.04208544437779157,0.6820696801682413,-53.41131160873193,1014,21.56085636646199,99.64726631393297,2268,2017-05-16,2026-08-31,False,False,True,True,2
night,us_dgs30|bdtanh|w120,us_dgs30,bdtanh,120,o2o,2,-1,0.2056526324745074,-0.1906637804875975,-0.016661307316620685,0.0033517142436507406,0.1472977656101632,0.6,-2.0415286920573856,10,-0.10069053683712284,-0.04208544437779157,0.6820696801682413,-45.03157192776436,985,21.56085636646199,99.64726631393297,2268,2017-05-16,2026-08-31,False,False,True,True,2
night,us_dgs30|bdtanh|w120,us_dgs30,bdtanh,120,day,1,-1,0.4891790067784836,0.44025117093516386,0.4626257965526477,0.4928368562813474,0.8640178265326215,0.8,-0.32769226527235096,10,-0.13463521007635734,-0.042686915458941495,0.6820906931773169,-16.095915675697736,518,21.493768994628088,99.64726631393297,2268,2017-05-16,2026-08-31,True,True,True,True,4
night,us_dgs30|bdtanh|w120,us_dgs30,bdtanh,120,ongap,1,1,-0.008080950063242229,0.21220251498216622,0.11445891732228113,0.16773107288930267,-0.016905488918656134,0.3,-1.7366650836895983,10,0.011850148382414832,0.04357554096596493,0.6820678790608914,-14.277267038728272,1267,21.538715360040985,99.6464869642068,2263,2017-05-16,2026-08-31,False,False,True,True,2
night,us_dgs30|bdtanh|w252,us_dgs30,bdtanh,252,c2c,2,-1,0.05815532625359056,-0.04410484340343073,4.3484676064844135e-05,0.016558423758306833,0.11955697936743778,0.5,-1.4030742500115907,10,-0.11572646273372597,-0.041845104610713287,0.6666954950063162,-41.895925898822505,1245,19.26626515590294,99.42680776014109,2268,2017-05-16,2026-08-31,False,False,True,True,2
night,us_dgs30|bdtanh|w252,us_dgs30,bdtanh,252,o2o,2,-1,0.18129898168607836,0.06810541885638972,0.11841141145263209,0.1354413774888002,0.2630110191537962,0.6,-1.1760993452737736,10,-0.10307225651894301,-0.041845104610713287,0.6666954950063162,-39.75166350270033,903,19.26626515590294,99.42680776014109,2268,2017-05-16,2026-08-31,False,False,True,True,2
night,us_dgs30|bdtanh|w252,us_dgs30,bdtanh,252,day,1,-1,0.5384892496052103,0.6127748979056984,0.5767854847525627,0.602429618145274,0.7145892872251668,0.8,-1.0806416749190682,10,-0.15460795253282913,-0.04189961868219486,0.6667500090777978,-14.327172507930882,487,19.261609277770763,99.42680776014109,2268,2017-05-16,2026-08-31,True,True,False,True,3
night,us_dgs30|bdtanh|w252,us_dgs30,bdtanh,252,ongap,1,1,-0.024793540534046324,0.040602899871232265,0.008907392407511622,0.0562627458192188,-0.14211732815311834,0.3,-2.347270891797414,10,0.07607154887082934,0.04230073753976504,0.6670032845369424,-18.682478689589747,1293,19.290172226879044,99.42554131683606,2263,2017-05-16,2026-08-31,False,False,True,True,2
night,us_dgs30|rankc|w60,us_dgs30,rankc,60,c2c,2,1,-0.004177058138760617,0.15712841559818388,0.08931242737778064,0.12207682244693413,-0.01401644516217185,0.4,-1.707406440549998,10,0.02183005666970224,0.03984239044875486,0.6561579360615427,-54.1900387958602,1219,34.8769054046333,99.77954144620811,2268,2017-05-16,2026-08-31,False,False,True,True,2
night,us_dgs30|rankc|w60,us_dgs30,rankc,60,o2o,2,-1,0.2182911162737388,-0.1971266896666885,-0.017494977012648894,0.016080987139496055,0.14326107689911058,0.7,-2.157871199576669,10,-0.014155315233036005,-0.03984239044875486,0.6561579360615427,-53.561865427057754,691,34.8769054046333,99.77954144620811,2268,2017-05-16,2026-08-31,False,True,True,True,3
night,us_dgs30|rankc|w60,us_dgs30,rankc,60,day,1,-1,0.6455676105684341,0.46497348761537427,0.5454457950324081,0.5976989472119243,0.8799732575457719,0.9,-0.5680925698241596,10,-0.06240023216294994,-0.04027949713677584,0.6561075296814584,-13.335651418586226,518,34.79728000957669,99.77954144620811,2268,2017-05-16,2026-08-31,True,True,True,True,4
night,us_dgs30|rankc|w60,us_dgs30,rankc,60,ongap,1,1,-0.10658531995894366,0.4562541403369519,0.2188272824292957,0.3094240677752387,0.030028111885920642,0.6,-1.9025655264614334,10,-0.08377360675220498,0.04129638579956712,0.6560079178955691,-11.954235885565446,1188,34.86484836788266,99.77905435262925,2263,2017-05-16,2026-08-31,False,False,True,True,2
night,us_dgs30|rankc|w120,us_dgs30,rankc,120,c2c,2,-1,-0.021661564840453475,-0.1623569637498732,-0.10130427849377674,-0.07788943119721169,0.018715460854260096,0.6,-2.0639877026147504,10,-0.09503231341618237,-0.038512713122469316,0.6695033039923631,-49.22797155614591,992,25.88904841852304,99.64726631393297,2268,2017-05-16,2026-08-31,False,False,True,True,2
night,us_dgs30|rankc|w120,us_dgs30,rankc,120,o2o,2,-1,0.20239544097608195,-0.06565235972335261,0.05263225702987524,0.07679637304212913,0.21803677962144888,0.7,-1.9700192393242815,10,-0.09618753975124951,-0.038512713122469316,0.6695033039923631,-42.97710286122655,641,25.88904841852304,99.64726631393297,2268,2017-05-16,2026-08-31,False,True,True,True,3
night,us_dgs30|rankc|w120,us_dgs30,rankc,120,day,1,-1,0.5529436357296827,0.5676671804792508,0.5598640428388472,0.5965029820327754,1.019160973244268,0.9,-0.42130049413923604,10,-0.12760239356721803,-0.039079888734733254,0.6695141428624878,-13.009368626931536,494,25.798722894214556,99.64726631393297,2268,2017-05-16,2026-08-31,True,True,True,True,4
night,us_dgs30|rankc|w120,us_dgs30,rankc,120,ongap,1,-1,-0.060536809407204795,-0.34840186667836,-0.21916318612881389,-0.15452257898882368,-0.10990112233224598,0.7,-3.614129726426109,10,-0.016583109287910305,-0.03983389888413991,0.6694056182877521,-17.307403153179205,1585,25.845258097681377,99.6464869642068,2263,2017-05-16,2026-08-31,False,True,True,True,3
night,us_dgs30|rankc|w252,us_dgs30,rankc,252,c2c,2,1,-0.01807234220267886,-0.08320953256776684,-0.05440093890281062,-0.03629096062538923,-0.1984025927785538,0.4,-2.0399509311766684,10,0.10177101790813015,0.030053918199602833,0.6670558197908512,-51.18694252928228,1220,21.375674683090743,99.55908289241623,2268,2017-05-16,2026-08-31,False,False,True,True,2
night,us_dgs30|rankc|w252,us_dgs30,rankc,252,o2o,2,-1,0.10038256480057225,0.15772811590789215,0.13128027436493447,0.14988779238109737,0.3118086554126973,0.6,-1.0774383898288056,10,-0.0956824891900354,-0.030053918199602833,0.6670558197908512,-43.339053239607374,1053,21.375674683090743,99.55908289241623,2268,2017-05-16,2026-08-31,False,False,True,True,2
night,us_dgs30|rankc|w252,us_dgs30,rankc,252,day,1,-1,0.4648298131170528,0.7147258704203935,0.5953757121813392,0.6233847437705436,0.8271230087733072,0.8,-0.7327323796075006,10,-0.14413920341738692,-0.03023379681181786,0.6672356984030663,-14.344124710655281,486,21.344813215739936,99.55908289241623,2268,2017-05-16,2026-08-31,True,True,True,True,4
night,us_dgs30|rankc|w252,us_dgs30,rankc,252,ongap,1,-1,-0.047479313680743304,-0.16878691415974967,-0.11067744158463251,-0.059057689997629906,0.06016090979491549,0.7,-3.5604843073878696,10,-0.05299236431082641,-0.030581867022511325,0.6674524467344476,-16.707948629420194,1253,21.38216558127574,99.5581087052585,2263,2017-05-16,2026-08-31,False,True,True,True,3
night,us_dgs30|signth|w60,us_dgs30,signth,60,c2c,2,1,0.0009974125639517586,0.26841138940712655,0.15466468422362478,0.18186055303380996,0.03126926901557562,0.4,-1.758524282852148,10,0.004027056807610035,0.042549186896586565,0.6758372672289792,-49.47580845920814,1214,29.088424509541014,99.25044091710758,2268,2017-05-16,2026-08-31,False,False,True,True,2
night,us_dgs30|signth|w60,us_dgs30,signth,60,o2o,2,-1,0.24462535175131994,-0.3440083195705809,-0.0915688237479443,-0.06342042478358766,0.11851821019148831,0.7,-2.3850562321606574,10,-0.012477702841971831,-0.042549186896586565,0.6758372672289792,-60.570476289104406,680,29.088424509541014,99.25044091710758,2268,2017-05-16,2026-08-31,False,True,True,True,3
night,us_dgs30|signth|w60,us_dgs30,signth,60,day,1,-1,0.557148733853747,0.24390296626606983,0.3883495894509871,0.43147078527862576,0.8643351928738386,0.9,-0.5627507323658422,10,-0.05210750671431762,-0.04283012756745146,0.676118207899844,-15.821330659960667,518,29.088765592257012,99.25044091710758,2268,2017-05-16,2026-08-31,True,True,True,True,4
night,us_dgs30|signth|w60,us_dgs30,signth,60,ongap,1,1,-0.11237791205612051,0.31359419001354316,0.13483690338437468,0.21007906613406818,-0.06351579969018616,0.4,-2.0027595176686765,10,-0.06565892077004984,0.043627761682855246,0.6760285571612762,-17.581220803089575,1228,29.152013580707763,99.24878479893945,2263,2017-05-16,2026-08-31,False,False,True,True,2
night,us_dgs30|signth|w120,us_dgs30,signth,120,c2c,2,-1,0.18551961366779743,-0.2782326284204221,-0.08091917747603955,-0.06029943198764279,-0.021371454689665895,0.4,-1.97007005758233,10,-0.1171156844126581,-0.040262959671350566,0.6936762082622328,-50.85908790374489,1440,22.05862236347654,99.64726631393297,2268,2017-05-16,2026-08-31,False,False,True,True,2
night,us_dgs30|signth|w120,us_dgs30,signth,120,o2o,2,-1,0.3942845832590703,-0.08464264815649578,0.12172820456649551,0.14325447021390544,0.27068345954360484,0.6,-1.3831679816152616,10,-0.12241735285936535,-0.040262959671350566,0.6936762082622328,-35.69911250756236,1439,22.05862236347654,99.64726631393297,2268,2017-05-16,2026-08-31,False,False,True,True,2
night,us_dgs30|signth|w120,us_dgs30,signth,120,day,1,-1,0.4833768940142879,0.37909471517288157,0.42737643938570435,0.45920623687470835,0.7210913654300309,0.7,-0.3087960314357908,10,-0.13783476736193595,-0.04091133544455502,0.6936070608170684,-15.598640420511266,494,21.97197191655243,99.64726631393297,2268,2017-05-16,2026-08-31,True,True,True,True,4
night,us_dgs30|signth|w120,us_dgs30,signth,120,ongap,1,1,-0.06678439990061197,0.00174165630210089,-0.02876502188759193,0.031350849150978015,-0.08025484833817229,0.3,-1.2841650956279003,10,0.06385630358711365,0.04206927791522433,0.6938446546282311,-17.48386989513823,1293,22.020518032143574,99.6464869642068,2263,2017-05-16,2026-08-31,False,False,True,True,2
night,us_dgs30|signth|w252,us_dgs30,signth,252,c2c,2,1,0.03656985046631644,0.5083435880951025,0.32251059873057103,0.3370897427519711,0.24001157318805708,0.5,-2.5068873653196366,10,0.1445965542168822,0.0576809679457289,0.6489165538605606,-35.77021224567039,859,17.2783463871591,100.0,2131,2017-05-16,2026-08-31,False,False,True,True,2
night,us_dgs30|signth|w252,us_dgs30,signth,252,o2o,2,-1,0.03592931784592323,-0.3954187384022563,-0.22163666755760325,-0.20615997381501372,-0.2221679470836528,0.5,-4.82053450583231,10,-0.15064725461946224,-0.0576809679457289,0.6489165538605606,-66.00331684469548,1479,17.2783463871591,100.0,2131,2017-05-16,2026-08-31,False,False,False,True,1
night,us_dgs30|signth|w252,us_dgs30,signth,252,day,1,-1,0.0889941419177452,0.34445827443829896,0.23335806853120966,0.25641810981502927,0.0782815263637763,0.6,-2.4357613248876233,10,-0.18602269599484825,-0.05763367416325467,0.6488692600780863,-17.07068045100362,493,17.277953998192736,100.0,2131,2017-05-16,2026-08-31,False,False,False,True,1
night,us_dgs30|signth|w252,us_dgs30,signth,252,ongap,1,-1,-0.01143986493235973,-0.487917957118406,-0.2846983746264185,-0.2416049429129833,-0.17437028979471833,0.5,-3.7690719059523143,10,-0.13653574511682978,-0.05823302055995034,0.6491408204779977,-17.12171221820475,1479,17.31617900087684,100.0,2126,2017-05-16,2026-08-31,False,False,True,True,2
night,us_dgs30|dev|w60,us_dgs30,dev,60,c2c,2,-1,0.039168828843098066,-0.0926852306035461,-0.03310849143771932,-0.007711236443724903,0.11457622258753732,0.7,-2.0253878036224946,10,0.010804381596857432,-0.0025825412382341666,0.5921471137839234,-42.65639666785946,726,26.571823170119377,99.20634920634922,2268,2017-05-16,2026-08-31,False,True,True,True,3
night,us_dgs30|dev|w60,us_dgs30,dev,60,o2o,2,-1,0.23213816855570465,-0.14755804156163238,0.032978340208678084,0.058837199944301505,0.22010996406780262,0.7,-2.218624728900564,10,0.02482545919596282,-0.0025825412382341666,0.5921471137839234,-43.33295988734568,721,26.571823170119377,99.20634920634922,2268,2017-05-16,2026-08-31,False,True,True,True,3
night,us_dgs30|dev|w60,us_dgs30,dev,60,day,1,-1,0.6821454533191094,0.376637378724669,0.526370225674211,0.5670533970658086,0.9345753961156714,0.8,-0.7036387958096587,10,-0.013977498679359351,-0.0030522722615857535,0.592300106116835,-12.120371224425991,518,26.56227983183122,99.20634920634922,2268,2017-05-16,2026-08-31,True,True,True,True,4
night,us_dgs30|dev|w60,us_dgs30,dev,60,ongap,1,1,0.08434884533259236,0.41199122087075046,0.2540375301518006,0.3224502025022355,0.048727100890514755,0.5,-2.153856731852753,10,-0.12850888642614178,0.004383974734070039,0.5922838088108962,-9.568478329640122,1187,26.612609869526434,99.2045956694653,2263,2017-05-16,2026-08-31,False,False,True,True,2
night,us_dgs30|dev|w120,us_dgs30,dev,120,c2c,2,-1,0.10449888517111323,0.06576516124683277,0.08363171140994202,0.10153409518339743,0.2642343799261947,0.6,-1.7572853258833059,10,-0.058504068753696674,0.01915441439742153,0.638115177407418,-38.830749146406355,1024,19.721849647225266,99.29453262786596,2268,2017-05-16,2026-08-31,False,False,True,True,2
night,us_dgs30|dev|w120,us_dgs30,dev,120,o2o,2,-1,0.24514503857382822,0.10735092578852318,0.17491155824999133,0.19313759330061714,0.36616246923086543,0.6,-1.7695338955942796,10,-0.049158197514015185,0.01915441439742153,0.638115177407418,-36.679240249574725,918,19.721849647225266,99.29453262786596,2268,2017-05-16,2026-08-31,False,False,True,True,2
night,us_dgs30|dev|w120,us_dgs30,dev,120,day,1,-1,0.5693406414854586,0.6908208885745198,0.6295168291854351,0.6574661672039164,1.0878498708424758,0.8,-0.2567190179980836,10,-0.08910051900527335,0.018642662157708257,0.6383013977932425,-15.428746671387112,493,19.713895022729847,99.29453262786596,2268,2017-05-16,2026-08-31,True,True,True,True,4
night,us_dgs30|dev|w120,us_dgs30,dev,120,ongap,1,1,-0.018716401954275236,0.11133897757726267,0.045960442530334475,0.09410623791724732,-0.0907997127592836,0.3,-2.056399559629222,10,-0.015014528935081008,-0.017675508512962474,0.6382573507489135,-14.168842233119,1289,19.75324253237307,99.2929739284136,2263,2017-05-16,2026-08-31,False,False,True,True,2
night,us_dgs30|dev|w252,us_dgs30,dev,252,c2c,2,-1,0.13055558422231062,0.260315456649614,0.20061288552870313,0.21582209476809008,0.3240562871381181,0.7,-0.8995100837713217,10,-0.0019345734694433349,0.06157789035829501,0.6545054575001347,-39.65399373153697,921,17.262427569757392,99.47089947089947,2268,2017-05-16,2026-08-31,False,True,True,True,3
night,us_dgs30|dev|w252,us_dgs30,dev,252,o2o,2,-1,0.22521341762616656,0.33312178108139445,0.28118095722325936,0.2967077988356538,0.4476934165320011,0.7,-0.7507887645505233,10,0.018226378221272724,0.06157789035829501,0.6545054575001347,-38.43552407696719,903,17.262427569757392,99.47089947089947,2268,2017-05-16,2026-08-31,False,True,True,True,3
night,us_dgs30|dev|w252,us_dgs30,dev,252,day,1,-1,0.5365540191744795,0.6441657092576527,0.5911387600902921,0.614809246770264,0.6770504716658428,0.8,-1.0618117876005768,10,-0.0424502983133056,0.06142036078614602,0.6546629870722835,-14.26259299707294,428,17.256428536031443,99.47089947089947,2268,2017-05-16,2026-08-31,True,True,True,True,4
night,us_dgs30|dev|w252,us_dgs30,dev,252,ongap,1,-1,-0.029059597875757907,0.41878574791711404,0.18454078912720723,0.22729419223623096,0.39137122663437557,0.7,-1.5825331100095865,10,0.04359883495406464,0.06091512410263215,0.6552068080322901,-13.633494695720474,997,17.283880242445804,99.46973044631021,2263,2017-05-16,2026-08-31,False,True,True,True,3
night,us_term_premium_10y|selfz|w60,us_term_premium_10y,selfz,60,c2c,2,-1,-0.016831731192330068,-0.1044962233514209,-0.06762127264430033,-0.04526436330691402,-0.0020723767737335958,0.7,-2.9196293550876007,10,-0.0020325255678341264,-0.03051681790268899,0.6140511884149171,-42.48554962666946,1159,23.250515858563574,99.16225749559084,2268,2017-05-16,2026-08-31,False,True,True,True,3
night,us_term_premium_10y|selfz|w60,us_term_premium_10y,selfz,60,o2o,2,-1,0.22370840452308022,-0.16569047745720847,-0.004981491919177211,0.01895880771378369,0.10078888273525123,0.6,-2.9221350108719832,10,-0.00438114547278531,-0.03051681790268899,0.6140511884149171,-44.20488176896367,790,23.250515858563574,99.16225749559084,2268,2017-05-16,2026-08-31,False,False,True,True,2
night,us_term_premium_10y|selfz|w60,us_term_premium_10y,selfz,60,day,1,-1,0.5051223647267484,0.07246714279859835,0.2679400789083974,0.3036841158140124,0.6142838428362174,0.8,-0.7126063299099747,10,-0.03910045945680475,-0.031005161878525513,0.6140660600285934,-14.112425289206548,533,23.235270897142144,99.16225749559084,2268,2017-05-16,2026-08-31,True,True,True,True,4
night,us_term_premium_10y|selfz|w60,us_term_premium_10y,selfz,60,ongap,1,1,0.006279037740640486,0.7239115053047579,0.41835555044811346,0.48366375393447714,0.3275842224484714,0.5,-0.7970391553999328,10,-0.04582250647010535,0.03203923829590319,0.6138616784260975,-7.654211611747728,943,23.274469259115445,99.16040653999116,2263,2017-05-16,2026-08-31,False,False,True,True,2
night,us_term_premium_10y|selfz|w120,us_term_premium_10y,selfz,120,c2c,2,1,0.12907116686101403,0.02276774716379908,0.0661454451064977,0.08292832899099029,-0.06434085024102418,0.3,-1.2492129985910394,10,0.032324836205624326,0.006902913343756536,0.6166314517970507,-51.559376585229714,1220,17.471234672397408,99.16225749559084,2268,2017-05-16,2026-08-31,False,False,True,True,2
night,us_term_premium_10y|selfz|w120,us_term_premium_10y,selfz,120,o2o,2,-1,0.09703720073993144,-0.07302623214693027,-0.0006879745581159047,0.016944033661336875,0.14197825700341424,0.7,-2.905631023088891,10,-0.03099188924136861,-0.006902913343756536,0.6166314517970507,-49.08609110229303,1181,17.471234672397408,99.16225749559084,2268,2017-05-16,2026-08-31,False,True,True,True,3
night,us_term_premium_10y|selfz|w120,us_term_premium_10y,selfz,120,day,1,-1,0.32899292269045927,0.10240976442506866,0.20775988702715245,0.23455931273979483,0.5601057501028343,0.7,-0.5218227133082504,10,-0.06810244356316937,-0.007463469691784761,0.6165153131030577,-16.43955069317927,900,17.457791041013504,99.16225749559084,2268,2017-05-16,2026-08-31,False,True,True,True,3
night,us_term_premium_10y|selfz|w120,us_term_premium_10y,selfz,120,ongap,1,1,-0.04004818334423495,0.5157949982940238,0.2710513211965436,0.31815388976671843,0.24355217245388655,0.5,-0.7350777806937637,10,-0.013750241908691159,0.008393933779360067,0.6164396436731483,-9.954118065511247,982,17.489983715094773,99.16040653999116,2263,2017-05-16,2026-08-31,False,False,True,True,2
night,us_term_premium_10y|selfz|w252,us_term_premium_10y,selfz,252,c2c,2,1,0.05503194187902821,0.09973972137041663,0.07982986999637524,0.09248192820325189,-0.12622137398214447,0.4,-1.2582729626714462,10,0.13599101297487687,0.039112465987121835,0.6128537390026674,-38.551874997030836,1153,13.785155328049951,99.29453262786596,2268,2017-05-16,2026-08-31,False,False,True,True,2
night,us_term_premium_10y|selfz|w252,us_term_premium_10y,selfz,252,o2o,2,-1,0.12126693612689533,-0.10686031767531111,-0.012030204817487598,0.0014047744640650493,0.19293612537592814,0.6,-2.2208502210406262,10,-0.1346468198544248,-0.039112465987121835,0.6128537390026674,-43.33496370071722,727,13.785155328049951,99.29453262786596,2268,2017-05-16,2026-08-31,False,False,True,True,2
night,us_term_premium_10y|selfz|w252,us_term_premium_10y,selfz,252,day,1,-1,0.27741955436636506,0.19797903061101252,0.23404085097588181,0.2540913850721249,0.39781837218488425,0.7,-0.8220144182727657,10,-0.1698982299588036,-0.0392548789697826,0.6129961519853281,-13.242976315198002,691,13.776703122705952,99.29453262786596,2268,2017-05-16,2026-08-31,False,True,False,True,2
night,us_term_premium_10y|selfz|w252,us_term_premium_10y,selfz,252,ongap,1,-1,0.19015074003209811,-0.4993879044034087,-0.18320546957528663,-0.14731882333392543,-0.030173849884916146,0.6,-3.2270978527642433,10,-0.1470143551109562,-0.039714460677769944,0.6131021586124898,-19.832173967982612,1475,13.799467043976673,99.2929739284136,2263,2017-05-16,2026-08-31,False,False,True,True,2
night,us_term_premium_10y|robustz|w60,us_term_premium_10y,robustz,60,c2c,2,1,0.35935750243213477,0.09787887889819681,0.20266980596648296,0.22412928613413569,0.120132250989114,0.4,-1.2776578387925661,10,-0.03781849899757058,0.01819964283082841,0.5422807748728214,-39.79319443938778,1288,20.96011635742897,99.20634920634922,2268,2017-05-16,2026-08-31,False,False,True,True,2
night,us_term_premium_10y|robustz|w60,us_term_premium_10y,robustz,60,o2o,2,1,0.12478792212166409,0.15502738308821404,0.1406261306501641,0.16329084464583155,-0.0004533467525045211,0.3,-1.3714920598864038,10,-0.042537547068206394,0.01819964283082841,0.5422807748728214,-38.59697023333503,1275,20.96011635742897,99.20634920634922,2268,2017-05-16,2026-08-31,False,False,True,True,2
night,us_term_premium_10y|robustz|w60,us_term_premium_10y,robustz,60,day,1,-1,0.1514582796822483,0.0019364340029296712,0.07039677951161574,0.1047022549535672,0.2020327916939646,0.7,-1.0594980554469893,10,0.0016186928343087956,-0.01855639797416984,0.5423066173167246,-14.654493054760431,1037,20.945559221522657,99.20634920634922,2268,2017-05-16,2026-08-31,False,True,True,True,3
night,us_term_premium_10y|robustz|w60,us_term_premium_10y,robustz,60,ongap,1,1,0.10206283358923522,0.6273618482133398,0.39644222594506506,0.45912372597967327,0.373788181526847,0.6,-0.8440897533728099,10,-0.085461090589947,0.019357939186609392,0.5421101115372583,-6.129702264112424,726,20.983169944644715,99.2045956694653,2263,2017-05-16,2026-08-31,False,False,True,True,2
night,us_term_premium_10y|robustz|w120,us_term_premium_10y,robustz,120,c2c,2,1,0.28668912318908396,0.10979114048652226,0.18595159021212956,0.20033751562551066,-0.0378385950206805,0.3,-1.4854680642904678,10,0.021131534158449282,0.011208772840147813,0.5981860442211356,-46.39675661138142,1249,15.229914116671141,99.55908289241623,2268,2017-05-16,2026-08-31,False,False,True,True,2
night,us_term_premium_10y|robustz|w120,us_term_premium_10y,robustz,120,o2o,2,1,-0.005927881828259137,0.13275300009658839,0.06815716927218225,0.08287317369413681,-0.15147560485401076,0.3,-1.6097398397251512,10,0.013053419947936587,0.011208772840147813,0.5981860442211356,-47.49165810191259,1299,15.229914116671141,99.55908289241623,2268,2017-05-16,2026-08-31,False,False,True,True,2
night,us_term_premium_10y|robustz|w120,us_term_premium_10y,robustz,120,day,1,-1,0.40122871832997037,-0.08620589074844799,0.15021035850142045,0.17283252561181373,0.3185891076001709,0.6,-0.6692371014531989,10,-0.04975766810603601,-0.011552089263340047,0.5980173063454083,-14.683179057761809,1439,15.22402984623759,99.55908289241623,2268,2017-05-16,2026-08-31,False,False,True,True,2
night,us_term_premium_10y|robustz|w120,us_term_premium_10y,robustz,120,ongap,1,1,0.2094976451689695,0.4189601818275351,0.31819141264361395,0.35954364730494687,0.21554219704422867,0.5,-1.122650802210984,10,-0.030020889723164145,0.012519922587826016,0.5980271551662865,-6.66313653854952,1207,15.247354625083974,99.5581087052585,2263,2017-05-16,2026-08-31,False,False,True,True,2
night,us_term_premium_10y|robustz|w252,us_term_premium_10y,robustz,252,c2c,2,1,0.31734437086965267,-0.008070399023974583,0.12601869820879943,0.13653826580509518,-0.07806708306640713,0.4,-1.4435267469275834,10,0.17400533203785695,0.06145159027953635,0.6396406714421412,-51.522848927543954,1246,12.225652624952035,99.16225749559084,2268,2017-05-16,2026-08-31,False,False,False,True,1
night,us_term_premium_10y|robustz|w252,us_term_premium_10y,robustz,252,o2o,2,1,0.22369091956949289,-0.04486324117151569,0.06724679543405113,0.07825716306247665,-0.14273093900029413,0.4,-1.5479108692296824,10,0.21480039321773042,0.06145159027953635,0.6396406714421412,-53.26611059244708,1253,12.225652624952035,99.16225749559084,2268,2017-05-16,2026-08-31,False,False,False,True,1
night,us_term_premium_10y|robustz|w252,us_term_premium_10y,robustz,252,day,1,1,0.06849121279933731,-0.5367732067572175,-0.2555698210917047,-0.23905673752167178,-0.3131464797761565,0.4,-1.8447245796211773,10,0.22829931342888535,0.061504643380982,0.6396937245435868,-36.33364698981692,1301,12.223555735733543,99.16225749559084,2268,2017-05-16,2026-08-31,False,False,False,True,1
night,us_term_premium_10y|robustz|w252,us_term_premium_10y,robustz,252,ongap,1,1,0.12345248886408366,0.3941428572409095,0.27137957049450817,0.3015252813725384,0.05694309231064494,0.4,-1.9216504921685325,10,0.17231913985025737,0.06193531890273026,0.6400259950590702,-11.762599631824877,1224,12.248637808664604,99.2045956694653,2263,2017-05-16,2026-08-31,False,False,False,True,1
night,us_term_premium_10y|bdtanh|w60,us_term_premium_10y,bdtanh,60,c2c,2,1,-0.02825871343601412,0.10436709208685373,0.05015920314276491,0.06952974643445126,-0.03653275014942283,0.3,-1.245748042151657,10,0.01324043192559154,0.037292053273982086,0.6788361918882807,-44.80879531850397,1230,21.09668414209209,99.55908289241623,2268,2017-05-16,2026-08-31,False,False,True,True,2
night,us_term_premium_10y|bdtanh|w60,us_term_premium_10y,bdtanh,60,o2o,2,-1,0.2083092197044793,-0.1918832831677377,-0.026682334219513375,-0.006329814327606423,0.09209018084382369,0.6,-2.7701493674674014,10,-0.005777452113821181,-0.037292053273982086,0.6788361918882807,-46.921621681537324,534,21.09668414209209,99.55908289241623,2268,2017-05-16,2026-08-31,False,False,True,True,2
night,us_term_premium_10y|bdtanh|w60,us_term_premium_10y,bdtanh,60,day,1,-1,0.41744967838766733,0.14985535965784655,0.2711736780801721,0.3018948135741664,0.7228828594069768,0.8,-0.5462477048408012,10,-0.04963696936660824,-0.03790060854783606,0.6787906763897009,-14.607828308364793,726,21.08167571828126,99.55908289241623,2268,2017-05-16,2026-08-31,True,True,True,True,4
night,us_term_premium_10y|bdtanh|w60,us_term_premium_10y,bdtanh,60,ongap,1,1,-0.045701579018155955,0.8059620946446925,0.45449225775948165,0.5107086098585192,0.33048542815955656,0.6,-0.845253223648893,10,-0.036976618236278784,0.0389896333272205,0.6785626564122716,-7.633204930119425,954,21.120488101887744,99.5581087052585,2263,2017-05-16,2026-08-31,False,False,True,True,2
night,us_term_premium_10y|bdtanh|w120,us_term_premium_10y,bdtanh,120,c2c,2,1,0.07148401264728509,0.013584232465757939,0.03663687137195101,0.05064810053773674,-0.08779477454447075,0.4,-1.2755349206363082,10,0.052909696399235026,0.020960452545284676,0.6676115005482142,-51.836188375393355,1170,15.584518094032562,99.55908289241623,2268,2017-05-16,2026-08-31,False,False,True,True,2
night,us_term_premium_10y|bdtanh|w120,us_term_premium_10y,bdtanh,120,o2o,2,-1,0.10664474988423744,-0.05646248250655262,0.011894412279800913,0.02662242262191807,0.15264756237638735,0.7,-2.599736343950217,10,-0.05251667905409805,-0.020960452545284676,0.6676115005482142,-50.78562679674402,1198,15.584518094032562,99.55908289241623,2268,2017-05-16,2026-08-31,False,True,True,True,3
night,us_term_premium_10y|bdtanh|w120,us_term_premium_10y,bdtanh,120,day,1,-1,0.218455531077146,0.22326014849658285,0.22053176395181906,0.24298370982051254,0.6176192533465721,0.7,-0.5997696707372819,10,-0.09993662903874831,-0.021587513485451012,0.6675204735771948,-19.116762522172507,810,15.577887981893753,99.55908289241623,2268,2017-05-16,2026-08-31,True,True,True,True,4
night,us_term_premium_10y|bdtanh|w120,us_term_premium_10y,bdtanh,120,ongap,1,1,-0.009886592903732951,0.572298404013625,0.32468774870277173,0.3633236579102034,0.2862451571322846,0.6,-0.7210972039087019,10,-0.01914750175933793,0.02230617038707572,0.6673254447136915,-9.899650817221408,1036,15.607748186119384,99.5581087052585,2263,2017-05-16,2026-08-31,False,False,True,True,2
night,us_term_premium_10y|bdtanh|w252,us_term_premium_10y,bdtanh,252,c2c,2,1,0.10377295719095035,0.11081178371616164,0.10664442091208974,0.11811888772580749,-0.10490549177748268,0.4,-1.4616827381451512,10,0.17084993698775214,0.0707010348850949,0.656852638631933,-42.998160630123905,1177,12.824795411383743,99.33862433862434,2268,2017-05-16,2026-08-31,False,False,False,True,1
night,us_term_premium_10y|bdtanh|w252,us_term_premium_10y,bdtanh,252,o2o,2,-1,0.10808275538084756,-0.09568193557515607,-0.009460875710937674,0.0026587203670652058,0.18509885065815626,0.6,-2.23737229641113,10,-0.15855776453253403,-0.0707010348850949,0.656852638631933,-48.65499215485517,686,12.824795411383743,99.33862433862434,2268,2017-05-16,2026-08-31,False,False,False,True,1
night,us_term_premium_10y|bdtanh|w252,us_term_premium_10y,bdtanh,252,day,1,-1,0.26266479349205396,0.3176506595446089,0.2912971204407142,0.30907602738791956,0.45616493560683014,0.7,-0.9373762511448199,10,-0.20364034849248952,-0.07078405621732053,0.6569356599641586,-16.05927780291382,686,12.814464368423724,99.33862433862434,2268,2017-05-16,2026-08-31,False,True,False,True,2
night,us_term_premium_10y|bdtanh|w252,us_term_premium_10y,bdtanh,252,ongap,1,-1,0.2411280997578314,-0.4265753948160208,-0.11894237322093502,-0.08604144868132774,0.016953240547642332,0.6,-3.105228372844438,10,-0.1776249888316571,-0.07117131957610838,0.6569009245681,-17.25805536847663,1462,12.835912642396199,99.33716305788775,2263,2017-05-16,2026-08-31,False,False,False,True,1
night,us_term_premium_10y|rankc|w60,us_term_premium_10y,rankc,60,c2c,2,-1,0.04499943093863172,-0.05838151375288288,-0.01645462559314652,0.00808537763053211,0.047957813965527465,0.7,-2.688273774844878,10,0.0006809339822790341,-0.03176075068125394,0.6599872544164319,-43.37075216370132,790,26.32894572021044,99.55908289241623,2268,2017-05-16,2026-08-31,False,True,True,True,3
night,us_term_premium_10y|rankc|w60,us_term_premium_10y,rankc,60,o2o,2,-1,0.34730369047010984,-0.1417576303149495,0.060368661442674915,0.0862022951212163,0.17305015534896104,0.6,-2.58597057426971,10,-0.0025862438951743763,-0.03176075068125394,0.6599872544164319,-45.443079740088045,518,26.32894572021044,99.55908289241623,2268,2017-05-16,2026-08-31,False,False,True,True,2
night,us_term_premium_10y|rankc|w60,us_term_premium_10y,rankc,60,day,1,-1,0.501324147602325,0.11431480511814984,0.28825483805625796,0.3276381859228642,0.7896365072968367,0.8,-0.5118454078084386,10,-0.03866437938882687,-0.0323964655162345,0.6600391170419424,-12.835917228567165,518,26.30413578251604,99.55908289241623,2268,2017-05-16,2026-08-31,True,True,True,True,4
night,us_term_premium_10y|rankc|w60,us_term_premium_10y,rankc,60,ongap,1,-1,0.006564025034259073,-0.8728429642970249,-0.5066296032528929,-0.4361666572402801,-0.4283099981270461,0.4,-3.7600666638309286,10,0.046129151633450556,-0.03346338016735528,0.6597712121717647,-28.72270078023747,1475,26.354421047728582,99.5581087052585,2263,2017-05-16,2026-08-31,False,False,True,True,2
night,us_term_premium_10y|rankc|w120,us_term_premium_10y,rankc,120,c2c,2,-1,-0.0034285312847721653,-0.13055520015224834,-0.07766094498166691,-0.0596786118231313,0.0479982615640844,0.6,-2.8692111179586077,10,-0.03866434540394497,-0.018896663733341926,0.660157292393064,-51.019663277468794,1211,19.494892834037614,99.42680776014109,2268,2017-05-16,2026-08-31,False,False,True,True,2
night,us_term_premium_10y|rankc|w120,us_term_premium_10y,rankc,120,o2o,2,-1,0.21409723280739218,-0.14927562265295707,0.003554573963397657,0.022370149927086354,0.14355742668177593,0.7,-2.6477720163679157,10,-0.04609820934545819,-0.018896663733341926,0.660157292393064,-48.026285910255424,1213,19.494892834037614,99.42680776014109,2268,2017-05-16,2026-08-31,False,True,True,True,3
night,us_term_premium_10y|rankc|w120,us_term_premium_10y,rankc,120,day,1,-1,0.28291697622753287,0.12259504009741096,0.19552374975027342,0.22438015731644864,0.6064147455148066,0.7,-0.6037279125268491,10,-0.08435064161497023,-0.01955784962993211,0.6601318922149432,-18.112947189122185,965,19.48243673890346,99.42680776014109,2268,2017-05-16,2026-08-31,True,True,True,True,4
night,us_term_premium_10y|rankc|w120,us_term_premium_10y,rankc,120,ongap,1,-1,0.030840852139298165,-0.6240570668695481,-0.34533397960868717,-0.2956537609875103,-0.3441886883248997,0.4,-3.1490664226088816,10,0.01670369382758031,-0.020292474024395935,0.6599610323855988,-24.59490998540495,1460,19.51836643605446,99.42554131683606,2263,2017-05-16,2026-08-31,False,False,True,True,2
night,us_term_premium_10y|rankc|w252,us_term_premium_10y,rankc,252,c2c,2,1,0.008080125809844624,0.1441940453089262,0.08514183910443235,0.10031725448348175,-0.09790533440573351,0.4,-1.304960045917237,10,0.13516168959351005,0.054132406031063396,0.6624789486074317,-39.48184774887745,1090,16.641898911550815,99.25044091710758,2268,2017-05-16,2026-08-31,False,False,True,True,2
night,us_term_premium_10y|rankc|w252,us_term_premium_10y,rankc,252,o2o,2,-1,0.16504701853897658,-0.13454861003869317,-0.006521175324524839,0.009359732280795938,0.16512476825218142,0.7,-2.3975770352348715,10,-0.1303308600913906,-0.054132406031063396,0.6624789486074317,-47.415678022007974,1416,16.641898911550815,99.25044091710758,2268,2017-05-16,2026-08-31,False,True,True,True,3
night,us_term_premium_10y|rankc|w252,us_term_premium_10y,rankc,252,day,1,-1,0.24961969417648427,0.2534124409247446,0.2509831476001167,0.2745588347858763,0.3837722582980406,0.8,-0.8839117661205326,10,-0.1724518724416584,-0.05433820319602235,0.6626847457723907,-16.17856036353648,620,16.63104607249663,99.25044091710758,2268,2017-05-16,2026-08-31,False,True,False,True,2
night,us_term_premium_10y|rankc|w252,us_term_premium_10y,rankc,252,ongap,1,-1,0.2635381364645624,-0.5243266868550752,-0.15785336803061725,-0.11485626154524589,-0.03463021787203704,0.6,-3.1769666968191856,10,-0.14245599327003036,-0.054717630113883656,0.6629721484589381,-21.446808850296563,1460,16.659921621875707,99.24878479893945,2263,2017-05-16,2026-08-31,False,False,True,True,2
night,us_term_premium_10y|signth|w60,us_term_premium_10y,signth,60,c2c,2,1,0.035663336578310396,0.36622944164501653,0.22845472022130314,0.2479904310560817,0.05266739987909507,0.5,-1.1836969381327513,10,-0.009735392011071257,0.0341928879321479,0.6791643834814787,-36.66027940956556,1195,21.519659501614022,99.20634920634922,2268,2017-05-16,2026-08-31,False,False,True,True,2
night,us_term_premium_10y|signth|w60,us_term_premium_10y,signth,60,o2o,2,-1,0.18247923988623171,-0.37991978216345285,-0.14087738978720715,-0.12046065765163795,0.022336536531980828,0.5,-2.5836039522950798,10,0.004361089441170616,-0.0341928879321479,0.6791643834814787,-57.52036810158994,920,21.519659501614022,99.20634920634922,2268,2017-05-16,2026-08-31,False,False,True,True,2
night,us_term_premium_10y|signth|w60,us_term_premium_10y,signth,60,day,1,-1,0.27639558078805426,0.17854236164594706,0.22214458245419516,0.25341068005563555,0.6794400944078947,0.8,-0.5178957415922025,10,-0.034426941253741024,-0.034817834299485595,0.6790688366291231,-19.53662027748747,1415,21.51980831462895,99.20634920634922,2268,2017-05-16,2026-08-31,True,True,True,True,4
night,us_term_premium_10y|signth|w60,us_term_premium_10y,signth,60,ongap,1,-1,0.013439676100929509,-0.7782505912394503,-0.4373782654637526,-0.3818282000150124,-0.4344517944722833,0.5,-3.2275228591889173,10,0.008084492259901058,-0.03569846656008169,0.6790275971563307,-24.67605256063876,1471,21.566123793072073,99.2045956694653,2263,2017-05-16,2026-08-31,False,False,True,True,2
night,us_term_premium_10y|signth|w120,us_term_premium_10y,signth,120,c2c,2,1,0.10358160502420141,0.0019419081131874932,0.04290763553581309,0.056461068160591245,-0.04475142968064093,0.3,-1.1827344455231663,10,0.06281787436303705,0.028958591083364182,0.6759173723681946,-44.54224895469576,1156,14.958148725302474,98.36860670194002,2268,2017-05-16,2026-08-31,False,False,True,True,2
night,us_term_premium_10y|signth|w120,us_term_premium_10y,signth,120,o2o,2,-1,0.14747933268356594,0.02093284486035932,0.07365800708402243,0.08794492114546217,0.19215290534869392,0.8,-2.432319328628742,10,-0.059523230008563376,-0.028958591083364182,0.6759173723681946,-48.33273365769604,837,14.958148725302474,98.36860670194002,2268,2017-05-16,2026-08-31,False,True,True,True,3
night,us_term_premium_10y|signth|w120,us_term_premium_10y,signth,120,day,1,-1,0.31510990620536217,0.3115391801735973,0.3126131827983764,0.3344888660841737,0.6573457270438815,0.7,-0.7326954094324222,10,-0.10710481239891535,-0.029564586912027017,0.6758373630883785,-16.321644984059137,533,14.958578759035532,98.36860670194002,2268,2017-05-16,2026-08-31,True,True,True,True,4
night,us_term_premium_10y|signth|w120,us_term_premium_10y,signth,120,ongap,1,-1,0.10316603687726586,-0.5150272523157652,-0.25775295620650185,-0.2210521456339441,-0.23857697587070725,0.4,-3.25944176625118,10,0.026279901343801187,-0.030083086046080107,0.6754705457634506,-21.98070374838979,1460,14.90377883765961,98.36500220945648,2263,2017-05-16,2026-08-31,False,False,True,True,2
night,us_term_premium_10y|signth|w252,us_term_premium_10y,signth,252,c2c,2,1,0.09206217404204231,0.040917026028094446,0.06219988214494628,0.07248514330347139,-0.13128901020073022,0.4,-1.7553216390681425,10,0.10843415988443697,0.05101578968312209,0.6535781738870766,-37.84304663077237,944,11.708694121865278,99.51499118165785,2268,2017-05-16,2026-08-31,False,False,True,True,2
night,us_term_premium_10y|signth|w252,us_term_premium_10y,signth,252,o2o,2,-1,0.05758292661318876,0.06102264617831817,0.058867433891057426,0.06984048950123979,0.2644055888975154,0.7,-1.806318214226105,10,-0.11977695367860836,-0.05101578968312209,0.6535781738870766,-38.1058663512817,1416,11.708694121865278,99.51499118165785,2268,2017-05-16,2026-08-31,False,True,True,True,3
night,us_term_premium_10y|signth|w252,us_term_premium_10y,signth,252,day,1,-1,0.09204488848960453,0.5350847180459917,0.3232544877347395,0.3391393265409369,0.3925642861949514,0.7,-0.9896838058758244,10,-0.1877679631393982,-0.05129175261136186,0.6538541368153165,-16.84746106712818,564,11.623307967003795,99.51499118165785,2268,2017-05-16,2026-08-31,False,True,False,True,2
night,us_term_premium_10y|signth|w252,us_term_premium_10y,signth,252,ongap,1,-1,0.17133165420728758,-0.5676264332569624,-0.2311577921954059,-0.201711522442106,-0.07374897759730538,0.7,-3.403263763197266,10,-0.06739562582841456,-0.05130041730689168,0.6539562039476463,-18.561877137408285,1421,11.647378571081697,99.51391957578436,2263,2017-05-16,2026-08-31,False,True,True,True,3
night,us_term_premium_10y|dev|w60,us_term_premium_10y,dev,60,c2c,2,1,0.09689224645176703,0.1620271884312234,0.13297241640375665,0.1529162578207699,-0.022051180124066865,0.3,-1.2757898724382126,10,-0.002936702334947428,0.021350283021425536,0.5904118167323743,-39.40264871726009,1222,20.589973953203867,99.16225749559084,2268,2017-05-16,2026-08-31,False,False,True,True,2
night,us_term_premium_10y|dev|w60,us_term_premium_10y,dev,60,o2o,2,-1,0.1278344556890878,-0.25246943320046217,-0.0883123930328442,-0.0675577551145162,0.0972576712873873,0.6,-2.901045231227638,10,0.00868157623101672,-0.021350283021425536,0.5904118167323743,-47.756884559012995,1695,20.589973953203867,99.16225749559084,2268,2017-05-16,2026-08-31,False,False,True,True,2
night,us_term_premium_10y|dev|w60,us_term_premium_10y,dev,60,day,1,-1,0.5478259591109401,-0.03762723150172343,0.23401178175531057,0.26563912362947856,0.5628459251334951,0.8,-0.7287627979680497,10,-0.02911260476874819,-0.021871462260120454,0.5903788720981378,-14.500678400599949,518,20.57666651141836,99.16225749559084,2268,2017-05-16,2026-08-31,False,True,True,True,3
night,us_term_premium_10y|dev|w60,us_term_premium_10y,dev,60,ongap,1,1,0.06153912282869441,0.7035263715122037,0.4179783077398338,0.47462226636368865,0.2724209471983231,0.6,-0.9017166125156689,10,-0.07390653375189617,0.023134969888080146,0.590296147559675,-7.78513872674544,659,20.613800140701816,99.16040653999116,2263,2017-05-16,2026-08-31,False,False,True,True,2
night,us_term_premium_10y|dev|w120,us_term_premium_10y,dev,120,c2c,2,1,0.06411593541268283,-0.028453465348552892,0.01009985312627246,0.023978173673915505,-0.18307444910681966,0.3,-1.7587891988474114,10,0.0722521423929271,0.0007305285662244548,0.6249976732134697,-49.6441461137462,1220,14.90748475198218,99.33862433862434,2268,2017-05-16,2026-08-31,False,False,True,True,2
night,us_term_premium_10y|dev|w120,us_term_premium_10y,dev,120,o2o,2,-1,0.12801295607356436,-0.01297742383080908,0.04607665748280889,0.06059053854580143,0.247649692129333,0.7,-2.381568445369402,10,-0.0738570793607632,-0.0007305285662244548,0.6249976732134697,-43.505074794351906,1202,14.90748475198218,99.33862433862434,2268,2017-05-16,2026-08-31,False,True,True,True,3
night,us_term_premium_10y|dev|w120,us_term_premium_10y,dev,120,day,1,-1,0.38989765445242813,0.2364143559296236,0.3080447323192122,0.3301087232925053,0.7702169723048196,0.8,-0.5838080049716382,10,-0.10845220493205766,-0.0013139751930075659,0.6249920607868313,-16.604750426259944,751,14.899097336533739,99.33862433862434,2268,2017-05-16,2026-08-31,True,True,True,True,4
night,us_term_premium_10y|dev|w120,us_term_premium_10y,dev,120,ongap,1,1,-0.044256363678520504,0.5022802524857974,0.26435981995343727,0.30246861971337097,0.11751251418319776,0.4,-1.122345722082397,10,0.02252305489768165,0.002242642326895272,0.6249851835602784,-8.797833215178986,1188,14.926123593469164,99.33716305788775,2263,2017-05-16,2026-08-31,False,False,True,True,2
night,us_term_premium_10y|dev|w252,us_term_premium_10y,dev,252,c2c,2,1,0.1577363284346012,-0.1301352400827791,-0.0069975506882879795,0.005257474225097292,-0.20386664305292804,0.4,-1.5138918913483288,10,0.1702592252899446,0.0448261053755935,0.6214014675681189,-46.63551106879308,1246,13.488177249006057,99.29453262786596,2268,2017-05-16,2026-08-31,False,False,False,True,1
night,us_term_premium_10y|dev|w252,us_term_premium_10y,dev,252,o2o,2,1,-0.003948036128549958,-0.16416960726818425,-0.09573068385585673,-0.08272147021872378,-0.263195751493362,0.4,-1.4582993449434902,10,0.18189468117439578,0.0448261053755935,0.6214014675681189,-50.84205134900218,1253,13.488177249006057,99.29453262786596,2268,2017-05-16,2026-08-31,False,False,False,True,1
night,us_term_premium_10y|dev|w252,us_term_premium_10y,dev,252,day,1,-1,0.27276167870813406,0.5647890369260589,0.4274999532251478,0.4466413051023597,0.5829205779654235,0.6,-0.8261413022189196,10,-0.22710147741357514,-0.045076337658498014,0.6216516998510233,-15.766321780898135,634,13.476690702719253,99.29453262786596,2268,2017-05-16,2026-08-31,False,False,False,True,1
night,us_term_premium_10y|dev|w252,us_term_premium_10y,dev,252,ongap,1,-1,0.1714739778194976,-0.4006804698424272,-0.13584153490404122,-0.10079206673186326,0.03432785515310752,0.7,-3.249323277909355,10,-0.17297014968405167,-0.04555641251368389,0.6217322063454823,-18.142054701472087,1568,13.498581195438401,99.2929739284136,2263,2017-05-16,2026-08-31,False,True,False,True,2
night,twd_usd|selfz|w60,twd_usd,selfz,60,c2c,2,1,0.37328391755553136,-0.6867919170643891,-0.24761646491406386,-0.2154815139466018,-0.039736460619204064,0.5,-1.8900330031491224,10,0.2075812319553893,0.03447155222145586,0.5739611628779977,-63.544938511241554,1107,30.714895692246337,99.20634920634922,2268,2017-05-16,2026-08-31,False,False,False,True,1
night,twd_usd|selfz|w60,twd_usd,selfz,60,o2o,2,1,0.44670720359534216,-0.6421875885457474,-0.21398041593755632,-0.17968749421802313,-0.01705512000974391,0.3,-1.2257031908623344,10,0.1284740000005721,0.03447155222145586,0.5739611628779977,-56.797171785889134,1102,30.714895692246337,99.20634920634922,2268,2017-05-16,2026-08-31,False,False,True,True,2
night,twd_usd|selfz|w60,twd_usd,selfz,60,day,1,1,0.4712263910381566,-0.7078067938116817,-0.16470228375038543,-0.11293203496459606,-0.01894941580611895,0.5,-1.3444454920016176,10,0.15470536741946989,0.034233207233596324,0.5741995078658572,-35.88984461490315,1244,30.712811655101877,99.20634920634922,2268,2017-05-16,2026-08-31,False,False,False,True,1
night,twd_usd|selfz|w60,twd_usd,selfz,60,ongap,1,-1,0.050070387953253005,0.18815648189198755,0.12779081500710007,0.21879377391388619,0.09125426746662804,0.5,-1.3862832172578026,10,-0.21611995406657844,-0.034198878171755306,0.5742724929657582,-9.46583100724134,744,30.76714297862259,99.2045956694653,2263,2017-05-16,2026-08-31,False,False,False,True,1
night,twd_usd|selfz|w120,twd_usd,selfz,120,c2c,2,1,0.2501338248961914,-0.556575535716857,-0.23776210667769185,-0.21354985647592456,-0.04540057700618777,0.3,-2.0304278338690374,10,0.21774748385145343,0.06222606717774705,0.5963540770475302,-68.49740808029927,1107,22.310551764808714,99.64726631393297,2268,2017-05-16,2026-08-31,False,False,False,True,1
night,twd_usd|selfz|w120,twd_usd,selfz,120,o2o,2,1,0.20474989375276156,-0.49449570573355156,-0.2120314901703102,-0.18682955074317784,-0.06592183838431476,0.3,-1.4946418974521012,10,0.15224154743712404,0.06222606717774705,0.5963540770475302,-62.689420200669296,1102,22.310551764808714,99.64726631393297,2268,2017-05-16,2026-08-31,False,False,False,True,1
night,twd_usd|selfz|w120,twd_usd,selfz,120,day,1,1,0.17698847992277744,-0.7970033672766152,-0.3583782165911431,-0.3193074087128852,-0.23253240569716058,0.5,-1.4980702005023765,10,0.16390485772626484,0.061947344306321026,0.5966327999189561,-40.206217566058754,1244,22.312891965547262,99.64726631393297,2268,2017-05-16,2026-08-31,False,False,False,True,1
night,twd_usd|selfz|w120,twd_usd,selfz,120,ongap,1,-1,0.10347079170399746,0.1340468443441921,0.11937232833331368,0.18620272947723274,0.03405047057075385,0.6,-1.6255437583655867,10,-0.2173525111797529,-0.06148672607176374,0.5969229551817774,-11.875678903328874,744,22.35579346203107,99.6464869642068,2263,2017-05-16,2026-08-31,False,False,False,True,1
night,twd_usd|selfz|w252,twd_usd,selfz,252,c2c,2,1,0.10399678644308658,-0.43822358356366753,-0.21456762896884668,-0.20005946176328457,-0.08385377538912242,0.3,-2.094077573453155,10,0.28771597629164547,0.10893340824636827,0.6548418731293099,-86.26651977535961,1570,15.839264393722903,99.77954144620811,2268,2017-05-16,2026-08-31,False,False,False,True,1
night,twd_usd|selfz|w252,twd_usd,selfz,252,o2o,2,1,0.016562512929736345,-0.40057216883095037,-0.22214017787769755,-0.2070129919231222,-0.14278697103690505,0.3,-2.2198198222048307,10,0.2314145152792966,0.10893340824636827,0.6548418731293099,-82.93462837336585,1569,15.839264393722903,99.77954144620811,2268,2017-05-16,2026-08-31,False,False,False,True,1
night,twd_usd|selfz|w252,twd_usd,selfz,252,day,1,-1,0.15375168272833759,0.7961151462361863,0.49853444164429156,0.522327000328779,0.5115018846232204,0.7,-1.1612696451562936,10,-0.2197386571351674,-0.10920809351898669,0.6545671878566913,-18.027380191503237,908,15.860679553059414,99.77954144620811,2268,2017-05-16,2026-08-31,False,True,False,True,2
night,twd_usd|selfz|w252,twd_usd,selfz,252,ongap,1,-1,0.13649707184527785,0.09684157066075723,0.1120209215674227,0.1516020884806832,-0.08306505367612502,0.6,-2.946552898673681,10,-0.2648585302990937,-0.10901331737081019,0.6544620946525969,-14.920810306155635,402,15.891308795366108,99.77905435262925,2263,2017-05-16,2026-08-31,False,False,False,True,1
night,twd_usd|robustz|w60,twd_usd,robustz,60,c2c,2,1,0.7988095083814843,-0.5632794753794624,-0.039622387343945575,-0.010232720548512285,0.10079897400548887,0.4,-1.3799561518770698,10,0.17976868543245555,0.0464699101493238,0.5133287629422462,-61.056780284866875,1107,24.62122428647551,98.19223985890653,2268,2017-05-16,2026-08-31,False,False,False,True,1
night,twd_usd|robustz|w60,twd_usd,robustz,60,o2o,2,1,0.8496599644508589,-0.4897248137700884,0.03905004756426708,0.07041103164485472,0.14759751317020806,0.4,-1.538734933802929,10,0.12110189380767518,0.0464699101493238,0.5133287629422462,-54.57808773497925,1102,24.62122428647551,98.19223985890653,2268,2017-05-16,2026-08-31,False,False,True,True,2
night,twd_usd|robustz|w60,twd_usd,robustz,60,day,1,1,0.6016034649409943,-0.5627778472063469,-0.05160900776231857,-0.004388134333310781,0.07838883611156364,0.6,-1.0893478620708121,10,0.14110804105029565,0.04599290189403347,0.5136849631643232,-29.54091253383521,1244,24.622485524059393,98.19223985890653,2268,2017-05-16,2026-08-31,False,False,True,True,2
night,twd_usd|robustz|w60,twd_usd,robustz,60,ongap,1,1,-0.05224926968475631,-0.027416603859904836,-0.03735657505346824,0.05414007932720351,-0.06519309747091036,0.4,-2.96487533161915,10,0.14515534341524342,0.04546297414290083,0.5136872523437684,-15.471499962345625,1973,24.66848161366359,98.18824569155987,2263,2017-05-16,2026-08-31,False,False,True,True,2
night,twd_usd|robustz|w120,twd_usd,robustz,120,c2c,2,1,0.3064078545285704,-0.45433948050268474,-0.1307107281450289,-0.1116935514184431,-0.025891750624831206,0.3,-1.5622215631243144,10,0.14024908665040553,0.05608841724622664,0.570742768687971,-62.25075077647433,1107,16.85899405209042,99.55908289241623,2268,2017-05-16,2026-08-31,False,False,True,True,2
night,twd_usd|robustz|w120,twd_usd,robustz,120,o2o,2,1,0.3108068177245931,-0.3428823780849153,-0.05959803682337023,-0.03996614080829793,0.009103438400015864,0.3,-1.477243231266342,10,0.10864754855571723,0.05608841724622664,0.570742768687971,-56.40800588483364,1102,16.85899405209042,99.55908289241623,2268,2017-05-16,2026-08-31,False,False,True,True,2
night,twd_usd|robustz|w120,twd_usd,robustz,120,day,1,1,0.044710999089453446,-0.4953279699374455,-0.23624254606130707,-0.20640229603720692,-0.13411171428848584,0.6,-1.287655667707243,10,0.09916130055168142,0.055704070313830185,0.5711271156203674,-25.976386906179417,1244,16.862221004853836,99.55908289241623,2268,2017-05-16,2026-08-31,False,False,True,True,2
night,twd_usd|robustz|w120,twd_usd,robustz,120,ongap,1,-1,0.11218746256408514,-0.16891659443477636,-0.04810196414329084,0.004725812878541976,-0.0589748715826553,0.5,-2.1887740147374672,10,-0.1788829737797487,-0.055044261870420566,0.5712942145065483,-13.727056396824059,943,16.864825689947494,99.5581087052585,2263,2017-05-16,2026-08-31,False,False,False,True,1
night,twd_usd|robustz|w252,twd_usd,robustz,252,c2c,2,1,0.21396850863991634,-0.5122867434246178,-0.19330918060233676,-0.18014096349499265,-0.1589799014815394,0.4,-2.4279498734554226,10,0.19676532256375262,0.12662460169593134,0.6346483746031036,-81.66337014054048,1570,13.360384852502456,99.33862433862434,2268,2017-05-16,2026-08-31,False,False,False,True,1
night,twd_usd|robustz|w252,twd_usd,robustz,252,o2o,2,1,0.21954214669372762,-0.4691880978093187,-0.15899891206854097,-0.1455583288224744,-0.1555217752653798,0.5,-2.524369961275412,10,0.16136668366060772,0.12662460169593134,0.6346483746031036,-75.07967397660298,1569,13.360384852502456,99.33862433862434,2268,2017-05-16,2026-08-31,False,False,False,True,1
night,twd_usd|robustz|w252,twd_usd,robustz,252,day,1,-1,0.07584539665180395,0.7110401848153597,0.4037265761454204,0.42432913077338036,0.46108038456251826,0.7,-0.8614768310001802,10,-0.15867268468403706,-0.12699944492086876,0.6343603422393532,-16.935617976048565,905,13.368419623468737,99.33862433862434,2268,2017-05-16,2026-08-31,False,True,False,True,2
night,twd_usd|robustz|w252,twd_usd,robustz,252,ongap,1,-1,0.09954429232411866,0.054563512541036745,0.07649397895268449,0.11309509732945305,-0.03414817071419417,0.7,-2.4384391677931485,10,-0.16044786849768214,-0.12672886226891247,0.634478525379704,-13.641594531973933,638,13.392008720812884,99.33716305788775,2263,2017-05-16,2026-08-31,False,True,False,True,2
night,twd_usd|bdtanh|w60,twd_usd,bdtanh,60,c2c,2,1,0.33673145936263843,-0.6100148593374917,-0.20585770040760795,-0.17745721167090142,-0.01111826768465822,0.4,-1.1493588574841267,10,0.20484299512016305,0.04244845962776711,0.6370082176640464,-61.475814793915376,1107,27.62567352598658,99.33862433862434,2268,2017-05-16,2026-08-31,False,False,False,True,1
night,twd_usd|bdtanh|w60,twd_usd,bdtanh,60,o2o,2,1,0.4589735341217914,-0.5895866488615628,-0.16228332518857044,-0.1323679854082591,0.03629925085174162,0.4,-1.14768608295768,10,0.11994192799046585,0.04244845962776711,0.6370082176640464,-58.32297456267336,1102,27.62567352598658,99.33862433862434,2268,2017-05-16,2026-08-31,False,False,True,True,2
night,twd_usd|bdtanh|w60,twd_usd,bdtanh,60,day,1,1,0.5719947184240337,-0.7481128761594451,-0.1375767459867262,-0.09279697231486417,0.026881090265768938,0.5,-1.4190540626817119,10,0.14872901289393659,0.042284000402860976,0.6371726768889525,-37.559904126321484,1244,27.624305589597437,99.33862433862434,2268,2017-05-16,2026-08-31,False,False,True,True,2
night,twd_usd|bdtanh|w60,twd_usd,bdtanh,60,ongap,1,-1,0.1291042143054444,0.22071299657970805,0.17936265483937125,0.2593988472485731,0.12125732662808747,0.5,-1.5551615110057684,10,-0.20890229259384865,-0.04242737868060488,0.6370326065229799,-10.17358348587311,671,27.67708567011419,99.33716305788775,2263,2017-05-16,2026-08-31,False,False,False,True,1
night,twd_usd|bdtanh|w120,twd_usd,bdtanh,120,c2c,2,1,0.33634811869361697,-0.344782740077409,-0.08008946762588334,-0.058499948172101364,0.09774359412771393,0.3,-1.5618230361146364,10,0.20879651735546734,0.05135538437888564,0.6434962080228,-58.260593655437496,1107,20.5317593920053,99.73544973544973,2268,2017-05-16,2026-08-31,False,False,False,True,1
night,twd_usd|bdtanh|w120,twd_usd,bdtanh,120,o2o,2,1,0.31380014202236495,-0.2588858616704163,-0.029462693260193497,-0.007160448720463681,0.11439456556040951,0.3,-1.5949108408289179,10,0.1237779764007679,0.05135538437888564,0.6434962080228,-53.19166368043167,1102,20.5317593920053,99.73544973544973,2268,2017-05-16,2026-08-31,False,False,True,True,2
night,twd_usd|bdtanh|w120,twd_usd,bdtanh,120,day,1,1,0.28292828933210706,-0.5715630596608151,-0.1940434253337984,-0.1594782901828982,-0.04401985368493953,0.6,-1.4066108093625975,10,0.14512861863691642,0.051144281421334606,0.643707310980351,-30.52330940429347,1244,20.533492434714727,99.73544973544973,2268,2017-05-16,2026-08-31,False,False,True,True,2
night,twd_usd|bdtanh|w120,twd_usd,bdtanh,120,ongap,1,-1,0.11051955151747575,0.2444448951746715,0.1877532041690756,0.24889012355735635,0.0696732907030172,0.6,-1.422924287245156,10,-0.17058049402787562,-0.050947081514726184,0.6437479725378477,-10.93517917086784,744,20.573921831002316,99.7348652231551,2263,2017-05-16,2026-08-31,False,False,False,True,1
night,twd_usd|bdtanh|w252,twd_usd,bdtanh,252,c2c,2,1,0.03683637095867759,-0.2762418902256949,-0.14543948185336247,-0.13226341408281567,-0.02504543259884125,0.4,-2.5165835554294786,10,0.2604560646437175,0.09818730321887299,0.6693954734084877,-83.62103308278803,1570,14.874235641463653,99.55908289241623,2268,2017-05-16,2026-08-31,False,False,False,True,1
night,twd_usd|bdtanh|w252,twd_usd,bdtanh,252,o2o,2,-1,0.028842729781517806,0.20593665131694142,0.1298329317723344,0.1434142649423911,0.06769634602568736,0.5,-2.0878700018644047,10,-0.21223746181777045,-0.09818730321887299,0.6693954734084877,-45.211218043930636,562,14.874235641463653,99.55908289241623,2268,2017-05-16,2026-08-31,False,False,False,True,1
night,twd_usd|bdtanh|w252,twd_usd,bdtanh,252,day,1,-1,0.20153132333042578,0.6527387287460036,0.44563152381460497,0.4666581321479078,0.4948910034432491,0.7,-1.0468626376596741,10,-0.19580895365638512,-0.09851065930170808,0.6691682977378068,-18.201919326638766,905,14.89785291658312,99.55908289241623,2268,2017-05-16,2026-08-31,False,True,False,True,2
night,twd_usd|bdtanh|w252,twd_usd,bdtanh,252,ongap,1,-1,0.30467951828878387,0.12023596676788278,0.19842451757772717,0.23542100816851988,-0.009360727349041061,0.6,-2.954055987412725,10,-0.19606413745055604,-0.09830080236340095,0.6690430663075678,-16.017453409329708,520,14.92856499093292,99.5581087052585,2263,2017-05-16,2026-08-31,False,False,False,True,1
night,twd_usd|rankc|w60,twd_usd,rankc,60,c2c,2,1,0.3584281794596403,-0.6233138665141891,-0.19786741340480912,-0.16288797599919097,-0.036908542426089354,0.4,-1.6211101251376365,10,0.2128206380522692,0.038036173833715964,0.6274209333577967,-62.66724877277103,1107,34.226312960990946,99.60317460317461,2268,2017-05-16,2026-08-31,False,False,False,True,1
night,twd_usd|rankc|w60,twd_usd,rankc,60,o2o,2,1,0.3947449237991808,-0.5724817524735545,-0.1698106472081517,-0.13286990294038598,-0.032580094305154385,0.4,-1.094705459392286,10,0.14603745235504215,0.038036173833715964,0.6274209333577967,-57.61002956168462,1102,34.226312960990946,99.60317460317461,2268,2017-05-16,2026-08-31,False,False,True,True,2
night,twd_usd|rankc|w60,twd_usd,rankc,60,day,1,1,0.47240205766688087,-0.7779338363726496,-0.1869979570294647,-0.13186030809013302,-0.05980773065093658,0.5,-1.6546599589153157,10,0.16744552640793703,0.037866414405012754,0.6275906927864998,-41.163972433378326,1280,34.221225728123464,99.60317460317461,2268,2017-05-16,2026-08-31,False,False,False,True,1
night,twd_usd|rankc|w60,twd_usd,rankc,60,ongap,1,-1,0.2971582346655868,0.14418302359506716,0.21281361383984823,0.30911888957834704,0.22425774389625497,0.6,-1.3216178902939832,10,-0.2421241076551439,-0.038121699129604766,0.627421603571728,-9.798748302759401,520,34.28651623757779,99.60229783473265,2263,2017-05-16,2026-08-31,False,False,False,True,1
night,twd_usd|rankc|w120,twd_usd,rankc,120,c2c,2,1,0.2934914960632658,-0.3956609100732414,-0.12260656321310116,-0.09569240452182894,0.021058909516786833,0.3,-1.9476374175632163,10,0.22245090115578114,0.0570554862174895,0.6434238502146897,-64.23083012216651,1107,26.009349464939177,99.55908289241623,2268,2017-05-16,2026-08-31,False,False,False,True,1
night,twd_usd|rankc|w120,twd_usd,rankc,120,o2o,2,1,0.23318680669435787,-0.33261154350350297,-0.10316766663829718,-0.07499978993742437,0.007652506376454501,0.3,-1.3309727462904102,10,0.1383728715122502,0.0570554862174895,0.6434238502146897,-59.50324352840381,1102,26.009349464939177,99.55908289241623,2268,2017-05-16,2026-08-31,False,False,True,True,2
night,twd_usd|rankc|w120,twd_usd,rankc,120,day,1,1,0.25834360872605305,-0.6960577088786694,-0.265874059526079,-0.22247857038270413,-0.1523222242629518,0.5,-1.6079168834557953,10,0.1555349977570191,0.056882167266309326,0.64359716916587,-36.08627501420586,1244,26.007481762126933,99.55908289241623,2268,2017-05-16,2026-08-31,False,False,False,True,1
night,twd_usd|rankc|w120,twd_usd,rankc,120,ongap,1,-1,0.30869303272934345,0.18595492608559924,0.23012381040343213,0.3038388196984613,0.15946130620289659,0.6,-1.4443724504214153,10,-0.21648092788425022,-0.05689609042245709,0.643484777963678,-12.620262665136286,403,26.058758051792154,99.5581087052585,2263,2017-05-16,2026-08-31,False,False,False,True,1
night,twd_usd|rankc|w252,twd_usd,rankc,252,c2c,2,1,0.17055532336642149,-0.3873439538009731,-0.16255656788177134,-0.1432224909001867,-0.02259745938549643,0.3,-2.4558918129999734,10,0.26255428796407165,0.07644110096349634,0.6591140505562515,-77.9906890927217,1570,20.96976107835497,99.60317460317461,2268,2017-05-16,2026-08-31,False,False,False,True,1
night,twd_usd|rankc|w252,twd_usd,rankc,252,o2o,2,1,0.06612794291395784,-0.3573712864167079,-0.18140768544566657,-0.16116768061763645,-0.08705169850992091,0.3,-2.5921228006745363,10,0.20118807608300485,0.07644110096349634,0.6591140505562515,-78.14253665755027,1569,20.96976107835497,99.60317460317461,2268,2017-05-16,2026-08-31,False,False,False,True,1
night,twd_usd|rankc|w252,twd_usd,rankc,252,day,1,1,-0.03169966130150403,-0.7704362976338219,-0.4387035650576942,-0.40750530617489256,-0.36304319601865254,0.4,-1.7932406478709328,10,0.19032183827073546,0.07667278664430978,0.658882364875438,-45.96195691374532,1570,21.003699768022575,99.60317460317461,2268,2017-05-16,2026-08-31,False,False,False,True,1
night,twd_usd|rankc|w252,twd_usd,rankc,252,ongap,1,-1,0.34782865400254476,0.11154195744043958,0.2078247793724208,0.26231388617569984,0.1392676491135096,0.6,-2.463717141307207,10,-0.20951307332749716,-0.07638465299328358,0.6587475067196836,-16.060972456663407,402,21.04546329050909,99.60229783473265,2263,2017-05-16,2026-08-31,False,False,False,True,1
night,twd_usd|signth|w60,twd_usd,signth,60,c2c,2,1,0.29314335178017026,-0.43664644488667925,-0.12385243945890925,-0.09804322959890634,-0.007257119032461189,0.5,-1.245721218397566,10,0.2084681843719621,0.043714425534891535,0.6572071358810662,-52.10768289753294,1107,24.955104058539852,100.0,2268,2017-05-16,2026-08-31,False,False,False,True,1
night,twd_usd|signth|w60,twd_usd,signth,60,o2o,2,1,0.3197483804056259,-0.4707768934297447,-0.14228795349953835,-0.11503417156165616,-0.03638734860656703,0.4,-1.1149218467507702,10,0.1202303739428182,0.043714425534891535,0.6572071358810662,-52.41974550567403,1102,24.955104058539852,100.0,2268,2017-05-16,2026-08-31,False,False,True,True,2
night,twd_usd|signth|w60,twd_usd,signth,60,day,1,1,0.49681877774869554,-0.8245370565875119,-0.20481905734203223,-0.1642146243838175,-0.06376500056903267,0.4,-1.4725687403070271,10,0.15461067295026787,0.04355999408738311,0.6573615673285746,-41.59764928704611,1285,24.955265663611016,100.0,2268,2017-05-16,2026-08-31,False,False,False,True,1
night,twd_usd|signth|w60,twd_usd,signth,60,ongap,1,-1,0.024015547107876692,0.2853860094691245,0.16921327762210334,0.24204358637522003,0.1327383592242167,0.5,-1.4517214357073696,10,-0.18708016424220097,-0.043770313978314414,0.6571513820019894,-9.499026879754402,744,25.009671946326673,100.0,2263,2017-05-16,2026-08-31,False,False,False,True,1
night,twd_usd|signth|w120,twd_usd,signth,120,c2c,2,1,0.552183919350577,-0.330333916744916,0.016033142290524594,0.03653427877341924,0.15553258709369272,0.5,-1.497881814352139,10,0.19612731344939255,0.04658993897985417,0.6601211892894792,-48.90893231653186,1102,19.17485344997292,99.95590828924162,2268,2017-05-16,2026-08-31,False,False,False,True,1
night,twd_usd|signth|w120,twd_usd,signth,120,o2o,2,1,0.5407858849654055,-0.2640782225784866,0.0666106039233299,0.08735662589753038,0.1845629346794073,0.5,-1.6768965976761685,10,0.10751055580089447,0.04658993897985417,0.6601211892894792,-46.11606858599857,1102,19.17485344997292,99.95590828924162,2268,2017-05-16,2026-08-31,False,False,True,True,2
night,twd_usd|signth|w120,twd_usd,signth,120,day,1,1,0.2849467387954402,-0.4783327201685691,-0.1356119392728752,-0.1032887629565059,0.01335977247228684,0.5,-1.3939635471237428,10,0.1342189563681381,0.046366542006427015,0.6603445862629063,-25.705894643299143,1215,19.200469011834198,99.95590828924162,2268,2017-05-16,2026-08-31,False,False,True,True,2
night,twd_usd|signth|w120,twd_usd,signth,120,ongap,1,-1,-0.0676925874598222,0.4066381471818614,0.20932863472117488,0.266687461127251,0.09152817166077633,0.6,-1.8013637773374807,10,-0.12225728664784075,-0.046180376190001676,0.6604068539269524,-10.636424413117526,1271,19.24151171697723,99.95581087052585,2263,2017-05-16,2026-08-31,False,False,True,True,2
night,twd_usd|signth|w252,twd_usd,signth,252,c2c,2,-1,0.45222554099151835,0.29616441394815235,0.3453607868484401,0.3525457785639949,0.4249266540679884,0.7,-2.127718975621608,10,-0.2612411551399323,-0.08313867137327727,0.672231287646902,-42.238711589988704,344,9.132983658963395,100.0,1916,2017-05-16,2026-08-31,False,True,False,True,2
night,twd_usd|signth|w252,twd_usd,signth,252,o2o,2,-1,0.44803848061455864,0.15699515660198554,0.2526551030811287,0.26003474948111555,0.22063775855060583,0.7,-2.0506843708011115,10,-0.2044088508344036,-0.08313867137327727,0.672231287646902,-43.2887190407949,386,9.132983658963395,100.0,1916,2017-05-16,2026-08-31,False,True,False,True,2
night,twd_usd|signth|w252,twd_usd,signth,252,day,1,-1,0.4153002195559835,0.5576026954875399,0.503408213096198,0.5149824432903689,0.7108262075225011,0.9,-1.258133784232002,10,-0.18311119320954772,-0.08321053057641035,0.6721594284437687,-14.432098531624687,654,9.133224384082538,100.0,1916,2017-05-16,2026-08-31,True,True,False,True,3
night,twd_usd|signth|w252,twd_usd,signth,252,ongap,1,-1,0.42282212498778193,0.0640986589424098,0.19695394409303338,0.21701794210729708,0.3625531161481959,0.6,-2.2812349240737193,10,-0.14997860536653015,-0.08287518175626554,0.6722932987383682,-16.32052111706543,520,9.151146382002276,100.0,1912,2017-05-16,2026-08-31,False,False,True,True,2
night,twd_usd|dev|w60,twd_usd,dev,60,c2c,2,1,0.3938088157425931,-0.3948490392690381,-0.05341039783950893,-0.025544644118889934,0.11327118682481077,0.5,-1.6939504043302793,10,0.17115159466413638,0.05668418078395636,0.5321301957309331,-51.91280515464415,1107,23.537824014110278,98.67724867724867,2268,2017-05-16,2026-08-31,False,False,False,True,1
night,twd_usd|dev|w60,twd_usd,dev,60,o2o,2,1,0.41250982496898564,-0.35308736227945703,-0.03226931619393653,-0.0025649688615759893,0.12675835549499612,0.5,-1.4742463965189276,10,0.13281052158803963,0.05668418078395636,0.5321301957309331,-48.13736443118463,1102,23.537824014110278,98.67724867724867,2268,2017-05-16,2026-08-31,False,False,True,True,2
night,twd_usd|dev|w60,twd_usd,dev,60,day,1,1,0.381000017405474,-0.6115182359171085,-0.1316435150067108,-0.0884173013359708,-0.055809374326949795,0.5,-1.4862125473541647,10,0.1548143066862148,0.05637287877928706,0.5324414977356025,-29.24689051346781,1280,23.535057932118036,98.67724867724867,2268,2017-05-16,2026-08-31,False,False,False,True,1
night,twd_usd|dev|w60,twd_usd,dev,60,ongap,1,1,-0.04588827310363082,0.169310097650342,0.0699490989991983,0.1542568648325682,0.1596082197218455,0.6,-2.087768716318609,10,0.13380732826673186,0.05605118531555528,0.5327210363475956,-12.043043561660642,1973,23.575928680623015,98.67432611577553,2263,2017-05-16,2026-08-31,False,False,True,True,2
night,twd_usd|dev|w120,twd_usd,dev,120,c2c,2,1,0.2190521378096645,-0.4881065568982396,-0.18952491244762346,-0.17085754152703236,-0.05193325108812862,0.4,-1.8723571294087804,10,0.21383653912675507,0.07445899688521619,0.6094966485283936,-66.78666276533914,1511,16.624568834632104,99.55908289241623,2268,2017-05-16,2026-08-31,False,False,False,True,1
night,twd_usd|dev|w120,twd_usd,dev,120,o2o,2,1,0.1703326498813115,-0.46605804681070606,-0.19542653757470876,-0.17600121687971892,-0.07685002855785604,0.4,-1.5293472183239387,10,0.1560763084393168,0.07445899688521619,0.6094966485283936,-64.90737397012983,1512,16.624568834632104,99.55908289241623,2268,2017-05-16,2026-08-31,False,False,False,True,1
night,twd_usd|dev|w120,twd_usd,dev,120,day,1,1,0.0542086719413512,-0.8631622919252863,-0.4249538045734722,-0.3955504521950409,-0.3852082010040325,0.5,-1.7310800682452432,10,0.16340993137430782,0.074429215492925,0.6095264299206847,-38.603165694935214,1435,16.628588679865903,99.55908289241623,2268,2017-05-16,2026-08-31,False,False,False,True,1
night,twd_usd|dev|w120,twd_usd,dev,120,ongap,1,-1,0.12391571804146251,0.0740294187483676,0.09506954604391098,0.1466859594505205,-0.08190889746982725,0.7,-2.5495833311370304,10,-0.19093833591761913,-0.07441274299328882,0.6094886753061545,-11.545805606112935,575,16.660125282269888,99.5581087052585,2263,2017-05-16,2026-08-31,False,True,False,True,2
night,twd_usd|dev|w252,twd_usd,dev,252,c2c,2,-1,0.16067996060049008,0.3630974827156877,0.27227835082115176,0.28545748085713496,0.20670735178164507,0.6,-2.1586308195370782,10,-0.21334573796813738,-0.0649170442412515,0.6827982464474108,-45.522726092183014,610,14.25664418830354,99.33862433862434,2268,2017-05-16,2026-08-31,False,False,False,True,1
night,twd_usd|dev|w252,twd_usd,dev,252,o2o,2,-1,0.1726449521024799,0.32320865595431136,0.2544095961831246,0.2678988766982344,0.23449404053059808,0.6,-2.1927937547657277,10,-0.16150952043631162,-0.0649170442412515,0.6827982464474108,-45.60339784327071,406,14.25664418830354,99.33862433862434,2268,2017-05-16,2026-08-31,False,False,False,True,1
night,twd_usd|dev|w252,twd_usd,dev,252,day,1,-1,0.07158544830960513,0.7712519547739298,0.42883430828298674,0.44953452759145224,0.5435840647860081,0.7,-0.7961689754395859,10,-0.13614551780570333,-0.06526345430188453,0.6824518363867779,-14.73024003309634,548,14.26936737594088,99.33862433862434,2268,2017-05-16,2026-08-31,False,True,True,True,3
night,twd_usd|dev|w252,twd_usd,dev,252,ongap,1,-1,0.4535396371012684,0.030937294902584046,0.2312381894771423,0.26879222705027783,0.037826314111274885,0.8,-3.0773052706104203,10,-0.14776145540842192,-0.06474592023451456,0.6825585471533866,-15.016520289084234,353,14.298139271582526,99.33716305788775,2263,2017-05-16,2026-08-31,False,True,True,True,3
night,krw_usd|selfz|w60,krw_usd,selfz,60,c2c,2,1,0.14122237277638336,-0.04449184514867559,0.03512387608564275,0.06967726068984244,0.10361636928323122,0.6,-1.4660740602438285,10,0.12433220133440614,0.034882893235024116,0.588711613774571,-30.350581069370687,965,36.20201350841259,99.07407407407408,2268,2017-05-16,2026-08-31,False,False,True,True,2
night,krw_usd|selfz|w60,krw_usd,selfz,60,o2o,2,1,0.07075286640152513,-0.11231682271790187,-0.033993607028128765,0.003076745767639819,-0.001745013733918757,0.4,-1.328384028822421,10,0.1511722756032272,0.034882893235024116,0.588711613774571,-30.749026347429627,1790,36.20201350841259,99.07407407407408,2268,2017-05-16,2026-08-31,False,False,False,True,1
night,krw_usd|selfz|w60,krw_usd,selfz,60,day,1,1,0.6700329473313531,-0.11228948496916738,0.26235046753562824,0.31732849616623565,0.2078784927936307,0.5,-1.9161326199727766,10,0.1155563985719383,0.03475363632773576,0.5888408706818593,-24.446254327465784,1439,36.1755082487204,99.07407407407408,2268,2017-05-16,2026-08-31,False,False,True,True,2
night,krw_usd|selfz|w60,krw_usd,selfz,60,ongap,1,-1,0.07500938541574435,-0.46375388570525705,-0.197021625607332,-0.09541149017268855,-0.25582235094189576,0.4,-2.0322026036255387,10,-0.19583015158364273,-0.03473814645669702,0.588752012988907,-20.815265875921874,1353,36.2441113565962,99.07202828104286,2263,2017-05-16,2026-08-31,False,False,False,True,1
night,krw_usd|selfz|w120,krw_usd,selfz,120,c2c,2,1,0.01697537570562809,-0.09862523627152013,-0.047046195238099796,-0.019982535637202488,-0.03583508257208499,0.4,-1.067807754540881,10,0.16026951733617284,0.04917869325580401,0.5911524444533129,-43.84721590077874,1511,26.94118797758805,99.29453262786596,2268,2017-05-16,2026-08-31,False,False,False,True,1
night,krw_usd|selfz|w120,krw_usd,selfz,120,o2o,2,1,0.005313068543976725,-0.09046810781752092,-0.04875574179091994,-0.02041526489203007,-0.10236940984625349,0.4,-1.255386202121885,10,0.17857480277030469,0.04917869325580401,0.5911524444533129,-43.4514165305141,1512,26.94118797758805,99.29453262786596,2268,2017-05-16,2026-08-31,False,False,False,True,1
night,krw_usd|selfz|w120,krw_usd,selfz,120,day,1,1,0.42022456494498467,-0.17776288039497143,0.11673105056421887,0.15839669363056244,0.026954134595627857,0.5,-2.233132818786407,10,0.15311964595561248,0.04906101320116383,0.5912701245079531,-28.774062462339312,1439,26.93036985389423,99.29453262786596,2268,2017-05-16,2026-08-31,False,False,False,True,1
night,krw_usd|selfz|w120,krw_usd,selfz,120,ongap,1,-1,0.23311939275401633,-0.41312995578982376,-0.09769991547818718,-0.01954650853877993,-0.21151228984885667,0.3,-2.0111674396566506,10,-0.2300994976620853,-0.04877695159082043,0.5913777295992694,-16.779602567462103,1288,26.984941523153637,99.2929739284136,2263,2017-05-16,2026-08-31,False,False,False,True,1
night,krw_usd|selfz|w252,krw_usd,selfz,252,c2c,2,-1,-0.007246924365487761,0.2615897470089952,0.1419164018856822,0.16075954707633483,0.064046199125763,0.5,-1.65195990543215,10,-0.21979328648211838,-0.0674966229587423,0.6803110205995253,-44.0794613697172,534,20.08304466949126,99.73544973544973,2268,2017-05-16,2026-08-31,False,False,False,True,1
night,krw_usd|selfz|w252,krw_usd,selfz,252,o2o,2,-1,0.012891283362103392,0.28208035096156897,0.16598492049432204,0.18549897150820738,0.1290850700709488,0.5,-1.4949947844316707,10,-0.18167787882886893,-0.0674966229587423,0.6803110205995253,-42.72584325837011,538,20.08304466949126,99.73544973544973,2268,2017-05-16,2026-08-31,False,False,False,True,1
night,krw_usd|selfz|w252,krw_usd,selfz,252,day,1,1,0.3490186575008274,-0.6462221410977828,-0.1666188251990789,-0.13747095882943453,-0.09144759194929337,0.5,-2.423886904865611,10,0.17424790296487153,0.06725123691336049,0.6805564066449072,-40.01546962397855,1439,20.0617460830935,99.73544973544973,2268,2017-05-16,2026-08-31,False,False,False,True,1
night,krw_usd|selfz|w252,krw_usd,selfz,252,ongap,1,-1,0.3773120665190188,-0.0697302568823667,0.13654054511134545,0.1921873991556144,0.15024310737700425,0.6,-1.1035624857023179,10,-0.2336589330279398,-0.06698624832019502,0.6806175835410858,-12.478921561858158,557,20.10014827770604,99.7348652231551,2263,2017-05-16,2026-08-31,False,False,False,True,1
night,krw_usd|robustz|w60,krw_usd,robustz,60,c2c,2,1,0.16344505301973777,-0.03817691641216768,0.04365430114088731,0.07417046713568687,0.10683997783205353,0.6,-1.5148563798208148,10,0.09547397711217251,0.010668904351519199,0.5546050375956991,-31.468459663357283,980,31.028543056291717,99.16225749559084,2268,2017-05-16,2026-08-31,False,False,True,True,2
night,krw_usd|robustz|w60,krw_usd,robustz,60,o2o,2,1,0.1453409722302418,-0.0786628267428273,0.012616924862192926,0.04561554472238731,0.0374945779130477,0.5,-1.4308164087812365,10,0.12750119032612428,0.010668904351519199,0.5546050375956991,-33.62044745274099,1564,31.028543056291717,99.16225749559084,2268,2017-05-16,2026-08-31,False,False,True,True,2
night,krw_usd|robustz|w60,krw_usd,robustz,60,day,1,1,0.7339290325000433,0.07699087140518764,0.3777727359412157,0.42652631329725244,0.37557376234936185,0.7,-1.028686927816577,10,0.08858250964147094,0.010488162307813726,0.5547857796394047,-18.53961070190911,753,31.00529397159389,99.16225749559084,2268,2017-05-16,2026-08-31,False,True,True,True,3
night,krw_usd|robustz|w60,krw_usd,robustz,60,ongap,1,-1,0.08977702141169622,-0.4513162183513442,-0.19658756697064816,-0.10402733709609355,-0.2821844903553604,0.3,-1.947273441609203,10,-0.19125609583111178,-0.010212207371549497,0.5546346031118333,-19.16585211534389,1353,31.06318608266478,99.16040653999116,2263,2017-05-16,2026-08-31,False,False,False,True,1
night,krw_usd|robustz|w120,krw_usd,robustz,120,c2c,2,-1,-0.017891708788246457,-0.16590486239627428,-0.1019979135249256,-0.07892264346916843,-0.1503244653178177,0.4,-1.6498559426572497,10,-0.04924207887373283,0.0024365628142578024,0.5666170167877174,-37.06527062721169,1288,21.963883151125348,98.89770723104057,2268,2017-05-16,2026-08-31,False,False,True,True,2
night,krw_usd|robustz|w120,krw_usd,robustz,120,o2o,2,-1,0.011749416523548818,-0.15786321708477377,-0.08665174901952548,-0.06249002331942167,-0.09274711968799262,0.5,-1.3971928107929266,10,-0.05856497932518062,0.0024365628142578024,0.5666170167877174,-38.589718567365836,749,21.963883151125348,98.89770723104057,2268,2017-05-16,2026-08-31,False,False,True,True,2
night,krw_usd|robustz|w120,krw_usd,robustz,120,day,1,1,0.23654890118070995,-0.05601504295047482,0.0799008306035397,0.11522263331798058,0.03760952490561157,0.5,-1.5505721124648986,10,0.062342556658671916,-0.00261947649661216,0.5667999304700717,-25.598511234185363,1439,21.94890850892505,98.89770723104057,2268,2017-05-16,2026-08-31,False,False,True,True,2
night,krw_usd|robustz|w120,krw_usd,robustz,120,ongap,1,-1,0.26945692136669874,-0.5947063553471064,-0.20290035685275482,-0.13488762984318065,-0.33028177895642696,0.4,-1.7475367697502846,10,-0.0857495096123855,0.0032880624940747048,0.5669139213663035,-19.40989111593954,1288,21.99297247581409,98.89527176314627,2263,2017-05-16,2026-08-31,False,False,True,True,2
night,krw_usd|robustz|w252,krw_usd,robustz,252,c2c,2,-1,0.011083949085356723,0.10370953654459789,0.06307563644269382,0.07995437162825673,0.022747789483293118,0.5,-1.8317391410681523,10,-0.1991796540568727,-0.07511719310530833,0.6884314818512772,-48.80173385074903,533,18.518647670444558,99.38271604938271,2268,2017-05-16,2026-08-31,False,False,False,True,1
night,krw_usd|robustz|w252,krw_usd,robustz,252,o2o,2,-1,0.04357836854931242,0.13454077989318372,0.0953548872656447,0.112693735500922,0.09496111486191214,0.5,-1.6243072855845146,10,-0.16653252975657082,-0.07511719310530833,0.6884314818512772,-46.244663532772364,535,18.518647670444558,99.38271604938271,2268,2017-05-16,2026-08-31,False,False,False,True,1
night,krw_usd|robustz|w252,krw_usd,robustz,252,day,1,1,0.24413434447411678,-0.5150418891214779,-0.16063921766766015,-0.13475465393526753,-0.0866935273561555,0.5,-1.9552356608246892,10,0.17053876490741307,0.07501360332981692,0.6885350716267686,-38.06658893873458,1439,18.49806257722536,99.38271604938271,2268,2017-05-16,2026-08-31,False,False,False,True,1
night,krw_usd|robustz|w252,krw_usd,robustz,252,ongap,1,-1,0.29222526941419363,-0.15867676911949036,0.04596508446354949,0.09621535058259016,-0.06811345461846777,0.7,-1.6600352528966051,10,-0.19082926119904564,-0.07485312349570433,0.6884603841144025,-14.298477189156639,865,18.535629409385518,99.3813521873619,2263,2017-05-16,2026-08-31,False,True,False,True,2
night,krw_usd|bdtanh|w60,krw_usd,bdtanh,60,c2c,2,1,0.20761876381129,-0.036497104903456076,0.06807514446493607,0.09902341977271524,0.12697840526691018,0.7,-1.4768640020774249,10,0.14118930381871275,0.0665799335246982,0.6488983647195248,-34.257402721644524,1486,32.8177731614928,99.77954144620811,2268,2017-05-16,2026-08-31,False,True,True,True,3
night,krw_usd|bdtanh|w60,krw_usd,bdtanh,60,o2o,2,1,0.09120939151862494,-0.07337729315070007,-0.0017282414665366805,0.030968248854618526,0.03343301227862068,0.5,-1.355697632635792,10,0.18247282028160108,0.0665799335246982,0.6488983647195248,-37.42035076243544,1520,32.8177731614928,99.77954144620811,2268,2017-05-16,2026-08-31,False,False,False,True,1
night,krw_usd|bdtanh|w60,krw_usd,bdtanh,60,day,1,1,0.7074372465552324,-0.14467495297178914,0.2614836307263127,0.31069388422959193,0.18955653040106482,0.6,-2.2914816472778967,10,0.1338577763769973,0.06648700118311865,0.6489912970611043,-25.005080398832757,1439,32.79895801876168,99.77954144620811,2268,2017-05-16,2026-08-31,False,False,True,True,2
night,krw_usd|bdtanh|w60,krw_usd,bdtanh,60,ongap,1,-1,0.03741656745960297,-0.3342380468755855,-0.14974556593448546,-0.059317763358484085,-0.27781706843605036,0.4,-2.3548071110264757,10,-0.24689125156599928,-0.06666023470818251,0.6488534352353746,-17.6719482406015,1353,32.86275646679312,99.77905435262925,2263,2017-05-16,2026-08-31,False,False,False,True,1
night,krw_usd|bdtanh|w120,krw_usd,bdtanh,120,c2c,2,1,0.1771333359118736,-0.09396078449489642,0.025000284002820915,0.04965633228514941,0.0791895686786789,0.6,-1.4401170305651774,10,0.20082817213902393,0.09762179662334758,0.6504857190857696,-55.4940193225609,1511,24.514512887055986,99.55908289241623,2268,2017-05-16,2026-08-31,False,False,False,True,1
night,krw_usd|bdtanh|w120,krw_usd,bdtanh,120,o2o,2,1,0.11654547768133666,-0.0788400778640216,0.006916487812136799,0.032119493383385,-0.021453730442491978,0.5,-1.6844663503360382,10,0.23110943706628861,0.09762179662334758,0.6504857190857696,-53.864286667589624,1512,24.514512887055986,99.55908289241623,2268,2017-05-16,2026-08-31,False,False,False,True,1
night,krw_usd|bdtanh|w120,krw_usd,bdtanh,120,day,1,1,0.5208384882225926,-0.17707427496214106,0.16332577770554288,0.20092344287371675,0.057674489099358954,0.6,-2.5011948440787357,10,0.188496987387736,0.09751937199068289,0.6505881437184343,-29.3323625812207,1439,24.5097004515134,99.55908289241623,2268,2017-05-16,2026-08-31,False,False,False,True,1
night,krw_usd|bdtanh|w120,krw_usd,bdtanh,120,ongap,1,-1,0.20217477653756138,-0.24818741789730772,-0.03549005662820794,0.03400737128044433,-0.21489189752286475,0.4,-2.251255298139408,10,-0.2969659620124388,-0.09741271706222314,0.6506560714766552,-13.688151377730238,636,24.560261114732008,99.5581087052585,2263,2017-05-16,2026-08-31,False,False,False,True,1
night,krw_usd|bdtanh|w252,krw_usd,bdtanh,252,c2c,2,-1,0.06645535049141864,0.241412529429048,0.1629771362791487,0.17936204412332724,0.0653388015456055,0.6,-1.7872484392341506,10,-0.22720303753151308,-0.07461671092809018,0.6957025216973849,-46.48812939372108,536,17.028781136345252,99.86772486772487,2268,2017-05-16,2026-08-31,False,False,False,True,1
night,krw_usd|bdtanh|w252,krw_usd,bdtanh,252,o2o,2,-1,0.06110858490272055,0.23864246672231887,0.16032740612725616,0.1773063549879343,0.12791588458327757,0.6,-1.6610406482105753,10,-0.19947635918158949,-0.07461671092809018,0.6957025216973849,-45.397792384482145,543,17.028781136345252,99.86772486772487,2268,2017-05-16,2026-08-31,False,False,False,True,1
night,krw_usd|bdtanh|w252,krw_usd,bdtanh,252,day,1,1,0.4504082365505191,-0.5037853053605911,-0.035493314738852616,-0.009958082812972578,-0.030421694885902278,0.5,-2.0444034833459597,10,0.176578527960844,0.07446861350526374,0.6958506191202113,-33.753341944865674,1439,17.01458261945487,99.86772486772487,2268,2017-05-16,2026-08-31,False,False,False,True,1
night,krw_usd|bdtanh|w252,krw_usd,bdtanh,252,ongap,1,-1,0.4390593119412334,0.06877583821691825,0.23450229663391023,0.2821911045366649,0.17861188754871934,0.7,-1.138389262592261,10,-0.2626947364010825,-0.0742533950887106,0.6958132761711675,-13.231305113832386,520,17.048221608406795,99.86743261157756,2263,2017-05-16,2026-08-31,False,True,False,True,2
night,krw_usd|rankc|w60,krw_usd,rankc,60,c2c,2,1,0.15770904626155477,-0.1290270066961139,-0.006137301756676009,0.029696057517229816,0.05348975565751887,0.6,-1.46107874796924,10,0.14142558406789227,0.05691369183662127,0.6375423418028623,-35.44967956262857,1511,38.90327802716768,99.51499118165785,2268,2017-05-16,2026-08-31,False,False,True,True,2
night,krw_usd|rankc|w60,krw_usd,rankc,60,o2o,2,1,0.009526500331959252,-0.1932954522352463,-0.10451490585658196,-0.06670222519363882,-0.08402476178578028,0.4,-1.4670602983219485,10,0.18427736060491304,0.05691369183662127,0.6375423418028623,-39.86341875964589,1512,38.90327802716768,99.51499118165785,2268,2017-05-16,2026-08-31,False,False,False,True,1
night,krw_usd|rankc|w60,krw_usd,rankc,60,day,1,1,0.5931500656144788,-0.2795993045722576,0.13423756457249972,0.19098814697611685,0.10930810093462007,0.6,-2.5359541691637664,10,0.13740233079795294,0.0567981325293835,0.6376579011101001,-30.85092184000022,1439,38.89718553058632,99.51499118165785,2268,2017-05-16,2026-08-31,False,False,True,True,2
night,krw_usd|rankc|w60,krw_usd,rankc,60,ongap,1,-1,0.038781854115035284,-0.36331863976055323,-0.16421367495614483,-0.058339106731914045,-0.25587432097478485,0.4,-2.2604962039686205,10,-0.2226589171295058,-0.05699471223926572,0.6375063531113008,-19.004466864032455,1568,38.972850610475945,99.51391957578436,2263,2017-05-16,2026-08-31,False,False,False,True,1
night,krw_usd|rankc|w120,krw_usd,rankc,120,c2c,2,1,0.15727972922397532,-0.10568989250261866,0.00722304053068474,0.036184014017641944,0.06395830985060658,0.5,-1.3380645611182105,10,0.195148268746693,0.084969860842483,0.6356691168855043,-51.592429805563334,1511,30.40003482627675,99.42680776014109,2268,2017-05-16,2026-08-31,False,False,False,True,1
night,krw_usd|rankc|w120,krw_usd,rankc,120,o2o,2,1,0.10240734379429907,-0.16667708205324805,-0.04957038039452531,-0.019472007604009526,-0.062252042100860806,0.4,-1.6131118427210485,10,0.22595588326920754,0.084969860842483,0.6356691168855043,-54.58354315287755,1512,30.40003482627675,99.42680776014109,2268,2017-05-16,2026-08-31,False,False,False,True,1
night,krw_usd|rankc|w120,krw_usd,rankc,120,day,1,1,0.50757263156853,-0.33917160677574304,0.07070535585634069,0.11578505350211338,0.019675992615409706,0.5,-2.580739825865671,10,0.1838608413785813,0.0848827348717842,0.6357562428562031,-32.61037785451831,1439,30.397764096448313,99.42680776014109,2268,2017-05-16,2026-08-31,False,False,False,True,1
night,krw_usd|rankc|w120,krw_usd,rankc,120,ongap,1,-1,0.1401837360281268,-0.2665216718626696,-0.07142370628377911,0.012000604098013574,-0.2388428120545242,0.4,-2.2328886534504533,10,-0.30213442314257455,-0.08492209028431133,0.635701718580247,-14.098443656187932,1288,30.460250272600828,99.42554131683606,2263,2017-05-16,2026-08-31,False,False,False,True,1
night,krw_usd|rankc|w252,krw_usd,rankc,252,c2c,2,1,0.07945155609197052,-0.31208299184600496,-0.13868541329902878,-0.11628335982388718,-0.029668555517294335,0.5,-1.7807102195341058,10,0.22288933491253346,0.07634594801886888,0.6763513057249069,-79.12347457269927,1511,23.258850721124507,99.69135802469135,2268,2017-05-16,2026-08-31,False,False,False,True,1
night,krw_usd|rankc|w252,krw_usd,rankc,252,o2o,2,1,0.0755518134197918,-0.35695790263546906,-0.1691782091221054,-0.1459456791242557,-0.11722615390213549,0.5,-2.3186694979009963,10,0.20286552971687555,0.07634594801886888,0.6763513057249069,-78.34618738067488,1512,23.258850721124507,99.69135802469135,2268,2017-05-16,2026-08-31,False,False,False,True,1
night,krw_usd|rankc|w252,krw_usd,rankc,252,day,1,1,0.5577585500066891,-0.6402830078116034,-0.05371796413112533,-0.018759740122816903,-0.027693377960164366,0.6,-2.4166360094372443,10,0.17958880593051238,0.076138661448255,0.6765585922955208,-35.59316851873954,1439,23.248602846402523,99.69135802469135,2268,2017-05-16,2026-08-31,False,False,False,True,1
night,krw_usd|rankc|w252,krw_usd,rankc,252,ongap,1,-1,0.3548563734298723,-0.08341891186025617,0.11764161658542457,0.1829761703299747,0.024619561014834597,0.6,-1.6385711857958456,10,-0.27474749157929035,-0.07583029778240374,0.676423090495343,-12.953815188199657,541,23.29501920684293,99.69067609368095,2263,2017-05-16,2026-08-31,False,False,False,True,1
night,krw_usd|signth|w60,krw_usd,signth,60,c2c,2,1,0.32669892326237243,0.010704260235413996,0.14537862801534895,0.1750892512172447,0.1971896617326264,0.6,-1.5949105932972223,10,0.12683586736187707,0.0656497149701886,0.6604876489289345,-30.748867023841097,1007,31.273240720877105,99.73544973544973,2268,2017-05-16,2026-08-31,False,False,True,True,2
night,krw_usd|signth|w60,krw_usd,signth,60,o2o,2,1,0.15000431329024919,0.10810625429793824,0.12566107790558464,0.15709389943517577,0.15237347571706503,0.6,-1.0789833674973548,10,0.18115511559023176,0.0656497149701886,0.6604876489289345,-32.33453568859874,1038,31.273240720877105,99.73544973544973,2268,2017-05-16,2026-08-31,False,False,False,True,1
night,krw_usd|signth|w60,krw_usd,signth,60,day,1,1,0.7043032688657246,0.12487973807643736,0.40244447689610996,0.45003914276062085,0.3146627824661133,0.5,-1.4257515481584662,10,0.13252077185354125,0.06557181826808398,0.6605655456310391,-17.426776627722663,934,31.27348276025199,99.73544973544973,2268,2017-05-16,2026-08-31,False,False,True,True,2
night,krw_usd|signth|w60,krw_usd,signth,60,ongap,1,-1,0.25218995882472434,-0.06596491053936801,0.08391367589749439,0.1671211715070117,-0.020198460531334606,0.5,-2.0463668136050392,10,-0.2873331318678337,-0.06567388252217891,0.660570405806896,-11.17995596032659,865,31.34126646304006,99.7348652231551,2263,2017-05-16,2026-08-31,False,False,False,True,1
night,krw_usd|signth|w120,krw_usd,signth,120,c2c,2,1,0.20324331294871936,0.15394355957438047,0.17512325228528858,0.19728282801974406,0.13643519676528099,0.5,-1.6520971254649561,10,0.15658902024763208,0.08166374315514607,0.6293349642436018,-42.84795787809865,977,21.354502650101878,99.86772486772487,2268,2017-05-16,2026-08-31,False,False,False,True,1
night,krw_usd|signth|w120,krw_usd,signth,120,o2o,2,1,0.23593034740979252,0.16448441994753055,0.1957223824211521,0.21826725340810021,0.12165059397084729,0.5,-1.6152341937916461,10,0.21315382618981832,0.08166374315514607,0.6293349642436018,-41.91534259777149,993,21.354502650101878,99.86772486772487,2268,2017-05-16,2026-08-31,False,False,False,True,1
night,krw_usd|signth|w120,krw_usd,signth,120,day,1,1,0.6383237595467456,0.28185564685676934,0.46007865021578376,0.4941216346612661,0.3821596076755644,0.6,-1.1061547188378344,10,0.17432493415133926,0.08155367350600554,0.6294450338927423,-11.592792471764104,722,21.35463725276994,99.86772486772487,2268,2017-05-16,2026-08-31,False,False,False,True,1
night,krw_usd|signth|w120,krw_usd,signth,120,ongap,1,-1,0.0461245161771623,0.017228609816499173,0.030909255712000934,0.09244296896133673,-0.15979712332582438,0.6,-1.4823192296864203,10,-0.2951059828996526,-0.08153083734403113,0.6294297941353196,-11.419139298069435,616,21.40046293431341,99.86743261157756,2263,2017-05-16,2026-08-31,False,False,False,True,1
night,krw_usd|signth|w252,krw_usd,signth,252,c2c,2,-1,0.3365814508621883,-0.3782214542412765,-0.05147021534605274,-0.03814317845445697,-0.08795097324117435,0.6,-2.652221517491866,10,-0.18616079348530815,-0.04733714537627889,0.6485604442608074,-59.42511004861238,542,13.498676159500738,96.78130511463846,2268,2017-05-16,2026-08-31,False,False,False,True,1
night,krw_usd|signth|w252,krw_usd,signth,252,o2o,2,-1,0.2183884187218647,-0.33341441071142375,-0.08087920840660123,-0.06713355945891232,-0.08580165051095741,0.6,-2.4402033321043506,10,-0.16453835005952439,-0.04733714537627889,0.6485604442608074,-56.135717752221524,563,13.498676159500738,96.78130511463846,2268,2017-05-16,2026-08-31,False,False,False,True,1
night,krw_usd|signth|w252,krw_usd,signth,252,day,1,1,0.40072026057742255,-0.13180714795385612,0.13518297478411243,0.15560126687339645,0.07597163034808112,0.5,-1.6621112166819758,10,0.15499001100201237,0.04723534228003119,0.6486622473570551,-19.803350498379444,1439,13.498438237500809,96.78130511463846,2268,2017-05-16,2026-08-31,False,False,False,True,1
night,krw_usd|signth|w252,krw_usd,signth,252,ongap,1,-1,0.36992440147709416,-0.1424730322889235,0.09609125117849347,0.13405637944742618,-0.10964502601614742,0.5,-1.757961813327625,10,-0.20626998081416628,-0.04694866593230956,0.6485818210514118,-15.294815763768371,948,13.511641899779939,96.7741935483871,2263,2017-05-16,2026-08-31,False,False,False,True,1
night,krw_usd|dev|w60,krw_usd,dev,60,c2c,2,1,-0.03899931208254554,-0.0790267661630981,-0.06121089008000226,-0.0325965659757974,0.012885367001103182,0.6,-1.4385391378873948,10,0.13650316693967363,0.06825641127511096,0.563984584083386,-37.8800754477718,1511,29.522853397414707,99.25044091710758,2268,2017-05-16,2026-08-31,False,False,True,True,2
night,krw_usd|dev|w60,krw_usd,dev,60,o2o,2,-1,-0.017420014797525824,0.07903741689306895,0.037656303823036634,0.06765870992266931,-0.031232779550255427,0.5,-1.2701817471161385,10,-0.17655263367169485,-0.06825641127511096,0.563984584083386,-36.49937560426933,840,29.522853397414707,99.25044091710758,2268,2017-05-16,2026-08-31,False,False,False,True,1
night,krw_usd|dev|w60,krw_usd,dev,60,day,1,1,0.5475662652573773,-0.43556934050109664,0.027614541027599172,0.0715498298336807,0.07166675170168196,0.5,-2.6939450117330144,10,0.16150966783456366,0.06797234876150701,0.5642686465969898,-38.233181064565976,1439,29.502399930771325,99.25044091710758,2268,2017-05-16,2026-08-31,False,False,False,True,1
night,krw_usd|dev|w60,krw_usd,dev,60,ongap,1,-1,0.11512332735321636,-0.43766629146214514,-0.16867602281918878,-0.08523656997071691,-0.2216105021738248,0.3,-1.4991702747512805,10,-0.16090863661709073,-0.06776475353004724,0.564646370379264,-19.950659346813524,1568,29.561038004455874,99.24878479893945,2263,2017-05-16,2026-08-31,False,False,False,True,1
night,krw_usd|dev|w120,krw_usd,dev,120,c2c,2,-1,0.030084634623895407,0.18862330655185391,0.11823374767443667,0.13922899576311454,0.10247272147858941,0.6,-1.1553332523596322,10,-0.21527159799768145,-0.0982098743960586,0.6078694961910631,-37.0032994390104,515,22.121355338160704,99.0299823633157,2268,2017-05-16,2026-08-31,False,False,False,True,1
night,krw_usd|dev|w120,krw_usd,dev,120,o2o,2,-1,0.005502883481599465,0.2249439440679265,0.12938872635001816,0.15146461400624278,0.13612176650088148,0.6,-1.1686369239719325,10,-0.22081448969021775,-0.0982098743960586,0.6078694961910631,-36.68482008146669,523,22.121355338160704,99.0299823633157,2268,2017-05-16,2026-08-31,False,False,False,True,1
night,krw_usd|dev|w120,krw_usd,dev,120,day,1,1,0.3718841443857333,-0.4156626339367665,-0.0342931812473534,-0.001977745866188193,-0.028057290840960817,0.5,-2.12814497254114,10,0.19328386326392763,0.09806762558113293,0.6080117450059888,-35.18316660128234,1439,22.10968096837934,99.0299823633157,2268,2017-05-16,2026-08-31,False,False,False,True,1
night,krw_usd|dev|w120,krw_usd,dev,120,ongap,1,-1,0.24456148088613558,0.015415805280364764,0.1249656065466297,0.18646676083242175,0.09141864992999221,0.6,-1.2873665096298035,10,-0.28029416838084886,-0.0981259528097589,0.608280374379648,-10.823779727070777,534,22.151676854830335,99.02783915156871,2263,2017-05-16,2026-08-31,False,False,False,True,1
night,krw_usd|dev|w252,krw_usd,dev,252,c2c,2,-1,-0.021365946216812995,0.25132553302012095,0.13423504452584945,0.15080848752502013,0.021531232900550958,0.5,-1.6612257918937514,10,-0.28379806628046556,-0.09829679636625688,0.6934506472094758,-44.503582913741724,536,18.533628315420827,99.73544973544973,2268,2017-05-16,2026-08-31,False,False,False,True,1
night,krw_usd|dev|w252,krw_usd,dev,252,o2o,2,-1,0.0024483393332562797,0.27035766320205523,0.15765432832934265,0.17490755065539915,0.08825447883768435,0.5,-1.4958276811805546,10,-0.23329320610128962,-0.09829679636625688,0.6934506472094758,-43.241576959439875,542,18.533628315420827,99.73544973544973,2268,2017-05-16,2026-08-31,False,False,False,True,1
night,krw_usd|dev|w252,krw_usd,dev,252,day,1,1,0.3519983199489912,-0.5528481844518327,-0.1255872785777431,-0.09936847740361143,-0.035537221135917535,0.4,-1.8651451345928147,10,0.2079374100128869,0.09803630560629598,0.6937111379694366,-35.01246840360359,1439,18.513702115086375,99.73544973544973,2268,2017-05-16,2026-08-31,False,False,False,True,1
night,krw_usd|dev|w252,krw_usd,dev,252,ongap,1,-1,0.34668544023904546,0.25102454573423844,0.28919018831197457,0.3366653515795079,0.2419690798067005,0.6,-1.1469068947216485,10,-0.3233751503218034,-0.09787264323863627,0.6938134231756301,-12.94277537415426,520,18.54941527280245,99.7348652231551,2263,2017-05-16,2026-08-31,False,False,False,True,1
night,cny_usd|selfz|w60,cny_usd,selfz,60,c2c,2,-1,0.02702111333083266,0.2662890429909305,0.15881015920995806,0.18362646496506735,0.4216957791293582,0.5,-0.7599198542328733,10,-0.012327628275661128,0.06324585695938392,0.5853874326555237,-35.841326697684714,1639,24.191538389917625,99.38271604938271,2268,2017-05-16,2026-08-31,False,False,True,True,2
night,cny_usd|selfz|w60,cny_usd,selfz,60,o2o,2,-1,0.03194752392618092,0.4757334169653019,0.27081264997954674,0.2973065905652088,0.43759284372143037,0.6,-0.6764873497659917,10,0.0009990065130955608,0.06324585695938392,0.5853874326555237,-31.964012409057773,1626,24.191538389917625,99.38271604938271,2268,2017-05-16,2026-08-31,False,False,True,True,2
night,cny_usd|selfz|w60,cny_usd,selfz,60,day,1,1,0.2847483747348614,-0.3172972866206939,-0.016220197605334268,0.020944066134282156,-0.1568260043238898,0.5,-2.9318928812180527,10,0.027960919108965705,-0.06317511635039587,0.5853166920465356,-23.176290417120168,785,24.188749235233026,99.38271604938271,2268,2017-05-16,2026-08-31,False,False,True,True,2
night,cny_usd|selfz|w60,cny_usd,selfz,60,ongap,1,-1,0.11921468910366165,0.5142617820996669,0.3213267286547019,0.3956838866608215,0.8661610845781533,0.8,-0.28808920495262,10,0.08149472202970195,0.063135850474594,0.5855333205769971,-7.301412750425023,543,24.236265462617432,99.3813521873619,2263,2017-05-16,2026-08-31,True,True,True,True,4
night,cny_usd|selfz|w120,cny_usd,selfz,120,c2c,2,-1,0.02143156293542195,0.8422049613450296,0.4806305033694639,0.49626379120592423,0.7032892882583396,0.8,-1.042145477242796,10,-0.04830771028564839,0.060802770984983795,0.6135191433253234,-44.49188045823888,1287,15.358079924690072,99.60317460317461,2268,2017-05-16,2026-08-31,True,True,True,True,4
night,cny_usd|selfz|w120,cny_usd,selfz,120,o2o,2,1,-0.008083011945899115,-0.9147225787971905,-0.5039895790329886,-0.4876080912308533,-0.7107624943164411,0.1,-1.913804649338492,10,0.02535880394897742,-0.060802770984983795,0.6135191433253234,-87.21630816606752,1503,15.358079924690072,99.60317460317461,2268,2017-05-16,2026-08-31,False,False,True,True,2
night,cny_usd|selfz|w120,cny_usd,selfz,120,day,1,1,0.1242563036568534,-0.7300015905462119,-0.3235275677840221,-0.2996912725225821,-0.36552606342524274,0.3,-2.335965552557715,10,0.02839670654474499,-0.06027515788176817,0.6132554793551214,-43.543574285698995,1439,15.3835145384808,99.60317460317461,2268,2017-05-16,2026-08-31,False,False,True,True,2
night,cny_usd|selfz|w120,cny_usd,selfz,120,ongap,1,1,-0.053995603201198575,-0.7872772089955357,-0.44662286728779954,-0.39954451838281285,-0.35262838967711385,0.2,-1.9547810439043036,10,-0.005965358891347833,-0.06027812606905091,0.6134122308732181,-31.28453843463033,1519,15.411555520367964,99.60229783473265,2263,2017-05-16,2026-08-31,False,False,True,True,2
night,cny_usd|selfz|w252,cny_usd,selfz,252,c2c,2,-1,0.30029919162665397,1.1540479939020425,0.7863443521458469,0.7985506862150233,0.6758409234493856,0.9,-1.7701046076516374,10,0.10402395322570519,0.15850114439095703,0.6243968060416101,-36.281100106660496,894,12.529370524866533,99.33862433862434,2268,2017-05-16,2026-08-31,True,True,True,True,4
night,cny_usd|selfz|w252,cny_usd,selfz,252,o2o,2,-1,0.2708114104626079,1.2940068048263373,0.8450126163893822,0.8579004243723979,0.6848823511301256,0.9,-1.8500846979766064,10,0.12511178976703194,0.15850114439095703,0.6243968060416101,-38.79719948552854,896,12.529370524866533,99.33862433862434,2268,2017-05-16,2026-08-31,True,True,True,True,4
night,cny_usd|selfz|w252,cny_usd,selfz,252,day,1,-1,0.027112342133889515,0.7769114991626545,0.4261133673205488,0.44535415567316233,0.4847448605562396,0.7,-1.1076406881739764,10,0.10728380578244019,0.1578875297710303,0.6242608675636694,-26.958614830351895,977,12.535858425621218,99.33862433862434,2268,2017-05-16,2026-08-31,False,True,True,True,3
night,cny_usd|selfz|w252,cny_usd,selfz,252,ongap,1,-1,0.5626527934343184,1.2356162005435283,0.9348035408005144,0.9718737020217316,1.039894688775372,0.9,-1.1531608231975354,10,0.04932954106282004,0.15783374237204506,0.6238360212085079,-10.739650775670837,557,12.560664205100657,99.33716305788775,2263,2017-05-16,2026-08-31,True,True,True,True,4
night,cny_usd|robustz|w60,cny_usd,robustz,60,c2c,2,1,0.17816866940762255,-0.2792404758673943,-0.07366100951035676,-0.053337687076177025,-0.3215413460659822,0.4,-2.029999648665886,10,0.05847958229939432,-0.04852758753265023,0.4862561516825588,-41.45194707808758,1288,17.99987634481133,99.0299823633157,2268,2017-05-16,2026-08-31,False,False,True,True,2
night,cny_usd|robustz|w60,cny_usd,robustz,60,o2o,2,1,0.2518934760576056,-0.3755032707698496,-0.07811392905035376,-0.056419976863182036,-0.2923615999317103,0.4,-1.6033921183074566,10,0.049819513060972445,-0.04852758753265023,0.4862561516825588,-42.23181398350832,1288,17.99987634481133,99.0299823633157,2268,2017-05-16,2026-08-31,False,False,True,True,2
night,cny_usd|robustz|w60,cny_usd,robustz,60,day,1,1,0.4725674237795925,-0.21758208692712003,0.12850443205217094,0.15904174736607415,-0.033445523983006806,0.5,-2.5057479910784184,10,0.04761574991476642,-0.048604141574445855,0.48633270572435444,-20.490229000737536,785,17.987567037925146,99.0299823633157,2268,2017-05-16,2026-08-31,False,False,True,True,2
night,cny_usd|robustz|w60,cny_usd,robustz,60,ongap,1,1,0.051240690884679474,-0.450449844502779,-0.19628611545393876,-0.13312547688315662,-0.26463032783652257,0.3,-1.4611664845585646,10,0.019322402438583297,-0.0489503119792894,0.4862848548475689,-17.12370284484841,1511,18.026134575960562,99.02783915156871,2263,2017-05-16,2026-08-31,False,False,True,True,2
night,cny_usd|robustz|w120,cny_usd,robustz,120,c2c,2,1,0.20846352206100693,-0.7336404309953595,-0.3278787945219887,-0.31467826622403977,-0.5531068370787816,0.3,-1.9159960301739263,10,0.07702300382324768,-0.038634696371790136,0.5756630989278736,-90.03088596675461,1503,12.5379715291974,99.25044091710758,2268,2017-05-16,2026-08-31,False,False,True,True,2
night,cny_usd|robustz|w120,cny_usd,robustz,120,o2o,2,1,0.2617367847105967,-0.73440115729047,-0.29221955328155774,-0.2787473302256361,-0.5336191263942287,0.3,-1.8220726914933107,10,0.052808654975418805,-0.038634696371790136,0.5756630989278736,-85.18538392364606,1503,12.5379715291974,99.25044091710758,2268,2017-05-16,2026-08-31,False,False,True,True,2
night,cny_usd|robustz|w120,cny_usd,robustz,120,day,1,1,0.2851600406914833,-0.7748184670381545,-0.2776276146881683,-0.2575998764646098,-0.37584156976220434,0.3,-1.8699940403493607,10,0.09204554527067264,-0.03795394223648319,0.5755992581913946,-44.08780662876957,1439,12.539230207422268,99.25044091710758,2268,2017-05-16,2026-08-31,False,False,True,True,2
night,cny_usd|robustz|w120,cny_usd,robustz,120,ongap,1,1,0.02133236862319434,-0.4114004294306215,-0.20925049699609555,-0.16956156110228496,-0.22203260673826872,0.3,-1.8219570164927632,10,0.07523727171700277,-0.03777572334083732,0.5757012196335324,-28.350899356013237,1513,12.555670863290349,99.24878479893945,2263,2017-05-16,2026-08-31,False,False,True,True,2
night,cny_usd|robustz|w252,cny_usd,robustz,252,c2c,2,-1,0.18075422351278392,1.2595275848589416,0.7926718513235432,0.8027036927916706,0.5950075150998896,0.8,-2.1883443814117363,10,0.06612792016838068,0.13406822542086688,0.6625711325059207,-38.39268406690684,424,10.953885907383492,99.33862433862434,2268,2017-05-16,2026-08-31,False,True,True,True,3
night,cny_usd|robustz|w252,cny_usd,robustz,252,o2o,2,-1,0.1287830005535988,1.3468199943999866,0.8116620010312201,0.8221837616547761,0.5735920962866278,0.8,-2.335517762916103,10,0.09119999134396915,0.13406822542086688,0.6625711325059207,-43.41390636076779,958,10.953885907383492,99.33862433862434,2268,2017-05-16,2026-08-31,False,True,True,True,3
night,cny_usd|robustz|w252,cny_usd,robustz,252,day,1,1,0.11509267111194224,-0.7496398036664931,-0.34102124752934465,-0.3253311321149501,-0.3830154051730757,0.3,-1.5764560558089045,10,-0.05193478632973631,-0.13327915590937028,0.6625334247355961,-47.25529057548071,1439,10.953393377534216,99.33862433862434,2268,2017-05-16,2026-08-31,False,False,True,True,2
night,cny_usd|robustz|w252,cny_usd,robustz,252,ongap,1,-1,0.6431498859042041,1.1261463522575095,0.9029952563139825,0.9332444550420503,0.9731604293996776,0.9,-1.478518674677292,10,0.009290661190824974,0.13315240095083183,0.6620529993090628,-10.2958485979605,543,10.975708767251247,99.33716305788775,2263,2017-05-16,2026-08-31,True,True,True,True,4
night,cny_usd|bdtanh|w60,cny_usd,bdtanh,60,c2c,2,-1,0.07636905393319329,0.36038904937585736,0.23116865257596572,0.2506107091864919,0.4844905660416662,0.5,-0.4756348321741174,10,0.0357463038274266,0.07057233319999996,0.6557273288154046,-38.697156956184564,1674,20.182153038883374,99.73544973544973,2268,2017-05-16,2026-08-31,False,False,True,True,2
night,cny_usd|bdtanh|w60,cny_usd,bdtanh,60,o2o,2,-1,0.06096307758665391,0.5549767305585269,0.32503587625803765,0.3455300522986288,0.4640636599324576,0.6,-0.7794531750454147,10,0.055170834192893294,0.07057233319999996,0.6557273288154046,-36.53916922479928,1638,20.182153038883374,99.73544973544973,2268,2017-05-16,2026-08-31,False,False,True,True,2
night,cny_usd|bdtanh|w60,cny_usd,bdtanh,60,day,1,1,0.22264512529982997,-0.27339898035525234,-0.02403149171114477,0.005480524529279544,-0.187767172000537,0.3,-2.315022106664343,10,0.0081744735366709,-0.07078773900156102,0.6558735503226846,-23.701624704487617,787,20.148573228739476,99.73544973544973,2268,2017-05-16,2026-08-31,False,False,True,True,2
night,cny_usd|bdtanh|w60,cny_usd,bdtanh,60,ongap,1,-1,0.18402974275720055,0.5118775319512602,0.35599286436288524,0.4123084806904688,0.7364739752863971,0.6,-0.05756626112730193,10,0.13942703257415034,0.07049041768047384,0.6559651851177936,-8.655889160816796,735,20.185505086309195,99.7348652231551,2263,2017-05-16,2026-08-31,True,False,True,True,3
night,cny_usd|bdtanh|w120,cny_usd,bdtanh,120,c2c,2,-1,0.046049901759561696,1.0289345239002248,0.585146424237233,0.5967841863978759,0.7357301940383154,0.9,-1.340707604855452,10,-0.04326364904089002,0.07311409377177941,0.6775854861965226,-51.65847200537279,1316,12.04776417785249,99.55908289241623,2268,2017-05-16,2026-08-31,True,True,True,True,4
night,cny_usd|bdtanh|w120,cny_usd,bdtanh,120,o2o,2,-1,0.015311181806706405,1.0491310191384038,0.5680793027666042,0.5801929522070456,0.7080702931009017,0.9,-1.401056890204709,10,0.000935688429210105,0.07311409377177941,0.6775854861965226,-52.63818676997884,1466,12.04776417785249,99.55908289241623,2268,2017-05-16,2026-08-31,True,True,True,True,4
night,cny_usd|bdtanh|w120,cny_usd,bdtanh,120,day,1,1,0.17175983124018332,-0.732599830157589,-0.2953032508509167,-0.27772074938022523,-0.35849537049603203,0.3,-2.427236668040877,10,0.01686451496569644,-0.07270264232199242,0.6771740347467357,-43.01492917833425,1439,12.070911523270976,99.55908289241623,2268,2017-05-16,2026-08-31,False,False,True,True,2
night,cny_usd|bdtanh|w120,cny_usd,bdtanh,120,ongap,1,-1,0.07227158837027216,0.9004145861952888,0.5019636239898098,0.5358935989786615,0.4291714315183835,0.9,-1.962702211944352,10,0.02025447049582957,0.07252799883031026,0.6770651004896147,-14.494470891041496,927,12.093955377574988,99.5581087052585,2263,2017-05-16,2026-08-31,False,True,True,True,3
night,cny_usd|bdtanh|w252,cny_usd,bdtanh,252,c2c,2,-1,0.24368797226124495,1.099738652464136,0.7221510728995946,0.7341988600274914,0.4632050903759438,0.8,-2.5522992716967785,10,0.10368500088443,0.13644413324338478,0.6566522128819485,-50.023885387370605,897,12.499738746203331,99.47089947089947,2268,2017-05-16,2026-08-31,False,True,True,True,3
night,cny_usd|bdtanh|w252,cny_usd,bdtanh,252,o2o,2,-1,0.21057778634438498,1.1795529457436817,0.7415337890348384,0.7541143314417098,0.48777455010612875,0.8,-2.3819630034576864,10,0.13073347639844174,0.13644413324338478,0.6566522128819485,-51.75861751595712,958,12.499738746203331,99.47089947089947,2268,2017-05-16,2026-08-31,False,True,True,True,3
night,cny_usd|bdtanh|w252,cny_usd,bdtanh,252,day,1,1,0.07851358145967148,-0.558138424751092,-0.24965136115052644,-0.23091701140063997,-0.2734959240258938,0.3,-1.2130159768946533,10,-0.11281107403171534,-0.13596728867820893,0.6562872836035453,-44.46234482443877,1439,12.507904227450972,99.47089947089947,2268,2017-05-16,2026-08-31,False,False,True,True,2
night,cny_usd|bdtanh|w252,cny_usd,bdtanh,252,ongap,1,-1,0.5659008632014667,1.3407532380261864,0.9821846810699109,1.017665832329581,0.8579986495286348,0.9,-1.4610533222044455,10,0.02840304010030925,0.13589823211186555,0.6558568641328352,-11.415024950339145,557,12.534135724176686,99.46973044631021,2263,2017-05-16,2026-08-31,True,True,True,True,4
night,cny_usd|rankc|w60,cny_usd,rankc,60,c2c,2,-1,0.0542294487110253,0.2910306067823865,0.1836749223161115,0.21061216734882515,0.4476755023533643,0.5,-0.4863397399833138,10,0.010655070697048527,0.07111306471859281,0.6484744565840136,-40.68513409084164,1677,28.191109120766853,99.73544973544973,2268,2017-05-16,2026-08-31,False,False,True,True,2
night,cny_usd|rankc|w60,cny_usd,rankc,60,o2o,2,-1,0.013398842055262842,0.6318094495638599,0.3446749905773805,0.37324924660576553,0.46118632721008074,0.6,-0.6953506314032043,10,0.03888323614858501,0.07111306471859281,0.6484744565840136,-34.54984066283065,1587,28.191109120766853,99.73544973544973,2268,2017-05-16,2026-08-31,False,False,True,True,2
night,cny_usd|rankc|w60,cny_usd,rankc,60,day,1,1,0.2037014160700893,-0.4194849352529707,-0.10753204729609595,-0.0666595072490725,-0.2348553095019004,0.3,-2.6160481738841295,10,0.01315566127401753,-0.07112919969327172,0.6484905915586926,-26.666357730977,1291,28.201549346135664,99.73544973544973,2268,2017-05-16,2026-08-31,False,False,True,True,2
night,cny_usd|rankc|w60,cny_usd,rankc,60,ongap,1,-1,0.15111205151320212,0.6019732855964529,0.38364962278407727,0.46486640558238773,0.8888400064392686,0.8,-0.4002599720227283,10,0.1039363693623204,0.0706812517974451,0.6485044082961218,-6.619991291968409,678,28.252361973824957,99.7348652231551,2263,2017-05-16,2026-08-31,True,True,True,True,4
night,cny_usd|rankc|w120,cny_usd,rankc,120,c2c,2,1,0.01968194729583784,-0.9447636066708277,-0.5033407413055699,-0.4852202750196361,-0.6810421481604725,0.2,-2.4079036229894952,10,-0.005254937146388896,-0.09086340757423574,0.656528629363229,-88.53365426138284,1501,18.754576537611797,99.55908289241623,2268,2017-05-16,2026-08-31,False,False,True,True,2
night,cny_usd|rankc|w120,cny_usd,rankc,120,o2o,2,1,-0.00829651270675685,-1.1565336882803727,-0.6167933255525284,-0.5980853302317434,-0.7074576120541565,0.1,-2.9652901671056315,10,-0.0505926356430702,-0.09086340757423574,0.656528629363229,-97.23856215610546,1503,18.754576537611797,99.55908289241623,2268,2017-05-16,2026-08-31,False,False,True,True,2
night,cny_usd|rankc|w120,cny_usd,rankc,120,day,1,1,0.1531212427976182,-0.6779503298376347,-0.2732456117818338,-0.24643582577855022,-0.34725948673702034,0.3,-2.5658178888503533,10,-0.01581315270734276,-0.09053619498053625,0.6562014167695295,-40.294816357297734,1439,18.78119894750257,99.55908289241623,2268,2017-05-16,2026-08-31,False,False,True,True,2
night,cny_usd|rankc|w120,cny_usd,rankc,120,ongap,1,-1,0.039995873848938886,0.9922314952390519,0.5241345690856895,0.5771959589451966,0.5671907701902359,0.9,-1.4433412724829253,10,0.07096488682827826,0.09025787026196844,0.6561111551124953,-13.684646470343957,929,18.81739487603628,99.5581087052585,2263,2017-05-16,2026-08-31,False,True,True,True,3
night,cny_usd|rankc|w252,cny_usd,rankc,252,c2c,2,-1,0.18862747982113257,1.1479254730499857,0.726257684090492,0.7413301973628434,0.6417280074980488,0.8,-1.2593170635297133,10,0.1087136714857948,0.1551144388758481,0.6593364577785059,-49.960317614734414,844,16.35720066076449,99.60317460317461,2268,2017-05-16,2026-08-31,True,True,True,True,4
night,cny_usd|rankc|w252,cny_usd,rankc,252,o2o,2,-1,0.19227594669606088,1.3202659050078904,0.8140909864142499,0.8298234675518383,0.7043951127051279,0.8,-1.110405274645139,10,0.14120319824009558,0.1551144388758481,0.6593364577785059,-49.29656462232294,842,16.35720066076449,99.60317460317461,2268,2017-05-16,2026-08-31,True,True,True,True,4
night,cny_usd|rankc|w252,cny_usd,rankc,252,day,1,1,0.07204424662409743,-0.6576009599575283,-0.30492619117440506,-0.28153685964858083,-0.41267341934879564,0.3,-1.316915575739404,10,-0.12363554170997723,-0.15490850939152626,0.6591305282941842,-42.32879353211582,1439,16.348773059809794,99.60317460317461,2268,2017-05-16,2026-08-31,False,False,True,True,2
night,cny_usd|rankc|w252,cny_usd,rankc,252,ongap,1,-1,0.3577383153061325,1.3467206747436518,0.8905587007437279,0.9343909205258005,0.7157624133877302,0.8,-1.4497303444971863,10,0.04076514978986627,0.15481361836887295,0.6587069477368493,-12.935585152051965,565,16.382504517352064,99.60229783473265,2263,2017-05-16,2026-08-31,True,True,True,True,4
night,cny_usd|signth|w60,cny_usd,signth,60,c2c,2,-1,0.21196965195882012,0.4516652394719447,0.3407334208560744,0.35736898448148563,0.6629485712497956,0.5,-0.3529646911476122,10,0.036469582113807644,0.0722528037461965,0.6712401707017839,-29.26084777521854,1351,17.20384133573088,99.95590828924162,2268,2017-05-16,2026-08-31,True,False,True,True,3
night,cny_usd|signth|w60,cny_usd,signth,60,o2o,2,-1,0.18824746436590056,0.3777186039009522,0.28876279399151444,0.3063049973827393,0.5681036647466838,0.6,-0.7347249325673565,10,0.05082699234807963,0.0722528037461965,0.6712401707017839,-30.406925524831767,818,17.20384133573088,99.95590828924162,2268,2017-05-16,2026-08-31,False,False,True,True,2
night,cny_usd|signth|w60,cny_usd,signth,60,day,1,1,0.16003320834370632,-0.042399771477542814,0.058106032482908666,0.08319528989558946,-0.10683192823146741,0.3,-0.9903809757187314,10,-0.003466438691912802,-0.07266055079494202,0.6710910561763818,-23.954918775827593,1291,17.204295562079306,99.95590828924162,2268,2017-05-16,2026-08-31,False,False,True,True,2
night,cny_usd|signth|w60,cny_usd,signth,60,ongap,1,-1,0.3642479067787937,0.6671656101093968,0.5196006559012657,0.5689392233224666,0.7926027705343162,0.7,-0.38275395894244646,10,0.12602527288066587,0.07249748192038097,0.6712995539147881,-7.994905976966506,699,17.24092927588779,99.95581087052585,2263,2017-05-16,2026-08-31,True,True,True,True,4
night,cny_usd|signth|w120,cny_usd,signth,120,c2c,2,-1,0.220967025007696,0.8283612970577421,0.5452339135507758,0.5551123444971431,0.8571672072995216,0.9,-0.8874644285495407,10,0.04681128859269121,0.0810046477797485,0.6839920533631639,-41.311685567198985,842,9.38607443138613,100.0,2259,2017-05-16,2026-08-18,True,True,True,True,4
night,cny_usd|signth|w120,cny_usd,signth,120,o2o,2,1,0.07183121175318896,-0.8043674604960874,-0.380751870904361,-0.37049324332515376,-0.6202399139928648,0.1,-2.5853629677762644,10,-0.07061675330367949,-0.0810046477797485,0.6839920533631639,-76.06362181725387,1490,9.38607443138613,100.0,2259,2017-05-16,2026-08-18,False,False,True,True,2
night,cny_usd|signth|w120,cny_usd,signth,120,day,1,1,0.3713362576754428,-0.3616245178747668,0.0076290177910948555,0.0225848185575919,-0.17143100535128802,0.3,-1.356991691004643,10,-0.03560777266374967,-0.08061114894064987,0.6838655994335354,-29.74323692423622,1281,9.390231240257426,100.0,2258,2017-05-16,2026-08-17,False,False,True,True,2
night,cny_usd|signth|w120,cny_usd,signth,120,ongap,1,-1,0.19937388931011973,0.652038865186022,0.4339006889311295,0.46226451137521085,0.4883309107138478,0.8,-1.8700880313330106,10,0.09579464919968564,0.08056389779400958,0.6836141786955293,-14.173167493020323,837,9.409678551072224,100.0,2253,2017-05-16,2026-08-17,False,True,True,True,3
night,cny_usd|signth|w252,cny_usd,signth,252,c2c,2,-1,0.009588642059941189,1.2000651697741271,0.6729718332495819,0.6867719088332886,0.548291072616142,0.8,-1.8013685409060158,10,0.06049381409864766,0.10592204570192768,0.6536157742429637,-54.08424336473756,1327,14.385643484525177,100.0,2257,2017-06-02,2026-08-31,False,True,True,True,3
night,cny_usd|signth|w252,cny_usd,signth,252,o2o,2,1,0.008066249277695343,-1.1750137334171928,-0.6397965970316661,-0.625378528452433,-0.5220252574491505,0.2,-2.4868852643503545,10,-0.09493074964514883,-0.10592204570192768,0.6536157742429637,-112.68629607152174,1501,14.385643484525177,100.0,2257,2017-06-02,2026-08-31,False,False,True,True,2
night,cny_usd|signth|w252,cny_usd,signth,252,day,1,1,0.4029445546556107,-0.3498769885743551,0.011332246308797856,0.03294827689596856,-0.13733564096406647,0.3,-1.2484739163161909,10,-0.0847298908033976,-0.10593760207067111,0.6533887736017244,-28.509419539186,1439,14.380786442599739,100.0,2258,2017-06-01,2026-08-31,False,False,True,True,2
night,cny_usd|signth|w252,cny_usd,signth,252,ongap,1,-1,0.6455162208152044,1.1728204715371775,0.9320181153340764,0.9709904114324791,0.7454146116492545,0.9,-1.7221961662481013,10,-0.036430047138422204,0.10584502295656406,0.6529536159052031,-8.363004534272822,444,14.411616203174592,100.0,2253,2017-06-01,2026-08-31,True,True,True,True,4
night,cny_usd|dev|w60,cny_usd,dev,60,c2c,2,-1,0.0012672000841243373,0.80494088982397,0.4590843825710159,0.4795082544008561,0.6900907399439046,0.7,-0.6931177211952455,10,0.007107536487441825,0.07701323288491028,0.5492545009907681,-31.180321023484435,1142,19.101897384277322,98.28042328042328,2268,2017-05-16,2026-08-31,True,True,True,True,4
night,cny_usd|dev|w60,cny_usd,dev,60,o2o,2,-1,-0.012850321722294928,0.8939206865765329,0.5025906335817873,0.523921011178115,0.7358983664824935,0.7,-0.4903352682053244,10,0.023404841103982683,0.07701323288491028,0.5492545009907681,-33.21097873107933,818,19.101897384277322,98.28042328042328,2268,2017-05-16,2026-08-31,True,True,True,True,4
night,cny_usd|dev|w60,cny_usd,dev,60,day,1,1,0.10708186840533093,-0.7397198005748052,-0.3412562104335134,-0.3101290953957959,-0.4112604883684765,0.3,-1.9836495571976291,10,0.01350391748038127,-0.076574966515545,0.5491589504369694,-40.685074001248836,1439,19.116801796759912,98.28042328042328,2268,2017-05-16,2026-08-31,False,False,True,True,2
night,cny_usd|dev|w60,cny_usd,dev,60,ongap,1,-1,-0.03516951582749436,0.532208369071894,0.27968635599177427,0.3434654426046236,0.4187716766987117,0.6,-0.7386643317129853,10,0.08301172516525832,0.07648839557644517,0.5492093327378501,-9.160929077195433,1013,19.147692993199765,98.27662395050818,2263,2017-05-16,2026-08-31,False,False,True,True,2
night,cny_usd|dev|w120,cny_usd,dev,120,c2c,2,-1,0.15767654630258945,1.2988415152831991,0.813153163548574,0.8253875529359476,0.9036353129288888,0.8,-0.19104621764942292,10,0.05091576667737775,0.11097759506489104,0.6264929253551452,-32.195603614818296,834,12.377814192152721,99.64726631393297,2268,2017-05-16,2026-08-31,True,True,True,True,4
night,cny_usd|dev|w120,cny_usd,dev,120,o2o,2,-1,0.12840711567978472,1.3879662072038548,0.8491464868595754,0.8618449128245628,0.884994335646632,0.8,-0.19293528122846812,10,0.08495317544516905,0.11097759506489104,0.6264929253551452,-34.665899714652745,842,12.377814192152721,99.64726631393297,2268,2017-05-16,2026-08-31,True,True,True,True,4
night,cny_usd|dev|w120,cny_usd,dev,120,day,1,-1,0.004565981940772806,0.8937016704140109,0.4851529107929321,0.5042739934443751,0.5598437102234657,0.7,-1.167093414898403,10,0.05091874923139305,0.1103236912645304,0.6263474258645286,-23.961611785119086,968,12.390481386880868,99.64726631393297,2268,2017-05-16,2026-08-31,False,True,True,True,3
night,cny_usd|dev|w120,cny_usd,dev,120,ongap,1,-1,0.3320115061049778,1.052115630580278,0.7369837326027191,0.7734373183472222,0.8104148610849171,0.9,-1.4089062909520584,10,0.0604448586656961,0.10984030258145011,0.6261237529556698,-11.329197801360978,616,12.413750280820915,99.6464869642068,2263,2017-05-16,2026-08-31,True,True,True,True,4
night,cny_usd|dev|w252,cny_usd,dev,252,c2c,2,-1,0.42230630564541105,1.3260492318290609,0.9357171339362493,0.9449014057740287,0.9607386235736649,0.9,-1.0228611580816926,10,0.19614272115184517,0.20621725114193432,0.6891108368046176,-31.167718970391757,534,10.145732830541967,99.60317460317461,2268,2017-05-16,2026-08-31,True,True,False,True,3
night,cny_usd|dev|w252,cny_usd,dev,252,o2o,2,-1,0.3709820683224502,1.4232953587964303,0.9654898743889219,0.9750719697496282,0.8704412603587154,0.9,-1.3783923228160773,10,0.24021909093528515,0.20621725114193432,0.6891108368046176,-36.58377815723104,542,10.145732830541967,99.60317460317461,2268,2017-05-16,2026-08-31,True,True,False,True,3
night,cny_usd|dev|w252,cny_usd,dev,252,day,1,-1,0.04575716254053683,0.6953635379911405,0.3940995550533013,0.40854109627547347,0.6779920035940193,0.9,-1.0292804292723041,10,0.21093326110413052,0.20600048884020247,0.6888940745028858,-22.86477537353468,908,10.151152948212102,99.60317460317461,2268,2017-05-16,2026-08-31,True,True,False,True,3
night,cny_usd|dev|w252,cny_usd,dev,252,ongap,1,-1,0.5959833219178859,1.3342389408284743,0.9997217879324253,1.0274087096330957,1.1859389228339032,0.9,-0.6492586410924769,10,0.14041603937759972,0.20598536565393635,0.6884380254775901,-9.36511901255526,528,10.17175645450158,99.60229783473265,2263,2017-05-16,2026-08-31,True,True,True,True,4
night,wti|selfz|w60,wti,selfz,60,c2c,2,1,0.2670519106004299,-0.4132223525005354,-0.10847400766149928,-0.0777307883001994,-0.2518134984503315,0.4,-2.6598101562209404,10,-0.10693767730197873,0.0029333957399716067,0.6040585322773014,-58.34075542749528,1220,32.59192850465462,99.47089947089947,2268,2017-05-16,2026-08-31,False,False,True,True,2
night,wti|selfz|w60,wti,selfz,60,o2o,2,1,0.22167761138780978,-0.2670921707369426,-0.04127118001138588,-0.009713942978446202,-0.2223028642261664,0.4,-2.645401667496364,10,-0.12428071172376111,0.0029333957399716067,0.6040585322773014,-48.307456069426514,1220,32.59192850465462,99.47089947089947,2268,2017-05-16,2026-08-31,False,False,True,True,2
night,wti|selfz|w60,wti,selfz,60,day,1,-1,0.6437642385420133,-0.5243988257601975,0.048492618200090466,0.0952511066556948,0.1527073832558523,0.4,-1.4168543371687023,10,0.14677243018120611,-0.0033458121145071677,0.6038559059415807,-26.83618320507119,1443,32.59290844486803,99.47089947089947,2268,2017-05-16,2026-08-31,False,False,True,True,2
night,wti|selfz|w60,wti,selfz,60,ongap,1,1,0.35443208988836034,-0.20105049727746252,0.06320749563630777,0.15264283630914022,0.131690647274253,0.6,-1.7168379965067178,10,0.0009495427563761105,0.0032868892863511774,0.6038125826621774,-15.481640567544686,440,32.656791552939396,99.46973044631021,2263,2017-05-16,2026-08-31,False,False,True,True,2
night,wti|selfz|w120,wti,selfz,120,c2c,2,1,0.22279569758333986,-0.3124724257601607,-0.07901815501686855,-0.056528363018341826,-0.26019776088797864,0.3,-2.2214040181369334,10,-0.08492224617101578,-0.004256473358455396,0.6020763472502413,-56.62915967560522,1220,24.846527624603496,99.33862433862434,2268,2017-05-16,2026-08-31,False,False,True,True,2
night,wti|selfz|w120,wti,selfz,120,o2o,2,1,0.13420786190988174,-0.19764100424149106,-0.04538125297227301,-0.022150148497033922,-0.2500619679286598,0.4,-2.233433207855599,10,-0.09718293160787114,-0.004256473358455396,0.6020763472502413,-48.96681899967966,1220,24.846527624603496,99.33862433862434,2268,2017-05-16,2026-08-31,False,False,True,True,2
night,wti|selfz|w120,wti,selfz,120,day,1,-1,0.7221279027946845,-0.4168698829333154,0.14245134973831663,0.17724376475472356,0.24744926606250647,0.5,-1.2772489106588287,10,0.12463473242015781,0.004038146403627111,0.601858020295413,-24.402429970802615,1439,24.84692174009534,99.33862433862434,2268,2017-05-16,2026-08-31,False,False,True,True,2
night,wti|selfz|w120,wti,selfz,120,ongap,1,1,0.44529273757376747,-0.10891793813753639,0.14630726848541034,0.2105975587276575,0.2722627623372313,0.7,-1.7633045108065022,10,0.03539375277867708,-0.004079371883607835,0.6014562919598373,-17.323595970091336,387,24.89860143799782,99.33716305788775,2263,2017-05-16,2026-08-31,False,True,True,True,3
night,wti|selfz|w252,wti,selfz,252,c2c,2,1,0.27451075255158963,-0.16597427409902657,0.027681101202519657,0.044724307057049176,-0.17110422180608884,0.4,-2.0351919429661343,10,-0.05410120156494119,0.0006554611256347739,0.6264956164940004,-49.68067362043603,1246,19.928661623125276,99.29453262786596,2268,2017-05-16,2026-08-31,False,False,True,True,2
night,wti|selfz|w252,wti,selfz,252,o2o,2,1,0.19807274152249693,-0.06352008820436171,0.056512118327547496,0.07397533684174387,-0.1653620915600868,0.5,-1.9645308621803683,10,-0.05924124922552883,0.0006554611256347739,0.6264956164940004,-42.84433134643416,1248,19.928661623125276,99.29453262786596,2268,2017-05-16,2026-08-31,False,False,True,True,2
night,wti|selfz|w252,wti,selfz,252,day,1,-1,0.6339722820770042,-0.3111127046682088,0.1505119421539674,0.17703396888356382,0.2789558545525239,0.6,-1.2597614448154817,10,0.06087738240604069,-0.0011181793525468914,0.6261245444518723,-24.23320810296095,686,19.929062764807693,99.29453262786596,2268,2017-05-16,2026-08-31,False,False,True,True,2
night,wti|selfz|w252,wti,selfz,252,ongap,1,1,0.41204561923958627,0.36228167138765055,0.38713360102140526,0.43717258911091894,0.4521732176940821,0.8,-1.2921678227938114,10,-0.03398773592697678,0.0012962120585126812,0.6259567262191156,-10.296988712448846,348,19.97048411349346,99.2929739284136,2263,2017-05-16,2026-08-31,False,True,True,True,3
night,wti|robustz|w60,wti,robustz,60,c2c,2,1,0.3277112362250518,-0.4150167859366024,-0.08672524524915534,-0.05993177636260165,-0.18664456353611564,0.4,-2.5529522160087303,10,-0.1367934622849844,0.0037499650091165735,0.5483568920086779,-50.175322747068016,1220,28.000429569194818,98.80952380952381,2268,2017-05-16,2026-08-31,False,False,True,True,2
night,wti|robustz|w60,wti,robustz,60,o2o,2,1,0.2605743458815514,-0.2826755557755363,-0.03366498480795483,-0.0055838179957034915,-0.1677682085061008,0.6,-2.4643353412992277,10,-0.15547246287769265,0.0037499650091165735,0.5483568920086779,-40.150626243063485,1220,28.000429569194818,98.80952380952381,2268,2017-05-16,2026-08-31,False,False,False,True,1
night,wti|robustz|w60,wti,robustz,60,day,1,-1,0.5902979203029234,-0.5358559775634056,0.007322689371714554,0.049054188258191925,0.12339485597216988,0.4,-1.348641435537072,10,0.18528853889231173,-0.0039478751656495704,0.5481589818521451,-27.593993549923333,1047,27.99306039097668,98.80952380952381,2268,2017-05-16,2026-08-31,False,False,False,True,1
night,wti|robustz|w60,wti,robustz,60,ongap,1,1,0.3567491042317117,-0.2856333131383641,0.017753853390013178,0.0943772661104826,0.15230009274159537,0.6,-1.614529199600336,10,-0.008773109056581753,0.0038111889657379723,0.5483826795906165,-15.37270653935963,387,28.038893903322474,98.80689350419797,2263,2017-05-16,2026-08-31,False,False,True,True,2
night,wti|robustz|w120,wti,robustz,120,c2c,2,1,0.2443209614097226,-0.3651551802305944,-0.10796170659679816,-0.08968971243294614,-0.19784618866864784,0.4,-2.4648706481244034,10,-0.11385573627915756,-0.020559023348467206,0.5857189517451311,-64.77379541707096,1220,20.479851054230966,99.55908289241623,2268,2017-05-16,2026-08-31,False,False,True,True,2
night,wti|robustz|w120,wti,robustz,120,o2o,2,1,0.13615525934322606,-0.29415260052409264,-0.10286838156812317,-0.08393841242180614,-0.2296787951420383,0.4,-2.4690585124307365,10,-0.1238584956595516,-0.020559023348467206,0.5857189517451311,-58.5112446956789,1220,20.479851054230966,99.55908289241623,2268,2017-05-16,2026-08-31,False,False,True,True,2
night,wti|robustz|w120,wti,robustz,120,day,1,-1,0.7074756868874699,-0.36938624259454417,0.1367889307909156,0.1654933077171561,0.18502619340582602,0.5,-1.145086694502062,10,0.1523195356329441,0.020317827962541214,0.5854777563592051,-23.593379506064228,1044,20.479613778383158,99.55908289241623,2268,2017-05-16,2026-08-31,False,False,False,True,1
night,wti|robustz|w120,wti,robustz,120,ongap,1,1,0.4501268335806899,-0.19774565964980337,0.09586737968897867,0.14740737223608302,0.2916135657569358,0.8,-1.9036665431978328,10,-0.0013921660514475372,-0.020036263255602732,0.5854255861828782,-18.349054198672064,387,20.518994059831446,99.5581087052585,2263,2017-05-16,2026-08-31,False,True,True,True,3
night,wti|robustz|w252,wti,robustz,252,c2c,2,1,0.11086960997874888,-0.01042550018816014,0.04270628759362919,0.05794386981197171,-0.16307374229227525,0.4,-1.9081612010283024,10,-0.035998507152165155,-0.009398978494540279,0.6551041148882815,-56.80799958264318,1570,18.401591771250754,99.69135802469135,2268,2017-05-16,2026-08-31,False,False,True,True,2
night,wti|robustz|w252,wti,robustz,252,o2o,2,1,0.06581314322242748,0.1347042163246238,0.10294983950699321,0.11864860965683104,-0.12411336231754987,0.5,-1.8405178543677991,10,-0.026873823491621592,-0.009398978494540279,0.6551041148882815,-43.910549553269654,1507,18.401591771250754,99.69135802469135,2268,2017-05-16,2026-08-31,False,False,True,True,2
night,wti|robustz|w252,wti,robustz,252,day,1,-1,0.5057971064976836,-0.13813348188364374,0.17489916669806937,0.19903487451423546,0.2976805903353077,0.6,-1.2734919995544083,10,0.05309548835356918,0.008916419971709116,0.6547984357995321,-27.005470660060215,686,18.403584318219476,99.69135802469135,2268,2017-05-16,2026-08-31,False,False,True,True,2
night,wti|robustz|w252,wti,robustz,252,ongap,1,1,0.4754903729301901,0.47486640452386847,0.47528177173108804,0.5199029327212265,0.5855315580836202,0.8,-0.8536166973030636,10,-0.020915428376909757,-0.008648742096466794,0.6546779697358972,-7.9469114859208005,783,18.4386491855107,99.69067609368095,2263,2017-05-16,2026-08-31,False,True,True,True,3
night,wti|bdtanh|w60,wti,bdtanh,60,c2c,2,1,0.20069611317858702,-0.41302546517922983,-0.1423160983333611,-0.11322525939538965,-0.2940719305846932,0.3,-2.8336658529873646,10,-0.09393754499218004,0.002860977526753309,0.662212840090858,-62.55764030213753,1220,31.508063641374026,99.55908289241623,2268,2017-05-16,2026-08-31,False,False,True,True,2
night,wti|bdtanh|w60,wti,bdtanh,60,o2o,2,1,0.16757359083270362,-0.2786356905566473,-0.07633231844703972,-0.046593441533552916,-0.26450553670225785,0.3,-2.736764813624621,10,-0.1117202162234489,0.002860977526753309,0.662212840090858,-53.95081544937861,1220,31.508063641374026,99.55908289241623,2268,2017-05-16,2026-08-31,False,False,True,True,2
night,wti|bdtanh|w60,wti,bdtanh,60,day,1,-1,0.6869762324211173,-0.5224868975999815,0.060507312558406065,0.10483074678951343,0.17415774962768935,0.4,-1.4524157715948456,10,0.12882541874138376,-0.0034445858380053986,0.662047182885495,-28.50302633955055,1446,31.511840416253996,99.55908289241623,2268,2017-05-16,2026-08-31,False,False,True,True,2
night,wti|bdtanh|w60,wti,bdtanh,60,ongap,1,1,0.26321585522125546,-0.2494053851197403,-0.012711794142592719,0.07121984567972016,0.05865495817576825,0.6,-1.9496992441668883,10,0.025995360195234178,0.0033589509186991253,0.6619165458111897,-18.110216858233226,440,31.577077006288587,99.5581087052585,2263,2017-05-16,2026-08-31,False,False,True,True,2
night,wti|bdtanh|w120,wti,bdtanh,120,c2c,2,1,0.1286691050076342,-0.3390666959012597,-0.13492773897356242,-0.11420247331801411,-0.31327579135749567,0.3,-2.1121027253994957,10,-0.0387584445178777,0.0029535254030041693,0.6576706833434017,-64.6407791962754,1220,23.3424152750544,99.77954144620811,2268,2017-05-16,2026-08-31,False,False,True,True,2
night,wti|bdtanh|w120,wti,bdtanh,120,o2o,2,1,0.06831025125426288,-0.22145698767348088,-0.0903841902098163,-0.06920245961703014,-0.2933775352253005,0.4,-2.120718627248321,10,-0.052794088894250954,0.0029535254030041693,0.6576706833434017,-57.539498526710744,1220,23.3424152750544,99.77954144620811,2268,2017-05-16,2026-08-31,False,False,True,True,2
night,wti|bdtanh|w120,wti,bdtanh,120,day,1,-1,0.7386112479610546,-0.33630075500846723,0.18845704476905623,0.22056002810540692,0.2960350629220794,0.5,-1.2394151481712221,10,0.07823716035659406,-0.0031288506305889702,0.6574953581158168,-24.793736324681806,698,23.3428671020816,99.77954144620811,2268,2017-05-16,2026-08-31,False,False,True,True,2
night,wti|bdtanh|w120,wti,bdtanh,120,ongap,1,1,0.3433915926382773,-0.14394614174149803,0.07525401932360139,0.13326312348485317,0.2100869049482888,0.8,-1.9869710084427659,10,0.0793097010799286,0.003082546479827464,0.6571963869047844,-20.007657234610086,387,23.392735671705207,99.77905435262925,2263,2017-05-16,2026-08-31,False,True,True,True,3
night,wti|bdtanh|w252,wti,bdtanh,252,c2c,2,1,0.03083152811004226,-0.10263917008109773,-0.04530666388878533,-0.030052906703408523,-0.2689064491934978,0.5,-2.033312133564777,10,-0.011084437742394381,-0.0036748726578777536,0.6552021796740467,-52.002261109910044,1246,17.751544358580393,99.42680776014109,2268,2017-05-16,2026-08-31,False,False,True,True,2
night,wti|bdtanh|w252,wti,bdtanh,252,o2o,2,-1,0.010079458195574657,0.002537706836691563,0.005823050100960703,0.021451218435501372,0.23584529091293102,0.5,-1.7758184627486542,10,0.015922981865939618,0.0036748726578777536,0.6552021796740467,-39.16471004033936,646,17.751544358580393,99.42680776014109,2268,2017-05-16,2026-08-31,False,False,True,True,2
night,wti|bdtanh|w252,wti,bdtanh,252,day,1,-1,0.7646112254144721,-0.09980971596489584,0.31258688690697095,0.33660862417899073,0.4806412423817753,0.8,-1.2781534646435608,10,0.0003375627689556109,0.003005360537229603,0.6550129157501584,-23.423739533599306,686,17.7521446262557,99.42680776014109,2268,2017-05-16,2026-08-31,False,True,True,True,3
night,wti|bdtanh|w252,wti,bdtanh,252,ongap,1,1,0.2294567300273339,0.5615241778619101,0.4015328841624613,0.44599939033994596,0.4266140482477867,0.7,-0.7841521437075166,10,-0.04022800431623365,-0.002946667657501368,0.6547858500733875,-10.756691783776555,330,17.789705223862672,99.42554131683606,2263,2017-05-16,2026-08-31,False,True,True,True,3
night,wti|rankc|w60,wti,rankc,60,c2c,2,1,0.2071621846118249,-0.3539296394349312,-0.10726113651690067,-0.07493172573660065,-0.26404741636492873,0.4,-2.5325666585824584,10,-0.09371679581747812,0.0006846942981000468,0.6509885276057915,-58.76060493932231,1220,34.80198332867348,99.77954144620811,2268,2017-05-16,2026-08-31,False,False,True,True,2
night,wti|rankc|w60,wti,rankc,60,o2o,2,1,0.19572463190270717,-0.27174144238024944,-0.059673698215481394,-0.026785516224731423,-0.24231173841949608,0.5,-2.500274724563901,10,-0.11049910089805538,0.0006846942981000468,0.6509885276057915,-52.96780624398656,1220,34.80198332867348,99.77954144620811,2268,2017-05-16,2026-08-31,False,False,True,True,2
night,wti|rankc|w60,wti,rankc,60,day,1,-1,0.7029897072256489,-0.509427793579252,0.07374605350235917,0.12287694956356146,0.18380910920913787,0.4,-1.4531229124474816,10,0.13359860615077082,-0.0011648937225636445,0.650808087530338,-27.56723386634372,1044,34.80366899209301,99.77954144620811,2268,2017-05-16,2026-08-31,False,False,True,True,2
night,wti|rankc|w60,wti,rankc,60,ongap,1,1,0.33990957204158523,-0.2096968381223477,0.036449724890148076,0.1284701191682048,0.1320721811121338,0.8,-1.9435895579785072,10,0.03307327010115786,0.0011069410927826704,0.6506896078767567,-18.947956581633736,387,34.87577899693748,99.77905435262925,2263,2017-05-16,2026-08-31,False,True,True,True,3
night,wti|rankc|w120,wti,rankc,120,c2c,2,1,0.08700491280551308,-0.3541879999084532,-0.16092409611731703,-0.13708567482212558,-0.3417508882872748,0.3,-2.2092432178935515,10,-0.048654582821825026,0.0007745185958248726,0.6421728243778173,-63.54721387226518,1220,26.784351480688876,99.33862433862434,2268,2017-05-16,2026-08-31,False,False,True,True,2
night,wti|rankc|w120,wti,rankc,120,o2o,2,1,0.04318012881540709,-0.2896760369960996,-0.13777746664678764,-0.11332248543316303,-0.3227167970875616,0.4,-2.1920521768182555,10,-0.06259196810535654,0.0007745185958248726,0.6421728243778173,-59.39267579262424,1220,26.784351480688876,99.33862433862434,2268,2017-05-16,2026-08-31,False,False,True,True,2
night,wti|rankc|w120,wti,rankc,120,day,1,-1,0.7977420181527108,-0.3920179738255629,0.1927048490489142,0.2297559362147295,0.29082543035812924,0.5,-1.2705884955124005,10,0.08972387757259431,-0.0009723067806010726,0.6419750361930412,-23.497083911736063,1396,26.78629372721961,99.33862433862434,2268,2017-05-16,2026-08-31,False,False,True,True,2
night,wti|rankc|w120,wti,rankc,120,ongap,1,1,0.34980846333760046,-0.2372539430875202,0.02593225816514189,0.09124007599183209,0.1928767253019874,0.8,-1.9258459014757976,10,0.0860263459521476,0.0009079939265587847,0.6416330121980558,-21.314818967154928,387,26.84328693086134,99.33716305788775,2263,2017-05-16,2026-08-31,False,True,True,True,3
night,wti|rankc|w252,wti,rankc,252,c2c,2,1,-0.00491913047420358,-0.18187946937634294,-0.10450308773630915,-0.08699554130077367,-0.32578410946117986,0.5,-2.012396662362649,10,-0.014420018907080303,-0.01783925684260292,0.6543449244299947,-56.33729740370467,1570,20.54825151180287,99.69135802469135,2268,2017-05-16,2026-08-31,False,False,True,True,2
night,wti|rankc|w252,wti,rankc,252,o2o,2,-1,0.03928281145065894,0.09078152067880815,0.06747716967731851,0.08542638298576175,0.2899227087328732,0.7,-1.6180148934543133,10,0.01904494239817481,0.01783925684260292,0.6543449244299947,-38.77684045093022,627,20.54825151180287,99.69135802469135,2268,2017-05-16,2026-08-31,False,True,True,True,3
night,wti|rankc|w252,wti,rankc,252,day,1,-1,0.7459649488223765,-0.17269707660908495,0.2637372051099503,0.29103695823974013,0.40528666654830414,0.7,-1.2637757836662982,10,0.02218361878991367,0.017246861745296757,0.6541165284858081,-23.679250681179337,686,20.54850805656471,99.69135802469135,2268,2017-05-16,2026-08-31,False,True,True,True,3
night,wti|rankc|w252,wti,rankc,252,ongap,1,1,0.21049309515310136,0.39913727670239735,0.30648199805147297,0.3575989515922432,0.24851775814367183,0.8,-1.8936979204011606,10,0.021097226560475146,-0.017181377609889095,0.6539504286728423,-13.369465209595383,453,20.59273298706864,99.69067609368095,2263,2017-05-16,2026-08-31,False,True,True,True,3
night,wti|signth|w60,wti,signth,60,c2c,2,1,0.15481849191934613,-0.36278662610370016,-0.13681659508964328,-0.10964829552811046,-0.2820170791308248,0.3,-3.0928746615255585,10,-0.07406449821767445,0.001930340846877683,0.6680258057415829,-54.3504150609454,1220,29.246520599883496,99.77954144620811,2268,2017-05-16,2026-08-31,False,False,True,True,2
night,wti|signth|w60,wti,signth,60,o2o,2,1,0.10017105959929108,-0.14073917939732686,-0.032159220098898156,-0.004321282610135995,-0.2190422012231821,0.4,-2.7879715640585525,10,-0.08611306316610126,0.001930340846877683,0.6680258057415829,-45.17484282436206,1220,29.246520599883496,99.77954144620811,2268,2017-05-16,2026-08-31,False,False,True,True,2
night,wti|signth|w60,wti,signth,60,day,1,-1,0.7754181622233406,-0.6313521143871184,0.0399923400414515,0.08129621186335129,0.16945537621143178,0.5,-1.741506520285585,10,0.11862475539157531,-0.00242133515814771,0.6677329819077731,-34.50972941383033,1036,29.24666402096176,99.77954144620811,2268,2017-05-16,2026-08-31,False,False,True,True,2
night,wti|signth|w60,wti,signth,60,ongap,1,1,0.208722589857864,-0.13133472754791567,0.026616779357223022,0.10708269119896602,0.039377033512701845,0.5,-1.8189271246911625,10,0.021597270523385028,0.0023647771248069206,0.6675860413693655,-16.227543531173126,783,29.309611234458274,99.77905435262925,2263,2017-05-16,2026-08-31,False,False,True,True,2
night,wti|signth|w120,wti,signth,120,c2c,2,1,0.14710873310412947,-0.23804704139052366,-0.07178967135660642,-0.05039903258001938,-0.2507265996702552,0.4,-1.9886489199272317,10,-0.01662847976732896,0.012133991775667327,0.6629816663476134,-62.78980589723179,1220,23.81048833716676,99.38271604938271,2268,2017-05-16,2026-08-31,False,False,True,True,2
night,wti|signth|w120,wti,signth,120,o2o,2,1,0.019375391203015218,-0.1177615147959069,-0.05655985853029069,-0.0348403991795425,-0.2535892604487904,0.5,-1.87914191928714,10,-0.033484883112621856,0.012133991775667327,0.6629816663476134,-55.41021168836343,1220,23.81048833716676,99.38271604938271,2268,2017-05-16,2026-08-31,False,False,True,True,2
night,wti|signth|w120,wti,signth,120,day,1,-1,0.8137479863745413,-0.2836412108599898,0.24190277724033363,0.2747869549993343,0.34858309776846264,0.5,-1.3552549247011614,10,0.05445206615248501,-0.012219615816448186,0.6628960423068325,-24.058406513398666,670,23.810608182537898,99.38271604938271,2268,2017-05-16,2026-08-31,False,False,True,True,2
night,wti|signth|w120,wti,signth,120,ongap,1,1,0.30450374294882954,-0.03743463836125741,0.11924800604192214,0.18135885789923378,0.24322697521434766,0.8,-1.9188506222186368,10,0.033679706470501544,0.012237293974972412,0.6626732396394367,-16.311383932917938,462,23.861610312894832,99.3813521873619,2263,2017-05-16,2026-08-31,False,True,True,True,3
night,wti|signth|w252,wti,signth,252,c2c,2,1,0.10788247461388921,0.05508932987942934,0.07583457623832782,0.09080993597296351,-0.1497363936374965,0.4,-1.9851911264786295,10,-0.0046074899513221775,0.01508850462672726,0.6478921323679158,-41.22205876857026,931,16.686232207777444,99.82363315696648,2268,2017-05-16,2026-08-31,False,False,True,True,2
night,wti|signth|w252,wti,signth,252,o2o,2,1,0.07374727269376721,0.2174946859759031,0.15376319117290127,0.16906031913181707,-0.09631880580307244,0.5,-1.7084088102387,10,-0.0023695928847464204,0.01508850462672726,0.6478921323679158,-31.335105997092803,862,16.686232207777444,99.82363315696648,2268,2017-05-16,2026-08-31,False,False,True,True,2
night,wti|signth|w252,wti,signth,252,day,1,-1,0.7032918889796698,-0.22588363943337922,0.21326759648189583,0.23719542623560905,0.35582667273639496,0.8,-1.5737278783890016,10,-0.03004636268168509,-0.01583312903662662,0.6478698741869993,-25.636966908461122,686,16.686570725288245,99.82363315696648,2268,2017-05-16,2026-08-31,False,True,True,True,3
night,wti|signth|w252,wti,signth,252,ongap,1,1,0.42874375557973915,0.5512482093682356,0.49375076469050355,0.5365803461260037,0.6423065053122052,0.8,-0.16857072814766794,10,-0.0718841220936142,0.01587325187763288,0.6476642386674352,-10.744252702393252,789,16.722484318436543,99.82324348210341,2263,2017-05-16,2026-08-31,True,True,True,True,4
night,wti|dev|w60,wti,dev,60,c2c,2,1,0.31129090940793286,-0.30550215522443686,-0.03096859880673009,-0.005349940841568577,-0.18572542279314627,0.4,-2.4468993106032895,10,-0.12182852864316451,0.02214684344468511,0.5732473457827056,-49.667096267448244,1220,27.742984972924624,98.98589065255732,2268,2017-05-16,2026-08-31,False,False,True,True,2
night,wti|dev|w60,wti,dev,60,o2o,2,1,0.2328976888000551,-0.14807113951458015,0.026461608860946867,0.052672400932192984,-0.16885600100778209,0.5,-2.401259600488154,10,-0.1437709205543058,0.02214684344468511,0.5732473457827056,-39.30612150657894,1220,27.742984972924624,98.98589065255732,2268,2017-05-16,2026-08-31,False,False,True,True,2
night,wti|dev|w60,wti,dev,60,day,1,-1,0.6597298186381669,-0.5537654397502186,0.026290041790968152,0.06547452720404723,0.09095653365325251,0.4,-1.5719087531717895,10,0.17597685595501483,-0.022481187274745924,0.5729130386321514,-31.513338744820857,1047,27.743636272491006,98.94179894179894,2268,2017-05-16,2026-08-31,False,False,False,True,1
night,wti|dev|w60,wti,dev,60,ongap,1,1,0.4634043381543185,-0.1642291095580979,0.13566818453029855,0.20975764403184044,0.2111647883159191,0.7,-1.5627985035092398,10,-0.04097508067179356,0.0225611766559664,0.5728037084855085,-14.159536992217504,387,27.794821393814786,98.93946089262042,2263,2017-05-16,2026-08-31,False,True,True,True,3
night,wti|dev|w120,wti,dev,120,c2c,2,1,0.33508522854244227,-0.3080270160436551,-0.027532737639257353,-0.008256192270497488,-0.21413089807313648,0.4,-1.6003534221980797,10,-0.06727909335214474,0.03128591742091648,0.620403433313365,-59.51496739684353,1220,21.98925440102642,99.42680776014109,2268,2017-05-16,2026-08-31,False,False,True,True,2
night,wti|dev|w120,wti,dev,120,o2o,2,1,0.24813231431516647,-0.15408061655774524,0.028564535456472077,0.04811708809964687,-0.20556389240625159,0.3,-1.5596118856531396,10,-0.06919561619696207,0.03128591742091648,0.620403433313365,-49.289038214315624,1220,21.98925440102642,99.42680776014109,2268,2017-05-16,2026-08-31,False,False,True,True,2
night,wti|dev|w120,wti,dev,120,day,1,-1,0.5926675558413683,-0.4590183037216904,0.05125099914687935,0.08085582209166561,0.13596015357066615,0.4,-1.256384639045747,10,0.10677506758233316,-0.03139494346250169,0.6202944072717798,-29.477498581680813,1439,21.989417629587358,99.42680776014109,2268,2017-05-16,2026-08-31,False,False,True,True,2
night,wti|dev|w120,wti,dev,120,ongap,1,1,0.5659870140380021,-0.1564442131323601,0.1807477615461111,0.23678012201828072,0.3268654347551426,0.7,-1.6811876594538306,10,0.026258406517545893,0.031442431556556405,0.6199654775407325,-15.480340716598736,387,22.034449747941476,99.42554131683606,2263,2017-05-16,2026-08-31,False,True,True,True,3
night,wti|dev|w252,wti,dev,252,c2c,2,1,0.14906254228366356,-0.0682984227759916,0.02751234032282572,0.043079076797832384,-0.18880094274713977,0.5,-2.0766800561040313,10,-0.017110322342391147,0.03758692106627435,0.6476963126363904,-46.488942106001,1246,18.572977657810075,99.33862433862434,2268,2017-05-16,2026-08-31,False,False,True,True,2
night,wti|dev|w252,wti,dev,252,o2o,2,1,0.05779187193550291,0.06033413636648112,0.05893907513580914,0.07476743121225643,-0.1709445972629962,0.5,-2.151027266740483,10,-0.024250208233295448,0.03758692106627435,0.6476963126363904,-41.53149135780874,1124,18.572977657810075,99.33862433862434,2268,2017-05-16,2026-08-31,False,False,True,True,2
night,wti|dev|w252,wti,dev,252,day,1,-1,0.6517680414390453,-0.15836082184391662,0.2386620042673747,0.26295091687201344,0.38691818808847367,0.7,-1.1694554280994052,10,0.027860610349135062,-0.0380379606426235,0.6473254870039877,-24.006849306441417,686,18.57366509699801,99.33862433862434,2268,2017-05-16,2026-08-31,False,True,True,True,3
night,wti|dev|w252,wti,dev,252,ongap,1,1,0.3563499138437131,0.5084634498805432,0.4325625574186908,0.47845559356897627,0.5322010517201519,0.8,-0.6740644435196803,10,-0.01101930484188945,0.038231509216725655,0.6470811370042631,-8.08398220971494,705,18.613395668552073,99.33716305788775,2263,2017-05-16,2026-08-31,False,True,True,True,3
