shift,series,op,op_family,window,SR_net,SR_of_SR,positive_years,beta,n_years,n_gates
577,cny_usd,selfz,location,20,-0.138407387855419,-0.27515283159850157,0.5,-0.20797915913482837,10,1
577,cny_usd,selfz,location,40,-0.07060088146951984,-0.12613180277677133,0.4,0.20460447828593636,10,1
577,cny_usd,selfz,location,60,-0.10746694881548309,-0.1886724712562342,0.3,0.16907782895422702,10,1
577,cny_usd,selfz,location,90,-0.11632718808326831,-0.27061019407406717,0.4,0.13825662829919153,10,2
577,cny_usd,selfz,location,120,-0.06502327160905545,-0.21088597662568495,0.4,0.1293650327829246,10,2
577,cny_usd,selfz,location,180,-0.08328303865082332,-0.2530043249149844,0.4,0.04599986863562294,10,2
577,cny_usd,selfz,location,252,-0.06568848227495344,-0.3288633306970968,0.4,-0.04001845946917335,10,2
577,cny_usd,selfz,location,378,0.1885468851131121,-0.13923024447659463,0.4,-0.11683419913693781,10,2
577,cny_usd,selfz,location,504,0.42184674399318095,0.10238180785119116,0.6,-0.11658063543609039,10,2
577,cny_usd,robustz,location,20,-0.07676281019836215,-0.07903999448601076,0.4,0.16526415716509804,10,1
577,cny_usd,robustz,location,40,-0.1362838766368454,-0.2573607856354562,0.3,0.15230974135670272,10,1
577,cny_usd,robustz,location,60,0.1100972853797377,0.27213871252503175,0.6,-0.10691498781922028,10,2
577,cny_usd,robustz,location,90,0.06942006791128696,0.22029113046198578,0.6,-0.08732689468119885,10,2
577,cny_usd,robustz,location,120,-0.0655454642729826,-0.19566144676714609,0.4,0.12525049766246063,10,2
577,cny_usd,robustz,location,180,-0.23316534426860472,-0.3408462893420352,0.4,0.07242586343111845,10,2
577,cny_usd,robustz,location,252,0.016693127008878615,-0.2390896410261735,0.5,-0.12376499166800096,10,2
577,cny_usd,robustz,location,378,0.22706638481888083,-0.0821589406146845,0.5,-0.22564435285089082,10,1
577,cny_usd,robustz,location,504,0.44235544180001796,0.1272147555144627,0.6,-0.12234562213624667,10,2
577,cny_usd,bdtanh,location,20,0.059934775530096136,0.1775068476349067,0.5,0.1897982838376599,10,1
577,cny_usd,bdtanh,location,40,0.022887181613588936,0.10170794064467771,0.5,0.18837305907156082,10,1
577,cny_usd,bdtanh,location,60,0.039246047839830114,0.060330831618340804,0.5,0.16117586230994194,10,1
577,cny_usd,bdtanh,location,90,0.02579824118030903,-0.051271819436774384,0.3,0.1051278844773484,10,2
577,cny_usd,bdtanh,location,120,0.10407495604134774,0.055609623546890044,0.6,0.08051904151323468,10,2
577,cny_usd,bdtanh,location,180,0.09161445396339897,-0.01262935985685644,0.5,-0.007488986237030811,10,2
577,cny_usd,bdtanh,location,252,0.08360695358402641,-0.14524069761406527,0.5,-0.050929228602527674,10,2
577,cny_usd,bdtanh,location,378,0.2899563192972511,0.06487623236515073,0.6,-0.06006744105718507,10,2
577,cny_usd,bdtanh,location,504,0.48307417563832583,0.1905531482537209,0.7,-0.07338228481433119,10,3
577,cny_usd,rankc,location,20,-0.003143987287227181,0.046300112144517576,0.4,0.17493593828603896,10,1
577,cny_usd,rankc,location,40,0.07628332748224347,0.14777365308358764,0.5,0.15824495004264694,10,1
577,cny_usd,rankc,location,60,-0.02810783533842915,-0.042177001528536644,0.5,0.16852538950589646,10,1
577,cny_usd,rankc,location,90,-0.026584187975968055,-0.1000223330793955,0.3,0.14130417290176167,10,2
577,cny_usd,rankc,location,120,0.03740197741140734,-0.015945760613163672,0.4,0.1209776582829576,10,2
577,cny_usd,rankc,location,180,0.003075791027508384,-0.11871036592472003,0.5,0.01629635863012211,10,2
577,cny_usd,rankc,location,252,0.08662681049706715,-0.15897127774402903,0.5,-0.04924349002198699,10,2
577,cny_usd,rankc,location,378,0.269828318920469,0.037877221445040396,0.6,-0.0641071464177921,10,2
577,cny_usd,rankc,location,504,0.3965640915355463,0.12896475801392596,0.6,-0.07731527500835451,10,2
577,cny_usd,signth,location,20,0.11651299455397547,0.24146085907293122,0.4,0.18649906748462008,10,1
577,cny_usd,signth,location,40,0.13230312379555842,0.3521633666495027,0.5,0.1942362445857886,10,1
577,cny_usd,signth,location,60,-0.12452427472076488,-0.26086765540987444,0.3,0.17547888137550324,10,1
577,cny_usd,signth,location,90,0.14906893654656897,-0.13796466944282282,0.3,0.014880659049785848,10,2
577,cny_usd,signth,location,120,0.09826824014459634,-0.13678842107353842,0.5,0.012834974051024501,10,2
577,cny_usd,signth,location,180,0.10115939426108024,-0.18310374929609816,0.4,-0.034047406446648304,10,2
577,cny_usd,signth,location,252,0.3069031623459357,0.08557233020504983,0.5,-0.039898159319454674,10,2
577,cny_usd,signth,location,378,0.41921759893160193,0.19898982540817675,0.6,-0.0635895975980957,10,2
577,cny_usd,signth,location,504,0.4902327123756541,0.3143651947584551,0.6,-0.10248152312886855,10,2
577,cny_usd,dev,location,20,-0.060544302832374074,-0.11526071064190443,0.7,-0.11881390973212333,10,3
577,cny_usd,dev,location,40,0.06371705358249187,0.20557223682219175,0.7,-0.09989570845174418,10,3
577,cny_usd,dev,location,60,0.1302712080218618,0.3154288390947607,0.7,-0.09168430008044796,10,3
577,cny_usd,dev,location,90,-0.15750137004123566,-0.46732081947350096,0.2,0.04352576414035923,10,2
577,cny_usd,dev,location,120,-0.08430620847463773,-0.34727027420905093,0.3,-0.01672876420980488,10,2
577,cny_usd,dev,location,180,-0.10658772706351537,-0.41979202045398684,0.3,-0.1031336407750472,10,2
577,cny_usd,dev,location,252,0.022751575406908732,-0.38358847300642934,0.4,-0.2020439164051182,10,1
577,cny_usd,dev,location,378,0.3799183764728057,0.10471547701564861,0.7,-0.14840373202280932,10,3
577,cny_usd,dev,location,504,0.4723288509349746,0.19268731875750947,0.7,-0.11658438211916038,10,3
577,cny_usd,instStdev,swap,20,0.10993343227966834,0.15305025807220457,0.6,-0.23172732830756856,10,1
577,cny_usd,instStdev,swap,40,0.04091195842568513,0.17897714514121724,0.6,-0.18734286643071033,10,1
577,cny_usd,instStdev,swap,60,0.1564200689996517,0.30844163780031414,0.6,0.19383949974077264,10,1
577,cny_usd,instStdev,swap,90,0.5974289858857236,0.8372507547262223,0.8,-0.1448147647738524,10,4
577,cny_usd,instStdev,swap,120,0.6082091882713327,0.8661797568933659,0.9,-0.22319317954819126,10,3
577,cny_usd,instStdev,swap,180,0.4202637886800565,0.4929641603519401,0.9,-0.23124422805014636,10,2
577,cny_usd,instStdev,swap,252,0.21719931728619826,0.09525779230054728,0.5,-0.24216036106104796,10,1
577,cny_usd,instStdev,swap,378,0.4533089271295742,0.3711771462835093,0.7,0.17178680341357902,10,2
577,cny_usd,instStdev,swap,504,0.464830048037687,0.4941621689921846,0.5,-0.11622831423846197,10,2
577,cny_usd,instSkew,swap,20,0.22653308105372566,0.13319882312336861,0.7,-0.25249236137285613,10,2
577,cny_usd,instSkew,swap,40,0.272493760303566,0.34401356960791724,0.5,-0.12278297570614925,10,2
577,cny_usd,instSkew,swap,60,0.1629989379255321,0.19039002089378765,0.6,-0.23287803653128253,10,1
577,cny_usd,instSkew,swap,90,0.161164488324067,0.2523692315088859,0.7,-0.12117141900014965,10,3
577,cny_usd,instSkew,swap,120,0.07018814295220056,-0.04694984352212671,0.5,-0.05949288270415504,10,2
577,cny_usd,instSkew,swap,180,0.2749050525134905,0.11503085594201014,0.6,-0.0052561844940335525,10,2
577,cny_usd,instSkew,swap,252,0.3685404266807841,0.295303993934385,0.6,-0.018218160860240463,10,2
577,cny_usd,instSkew,swap,378,-0.09742013703220165,-0.053220796664183695,0.6,-0.3589792953069287,10,1
577,cny_usd,instSkew,swap,504,0.19861300145407645,0.2142153840914942,0.6,-0.2787166071159341,10,1
577,cny_usd,instKurt,swap,20,-0.11056659975803221,-0.16823836951588855,0.4,0.04319146608392912,10,2
577,cny_usd,instKurt,swap,40,-0.036722248328177914,-0.3903044671392703,0.2,-0.15931113800564198,10,1
577,cny_usd,instKurt,swap,60,0.21986628912571193,0.349963344258731,0.7,0.03332268875408142,10,3
577,cny_usd,instKurt,swap,90,0.1451259729392051,-0.012314582264115071,0.7,-0.18990073079292327,10,2
577,cny_usd,instKurt,swap,120,0.16838263350859975,0.26479852541919496,0.7,-0.3455223748661127,10,2
577,cny_usd,instKurt,swap,180,-0.07678795361860423,-0.15851878845285883,0.5,-0.2498522325006564,10,1
577,cny_usd,instKurt,swap,252,-0.16334186496911673,-0.15090531886063854,0.5,-0.10832377330584973,10,2
577,cny_usd,instKurt,swap,378,0.5002784110444217,0.39046495424606426,0.6,-0.084644407079177,10,2
577,cny_usd,instKurt,swap,504,-0.287246771567461,-0.17835724940016778,0.5,0.2601034496686276,10,1
577,cny_usd,minmax,swap,20,-0.02872693988190466,-0.08931880123330438,0.3,0.18877123430711604,10,1
577,cny_usd,minmax,swap,40,0.06609382060132203,0.059808162314600795,0.6,0.17343286015997572,10,1
577,cny_usd,minmax,swap,60,0.10312252584439165,0.04566977599563172,0.4,0.059301294412708025,10,2
577,cny_usd,minmax,swap,90,0.1341970241377352,0.013431097695280612,0.3,-0.004400730522252958,10,2
577,cny_usd,minmax,swap,120,0.11723552848068791,-0.019602988632461283,0.4,0.007289951653056905,10,2
577,cny_usd,minmax,swap,180,0.021003317798469204,-0.30425188203393827,0.4,-0.0686296178949514,10,2
577,cny_usd,minmax,swap,252,0.0474673643592127,-0.2360777935639851,0.4,-0.05835660602258058,10,2
577,cny_usd,minmax,swap,378,0.21227845071328874,0.01880682758124686,0.5,-0.06347704911883056,10,2
577,cny_usd,minmax,swap,504,0.30117662632221404,0.07874331107104088,0.6,-0.05737755183387599,10,2
577,cny_usd,chg,swap,20,-0.11928074565242539,-0.285546634823033,0.3,0.07122306945881493,10,2
577,cny_usd,chg,swap,40,-0.27576865089591385,-0.604366585562975,0.4,0.06717377852552449,10,2
577,cny_usd,chg,swap,60,-0.21407546243357423,-0.53178050676727,0.3,-0.015314499064214115,10,2
577,cny_usd,chg,swap,90,-0.0736674274896185,-0.46583977138991567,0.3,-0.09601727427190908,10,2
577,cny_usd,chg,swap,120,-0.10565179280284354,-0.43036566186237046,0.2,-0.14128528012522665,10,2
577,cny_usd,chg,swap,180,-0.04745849393439419,-0.34513057568027666,0.4,-0.20233471499408306,10,1
577,cny_usd,chg,swap,252,0.34696384936185776,0.0044500425522119354,0.6,-0.1774407940806274,10,1
577,cny_usd,chg,swap,378,0.4346493304583373,0.10552943959264878,0.5,-0.06779550174604582,10,2
577,cny_usd,chg,swap,504,0.3504685156317836,0.1727121516213456,0.6,-0.16143971363738652,10,1
577,cny_usd,slope,swap,20,0.1120825526612197,0.1588311570384445,0.6,-0.0791758207120125,10,2
577,cny_usd,slope,swap,40,-0.18560007155661548,-0.5248496238745392,0.3,0.02450786983087147,10,2
577,cny_usd,slope,swap,60,0.1889518210070435,0.6736731824805039,0.8,-0.007701988413172868,10,4
577,cny_usd,slope,swap,90,0.03411098256129212,-0.3439667153328883,0.3,-0.12599006325989276,10,2
577,cny_usd,slope,swap,120,0.0009084304022348455,-0.33490905952894645,0.4,-0.1431497326171999,10,2
577,cny_usd,slope,swap,180,-0.022253729351422166,-0.27162910960194464,0.6,-0.18370274165128972,10,1
577,cny_usd,slope,swap,252,0.22995964646948205,-0.03958937153223315,0.5,-0.22565847527356128,10,1
577,cny_usd,slope,swap,378,0.649879869939731,0.32469154040667486,0.8,-0.14474975969685258,10,3
577,cny_usd,slope,swap,504,0.4523137400331888,0.26061417989019553,0.6,-0.12563473217941132,10,2
577,cny_usd,dStdev,swap,20,0.26906512598366433,0.28654449253057745,0.6,0.007137274035821942,10,2
577,cny_usd,dStdev,swap,40,0.4241797707235909,0.7759838646306674,0.8,0.04126662424070261,10,4
577,cny_usd,dStdev,swap,60,0.41049211633788707,0.9550576551987231,0.9,-0.07435515956638832,10,4
577,cny_usd,dStdev,swap,90,0.33272037488210454,0.5660200070441028,0.7,-0.12310124823840048,10,3
577,cny_usd,dStdev,swap,120,0.28082657355335044,0.4790317264476532,0.7,-0.11592565184775643,10,3
577,cny_usd,dStdev,swap,180,-0.00035985870007007527,0.08327072105007967,0.4,0.23799213310216136,10,1
577,cny_usd,dStdev,swap,252,0.0863369524095715,0.013144136710409166,0.6,0.35570549640650984,10,1
577,cny_usd,dStdev,swap,378,0.35265044699482795,0.22474448171632322,0.6,0.2711879473385931,10,1
577,cny_usd,dStdev,swap,504,0.5263959177145023,0.3331065271488735,0.6,0.33267978574990925,10,1
577,cny_usd,dSkew,swap,20,0.1312070218819315,0.12056435345211931,0.6,-0.09531059961256921,10,2
577,cny_usd,dSkew,swap,40,0.04445251184077298,0.0833688850220466,0.4,0.10449538275154722,10,2
577,cny_usd,dSkew,swap,60,0.03857687310272534,-0.05844621700413806,0.5,-0.22350780544258875,10,1
577,cny_usd,dSkew,swap,90,-0.3010347984163385,-0.23286888112642046,0.2,0.2441866162228132,10,1
577,cny_usd,dSkew,swap,120,0.31728953610384986,0.24998304882396813,0.7,-0.2513021692767862,10,2
577,cny_usd,dSkew,swap,180,-0.2872141424708971,-0.22474841423277206,0.4,0.11101669222318339,10,2
577,cny_usd,dSkew,swap,252,0.10622573657356264,0.11166064453529513,0.6,-0.027304690353945588,10,2
577,cny_usd,dSkew,swap,378,0.13263584177376475,0.0978037966340925,0.5,-0.030412590498292327,10,2
577,cny_usd,dSkew,swap,504,0.20244430118066306,0.2013395324585915,0.5,-0.24849269250325448,10,1
577,cny_usd,ac1,swap,20,0.19300771477659762,0.2535339380594785,0.6,0.0423912681303112,10,2
577,cny_usd,ac1,swap,40,-0.37503595204786055,-0.671828060028538,0.4,-0.14178431430678104,10,2
577,cny_usd,ac1,swap,60,-0.1817241991596,-0.33984558779988056,0.5,-0.1612793164649412,10,1
577,cny_usd,ac1,swap,90,-0.00856426722952172,0.06949702041133164,0.5,-0.12258228628686897,10,2
577,cny_usd,ac1,swap,120,-0.0351959991129869,-0.09957352529973913,0.4,-0.002801619841140117,10,2
577,cny_usd,ac1,swap,180,-0.16480795513071453,-0.12109541262411355,0.4,-0.04135685019071194,10,2
577,cny_usd,ac1,swap,252,0.3295464178005568,0.12130630397119682,0.6,0.05341362903781348,10,2
577,cny_usd,ac1,swap,378,0.3061579258873261,0.17386110950917974,0.6,0.22524082890716324,10,1
577,cny_usd,ac1,swap,504,0.23515969912415208,0.3273582900615203,0.7,0.3329132905577275,10,2
577,cny_usd,pctpos,swap,20,-0.10466307953412023,-0.14674586289377844,0.4,0.21458542954521068,10,1
577,cny_usd,pctpos,swap,40,-0.1365468913194359,-0.34563378988780813,0.4,0.18046329024272978,10,1
577,cny_usd,pctpos,swap,60,0.055717913088502796,-0.01949224486564174,0.3,0.1900290355080137,10,1
577,cny_usd,pctpos,swap,90,0.3058653767416217,0.07438009806912269,0.4,0.007622466905305832,10,2
577,cny_usd,pctpos,swap,120,0.288653086963312,0.075324261415326,0.4,-0.023441399822827454,10,2
577,cny_usd,pctpos,swap,180,0.248971611860957,-0.033921232525226656,0.6,-0.08317167901636592,10,2
577,cny_usd,pctpos,swap,252,0.5081119213164523,0.22740666124948186,0.7,0.01906616169808251,10,3
577,cny_usd,pctpos,swap,378,0.500787975267219,0.17093072896904304,0.6,0.06158650562342691,10,2
577,cny_usd,pctpos,swap,504,0.2797907800649651,0.09043332476811605,0.8,-0.09988366221208723,10,3
577,us_dxy_broad,selfz,location,20,0.04147921808923883,0.10239195626379344,0.7,-0.002175501755276001,10,3
577,us_dxy_broad,selfz,location,40,0.057249930646749124,0.08407514116738818,0.6,-0.027366930025848127,10,2
577,us_dxy_broad,selfz,location,60,0.1703151793675647,0.1470094296991011,0.6,-0.0413222679393591,10,2
577,us_dxy_broad,selfz,location,90,0.13433120027875847,0.07719468641907934,0.6,-0.04820635531104323,10,2
577,us_dxy_broad,selfz,location,120,-0.2660495547698717,-0.16600684623903167,0.3,0.054030517730528575,10,2
577,us_dxy_broad,selfz,location,180,-0.3210936769740123,-0.14108271520837748,0.3,0.045534213091472084,10,2
577,us_dxy_broad,selfz,location,252,-0.20987764949339577,-0.042392198435010464,0.4,0.034426921661917756,10,2
577,us_dxy_broad,selfz,location,378,-0.12168395590553012,0.010544258606195603,0.5,0.050529095114195725,10,2
577,us_dxy_broad,selfz,location,504,-0.0002757074639147416,0.06731170483131095,0.6,0.06886184663347082,10,2
577,us_dxy_broad,robustz,location,20,0.061421073334915505,0.15073931386321518,0.7,0.03942867737338658,10,3
577,us_dxy_broad,robustz,location,40,0.32661384704452806,0.24832937954748802,0.5,-0.0014829170078077105,10,2
577,us_dxy_broad,robustz,location,60,0.032491008924356066,0.03689254294737453,0.5,0.051280315451798016,10,2
577,us_dxy_broad,robustz,location,90,0.05202041186768449,0.02174828079891582,0.6,0.06067441982699701,10,2
577,us_dxy_broad,robustz,location,120,-0.28050724458151083,-0.09926327081695446,0.4,-0.0073369785407739665,10,2
577,us_dxy_broad,robustz,location,180,-0.3242539043954378,-0.07695520131294961,0.4,0.0927609192900924,10,2
577,us_dxy_broad,robustz,location,252,-0.0960510409127527,0.02019356666550554,0.5,0.12009237372147957,10,2
577,us_dxy_broad,robustz,location,378,-0.10743997450888766,-0.03879241496536143,0.5,0.10542334145198662,10,2
577,us_dxy_broad,robustz,location,504,0.034698736978334165,0.09694431220989867,0.6,0.08641825293572229,10,2
577,us_dxy_broad,bdtanh,location,20,0.07208976028010426,0.1303553381325404,0.6,-0.0224778708013716,10,2
577,us_dxy_broad,bdtanh,location,40,0.032861104365381456,0.04414297245503105,0.5,-0.06080390353885314,10,2
577,us_dxy_broad,bdtanh,location,60,0.06754317601285836,0.06185119413386622,0.5,-0.08333537693311042,10,2
577,us_dxy_broad,bdtanh,location,90,-0.09467419383731551,-0.03549856381237095,0.4,0.09835877894847565,10,2
577,us_dxy_broad,bdtanh,location,120,-0.18726106220540922,-0.07846482634161345,0.3,0.10785190653962319,10,2
577,us_dxy_broad,bdtanh,location,180,-0.1659459316823181,-0.0006538488732058457,0.4,0.08761430493836456,10,2
577,us_dxy_broad,bdtanh,location,252,-0.06379886557537177,0.06640747277251588,0.5,0.0390731839414771,10,2
577,us_dxy_broad,bdtanh,location,378,-0.013077315691659899,0.10399513986382482,0.6,0.061676019881094266,10,2
577,us_dxy_broad,bdtanh,location,504,0.0620910396371647,0.12573651230309385,0.6,0.09309057851290341,10,2
577,us_dxy_broad,rankc,location,20,0.011967158227341542,0.1020450086131229,0.7,0.000522398941787028,10,3
577,us_dxy_broad,rankc,location,40,0.043568912960999004,0.05151891764123487,0.6,-0.03807178534867908,10,2
577,us_dxy_broad,rankc,location,60,0.11318372536443141,0.08546188448175009,0.6,-0.06445893547737053,10,2
577,us_dxy_broad,rankc,location,90,0.13388844861417531,0.059218370116821385,0.6,-0.0900602743546498,10,2
577,us_dxy_broad,rankc,location,120,-0.24538412792071554,-0.13155637149426885,0.3,0.0951472369324359,10,2
577,us_dxy_broad,rankc,location,180,-0.2548708953233658,-0.10603640002254225,0.3,0.06676948632625163,10,2
577,us_dxy_broad,rankc,location,252,-0.1501400683258337,-0.008946132837627213,0.4,0.04141528508561623,10,2
577,us_dxy_broad,rankc,location,378,-0.05070263201170012,0.05578809700048893,0.6,0.0682189743352637,10,2
577,us_dxy_broad,rankc,location,504,0.06800166098641658,0.13493651171555976,0.6,0.0908083408241504,10,2
577,us_dxy_broad,signth,location,20,0.11523853892648032,0.1458180523644666,0.6,-0.020773063899430518,10,2
577,us_dxy_broad,signth,location,40,0.1430274290687136,0.17178260051952757,0.5,-0.06227566688358774,10,2
577,us_dxy_broad,signth,location,60,0.038225544118837766,0.014863152877658402,0.6,-0.09651222948941704,10,2
577,us_dxy_broad,signth,location,90,-0.04117807845699366,-0.06442659010360482,0.5,-0.09353730099310516,10,2
577,us_dxy_broad,signth,location,120,-0.1127803886980354,-0.014271573154647676,0.5,0.09183392946344289,10,2
577,us_dxy_broad,signth,location,180,-0.14192199949664291,0.013708164567176556,0.4,0.0470009879057074,10,2
577,us_dxy_broad,signth,location,252,0.10307090491343154,0.23408052717657074,0.6,0.03797672964821302,10,2
577,us_dxy_broad,signth,location,378,0.03456817467481709,0.17299081315378978,0.6,0.04169889675314495,10,2
577,us_dxy_broad,signth,location,504,0.2045255321506306,0.2501831229911264,0.5,0.06426925779154162,10,2
577,us_dxy_broad,dev,location,20,0.1071056609240536,0.07138670798452244,0.6,-0.0009694759531326069,10,2
577,us_dxy_broad,dev,location,40,0.16322877405627775,0.0893819071401281,0.6,-0.07421553283164274,10,2
577,us_dxy_broad,dev,location,60,0.11819132838457064,0.04403676132960927,0.6,-0.10611601569461966,10,2
577,us_dxy_broad,dev,location,90,0.11736840742409756,0.009550642621624668,0.6,-0.1586870684393519,10,1
577,us_dxy_broad,dev,location,120,-0.1612025691074009,-0.048546431115483964,0.4,0.19445330793744145,10,1
577,us_dxy_broad,dev,location,180,-0.12184487973151241,-0.03068940795868038,0.4,0.18901739434186976,10,1
577,us_dxy_broad,dev,location,252,-0.059133923970014775,-0.015079223284128319,0.5,0.12417588271257449,10,2
577,us_dxy_broad,dev,location,378,-0.08516901004526219,-0.03323602451238901,0.5,0.0829375997540773,10,2
577,us_dxy_broad,dev,location,504,0.04174223000043509,0.08265004009687463,0.6,0.06273942907128718,10,2
577,us_dxy_broad,instStdev,swap,20,0.620597861240257,1.1929560721858845,0.9,0.002438839295870677,10,4
577,us_dxy_broad,instStdev,swap,40,-0.4469186632791375,-0.2870443541458455,0.5,0.06520151828077675,10,2
577,us_dxy_broad,instStdev,swap,60,0.019055036961051177,0.00240553946492536,0.6,0.05001927632264501,10,2
577,us_dxy_broad,instStdev,swap,90,0.2776017700808282,0.279004621454723,0.7,-0.03344134517966075,10,3
577,us_dxy_broad,instStdev,swap,120,0.13350470654141391,0.16342829192289027,0.6,-0.017530290904549516,10,2
577,us_dxy_broad,instStdev,swap,180,0.01949212213161064,0.16790846361701445,0.4,-0.06594871651155561,10,2
577,us_dxy_broad,instStdev,swap,252,0.4039752487976253,0.5470948604857904,0.5,-0.18208305519348583,10,1
577,us_dxy_broad,instStdev,swap,378,-0.1564372172615519,-0.04667360873028412,0.3,-0.18523299907901675,10,1
577,us_dxy_broad,instStdev,swap,504,0.7095821655529115,0.7108461823351853,0.7,-0.09505676149285865,10,4
577,us_dxy_broad,instSkew,swap,20,0.3295399838911805,0.49944846206027865,0.7,0.006912204812564015,10,3
577,us_dxy_broad,instSkew,swap,40,0.32408049124512356,0.17936872536827503,0.6,0.09801701648216958,10,2
577,us_dxy_broad,instSkew,swap,60,0.47800300447652644,0.257883863512766,0.7,-0.015011118658343649,10,3
577,us_dxy_broad,instSkew,swap,90,-0.06205057836251111,-0.08369785195214216,0.6,0.06656550320612427,10,2
577,us_dxy_broad,instSkew,swap,120,0.05471993324338355,0.03311104411667671,0.5,-0.08072947479714689,10,2
577,us_dxy_broad,instSkew,swap,180,-0.15886980153464408,-0.12569919567300336,0.4,-0.03127602920959967,10,2
577,us_dxy_broad,instSkew,swap,252,0.18501529400833877,0.14803641592808572,0.5,-0.10428541491769049,10,2
577,us_dxy_broad,instSkew,swap,378,0.08145239913999484,0.19646283460096467,0.7,0.08614024753696604,10,3
577,us_dxy_broad,instSkew,swap,504,0.62164874022075,0.3826445344111636,0.8,0.07334207596397352,10,3
577,us_dxy_broad,instKurt,swap,20,-0.28242417366861106,-0.14705393832578045,0.5,0.10875604161421822,10,2
577,us_dxy_broad,instKurt,swap,40,-0.43376159095544337,-0.18404134295373095,0.4,0.12969171035081561,10,2
577,us_dxy_broad,instKurt,swap,60,0.5390183470140688,0.47237000013999414,0.7,0.09135815658508009,10,3
577,us_dxy_broad,instKurt,swap,90,-0.06416159627775245,0.13037167821334436,0.5,0.10571568378913235,10,2
577,us_dxy_broad,instKurt,swap,120,0.48942507983210376,0.14441632968780485,0.5,-0.14664900201346606,10,2
577,us_dxy_broad,instKurt,swap,180,0.14652604381374565,0.10234299344650334,0.5,-0.17628335280370497,10,1
577,us_dxy_broad,instKurt,swap,252,0.29729880421898847,0.11043732711248692,0.6,0.05796087256329433,10,2
577,us_dxy_broad,instKurt,swap,378,-0.17241054313268647,-0.01600558664892241,0.5,-0.09801413919921174,10,2
577,us_dxy_broad,instKurt,swap,504,0.4929241690966683,0.29785471689722764,0.7,0.22447470051843554,10,2
577,us_dxy_broad,minmax,swap,20,-0.017354110239165745,0.03682865051201549,0.6,0.002961440314564357,10,2
577,us_dxy_broad,minmax,swap,40,-0.03519119107208096,0.001644736905436854,0.5,-0.050463005381990986,10,2
577,us_dxy_broad,minmax,swap,60,0.05093750466660591,0.05383893347448984,0.5,-0.040613312434082234,10,2
577,us_dxy_broad,minmax,swap,90,0.09824184070744195,0.038360594550274976,0.6,-0.08965829826543134,10,2
577,us_dxy_broad,minmax,swap,120,-0.20306988478743715,-0.1073002498187636,0.3,0.09590930868520302,10,2
577,us_dxy_broad,minmax,swap,180,-0.2770825326683765,-0.12376421434363005,0.3,0.045384399298692604,10,2
577,us_dxy_broad,minmax,swap,252,-0.1711152657349758,-0.02596873896230111,0.5,0.020554300363284823,10,2
577,us_dxy_broad,minmax,swap,378,-0.10619519623119056,0.019475130075234888,0.6,0.029862844301385413,10,2
577,us_dxy_broad,minmax,swap,504,0.0882252059729736,0.149572703439872,0.6,0.054631797810720834,10,2
577,us_dxy_broad,chg,swap,20,0.15695725409777878,0.0829826009583341,0.4,-0.05177413728226255,10,2
577,us_dxy_broad,chg,swap,40,0.15686934782762804,0.04567093293128255,0.6,-0.15639839556242943,10,1
577,us_dxy_broad,chg,swap,60,0.11503335186844724,-0.01138617667061908,0.5,-0.12069953855697577,10,2
577,us_dxy_broad,chg,swap,90,-0.10944870145523303,-0.014277073308242468,0.5,0.22353839966700206,10,1
577,us_dxy_broad,chg,swap,120,0.02014093362806123,0.06737196007234526,0.4,0.24758905846089577,10,1
577,us_dxy_broad,chg,swap,180,-0.07169107979239808,-0.0032471197651333457,0.6,0.14466084674947155,10,2
577,us_dxy_broad,chg,swap,252,-0.09064723664904566,-0.03640461567576099,0.5,0.03665532668285071,10,2
577,us_dxy_broad,chg,swap,378,-0.3142501025854401,-0.29654099701514514,0.4,-0.05118343463870468,10,2
577,us_dxy_broad,chg,swap,504,0.4510891382155587,0.2803761227143706,0.6,-0.03028990494788535,10,2
577,us_dxy_broad,slope,swap,20,0.3546354923168524,0.1887606558068118,0.5,-0.061819512027395176,10,2
577,us_dxy_broad,slope,swap,40,0.16648329515346172,0.010407920169969232,0.6,-0.14164192907208187,10,2
577,us_dxy_broad,slope,swap,60,0.031735942823531295,-0.08399831957798831,0.5,-0.16682941325645997,10,1
577,us_dxy_broad,slope,swap,90,-0.01584063363154638,0.05313049476575132,0.5,0.2133213024854424,10,1
577,us_dxy_broad,slope,swap,120,0.05817752413410072,0.07957420974806141,0.5,0.2525957411077565,10,1
577,us_dxy_broad,slope,swap,180,0.05642194265362058,0.0890392050354415,0.6,0.26342430907545433,10,1
577,us_dxy_broad,slope,swap,252,0.04756650210824007,0.09139216376068035,0.6,0.1550377147513402,10,1
577,us_dxy_broad,slope,swap,378,-0.1746651259725334,-0.24112318544455555,0.3,-0.005030797264597239,10,2
577,us_dxy_broad,slope,swap,504,0.09701426323624379,0.05091558046209743,0.5,-0.11974165776052015,10,2
577,us_dxy_broad,dStdev,swap,20,0.32226234523630587,0.30764115869474074,0.7,-0.07005104010292895,10,3
577,us_dxy_broad,dStdev,swap,40,0.2943670421135238,0.22749734974714453,0.5,-0.058109575252577095,10,2
577,us_dxy_broad,dStdev,swap,60,0.34975788969386434,0.34494743203866124,0.7,-0.06306025388003933,10,3
577,us_dxy_broad,dStdev,swap,90,0.05798009151096663,0.020581974840559052,0.6,-0.03769733654227419,10,2
577,us_dxy_broad,dStdev,swap,120,-0.07591034048603815,-0.06360359856017615,0.4,-0.017679689845364926,10,2
577,us_dxy_broad,dStdev,swap,180,0.1991813558712743,0.01871873693823127,0.7,-0.029153765105110592,10,3
577,us_dxy_broad,dStdev,swap,252,-0.1914930768597243,-0.030856337415870076,0.5,-0.0056609195210495615,10,2
577,us_dxy_broad,dStdev,swap,378,-0.2862828486146469,-0.1513229964684013,0.4,0.0879555110113814,10,2
577,us_dxy_broad,dStdev,swap,504,-0.3091074386213884,-0.12463801058523798,0.4,0.2578572007945456,10,1
577,us_dxy_broad,dSkew,swap,20,0.28964433459728606,0.3682573687683228,0.6,-0.07033387536475239,10,2
577,us_dxy_broad,dSkew,swap,40,0.21677311886260286,0.17187196716554903,0.6,-0.113762329245546,10,2
577,us_dxy_broad,dSkew,swap,60,0.19203730355446502,0.27380977537098095,0.6,-0.21268963321045387,10,1
577,us_dxy_broad,dSkew,swap,90,-0.3201257431816686,-0.317029683743933,0.5,-0.2980809390311431,10,1
577,us_dxy_broad,dSkew,swap,120,-0.27442914892029074,-0.08031596786625383,0.6,-0.27953163728313796,10,1
577,us_dxy_broad,dSkew,swap,180,-0.4646177501962984,-0.09038852304230616,0.3,-0.21799125530413982,10,1
577,us_dxy_broad,dSkew,swap,252,0.781447062226847,0.46884572823073917,0.8,0.2970742813831843,10,2
577,us_dxy_broad,dSkew,swap,378,1.3618740362537087,1.3514465084380616,0.8,0.12840790133467597,10,4
577,us_dxy_broad,dSkew,swap,504,-0.59148844203383,-0.4143510441289155,0.4,-0.17656071316674732,10,1
577,us_dxy_broad,ac1,swap,20,-0.03687247498068565,-0.08601704544113886,0.6,-0.0360282607306796,10,2
577,us_dxy_broad,ac1,swap,40,-0.18325218193284906,-0.2632987675726359,0.4,0.0075081080837130195,10,2
577,us_dxy_broad,ac1,swap,60,0.21008861143025048,0.0834473347255074,0.4,0.005054727999098109,10,2
577,us_dxy_broad,ac1,swap,90,0.1455476219604011,0.0508090010762857,0.4,0.03808913963589582,10,2
577,us_dxy_broad,ac1,swap,120,-0.08768458937644633,-0.0323714069564655,0.4,0.03624925004150191,10,2
577,us_dxy_broad,ac1,swap,180,0.20453082662025449,0.24099993847742954,0.7,-0.16017450306031095,10,2
577,us_dxy_broad,ac1,swap,252,0.10614806428498455,0.19828014409192854,0.5,-0.12259028040120397,10,2
577,us_dxy_broad,ac1,swap,378,0.4244185450151261,0.24856987982826495,0.7,0.12015662031378724,10,3
577,us_dxy_broad,ac1,swap,504,0.1307708855835395,0.1692624162872328,0.4,0.13222434073128211,10,2
577,us_dxy_broad,pctpos,swap,20,0.08633924696869244,0.04235026882296993,0.5,0.09279592375346264,10,2
577,us_dxy_broad,pctpos,swap,40,-0.1391956303045048,-0.20889171130760836,0.4,0.14589980517683723,10,2
577,us_dxy_broad,pctpos,swap,60,0.068535562666084,0.03620032332776514,0.5,-0.14524413424753926,10,2
577,us_dxy_broad,pctpos,swap,90,-0.04717806416684269,-0.028876825146647536,0.5,0.30309661385979036,10,1
577,us_dxy_broad,pctpos,swap,120,0.12927451936816842,0.12907019546912663,0.6,0.28832772595056494,10,1
577,us_dxy_broad,pctpos,swap,180,0.11802557370769519,0.12837277186915055,0.6,0.20532373285708988,10,1
577,us_dxy_broad,pctpos,swap,252,0.060298073594595936,-0.012784296755496185,0.5,0.1588017556482091,10,1
577,us_dxy_broad,pctpos,swap,378,0.2453552104595385,0.13511653720465283,0.6,0.1334368840231313,10,2
577,us_dxy_broad,pctpos,swap,504,1.097799764604857,1.0672762798720363,0.8,0.10224390756306923,10,4
577,us_dgs30,selfz,location,20,-0.13302118107702837,-0.19063845387794529,0.4,-0.01948146212328724,10,2
577,us_dgs30,selfz,location,40,-0.04761284584840013,-0.10231073151627332,0.5,-0.019331429995266866,10,2
577,us_dgs30,selfz,location,60,-0.03915537413519579,-0.13418961216097042,0.5,-0.040386395886134116,10,2
577,us_dgs30,selfz,location,90,-0.031288618611579194,-0.10027424559011248,0.4,-0.0994132195258212,10,2
577,us_dgs30,selfz,location,120,-0.004663757770816909,0.07850066345162163,0.5,0.12068095376111078,10,2
577,us_dgs30,selfz,location,180,-0.017991897526624976,0.12933997939350428,0.6,0.0991188949419798,10,2
577,us_dgs30,selfz,location,252,0.07884427567383458,0.17999290328836456,0.5,0.0959369278578255,10,2
577,us_dgs30,selfz,location,378,0.15671292732800407,0.2859916193318574,0.5,0.09238142022840269,10,2
577,us_dgs30,selfz,location,504,0.28049138513251487,0.3810206035774163,0.6,0.12031081924688665,10,2
577,us_dgs30,robustz,location,20,-0.09051327359015554,-0.09074858768670438,0.5,-0.016319038146830167,10,2
577,us_dgs30,robustz,location,40,-0.030926520035604817,-0.08240480984120041,0.5,0.013590223925944668,10,2
577,us_dgs30,robustz,location,60,0.0025534310292447946,-0.08238196555632718,0.5,-0.021570544136223665,10,2
577,us_dgs30,robustz,location,90,-0.028873376441092013,-0.08550030177968232,0.4,-0.047499787169524015,10,2
577,us_dgs30,robustz,location,120,0.04350122641451193,-0.029323277694050194,0.4,-0.05058267266034253,10,2
577,us_dgs30,robustz,location,180,-0.07677193614278725,0.08988790563697852,0.4,0.0672970310433621,10,2
577,us_dgs30,robustz,location,252,0.15578352512168367,0.2265826791749808,0.6,0.1387163946380604,10,2
577,us_dgs30,robustz,location,378,-0.09784502051433772,-0.23895359017701007,0.5,-0.09585143784855697,10,2
577,us_dgs30,robustz,location,504,0.17667619179643088,0.3298924347924519,0.5,0.15418092379842585,10,1
577,us_dgs30,bdtanh,location,20,-0.025175807732213642,-0.027659245997112104,0.5,-0.02567170524992774,10,2
577,us_dgs30,bdtanh,location,40,0.04727243776689675,-0.004777858826149996,0.5,-0.03441407799109406,10,2
577,us_dgs30,bdtanh,location,60,-0.017516161343904203,-0.1026980984398263,0.5,-0.06473994285099022,10,2
577,us_dgs30,bdtanh,location,90,0.026760408157814105,-0.03019836760958728,0.5,-0.13375814339374514,10,2
577,us_dgs30,bdtanh,location,120,0.0005687645493328774,-0.050874549475838964,0.5,-0.18167117219504067,10,1
577,us_dgs30,bdtanh,location,180,-0.06766005420542706,0.06288306841871402,0.5,0.17399700471227766,10,1
577,us_dgs30,bdtanh,location,252,0.015045701230381459,0.10789533414081309,0.4,0.1661493225289247,10,1
577,us_dgs30,bdtanh,location,378,-0.0905416660231922,-0.22737804116120247,0.5,-0.16617337769835444,10,1
577,us_dgs30,bdtanh,location,504,0.18948104631197735,0.29513926265066703,0.6,0.1858549089066197,10,1
577,us_dgs30,rankc,location,20,-0.002433689430213334,0.034718997746360336,0.6,-0.03921087256928254,10,2
577,us_dgs30,rankc,location,40,0.07968545827299305,0.04840263717532715,0.5,-0.036216419906918325,10,2
577,us_dgs30,rankc,location,60,-0.0031352952646992696,-0.08515878783859603,0.5,-0.05980028517489934,10,2
577,us_dgs30,rankc,location,90,0.028562467204492164,-0.015086317695733289,0.5,-0.10665148457285355,10,2
577,us_dgs30,rankc,location,120,0.0497076435709331,-0.012263505361213456,0.4,-0.14606815272167506,10,2
577,us_dgs30,rankc,location,180,-0.09643275675618275,0.05194796579187158,0.5,0.15563508948258128,10,1
577,us_dgs30,rankc,location,252,-0.011249563701390729,0.10599790142639248,0.5,0.16063474597930513,10,1
577,us_dgs30,rankc,location,378,-0.06599818612573177,-0.1996142590533577,0.6,-0.16030307493409582,10,1
577,us_dgs30,rankc,location,504,0.07222998880396696,0.202710437995244,0.5,0.2186228077215451,10,1
577,us_dgs30,signth,location,20,0.053813079865359895,0.10309541040358544,0.5,-0.02465705482649994,10,2
577,us_dgs30,signth,location,40,0.04526659871980715,-0.04267730859804074,0.5,-0.03991850148524014,10,2
577,us_dgs30,signth,location,60,-0.06817515738921677,-0.001039951293227299,0.5,0.056997703144137546,10,2
577,us_dgs30,signth,location,90,0.07927306056479852,0.026029490272043706,0.5,-0.12528608678826106,10,2
577,us_dgs30,signth,location,120,-0.07346345233246926,-0.10481297989096344,0.5,-0.18631349877005315,10,1
577,us_dgs30,signth,location,180,0.17010049664300575,-0.014015341328136949,0.6,-0.18095166745069494,10,1
577,us_dgs30,signth,location,252,0.06231198215550548,0.17540169582447857,0.5,0.17418440255588838,10,1
577,us_dgs30,signth,location,378,0.013689771334131694,0.08025759146389028,0.3333333333333333,0.18199341799058327,9,1
577,us_dgs30,signth,location,504,0.1803391186702647,0.28586841263025486,0.5555555555555556,0.28050625363532156,9,1
577,us_dgs30,dev,location,20,-0.2780320175919696,-0.43754772278647774,0.3,-0.0011694009911475782,10,2
577,us_dgs30,dev,location,40,-0.11646102526741145,-0.2332259016953244,0.4,-0.004594240943483645,10,2
577,us_dgs30,dev,location,60,-0.06259522247172954,-0.2078400786346111,0.5,-0.017313925356978496,10,2
577,us_dgs30,dev,location,90,-0.03614158739738622,-0.19309708225995284,0.5,-0.045313212540310045,10,2
577,us_dgs30,dev,location,120,-0.007727692409933228,-0.14870677780502814,0.4,-0.08275816405672594,10,2
577,us_dgs30,dev,location,180,-0.060435810037816735,-0.17106819787863892,0.5,-0.09198109428474815,10,2
577,us_dgs30,dev,location,252,-0.14561628990952852,-0.2343393839288859,0.6,-0.06313904777670892,10,2
577,us_dgs30,dev,location,378,-0.19394611567700212,-0.31719936228452794,0.6,-0.028774810168594265,10,2
577,us_dgs30,dev,location,504,0.3159057478192218,0.42524212364018,0.6,0.09611196085278675,10,2
577,us_dgs30,instStdev,swap,20,0.6170991912012253,0.5583672544032221,0.7,-0.12049597283868345,10,3
577,us_dgs30,instStdev,swap,40,-0.24617503250503683,-0.03877041582324447,0.4,-0.07910195221026105,10,2
577,us_dgs30,instStdev,swap,60,-0.09672550663781011,0.08799665999172503,0.5,-0.11723323960314451,10,2
577,us_dgs30,instStdev,swap,90,0.15959769874925533,-0.008142066399958547,0.6,0.049381873679598995,10,2
577,us_dgs30,instStdev,swap,120,0.07001579378435313,0.15111453929094315,0.6,0.012283320051472736,10,2
577,us_dgs30,instStdev,swap,180,0.29588579230022516,0.4110994846832111,0.7,-0.025678955542782236,10,3
577,us_dgs30,instStdev,swap,252,0.3471656258273366,0.45366860602300296,0.7,-0.16131397491847593,10,2
577,us_dgs30,instStdev,swap,378,0.17869099288729126,0.23013261702011814,0.6,-0.2404452137989739,10,1
577,us_dgs30,instStdev,swap,504,0.2812020334066217,0.42354046557506647,0.7,-0.017894095802663334,10,3
577,us_dgs30,instSkew,swap,20,-0.0181478220251606,0.03175439890063587,0.6,-0.08775921616064715,10,2
577,us_dgs30,instSkew,swap,40,-0.23252347741091028,-0.053503734424760835,0.4,-0.03597596232476984,10,2
577,us_dgs30,instSkew,swap,60,-0.28614725279623143,-0.21979512481195224,0.4,-0.05358753060784577,10,2
577,us_dgs30,instSkew,swap,90,-0.006175058563903265,0.01829424143721068,0.5,0.04075926463495309,10,2
577,us_dgs30,instSkew,swap,120,-0.11834920760187753,-0.22351531176068465,0.6,0.0661803852057619,10,2
577,us_dgs30,instSkew,swap,180,0.15425624372698668,0.18304823921349742,0.6,-0.037771935620577075,10,2
577,us_dgs30,instSkew,swap,252,0.1727812496690258,0.11313598577301821,0.6,-0.0731073851907565,10,2
577,us_dgs30,instSkew,swap,378,0.15315762077711312,0.21665780875419868,0.6,0.0474571088955808,10,2
577,us_dgs30,instSkew,swap,504,0.363590445648273,0.402509264260779,0.7,0.008323509677298365,10,3
577,us_dgs30,instKurt,swap,20,0.12419835886012252,0.1521767955226399,0.5,0.010525192206375917,10,2
577,us_dgs30,instKurt,swap,40,0.1811087962177192,-0.10367038416419525,0.5,-0.02605425469113028,10,2
577,us_dgs30,instKurt,swap,60,-0.19234079724208294,-0.09154584845903983,0.3,0.04724911348578312,10,2
577,us_dgs30,instKurt,swap,90,-0.514157257407238,-0.14620037626228852,0.5,0.07411756565418111,10,2
577,us_dgs30,instKurt,swap,120,0.789545459328732,0.7883016810412602,0.7,-0.24245135392571335,10,3
577,us_dgs30,instKurt,swap,180,0.18171158633387222,0.2833294771432526,0.8,0.1092421651683198,10,3
577,us_dgs30,instKurt,swap,252,0.42633114067953876,0.8138469646530662,0.8,-0.007825758781721676,10,4
577,us_dgs30,instKurt,swap,378,0.12116065113701986,0.15649632392434004,0.4,-0.13811007138954198,10,2
577,us_dgs30,instKurt,swap,504,-0.139022387200786,-0.1403745166516596,0.2,-0.18981464239989454,10,1
577,us_dgs30,minmax,swap,20,0.052155864782177576,0.03557022849622802,0.6,0.008056855061997083,10,2
577,us_dgs30,minmax,swap,40,-0.008980937210351052,-0.07011381870327771,0.5,-0.03027817836998798,10,2
577,us_dgs30,minmax,swap,60,0.06181532977856212,-0.02719529051247469,0.5,-0.0475288407799524,10,2
577,us_dgs30,minmax,swap,90,0.0134619743978413,-0.08511291988315477,0.4,-0.12213544387185697,10,2
577,us_dgs30,minmax,swap,120,0.019308194494300893,0.08044109100127918,0.5,0.16660303247719857,10,1
577,us_dgs30,minmax,swap,180,-0.07016410232292405,-0.16663455186127546,0.5,-0.13437851075297794,10,2
577,us_dgs30,minmax,swap,252,-0.10024633070342436,-0.21115526604662546,0.6,-0.10130333261839221,10,2
577,us_dgs30,minmax,swap,378,-0.22103703851926026,-0.3492062207633324,0.5,-0.0932904609824094,10,2
577,us_dgs30,minmax,swap,504,0.3362059931890662,0.43436889727677547,0.7,0.16071368561529217,10,2
577,us_dgs30,chg,swap,20,-0.303426309319302,-0.28774323703566224,0.4,0.030465980882773688,10,2
577,us_dgs30,chg,swap,40,0.1050326797950987,-0.060025892396124145,0.6,-0.058097831357848975,10,2
577,us_dgs30,chg,swap,60,-0.23035721368043924,-0.10104864534355175,0.5,0.03320764717482064,10,2
577,us_dgs30,chg,swap,90,-0.013877597253217631,-0.18734751880107006,0.4,-0.11018685477073603,10,2
577,us_dgs30,chg,swap,120,-0.05982657289877209,-0.16924665536746802,0.5,-0.09383344396046521,10,2
577,us_dgs30,chg,swap,180,-0.2106682342853587,-0.29276442655403523,0.5,-0.0719416115663078,10,2
577,us_dgs30,chg,swap,252,-0.29852532357107714,-0.45085583287540715,0.4,-0.017823297296460525,10,2
577,us_dgs30,chg,swap,378,0.13377834989312926,0.39499129490446167,0.6,-0.22297576702427196,10,1
577,us_dgs30,chg,swap,504,0.31112618948078974,0.4486189345874331,0.6,0.15473266458476634,10,1
577,us_dgs30,slope,swap,20,0.5064857539763644,0.42758151657797155,0.6,-0.02693931046696937,10,2
577,us_dgs30,slope,swap,40,0.08028913937225483,-0.11153622908332343,0.5,-0.01759636978522663,10,2
577,us_dgs30,slope,swap,60,-0.20258526119561876,-0.02507271793219948,0.5,0.04807104846338225,10,2
577,us_dgs30,slope,swap,90,0.1882715171113926,-0.03536801759948495,0.5,-0.10252735387754139,10,2
577,us_dgs30,slope,swap,120,0.08121395167414674,-0.09801544070477074,0.5,-0.1217623701643978,10,2
577,us_dgs30,slope,swap,180,0.01972836359037746,-0.09291679705930121,0.6,-0.050016608538275574,10,2
577,us_dgs30,slope,swap,252,0.16749691187343727,0.28837323154463834,0.5,-0.007005569344820445,10,2
577,us_dgs30,slope,swap,378,-0.11791053708923559,0.09395921572872103,0.3,-0.04490744802825077,10,2
577,us_dgs30,slope,swap,504,-0.13957932366239578,-0.11391679481936515,0.3,-0.2789290633845745,10,1
577,us_dgs30,dStdev,swap,20,0.18199048713700397,0.1932764184307527,0.6,0.014818445583877616,10,2
577,us_dgs30,dStdev,swap,40,0.46372051313433355,0.5357883322744899,0.7,0.006474434996440134,10,3
577,us_dgs30,dStdev,swap,60,0.4036607209660886,0.5876324683579268,0.7,-0.021955206870099404,10,3
577,us_dgs30,dStdev,swap,90,0.39070019551369606,0.5876196887806521,0.8,-0.036555692357239426,10,3
577,us_dgs30,dStdev,swap,120,0.4604575823599141,0.6589244473918942,0.7,-0.0544971115522931,10,4
577,us_dgs30,dStdev,swap,180,0.4057781263297899,0.3565437323953667,0.8,-0.13569293299663696,10,3
577,us_dgs30,dStdev,swap,252,0.21381084562786098,0.1624535272528543,0.6,-0.17102393929303253,10,1
577,us_dgs30,dStdev,swap,378,-0.04750750936265542,-0.045159367581516105,0.4,0.1034682691354488,10,2
577,us_dgs30,dStdev,swap,504,0.03539402663284247,0.06904739426389914,0.5,-0.2289388667445044,10,1
577,us_dgs30,dSkew,swap,20,0.2006089904634931,0.19503950474074486,0.3,-0.030781755314806106,10,2
577,us_dgs30,dSkew,swap,40,0.46572143039910524,0.8201619366828239,0.6,-0.13734677200254106,10,3
577,us_dgs30,dSkew,swap,60,0.09196423740056847,0.02690759576435418,0.4,-0.1445747771735662,10,2
577,us_dgs30,dSkew,swap,90,-0.10026383252569297,-0.27577335257872976,0.3,-0.09157503132625151,10,2
577,us_dgs30,dSkew,swap,120,-0.014843057385834125,-0.15784630660461596,0.5,-0.07033860032699864,10,2
577,us_dgs30,dSkew,swap,180,0.047573673348585845,0.1477682181205435,0.5,0.015759813326412787,10,2
577,us_dgs30,dSkew,swap,252,-0.16052358528989347,-0.22095056945161143,0.5,-0.05961925283553444,10,2
577,us_dgs30,dSkew,swap,378,0.20472143611088495,0.2198591236063028,0.6,-0.0774085801592825,10,2
577,us_dgs30,dSkew,swap,504,0.42448796035878045,0.5636327126823842,0.7,-0.12209593320127238,10,3
577,us_dgs30,ac1,swap,20,0.43691106329655094,0.47526671834717044,0.8,-0.10347248449322301,10,3
577,us_dgs30,ac1,swap,40,0.04114320432313074,0.11624753938140245,0.4,-0.09644759307645699,10,2
577,us_dgs30,ac1,swap,60,0.14847515428189872,0.2228598379003556,0.5,-0.09448368566633464,10,2
577,us_dgs30,ac1,swap,90,-0.03785550984354413,0.06848921196404813,0.4,-0.10079679225066314,10,2
577,us_dgs30,ac1,swap,120,0.2521152439676612,0.3315684500079965,0.5,-0.13529895228373795,10,2
577,us_dgs30,ac1,swap,180,0.37468939790262606,0.3027136526517374,0.6,-0.08856928316124409,10,2
577,us_dgs30,ac1,swap,252,-0.2712483218102859,-0.20100095864236361,0.4,0.04085871598375782,10,2
577,us_dgs30,ac1,swap,378,0.5021652486865467,0.5316960961970395,0.7,-0.12656123707206096,10,3
577,us_dgs30,ac1,swap,504,-0.23332092616315833,-0.2565600810398178,0.5,0.12438001586130572,10,2
577,us_dgs30,pctpos,swap,20,-0.27569946391996825,-0.23851819083979223,0.5,0.08529567564225048,10,2
577,us_dgs30,pctpos,swap,40,0.24656658379349755,0.23077881756388738,0.6,-0.010698168623621253,10,2
577,us_dgs30,pctpos,swap,60,0.3638587190365933,0.5154813566015606,0.8,0.01242045070498837,10,3
577,us_dgs30,pctpos,swap,90,0.11122960496287675,0.09631647655656911,0.5,-0.09396779185011478,10,2
577,us_dgs30,pctpos,swap,120,-0.049407609702706225,-0.01758704532919109,0.6,-0.07581981945789415,10,2
577,us_dgs30,pctpos,swap,180,-0.1345204020250636,-0.26677956998483593,0.6,-0.11738031325881362,10,2
577,us_dgs30,pctpos,swap,252,-0.33779833792690794,-0.508828396105918,0.4,-0.19123633221541356,10,1
577,us_dgs30,pctpos,swap,378,-0.06940216506286387,-0.08214110753374983,0.5,-0.14654230823285785,10,2
577,us_dgs30,pctpos,swap,504,0.30031312406534505,0.4044424498339984,0.6,0.09656382959422369,10,2
577,twd_usd,selfz,location,20,0.4985962415594151,0.466318575352889,0.7,0.042791268007232666,10,3
577,twd_usd,selfz,location,40,0.6195410710045852,0.5120476138675628,0.7,0.06039908827371931,10,3
577,twd_usd,selfz,location,60,0.4791258345918226,0.49785235710784376,0.7,0.08315540482220142,10,3
577,twd_usd,selfz,location,90,0.5611867399254464,0.7097863442201583,0.7,0.08942217499764026,10,4
577,twd_usd,selfz,location,120,0.3951477438828726,0.5957667595461632,0.7,0.10737901630693993,10,3
577,twd_usd,selfz,location,180,0.24575856231205176,0.42597168394508095,0.7,0.12593119725669105,10,3
577,twd_usd,selfz,location,252,0.24245233000701494,0.1487722239234214,0.7,0.19151667938675693,10,2
577,twd_usd,selfz,location,378,0.3441741442856925,0.21059033820038067,0.6,0.21218761695908123,10,1
577,twd_usd,selfz,location,504,0.3615582111132223,0.4572964300406334,0.7,0.1873472048309592,10,2
577,twd_usd,robustz,location,20,0.37513185562464557,0.30039642215716617,0.6,0.04402730294996226,10,2
577,twd_usd,robustz,location,40,0.35455698065996144,0.39411297202158,0.8,0.04961243012587512,10,3
577,twd_usd,robustz,location,60,0.469255332858456,0.5840450279579773,0.7,0.017198656865815683,10,3
577,twd_usd,robustz,location,90,0.3368451544506108,0.5156987682891407,0.7,0.018216575273553297,10,3
577,twd_usd,robustz,location,120,0.16698166471330544,0.297840521580249,0.5,0.010717011840185127,10,2
577,twd_usd,robustz,location,180,0.024548237199255002,-0.034699321956356645,0.5,0.0860932707635716,10,2
577,twd_usd,robustz,location,252,0.33479405302110976,0.2017425756802296,0.7,0.2249625164089292,10,2
577,twd_usd,robustz,location,378,0.33075222222666517,0.23065027112310327,0.6,0.22911131870453094,10,1
577,twd_usd,robustz,location,504,0.318100197852665,0.42652255177594767,0.7,0.1526098241546799,10,2
577,twd_usd,bdtanh,location,20,0.5025674886956564,0.48052249328956337,0.6,0.04605714941846616,10,2
577,twd_usd,bdtanh,location,40,0.6579775613091469,0.5408474489581607,0.6,0.08891568883773054,10,2
577,twd_usd,bdtanh,location,60,0.5498622789909342,0.5837558458531122,0.6,0.11807463831316212,10,2
577,twd_usd,bdtanh,location,90,0.5359473394162484,0.6569270008408379,0.7,0.14118022931331986,10,4
577,twd_usd,bdtanh,location,120,0.4547374793772332,0.61118168867255,0.8,0.15514178799591216,10,3
577,twd_usd,bdtanh,location,180,0.27871140340617057,0.4306057243864748,0.8,0.16953901701228893,10,2
577,twd_usd,bdtanh,location,252,0.19033554621535143,0.0967167430411198,0.6,0.2166070755223446,10,1
577,twd_usd,bdtanh,location,378,0.32093791550627004,0.412728260709717,0.7,0.22363111155693471,10,2
577,twd_usd,bdtanh,location,504,0.38400325898218035,0.5198428156907329,0.7,0.2072598815103077,10,2
577,twd_usd,rankc,location,20,0.5246608878688911,0.5197115555002979,0.7,0.05471800754644088,10,3
577,twd_usd,rankc,location,40,0.6113865298910797,0.5247849107422667,0.7,0.0849325520573487,10,3
577,twd_usd,rankc,location,60,0.5716802241022532,0.5552787505451003,0.6,0.10923455839346133,10,2
577,twd_usd,rankc,location,90,0.5977714356541828,0.6460557230861418,0.7,0.1354259783747039,10,4
577,twd_usd,rankc,location,120,0.5238969800126666,0.5963203751294448,0.8,0.1495754694627204,10,3
577,twd_usd,rankc,location,180,0.4370008126844402,0.5814585392529511,0.8,0.1566885612730792,10,2
577,twd_usd,rankc,location,252,0.4293181103365458,0.5604697200907155,0.8,0.16786512194386924,10,2
577,twd_usd,rankc,location,378,0.4152073380549885,0.5343030801339953,0.7,0.16625056653519266,10,2
577,twd_usd,rankc,location,504,0.40141343347147107,0.5358394096588933,0.7,0.17438289377655042,10,2
577,twd_usd,signth,location,20,0.5822599189254801,0.5490177762686513,0.6,0.05793538565840089,10,2
577,twd_usd,signth,location,40,0.598238831804889,0.4430462716659194,0.5,0.0786983290173113,10,2
577,twd_usd,signth,location,60,0.5500178946361571,0.5395446273759003,0.6,0.12469530916903067,10,2
577,twd_usd,signth,location,90,0.5227045545768639,0.611139042885296,0.8,0.1577222558142888,10,3
577,twd_usd,signth,location,120,0.4956939633785466,0.6034755205761773,0.7,0.1632091038199788,10,3
577,twd_usd,signth,location,180,0.3005005856312656,0.4831413680551584,0.8,0.17803272880149565,10,2
577,twd_usd,signth,location,252,0.06721168463990677,0.24136133037164462,0.6,0.23496436444714805,10,1
577,twd_usd,signth,location,378,0.15642896181569574,0.2842269450358913,0.6666666666666666,0.23954811406484633,9,2
577,twd_usd,signth,location,504,0.14159298375210322,0.28947896050469485,0.6,0.2241856076229285,10,1
577,twd_usd,dev,location,20,0.36000953022782706,0.31918240005251736,0.6,0.034673116330180824,10,2
577,twd_usd,dev,location,40,0.3827516154161604,0.36128018065786566,0.6,0.06513384306992702,10,2
577,twd_usd,dev,location,60,0.3517655622785949,0.2915649549829701,0.5,0.06908908079435733,10,2
577,twd_usd,dev,location,90,0.29410779545851634,0.14569376381463975,0.5,0.12057320023917395,10,2
577,twd_usd,dev,location,120,0.2691716114990614,0.08489155123692066,0.5,0.15990556183949076,10,1
577,twd_usd,dev,location,180,0.287812108609412,0.08095978073166948,0.6,0.1828782008961717,10,1
577,twd_usd,dev,location,252,0.3402972381576442,0.16882198578167146,0.6,0.18133744113755215,10,1
577,twd_usd,dev,location,378,0.4065134109484083,0.29820568003584913,0.6,0.14606156900690545,10,2
577,twd_usd,dev,location,504,0.5079662007441492,0.7073214587931789,0.8,0.0886038681989479,10,4
577,twd_usd,instStdev,swap,20,0.13987948725266947,0.2844362919896552,0.7,-0.1862926729221572,10,2
577,twd_usd,instStdev,swap,40,-0.015752308211552102,0.13269901351910562,0.6,-0.12558639972614455,10,2
577,twd_usd,instStdev,swap,60,0.10878586741033575,0.15781078914622415,0.6,-0.12462212016687813,10,2
577,twd_usd,instStdev,swap,90,-0.0748557202166234,-0.06370750947780479,0.3,-0.06572456639741285,10,2
577,twd_usd,instStdev,swap,120,0.08382282075582839,0.11836692081102243,0.5,0.02498248049180293,10,2
577,twd_usd,instStdev,swap,180,0.0469256637277267,0.11097485796565497,0.6,0.042239275322029514,10,2
577,twd_usd,instStdev,swap,252,0.16225750719734092,0.29328174805109347,0.5,0.0320314414727709,10,2
577,twd_usd,instStdev,swap,378,0.1103882075031013,0.278707462637464,0.5,0.10011014622732302,10,2
577,twd_usd,instStdev,swap,504,0.30834459320198787,0.4051409513901644,0.6,0.03512191256788109,10,2
577,twd_usd,instSkew,swap,20,-0.23030586919227825,-0.3108600179739104,0.3,-0.0831729315022468,10,2
577,twd_usd,instSkew,swap,40,-0.03723784097535824,-0.047922615552183266,0.4,0.173560396019352,10,1
577,twd_usd,instSkew,swap,60,0.08343456187123614,-0.1063229408346581,0.4,0.1306884170948957,10,2
577,twd_usd,instSkew,swap,90,0.040809138309321105,0.23712060283480094,0.5,-0.13780723066307585,10,2
577,twd_usd,instSkew,swap,120,0.2894017162993448,0.13120312129903308,0.5,0.16116376407530666,10,1
577,twd_usd,instSkew,swap,180,0.059677104574721404,0.0228300777225531,0.4,0.17645537165524514,10,1
577,twd_usd,instSkew,swap,252,0.11341471403642799,0.02289708993689102,0.6,-0.17966559147787725,10,1
577,twd_usd,instSkew,swap,378,0.14448631298964865,0.09927407351984716,0.5,0.01781774500912482,10,2
577,twd_usd,instSkew,swap,504,0.11514888001004164,0.14704131731798573,0.5,0.16523214498375602,10,1
577,twd_usd,instKurt,swap,20,-0.311417596507454,-0.20023344216906724,0.4,-0.03725811449078085,10,2
577,twd_usd,instKurt,swap,40,-0.08131384776751384,-0.19990981894480128,0.5,0.06380106940252328,10,2
577,twd_usd,instKurt,swap,60,-0.18181705848586494,-0.19194187513034935,0.3,0.03713426767534374,10,2
577,twd_usd,instKurt,swap,90,0.49761796827746757,0.16999428866771676,0.7,-0.12523977472968975,10,3
577,twd_usd,instKurt,swap,120,0.4893928487235988,0.4095980587379791,0.6,-0.14265451136682988,10,2
577,twd_usd,instKurt,swap,180,-0.0724931882937193,0.019762154857295756,0.5,-0.13678401628064343,10,2
577,twd_usd,instKurt,swap,252,0.1662545304264295,0.04191853903753115,0.6,0.13922890373900906,10,2
577,twd_usd,instKurt,swap,378,0.0027765876226583963,0.10927029572258962,0.4,-0.06674690311151343,10,2
577,twd_usd,instKurt,swap,504,0.2600830873047491,0.18640366059604016,0.5,-0.07459716729920544,10,2
577,twd_usd,minmax,swap,20,0.6430469856501886,0.6962537726966126,0.8,0.06004231983005056,10,4
577,twd_usd,minmax,swap,40,0.7328788689785894,0.6323311484975472,0.7,0.10828614806628586,10,4
577,twd_usd,minmax,swap,60,0.5656238646660453,0.5930159457462816,0.7,0.12387716175676197,10,3
577,twd_usd,minmax,swap,90,0.5610518220601408,0.6791256207884809,0.7,0.15387068358690054,10,3
577,twd_usd,minmax,swap,120,0.47971273117908125,0.5722243265652951,0.7,0.16199499652410898,10,2
577,twd_usd,minmax,swap,180,0.4543122034281014,0.5590744137688659,0.8,0.14895767861107395,10,3
577,twd_usd,minmax,swap,252,0.43811148987530646,0.5164453446592715,0.7,0.16495661787474306,10,2
577,twd_usd,minmax,swap,378,0.4549259291640467,0.5769106273623165,0.7,0.1790696181316441,10,2
577,twd_usd,minmax,swap,504,0.3729110817212494,0.5068968250322955,0.6,0.19939244330047234,10,1
577,twd_usd,chg,swap,20,0.47518767707128046,0.4096432923865139,0.7,0.05258971926145707,10,3
577,twd_usd,chg,swap,40,0.28503004839605306,0.19305199789839678,0.5,0.10146887598977089,10,2
577,twd_usd,chg,swap,60,0.24526845046419987,0.11725849028520846,0.5,0.07972719672684682,10,2
577,twd_usd,chg,swap,90,0.23279178956686108,0.045469503371819986,0.6,0.18458992758281106,10,1
577,twd_usd,chg,swap,120,0.1541174381658177,-0.0010327128670585572,0.5,0.1821161092281919,10,1
577,twd_usd,chg,swap,180,0.26662722533525496,0.12719966493544785,0.5,0.1742542136093341,10,1
577,twd_usd,chg,swap,252,0.24449686302519716,0.38929661707698177,0.6,0.10309818580132271,10,2
577,twd_usd,chg,swap,378,0.42883536581969295,0.5979264451400698,0.7,0.1837893951988704,10,2
577,twd_usd,chg,swap,504,0.3585060990802313,0.4414184618364229,0.7,0.079289193211717,10,3
577,twd_usd,slope,swap,20,-0.10497574296497131,-0.06238610466370946,0.4,-0.0444251645507781,10,2
577,twd_usd,slope,swap,40,-0.2400182899030956,-0.2830855976140469,0.5,-0.10399769467918846,10,2
577,twd_usd,slope,swap,60,0.20248556636922194,0.21824508330781284,0.5,0.07397319451624933,10,2
577,twd_usd,slope,swap,90,0.191146355597861,0.061405064610460636,0.7,0.16374533299916771,10,2
577,twd_usd,slope,swap,120,0.14070373833622937,-0.0019050712056425678,0.6,0.19972122930523686,10,1
577,twd_usd,slope,swap,180,0.10991402261993773,0.019505109648906005,0.6,0.18335863480442008,10,1
577,twd_usd,slope,swap,252,0.29984618806955526,0.3601994581535688,0.6,0.11836568436028891,10,2
577,twd_usd,slope,swap,378,0.5397703898147391,0.9163720148902691,0.9,0.059380859795924154,10,4
577,twd_usd,slope,swap,504,0.5181113959660621,0.756624331364461,0.7,0.04488201389734113,10,4
577,twd_usd,dStdev,swap,20,-0.3038456385634082,-0.2567712079037784,0.3,-0.1136735428653699,10,2
577,twd_usd,dStdev,swap,40,-0.42530356793585583,-0.3403324820739976,0.2,-0.028233008823071698,10,2
577,twd_usd,dStdev,swap,60,-0.15893300684726394,-0.17667418506996727,0.3,0.0025478615052350662,10,2
577,twd_usd,dStdev,swap,90,-0.05597384435528126,-0.08590276175522875,0.3,0.009461782644343763,10,2
577,twd_usd,dStdev,swap,120,0.2581912541503269,0.3244946191415865,0.5,0.017815476825366324,10,2
577,twd_usd,dStdev,swap,180,0.05789047313570121,-0.07489437065381234,0.4,0.030333405483059125,10,2
577,twd_usd,dStdev,swap,252,0.014937412785944845,-0.05165281706974905,0.4,0.009129199486117255,10,2
577,twd_usd,dStdev,swap,378,0.039383768918568325,0.018205720364571323,0.6,0.0029123350628762765,10,2
577,twd_usd,dStdev,swap,504,0.16779146061601405,0.1859563412898432,0.6,-0.03750120996566672,10,2
577,twd_usd,dSkew,swap,20,0.2716166887736653,0.4895937388089542,0.7,0.06507218842441388,10,3
577,twd_usd,dSkew,swap,40,0.20592700123490798,0.25259283057638726,0.6,0.04625816525344571,10,2
577,twd_usd,dSkew,swap,60,0.12295804124811063,0.030759097522946113,0.5,0.020385163635292008,10,2
577,twd_usd,dSkew,swap,90,-0.1905592396899557,-0.19438841948284305,0.6,0.11500736351525534,10,2
577,twd_usd,dSkew,swap,120,0.2833010638375938,0.2547073225878061,0.5,-0.1490898202637357,10,2
577,twd_usd,dSkew,swap,180,-0.08520341446507748,-0.027248302930968128,0.5,0.12262687407426957,10,2
577,twd_usd,dSkew,swap,252,0.03823777440976972,0.20394987103954557,0.5,-0.024790240589148898,10,2
577,twd_usd,dSkew,swap,378,-0.3805904380709117,-0.6591470644802486,0.3,-0.10517865892192713,10,2
577,twd_usd,dSkew,swap,504,0.21474221432540463,0.15222996742006747,0.4,-0.09163524000995045,10,2
577,twd_usd,ac1,swap,20,-0.011551636952395108,-0.07854912818627478,0.5,-0.1483065259321991,10,2
577,twd_usd,ac1,swap,40,0.3435648002348222,0.3252869976481816,0.5,0.14915298495888712,10,2
577,twd_usd,ac1,swap,60,0.33497856481399013,0.2852270130133021,0.6,0.13988395502175038,10,2
577,twd_usd,ac1,swap,90,-0.31995672351726895,-0.21490654968220566,0.4,-0.17178094814357905,10,1
577,twd_usd,ac1,swap,120,-0.1877533367109739,-0.10630101683747,0.4,-0.1958322857236381,10,1
577,twd_usd,ac1,swap,180,-0.0021349356932751497,0.01368302224837233,0.4,-0.1990709751368274,10,1
577,twd_usd,ac1,swap,252,-0.2643103469610664,-0.18617253611565499,0.4,-0.1690469422834571,10,1
577,twd_usd,ac1,swap,378,0.48750123617942737,0.39346613244015277,0.7,-0.004095900446707308,10,3
577,twd_usd,ac1,swap,504,0.3529500369894445,0.5359826932454956,0.7,-0.10053630027694876,10,3
577,twd_usd,pctpos,swap,20,0.3136763963476492,0.24365377884635595,0.5,-0.06708801878162378,10,2
577,twd_usd,pctpos,swap,40,0.387326707920974,0.352712625059441,0.5,-0.003913282216324436,10,2
577,twd_usd,pctpos,swap,60,0.2708657893185128,0.23970874617549778,0.4,-0.023892454918567518,10,2
577,twd_usd,pctpos,swap,90,0.13041091092339654,0.08436536022583029,0.5,0.08194563583164649,10,2
577,twd_usd,pctpos,swap,120,0.15062684747401633,0.0995170463098424,0.5,0.08398099011344047,10,2
577,twd_usd,pctpos,swap,180,0.14107381336874739,0.16424784107111584,0.6,0.06701304377614145,10,2
577,twd_usd,pctpos,swap,252,0.29752680250057806,0.5704454849343635,0.6,0.002860865508905658,10,2
577,twd_usd,pctpos,swap,378,0.592316737541994,0.9252632038941522,0.9,0.1056602154704871,10,4
577,twd_usd,pctpos,swap,504,0.25338837412831405,0.42309047669176925,0.6,0.1647108108598184,10,1
577,kr_kospi,selfz,location,20,0.5525537886179795,0.9964581996631218,0.9,-0.03656418057246992,10,4
577,kr_kospi,selfz,location,40,0.5644902919213836,0.32526452246164544,0.5,-0.056240801291638144,10,2
577,kr_kospi,selfz,location,60,0.5577650875452124,0.2807319843214965,0.6,-0.10222496564145085,10,2
577,kr_kospi,selfz,location,90,0.5856911202648146,0.42874661886660964,0.6,-0.13324103340529928,10,2
577,kr_kospi,selfz,location,120,0.5268312369803719,0.42453648587816595,0.5,-0.11627148702243846,10,2
577,kr_kospi,selfz,location,180,0.6343991978320873,0.6424106178740763,0.7,-0.06132174269562739,10,4
577,kr_kospi,selfz,location,252,0.6467108126871005,0.7084648808670434,0.7,-0.09899065619489548,10,4
577,kr_kospi,selfz,location,378,0.5481892900246685,0.7022052461459615,0.7,-0.1374260798412586,10,4
577,kr_kospi,selfz,location,504,0.4054497568040298,0.6278630422679876,0.8,-0.17783608835963322,10,3
577,kr_kospi,robustz,location,20,0.2552883463853776,0.28148649306285745,0.6,-0.09025086305795277,10,2
577,kr_kospi,robustz,location,40,-0.3543957583812569,-0.0457594605689909,0.6,0.11805790950715428,10,2
577,kr_kospi,robustz,location,60,0.3641928687429903,0.3493125601268024,0.6,-0.13191608017946863,10,2
577,kr_kospi,robustz,location,90,0.4320604277509486,0.2809219226835548,0.6,-0.12635082907204226,10,2
577,kr_kospi,robustz,location,120,0.40145434071385905,0.29560336219103833,0.5,0.03583740015988482,10,2
577,kr_kospi,robustz,location,180,0.5666049806336853,0.4216345457414689,0.6,-0.0012420035390366844,10,2
577,kr_kospi,robustz,location,252,0.6125040977638915,0.6550997156929824,0.7,-0.08806469186923346,10,4
577,kr_kospi,robustz,location,378,0.5494317516308825,0.6727359808968811,0.8,-0.11964689320817574,10,4
577,kr_kospi,robustz,location,504,0.4457297437235316,0.6298199984110098,0.7,-0.1441157225806887,10,4
577,kr_kospi,bdtanh,location,20,0.5850158725164729,0.9372826186320028,0.7,-0.05907343422473124,10,4
577,kr_kospi,bdtanh,location,40,0.5503066218212328,0.2906955116264986,0.6,-0.10019593202878024,10,2
577,kr_kospi,bdtanh,location,60,0.5219881483136346,0.22438371717897385,0.5,-0.10411746664422426,10,2
577,kr_kospi,bdtanh,location,90,0.5461663193120311,0.377492457111478,0.7,-0.13214797782684828,10,3
577,kr_kospi,bdtanh,location,120,0.5351692729102208,0.4171215573491349,0.7,-0.10053906145947603,10,3
577,kr_kospi,bdtanh,location,180,0.5719562671334886,0.49612454445912935,0.7,-0.08322760444732397,10,3
577,kr_kospi,bdtanh,location,252,0.5796087876754791,0.5574688144646767,0.7,-0.1166264521967716,10,3
577,kr_kospi,bdtanh,location,378,0.49095148376932357,0.6205006405145773,0.7,-0.19443045408872625,10,3
577,kr_kospi,bdtanh,location,504,0.3808887945724105,0.6199361439224678,0.6,-0.22128044142851988,10,2
577,kr_kospi,rankc,location,20,0.44789733229821366,0.5841005050682723,0.6,0.08748420826025592,10,2
577,kr_kospi,rankc,location,40,0.48256184450309303,0.5138478549218215,0.6,-0.043258549763615664,10,2
577,kr_kospi,rankc,location,60,0.4693231289750058,0.37947158732395614,0.7,-0.03010055458511081,10,3
577,kr_kospi,rankc,location,90,-0.5127895619216074,-0.463134423602269,0.3,0.030557000568023532,10,2
577,kr_kospi,rankc,location,120,-0.5674578203762193,-0.5000504139629501,0.3,0.03914304265630186,10,2
577,kr_kospi,rankc,location,180,-0.5749946663738666,-0.5053502127235512,0.3,0.04080262195846,10,2
577,kr_kospi,rankc,location,252,-0.5698399506715159,-0.554071855559628,0.3,0.07510502468660002,10,2
577,kr_kospi,rankc,location,378,0.4629771647915898,0.5054446330854696,0.7,-0.1193126097071043,10,3
577,kr_kospi,rankc,location,504,-0.37037139101308764,-0.5182130455891297,0.3,0.1741406747878454,10,1
577,kr_kospi,signth,location,20,0.5994365732685593,0.9048686091559038,0.8,-0.07742600939782122,10,4
577,kr_kospi,signth,location,40,0.6125029422759418,0.39573072531096104,0.6,-0.08624942512089231,10,2
577,kr_kospi,signth,location,60,0.45291627295735437,0.22833673756453032,0.7,-0.06268925034928365,10,3
577,kr_kospi,signth,location,90,-0.6180112691992509,-0.4726526965301792,0.3,0.06373595871050217,10,2
577,kr_kospi,signth,location,120,0.5430540647445601,0.41016416213040924,0.7,-0.06536034826216656,10,3
577,kr_kospi,signth,location,180,0.5010309210502599,0.3810592592048645,0.7,-0.06528234139069154,10,3
577,kr_kospi,signth,location,252,0.5785207563657782,0.5843728498834975,0.8,-0.1607138715695797,10,2
577,kr_kospi,signth,location,378,0.20925345388379504,0.44569463938506704,0.7,-0.23379034385279535,10,2
577,kr_kospi,signth,location,504,0.18246636670001726,0.006996225895113508,0.4,0.0853629061350518,10,2
577,kr_kospi,dev,location,20,0.46771621472186775,0.5886869739236322,0.7,0.006730345399313559,10,3
577,kr_kospi,dev,location,40,0.5005531830593827,0.41353146687432796,0.7,0.014704485816825073,10,3
577,kr_kospi,dev,location,60,0.524113608235923,0.43761431038007076,0.6,0.03270601107785854,10,2
577,kr_kospi,dev,location,90,0.5632580521297892,0.5515732366814544,0.6,0.06414142236485716,10,2
577,kr_kospi,dev,location,120,0.6241783787146878,0.6598266356264353,0.6,0.07324122336368923,10,3
577,kr_kospi,dev,location,180,0.633640814471084,0.7341702825999106,0.7,0.00936244910741206,10,4
577,kr_kospi,dev,location,252,0.5968890801757851,0.7069587584337323,0.7,-0.05820127463429195,10,4
577,kr_kospi,dev,location,378,0.4775905599119898,0.630472309350168,0.8,-0.13439471443491263,10,4
577,kr_kospi,dev,location,504,-0.3204187525102583,-0.5798877678909135,0.4,0.1457226545849168,10,2
577,kr_kospi,instStdev,swap,20,-0.4294008373744391,-0.4080836908128743,0.3,-0.06432454496726847,10,2
577,kr_kospi,instStdev,swap,40,-0.20413796587961952,-0.14618836303266916,0.5,-0.012456797165148322,10,2
577,kr_kospi,instStdev,swap,60,-0.2012243003317969,-0.0870085998947863,0.5,-0.0835056160450062,10,2
577,kr_kospi,instStdev,swap,90,0.27691339661487274,0.07433596955164946,0.6,0.0017022008626685612,10,2
577,kr_kospi,instStdev,swap,120,-0.004526992441857444,0.23098823673575788,0.6,-0.09538862248218814,10,2
577,kr_kospi,instStdev,swap,180,-0.03447501537881741,-0.009971453281641228,0.5,-0.10624735562045991,10,2
577,kr_kospi,instStdev,swap,252,-0.0585868451756219,-0.09667284092120987,0.4,0.05848705620393675,10,2
577,kr_kospi,instStdev,swap,378,0.12203742807475498,0.21683382824780623,0.5,0.33106898574607435,10,1
577,kr_kospi,instStdev,swap,504,-0.2936290741693673,-0.2553294976234936,0.4,-0.40826438274085697,10,1
577,kr_kospi,instSkew,swap,20,-0.08861343776957248,-0.28973355098917386,0.4,-0.1204751816478022,10,2
577,kr_kospi,instSkew,swap,40,-0.20186767485648682,-0.43228347248927174,0.4,-0.0005655853473776178,10,2
577,kr_kospi,instSkew,swap,60,-0.04523069817310308,-0.06834928241268325,0.6,-0.14053968139761028,10,2
577,kr_kospi,instSkew,swap,90,0.2861800442018602,0.2673820835186946,0.7,0.05814346378270968,10,3
577,kr_kospi,instSkew,swap,120,0.6994267200727483,1.1506837044073257,0.8,-0.16789966631489361,10,3
577,kr_kospi,instSkew,swap,180,0.34870762709682046,0.34115106936229234,0.7,-0.2717058291743334,10,2
577,kr_kospi,instSkew,swap,252,0.49900517146974965,0.4191274223333196,0.7,0.008197046944337056,10,3
577,kr_kospi,instSkew,swap,378,0.7903300085949594,1.122562151678649,1.0,-0.2105338380182335,10,3
577,kr_kospi,instSkew,swap,504,0.39218706878132137,0.6948359627102848,0.8,-0.20308084708642912,10,3
577,kr_kospi,instKurt,swap,20,-0.23097952135539215,-0.5252554251553899,0.2,-0.18980827990006496,10,1
577,kr_kospi,instKurt,swap,40,0.14750668545873669,0.09235636122185144,0.6,0.16584471334853498,10,1
577,kr_kospi,instKurt,swap,60,-0.2679210180277293,-0.22434323207862,0.3,-0.17788740166106065,10,1
577,kr_kospi,instKurt,swap,90,-0.2581697113798476,-0.33274988906266145,0.4,-0.12099029747920317,10,2
577,kr_kospi,instKurt,swap,120,-0.10867958611487331,-0.1301338778584092,0.4,0.018705650714132344,10,2
577,kr_kospi,instKurt,swap,180,0.4545765349107125,0.4848191128957323,0.6,-0.08390283866000818,10,2
577,kr_kospi,instKurt,swap,252,0.10054695583481117,0.17307304933527548,0.6,0.032465212527608193,10,2
577,kr_kospi,instKurt,swap,378,-0.07515030243167606,-0.019515486822391355,0.4,-0.215612398048729,10,1
577,kr_kospi,instKurt,swap,504,-0.15923772534215297,-0.07736341233252549,0.5,-0.2406237893203111,10,1
577,kr_kospi,minmax,swap,20,0.5704067302653923,0.6699507398069416,0.7,-0.10176646659064052,10,4
577,kr_kospi,minmax,swap,40,0.4823253818488159,0.22723011239685775,0.5,-0.06839364243901179,10,2
577,kr_kospi,minmax,swap,60,-0.563893346061987,-0.3654080057422238,0.3,0.050768539522555584,10,2
577,kr_kospi,minmax,swap,90,-0.6342634726093718,-0.43987049622049823,0.3,0.07431779203727944,10,2
577,kr_kospi,minmax,swap,120,0.630069230549549,0.5178776467476318,0.7,-0.09044530483297081,10,3
577,kr_kospi,minmax,swap,180,0.6121546658262434,0.5044546007624674,0.7,-0.1034981806762646,10,3
577,kr_kospi,minmax,swap,252,0.5371881229691235,0.5186518824102149,0.7,-0.14402068033788032,10,3
577,kr_kospi,minmax,swap,378,0.39484451608266924,0.5346537874391735,0.7,-0.20048414015622013,10,2
577,kr_kospi,minmax,swap,504,0.24515205007337343,0.4160161152918993,0.6,-0.20094590903227108,10,1
577,kr_kospi,chg,swap,20,0.31006745114163686,0.18390982395849528,0.7,-0.021178387178722634,10,3
577,kr_kospi,chg,swap,40,0.4164954031118058,0.3109851342744418,0.6,0.023430059103937036,10,2
577,kr_kospi,chg,swap,60,0.5056273862556865,0.6189566325644793,0.6,0.10654546887816056,10,3
577,kr_kospi,chg,swap,90,0.5793016469610169,0.6366769009575899,0.7,0.10590241159874073,10,4
577,kr_kospi,chg,swap,120,0.7288923030891956,0.9575796315226377,0.9,-0.018560746679066785,10,4
577,kr_kospi,chg,swap,180,-0.5802099134725712,-0.6736630287466745,0.2,0.05264857040377102,10,2
577,kr_kospi,chg,swap,252,0.40951133328351497,0.59358743459223,0.8,-0.1679533334465638,10,2
577,kr_kospi,chg,swap,378,0.08511288835216287,-0.10470064919953119,0.5,0.20742741579074186,10,1
577,kr_kospi,chg,swap,504,0.6672463750250851,0.4092609723572375,0.7,0.1389384012147882,10,3
577,kr_kospi,slope,swap,20,0.4172999855763961,0.3995383194998583,0.5,-0.035643126558222486,10,2
577,kr_kospi,slope,swap,40,0.40614558424117925,0.3175969352588871,0.6,0.0023971397996324045,10,2
577,kr_kospi,slope,swap,60,0.4688973875799001,0.4804347867646018,0.6,0.053013190406925835,10,2
577,kr_kospi,slope,swap,90,0.46730705097027153,0.58127265672514,0.7,0.11876500803818045,10,3
577,kr_kospi,slope,swap,120,0.665541973477632,0.8586075210097396,0.8,0.05805630956941208,10,4
577,kr_kospi,slope,swap,180,0.6201775778077689,0.7213298804914141,0.8,-0.11427226743038471,10,4
577,kr_kospi,slope,swap,252,0.40105324182241103,0.584970881785161,0.8,-0.16505166668363347,10,2
577,kr_kospi,slope,swap,378,0.15124302619369026,-0.06750876281364308,0.5,0.05639904030065281,10,2
577,kr_kospi,slope,swap,504,0.5290244657376686,0.18434163404565607,0.6,-0.07080944438694424,10,2
577,kr_kospi,dStdev,swap,20,-0.5167456642140974,-0.4735663593056856,0.4,-0.08298583688098796,10,2
577,kr_kospi,dStdev,swap,40,-0.11397933391285703,-0.00480639612808083,0.5,0.010321678296727546,10,2
577,kr_kospi,dStdev,swap,60,-0.011776770313067184,0.03620254141000119,0.5,-0.12321871858372328,10,2
577,kr_kospi,dStdev,swap,90,-0.12425506041270099,0.0010041744115836901,0.4,-0.14572700143229025,10,2
577,kr_kospi,dStdev,swap,120,-0.25404540353035737,0.10029327267435102,0.3,0.2061571236594688,10,1
577,kr_kospi,dStdev,swap,180,-0.13104663073586845,-0.0518363313993478,0.5,0.10738580942605222,10,2
577,kr_kospi,dStdev,swap,252,-0.021361837615170225,-0.09770216599254959,0.5,-0.17411285446995878,10,1
577,kr_kospi,dStdev,swap,378,-0.07559531469069103,0.05516644599722745,0.5,0.1457669545062755,10,2
577,kr_kospi,dStdev,swap,504,0.034468378908309644,0.1626837491689176,0.6,0.22979551429849124,10,1
577,kr_kospi,dSkew,swap,20,0.4164998683871867,0.4136967504580641,0.6,-0.09741722570077344,10,2
577,kr_kospi,dSkew,swap,40,0.25186697739958885,0.16328198072212027,0.5,-0.06660940961611624,10,2
577,kr_kospi,dSkew,swap,60,-0.44004116635162094,-0.4764003827024379,0.4,0.07966609631105387,10,2
577,kr_kospi,dSkew,swap,90,0.5861275145351097,0.6750935235135435,0.7,-0.1103642343049803,10,4
577,kr_kospi,dSkew,swap,120,0.652341198201844,0.7760975625322143,0.8,-0.148415523371396,10,4
577,kr_kospi,dSkew,swap,180,0.46909783967521546,0.6491560239989619,0.8,-0.19728986452629324,10,3
577,kr_kospi,dSkew,swap,252,0.13385049402387844,0.31774626242065435,0.6,-0.29287979901127986,10,1
577,kr_kospi,dSkew,swap,378,-0.2625257643043606,-0.07166129234032367,0.5,-0.33005032863929556,10,1
577,kr_kospi,dSkew,swap,504,0.3710436177121662,0.18530492540861424,0.6,0.30080920183767196,10,1
577,kr_kospi,ac1,swap,20,0.09688197266329618,0.16371697768834817,0.4,-0.0821331512953908,10,2
577,kr_kospi,ac1,swap,40,0.4222662813075392,0.3950122750178166,0.7,-0.11271727721178137,10,3
577,kr_kospi,ac1,swap,60,0.37746409769848344,0.15084973689516235,0.5,-0.0192478852200905,10,2
577,kr_kospi,ac1,swap,90,0.268900164270983,0.05958464449523464,0.6,0.033973611766291906,10,2
577,kr_kospi,ac1,swap,120,0.06525000798274358,0.1497743149199135,0.6,-0.22664869984074795,10,1
577,kr_kospi,ac1,swap,180,-0.14877355226792496,-0.20225815559420265,0.2,-0.12842000110353513,10,2
577,kr_kospi,ac1,swap,252,-0.03768210136883924,-0.007851835396880162,0.4,-0.05138507072458197,10,2
577,kr_kospi,ac1,swap,378,0.397595149052061,0.4542220238277793,0.6,0.05138591652995808,10,2
577,kr_kospi,ac1,swap,504,-0.41549902909636993,-0.31003671569329305,0.6,-0.1052149757141615,10,2
577,kr_kospi,pctpos,swap,20,0.3309051461382901,0.2871981896402191,0.6,-0.09346658784172109,10,2
577,kr_kospi,pctpos,swap,40,0.4513220525411288,0.21599462160100608,0.6,-0.10524968498573277,10,2
577,kr_kospi,pctpos,swap,60,0.6466143854966415,0.6695848068044971,0.7,-0.0782773404349878,10,4
577,kr_kospi,pctpos,swap,90,0.7715744303671122,0.6636010992716105,0.6,-0.0072515453079514455,10,3
577,kr_kospi,pctpos,swap,120,0.8206849936995759,0.9680047847462496,0.8,-0.061845537577592084,10,4
577,kr_kospi,pctpos,swap,180,-0.6424834562777009,-0.9171291428021197,0.2,0.08184188052923046,10,2
577,kr_kospi,pctpos,swap,252,-0.6024006915964966,-0.9413878016298368,0.2,0.2036875826458702,10,1
577,kr_kospi,pctpos,swap,378,0.13685465462037222,-0.08314288979645101,0.5,0.1803554608797635,10,1
577,kr_kospi,pctpos,swap,504,0.6544775425084572,0.3729122233206027,0.8,0.006164848970024416,10,3
577,us_semi_ip,selfz,location,20,0.22006611523278855,0.3824253761416376,0.6,-0.03737239471738086,10,2
577,us_semi_ip,selfz,location,40,0.2909521432522566,0.5233539150649817,0.7,-0.08707294514089856,10,3
577,us_semi_ip,selfz,location,60,0.47602726306845916,1.3652869895486766,1.0,-0.10632301818533724,10,4
577,us_semi_ip,selfz,location,90,0.45428379577575456,0.6095033280463705,0.7,-0.07954701251914748,10,4
577,us_semi_ip,selfz,location,120,0.3523687307121805,0.2965445555073638,0.5,-0.03548522122277575,10,2
577,us_semi_ip,selfz,location,180,0.14601274204530604,-0.01307958643742239,0.3,-0.011234132954199014,10,2
577,us_semi_ip,selfz,location,252,0.06289662088594465,-0.10590056118617362,0.4,-0.03375704461137569,10,2
577,us_semi_ip,selfz,location,378,0.1581084074913964,-0.013426801781241253,0.5,-0.15737134061564637,10,1
577,us_semi_ip,selfz,location,504,0.0519030767133415,-0.02097104714517352,0.5,-0.16458879292224227,10,1
577,us_semi_ip,robustz,location,20,0.2814524881900737,0.17142922090295398,0.7,-0.09259646506319141,10,3
577,us_semi_ip,robustz,location,40,-0.055795722534928316,-0.3432178555305627,0.5,-0.10265377149390059,10,2
577,us_semi_ip,robustz,location,60,0.3912110981413155,0.5406445189391416,0.9,-0.0862729518707339,10,3
577,us_semi_ip,robustz,location,90,0.379574370227632,0.4006294437072475,0.7,-0.11708352496911606,10,3
577,us_semi_ip,robustz,location,120,0.44043482884893137,0.47036709227921153,0.8,-0.07501388357784408,10,3
577,us_semi_ip,robustz,location,180,0.17368847793236067,-0.005078346827551082,0.6,-0.007554642827462164,10,2
577,us_semi_ip,robustz,location,252,0.08702845078121009,-0.1279277312122323,0.4,-0.07370460117002016,10,2
577,us_semi_ip,robustz,location,378,0.10386159145182852,-0.04635404838340619,0.6,-0.20061061549962347,10,1
577,us_semi_ip,robustz,location,504,-0.14717472767884823,-0.25101465413392093,0.4,-0.23423134441155236,10,1
577,us_semi_ip,bdtanh,location,20,0.1674773693976668,0.3106887716069671,0.6,-0.06061981215279483,10,2
577,us_semi_ip,bdtanh,location,40,0.2399497001507876,0.3957129218306008,0.5,-0.07229838049432975,10,2
577,us_semi_ip,bdtanh,location,60,0.42394947652440723,1.1492312617309286,0.9,-0.09983885650335231,10,4
577,us_semi_ip,bdtanh,location,90,0.44356115162919807,0.5632930119411792,0.7,-0.05629614517430403,10,3
577,us_semi_ip,bdtanh,location,120,0.36771655778341683,0.3618138634864404,0.7,0.002298391573821353,10,3
577,us_semi_ip,bdtanh,location,180,0.10217724605096747,-0.013139331906054798,0.3,-0.03184089426140217,10,2
577,us_semi_ip,bdtanh,location,252,0.02879486509617271,-0.10768638776279475,0.4,-0.08772613339120047,10,2
577,us_semi_ip,bdtanh,location,378,0.07620512370452799,-0.028201059946940988,0.5,-0.1657579605250604,10,1
577,us_semi_ip,bdtanh,location,504,0.034482339255834535,-0.012188589875994126,0.5,-0.1861911100992361,10,1
577,us_semi_ip,rankc,location,20,0.3375858774085146,0.39476762270994953,0.6,-0.010883267011622892,10,2
577,us_semi_ip,rankc,location,40,0.21232830530717597,0.40210503784351675,0.6,-0.11169644379704968,10,2
577,us_semi_ip,rankc,location,60,0.3999013638628228,0.925899339150328,0.9,-0.13983144460386238,10,4
577,us_semi_ip,rankc,location,90,0.510376468635233,0.8710538831959019,0.9,-0.12527296603841073,10,4
577,us_semi_ip,rankc,location,120,0.4410682323593586,0.5988605292707828,0.7,-0.06820573170839021,10,3
577,us_semi_ip,rankc,location,180,0.19771877255476827,0.15436068299056455,0.4,-0.04831671279929817,10,2
577,us_semi_ip,rankc,location,252,0.19075516126944614,0.058528606390883545,0.5,-0.06339815727699225,10,2
577,us_semi_ip,rankc,location,378,0.26210116577437687,0.17226546546840277,0.5,-0.13362258240141048,10,2
577,us_semi_ip,rankc,location,504,0.18822430901269857,0.17216562090935195,0.5,-0.13507113402978163,10,2
577,us_semi_ip,signth,location,20,0.20505257054380197,0.27788792149904806,0.7,-0.07931232460047173,10,3
577,us_semi_ip,signth,location,40,0.23164099813604289,0.35329879111607465,0.5,-0.07922219336204422,10,2
577,us_semi_ip,signth,location,60,0.4214086831907588,0.8413061167769472,0.8,-0.049738552264204275,10,4
577,us_semi_ip,signth,location,90,0.485259515460849,0.5481482169653944,0.7,-0.0677273065597408,10,3
577,us_semi_ip,signth,location,120,0.4121059140436595,0.46432496246691735,0.7,0.013002290876129093,10,3
577,us_semi_ip,signth,location,180,0.06721945693640204,-0.04392051378151303,0.5,-0.04247739526927533,10,2
577,us_semi_ip,signth,location,252,-0.1831953525593154,-0.4058980754701811,0.2,-0.12120747522202162,10,2
577,us_semi_ip,signth,location,378,0.12607883068950043,0.10812659387048294,0.5,-0.15055490735474178,10,1
577,us_semi_ip,signth,location,504,-0.06487101995309649,-0.17881675177224798,0.4,-0.22597303201512087,10,1
577,us_semi_ip,dev,location,20,0.3294399857018592,0.40370374233012846,0.6,-0.02043229984612205,10,2
577,us_semi_ip,dev,location,40,0.31558982882079895,0.501977572398552,0.7,-0.023328204379516344,10,3
577,us_semi_ip,dev,location,60,0.3754200887754942,0.6865446953618376,0.6,-0.025748312309333683,10,3
577,us_semi_ip,dev,location,90,0.3595153884963615,0.454460832218158,0.5,0.012452865142183316,10,2
577,us_semi_ip,dev,location,120,0.30803292711439095,0.2121704906218285,0.4,0.07630534281504478,10,2
577,us_semi_ip,dev,location,180,0.07544131974611706,-0.0934357971850687,0.3,0.0372986267334275,10,2
577,us_semi_ip,dev,location,252,0.13090561996542216,-0.04324994355476902,0.5,-0.05868190085683728,10,2
577,us_semi_ip,dev,location,378,0.13461974598568782,-0.0005500259297795696,0.5,-0.1400099408083537,10,2
577,us_semi_ip,dev,location,504,-0.045141064592258064,-0.13538863951924776,0.5,-0.19483866848298276,10,1
577,us_semi_ip,instStdev,swap,20,0.2879306769887079,0.19175170062021207,0.5,-0.08887514300355075,10,2
577,us_semi_ip,instStdev,swap,40,0.1519817849294868,0.13142516066093254,0.4,0.060232020001417697,10,2
577,us_semi_ip,instStdev,swap,60,-0.2547930356319927,-0.3760921239731521,0.4,-0.2744471457062248,10,1
577,us_semi_ip,instStdev,swap,90,-0.09279671573944936,-0.12710212611216404,0.5,-0.37029663237962285,10,1
577,us_semi_ip,instStdev,swap,120,0.008926058317399796,-0.0031539200853391426,0.6,-0.3392917556647052,10,1
577,us_semi_ip,instStdev,swap,180,-0.21867357937954354,-0.13376763870440062,0.4,0.19528456571590264,10,1
577,us_semi_ip,instStdev,swap,252,0.02381078770069235,0.2975023861371363,0.5,-0.030193664419672778,10,2
577,us_semi_ip,instStdev,swap,378,0.42278658340786324,0.21657756270166637,0.6,-0.1868789650162347,10,1
577,us_semi_ip,instStdev,swap,504,0.5072231174550713,0.289612719527511,0.7,-0.26084249940910353,10,2
577,us_semi_ip,instSkew,swap,20,0.5012469828883664,0.3467557438312053,0.6,-0.03938432967018013,10,2
577,us_semi_ip,instSkew,swap,40,-0.07590626040788213,-0.3019902436912022,0.4,-0.11204638025370711,10,2
577,us_semi_ip,instSkew,swap,60,0.23591338463340994,0.5735711711332765,0.7,-0.08405845035765372,10,3
577,us_semi_ip,instSkew,swap,90,0.18278788954228742,0.4708594666625728,0.6,-0.2635377181556472,10,1
577,us_semi_ip,instSkew,swap,120,-0.15435409468101755,-0.2950762719149195,0.4,0.10198761578195004,10,2
577,us_semi_ip,instSkew,swap,180,-0.0717080146087391,-0.14952876836393256,0.4,-0.20235027747115072,10,1
577,us_semi_ip,instSkew,swap,252,0.2815027445960289,0.049433967074495065,0.4,-0.2297201027148913,10,1
577,us_semi_ip,instSkew,swap,378,-0.13804219850889407,-0.16584855539116475,0.5,-0.17803253244006653,10,1
577,us_semi_ip,instSkew,swap,504,0.1485534612207461,-0.012728978333686967,0.7,-0.16559067509392056,10,2
577,us_semi_ip,instKurt,swap,20,-0.23382120081879895,-0.0019749776280732173,0.4,0.14188228910271097,10,2
577,us_semi_ip,instKurt,swap,40,0.34874644053541287,0.44137321252857986,0.7,0.10153712520349023,10,3
577,us_semi_ip,instKurt,swap,60,0.029311620835950035,-0.057376848406878615,0.6,0.048875474358942544,10,2
577,us_semi_ip,instKurt,swap,90,0.05110363874039151,0.3118981073678485,0.7,-0.01629322566781995,10,3
577,us_semi_ip,instKurt,swap,120,0.3435607638418723,0.280909646804795,0.6,-0.2268942769667021,10,1
577,us_semi_ip,instKurt,swap,180,0.15187671382302287,0.0009670117576881839,0.5,-0.0017840203471397318,10,2
577,us_semi_ip,instKurt,swap,252,-0.32004677149955174,-0.13092580221260341,0.7,-0.2076460338331888,10,2
577,us_semi_ip,instKurt,swap,378,0.27849611753652304,0.16299798086867817,0.5,-0.17021131235262216,10,1
577,us_semi_ip,instKurt,swap,504,0.5142334843993295,0.418895830743217,0.7,-0.397139973200078,10,2
577,us_semi_ip,minmax,swap,20,-0.0033813797637617,0.10239598710794993,0.6,-0.042491758081447235,10,2
577,us_semi_ip,minmax,swap,40,0.3349303345944321,0.5346765030339984,0.7,-0.05841080251598396,10,3
577,us_semi_ip,minmax,swap,60,0.4816469817904458,0.8868909300772501,0.9,-0.061787343671122874,10,4
577,us_semi_ip,minmax,swap,90,0.382955755224381,0.3631970569101702,0.7,0.0004600425583537507,10,3
577,us_semi_ip,minmax,swap,120,0.18844007944195365,0.08891558744777718,0.5,0.01583762381596699,10,2
577,us_semi_ip,minmax,swap,180,0.007217498491395311,-0.03122112513690409,0.4,-0.03348768798167164,10,2
577,us_semi_ip,minmax,swap,252,0.06594075321845438,-0.08462063421033236,0.4,-0.09130499897879987,10,2
577,us_semi_ip,minmax,swap,378,0.08665183999712556,-0.07281558050649968,0.5,-0.12803080541541756,10,2
577,us_semi_ip,minmax,swap,504,-0.052208587592634144,-0.08413405738123494,0.5,-0.1734411225866117,10,1
577,us_semi_ip,chg,swap,20,0.11908289827607185,0.12748706850112307,0.6,-0.011115588178252978,10,2
577,us_semi_ip,chg,swap,40,0.4510410331167891,0.8961503478705024,0.7,-0.0007249262742973951,10,4
577,us_semi_ip,chg,swap,60,0.4215390781054579,0.6879849462927794,0.7,-0.02563279518187885,10,4
577,us_semi_ip,chg,swap,90,0.06473967374910217,-0.18399543720324496,0.6,0.15059333378994463,10,1
577,us_semi_ip,chg,swap,120,-0.10396923489018653,-0.314134717629394,0.5,0.13003707682482202,10,2
577,us_semi_ip,chg,swap,180,-0.19924964253333086,-0.49616308621910676,0.3,-0.13240166285894223,10,2
577,us_semi_ip,chg,swap,252,0.6088930663569698,0.49070296341727027,0.7,-0.30103884090304767,10,2
577,us_semi_ip,chg,swap,378,0.07170376596829346,0.056114294098833103,0.6,-0.22504786801031407,10,1
577,us_semi_ip,chg,swap,504,-0.4110775460126383,-0.41626096309402044,0.5,-0.17579790601310258,10,1
577,us_semi_ip,slope,swap,20,0.19352059045823714,0.06666812864967138,0.5,-0.017550770603419235,10,2
577,us_semi_ip,slope,swap,40,0.4096202449355603,0.6834836460922964,0.7,-0.018156271983895484,10,4
577,us_semi_ip,slope,swap,60,0.5447314385637126,0.8427148859888465,0.8,-0.04256110851967285,10,4
577,us_semi_ip,slope,swap,90,-0.18143252973535842,-0.045210785694771785,0.4,-0.04001658362732794,10,2
577,us_semi_ip,slope,swap,120,-0.15677596527326032,-0.40895354259982897,0.4,0.13395966822498226,10,2
577,us_semi_ip,slope,swap,180,-0.2757416963994871,-0.44439526776543126,0.3,-0.0036202733493869337,10,2
577,us_semi_ip,slope,swap,252,-0.08687505004793368,-0.2356343491140462,0.5,-0.2637108239656117,10,1
577,us_semi_ip,slope,swap,378,-0.030709220017604275,-0.1005095943029581,0.6,-0.435116232184663,10,1
577,us_semi_ip,slope,swap,504,-0.3171858180831182,-0.4397238524785578,0.4,-0.31807100295761376,10,1
577,us_semi_ip,dStdev,swap,20,0.2587101387775796,0.20179190993089907,0.5,-0.10121422327080432,10,2
577,us_semi_ip,dStdev,swap,40,0.26139157405748414,0.31186127772213745,0.5,0.0693082689056108,10,2
577,us_semi_ip,dStdev,swap,60,-0.2573938483873814,-0.3389306434979556,0.5,-0.18796009607033276,10,1
577,us_semi_ip,dStdev,swap,90,-0.30779102427819505,-0.2871657946786789,0.4,-0.04871429227363645,10,2
577,us_semi_ip,dStdev,swap,120,0.06738311853691019,0.044502585023730265,0.5,-0.15949838442002356,10,1
577,us_semi_ip,dStdev,swap,180,-0.23726821741430912,-0.2598406256140294,0.4,0.10289367001147014,10,2
577,us_semi_ip,dStdev,swap,252,0.46842292794650997,0.26047036123027617,0.4,-0.21724700480616943,10,1
577,us_semi_ip,dStdev,swap,378,0.2752699418479035,0.15065603011826204,0.6,-0.1792070998947171,10,1
577,us_semi_ip,dStdev,swap,504,-0.2856035675837507,-0.6255606311310234,0.2,-0.19937117063313553,10,1
577,us_semi_ip,dSkew,swap,20,-0.011884545252059295,0.030123705693993193,0.6,-0.08469598809485976,10,2
577,us_semi_ip,dSkew,swap,40,0.4724159949329428,1.1061549646523021,0.9,-0.0972184354645183,10,4
577,us_semi_ip,dSkew,swap,60,0.4646533129759699,0.9018913064373655,0.8,-0.11241692223875055,10,4
577,us_semi_ip,dSkew,swap,90,-0.08737468276586509,-0.2165595471138539,0.5,0.03545145967452799,10,2
577,us_semi_ip,dSkew,swap,120,-0.26654844225118907,-0.4819806329353056,0.3,-0.022111916174273598,10,2
577,us_semi_ip,dSkew,swap,180,-0.46747078918632956,-0.6835878213526817,0.2,-0.21457494732245846,10,1
577,us_semi_ip,dSkew,swap,252,0.006562612777822171,-0.02614361798739619,0.6,-0.3717841490234159,10,1
577,us_semi_ip,dSkew,swap,378,-0.24595058729645236,-0.22110165553623432,0.5,-0.22561559697118316,10,1
577,us_semi_ip,dSkew,swap,504,0.44953252862030085,0.33223892800684285,0.5,0.0912407171575735,10,2
577,us_semi_ip,ac1,swap,20,0.24680819289778935,0.08682727460303676,0.6,-0.012400966996427579,10,2
577,us_semi_ip,ac1,swap,40,0.08190547042287946,-0.11470133867217744,0.4,0.050052944629265766,10,2
577,us_semi_ip,ac1,swap,60,0.36316123361174873,0.8792004364905757,0.8,0.1973002183988236,10,3
577,us_semi_ip,ac1,swap,90,0.17464380618055322,0.04382509483329257,0.7,-0.41633584663619705,10,2
577,us_semi_ip,ac1,swap,120,0.009457709254579637,-0.25628458238303703,0.5,-0.3485527607317257,10,1
577,us_semi_ip,ac1,swap,180,0.18259800841881857,0.36634934656907964,0.6,-0.13717267493006421,10,2
577,us_semi_ip,ac1,swap,252,-0.49792153895009966,-0.7207965133909174,0.3,-0.18253515783089455,10,1
577,us_semi_ip,ac1,swap,378,0.25430417426846824,0.07263708843455305,0.5,-0.20705130702498828,10,1
577,us_semi_ip,ac1,swap,504,0.2093693978030359,-0.10553765190320287,0.6,-0.011411346319080414,10,2
577,us_semi_ip,pctpos,swap,20,0.11606344882990764,0.2686582744635432,0.7,-0.05942206076618678,10,3
577,us_semi_ip,pctpos,swap,40,0.2583251112306324,0.3519312402813769,0.7,-0.08639670563721244,10,3
577,us_semi_ip,pctpos,swap,60,-0.2537419664328076,-0.3094731452309326,0.3,0.09849462123115924,10,2
577,us_semi_ip,pctpos,swap,90,0.2062887113114116,0.2265211794102932,0.5,-0.1683649582441348,10,1
577,us_semi_ip,pctpos,swap,120,-0.07303867578158033,-0.1140286209104431,0.7,0.03296011436903938,10,3
577,us_semi_ip,pctpos,swap,180,-0.11491459811505322,-0.12554872095840738,0.6,-0.1250459571537798,10,2
577,us_semi_ip,pctpos,swap,252,0.4235081064766766,0.33699078045633896,0.6,-0.29165682907788704,10,1
577,us_semi_ip,pctpos,swap,378,0.15356448609120804,0.06427892388981093,0.6,-0.047609572597437956,10,2
577,us_semi_ip,pctpos,swap,504,-0.30119545169559003,-0.25304003459493196,0.5,-0.2526359776004545,10,1
577,us_semi_ip_nsa,selfz,location,20,0.2115164378801071,0.3221564277752336,0.5,-0.0062776642732562254,10,2
577,us_semi_ip_nsa,selfz,location,40,0.19668190298060143,0.325246641528549,0.7,0.0027421169455728056,10,3
577,us_semi_ip_nsa,selfz,location,60,0.2473467459563643,0.41534119641436923,0.9,-0.033645060864346314,10,3
577,us_semi_ip_nsa,selfz,location,90,0.2265850491760582,0.3184573537812424,0.6,-0.028567583697720556,10,2
577,us_semi_ip_nsa,selfz,location,120,0.14474768652271255,0.09050033691084852,0.5,0.0037367895773780984,10,2
577,us_semi_ip_nsa,selfz,location,180,-0.004071911841346097,-0.16333236497391979,0.3,0.010436211507522821,10,2
577,us_semi_ip_nsa,selfz,location,252,-0.02816833857238027,-0.16787502351690742,0.4,-0.03737145360414749,10,2
577,us_semi_ip_nsa,selfz,location,378,0.09885348014225759,-0.04546537139999943,0.5,-0.135966408888837,10,2
577,us_semi_ip_nsa,selfz,location,504,0.0006159270375654948,-0.05423591851191915,0.5,-0.16011683833499274,10,1
577,us_semi_ip_nsa,robustz,location,20,-0.3222958669149908,-0.16960989460289472,0.4,0.039357480196002166,10,2
577,us_semi_ip_nsa,robustz,location,40,0.22662534563717898,0.3736404280293843,0.7,-3.169672332667056e-05,10,3
577,us_semi_ip_nsa,robustz,location,60,0.3387025839997636,0.6850428252320248,0.8,-0.042735242602934057,10,4
577,us_semi_ip_nsa,robustz,location,90,0.2493534212841213,0.2227215600739058,0.6,-0.03485988201131241,10,2
577,us_semi_ip_nsa,robustz,location,120,0.1354286743615972,0.1494779210142484,0.6,0.0341055192171862,10,2
577,us_semi_ip_nsa,robustz,location,180,-0.028117822989592752,-0.1996912614993795,0.5,-0.03026027646493663,10,2
577,us_semi_ip_nsa,robustz,location,252,-0.007719060173579916,-0.2175343727647533,0.4,-0.08208792495538544,10,2
577,us_semi_ip_nsa,robustz,location,378,0.04778896885605058,-0.06797115532201205,0.5,-0.17353514792784092,10,1
577,us_semi_ip_nsa,robustz,location,504,-0.1348605898621474,-0.24261215222584448,0.4,-0.22978250768996464,10,1
577,us_semi_ip_nsa,bdtanh,location,20,0.14222087895387953,0.23282162777428855,0.7,-0.009096554585905626,10,3
577,us_semi_ip_nsa,bdtanh,location,40,0.2642949364364919,0.3677945679249124,0.7,-0.017906976560152357,10,3
577,us_semi_ip_nsa,bdtanh,location,60,0.27589938263077995,0.4156909783778848,0.8,-0.04505505123749538,10,3
577,us_semi_ip_nsa,bdtanh,location,90,0.3034557577401783,0.38107995404454853,0.7,-0.014897575863346363,10,3
577,us_semi_ip_nsa,bdtanh,location,120,0.19979387877479973,0.16572157704808935,0.6,0.014789987292626754,10,2
577,us_semi_ip_nsa,bdtanh,location,180,-0.05191919195012225,-0.1618831981370396,0.3,-0.04196410103379357,10,2
577,us_semi_ip_nsa,bdtanh,location,252,-0.1033915934585948,-0.2369358138254492,0.4,-0.11340361914598036,10,2
577,us_semi_ip_nsa,bdtanh,location,378,0.01930390574539447,-0.07205028371831261,0.5,-0.1768112122007607,10,1
577,us_semi_ip_nsa,bdtanh,location,504,-0.041856473422759416,-0.11915848661229916,0.5,-0.20447170120251013,10,1
577,us_semi_ip_nsa,rankc,location,20,0.2965249828977922,0.2915090222584578,0.6,0.02647011377577257,10,2
577,us_semi_ip_nsa,rankc,location,40,0.2016694688568728,0.28034894824486634,0.7,-0.04122158237011844,10,3
577,us_semi_ip_nsa,rankc,location,60,0.2629364584361218,0.4163126677677674,0.8,-0.05336332592194998,10,3
577,us_semi_ip_nsa,rankc,location,90,0.2810805092889456,0.48347034780448234,0.8,-0.02165361485605248,10,3
577,us_semi_ip_nsa,rankc,location,120,0.23430846153120544,0.31740290176984887,0.5,-0.015850356035309262,10,2
577,us_semi_ip_nsa,rankc,location,180,0.03220005776742891,-0.04316767420453502,0.3,-0.03912065634762385,10,2
577,us_semi_ip_nsa,rankc,location,252,0.019622121516992545,-0.06986698023764765,0.4,-0.07712631346102719,10,2
577,us_semi_ip_nsa,rankc,location,378,0.1251321547752034,0.05660900077211794,0.5,-0.12955890407780507,10,2
577,us_semi_ip_nsa,rankc,location,504,0.06375948943464088,0.05932248351691374,0.5,-0.15321456997876015,10,1
577,us_semi_ip_nsa,signth,location,20,0.14087759358229618,0.17498864902294128,0.7,-0.03337430806432674,10,3
577,us_semi_ip_nsa,signth,location,40,0.2622554236609982,0.34747969492583825,0.6,-0.024517500825587277,10,2
577,us_semi_ip_nsa,signth,location,60,0.3264983159467801,0.48399121458718397,0.7,-0.05827368350160084,10,3
577,us_semi_ip_nsa,signth,location,90,0.2406958950269055,0.3434664144501735,0.6,-0.03150064065796765,10,2
577,us_semi_ip_nsa,signth,location,120,0.20126188050056065,0.18083685147677223,0.6,0.024066375443848226,10,2
577,us_semi_ip_nsa,signth,location,180,0.0954980985683982,-0.019861053002568445,0.5,-0.05693583409250267,10,2
577,us_semi_ip_nsa,signth,location,252,-0.36204810346579724,-0.5834207299199141,0.2,-0.14492905091749975,10,2
577,us_semi_ip_nsa,signth,location,378,-0.07164976997774104,-0.2489392022332852,0.4,-0.19368830527504333,10,1
577,us_semi_ip_nsa,signth,location,504,-0.141505996290817,-0.3987863644539926,0.4,-0.1611495123790283,10,1
577,us_semi_ip_nsa,dev,location,20,-0.04473986249742945,-0.2626056639480704,0.4,-0.14958769110953396,10,2
577,us_semi_ip_nsa,dev,location,40,0.16817368040959915,0.2235975575064981,0.7,0.021310658831208626,10,3
577,us_semi_ip_nsa,dev,location,60,0.19504172498185465,0.24810620588129276,0.5,0.008132400655369174,10,2
577,us_semi_ip_nsa,dev,location,90,0.20726933666330136,0.24375192928141434,0.6,0.03354681155961525,10,2
577,us_semi_ip_nsa,dev,location,120,0.1580297021840747,0.10316512880217715,0.4,0.08035436204970865,10,2
577,us_semi_ip_nsa,dev,location,180,-0.0353227334973278,-0.19323457111411316,0.3,0.027236581884108834,10,2
577,us_semi_ip_nsa,dev,location,252,0.022025093301874892,-0.12084636673218756,0.4,-0.05860971784617774,10,2
577,us_semi_ip_nsa,dev,location,378,0.06538964846790639,-0.045187641495664066,0.5,-0.12948023285382843,10,2
577,us_semi_ip_nsa,dev,location,504,-0.0856752180838343,-0.19190544254509473,0.5,-0.1933737285276356,10,1
577,us_semi_ip_nsa,instStdev,swap,20,-0.11086297566817976,-0.10700155166863148,0.5,-0.13284509990236107,10,2
577,us_semi_ip_nsa,instStdev,swap,40,0.42794724726727296,0.4429234598074919,0.7,-0.003657298942641205,10,3
577,us_semi_ip_nsa,instStdev,swap,60,0.4716417425349684,0.4327401282440113,0.7,0.07732755950900493,10,3
577,us_semi_ip_nsa,instStdev,swap,90,0.062336506207944724,-0.11522520392154899,0.4,0.15748051274337357,10,1
577,us_semi_ip_nsa,instStdev,swap,120,0.0531991868194142,0.23907119562959303,0.7,-0.2539692225315518,10,2
577,us_semi_ip_nsa,instStdev,swap,180,-0.21742628492253083,-0.11351814890655589,0.5,0.18196622739658427,10,1
577,us_semi_ip_nsa,instStdev,swap,252,0.03968611719531536,0.2862611106598925,0.6,-0.0721686192194674,10,2
577,us_semi_ip_nsa,instStdev,swap,378,0.32298724877759183,0.04770824407118606,0.6,-0.20468319939036406,10,1
577,us_semi_ip_nsa,instStdev,swap,504,0.43597556724905223,0.24585075054927338,0.7,-0.2411459818537914,10,2
577,us_semi_ip_nsa,instSkew,swap,20,0.3861193309577576,0.18056202161558213,0.7,-0.0535481117472345,10,3
577,us_semi_ip_nsa,instSkew,swap,40,0.4371758145394651,0.5216761859200126,0.7,-0.04810716227840497,10,3
577,us_semi_ip_nsa,instSkew,swap,60,0.029613883856540874,-0.1665978864099686,0.4,-0.030641640638146,10,2
577,us_semi_ip_nsa,instSkew,swap,90,0.08043333055748457,-0.15697707940999897,0.4,0.03872687163916582,10,2
577,us_semi_ip_nsa,instSkew,swap,120,0.07862544334146848,-0.19206130800768706,0.5,0.004676970995840754,10,2
577,us_semi_ip_nsa,instSkew,swap,180,-0.07605646063683137,-0.11509468149801941,0.4,-0.1832661896392749,10,1
577,us_semi_ip_nsa,instSkew,swap,252,0.1885771757803368,0.10025175154132543,0.5,-0.218717267541488,10,1
577,us_semi_ip_nsa,instSkew,swap,378,-0.07336767870182558,-0.22672199400659993,0.5,-0.06791194080558612,10,2
577,us_semi_ip_nsa,instSkew,swap,504,0.18083897928826653,0.055447315944222614,0.5,-0.05317498614608067,10,2
577,us_semi_ip_nsa,instKurt,swap,20,-0.24271670094863254,-0.01415325269962421,0.4,0.1415777471571794,10,2
577,us_semi_ip_nsa,instKurt,swap,40,-0.6141106376767056,-0.7822312257935752,0.3,-0.16635853165951484,10,1
577,us_semi_ip_nsa,instKurt,swap,60,0.10843187421537319,0.010981746788329515,0.4,-0.21713825174724652,10,1
577,us_semi_ip_nsa,instKurt,swap,90,-0.2633517732851175,0.021590757668493762,0.5,0.1772148683533053,10,1
577,us_semi_ip_nsa,instKurt,swap,120,-0.329106936458532,-0.4129039693905028,0.3,0.195792771039703,10,1
577,us_semi_ip_nsa,instKurt,swap,180,-0.02785748982359108,-0.07241444730070191,0.4,-0.0357901394718535,10,2
577,us_semi_ip_nsa,instKurt,swap,252,-0.1363558645483124,-0.06349147597029321,0.5,-0.15153840855518294,10,1
577,us_semi_ip_nsa,instKurt,swap,378,0.2300973524762527,-0.013709011494694766,0.5,-0.25426690474145597,10,1
577,us_semi_ip_nsa,instKurt,swap,504,0.3962225893813743,0.18519184186849294,0.6,-0.3884266613715338,10,1
577,us_semi_ip_nsa,minmax,swap,20,-0.10484065633845387,-0.24716022212849678,0.4,-0.015738889202773502,10,2
577,us_semi_ip_nsa,minmax,swap,40,0.40066938136300606,0.5641230739937929,0.8,-0.031619372368591955,10,3
577,us_semi_ip_nsa,minmax,swap,60,0.3423581524762282,0.4606012133932723,0.8,-0.035086521630501924,10,3
577,us_semi_ip_nsa,minmax,swap,90,0.2488823817739748,0.22750688819601445,0.6,-0.02068469070233062,10,2
577,us_semi_ip_nsa,minmax,swap,120,0.06644172505076494,-0.04631936802130739,0.4,0.01524763405542672,10,2
577,us_semi_ip_nsa,minmax,swap,180,-0.057618832386936554,-0.20161379411817434,0.3,-0.021373736754608758,10,2
577,us_semi_ip_nsa,minmax,swap,252,0.023169865126283388,-0.15716548129266156,0.4,-0.09971922289944153,10,2
577,us_semi_ip_nsa,minmax,swap,378,0.03386986954763194,-0.12580167022197591,0.5,-0.1369318478660534,10,2
577,us_semi_ip_nsa,minmax,swap,504,-0.060581313545414336,-0.06596498037709432,0.5,-0.17688400349100672,10,1
577,us_semi_ip_nsa,chg,swap,20,0.09668112850377798,-0.025265440548388796,0.5,-0.158450495990212,10,1
577,us_semi_ip_nsa,chg,swap,40,0.2783773194544871,0.42158769928429024,0.7,0.007345444875480846,10,3
577,us_semi_ip_nsa,chg,swap,60,0.2935220475106201,0.36626983324398954,0.6,-0.008267183298317868,10,2
577,us_semi_ip_nsa,chg,swap,90,-0.008169717109829826,-0.18838306593789408,0.5,0.13514241686106615,10,2
577,us_semi_ip_nsa,chg,swap,120,-0.1893568784257206,-0.4419618019304436,0.3,0.1227708721381039,10,2
577,us_semi_ip_nsa,chg,swap,180,-0.23468997373814351,-0.524852150535315,0.2,-0.1400139972432373,10,2
577,us_semi_ip_nsa,chg,swap,252,0.6141653381232981,0.4249420539754239,0.7,-0.2781260532601497,10,2
577,us_semi_ip_nsa,chg,swap,378,0.0036104847538556053,-0.014086040543517638,0.6,-0.23379561568162327,10,1
577,us_semi_ip_nsa,chg,swap,504,-0.4707312928547905,-0.5114355010825831,0.4,-0.18169309281196958,10,1
577,us_semi_ip_nsa,slope,swap,20,0.11256820165516733,0.031756762947205114,0.5,-0.15696815873270786,10,1
577,us_semi_ip_nsa,slope,swap,40,0.3477633587605291,0.4382213892281526,0.6,-0.02247567757420033,10,2
577,us_semi_ip_nsa,slope,swap,60,0.5111474129827515,0.7964853198284452,0.9,-0.09204008375531718,10,4
577,us_semi_ip_nsa,slope,swap,90,0.22486417390322605,0.08542241614676502,0.7,-0.009808121095759853,10,3
577,us_semi_ip_nsa,slope,swap,120,-0.16258665118782667,-0.45335889916547917,0.4,0.11919026413310901,10,2
577,us_semi_ip_nsa,slope,swap,180,-0.300029263355718,-0.47181347244352967,0.2,-0.017436838160921196,10,2
577,us_semi_ip_nsa,slope,swap,252,-0.12606464941279433,-0.2616658035172201,0.4,-0.2550639665549559,10,1
577,us_semi_ip_nsa,slope,swap,378,-0.05988470225380534,-0.14425335954849472,0.6,-0.4167076368631201,10,1
577,us_semi_ip_nsa,slope,swap,504,-0.3222696185619064,-0.4383494796427622,0.4,-0.313011301788123,10,1
577,us_semi_ip_nsa,dStdev,swap,20,-0.08282180943742294,-0.14388898519306706,0.5,-0.12140471217251095,10,2
577,us_semi_ip_nsa,dStdev,swap,40,0.52188376294299,0.42451099464969105,0.7,-0.04320048650723399,10,3
577,us_semi_ip_nsa,dStdev,swap,60,0.4304397898237865,0.2767332000228903,0.7,-0.06858256645998821,10,3
577,us_semi_ip_nsa,dStdev,swap,90,0.34003071305955196,0.18828234467207872,0.7,-0.18307311538727944,10,2
577,us_semi_ip_nsa,dStdev,swap,120,0.11129424678738527,-0.013260536338979702,0.5,-0.08286490517109903,10,2
577,us_semi_ip_nsa,dStdev,swap,180,0.19345337255813386,0.051189005311404474,0.5,-0.05367543034932889,10,2
577,us_semi_ip_nsa,dStdev,swap,252,0.4600804778817939,0.0992760650779975,0.7,-0.11187224341310155,10,3
577,us_semi_ip_nsa,dStdev,swap,378,0.5859844852114792,0.5161061846506174,0.7,-0.2820916078319612,10,2
577,us_semi_ip_nsa,dStdev,swap,504,0.3011871481182425,0.20183856591530447,0.6,-0.07478832057282664,10,2
577,us_semi_ip_nsa,dSkew,swap,20,-0.1404381189332749,-0.2471502665607397,0.4,0.024222659208535197,10,2
577,us_semi_ip_nsa,dSkew,swap,40,0.4371642473399842,0.6698109372856923,0.8,-0.07146595938502164,10,4
577,us_semi_ip_nsa,dSkew,swap,60,0.3785945805323592,0.532802932634544,0.7,-0.05334453556372521,10,3
577,us_semi_ip_nsa,dSkew,swap,90,-0.1651739866913871,-0.41104879664750904,0.3,-0.04884533537763612,10,2
577,us_semi_ip_nsa,dSkew,swap,120,-0.08070348562582574,-0.4250824668390257,0.3,-0.0926605069910525,10,2
577,us_semi_ip_nsa,dSkew,swap,180,-0.1563489342742203,-0.4670721650460079,0.3,-0.10628527776130603,10,2
577,us_semi_ip_nsa,dSkew,swap,252,0.5626976458160663,0.3934631959205713,0.7,-0.21222173754792206,10,2
577,us_semi_ip_nsa,dSkew,swap,378,0.002521345951846853,0.21534528442136414,0.7,-0.2843396912488895,10,2
577,us_semi_ip_nsa,dSkew,swap,504,-0.3638098347491414,-0.157600615618048,0.4,-0.08753597245040025,10,2
577,us_semi_ip_nsa,ac1,swap,20,0.06025678757433637,-0.07565647042366998,0.6,-0.034848932841718964,10,2
577,us_semi_ip_nsa,ac1,swap,40,-0.05200895759151533,-0.14583704998642757,0.4,0.14560553211034138,10,2
577,us_semi_ip_nsa,ac1,swap,60,-0.18736946097083484,-0.3194755924285999,0.4,-0.2880971513153553,10,1
577,us_semi_ip_nsa,ac1,swap,90,0.009908050312218416,-0.1452184776732569,0.5,-0.376746214632262,10,1
577,us_semi_ip_nsa,ac1,swap,120,-0.12025261280591887,-0.5068946753184475,0.3,-0.3225089376817764,10,1
577,us_semi_ip_nsa,ac1,swap,180,0.03844868640041331,0.26303591402061327,0.7,-0.07671519059456766,10,3
577,us_semi_ip_nsa,ac1,swap,252,-0.5677801037679495,-0.8322561569866003,0.3,-0.1475824538812754,10,2
577,us_semi_ip_nsa,ac1,swap,378,0.14396012234759634,-0.015195564995470798,0.5,-0.23494068324733824,10,1
577,us_semi_ip_nsa,ac1,swap,504,0.2227180121480186,-0.0876539911186175,0.5,-0.005008777764619053,10,2
577,us_semi_ip_nsa,pctpos,swap,20,-0.22623794656829432,-0.35055253204623127,0.3,-0.00012057091201360032,10,2
577,us_semi_ip_nsa,pctpos,swap,40,0.3520014772075524,0.6392724009886558,0.7,-0.04266710875654257,10,4
577,us_semi_ip_nsa,pctpos,swap,60,-0.5437287379498942,-0.5576389702514102,0.3,0.05843705627453535,10,2
577,us_semi_ip_nsa,pctpos,swap,90,-0.20602855380395604,-0.3804041125353987,0.4,-0.22184319092659013,10,1
577,us_semi_ip_nsa,pctpos,swap,120,-0.14183813100808906,-0.1770320287331126,0.3,-0.14767435794126127,10,2
577,us_semi_ip_nsa,pctpos,swap,180,-0.17730401855574737,-0.07228690487973966,0.5,0.016093140298865202,10,2
577,us_semi_ip_nsa,pctpos,swap,252,0.5971097335781157,0.6846817778730081,0.7,-0.2997519954368749,10,3
577,us_semi_ip_nsa,pctpos,swap,378,0.24196000088553757,0.13761191490198837,0.6,-0.1691178607198232,10,1
577,us_semi_ip_nsa,pctpos,swap,504,-0.3344867345092664,-0.4017011766492167,0.5,-0.28105463416970805,10,1
577,copper,selfz,location,20,0.17207446031842002,0.4535060422681247,0.6,-0.009634951938026555,10,2
577,copper,selfz,location,40,0.3566402384709839,0.5655981837291176,0.7,-0.03375371822415189,10,3
577,copper,selfz,location,60,0.42637161982555616,0.6662245616206307,0.7,-0.037502675473166665,10,4
577,copper,selfz,location,90,0.45921476107210873,0.5880542806563286,0.8,-0.06264213621192301,10,3
577,copper,selfz,location,120,0.5858786351459622,0.8600089897388068,0.9,-0.10999673445688302,10,4
577,copper,selfz,location,180,0.6401962173038788,0.9152641488616706,0.9,-0.18252056865922817,10,3
577,copper,selfz,location,252,0.5727859212523583,0.7442710005913062,0.9,-0.21254360376195067,10,3
577,copper,selfz,location,378,0.4735106043128448,0.704131165733711,0.8,-0.23686775580902591,10,3
577,copper,selfz,location,504,0.22512827915804876,0.5401448108506124,0.7,-0.27553661535242274,10,2
577,copper,robustz,location,20,-0.1168056956116237,-0.23216673278830385,0.5,0.0052456561131736185,10,2
577,copper,robustz,location,40,0.3970592760524635,0.4649917296312293,0.5,-0.03860944452407705,10,2
577,copper,robustz,location,60,0.5708501503563469,0.6944339908641881,0.7,-0.041273118042670386,10,4
577,copper,robustz,location,90,0.728571526152634,0.8502225942650565,0.8,-0.11163898636881271,10,4
577,copper,robustz,location,120,0.4898556217565678,0.6717974513717987,0.8,-0.08063472928978217,10,4
577,copper,robustz,location,180,0.5759399341320282,0.6807525169390871,0.9,-0.12453057715319628,10,4
577,copper,robustz,location,252,0.5003916531141095,0.7087551241470122,0.9,-0.22346330961749813,10,3
577,copper,robustz,location,378,0.3810843169067693,0.6328941436521532,0.8,-0.21462582330235647,10,3
577,copper,robustz,location,504,0.1371147408175119,0.44372037385095303,0.6,-0.27026397279805325,10,1
577,copper,bdtanh,location,20,0.22590083790663987,0.46929015242334937,0.6,-0.03378988232240158,10,2
577,copper,bdtanh,location,40,0.40419966797971174,0.6432413860392615,0.7,-0.04824555255746533,10,4
577,copper,bdtanh,location,60,0.4593483181320953,0.7122045475024719,0.8,-0.050892481794650064,10,4
577,copper,bdtanh,location,90,0.4071167253721611,0.6078833834176088,0.8,-0.06880867816073558,10,4
577,copper,bdtanh,location,120,0.5050437439004211,0.8000454800310431,0.8,-0.12964365104571407,10,4
577,copper,bdtanh,location,180,0.5579644206522448,0.8315342272047761,0.9,-0.19027263787421944,10,3
577,copper,bdtanh,location,252,0.537518389881284,0.6628305807222614,0.8,-0.1933950620903902,10,3
577,copper,bdtanh,location,378,0.40935132283793474,0.6963334281613405,0.7,-0.28145622965619577,10,3
577,copper,bdtanh,location,504,0.12361291567267449,0.3749796174690066,0.6,-0.2839949147979398,10,1
577,copper,rankc,location,20,0.206185821876798,0.39697069825321046,0.6,0.0643162727651259,10,2
577,copper,rankc,location,40,0.36296468995524955,0.5620959032704341,0.8,-0.0385205306074676,10,3
577,copper,rankc,location,60,0.37116639573830484,0.6265044489340018,0.8,-0.022093218030338212,10,4
577,copper,rankc,location,90,0.2929421141086247,0.518094830687907,0.8,-0.021776696303034814,10,3
577,copper,rankc,location,120,0.37129011871436374,0.5640712647565707,0.8,-0.06280108926600343,10,3
577,copper,rankc,location,180,0.46760141531995747,0.6637332548197884,0.8,-0.15287571674279218,10,3
577,copper,rankc,location,252,0.4839753379167064,0.7127489715461885,0.8,-0.20869109394448815,10,3
577,copper,rankc,location,378,0.4438844469764292,0.7132497342028644,0.8,-0.24012517078049464,10,3
577,copper,rankc,location,504,0.24711804569438364,0.5338399599773883,0.7,-0.2656679330835243,10,2
577,copper,signth,location,20,0.0983784643354521,0.2716435102704071,0.5,-0.051495754278668385,10,2
577,copper,signth,location,40,0.4023160273449954,0.605211852813478,0.8,-0.06902049089108962,10,4
577,copper,signth,location,60,0.567818453222025,0.760257391796813,0.8,-0.11681552709819261,10,4
577,copper,signth,location,90,0.3489300738248427,0.4356243953841315,0.7,-0.08026748825064779,10,3
577,copper,signth,location,120,0.5157364611155497,0.7985656240444502,0.8,-0.13619675382960061,10,4
577,copper,signth,location,180,0.4230565924566659,0.6110055652107526,0.7,-0.20898050030672627,10,3
577,copper,signth,location,252,0.42297727749712244,0.5980520293609297,0.7,-0.21232036514544222,10,2
577,copper,signth,location,378,0.09740430393900178,0.4073098380195922,0.6,-0.3260403063818366,10,1
577,copper,signth,location,504,-0.1120763231594678,0.16019865859953242,0.5,-0.33239086086633746,10,1
577,copper,dev,location,20,0.4157006269338258,0.6362889539742616,0.7,0.07734175787530283,10,4
577,copper,dev,location,40,0.5545432194049807,0.8520826530999762,0.8,0.055982778697305925,10,4
577,copper,dev,location,60,0.645452090348837,0.9566153424402775,0.9,0.054012940281198234,10,4
577,copper,dev,location,90,0.5643337714082713,0.7582094617495042,0.9,0.023836889341227102,10,4
577,copper,dev,location,120,0.6015084632169664,0.8182300130973162,0.9,-0.061116346484869875,10,4
577,copper,dev,location,180,0.6030605459458389,0.8124392362554478,0.9,-0.14638720596175703,10,4
577,copper,dev,location,252,0.5582301098083098,0.7627600350853594,0.9,-0.17072152870367407,10,3
577,copper,dev,location,378,0.3905064375534357,0.6609265450873583,0.8,-0.2104358189247099,10,3
577,copper,dev,location,504,0.11515451396017932,0.3411498735837454,0.7,-0.23463901425088926,10,2
577,copper,instStdev,swap,20,-0.14296440602497404,-0.24141229640026857,0.4,-0.18054447462338022,10,1
577,copper,instStdev,swap,40,-0.15497308582675573,-0.068829301818831,0.6,-0.12417056570592867,10,2
577,copper,instStdev,swap,60,-0.20229900614989138,-0.07756470349250716,0.6,-0.0903790824567711,10,2
577,copper,instStdev,swap,90,-0.1362326873083709,-0.16370855505487797,0.6,-0.20907514721198073,10,1
577,copper,instStdev,swap,120,0.41879400072651884,0.23898639492849988,0.5,0.08204242632729244,10,2
577,copper,instStdev,swap,180,-0.3602526857626481,-0.1450084582003473,0.5,-0.17121263294746988,10,1
577,copper,instStdev,swap,252,-0.1531195157949197,-0.16357950247179012,0.4,-0.24273608486659648,10,1
577,copper,instStdev,swap,378,0.18365586425645272,0.11762314437677708,0.4,-0.205179884824147,10,1
577,copper,instStdev,swap,504,-0.2407893346900578,-0.156793674761175,0.6,0.13677191616917939,10,2
577,copper,instSkew,swap,20,0.034777789873484635,-0.0523556188674375,0.5,0.0003271353383331458,10,2
577,copper,instSkew,swap,40,0.02744970265531661,0.017700871789903566,0.8,-0.1298136406493423,10,3
577,copper,instSkew,swap,60,0.16846958654423683,0.13410700815606616,0.5,0.03860372551820611,10,2
577,copper,instSkew,swap,90,0.17687151293399625,0.23904261829979442,0.5,-0.06497879710212152,10,2
577,copper,instSkew,swap,120,0.3303758347862357,0.3055717440134087,0.7,-0.08106191031909912,10,3
577,copper,instSkew,swap,180,0.025930194183291937,-0.049367360137049315,0.4,-0.00600480408476863,10,2
577,copper,instSkew,swap,252,0.13513092843441363,0.023025955448650638,0.5,-0.10021254712820113,10,2
577,copper,instSkew,swap,378,0.3065982809939571,0.315687975333686,0.6,-0.2507330217135302,10,1
577,copper,instSkew,swap,504,0.4291968876514733,0.34673236547822667,0.8,-0.10119971882874078,10,3
577,copper,instKurt,swap,20,-0.1898323174763011,-0.23128893009885518,0.4,-0.2535480483918472,10,1
577,copper,instKurt,swap,40,-0.07667476976927981,-0.1497907378832939,0.4,-0.008770887168666178,10,2
577,copper,instKurt,swap,60,0.0405433593290355,-0.16434277510083406,0.4,-0.2466783699977022,10,1
577,copper,instKurt,swap,90,0.017618634044457033,-0.05971575316541727,0.6,-0.29279047925317003,10,1
577,copper,instKurt,swap,120,0.030325029952125448,-0.14238888034433222,0.6,0.11682573010268356,10,2
577,copper,instKurt,swap,180,-0.02597261235895542,-0.1469060723639537,0.4,-0.007262388138145516,10,2
577,copper,instKurt,swap,252,0.1648514577269448,0.21155053997679305,0.5,-0.03204789382417139,10,2
577,copper,instKurt,swap,378,0.5600418732840403,0.5178416630482241,0.5,-0.06261279812553942,10,2
577,copper,instKurt,swap,504,-0.0012355147050111983,0.14158486116892666,0.7,-0.09265854517640278,10,3
577,copper,minmax,swap,20,0.2941772039132694,0.45744494969569827,0.6,-0.032557202461227765,10,2
577,copper,minmax,swap,40,0.5084503064311132,0.7060588679720412,0.8,-0.07130731095332164,10,4
577,copper,minmax,swap,60,0.42387655488552817,0.6965805220482459,0.8,-0.06771559318619973,10,4
577,copper,minmax,swap,90,0.4296392505188345,0.5440822071675202,0.8,-0.0721854096292921,10,3
577,copper,minmax,swap,120,0.6115028122908505,0.8320004857832188,0.9,-0.14000977420965358,10,4
577,copper,minmax,swap,180,0.5999626090155282,0.7256679658767669,0.9,-0.14847824950924146,10,4
577,copper,minmax,swap,252,0.533573310145438,0.7041855749559446,0.8,-0.1743834736986893,10,3
577,copper,minmax,swap,378,0.33470598424473436,0.5886573955485286,0.8,-0.24796732149928274,10,2
577,copper,minmax,swap,504,0.015285756528761199,0.20138355025134771,0.5,-0.27095965198447647,10,1
577,copper,chg,swap,20,-0.4528941989428148,-0.5606907638032022,0.4,-0.08372963972287834,10,2
577,copper,chg,swap,40,0.6135362095764246,1.033729479440704,0.9,0.0547108837303823,10,4
577,copper,chg,swap,60,0.4532650208934098,0.5646954009095546,0.8,0.029801755327285528,10,3
577,copper,chg,swap,90,0.540638632057705,0.6247016627909064,0.7,-0.11408389290784354,10,4
577,copper,chg,swap,120,0.6130558418958324,0.8321107032451446,0.9,-0.11135189766130255,10,4
577,copper,chg,swap,180,0.3985088438515226,0.4050829335583408,0.6,-0.18466580127791382,10,1
577,copper,chg,swap,252,0.3124616080201383,0.647506791808401,0.7,-0.21225252296648775,10,3
577,copper,chg,swap,378,-0.0988862731923437,0.029603311032446115,0.3,-0.27013608594551725,10,1
577,copper,chg,swap,504,0.6383812736188305,0.38268676907072147,0.8,0.24096572196049387,10,2
577,copper,slope,swap,20,0.37524483233329053,0.39668320861920264,0.6,0.09535410728163901,10,2
577,copper,slope,swap,40,0.5946752336988991,1.2354419286620635,0.9,0.06983184133012421,10,4
577,copper,slope,swap,60,0.5771052190590733,1.0346293747600805,0.9,0.02754412986184952,10,4
577,copper,slope,swap,90,-0.4245817388234776,-0.4444740830826151,0.4,0.060588555912808,10,2
577,copper,slope,swap,120,0.5630664622195699,0.7432838379304707,0.7,-0.14667459000564426,10,4
577,copper,slope,swap,180,0.4581348641184047,0.35694853881421645,0.7,-0.19786671515986434,10,2
577,copper,slope,swap,252,0.13247355763833873,0.22113671020144302,0.6,-0.24543885070328283,10,1
577,copper,slope,swap,378,-0.08314133736556917,0.04851161497622281,0.5,-0.29251153027542065,10,1
577,copper,slope,swap,504,0.5743000693509114,0.40861201686254295,0.8,0.17187260319576989,10,2
577,copper,dStdev,swap,20,0.04893723320020674,-0.03177060988255225,0.6,-0.2126825312347197,10,1
577,copper,dStdev,swap,40,-0.020812761056908543,0.11565934844174716,0.7,-0.06414393968837609,10,3
577,copper,dStdev,swap,60,-0.20339012474618165,-0.11415005676022066,0.5,-0.09105800162697036,10,2
577,copper,dStdev,swap,90,0.2788905639978774,0.10668840656324863,0.5,0.02554141838040758,10,2
577,copper,dStdev,swap,120,0.27779345052666066,0.08725870604763486,0.5,0.14067828662232526,10,2
577,copper,dStdev,swap,180,0.5321298618824243,0.36196555608419045,0.7,0.14711472101258496,10,3
577,copper,dStdev,swap,252,-0.05076705360061991,-0.003645267226301474,0.7,-0.3636913432649647,10,2
577,copper,dStdev,swap,378,0.8520912052788201,0.6409304149469384,0.8,-0.1769073111803883,10,3
577,copper,dStdev,swap,504,0.251961377768522,0.12847980232936243,0.5,-0.2050775713669369,10,1
577,copper,dSkew,swap,20,0.1984513450209267,0.39462249931645466,0.7,-0.03526112597782021,10,3
577,copper,dSkew,swap,40,0.4391596101641496,0.7309046511910199,0.7,-0.12360594532680201,10,4
577,copper,dSkew,swap,60,0.27192106536804656,0.2437526487804622,0.6,-0.13148995540391792,10,2
577,copper,dSkew,swap,90,0.34439511681301177,0.26172260601441644,0.6,-0.1166029172105369,10,2
577,copper,dSkew,swap,120,0.45745321008856993,0.5207229662395882,0.7,-0.15395391218476598,10,2
577,copper,dSkew,swap,180,0.2703938151304208,0.2708939309043398,0.5,-0.1821993546710577,10,1
577,copper,dSkew,swap,252,0.037530911041916776,0.1906543743657712,0.5,-0.33997383477430526,10,1
577,copper,dSkew,swap,378,-0.3458618113517934,-0.21470608917963588,0.5,-0.38217187235365,10,1
577,copper,dSkew,swap,504,-0.6506408594176822,-0.7391576470698692,0.3,-0.37172089519731205,10,1
577,copper,ac1,swap,20,-0.1845881410799971,-0.0776200083930919,0.5,-0.03622335912223345,10,2
577,copper,ac1,swap,40,-0.1453667128323385,-0.41093213181450233,0.4,-0.013265745674125086,10,2
577,copper,ac1,swap,60,-0.07473328706731014,-0.17461855087969794,0.4,-0.15016629025797354,10,1
577,copper,ac1,swap,90,0.5825328668685394,0.40749211274947184,0.7,-0.0760981957042783,10,3
577,copper,ac1,swap,120,-0.548355260898003,-0.5065758643096573,0.5,-0.0029057222728305922,10,2
577,copper,ac1,swap,180,-0.3018403830226108,-0.2994339382153226,0.3,-0.13401163593287096,10,2
577,copper,ac1,swap,252,-0.0016610538263777004,-0.017513124106216207,0.4,-0.0798469647941784,10,2
577,copper,ac1,swap,378,0.44154439438641724,0.5178552137813653,0.7,-0.1630304105506382,10,2
577,copper,ac1,swap,504,-0.0514776062527097,-0.08053028558952031,0.6,0.16854455881604924,10,1
577,copper,pctpos,swap,20,0.1871666795101427,0.37336399544431964,0.6,-0.04154377769350345,10,2
577,copper,pctpos,swap,40,0.35312103634267994,0.6040508217654652,0.8,-0.06327609724133107,10,4
577,copper,pctpos,swap,60,-0.3157005061063282,-0.3517673079575425,0.2,0.043030447722222136,10,2
577,copper,pctpos,swap,90,0.4490913590485256,0.7018332631250788,0.7,-0.13518188323926036,10,4
577,copper,pctpos,swap,120,-0.49892577505403546,-0.7625867443438111,0.3,0.17175868127500996,10,1
577,copper,pctpos,swap,180,-0.2354020751487958,-0.49582465536418946,0.4,0.2811104772166365,10,1
577,copper,pctpos,swap,252,0.18388507240798396,0.3659853638837486,0.6,-0.3936915335562903,10,1
577,copper,pctpos,swap,378,0.18277348198981425,-0.023617120252555964,0.5,0.31277622025049073,10,1
577,copper,pctpos,swap,504,0.5756814616509793,0.2798958897818032,0.7,0.37398761934346636,10,2
577,epu_global,selfz,location,20,-0.1497674247167601,-0.09881673852481124,0.5,-0.02200978677939222,10,2
577,epu_global,selfz,location,40,0.05147649351280819,0.1470790134963985,0.6,-0.03292678370364518,10,2
577,epu_global,selfz,location,60,0.006068550563418455,0.23303373537048935,0.6,-0.012260960302265209,10,2
577,epu_global,selfz,location,90,0.1988285565399247,0.3393184793400675,0.6,-0.008377230999125506,10,2
577,epu_global,selfz,location,120,0.23578754315700362,0.3742514922102399,0.6,-0.03902735982681733,10,2
577,epu_global,selfz,location,180,0.25914393468075075,0.42605440934041605,0.6,-0.05378185067065564,10,2
577,epu_global,selfz,location,252,0.21856286707066971,0.4093660398172126,0.6,-0.10410044121481088,10,2
577,epu_global,selfz,location,378,0.07944112448113395,0.3129924171206114,0.6,-0.1562654930790894,10,1
577,epu_global,selfz,location,504,-0.05250745452874521,0.24637080057051353,0.6,-0.11869179513344053,10,2
577,epu_global,robustz,location,20,-0.375533883376199,-0.22501868736866748,0.5,-0.07298241164221314,10,2
577,epu_global,robustz,location,40,0.1593126967167561,0.22702214624572778,0.7,0.0013328436669544955,10,3
577,epu_global,robustz,location,60,0.09583645338333284,0.409683646364486,0.6,0.09966821597105932,10,2
577,epu_global,robustz,location,90,0.2505071026097071,0.4148373117773142,0.7,0.08271095484813777,10,3
577,epu_global,robustz,location,120,0.2164378607165537,0.38022055413085254,0.6,0.007891595700573642,10,2
577,epu_global,robustz,location,180,0.30083209659954707,0.5246363979041111,0.6,-0.03255383353315469,10,2
577,epu_global,robustz,location,252,0.30249722676627194,0.5301373416252954,0.6,-0.1371241385598009,10,2
577,epu_global,robustz,location,378,0.029354232072677643,0.26622601344744956,0.6,-0.1577229015165306,10,1
577,epu_global,robustz,location,504,0.20412800610223414,-0.14676004103858895,0.5,0.04316797436858755,10,2
577,epu_global,bdtanh,location,20,-0.08253852707976114,-0.07927580603299002,0.5,-0.028248796716488177,10,2
577,epu_global,bdtanh,location,40,0.07642190397608349,0.15523177642771235,0.6,-0.02504865680222062,10,2
577,epu_global,bdtanh,location,60,0.04761753505585664,0.2548798212394321,0.6,-0.039718144040702515,10,2
577,epu_global,bdtanh,location,90,0.11731299406076584,0.27207097666643254,0.6,-0.06289891627065648,10,2
577,epu_global,bdtanh,location,120,0.13442407339435844,0.28135755478400987,0.6,-0.09772434672772913,10,2
577,epu_global,bdtanh,location,180,0.1930464343036599,0.3424137387252293,0.6,-0.1320374092478893,10,2
577,epu_global,bdtanh,location,252,0.1966393838733461,0.3574389743655551,0.6,-0.18443343643053128,10,1
577,epu_global,bdtanh,location,378,0.0997775244615208,0.27665720360893437,0.6,-0.2102633426142038,10,1
577,epu_global,bdtanh,location,504,-0.029288915568967046,0.1789443238508773,0.6,-0.16363236616804674,10,1
577,epu_global,rankc,location,20,-0.06311887640194867,-0.1668724537651744,0.5,-0.177954679152432,10,1
577,epu_global,rankc,location,40,0.11192803259378228,0.15615162798983753,0.5,-0.05919095472887973,10,2
577,epu_global,rankc,location,60,0.09253927475084997,0.29854888460818596,0.7,-0.04762755963961312,10,3
577,epu_global,rankc,location,90,0.14023595591225954,0.3370517634889572,0.6,-0.025904459387465727,10,2
577,epu_global,rankc,location,120,0.1700147579699787,0.38208049107146913,0.6,-0.07133757667390257,10,2
577,epu_global,rankc,location,180,0.2025280047855815,0.4058531841653086,0.6,-0.10895182851556189,10,2
577,epu_global,rankc,location,252,0.22080668041586338,0.39961625598940315,0.6,-0.16092761155159122,10,1
577,epu_global,rankc,location,378,0.12387800650775439,0.3151332439893951,0.6,-0.21755029135729473,10,1
577,epu_global,rankc,location,504,-0.04254472864965549,0.2144618733788147,0.6,-0.1784775745995425,10,1
577,epu_global,signth,location,20,-0.021056759173834864,-0.17446902621620858,0.4,-0.045872732170590326,10,2
577,epu_global,signth,location,40,0.05299610042652972,0.13443169618558073,0.6,-0.024349771673719097,10,2
577,epu_global,signth,location,60,0.1117321763813553,0.3050068911575991,0.7,-0.038707301435880984,10,3
577,epu_global,signth,location,90,0.0898624091972476,0.2628714206085288,0.5,-0.11598216347550844,10,2
577,epu_global,signth,location,120,0.09740735947580366,0.28901174927246864,0.5,-0.10307003527261376,10,2
577,epu_global,signth,location,180,0.18103934137336422,0.3445891221630088,0.6,-0.11138191311379324,10,2
577,epu_global,signth,location,252,0.2052680695221654,0.38806368694782656,0.6,-0.21548024402655144,10,1
577,epu_global,signth,location,378,-0.10278641152126376,-0.2809745413951685,0.5,0.1641909019224964,10,1
577,epu_global,signth,location,504,0.1980063392611204,0.011019410938076672,0.7,0.02227112619402581,10,3
577,epu_global,dev,location,20,0.024623213586622533,-0.017674775252967508,0.5,-0.09515369287077541,10,2
577,epu_global,dev,location,40,0.10583022075838865,0.24742207190626797,0.6,-0.0942905163045131,10,2
577,epu_global,dev,location,60,0.1056091585988924,0.37393918161649276,0.7,-0.05983731125876265,10,3
577,epu_global,dev,location,90,0.12576255854615692,0.3797686398360699,0.6,-0.07118991486213593,10,2
577,epu_global,dev,location,120,0.07838478298776473,0.3297638716175333,0.6,-0.09248291543983753,10,2
577,epu_global,dev,location,180,0.09040883278182757,0.3253570884433379,0.6,-0.13188356328176815,10,2
577,epu_global,dev,location,252,0.09348032298198623,0.30565363280847796,0.6,-0.17031196470920687,10,1
577,epu_global,dev,location,378,0.0011164213532330863,0.23721209089207757,0.6,-0.18038031242146982,10,1
577,epu_global,dev,location,504,0.07370747203451546,-0.22746006711411706,0.4,0.12817448636742623,10,2
577,epu_global,instStdev,swap,20,-0.09046741003981933,-0.021093923331396928,0.4,-0.11281301542867528,10,2
577,epu_global,instStdev,swap,40,-0.12060441991972515,0.05922882071772415,0.5,-0.10532801055163403,10,2
577,epu_global,instStdev,swap,60,0.2655135832956069,0.12270896405036562,0.4,0.14745492939873908,10,2
577,epu_global,instStdev,swap,90,0.3355136701876522,0.11741104774823566,0.5,0.1784785944959063,10,1
577,epu_global,instStdev,swap,120,0.2796507040460637,0.09658552333343202,0.6,0.16098400583990663,10,1
577,epu_global,instStdev,swap,180,0.4709817151117785,0.23331330350614765,0.5,-0.06541088793053536,10,2
577,epu_global,instStdev,swap,252,0.2725862224870989,0.13145444473349288,0.6,-0.14670318221254094,10,2
577,epu_global,instStdev,swap,378,0.13798690106267672,0.06922888214036314,0.6,-0.17416143808720438,10,1
577,epu_global,instStdev,swap,504,0.10068924886373679,0.09311294192205569,0.7,-0.2643935762562539,10,2
577,epu_global,instSkew,swap,20,-0.30861932904201933,-0.17908372100673475,0.3,-0.03590538809210304,10,2
577,epu_global,instSkew,swap,40,-0.15243988607487596,-0.3681546944792126,0.4,0.022826837640292395,10,2
577,epu_global,instSkew,swap,60,0.3195175516007936,0.3767340943740205,0.5,-0.19231106615656798,10,1
577,epu_global,instSkew,swap,90,0.39213843831440875,0.36297901745740435,0.6,-0.22764494241189037,10,1
577,epu_global,instSkew,swap,120,-0.30297366282878035,-0.24991973330902437,0.5,0.083638887678962,10,2
577,epu_global,instSkew,swap,180,0.16334079359389567,0.023487500219104732,0.5,-0.19209508961981536,10,1
577,epu_global,instSkew,swap,252,0.01749462060244756,-0.20475151172696293,0.4,-0.08967328782590997,10,2
577,epu_global,instSkew,swap,378,0.5169953800239474,0.43979705800491886,0.6,-0.057914989967996634,10,2
577,epu_global,instSkew,swap,504,0.20647069174963348,0.2640355840247668,0.6,0.14314197257481756,10,2
577,epu_global,instKurt,swap,20,-0.21657397709265944,-0.5036451311546667,0.2,-0.18693746890394589,10,1
577,epu_global,instKurt,swap,40,-0.3260173403988801,-0.4656278141658416,0.3,-0.12387053204212618,10,2
577,epu_global,instKurt,swap,60,-0.14684788830057116,-0.43190415453770153,0.4,-0.18491666177652738,10,1
577,epu_global,instKurt,swap,90,0.2506199468951034,0.6048437230328925,0.8,-0.0664483155951191,10,4
577,epu_global,instKurt,swap,120,0.06963926042858858,0.04872629651202425,0.5,0.03504503568854201,10,2
577,epu_global,instKurt,swap,180,-0.06796695415453549,-0.2557141907761208,0.4,-0.17753976618460804,10,1
577,epu_global,instKurt,swap,252,0.24407031396154172,0.19012688861780436,0.6,-0.08707226768105687,10,2
577,epu_global,instKurt,swap,378,0.30758006849503156,0.26565927328754163,0.6,-0.17498496650192094,10,1
577,epu_global,instKurt,swap,504,0.19426048303101406,0.36019770064559664,0.6,-0.15723906376728505,10,1
577,epu_global,minmax,swap,20,0.004097027289324619,-0.07698353035716538,0.5,0.018969999699143897,10,2
577,epu_global,minmax,swap,40,0.1358313585483839,0.28741807723157925,0.6,-0.03669992798706401,10,2
577,epu_global,minmax,swap,60,0.07953197949851659,0.28197315418201374,0.6,-0.06064510158923549,10,2
577,epu_global,minmax,swap,90,0.23459917964490964,0.3201507816449992,0.6,-0.09589717581850894,10,2
577,epu_global,minmax,swap,120,0.2959750706497454,0.4212496002518025,0.6,-0.10098284744147977,10,2
577,epu_global,minmax,swap,180,0.24322541429140182,0.4275696070120266,0.6,-0.13979676418715173,10,2
577,epu_global,minmax,swap,252,0.15915633317332561,0.403128010338755,0.6,-0.12090129463856703,10,2
577,epu_global,minmax,swap,378,0.00787848845203476,0.29163774925284336,0.6,-0.12924376693124356,10,2
577,epu_global,minmax,swap,504,-0.037576291963009795,0.26653604423792426,0.6,-0.09104393536975795,10,2
577,epu_global,chg,swap,20,0.13794650004702597,0.21161156423039718,0.6,-0.10923562012478653,10,2
577,epu_global,chg,swap,40,-0.2529765736321699,0.08470601335006324,0.7,0.041287786118306254,10,3
577,epu_global,chg,swap,60,0.11020894183905586,0.4191801940336614,0.6,-0.09007344749560439,10,2
577,epu_global,chg,swap,90,0.043952429549782804,0.2886578813054796,0.5,-0.14111086325429753,10,2
577,epu_global,chg,swap,120,0.015353950535978381,0.2828101574137051,0.7,-0.08157298701435707,10,3
577,epu_global,chg,swap,180,0.08028130903615659,-0.17297884388662682,0.4,0.16598347715027076,10,1
577,epu_global,chg,swap,252,0.06961667347830156,-0.2053124102350253,0.5,-0.01830252060234774,10,2
577,epu_global,chg,swap,378,0.32428871984455787,0.02297930248877866,0.6,0.04212724296903678,10,2
577,epu_global,chg,swap,504,0.44009404901098254,0.0777146112239619,0.7,-0.12932818206040958,10,3
577,epu_global,slope,swap,20,0.01262867990543107,-0.12796704719481797,0.5,-0.10279597313005663,10,2
577,epu_global,slope,swap,40,0.1359017923262081,0.3693682052219369,0.7,-0.07473724718158582,10,3
577,epu_global,slope,swap,60,0.051244863846447095,0.36698370881102843,0.6,0.005216279810675667,10,2
577,epu_global,slope,swap,90,0.36199060564551705,0.5795034687531704,0.7,-0.062002566447148376,10,3
577,epu_global,slope,swap,120,-0.3636090152434612,-0.7458019718557484,0.2,0.13944226423930406,10,2
577,epu_global,slope,swap,180,-0.29571764129662975,-0.38369052925843194,0.4,0.041708850867356144,10,2
577,epu_global,slope,swap,252,-0.028281634166450766,-0.16748409164423989,0.4,0.03145891775861709,10,2
577,epu_global,slope,swap,378,0.2702108055918268,0.02778841045387637,0.4,-0.0004020038915461144,10,2
577,epu_global,slope,swap,504,0.6339514912825228,0.4403485397474947,0.6,-0.06692306911395011,10,2
577,epu_global,dStdev,swap,20,-0.016010157410822807,0.07819260606375346,0.4,-0.10414428839989565,10,2
577,epu_global,dStdev,swap,40,-0.051683256332940505,0.11894457377239044,0.5,-0.13951823064049423,10,2
577,epu_global,dStdev,swap,60,-0.20949626940158225,0.008569531744620398,0.7,-0.15922621027925116,10,2
577,epu_global,dStdev,swap,90,0.22207760277286887,0.025586817606866617,0.5,0.24378386386741796,10,1
577,epu_global,dStdev,swap,120,0.3124482924194322,0.09196546567217838,0.6,0.2055605172900867,10,1
577,epu_global,dStdev,swap,180,0.4530367324108687,0.137130104029531,0.6,0.06466670554932968,10,2
577,epu_global,dStdev,swap,252,0.4516938388606836,0.3587111207424811,0.7,-0.06605798288788176,10,3
577,epu_global,dStdev,swap,378,0.5156916542395338,0.6356151573956124,0.7,-0.157472163105114,10,3
577,epu_global,dStdev,swap,504,0.2836694112242647,0.09087007094700654,0.5,-0.07179923341491755,10,2
577,epu_global,dSkew,swap,20,0.08307307233110978,0.1681117808591518,0.5,-0.03989845431425577,10,2
577,epu_global,dSkew,swap,40,-0.14382121755694327,0.14816190180292457,0.7,0.08760318527989708,10,3
577,epu_global,dSkew,swap,60,0.14330452723215875,0.41886797631326006,0.7,0.020068929251016325,10,3
577,epu_global,dSkew,swap,90,0.39747036195867474,0.4650515286984883,0.6,-0.12237900608455528,10,2
577,epu_global,dSkew,swap,120,0.6431380064812903,0.834822373567314,0.8,-0.2007652521278554,10,3
577,epu_global,dSkew,swap,180,-0.11016307171860938,-0.3014320996043072,0.6,0.0004224008042011305,10,2
577,epu_global,dSkew,swap,252,-0.009942965343105558,-0.22805639072260656,0.4,-0.26260278239284507,10,1
577,epu_global,dSkew,swap,378,0.06507380907386236,-0.16537487768862302,0.4,-0.19596858788432853,10,1
577,epu_global,dSkew,swap,504,0.35617184484540504,0.09749895159350637,0.6,-0.2844623721887217,10,1
577,epu_global,ac1,swap,20,0.17105595561292214,0.2323731274557729,0.8,0.12558022825535625,10,3
577,epu_global,ac1,swap,40,-0.2129581636411378,-0.20824871891323363,0.4,-0.09899852193954839,10,2
577,epu_global,ac1,swap,60,-0.7385702650475168,-1.1064195960429466,0.1,-0.11748715801621153,10,2
577,epu_global,ac1,swap,90,0.46391674495931806,0.7890627792246925,0.8,0.17448528229435983,10,3
577,epu_global,ac1,swap,120,0.06900289502898603,-0.22450114811633787,0.4,-0.1848297659692251,10,1
577,epu_global,ac1,swap,180,-0.10455727919675042,-0.43629247662144277,0.3,-0.19750181223704638,10,1
577,epu_global,ac1,swap,252,0.04597460981167247,0.10776433532621875,0.4,-0.014866398429262889,10,2
577,epu_global,ac1,swap,378,0.13957902829255872,-0.0304938497130174,0.5,-0.08512914512405234,10,2
577,epu_global,ac1,swap,504,0.07857236990768961,-0.12088660438210584,0.6,-0.13649431464378609,10,2
577,epu_global,pctpos,swap,20,0.13960733882416496,0.21781890560213674,0.6,-0.03015135001550284,10,2
577,epu_global,pctpos,swap,40,-0.04717156759885532,-0.22704591998841966,0.4,-0.03180111358889817,10,2
577,epu_global,pctpos,swap,60,0.01001018599581471,0.15861467153503292,0.6,-0.0594987508676033,10,2
577,epu_global,pctpos,swap,90,0.42158315476558966,0.26234096307310895,0.7,-0.09866323196703754,10,3
577,epu_global,pctpos,swap,120,-0.09707883797579189,0.03983811578068575,0.3,-0.06572589604018703,10,2
577,epu_global,pctpos,swap,180,0.4084617817286382,0.24545386567762917,0.7,0.17779526491131845,10,2
577,epu_global,pctpos,swap,252,0.26034529530178074,0.0057106877405527,0.6,0.12130107379396855,10,2
577,epu_global,pctpos,swap,378,0.6387361200974288,0.24749156545846807,0.6,-0.0718933591119016,10,2
577,epu_global,pctpos,swap,504,0.7535865195914251,0.5529645720408648,0.9,-0.15155148013795777,10,2
577,us_empire_state,selfz,location,20,0.14570755699416318,-0.01780813306141003,0.5,-0.02298986730628494,10,2
577,us_empire_state,selfz,location,40,0.22185085194166085,0.2789777112941996,0.6,0.04474516488285589,10,2
577,us_empire_state,selfz,location,60,0.42817488468340825,0.468750628409289,0.7,-0.054403628731740476,10,3
577,us_empire_state,selfz,location,90,0.371872149564462,0.3951814554241807,0.6,-0.1330110235072061,10,2
577,us_empire_state,selfz,location,120,0.41376604362512137,0.42372805601445823,0.6,-0.1822253430167249,10,1
577,us_empire_state,selfz,location,180,0.32020390349854083,0.32267148690299147,0.6,-0.23919083651240267,10,1
577,us_empire_state,selfz,location,252,0.23498577229573792,0.2654025832071389,0.6,-0.25726084276807903,10,1
577,us_empire_state,selfz,location,378,0.08572250323801123,0.10613755723425884,0.5,-0.29776354905338376,10,1
577,us_empire_state,selfz,location,504,-0.06630679033412241,-0.04891416746410896,0.4,-0.3129867748932394,10,1
577,us_empire_state,robustz,location,20,-0.004541468347109677,-0.2057336941340189,0.4,-0.026563312711464268,10,2
577,us_empire_state,robustz,location,40,0.03236556662971612,0.026750319238321763,0.6,-0.014626137358360698,10,2
577,us_empire_state,robustz,location,60,0.3855692340501106,0.2707062327534033,0.5,-0.07702317033320297,10,2
577,us_empire_state,robustz,location,90,0.20611763437489197,0.1919603824623568,0.5,-0.13605356295068255,10,2
577,us_empire_state,robustz,location,120,0.21230445120980243,0.17855185633770768,0.5,-0.11451982252562652,10,2
577,us_empire_state,robustz,location,180,0.3167982985332672,0.2870060649395717,0.5,-0.16775406910778182,10,1
577,us_empire_state,robustz,location,252,0.2258506715784968,0.10013305726393835,0.5,-0.2994508147307342,10,1
577,us_empire_state,robustz,location,378,0.027491983325286417,0.0010130407776330072,0.4,-0.31333842163997994,10,1
577,us_empire_state,robustz,location,504,-0.07902100827498887,-0.07147389865446035,0.4,-0.3097430883500784,10,1
577,us_empire_state,bdtanh,location,20,0.17898575973975608,0.06507229443018937,0.5,-0.025632639174600878,10,2
577,us_empire_state,bdtanh,location,40,0.28315040052875284,0.3670609303026177,0.6,0.042871854514309714,10,2
577,us_empire_state,bdtanh,location,60,0.44259124739858935,0.459806524699816,0.7,-0.0314478582080025,10,3
577,us_empire_state,bdtanh,location,90,0.4046444112810147,0.47114337485456376,0.6,-0.09919036401622765,10,2
577,us_empire_state,bdtanh,location,120,0.3847934227560028,0.4115654294940946,0.6,-0.15117382111883138,10,1
577,us_empire_state,bdtanh,location,180,0.27849789997718283,0.29376801619028015,0.6,-0.22819436641788557,10,1
577,us_empire_state,bdtanh,location,252,0.15468973999582947,0.17831706211833567,0.6,-0.24182589446046604,10,1
577,us_empire_state,bdtanh,location,378,0.0015946499900817246,0.041176732678460774,0.4,-0.24937573114489903,10,1
577,us_empire_state,bdtanh,location,504,-0.13116165236505595,-0.1084828456068556,0.5,-0.25556129658161675,10,1
577,us_empire_state,rankc,location,20,0.30111285390288883,0.10242623427173474,0.6,0.03380472286246628,10,2
577,us_empire_state,rankc,location,40,0.2374019158442339,0.27832565639886786,0.6,0.05164902287175811,10,2
577,us_empire_state,rankc,location,60,0.3011453470773348,0.25145882650817025,0.7,0.042508139930171024,10,3
577,us_empire_state,rankc,location,90,0.3386080944899748,0.3680699715757234,0.7,-0.006521458044316968,10,3
577,us_empire_state,rankc,location,120,0.33689031600905167,0.37248418135327854,0.6,-0.06433482794737619,10,2
577,us_empire_state,rankc,location,180,0.25590105843155914,0.25057379122169654,0.5,-0.12793678490459756,10,2
577,us_empire_state,rankc,location,252,0.16533111304273862,0.155343792077736,0.4,-0.19054727510601804,10,1
577,us_empire_state,rankc,location,378,0.024720507674430944,0.06464143604642227,0.4,-0.22490832982726489,10,1
577,us_empire_state,rankc,location,504,-0.09313715685043464,-0.012055413122513976,0.5,-0.22401044263078532,10,1
577,us_empire_state,signth,location,20,0.2000463101339641,0.0958821192940379,0.6,-0.06315783301854117,10,2
577,us_empire_state,signth,location,40,0.2934491890234506,0.3916326593453802,0.6,0.0406818624852629,10,2
577,us_empire_state,signth,location,60,0.3583446628070449,0.35941388969142807,0.6,-0.026528773297951714,10,2
577,us_empire_state,signth,location,90,0.29650671609532037,0.46746415865422325,0.7,-0.03745588193230184,10,3
577,us_empire_state,signth,location,120,0.5877032747229276,0.7369053263981338,0.7,-0.14238317566925612,10,4
577,us_empire_state,signth,location,180,0.40819032044785636,0.48484968357591274,0.7,-0.2521758695957989,10,2
577,us_empire_state,signth,location,252,0.09294453800106195,0.14054068481786802,0.4,-0.18807239751869181,10,1
577,us_empire_state,signth,location,378,-0.17368966123846832,-0.3914624108400827,0.3,-0.2211196475660503,10,1
577,us_empire_state,signth,location,504,-0.13466863939115664,-0.09734095021786904,0.5,-0.22111108760959683,10,1
577,us_empire_state,dev,location,20,0.3067771389743077,0.12990985538303196,0.6,-0.0945289846834076,10,2
577,us_empire_state,dev,location,40,0.417718337952926,0.42591305180211186,0.6,-0.07220332165069498,10,2
577,us_empire_state,dev,location,60,0.4508543540151554,0.45031912292584586,0.7,-0.11438723750850853,10,3
577,us_empire_state,dev,location,90,0.4134255096511679,0.44773152887708,0.6,-0.14653062920320853,10,2
577,us_empire_state,dev,location,120,0.4043494822935922,0.39613844912422747,0.6,-0.20877112956305255,10,1
577,us_empire_state,dev,location,180,0.3152902068269999,0.31872393187919706,0.6,-0.29920341244715043,10,1
577,us_empire_state,dev,location,252,0.16370927065141508,0.1497817416835583,0.5,-0.3084013166475865,10,1
577,us_empire_state,dev,location,378,-0.006822772084534169,0.011387656335710079,0.4,-0.3053476680485494,10,1
577,us_empire_state,dev,location,504,-0.13295232470969354,-0.13236702623082433,0.4,-0.28179988780172677,10,1
577,us_empire_state,instStdev,swap,20,-0.13932515553588,-0.3840245360211446,0.4,-0.0014846029108659083,10,2
577,us_empire_state,instStdev,swap,40,0.16130574313440613,0.32765503272681146,0.6,0.08368042202982455,10,2
577,us_empire_state,instStdev,swap,60,0.01137984770299089,0.005550600978099561,0.7,-0.04596765481237485,10,3
577,us_empire_state,instStdev,swap,90,0.14389474831886215,-0.0035975464724134834,0.6,-0.12422872327680169,10,2
577,us_empire_state,instStdev,swap,120,0.10279817902667082,-0.11978691963558859,0.5,-0.21001389411779064,10,1
577,us_empire_state,instStdev,swap,180,0.17555265306266365,-0.04252918490732398,0.5,-0.08967440029562876,10,2
577,us_empire_state,instStdev,swap,252,-0.0648097674376037,-0.18754404065437463,0.3,-0.01982408619293041,10,2
577,us_empire_state,instStdev,swap,378,-0.13882506081816082,-0.320725192914308,0.4,0.08452732462540523,10,2
577,us_empire_state,instStdev,swap,504,-0.08203103197116784,-0.2716702856026407,0.4,0.13917035341209666,10,2
577,us_empire_state,instSkew,swap,20,0.05743472474989738,-0.15489326263799272,0.6,-0.04976100633489877,10,2
577,us_empire_state,instSkew,swap,40,-0.01608341915439105,-0.06147760170209437,0.5,0.012432731501059622,10,2
577,us_empire_state,instSkew,swap,60,-0.3437461827456017,-0.5205015425635161,0.2,0.14210819709940647,10,2
577,us_empire_state,instSkew,swap,90,0.43566839361644594,0.8230755265349714,0.8,-0.39547436870465963,10,3
577,us_empire_state,instSkew,swap,120,0.2837369464373164,0.38744486857390376,0.8,-0.32339958418403136,10,2
577,us_empire_state,instSkew,swap,180,0.16013972466484372,-0.21306749513699613,0.3,0.0022602573852273707,10,2
577,us_empire_state,instSkew,swap,252,0.24317953399850764,0.041731256920383764,0.3,-0.19808408596461302,10,1
577,us_empire_state,instSkew,swap,378,0.1328743673220455,0.0037730067785453855,0.6,-0.12157399473308042,10,2
577,us_empire_state,instSkew,swap,504,0.07251545759674281,-0.04533813707495458,0.5,-0.06177122423358843,10,2
577,us_empire_state,instKurt,swap,20,-0.31299750099010903,-0.39931335898472525,0.4,-0.1967491928656913,10,1
577,us_empire_state,instKurt,swap,40,0.43653312088066787,0.3997287581751949,0.7,-0.19652285789492857,10,2
577,us_empire_state,instKurt,swap,60,0.4778537019562737,0.5572367932201657,0.9,-0.07446295987308701,10,3
577,us_empire_state,instKurt,swap,90,-0.2535174977314166,-0.14933187074426962,0.3,-0.06755018568268381,10,2
577,us_empire_state,instKurt,swap,120,-0.4981700949873889,-0.584796835575225,0.3,0.043357269006345414,10,2
577,us_empire_state,instKurt,swap,180,-0.14749001849132445,-0.30373781434515096,0.4,-0.12503857337742863,10,2
577,us_empire_state,instKurt,swap,252,0.2934401363767249,0.5083536613110405,0.7,-0.16458258905674453,10,2
577,us_empire_state,instKurt,swap,378,-0.04629649453302202,-0.21571598517935253,0.5,0.09886647944620539,10,2
577,us_empire_state,instKurt,swap,504,0.12692236188533884,-0.14882112680773874,0.6,-0.31854609617698687,10,1
577,us_empire_state,minmax,swap,20,0.12618588629722619,0.04869062109499737,0.4,0.002825250040515761,10,2
577,us_empire_state,minmax,swap,40,0.33753145374438764,0.4351149522108172,0.7,0.027046056542392206,10,3
577,us_empire_state,minmax,swap,60,0.5292008050230116,0.5755348778616957,0.7,-0.12904765916515012,10,3
577,us_empire_state,minmax,swap,90,0.5537439082211079,0.6033939953490212,0.7,-0.20586630816076323,10,3
577,us_empire_state,minmax,swap,120,0.568942531010947,0.6472124152454372,0.7,-0.2427535465759726,10,3
577,us_empire_state,minmax,swap,180,0.35614597976618306,0.46484114443827973,0.5,-0.24688800822151005,10,1
577,us_empire_state,minmax,swap,252,0.1683814827090052,0.27027709236569275,0.6,-0.22401018703505324,10,1
577,us_empire_state,minmax,swap,378,0.050134053887849125,0.11596134375172377,0.5,-0.20377236873627447,10,1
577,us_empire_state,minmax,swap,504,-0.12361638917715652,-0.06268116669522904,0.4,-0.24893063936322185,10,1
577,us_empire_state,chg,swap,20,0.3226548117605253,0.3000163927580639,0.7,-0.08450956191166344,10,3
577,us_empire_state,chg,swap,40,0.1838082408456674,0.300311109869127,0.5,-0.027013438308974912,10,2
577,us_empire_state,chg,swap,60,0.40213975341318486,0.33746445925274515,0.6,-0.25285153879946015,10,1
577,us_empire_state,chg,swap,90,0.4508776688760313,0.5022500008084276,0.7,-0.2236503383699047,10,2
577,us_empire_state,chg,swap,120,0.3806357872988391,0.4550293981751305,0.6,-0.2976974106445217,10,1
577,us_empire_state,chg,swap,180,-0.0059568163828653325,0.17078906919371648,0.5,-0.21604530440129324,10,1
577,us_empire_state,chg,swap,252,-0.24000945420068734,-0.16467583295428959,0.5,-0.2064547148815799,10,1
577,us_empire_state,chg,swap,378,-0.32762102701292906,-0.3344098401670985,0.3,-0.1722412364891151,10,1
577,us_empire_state,chg,swap,504,-0.4970673845328174,-0.5035022420028681,0.4,-0.1020701411533022,10,2
577,us_empire_state,slope,swap,20,0.3999598842114579,0.4321482349782581,0.8,-0.11526832578157045,10,3
577,us_empire_state,slope,swap,40,-0.15142430198926646,-0.44558052529668496,0.4,-0.03705365563443179,10,2
577,us_empire_state,slope,swap,60,-0.19162153059789758,-0.280663089259647,0.3,0.10784855991436011,10,2
577,us_empire_state,slope,swap,90,0.18136135403920833,-0.03933245024641945,0.6,0.10998717492751806,10,2
577,us_empire_state,slope,swap,120,0.12472457613711231,0.3346766713357118,0.6,-0.2969275815105079,10,1
577,us_empire_state,slope,swap,180,-0.18767096882431186,0.021188889155254652,0.5,-0.4162019451331048,10,1
577,us_empire_state,slope,swap,252,0.44606108414647694,0.22710219726499276,0.6,0.22893222956143194,10,1
577,us_empire_state,slope,swap,378,0.6030700245934111,0.4510374201273173,0.9,0.06230538220413107,10,3
577,us_empire_state,slope,swap,504,0.649366000967651,0.39020104549996937,0.7,0.04730557273627891,10,3
577,us_empire_state,dStdev,swap,20,-0.2517214206803612,-0.3952577423970581,0.3,0.026732219905322874,10,2
577,us_empire_state,dStdev,swap,40,-0.007474411267421745,-0.09450626683037334,0.4,0.03067007466749969,10,2
577,us_empire_state,dStdev,swap,60,-0.11344366587691614,-0.18061076832952183,0.3,-0.08123674514887841,10,2
577,us_empire_state,dStdev,swap,90,0.018712720031990215,-0.13489980809213914,0.5,0.07810825314702839,10,2
577,us_empire_state,dStdev,swap,120,-0.0061324488717554426,-0.12305217248150357,0.4,-0.04142869867138005,10,2
577,us_empire_state,dStdev,swap,180,-0.029406127255480405,-0.20426392715644032,0.5,0.06689633112757552,10,2
577,us_empire_state,dStdev,swap,252,0.2452288749811611,0.2717782553761499,0.6,-0.1995383099351938,10,1
577,us_empire_state,dStdev,swap,378,0.12150749619362074,0.21753229086008705,0.7,-0.11240416411245295,10,3
577,us_empire_state,dStdev,swap,504,0.13535511483647678,0.3319947385263794,0.5,-0.10444234214341543,10,2
577,us_empire_state,dSkew,swap,20,0.10498978306952807,0.060316315107710794,0.4,0.026175127916517323,10,2
577,us_empire_state,dSkew,swap,40,0.09749849672632681,0.22936891296217565,0.5,0.07531071062108163,10,2
577,us_empire_state,dSkew,swap,60,0.2332052140016585,0.2510065759880424,0.6,-0.1811269967888134,10,1
577,us_empire_state,dSkew,swap,90,0.23946951675433117,0.3085484839889997,0.6,-0.2961876171101154,10,1
577,us_empire_state,dSkew,swap,120,0.022018831832956352,0.07998763787742261,0.5,-0.3823879615756637,10,1
577,us_empire_state,dSkew,swap,180,0.40310904992964497,0.43673742888878364,0.7,0.12523653037746377,10,3
577,us_empire_state,dSkew,swap,252,0.5850165198479661,0.831415384664392,0.7,0.026832093359010364,10,4
577,us_empire_state,dSkew,swap,378,0.59378277293059,1.0371582110028696,1.0,-0.027648207353716762,10,4
577,us_empire_state,dSkew,swap,504,0.5106548972824289,0.9842144822067513,0.9,-0.20001767512360694,10,3
577,us_empire_state,ac1,swap,20,-0.5568551999215132,-0.5670296301145186,0.3,-0.14358066541032827,10,2
577,us_empire_state,ac1,swap,40,-0.05539975282119791,0.046256899948318914,0.4,0.15153788223774994,10,1
577,us_empire_state,ac1,swap,60,0.5125384513988852,0.37354708411723136,0.7,-0.12269440853525941,10,3
577,us_empire_state,ac1,swap,90,0.00133673822769336,-0.004819608512268524,0.5,-0.2737313204352569,10,1
577,us_empire_state,ac1,swap,120,0.3340891003114794,0.36414376503900514,0.7,0.13149780984599296,10,3
577,us_empire_state,ac1,swap,180,-0.3148871206146934,-0.433859813747522,0.3,-0.11004754302217237,10,2
577,us_empire_state,ac1,swap,252,0.20063364515722149,0.12256069321046718,0.7,-0.21212362871009569,10,2
577,us_empire_state,ac1,swap,378,0.06860589698848867,-0.06429555985920647,0.5,-0.26745710512975834,10,1
577,us_empire_state,ac1,swap,504,-0.4007154732673199,-0.5966024919246503,0.2,-0.27086173580524203,10,1
577,us_empire_state,pctpos,swap,20,0.19047391843421752,0.15498166686269557,0.5,0.010807288366948465,10,2
577,us_empire_state,pctpos,swap,40,-0.047852112518605855,-0.18671047460935983,0.6,-0.17798490135354852,10,1
577,us_empire_state,pctpos,swap,60,-0.40325313345893915,-0.8693740198571654,0.3,-0.05607327674557315,10,2
577,us_empire_state,pctpos,swap,90,0.18834352417245015,-0.07654404733542876,0.4,-0.15028080716134018,10,1
577,us_empire_state,pctpos,swap,120,0.16544366765354507,0.21997274398905603,0.4,0.005933023816329573,10,2
577,us_empire_state,pctpos,swap,180,0.5482427489669599,0.3949783286402925,0.7,-0.08107565592222256,10,3
577,us_empire_state,pctpos,swap,252,-0.16593627464502497,-0.13552235286569855,0.3,-0.14196885807690235,10,2
577,us_empire_state,pctpos,swap,378,-0.4535850807472851,-0.4561454289822295,0.3,0.04959859173133113,10,2
577,us_empire_state,pctpos,swap,504,-0.1393236167206811,-0.060659339503228715,0.5,-0.07876779466490033,10,2
577,igrea,selfz,location,20,-0.04117071046254184,-0.14522135372711734,0.38461538461538464,0.017142851098504316,26,2
577,igrea,selfz,location,40,-0.01469516410635787,-0.10680075015258046,0.4230769230769231,-0.005721932360512072,26,2
577,igrea,selfz,location,60,0.19959187750964957,0.23323791363146398,0.5769230769230769,-0.0112753536952019,26,2
577,igrea,selfz,location,90,0.18565737618129505,0.12590997778851237,0.5384615384615384,-0.016477408054009796,26,2
577,igrea,selfz,location,120,0.19947892339727846,0.10689071653643026,0.5384615384615384,-0.011866565791726912,26,2
577,igrea,selfz,location,180,0.3214322692103706,0.2952774119983022,0.5769230769230769,-0.017516457656016646,26,2
577,igrea,selfz,location,252,0.31873968916186535,0.3291427986226073,0.56,-0.017176648785405153,25,2
577,igrea,selfz,location,378,0.1916494207014117,0.2365283213163897,0.6,-0.03983345250566782,25,2
577,igrea,selfz,location,504,0.08952767234800266,0.049049982521862594,0.56,0.015020719841234879,25,2
577,igrea,robustz,location,20,-0.0033571295833192214,0.003898808783532026,0.5769230769230769,-0.050667115640940195,26,2
577,igrea,robustz,location,40,0.08709026017774749,0.013262215977337524,0.5,-0.054736370418651766,26,2
577,igrea,robustz,location,60,0.3346838653824076,0.1867208253563881,0.5,-0.0478454184577578,26,2
577,igrea,robustz,location,90,0.03941462040738436,0.0241271031581446,0.5384615384615384,-0.01893021706625784,26,2
577,igrea,robustz,location,120,0.1528083838028455,0.13861594311042724,0.56,-0.021835133692235,25,2
577,igrea,robustz,location,180,0.3242872440305743,0.27669129959771477,0.52,-0.07249475026928345,25,2
577,igrea,robustz,location,252,0.39237436457940966,0.3721662995336682,0.6,-0.12181497469031558,25,2
577,igrea,robustz,location,378,0.06422743557819675,0.11267488292908527,0.5416666666666666,-0.20957582954925424,24,1
577,igrea,robustz,location,504,0.12093211749237359,0.028172688477723383,0.4583333333333333,0.16796952948998528,24,1
577,igrea,bdtanh,location,20,0.03612690484594896,-0.08224099929929403,0.4230769230769231,0.006110477548508582,26,2
577,igrea,bdtanh,location,40,0.052040337293263086,-0.015335715500122474,0.46153846153846156,-0.022689037750178404,26,2
577,igrea,bdtanh,location,60,0.1805963679630714,0.20704610745332452,0.5384615384615384,0.018109971632069996,26,2
577,igrea,bdtanh,location,90,0.21531878423021136,0.1307625055274573,0.5384615384615384,-0.004408465372730681,26,2
577,igrea,bdtanh,location,120,0.1983168257751903,0.11008039560305936,0.5769230769230769,-0.005111258433218757,26,2
577,igrea,bdtanh,location,180,0.3185819837009518,0.3182288580822935,0.6153846153846154,0.0029614294007279046,26,2
577,igrea,bdtanh,location,252,0.2872130582859092,0.3069899870257073,0.52,0.006119151913609184,25,2
577,igrea,bdtanh,location,378,0.09167819882563728,0.16293085268038274,0.52,-0.02564390039997991,25,2
577,igrea,bdtanh,location,504,0.14098991475054418,0.07420782442467654,0.64,0.015861791654093453,25,2
577,igrea,rankc,location,20,0.2583266862334454,0.3729709180057777,0.6538461538461539,0.077620855698174,26,3
577,igrea,rankc,location,40,0.014591532017994423,0.08219833610871095,0.5384615384615384,0.036171040638992465,26,2
577,igrea,rankc,location,60,0.16904152893718424,0.19590204331085284,0.5384615384615384,0.04410893123248183,26,2
577,igrea,rankc,location,90,0.24922917909024642,0.19298875186394082,0.5384615384615384,0.032770027951268606,26,2
577,igrea,rankc,location,120,0.3000845542141772,0.24278828072407727,0.5769230769230769,0.032812155853251763,26,2
577,igrea,rankc,location,180,0.32704353288429305,0.18251849331838121,0.6153846153846154,0.025329241857935426,26,2
577,igrea,rankc,location,252,0.2965972809464875,0.2800601155511562,0.6,0.016368123190051598,25,2
577,igrea,rankc,location,378,0.17568746958725004,0.23441390758224692,0.56,-0.0046066372109391665,25,2
577,igrea,rankc,location,504,-0.01605382619522412,0.014363426346934027,0.48,-0.009344965825157129,25,2
577,igrea,signth,location,20,-0.04280874026294091,-0.1874444372637283,0.34615384615384615,0.03504645975660877,26,2
577,igrea,signth,location,40,0.07681561505386507,0.05726244064402935,0.5,-0.010700790297609812,26,2
577,igrea,signth,location,60,0.13521923585289078,0.17814696709981176,0.5,0.021141545884096804,26,2
577,igrea,signth,location,90,0.22191481966164053,0.20897876135487006,0.6153846153846154,-0.0286998923071928,26,2
577,igrea,signth,location,120,0.2959763630756296,0.17875369173081873,0.6538461538461539,-0.012766430927546625,26,3
577,igrea,signth,location,180,0.25155496998101856,0.19817907234159798,0.5384615384615384,-0.04929839610982688,26,2
577,igrea,signth,location,252,0.2646968686986723,0.2890067971037571,0.6153846153846154,-0.0967142730407102,26,2
577,igrea,signth,location,378,0.12661539203881875,0.05882850651553414,0.52,-0.04156812762259971,25,2
577,igrea,signth,location,504,0.20675878473199227,0.07586062221634189,0.56,-0.011901818510056018,25,2
577,igrea,dev,location,20,0.10796159139789242,0.24060162959614997,0.6538461538461539,-0.04723275488969439,26,3
577,igrea,dev,location,40,0.05026078760532372,0.09150554378727162,0.5,-0.019653849765223746,26,2
577,igrea,dev,location,60,0.10046767647698536,0.09121046036387749,0.5384615384615384,0.0034573581291020205,26,2
577,igrea,dev,location,90,0.18827678433904257,0.08591583746722503,0.5384615384615384,0.021797754124447063,26,2
577,igrea,dev,location,120,0.3051414826960112,0.21523164639960685,0.6153846153846154,0.03071949103503666,26,2
577,igrea,dev,location,180,0.3987912425031686,0.2834036107079927,0.6538461538461539,0.023903014386347485,26,3
577,igrea,dev,location,252,0.3219077296384022,0.3250203781034071,0.56,0.015527465159871964,25,2
577,igrea,dev,location,378,0.18925160634106497,0.23098908162368964,0.6,0.017018527586325997,25,2
577,igrea,dev,location,504,0.04487986632979948,0.05797578288251449,0.48,-0.042314513639042914,25,2
577,igrea,instStdev,swap,20,0.13600748199999624,0.04998877025037792,0.5384615384615384,0.042058928076571175,26,2
577,igrea,instStdev,swap,40,0.07965397633172698,-0.05234035434339357,0.34615384615384615,0.07295066648558235,26,2
577,igrea,instStdev,swap,60,-0.03953636909452736,-0.21049238190746739,0.4230769230769231,0.07085996679727884,26,2
577,igrea,instStdev,swap,90,-0.1855911632997752,-0.2889079818809138,0.38461538461538464,0.08404750814251971,26,2
577,igrea,instStdev,swap,120,0.28232121573559854,0.3090265966413767,0.6153846153846154,-0.0581124538655727,26,2
577,igrea,instStdev,swap,180,0.21769392474589355,0.0733112846836175,0.6153846153846154,0.06455414238942095,26,2
577,igrea,instStdev,swap,252,0.38160200607232025,0.17494973929671948,0.64,0.008517051193746144,25,2
577,igrea,instStdev,swap,378,0.5419483975142919,0.3927472100479322,0.76,-0.1398048524916179,25,3
577,igrea,instStdev,swap,504,0.2444569885530035,0.19993972320221073,0.6,-0.12633689342833107,25,2
577,igrea,instSkew,swap,20,0.21337245102992375,0.3357386880904208,0.6538461538461539,-0.012761546484694805,26,3
577,igrea,instSkew,swap,40,0.14213105094515593,0.2551947852323097,0.6538461538461539,-0.02117056297239745,26,3
577,igrea,instSkew,swap,60,0.033491785015173685,0.024353802077724997,0.5769230769230769,-0.022444359730319476,26,2
577,igrea,instSkew,swap,90,-0.037582000774002575,-0.06994381829095972,0.38461538461538464,0.03165175779150451,26,2
577,igrea,instSkew,swap,120,0.025999054543235527,0.02950214605781265,0.6153846153846154,0.055021139734909,26,2
577,igrea,instSkew,swap,180,0.03344675142735865,0.0575999104971712,0.5769230769230769,-0.08977230747113542,26,2
577,igrea,instSkew,swap,252,0.28009972442697945,0.19428257103291133,0.68,-0.02272500769751687,25,3
577,igrea,instSkew,swap,378,0.23605829301768066,0.12363489534858052,0.56,-0.02913611521085597,25,2
577,igrea,instSkew,swap,504,0.2780664834847456,0.10383970984867226,0.44,0.011428838087005832,25,2
577,igrea,instKurt,swap,20,0.20150846441846462,0.2110549020709847,0.6153846153846154,0.15622249591266546,26,1
577,igrea,instKurt,swap,40,0.019479141492177783,0.019662222866921528,0.4230769230769231,0.1174890073826386,26,2
577,igrea,instKurt,swap,60,0.020812651813356405,0.11090214325504996,0.6153846153846154,0.12436022086531948,26,2
577,igrea,instKurt,swap,90,0.30289750578619123,0.1976250063791081,0.5384615384615384,0.07942831844272794,26,2
577,igrea,instKurt,swap,120,0.31518760373731664,0.19736484102369886,0.5384615384615384,0.04941100035501648,26,2
577,igrea,instKurt,swap,180,0.5661347886716778,0.3852953065742692,0.6923076923076923,0.052581817068142515,26,3
577,igrea,instKurt,swap,252,0.2691291756019524,0.03774201337017027,0.48,0.02521514134784938,25,2
577,igrea,instKurt,swap,378,0.19084751589805046,0.12756504559253692,0.48,0.04534702329385593,25,2
577,igrea,instKurt,swap,504,0.1732914021393825,-0.08588419485397214,0.4,-0.06882061525985851,25,2
577,igrea,minmax,swap,20,0.021304586247767657,-0.04894319842952429,0.4230769230769231,-0.0026642422261421218,26,2
577,igrea,minmax,swap,40,0.03464445759410227,-0.009061586999983282,0.46153846153846156,-0.03890771925136428,26,2
577,igrea,minmax,swap,60,0.18933209703241125,0.17526687872506194,0.5384615384615384,0.025277443791685526,26,2
577,igrea,minmax,swap,90,0.205447123623731,0.14934719247281902,0.5769230769230769,0.016572734188828608,26,2
577,igrea,minmax,swap,120,0.30222588478996243,0.2181613650180205,0.6153846153846154,0.018536703470978008,26,2
577,igrea,minmax,swap,180,0.36251784596322034,0.32312185068201915,0.64,-0.0137995386457495,25,2
577,igrea,minmax,swap,252,0.24566485652164274,0.2465998696884098,0.56,0.006980398516829411,25,2
577,igrea,minmax,swap,378,0.1349804661535794,0.19968569116511953,0.56,-0.010026819204386382,25,2
577,igrea,minmax,swap,504,0.20862599872759202,0.12601683667815164,0.6,-0.03007258123751484,25,2
577,igrea,chg,swap,20,0.08308326207555224,0.17430731318238993,0.5384615384615384,-0.02556651096368863,26,2
577,igrea,chg,swap,40,0.11354375967457538,0.03329681865783694,0.5,0.00764381427867674,26,2
577,igrea,chg,swap,60,0.20542358909992592,0.14937324905228808,0.6153846153846154,0.02445405162011665,26,2
577,igrea,chg,swap,90,0.13288851574274438,-0.09483791543730107,0.5384615384615384,0.030871435999875893,26,2
577,igrea,chg,swap,120,0.28622448879846757,0.2145806103981654,0.52,0.03905748099879362,25,2
577,igrea,chg,swap,180,0.29205374518608423,0.24449841943748452,0.56,-0.032372663609138805,25,2
577,igrea,chg,swap,252,0.029002368319008456,0.10408579215167249,0.48,-0.015403946777067844,25,2
577,igrea,chg,swap,378,0.1342544069099281,0.14330100319837114,0.5416666666666666,-0.026017801881722983,24,2
577,igrea,chg,swap,504,0.4693928695217235,0.26091056617236574,0.6666666666666666,-0.13186120117098957,24,3
577,igrea,slope,swap,20,0.016813152851460608,-0.11389295988943049,0.4230769230769231,0.04641054672263224,26,2
577,igrea,slope,swap,40,-2.9773350594681702e-05,-0.05824101002872625,0.5,-0.0010808602897548756,26,2
577,igrea,slope,swap,60,0.16473150117902194,0.11660848985383078,0.6153846153846154,0.025825189518530172,26,2
577,igrea,slope,swap,90,0.20944668941127356,0.09934799110216254,0.5384615384615384,0.03418044263708065,26,2
577,igrea,slope,swap,120,0.18592769137902943,0.09952988546219999,0.5769230769230769,0.055118656531566175,26,2
577,igrea,slope,swap,180,0.30053125787252305,0.16699663100190193,0.5769230769230769,0.0011458549039961932,26,2
577,igrea,slope,swap,252,0.10043310728284792,0.04327076747445741,0.56,0.016407996634998895,25,2
577,igrea,slope,swap,378,-0.06523351110333579,-0.017424430995278607,0.4,-0.013519891419203619,25,2
577,igrea,slope,swap,504,0.3703301735674144,0.17553108736277534,0.64,-0.10147068698954839,25,2
577,igrea,dStdev,swap,20,0.07164470098509686,-0.021338350819935153,0.5384615384615384,0.051066242382366386,26,2
577,igrea,dStdev,swap,40,-0.05269834856703544,-0.20876833331767344,0.4230769230769231,0.06278163544841354,26,2
577,igrea,dStdev,swap,60,-0.16401510580858,-0.33522619112797497,0.34615384615384615,0.07169250076118494,26,2
577,igrea,dStdev,swap,90,-0.21262998102633937,-0.38961581539263535,0.2692307692307692,0.09514498287810783,26,2
577,igrea,dStdev,swap,120,0.1435526794583041,0.21953048015047802,0.6923076923076923,-0.044600315403998864,26,3
577,igrea,dStdev,swap,180,-0.12315766532547635,-0.17579834770316657,0.4230769230769231,-0.03835911593474392,26,2
577,igrea,dStdev,swap,252,0.26008319495571375,0.1777865898301777,0.68,-0.032513761877696806,25,3
577,igrea,dStdev,swap,378,0.16827432286677932,0.14312023486968403,0.6,-0.08201456756769415,25,2
577,igrea,dStdev,swap,504,0.017568953104445582,-0.03352475929193875,0.48,0.03383410170336389,25,2
577,igrea,dSkew,swap,20,0.06276418404225022,-0.02080404790401557,0.5,0.007159539431547591,26,2
577,igrea,dSkew,swap,40,0.058249658432331756,-0.02071260519638632,0.5384615384615384,0.06612656660112107,26,2
577,igrea,dSkew,swap,60,0.2569022373301736,0.13070217193735748,0.6923076923076923,0.013562828375934031,26,3
577,igrea,dSkew,swap,90,0.0670613601853567,0.07085274356038869,0.5384615384615384,0.0021733712124267597,26,2
577,igrea,dSkew,swap,120,0.33699180358016656,0.3128465510134403,0.6923076923076923,0.0003157372131810332,26,3
577,igrea,dSkew,swap,180,0.386965073956139,0.19707993823399722,0.5769230769230769,-0.06664863482889051,26,2
577,igrea,dSkew,swap,252,0.3682554870143848,0.25843246096387684,0.56,-0.00938450437170553,25,2
577,igrea,dSkew,swap,378,-0.0206952403696493,-0.078031668832218,0.52,-0.0036984015934299432,25,2
577,igrea,dSkew,swap,504,0.2949485755185166,0.2227082934200546,0.64,-0.21680415992075788,25,1
577,igrea,ac1,swap,20,0.0648717844015805,-0.1811540113532426,0.46153846153846156,-0.04359298657038848,26,2
577,igrea,ac1,swap,40,0.11821108970314186,0.11944792795518507,0.6153846153846154,-0.04119269095352155,26,2
577,igrea,ac1,swap,60,0.004420910570531453,0.007854144154598085,0.4230769230769231,-0.006664124253123809,26,2
577,igrea,ac1,swap,90,0.04257099774559087,-0.045671067791289675,0.4230769230769231,-0.04652772651995293,26,2
577,igrea,ac1,swap,120,0.08686279674030012,0.22043574258755913,0.5769230769230769,0.0712255995351279,26,2
577,igrea,ac1,swap,180,-0.07582585092148049,-0.37518240439605055,0.38461538461538464,-0.13176452020613919,26,2
577,igrea,ac1,swap,252,0.06622196463330578,0.08210347752838257,0.56,0.12913380308523392,25,2
577,igrea,ac1,swap,378,0.03778464966120928,-0.09700075449295721,0.44,-0.12888266902463066,25,2
577,igrea,ac1,swap,504,0.11971851802972909,0.07617677546360356,0.56,0.14038243027068606,25,2
577,igrea,pctpos,swap,20,0.05041901857007717,-0.05691211105345681,0.4230769230769231,0.031102925740860998,26,2
577,igrea,pctpos,swap,40,0.08180770374703367,0.03299082773375861,0.46153846153846156,-0.004409937192814672,26,2
577,igrea,pctpos,swap,60,0.14138517759238275,0.040277986984461805,0.5,-0.004987065353517414,26,2
577,igrea,pctpos,swap,90,-0.058849762070081656,-0.1465182879812185,0.5,-0.0008212697066326899,26,2
577,igrea,pctpos,swap,120,0.04767633551886945,-0.00374416474201735,0.5384615384615384,0.021771107094248805,26,2
577,igrea,pctpos,swap,180,0.09547452569218098,0.03161602063892051,0.4230769230769231,0.021834522738342178,26,2
577,igrea,pctpos,swap,252,0.018028144476408655,-0.027448155424573576,0.44,0.016242653959854948,25,2
577,igrea,pctpos,swap,378,0.1434953884158204,0.17851721329908177,0.68,-0.04671895041260329,25,3
577,igrea,pctpos,swap,504,0.2888711069898538,0.11438174488074376,0.56,-0.024587282189937654,25,2
1692,cny_usd,selfz,location,20,-0.03138421641481329,0.01601983850446743,0.6,0.16331434229889036,10,1
1692,cny_usd,selfz,location,40,0.03060643866323376,0.031640701562996226,0.6,0.07671140012821394,10,2
1692,cny_usd,selfz,location,60,0.025196186547639565,0.0037114059597061887,0.6,0.04848632470970043,10,2
1692,cny_usd,selfz,location,90,-0.1609680702705483,-0.053850172662192546,0.4,-0.02103067495039281,10,2
1692,cny_usd,selfz,location,120,-0.2094271812132844,-0.06365835484685889,0.4,-0.011241163536588604,10,2
1692,cny_usd,selfz,location,180,-0.16194782290742105,-0.05848136283855402,0.6,-0.04835942079816817,10,2
1692,cny_usd,selfz,location,252,-0.2067623234058878,-0.1643215903622313,0.6,-0.08127767096580428,10,2
1692,cny_usd,selfz,location,378,-0.3688894056616044,-0.3037211920373354,0.5,-0.06947174442103897,10,2
1692,cny_usd,selfz,location,504,-0.34969179911058207,-0.31065735221743557,0.5,0.0046821629499719936,10,2
1692,cny_usd,robustz,location,20,0.15369312778626587,0.02697672948532483,0.6,0.10608256422525823,10,2
1692,cny_usd,robustz,location,40,0.16472631802492038,0.14695592909273256,0.6,0.09086811524772229,10,2
1692,cny_usd,robustz,location,60,-0.0406057251050265,-0.08611720393417648,0.6,0.11729026816838932,10,2
1692,cny_usd,robustz,location,90,0.2166693013508386,0.07965531843235603,0.6,0.048311470519661566,10,2
1692,cny_usd,robustz,location,120,-0.2225528117646783,-0.07825528418062085,0.4,-0.03427119560457862,10,2
1692,cny_usd,robustz,location,180,0.029016829745559098,0.16170870168927276,0.7,-0.2057426130883913,10,2
1692,cny_usd,robustz,location,252,-0.2528856188782463,-0.16713227319690285,0.6,-0.18355900409974302,10,1
1692,cny_usd,robustz,location,378,0.4243836097558239,0.30906269107085144,0.6,0.04438247174846193,10,2
1692,cny_usd,robustz,location,504,-0.3587838585231009,-0.3285389174466061,0.4,-0.00912532304872816,10,2
1692,cny_usd,bdtanh,location,20,-0.11231392586189791,-0.05656816950802355,0.6,0.16030977836898824,10,1
1692,cny_usd,bdtanh,location,40,-0.013439914018871736,0.0046597744318476785,0.6,0.05734248128308379,10,2
1692,cny_usd,bdtanh,location,60,0.04770721113103193,0.04055717266012221,0.6,-0.010111373980467974,10,2
1692,cny_usd,bdtanh,location,90,-0.18112416139392226,-0.14102127321030974,0.3,0.006196456419662944,10,2
1692,cny_usd,bdtanh,location,120,-0.2525172326999342,-0.18816455830157755,0.5,0.010641205220413173,10,2
1692,cny_usd,bdtanh,location,180,-0.2248038685612757,-0.22448942654839937,0.5,0.0070660447561279914,10,2
1692,cny_usd,bdtanh,location,252,-0.22729281218239838,-0.26502242015018035,0.6,0.008826539995798063,10,2
1692,cny_usd,bdtanh,location,378,0.24003368685367962,0.21272194871532168,0.6,-0.010244044430319964,10,2
1692,cny_usd,bdtanh,location,504,0.25727089237365897,0.19975591422331135,0.5,-0.0608257679018176,10,2
1692,cny_usd,rankc,location,20,-0.07888051943416426,0.006026209176080826,0.4,0.16432628165846083,10,1
1692,cny_usd,rankc,location,40,-0.07864041914020246,0.007354474314364188,0.6,0.07771221582949099,10,2
1692,cny_usd,rankc,location,60,-0.09644887333859203,-0.18316406245088954,0.2,-0.022722830640809745,10,2
1692,cny_usd,rankc,location,90,-0.17693518522225835,-0.19284270675492374,0.3,-0.008884466926863042,10,2
1692,cny_usd,rankc,location,120,-0.24524329369347456,-0.24786373557140817,0.3,-0.008238868010727618,10,2
1692,cny_usd,rankc,location,180,-0.3437075173407057,-0.42922859913731,0.3,-0.03847772407901438,10,2
1692,cny_usd,rankc,location,252,0.2940224930680474,0.39879045515388417,0.7,0.04420855303055784,10,3
1692,cny_usd,rankc,location,378,0.3523969462863961,0.4578109433887502,0.7,0.04515540936157402,10,3
1692,cny_usd,rankc,location,504,0.3654956697190168,0.5105882554698014,0.7,-0.0039926613065327165,10,3
1692,cny_usd,signth,location,20,-0.019922727606101018,0.019333097016554196,0.6,0.16198982232034337,10,1
1692,cny_usd,signth,location,40,-0.0646610860298139,-0.052189329816359785,0.5,0.0690652582681312,10,2
1692,cny_usd,signth,location,60,0.13252120350242366,0.09831389810978212,0.6,-0.04390901897949819,10,2
1692,cny_usd,signth,location,90,-0.14368035309978097,-0.06129385902449126,0.4,0.04903539870221619,10,2
1692,cny_usd,signth,location,120,-0.10550757914028609,-0.032045494327324994,0.5,0.007407187063994466,10,2
1692,cny_usd,signth,location,180,0.2742252792100534,0.3824537507142708,0.6,-0.001855516583316767,10,2
1692,cny_usd,signth,location,252,0.2728465691977146,0.31363161210182694,0.6,-0.03870827102798449,10,2
1692,cny_usd,signth,location,378,-0.06088687804808432,-0.11716520641808394,0.4,-0.08701760046973943,10,2
1692,cny_usd,signth,location,504,0.12836561255568393,0.08487063287280691,0.6,-0.09121726284693253,10,2
1692,cny_usd,dev,location,20,-0.08204545939370735,-0.06045640353870099,0.5,0.18437451463950258,10,1
1692,cny_usd,dev,location,40,-0.05889257952783339,-0.07239063549097177,0.5,0.1330974620872406,10,2
1692,cny_usd,dev,location,60,0.0821685089163098,-0.02295984244667707,0.6,0.04208655856862332,10,2
1692,cny_usd,dev,location,90,-0.21163306141252336,-0.0861144179558086,0.4,0.001881580410722974,10,2
1692,cny_usd,dev,location,120,-0.16981777646033006,-0.061198452897659246,0.5,-0.016493542537676008,10,2
1692,cny_usd,dev,location,180,-0.21841911511748177,-0.15301535884696044,0.5,-0.018417948773798976,10,2
1692,cny_usd,dev,location,252,-0.3512535181047194,-0.3052750852515547,0.4,-0.025435615339630985,10,2
1692,cny_usd,dev,location,378,-0.3405673302697501,-0.24794111708668123,0.4,-0.01818550793661304,10,2
1692,cny_usd,dev,location,504,0.2888525744616575,0.247877794808941,0.6,-0.05153405676720734,10,2
1692,cny_usd,instStdev,swap,20,0.37675495789816416,0.4329474915214545,0.7,0.05574467295381921,10,3
1692,cny_usd,instStdev,swap,40,0.4554618990422078,0.5056725685537181,0.6,0.04180468198058832,10,2
1692,cny_usd,instStdev,swap,60,0.46384714535489846,0.4951379907217453,0.7,0.039632130998114225,10,3
1692,cny_usd,instStdev,swap,90,-0.33293006535764996,-0.3011563910639724,0.3,-0.0013311009912566093,10,2
1692,cny_usd,instStdev,swap,120,-0.3309498730962161,-0.23077808204488945,0.3,0.05358745471763824,10,2
1692,cny_usd,instStdev,swap,180,-0.30039786417865827,-0.18814825679320024,0.4,0.17871662649200812,10,1
1692,cny_usd,instStdev,swap,252,-0.3015309795989295,-0.20664726071532705,0.5,0.09018997255897801,10,2
1692,cny_usd,instStdev,swap,378,0.14453726909934067,0.31311157047784105,0.8,-0.09190995081126592,10,3
1692,cny_usd,instStdev,swap,504,0.5219724191626121,0.4687419794176238,0.7,-0.025594940629855945,10,3
1692,cny_usd,instSkew,swap,20,-0.2025133037560463,-0.2075124135068812,0.3,-0.1353573740358948,10,2
1692,cny_usd,instSkew,swap,40,-0.010177910537967875,0.06357560243323894,0.4,-0.22959786587556102,10,1
1692,cny_usd,instSkew,swap,60,0.2247938016386409,0.45610216160658945,0.7,-0.25687643137575644,10,2
1692,cny_usd,instSkew,swap,90,0.1300546209738426,0.215584386273028,0.5,-0.09557323804632001,10,2
1692,cny_usd,instSkew,swap,120,-0.15867802449867238,-0.12208932142779172,0.4,-0.06402478320114124,10,2
1692,cny_usd,instSkew,swap,180,-0.035968977884838486,0.022613600850616557,0.5,-0.24707524536990033,10,1
1692,cny_usd,instSkew,swap,252,-0.1557538555147822,-0.020550183117147798,0.4,-0.2134515166131557,10,1
1692,cny_usd,instSkew,swap,378,0.6843168851951796,0.49784707630436276,0.6,0.0522629297110727,10,2
1692,cny_usd,instSkew,swap,504,-0.7246154878006794,-0.44988980274777646,0.4,-0.038829589116997326,10,2
1692,cny_usd,instKurt,swap,20,0.08736433894024323,0.15225266319325684,0.5,-0.14973098532751564,10,2
1692,cny_usd,instKurt,swap,40,0.20090408185272599,0.47681260279236914,0.5,-0.04905664168527762,10,2
1692,cny_usd,instKurt,swap,60,0.29585885062868783,0.4448554115563923,0.6,-0.03060614805902732,10,2
1692,cny_usd,instKurt,swap,90,0.06237382091330648,-0.05591408758011661,0.4,-0.15329536345593067,10,1
1692,cny_usd,instKurt,swap,120,0.07558807105241355,-0.03521426982611813,0.3,0.04507433171925934,10,2
1692,cny_usd,instKurt,swap,180,-0.18450305595470184,-0.17573320765795253,0.3,0.17951887433137098,10,1
1692,cny_usd,instKurt,swap,252,0.01291551136884046,0.017864295373050308,0.5,0.21771419658916194,10,1
1692,cny_usd,instKurt,swap,378,0.2915514348725122,0.20686499960123614,0.5,0.2578678851954551,10,1
1692,cny_usd,instKurt,swap,504,0.2160926008493887,0.07089884745314179,0.6,-0.12294532649848726,10,2
1692,cny_usd,minmax,swap,20,-0.047422524976122385,-0.017867829196398538,0.5,0.12957262430652294,10,2
1692,cny_usd,minmax,swap,40,0.0786554285132386,0.025338739854713122,0.6,0.01714240252586389,10,2
1692,cny_usd,minmax,swap,60,0.12170134728380701,0.05019827915140186,0.6,-0.04676486115588091,10,2
1692,cny_usd,minmax,swap,90,-0.3038721479085548,-0.26831548525372617,0.3,0.03270792625266831,10,2
1692,cny_usd,minmax,swap,120,-0.28129800289005985,-0.3210575003268677,0.3,0.03565527553486024,10,2
1692,cny_usd,minmax,swap,180,-0.16090690176975908,-0.1731282059458537,0.6,0.04373986758956266,10,2
1692,cny_usd,minmax,swap,252,-0.15925521595451,-0.19790432197886626,0.5,0.04896113946182192,10,2
1692,cny_usd,minmax,swap,378,0.06772606159284383,0.15874757800536013,0.6,-0.023073508185721764,10,2
1692,cny_usd,minmax,swap,504,-0.02555862301071678,-0.12415606165496655,0.5,-0.12322989004079553,10,2
1692,cny_usd,chg,swap,20,-0.10138277977738655,-0.19426667666233088,0.5,0.1476792585129568,10,2
1692,cny_usd,chg,swap,40,0.08628076013038233,-0.07586613420036949,0.5,-0.01824088585140509,10,2
1692,cny_usd,chg,swap,60,-0.13997000702355303,0.09210500493520091,0.6,0.05199442401388915,10,2
1692,cny_usd,chg,swap,90,-0.16436217920227703,-0.07704872669901186,0.5,-0.01114148765492916,10,2
1692,cny_usd,chg,swap,120,-0.1091636522053988,-0.07505727783317157,0.6,-0.02156463764026415,10,2
1692,cny_usd,chg,swap,180,0.27084540627809833,0.3404655898151022,0.6,-0.04703230249910595,10,2
1692,cny_usd,chg,swap,252,0.3611645934811096,0.5354094985864042,0.6,-0.009805796519647383,10,2
1692,cny_usd,chg,swap,378,0.3693238018704371,0.36431842003661585,0.5,-0.05973696994466335,10,2
1692,cny_usd,chg,swap,504,-0.05465223317690661,0.008695757069036508,0.6,-0.13116925293165058,10,2
1692,cny_usd,slope,swap,20,-0.02252037089107009,-0.2204286032999416,0.5,0.07251935919274036,10,2
1692,cny_usd,slope,swap,40,-0.15520663661786988,-0.058812453680562,0.4,0.03998925701837685,10,2
1692,cny_usd,slope,swap,60,-0.14157021214389792,0.08721464221888162,0.6,0.07192308435091845,10,2
1692,cny_usd,slope,swap,90,-0.07438730216024167,0.06892501095490168,0.6,0.027335517208868804,10,2
1692,cny_usd,slope,swap,120,-0.10174002114589559,-0.011518855929000739,0.6,0.0007092375737831401,10,2
1692,cny_usd,slope,swap,180,-0.16295301486880906,-0.15622101139439595,0.5,0.04277964363285693,10,2
1692,cny_usd,slope,swap,252,0.28132682828045064,0.3056562338557656,0.6,-0.04546968239416155,10,2
1692,cny_usd,slope,swap,378,0.40165387153742105,0.3031164271389339,0.5,0.057130313332205356,10,2
1692,cny_usd,slope,swap,504,0.24959273512419355,0.27307396897402203,0.6,-0.0637329399048829,10,2
1692,cny_usd,dStdev,swap,20,0.6031489341046323,0.6902633100724654,0.7,-0.09548064726781973,10,4
1692,cny_usd,dStdev,swap,40,0.4874071960451509,0.3515778917585889,0.7,-0.10241418631890892,10,3
1692,cny_usd,dStdev,swap,60,0.38494175225870797,0.26583394145487216,0.7,-0.1110782833660799,10,3
1692,cny_usd,dStdev,swap,90,0.4576268915648351,0.3326023734360036,0.6,-0.12688747882186568,10,2
1692,cny_usd,dStdev,swap,120,0.3130882545922799,0.25336406326662037,0.6,-0.13829086480557515,10,2
1692,cny_usd,dStdev,swap,180,-0.18795067598592807,-0.20004621098656755,0.4,0.17730321504821586,10,1
1692,cny_usd,dStdev,swap,252,0.2771922154522851,0.2074658392255224,0.6,-0.22652278914295598,10,1
1692,cny_usd,dStdev,swap,378,-0.05469021420087747,-0.1117122159166145,0.4,0.30614158285945514,10,1
1692,cny_usd,dStdev,swap,504,0.24997354696260646,0.1742700373996589,0.5,0.4548719957899869,10,1
1692,cny_usd,dSkew,swap,20,0.23451376651968953,0.21367833703585828,0.7,-0.23398045074993457,10,2
1692,cny_usd,dSkew,swap,40,0.09211946050285608,0.06381785017550141,0.6,-0.3249398802560762,10,1
1692,cny_usd,dSkew,swap,60,0.1956866155803761,0.19162884467002025,0.6,-0.33791363914489125,10,1
1692,cny_usd,dSkew,swap,90,-0.05271618436359894,-0.06475179502814203,0.6,-0.2959036323620288,10,1
1692,cny_usd,dSkew,swap,120,0.2714077085755117,0.2618473307485672,0.7,-0.28374810723161165,10,2
1692,cny_usd,dSkew,swap,180,0.41177158860355434,0.437275717678345,0.7,-0.2091950739996121,10,2
1692,cny_usd,dSkew,swap,252,-0.027105831755642996,0.017484085197827407,0.5,0.11731184074734913,10,2
1692,cny_usd,dSkew,swap,378,0.6474389512919692,0.7494899346866033,0.6,0.13138755500839067,10,3
1692,cny_usd,dSkew,swap,504,0.18543600059575707,0.2615441403996098,0.6,0.398876829825434,10,1
1692,cny_usd,ac1,swap,20,-0.00970349838288885,-0.04172431764559771,0.3,-0.07659141541478737,10,2
1692,cny_usd,ac1,swap,40,0.30961094215764384,0.1674886224696729,0.4,-0.14590817287401614,10,2
1692,cny_usd,ac1,swap,60,0.32951789465101244,0.19624788817865627,0.6,-0.1974981350295912,10,1
1692,cny_usd,ac1,swap,90,-0.02204142763797132,0.007814638419897569,0.6,-0.07359873595272695,10,2
1692,cny_usd,ac1,swap,120,0.30893861827171565,0.22873575084766504,0.6,-0.04628149694899325,10,2
1692,cny_usd,ac1,swap,180,0.4227424274625751,0.25022745859881135,0.6,-0.10221853008043008,10,2
1692,cny_usd,ac1,swap,252,0.7666055213705836,1.3869173808449777,0.8,-0.025137334489020204,10,4
1692,cny_usd,ac1,swap,378,0.8610070954168503,0.8497052172302658,0.8,0.05657681273191266,10,4
1692,cny_usd,ac1,swap,504,0.3512630588575418,0.3689065913104512,0.7,0.134660256768543,10,3
1692,cny_usd,pctpos,swap,20,-0.3007314782979762,-0.4335638643303876,0.2,0.04295500382524249,10,2
1692,cny_usd,pctpos,swap,40,-0.20368253900250347,-0.42612654130081756,0.2,0.08836315210745144,10,2
1692,cny_usd,pctpos,swap,60,-0.015018776406834933,0.08458582351174836,0.6,0.125117572341329,10,2
1692,cny_usd,pctpos,swap,90,0.027800066916188155,0.18980655614507505,0.7,0.08641900975866865,10,3
1692,cny_usd,pctpos,swap,120,0.011171096956254817,0.03746703039274107,0.6,0.048183084853902866,10,2
1692,cny_usd,pctpos,swap,180,0.09580655979839482,0.33611351435530634,0.6,0.2113033916280286,10,1
1692,cny_usd,pctpos,swap,252,-0.07711709809422597,-0.14905859767859486,0.5,-0.1657188314665401,10,1
1692,cny_usd,pctpos,swap,378,-0.22873875338136646,-0.13261527810344606,0.4,-0.1790724614967402,10,1
1692,cny_usd,pctpos,swap,504,-0.05479940013417391,0.02366305989672798,0.6,-0.1361910001223142,10,2
1692,us_dxy_broad,selfz,location,20,0.49933802839328756,0.31049212113449887,0.7,-0.036714609125831445,10,3
1692,us_dxy_broad,selfz,location,40,0.42046158754057156,0.47904497236642113,0.6,-0.0459926573905072,10,2
1692,us_dxy_broad,selfz,location,60,0.4844301493861325,0.6672946732270852,0.7,-0.05888064813471924,10,4
1692,us_dxy_broad,selfz,location,90,0.4890590598414234,0.5199683744880068,0.7,-0.07954947965408977,10,3
1692,us_dxy_broad,selfz,location,120,0.5856299391137998,0.5375783155553495,0.8,-0.0844561050087448,10,3
1692,us_dxy_broad,selfz,location,180,0.6773478935839402,0.5254978440014497,0.8,-0.07133285397347759,10,3
1692,us_dxy_broad,selfz,location,252,0.6376805624542614,0.46695063094612604,0.8,-0.07562936450644663,10,3
1692,us_dxy_broad,selfz,location,378,0.6740302775037275,0.58833640760969,0.8,-0.12347155613107147,10,3
1692,us_dxy_broad,selfz,location,504,0.6847604263820248,0.8424136038862178,0.8,-0.18562562375931355,10,3
1692,us_dxy_broad,robustz,location,20,0.3227209096720646,0.20916100475822574,0.6,-0.041180046533587394,10,2
1692,us_dxy_broad,robustz,location,40,0.2807896650740427,0.30844837570292394,0.5,0.016140746296088502,10,2
1692,us_dxy_broad,robustz,location,60,0.46156375061697813,0.6548502798020415,0.8,0.008494508831652127,10,4
1692,us_dxy_broad,robustz,location,90,0.5408261926527563,0.5265358231816984,0.8,-0.040770192059310685,10,3
1692,us_dxy_broad,robustz,location,120,0.5878809218902075,0.4555865979489784,0.8,-0.05399486870996557,10,3
1692,us_dxy_broad,robustz,location,180,0.5256016200987828,0.445696495942702,0.8,-0.09332306654191916,10,3
1692,us_dxy_broad,robustz,location,252,0.5972487703869094,0.4960267269736057,0.8,-0.13259778412424636,10,3
1692,us_dxy_broad,robustz,location,378,0.6156525680035065,0.5215495603345471,0.7,-0.14824225530583496,10,3
1692,us_dxy_broad,robustz,location,504,0.6425559302532443,0.7374735065905472,0.8,-0.19375682271996467,10,3
1692,us_dxy_broad,bdtanh,location,20,0.5261577289496994,0.3200741014185079,0.7,-0.03742268780953673,10,3
1692,us_dxy_broad,bdtanh,location,40,0.3991865521654581,0.47113807207246794,0.6,-0.060595253358489455,10,2
1692,us_dxy_broad,bdtanh,location,60,0.43854007484076646,0.608115782297976,0.8,-0.09406490485485698,10,4
1692,us_dxy_broad,bdtanh,location,90,0.3981275348371968,0.3903847629970963,0.8,-0.11139567968851954,10,3
1692,us_dxy_broad,bdtanh,location,120,0.4727828898197325,0.39181830823890124,0.8,-0.11278659926384162,10,3
1692,us_dxy_broad,bdtanh,location,180,0.5875511691001011,0.43843544273374785,0.8,-0.09572323209191584,10,3
1692,us_dxy_broad,bdtanh,location,252,0.615646749603856,0.47117482586254994,0.7,-0.09123553953326027,10,3
1692,us_dxy_broad,bdtanh,location,378,0.7198072983694824,0.6188647939021812,0.8,-0.14459623942599065,10,4
1692,us_dxy_broad,bdtanh,location,504,0.6772709014697806,0.8523710579205029,0.8,-0.2136850895955087,10,3
1692,us_dxy_broad,rankc,location,20,0.5212505153795448,0.2908281467867014,0.7,-0.036030620722364466,10,3
1692,us_dxy_broad,rankc,location,40,0.4040515254535935,0.4001223029449589,0.6,-0.04770460823254149,10,2
1692,us_dxy_broad,rankc,location,60,0.4789728495470243,0.5656111657008362,0.8,-0.08238049438893957,10,3
1692,us_dxy_broad,rankc,location,90,0.4272556191265223,0.37486959652020035,0.7,-0.1049804482007079,10,3
1692,us_dxy_broad,rankc,location,120,0.5095528879875131,0.43351657915712516,0.8,-0.1054696346124316,10,3
1692,us_dxy_broad,rankc,location,180,0.6461819771994335,0.4965622002242135,0.8,-0.0879725220222367,10,3
1692,us_dxy_broad,rankc,location,252,0.6920671395975089,0.5552101272942113,0.8,-0.08550297300326315,10,3
1692,us_dxy_broad,rankc,location,378,0.6939858817691836,0.5972060245388989,0.8,-0.13966944491551428,10,3
1692,us_dxy_broad,rankc,location,504,0.6890081659478702,0.7120263046988555,0.8,-0.19828022519290714,10,3
1692,us_dxy_broad,signth,location,20,0.4143014039969185,0.1963454694050187,0.8,-0.030312826855348238,10,3
1692,us_dxy_broad,signth,location,40,0.33602375232164866,0.4382878677050982,0.6,-0.06448573061054448,10,2
1692,us_dxy_broad,signth,location,60,0.34435430915297194,0.5287155067563934,0.7,-0.09939088546492689,10,3
1692,us_dxy_broad,signth,location,90,0.2899848299066598,0.2540770248093554,0.7,-0.11215429942514178,10,3
1692,us_dxy_broad,signth,location,120,0.4074232232000671,0.3463342101568183,0.6,-0.11362100735939287,10,2
1692,us_dxy_broad,signth,location,180,0.5328185094479847,0.4513600658529656,0.8,-0.07455038079711644,10,3
1692,us_dxy_broad,signth,location,252,0.5571335590867292,0.49792206581849546,0.9,-0.11843009101170056,10,3
1692,us_dxy_broad,signth,location,378,0.6425276379863263,0.7652510259052882,0.8,-0.16665446060793074,10,3
1692,us_dxy_broad,signth,location,504,0.5733701057648116,0.9096964287219926,0.9,-0.1999501970008141,10,3
1692,us_dxy_broad,dev,location,20,0.5055034565469044,0.2947051550908243,0.7,-0.018600909372187467,10,3
1692,us_dxy_broad,dev,location,40,0.541445795856177,0.5314488163645236,0.7,-0.03979553130183121,10,3
1692,us_dxy_broad,dev,location,60,0.6892455512097324,0.7599769675925017,0.8,-0.08592235151299957,10,4
1692,us_dxy_broad,dev,location,90,0.6032514195594463,0.5427088640600648,0.7,-0.1299973780327014,10,3
1692,us_dxy_broad,dev,location,120,0.5565363069003736,0.4162423199044047,0.7,-0.15482402130630452,10,2
1692,us_dxy_broad,dev,location,180,0.5365737515544997,0.358755159964242,0.8,-0.15042279466664646,10,2
1692,us_dxy_broad,dev,location,252,0.6154380206629904,0.4834177836682511,0.8,-0.1250464710466883,10,3
1692,us_dxy_broad,dev,location,378,0.6758893293103394,0.5783447143418681,0.7,-0.14252412388054897,10,3
1692,us_dxy_broad,dev,location,504,0.7180345695084717,0.9340689156695172,0.8,-0.19009130096738844,10,3
1692,us_dxy_broad,instStdev,swap,20,0.1063302614845694,0.050472743687481704,0.6,-0.15334102266609212,10,1
1692,us_dxy_broad,instStdev,swap,40,0.42828111953662473,0.6467909271688174,0.7,0.06655816287414118,10,4
1692,us_dxy_broad,instStdev,swap,60,0.35666457832142734,0.7060503587655037,0.7,0.0029791522447208943,10,4
1692,us_dxy_broad,instStdev,swap,90,0.3123697216859452,0.5244439242651143,0.7,-0.0354621942183806,10,3
1692,us_dxy_broad,instStdev,swap,120,0.5145921601375382,0.5640805742072881,0.6,-0.030389533191365743,10,2
1692,us_dxy_broad,instStdev,swap,180,-0.06153935729616148,-0.05831944440115302,0.4,0.0030232588158626444,10,2
1692,us_dxy_broad,instStdev,swap,252,-0.0766093607759338,-0.10189901063137663,0.4,-0.019243989838714514,10,2
1692,us_dxy_broad,instStdev,swap,378,0.16609669511955355,0.199815803782364,0.6,-0.19199497620509526,10,1
1692,us_dxy_broad,instStdev,swap,504,0.16562718274804072,0.22472140656087586,0.4,-0.16373114598554112,10,1
1692,us_dxy_broad,instSkew,swap,20,0.3151028114436292,0.18792024367225926,0.6,-0.08788703302656173,10,2
1692,us_dxy_broad,instSkew,swap,40,0.02830731363210427,-0.054423238083431,0.5,-0.02950191537128055,10,2
1692,us_dxy_broad,instSkew,swap,60,0.20288867917483264,0.14931882188327988,0.5,-0.0648814606321977,10,2
1692,us_dxy_broad,instSkew,swap,90,-0.25205525216592345,-0.03388996563842762,0.5,0.011733917344264079,10,2
1692,us_dxy_broad,instSkew,swap,120,0.36589667126624764,0.5368520982432315,0.5,-0.07681212728667242,10,2
1692,us_dxy_broad,instSkew,swap,180,0.49574025786102827,0.425904994901882,0.8,0.01319704473942344,10,3
1692,us_dxy_broad,instSkew,swap,252,-0.03897156190425396,0.09875418952724355,0.4,0.1605562691852216,10,1
1692,us_dxy_broad,instSkew,swap,378,-0.03275586316034631,0.18983831386172054,0.4,-0.02115471328820658,10,2
1692,us_dxy_broad,instSkew,swap,504,0.013274050990175852,0.21828389816026375,0.5,-0.16684822862227316,10,1
1692,us_dxy_broad,instKurt,swap,20,-0.027249103561120175,-0.03780993615913486,0.5,0.016857291858026056,10,2
1692,us_dxy_broad,instKurt,swap,40,0.06906220139795702,0.05846214115619462,0.5,-0.0012459848648196461,10,2
1692,us_dxy_broad,instKurt,swap,60,0.2902949451547635,0.1989990775333291,0.6,-0.13151971856058098,10,2
1692,us_dxy_broad,instKurt,swap,90,0.12669728289161797,0.046976345866719414,0.5,-0.13355581366120053,10,2
1692,us_dxy_broad,instKurt,swap,120,0.14517657579162876,0.1948601593685717,0.5,0.11875951276071821,10,2
1692,us_dxy_broad,instKurt,swap,180,0.022563667357687795,-0.19683963417847442,0.5,-0.171935855145353,10,1
1692,us_dxy_broad,instKurt,swap,252,0.45780465754406136,0.30602404518318865,0.7,0.09979492924431149,10,3
1692,us_dxy_broad,instKurt,swap,378,-0.041673107548422066,-0.14811317294501425,0.6,-0.17110922979948961,10,1
1692,us_dxy_broad,instKurt,swap,504,0.04144201384599168,0.0057167750047602914,0.4,-0.3593572413021756,10,1
1692,us_dxy_broad,minmax,swap,20,0.48826663926509417,0.3190962816574286,0.6,-0.018181599089550807,10,2
1692,us_dxy_broad,minmax,swap,40,0.5130027156768365,0.585004870686767,0.6,-0.03718437085553823,10,2
1692,us_dxy_broad,minmax,swap,60,0.48986394873365974,0.6314746685944096,0.8,-0.06424166119463205,10,4
1692,us_dxy_broad,minmax,swap,90,0.45787534479057596,0.45649141426126266,0.8,-0.09356188132155131,10,3
1692,us_dxy_broad,minmax,swap,120,0.566784972851775,0.43950083419004793,0.8,-0.09182721416991858,10,3
1692,us_dxy_broad,minmax,swap,180,0.6240806960804663,0.475049131250113,0.8,-0.05520509923711558,10,3
1692,us_dxy_broad,minmax,swap,252,0.6516549045441168,0.5088023836664531,0.8,-0.08107487570369622,10,3
1692,us_dxy_broad,minmax,swap,378,0.6730657918951729,0.7082782712258414,0.8,-0.12087111981170232,10,4
1692,us_dxy_broad,minmax,swap,504,0.6548800286371979,0.8591591955158985,0.8,-0.18641859302595007,10,3
1692,us_dxy_broad,chg,swap,20,0.3371742130767663,0.38026341629731014,0.6,-0.027357059015632252,10,2
1692,us_dxy_broad,chg,swap,40,0.8019077324232943,1.247699344056507,0.9,-0.10660888016891341,10,4
1692,us_dxy_broad,chg,swap,60,0.6084216776626038,0.5807406783871828,0.8,-0.14260611089692574,10,3
1692,us_dxy_broad,chg,swap,90,0.3874431488854212,0.21227228231965325,0.7,-0.19214185359855465,10,2
1692,us_dxy_broad,chg,swap,120,0.4273800400163514,0.23812938810221032,0.8,-0.1865597664073286,10,2
1692,us_dxy_broad,chg,swap,180,0.39152539730466485,0.30234133451661843,0.7,-0.14214201392014542,10,3
1692,us_dxy_broad,chg,swap,252,0.5993026434319075,0.4996381426809833,0.9,-0.13654363274546172,10,3
1692,us_dxy_broad,chg,swap,378,0.6078337732901977,0.79985320482957,0.8,0.07559097857464754,10,4
1692,us_dxy_broad,chg,swap,504,0.33812547306985535,0.4018740680130429,0.7,-0.07114455988226932,10,3
1692,us_dxy_broad,slope,swap,20,0.30863589483055764,0.2537964004240638,0.6,-0.016187617527235982,10,2
1692,us_dxy_broad,slope,swap,40,0.5741390388877233,1.3785968822671797,1.0,-0.07662300338473277,10,4
1692,us_dxy_broad,slope,swap,60,0.5842394405157528,0.7287608102249962,0.8,-0.15018217157827343,10,3
1692,us_dxy_broad,slope,swap,90,0.3469706087285571,0.21513159872996193,0.6,-0.19484154713678703,10,1
1692,us_dxy_broad,slope,swap,120,0.3926802016128044,0.2013906765102702,0.6,-0.22250801158938385,10,1
1692,us_dxy_broad,slope,swap,180,0.22934085279063973,0.07786569280117848,0.6,-0.2342362883384102,10,1
1692,us_dxy_broad,slope,swap,252,0.27799151862039867,0.2456803264644835,0.8,-0.21775809551426492,10,2
1692,us_dxy_broad,slope,swap,378,0.3968292482889829,0.5810669114144417,0.7,0.0661057385479922,10,3
1692,us_dxy_broad,slope,swap,504,0.38453723235685966,0.5949751991908087,0.6,0.16909640182099037,10,1
1692,us_dxy_broad,dStdev,swap,20,0.32570861118861255,0.5086277335784541,0.7,-0.004645286955603307,10,3
1692,us_dxy_broad,dStdev,swap,40,0.4585945091324556,0.6266383158668279,0.7,-0.03242603298196284,10,4
1692,us_dxy_broad,dStdev,swap,60,0.605495173938228,0.7537068266196801,0.8,-0.03216384580297405,10,4
1692,us_dxy_broad,dStdev,swap,90,0.6366250437834275,0.785046255672048,0.8,-0.038649876716261716,10,4
1692,us_dxy_broad,dStdev,swap,120,0.6438041072529243,0.8383315980715795,0.8,-0.054805020399648005,10,4
1692,us_dxy_broad,dStdev,swap,180,0.590351152274678,0.6823334726676941,0.6,0.010133474335068159,10,3
1692,us_dxy_broad,dStdev,swap,252,0.4321424933563424,0.47182461197326686,0.7,0.08318086343645145,10,3
1692,us_dxy_broad,dStdev,swap,378,-0.011551073891191383,-0.1481055446944698,0.5,-0.26179346764435374,10,1
1692,us_dxy_broad,dStdev,swap,504,0.2984823414170079,0.13936664392908651,0.7,-0.36601563916521007,10,2
1692,us_dxy_broad,dSkew,swap,20,0.5454964340152949,1.3085826476497915,0.9,0.07551811944559954,10,4
1692,us_dxy_broad,dSkew,swap,40,0.5974634857736423,0.7947794961917019,0.8,0.09389507038149804,10,4
1692,us_dxy_broad,dSkew,swap,60,0.36622889081618415,0.41587982733016515,0.7,0.07121017859230426,10,3
1692,us_dxy_broad,dSkew,swap,90,-0.05617349220285671,0.016257225915173507,0.4,0.2195209391909621,10,1
1692,us_dxy_broad,dSkew,swap,120,-0.040670535461258484,-0.20140668869657846,0.4,0.21161360663022144,10,1
1692,us_dxy_broad,dSkew,swap,180,0.02026264148472374,0.12126793255574345,0.6,-0.2133340999414263,10,1
1692,us_dxy_broad,dSkew,swap,252,-0.006063462958629263,-0.01936264809182769,0.5,-0.2619161628706911,10,1
1692,us_dxy_broad,dSkew,swap,378,-0.29533384845089594,-0.3049491693177337,0.3,-0.262040204177751,10,1
1692,us_dxy_broad,dSkew,swap,504,0.05097784999137219,0.17185735978111916,0.6,0.020257730231119035,10,2
1692,us_dxy_broad,ac1,swap,20,-0.23363813591975852,-0.33808959255035714,0.4,-0.10461695873568719,10,2
1692,us_dxy_broad,ac1,swap,40,-0.3666746810760137,-0.5787501022688202,0.3,-0.1290000046838059,10,2
1692,us_dxy_broad,ac1,swap,60,-0.12680502307938082,-0.20318989177031385,0.5,-0.06761591224351697,10,2
1692,us_dxy_broad,ac1,swap,90,0.047197402122656884,-0.06049683516900515,0.6,-0.08519506682927577,10,2
1692,us_dxy_broad,ac1,swap,120,0.3463429927969496,0.46284127333990555,0.8,0.015241496354199763,10,3
1692,us_dxy_broad,ac1,swap,180,-0.3272634172047884,-0.2885069925390938,0.3,-0.04710694603821631,10,2
1692,us_dxy_broad,ac1,swap,252,-0.2104261151775147,-0.08351222897769002,0.3,-0.020034012828910253,10,2
1692,us_dxy_broad,ac1,swap,378,0.13973232161631524,0.11337272288728348,0.6,-0.14079889540424143,10,2
1692,us_dxy_broad,ac1,swap,504,-0.20607857124786333,-0.10751901636609772,0.5,-0.03206282876879721,10,2
1692,us_dxy_broad,pctpos,swap,20,0.20148156654706492,0.3016692318834777,0.6,-0.11360509126765383,10,2
1692,us_dxy_broad,pctpos,swap,40,0.3569578496350493,0.39742122392307483,0.6,-0.1260830283060161,10,2
1692,us_dxy_broad,pctpos,swap,60,0.42802909408490764,0.3812573298588535,0.7,-0.1528254446228369,10,2
1692,us_dxy_broad,pctpos,swap,90,0.22085277826692648,0.09792128817534007,0.5,-0.2687228105925957,10,1
1692,us_dxy_broad,pctpos,swap,120,0.29290239024412834,0.10989246782250084,0.6,-0.23871169993490624,10,1
1692,us_dxy_broad,pctpos,swap,180,0.35853300760416584,0.2846737202537153,0.7,-0.21261953294781202,10,2
1692,us_dxy_broad,pctpos,swap,252,0.5966158643043737,0.5946736375558574,0.8,-0.24671021167884985,10,2
1692,us_dxy_broad,pctpos,swap,378,0.6015180876518936,1.0261742209425402,0.9,-0.2956688809410423,10,3
1692,us_dxy_broad,pctpos,swap,504,-0.14840949553473076,-0.06282521716066139,0.4,-0.17851396096005503,10,1
1692,us_dgs30,selfz,location,20,0.4553655633285423,0.5953722472584325,0.8,0.01919619887511125,10,3
1692,us_dgs30,selfz,location,40,0.49575709704858284,0.44053604037101474,0.6,0.03725585197248591,10,2
1692,us_dgs30,selfz,location,60,0.3635474114653979,0.1981016886969933,0.6,0.05661250433398758,10,2
1692,us_dgs30,selfz,location,90,0.22859904902716033,0.030180937827971197,0.5,0.0600510581136897,10,2
1692,us_dgs30,selfz,location,120,0.15654184730453408,0.013491508325459811,0.5,0.0574060505714026,10,2
1692,us_dgs30,selfz,location,180,0.16650212601687772,0.11020332722895593,0.4,0.05061097817870634,10,2
1692,us_dgs30,selfz,location,252,-0.19188990291578942,-0.10856920114897291,0.5,-0.008721740589245252,10,2
1692,us_dgs30,selfz,location,378,-0.25742774863292633,-0.07376525334316124,0.6,0.025360772326380066,10,2
1692,us_dgs30,selfz,location,504,-0.25169721943290696,-0.047796361679270066,0.6,0.05259113235742814,10,2
1692,us_dgs30,robustz,location,20,0.36053896819603776,0.45690092762139245,0.6,0.03456512742377063,10,2
1692,us_dgs30,robustz,location,40,0.46904286211053764,0.36066608499141023,0.7,0.052624972587134666,10,3
1692,us_dgs30,robustz,location,60,0.3835190192311264,0.24060019486553977,0.6,0.06705061915190874,10,2
1692,us_dgs30,robustz,location,90,0.146809787971889,-0.020015961689240996,0.4,0.09317534881641433,10,2
1692,us_dgs30,robustz,location,120,0.027230519396241597,-0.1184754238483411,0.4,0.11302442733596042,10,2
1692,us_dgs30,robustz,location,180,-0.1196039663376664,-0.07355621433207168,0.5,-0.08201877170997507,10,2
1692,us_dgs30,robustz,location,252,-0.09266403475690138,0.04518594256822516,0.5,-0.0067148598919189555,10,2
1692,us_dgs30,robustz,location,378,-0.22121604502065614,-0.04880881337246404,0.6,0.07077582872550597,10,2
1692,us_dgs30,robustz,location,504,0.16470690008825248,-0.07186214795088648,0.5,-0.13395365785782057,10,2
1692,us_dgs30,bdtanh,location,20,0.4877136867823845,0.5843977599582031,0.8,0.008728799226667264,10,3
1692,us_dgs30,bdtanh,location,40,0.5217808422906773,0.4641313576514639,0.7,0.025973382085665665,10,3
1692,us_dgs30,bdtanh,location,60,0.3687631249166982,0.19572765585556248,0.6,0.04898083609608075,10,2
1692,us_dgs30,bdtanh,location,90,0.22015217687990402,0.015383584309154508,0.4,0.05272951766574223,10,2
1692,us_dgs30,bdtanh,location,120,0.11302883415892925,-0.04091569067841764,0.5,0.03529268280660553,10,2
1692,us_dgs30,bdtanh,location,180,0.1736601898131172,0.10604123990171005,0.5,-0.007511720846766342,10,2
1692,us_dgs30,bdtanh,location,252,-0.12932661137401077,-0.06185404732254446,0.5,0.054385506837609246,10,2
1692,us_dgs30,bdtanh,location,378,-0.13127314537881754,0.06051167889399406,0.6,0.08019136319925646,10,2
1692,us_dgs30,bdtanh,location,504,-0.13539819817382592,0.08943860992993548,0.6,0.10451536809585954,10,2
1692,us_dgs30,rankc,location,20,0.5341607235014323,0.5766698238331983,0.8,0.008064177022369582,10,3
1692,us_dgs30,rankc,location,40,0.5595915912987878,0.47976801003043734,0.7,0.03124281804431191,10,3
1692,us_dgs30,rankc,location,60,0.4415409333380088,0.2800666737202607,0.6,0.04553000319738644,10,2
1692,us_dgs30,rankc,location,90,0.2871945756642774,0.0787597288808889,0.6,0.055742422214594904,10,2
1692,us_dgs30,rankc,location,120,0.2456774229732402,0.08024716028708936,0.5,0.0482573010083495,10,2
1692,us_dgs30,rankc,location,180,0.30204531496030124,0.24548146338546975,0.6,0.01031833790247144,10,2
1692,us_dgs30,rankc,location,252,0.19697296929271582,0.12428953413329674,0.6,-0.040430167587091864,10,2
1692,us_dgs30,rankc,location,378,0.2227527992368688,0.09862297585870157,0.6,-0.06239906454221788,10,2
1692,us_dgs30,rankc,location,504,0.2084397543325767,0.036515420267520964,0.5,-0.09858863611108097,10,2
1692,us_dgs30,signth,location,20,0.4528593188298388,0.5318570332990262,0.7,-0.002328661596422271,10,3
1692,us_dgs30,signth,location,40,0.4362529161439887,0.3252249901485783,0.6,0.020161063895130876,10,2
1692,us_dgs30,signth,location,60,0.35915847371646514,0.25022393453041586,0.7,0.04904019607163868,10,3
1692,us_dgs30,signth,location,90,0.16971953484182933,-0.03152676465334418,0.3,0.06275575665063454,10,2
1692,us_dgs30,signth,location,120,0.17064223494003056,-0.006913575908231953,0.5,0.03824683704900685,10,2
1692,us_dgs30,signth,location,180,0.21954465314688626,0.22652880673400808,0.7,-0.0018022177568197495,10,3
1692,us_dgs30,signth,location,252,0.00741075801421495,-0.26852185703637593,0.4,-0.09618241722192802,10,2
1692,us_dgs30,signth,location,378,-0.0516838950606261,0.22697788980620204,0.5555555555555556,0.12287313100831912,9,2
1692,us_dgs30,signth,location,504,0.13179179700396018,-0.26414163810967417,0.3333333333333333,-0.14948603938550645,9,2
1692,us_dgs30,dev,location,20,0.3504890730833308,0.3874256439760229,0.7,0.025827472566487517,10,3
1692,us_dgs30,dev,location,40,0.44452751971709425,0.3550630215199188,0.7,0.04824580099425762,10,3
1692,us_dgs30,dev,location,60,0.35326107796811684,0.19226893554241634,0.5,0.07673118287513592,10,2
1692,us_dgs30,dev,location,90,0.20662339586347145,0.006538842659914768,0.4,0.09853508434180681,10,2
1692,us_dgs30,dev,location,120,-0.21665026322424838,-0.07614165447506985,0.5,-0.09777244138316138,10,2
1692,us_dgs30,dev,location,180,0.2499544718338622,0.15546317586153205,0.7,0.06277686320571754,10,3
1692,us_dgs30,dev,location,252,0.2273911485276773,0.10412446355058522,0.6,0.02348880039915677,10,2
1692,us_dgs30,dev,location,378,0.2864384332627114,0.14782826023249815,0.6,0.03253448207401669,10,2
1692,us_dgs30,dev,location,504,0.2868220649579702,0.1443353741538938,0.6,-0.02325166078208273,10,2
1692,us_dgs30,instStdev,swap,20,0.4001915096766313,0.32601351601040424,0.7,0.024372199800116262,10,3
1692,us_dgs30,instStdev,swap,40,0.1035506700624522,0.37971421415389384,0.7,0.06090955941097636,10,3
1692,us_dgs30,instStdev,swap,60,0.16639819862030591,0.31287852499014407,0.7,0.08465095682277608,10,3
1692,us_dgs30,instStdev,swap,90,-0.18487113769054203,-0.2801035426456794,0.4,-0.06960699907753154,10,2
1692,us_dgs30,instStdev,swap,120,0.11737890966996531,0.06438377768598366,0.6,-0.0039781127884791516,10,2
1692,us_dgs30,instStdev,swap,180,0.1420632363882347,0.11333019662556063,0.7,0.06534888074221604,10,3
1692,us_dgs30,instStdev,swap,252,-0.04745758022317876,-0.1589988275836778,0.4,-0.028976550072915393,10,2
1692,us_dgs30,instStdev,swap,378,0.1201706142437099,0.021647935568136545,0.6,-0.11314012325051725,10,2
1692,us_dgs30,instStdev,swap,504,0.1939885222171988,0.1176552486728248,0.6,-0.02574729334155129,10,2
1692,us_dgs30,instSkew,swap,20,0.37356275620648705,0.5552059145533811,0.8,-0.024501802372013437,10,3
1692,us_dgs30,instSkew,swap,40,0.09638299119494569,0.08602187645205546,0.4,-0.02839683701370223,10,2
1692,us_dgs30,instSkew,swap,60,0.02221841950465371,0.06380128100376038,0.4,-0.05341704961394021,10,2
1692,us_dgs30,instSkew,swap,90,0.1754614710185339,0.2039166975082372,0.7,-0.008639613372921502,10,3
1692,us_dgs30,instSkew,swap,120,0.030974984834837436,0.20691442377762462,0.5,-0.0172853717812737,10,2
1692,us_dgs30,instSkew,swap,180,0.20713542973629526,0.2878258265625444,0.5,-0.09271440565100597,10,2
1692,us_dgs30,instSkew,swap,252,0.11976943154271412,-0.03854296566734114,0.5,0.10012647799938496,10,2
1692,us_dgs30,instSkew,swap,378,0.1948677010014771,0.07350036390891795,0.5,-0.060873619995090396,10,2
1692,us_dgs30,instSkew,swap,504,0.021068994612774523,-0.03744236202915682,0.5,-0.14650615571491,10,2
1692,us_dgs30,instKurt,swap,20,0.1270723794466539,0.24816339221757502,0.6,0.11858118818308136,10,2
1692,us_dgs30,instKurt,swap,40,-0.04588076817968972,-0.00321166275108251,0.5,0.09622762208085894,10,2
1692,us_dgs30,instKurt,swap,60,0.2211929849654635,0.3529057987340148,0.7,-0.07932127948890821,10,3
1692,us_dgs30,instKurt,swap,90,0.2512213423865107,0.42760127449620666,0.7,0.043364432860016774,10,3
1692,us_dgs30,instKurt,swap,120,0.036504785925216346,0.19861057563280532,0.6,-0.09546190207629754,10,2
1692,us_dgs30,instKurt,swap,180,0.183394103525994,0.05274124993874582,0.6,0.06589907858063696,10,2
1692,us_dgs30,instKurt,swap,252,-0.27851121698631554,-0.2588498491677664,0.4,-0.04731710319990617,10,2
1692,us_dgs30,instKurt,swap,378,0.29852983713662995,0.2667191635570803,0.6,-0.03375516050847844,10,2
1692,us_dgs30,instKurt,swap,504,0.2394353040790675,0.02145176530921422,0.6,-0.19994265909329204,10,1
1692,us_dgs30,minmax,swap,20,0.35313823010346695,0.48247442380937716,0.6,0.019092819971862875,10,2
1692,us_dgs30,minmax,swap,40,0.42886516255053697,0.4056060785407163,0.6,0.040279081309819574,10,2
1692,us_dgs30,minmax,swap,60,0.34752241179627685,0.19426760419618175,0.7,0.07717797776266724,10,3
1692,us_dgs30,minmax,swap,90,-0.20472820714058465,-0.014863374960732268,0.5,-0.07667174748179476,10,2
1692,us_dgs30,minmax,swap,120,0.0898338295656803,-0.06815935913982427,0.4,0.040208504493302606,10,2
1692,us_dgs30,minmax,swap,180,-0.22896494224668928,-0.15489372429505877,0.6,0.00901757927770873,10,2
1692,us_dgs30,minmax,swap,252,-0.2299790009059548,-0.1323899616092178,0.5,0.03017795904049159,10,2
1692,us_dgs30,minmax,swap,378,0.2641226563888143,0.03285915350551679,0.6,0.004777753468149945,10,2
1692,us_dgs30,minmax,swap,504,0.24310516440587895,0.010458397738476722,0.6,-0.09195873326011211,10,2
1692,us_dgs30,chg,swap,20,0.5165959740879188,0.43962438249649133,0.6,0.03829157968955386,10,2
1692,us_dgs30,chg,swap,40,0.38088843461669164,0.26139310344440536,0.6,0.07027531065270057,10,2
1692,us_dgs30,chg,swap,60,0.23979675146143167,0.029045968801612265,0.4,0.09609229000807994,10,2
1692,us_dgs30,chg,swap,90,0.026937659487328895,0.15225994138737906,0.5,-0.07780180951627277,10,2
1692,us_dgs30,chg,swap,120,0.29212230985349746,0.3002690571156126,0.7,0.0534372680258634,10,3
1692,us_dgs30,chg,swap,180,-0.22530492113466694,-0.18614867671569316,0.5,-0.013623502348796074,10,2
1692,us_dgs30,chg,swap,252,0.26848143436141436,0.26481260460994016,0.7,-0.06562694385561968,10,3
1692,us_dgs30,chg,swap,378,0.184452332956176,0.2597047672366245,0.5,-0.06174401155369049,10,2
1692,us_dgs30,chg,swap,504,0.2866556339418293,0.22584740654872812,0.6,-0.09286248330431894,10,2
1692,us_dgs30,slope,swap,20,0.317894710177712,0.27291889669885183,0.4,0.027492990543594113,10,2
1692,us_dgs30,slope,swap,40,-0.24376355384118445,-0.09005507766028623,0.5,-0.08107347882016454,10,2
1692,us_dgs30,slope,swap,60,-0.1476840952105898,0.04019338159356205,0.6,-0.09191304638465497,10,2
1692,us_dgs30,slope,swap,90,0.12880992721401396,0.2499849957556461,0.6,-0.08156982074997404,10,2
1692,us_dgs30,slope,swap,120,0.25163873840856843,0.3917789063580458,0.5,-0.03427494280337376,10,2
1692,us_dgs30,slope,swap,180,0.17620847476141005,0.15222313061317067,0.5,0.005937407067028136,10,2
1692,us_dgs30,slope,swap,252,0.26854564168648715,0.4222030981206931,0.8,-0.03548726626170752,10,3
1692,us_dgs30,slope,swap,378,0.2175838075878683,0.32465322117438716,0.6,-0.07046381761362183,10,2
1692,us_dgs30,slope,swap,504,-0.03934578792493299,-0.2121943080259337,0.4,-0.2037250434632219,10,1
1692,us_dgs30,dStdev,swap,20,0.4507938097936209,0.680132036995749,0.8,-0.004925881354848456,10,4
1692,us_dgs30,dStdev,swap,40,0.29563341635154794,0.5610597948889604,0.5,-0.02182072144565964,10,2
1692,us_dgs30,dStdev,swap,60,-0.16862593488309124,-0.4054390592101147,0.3,0.04788101688880491,10,2
1692,us_dgs30,dStdev,swap,90,-0.14128665642961016,-0.3030297447913156,0.4,0.0348086842039165,10,2
1692,us_dgs30,dStdev,swap,120,-0.2421544788655102,-0.4271650390427726,0.2,0.04121739913612247,10,2
1692,us_dgs30,dStdev,swap,180,0.15955519759968023,0.2736404972626309,0.5,0.020832258757549994,10,2
1692,us_dgs30,dStdev,swap,252,-0.14768979233980842,-0.26966977863408265,0.5,-0.14363405536475995,10,2
1692,us_dgs30,dStdev,swap,378,0.23055953113416164,0.04786047627562574,0.7,-0.18946336536764824,10,2
1692,us_dgs30,dStdev,swap,504,0.372982455577501,0.2007735557394373,0.8,-0.2626750402453402,10,2
1692,us_dgs30,dSkew,swap,20,0.18691502903211085,0.02648778491466848,0.4,0.054555304316462584,10,2
1692,us_dgs30,dSkew,swap,40,0.1924267087914727,0.0780352139783584,0.5,0.031003094735325348,10,2
1692,us_dgs30,dSkew,swap,60,-0.1529623648126588,-0.025851006004434986,0.5,-0.07057861908710143,10,2
1692,us_dgs30,dSkew,swap,90,0.11745368323544789,0.25063695082792053,0.6,-0.12124643234351269,10,2
1692,us_dgs30,dSkew,swap,120,-0.054300155454116726,-0.08230637366970835,0.5,-0.1224375096698218,10,2
1692,us_dgs30,dSkew,swap,180,0.053522208541199746,0.09363015754295421,0.6,-0.12140128148515042,10,2
1692,us_dgs30,dSkew,swap,252,0.10504913649080498,0.08969412971078011,0.5,-0.13964443982223804,10,2
1692,us_dgs30,dSkew,swap,378,-0.1337955541717006,-0.16050037379781712,0.5,-0.06872571340731494,10,2
1692,us_dgs30,dSkew,swap,504,0.3148796055925677,0.11670411652073905,0.6,-0.043372646295363346,10,2
1692,us_dgs30,ac1,swap,20,0.11454927520430701,0.1267780583512794,0.7,0.015437869171208783,10,3
1692,us_dgs30,ac1,swap,40,-0.15603492595819068,-0.10662684088616299,0.3,0.04672663255134927,10,2
1692,us_dgs30,ac1,swap,60,0.20973540074082306,0.09889845873386764,0.7,-0.06042416239505864,10,3
1692,us_dgs30,ac1,swap,90,0.16829092066182177,-0.1114843782592805,0.5,-0.06248278790242804,10,2
1692,us_dgs30,ac1,swap,120,0.3050780098512154,0.04939291575456121,0.7,-0.02973647804226709,10,3
1692,us_dgs30,ac1,swap,180,0.517291047245078,0.2664662433581426,0.7,0.004558194543879179,10,3
1692,us_dgs30,ac1,swap,252,0.4519128685933824,0.23618889005104884,0.7,0.007222860768213023,10,3
1692,us_dgs30,ac1,swap,378,0.23990927876037602,0.06655150838265846,0.6,0.0546791792281887,10,2
1692,us_dgs30,ac1,swap,504,0.23198408857463895,0.26166860074931825,0.7,0.13250384257478565,10,3
1692,us_dgs30,pctpos,swap,20,0.5305476855718064,1.4621102391416299,0.8,0.030567949203070186,10,4
1692,us_dgs30,pctpos,swap,40,-0.40264930031886703,-0.446903085516942,0.3,-0.01240837476005235,10,2
1692,us_dgs30,pctpos,swap,60,0.04201788267628543,0.17210698976365252,0.6,0.020772466413889603,10,2
1692,us_dgs30,pctpos,swap,90,0.19991041850097263,0.2778773152041,0.8,0.04350968465612528,10,3
1692,us_dgs30,pctpos,swap,120,-0.05964604190786549,-0.03854801127005456,0.5,0.07351766639284503,10,2
1692,us_dgs30,pctpos,swap,180,-0.170117326104072,-0.10830281472774521,0.5,0.1711532716644524,10,1
1692,us_dgs30,pctpos,swap,252,0.2784943735263133,0.26020314637354236,0.6,-0.22796700824796312,10,1
1692,us_dgs30,pctpos,swap,378,0.07305592230946291,-0.05792288869757214,0.5,-0.13691054376512843,10,2
1692,us_dgs30,pctpos,swap,504,0.16497781426715544,0.16669615631688187,0.5,-0.1057690242611251,10,2
1692,twd_usd,selfz,location,20,0.28986176557727217,0.5457123726261389,0.7,-0.06454072482981753,10,3
1692,twd_usd,selfz,location,40,0.3853483682069172,0.5341397201607813,0.6,-0.0808013901801558,10,2
1692,twd_usd,selfz,location,60,0.35592432444201755,0.3656676318144897,0.5,-0.09162895882609247,10,2
1692,twd_usd,selfz,location,90,0.28868185597654267,0.11275548209863859,0.6,-0.11871849425540067,10,2
1692,twd_usd,selfz,location,120,0.22869197816406947,-0.02573019073295814,0.6,-0.12129330392189129,10,2
1692,twd_usd,selfz,location,180,0.20230554014330102,-0.06108409116472749,0.5,-0.13427178657747402,10,2
1692,twd_usd,selfz,location,252,0.3074258797561965,0.07675170132849966,0.6,-0.1814292758734921,10,1
1692,twd_usd,selfz,location,378,0.34572419666915427,0.13345230904794556,0.6,-0.1994922388228678,10,1
1692,twd_usd,selfz,location,504,0.3436948333673548,0.11066189589544725,0.6,-0.21935670744792715,10,1
1692,twd_usd,robustz,location,20,0.2625421397780477,0.5188136376768931,0.7,-0.08136714962229757,10,3
1692,twd_usd,robustz,location,40,0.21125876180621916,0.099035844273624,0.7,-0.05545013507439979,10,3
1692,twd_usd,robustz,location,60,0.12060805420613722,-0.051923425237208325,0.5,-0.07514011478382211,10,2
1692,twd_usd,robustz,location,90,0.07844933111409119,-0.0963526145767643,0.5,-0.0954000741355646,10,2
1692,twd_usd,robustz,location,120,-0.03471658903128856,-0.21081222416290196,0.6,-0.08666486348336391,10,2
1692,twd_usd,robustz,location,180,0.26803834127644266,0.029404788214286784,0.7,-0.1282961935292197,10,3
1692,twd_usd,robustz,location,252,0.26044264710314025,0.019020661293843676,0.5,-0.1939582110209159,10,1
1692,twd_usd,robustz,location,378,0.3528341557154873,0.11688721259804079,0.7,-0.2509647618594197,10,2
1692,twd_usd,robustz,location,504,0.3260561977866266,0.16945017314392366,0.7,-0.22880425499371462,10,2
1692,twd_usd,bdtanh,location,20,0.27736543108029754,0.5835565589652462,0.8,-0.06576539383599471,10,3
1692,twd_usd,bdtanh,location,40,0.599709505959238,0.9167270849966241,0.9,-0.09672106050687147,10,4
1692,twd_usd,bdtanh,location,60,0.4939047338870972,0.5524399974469625,0.7,-0.12418173640368237,10,3
1692,twd_usd,bdtanh,location,90,0.39980213922192426,0.22422980868249384,0.6,-0.14060276098272678,10,2
1692,twd_usd,bdtanh,location,120,0.32467459443207863,0.08037525336679094,0.5,-0.12804407845016919,10,2
1692,twd_usd,bdtanh,location,180,0.28956866719756497,0.01912044146015905,0.6,-0.13764698549897295,10,2
1692,twd_usd,bdtanh,location,252,0.2991521066869251,0.15322147419732873,0.6,-0.1817638106560268,10,1
1692,twd_usd,bdtanh,location,378,0.2768374007599284,0.11306190731399127,0.6,-0.1999118672695754,10,1
1692,twd_usd,bdtanh,location,504,0.2937707313501493,0.1014781147996183,0.7,-0.23392549756381437,10,2
1692,twd_usd,rankc,location,20,0.1386950502623227,0.3429732643016952,0.5,-0.06880836892811588,10,2
1692,twd_usd,rankc,location,40,0.40521052207019237,0.5955642624875431,0.7,-0.09023866793533285,10,3
1692,twd_usd,rankc,location,60,0.4006084195431813,0.4754733183696864,0.6,-0.11428955788922986,10,2
1692,twd_usd,rankc,location,90,0.3464920399432657,0.2710787603388322,0.6,-0.1418008713895673,10,2
1692,twd_usd,rankc,location,120,0.2792732373809655,0.07656583543712925,0.5,-0.14783146632409183,10,2
1692,twd_usd,rankc,location,180,0.23925152789626447,-0.02476289799481025,0.5,-0.15437389911489438,10,1
1692,twd_usd,rankc,location,252,0.16481366442901468,-0.07068617688851517,0.5,-0.17059245104047463,10,1
1692,twd_usd,rankc,location,378,0.1467191424234484,-0.0566720630757558,0.5,-0.15877966878787375,10,1
1692,twd_usd,rankc,location,504,0.17300444149046174,-0.041456912002001384,0.5,-0.1867657859234075,10,1
1692,twd_usd,signth,location,20,0.2918206317160043,0.6240586210053511,0.7,-0.07957298920986769,10,4
1692,twd_usd,signth,location,40,0.627798006164211,0.8759038527311226,0.8,-0.0909219166020945,10,4
1692,twd_usd,signth,location,60,0.554924399728982,0.7722240408308837,0.8,-0.13372156810205793,10,4
1692,twd_usd,signth,location,90,0.4170585000525567,0.2327720480066445,0.6,-0.13783286677076168,10,2
1692,twd_usd,signth,location,120,0.31048639697775443,0.023039962614920088,0.7,-0.12497760869544074,10,3
1692,twd_usd,signth,location,180,0.20358528010348453,-0.0570273130876138,0.5,-0.12074191269606369,10,2
1692,twd_usd,signth,location,252,0.3015755266222334,0.28235682221304387,0.7,-0.1993334537939505,10,2
1692,twd_usd,signth,location,378,0.14625229983445448,0.006175695252634862,0.5555555555555556,-0.2221131806953238,9,1
1692,twd_usd,signth,location,504,0.35253802796939093,0.26199571984324055,0.7,-0.250444862313754,10,2
1692,twd_usd,dev,location,20,0.27674571445572155,0.3793219549281577,0.8,-0.06496075572620932,10,3
1692,twd_usd,dev,location,40,0.4308938934814794,0.42346743867599695,0.7,-0.09053950535665892,10,3
1692,twd_usd,dev,location,60,0.4065179197350966,0.29187442878921505,0.7,-0.11302701674105108,10,3
1692,twd_usd,dev,location,90,0.4098193054813836,0.12063588676138953,0.7,-0.1481637423749632,10,3
1692,twd_usd,dev,location,120,0.39876743440220486,0.07568019397221905,0.7,-0.16559652396226668,10,2
1692,twd_usd,dev,location,180,0.4844249141621121,0.19019629414467737,0.7,-0.1681969621637196,10,2
1692,twd_usd,dev,location,252,0.47321734022590894,0.2207080011075454,0.7,-0.1963264242871323,10,2
1692,twd_usd,dev,location,378,0.4594926597757488,0.2382370040609805,0.7,-0.1949415782739235,10,2
1692,twd_usd,dev,location,504,0.43248625288002945,0.24851893696848945,0.7,-0.1751665590385831,10,2
1692,twd_usd,instStdev,swap,20,0.6539728514706288,0.8058587789468029,0.8,0.1169387121009914,10,4
1692,twd_usd,instStdev,swap,40,-0.04597433528695149,-0.0785400848087949,0.4,-0.09177467117249663,10,2
1692,twd_usd,instStdev,swap,60,0.22749233211620207,0.165867796324452,0.6,-0.06298960577792974,10,2
1692,twd_usd,instStdev,swap,90,-0.19799196841275316,-0.2054422462675818,0.6,-0.0002811736369941817,10,2
1692,twd_usd,instStdev,swap,120,0.37511459974618294,0.36716851829882763,0.6,-0.044439276684187665,10,2
1692,twd_usd,instStdev,swap,180,-0.3822183073020647,-0.509735102621817,0.3,0.040212480120668345,10,2
1692,twd_usd,instStdev,swap,252,-0.04494714768639731,-0.010288495592100117,0.4,0.015908012006969792,10,2
1692,twd_usd,instStdev,swap,378,0.2977477597174127,0.35408556988782364,0.6,-0.05052436372259617,10,2
1692,twd_usd,instStdev,swap,504,0.12597363969949874,0.15945053158351322,0.7,-0.028277406529345427,10,3
1692,twd_usd,instSkew,swap,20,0.4351705687477897,0.2838590590126441,0.7,-0.023395989610719158,10,3
1692,twd_usd,instSkew,swap,40,0.9325077309312398,1.5373404390445709,0.9,-0.038923025022873876,10,4
1692,twd_usd,instSkew,swap,60,0.3258756902833059,0.49045150912848295,0.7,-0.11833474566014095,10,3
1692,twd_usd,instSkew,swap,90,0.05934445107339203,0.05647717151934474,0.5,-0.09890353824518183,10,2
1692,twd_usd,instSkew,swap,120,0.1263474176409147,0.3176788232754054,0.6,-0.022139263438893473,10,2
1692,twd_usd,instSkew,swap,180,0.04253938272041474,0.08246269927582368,0.5,-0.047356454733676535,10,2
1692,twd_usd,instSkew,swap,252,0.21267147812096263,0.33641976627404724,0.7,0.13403286585951174,10,3
1692,twd_usd,instSkew,swap,378,-0.022277529788266352,0.12235151155509044,0.6,-0.011552232335031101,10,2
1692,twd_usd,instSkew,swap,504,0.14964229519199743,-0.0994757174452355,0.5,-0.14673034313871294,10,2
1692,twd_usd,instKurt,swap,20,0.24532938368230256,0.31950865940237955,0.7,-0.10290411027208735,10,3
1692,twd_usd,instKurt,swap,40,0.08135181115221,0.07890532981479098,0.4,-0.051443846606919905,10,2
1692,twd_usd,instKurt,swap,60,0.2666555405990958,0.47229107120799113,0.7,0.030421845224072184,10,3
1692,twd_usd,instKurt,swap,90,0.26787299728077635,0.3369186376436782,0.6,0.10239586818873056,10,2
1692,twd_usd,instKurt,swap,120,0.13649820889550826,0.34535239071713414,0.6,0.06757043936351256,10,2
1692,twd_usd,instKurt,swap,180,0.23118934593139856,0.4672456970778147,0.7,-0.1489144466383604,10,3
1692,twd_usd,instKurt,swap,252,0.09011859043523053,0.09272121160592546,0.5,0.1664686277738818,10,1
1692,twd_usd,instKurt,swap,378,0.41821702981365766,0.6532531999430831,0.6,0.09140819387645503,10,3
1692,twd_usd,instKurt,swap,504,0.4121212293845596,0.7116165417309871,0.8,-0.041931182827715296,10,4
1692,twd_usd,minmax,swap,20,0.43703639770028924,0.6261378667295369,0.7,-0.07478176419891243,10,4
1692,twd_usd,minmax,swap,40,0.6257633235956771,0.9850336314278011,0.8,-0.10630569700901309,10,4
1692,twd_usd,minmax,swap,60,0.5543810450223929,0.8179884615718689,0.8,-0.13344871681341897,10,4
1692,twd_usd,minmax,swap,90,0.419163581127256,0.25604130077767717,0.6,-0.16273977472294687,10,1
1692,twd_usd,minmax,swap,120,0.3326274612642606,0.12613398968842926,0.5,-0.12064205503622813,10,2
1692,twd_usd,minmax,swap,180,0.35858909423779506,0.14429675116895135,0.7,-0.12495319921365859,10,3
1692,twd_usd,minmax,swap,252,0.278187628141946,0.09864467556442787,0.6,-0.15638173846415954,10,1
1692,twd_usd,minmax,swap,378,0.32619613393036867,0.09389298584350356,0.7,-0.164552289545602,10,2
1692,twd_usd,minmax,swap,504,0.3231087064287679,0.09067031244476487,0.7,-0.2063554128284651,10,2
1692,twd_usd,chg,swap,20,-0.24631985722866198,-0.1790633126316181,0.4,0.07396500181395457,10,2
1692,twd_usd,chg,swap,40,0.4816550132791594,0.5332928552833606,0.9,-0.11729424014822543,10,3
1692,twd_usd,chg,swap,60,0.37279618969043715,0.05850698496290964,0.6,-0.14472603723088517,10,2
1692,twd_usd,chg,swap,90,0.291080379170522,-0.03745018731959444,0.5,-0.1897961765393168,10,1
1692,twd_usd,chg,swap,120,0.3548024056434193,0.09891103922173149,0.6,-0.14231662408179124,10,2
1692,twd_usd,chg,swap,180,0.4906953766019832,0.3773474597869897,0.8,-0.15386112515260295,10,2
1692,twd_usd,chg,swap,252,0.2771565283032574,0.08406635432192704,0.7,-0.21840735859734098,10,2
1692,twd_usd,chg,swap,378,0.30055208451933685,0.3434456991388308,0.6,-0.2716569964487051,10,1
1692,twd_usd,chg,swap,504,0.286715724893885,0.2753693696998099,0.6,-0.1696891997037133,10,1
1692,twd_usd,slope,swap,20,-0.03511339189480626,0.11593910995040548,0.6,0.049227829758113656,10,2
1692,twd_usd,slope,swap,40,0.43635983188487554,0.19532488285723204,0.7,-0.10467185955191505,10,3
1692,twd_usd,slope,swap,60,0.34223720447947586,0.03948011440931873,0.6,-0.1311848245749759,10,2
1692,twd_usd,slope,swap,90,0.4523251473254349,0.0778818128835838,0.7,-0.18749058323150933,10,2
1692,twd_usd,slope,swap,120,0.31410501165963733,0.03487349578944083,0.6,-0.20147964212380437,10,1
1692,twd_usd,slope,swap,180,0.4077258709687605,0.27607296915832713,0.8,-0.1518516582702786,10,2
1692,twd_usd,slope,swap,252,0.43013972391138544,0.24087339559093685,0.7,-0.18077392581778964,10,2
1692,twd_usd,slope,swap,378,0.34439228316198245,0.4720938764310734,0.7,-0.19132920180580854,10,2
1692,twd_usd,slope,swap,504,0.27669334695046216,0.40891194574116524,0.7,-0.16012351367971991,10,2
1692,twd_usd,dStdev,swap,20,0.5460201872542301,0.7415592269963839,0.8,0.06971823815536951,10,4
1692,twd_usd,dStdev,swap,40,-0.37459079517192906,-0.4677433743153575,0.3,-0.01884010097961863,10,2
1692,twd_usd,dStdev,swap,60,0.3638458012593803,0.5949206630708341,0.6,-0.014384856171319526,10,2
1692,twd_usd,dStdev,swap,90,0.5154084938609214,0.8424778835117446,0.9,-0.05767347269147765,10,4
1692,twd_usd,dStdev,swap,120,0.5340609827443705,0.7396779850006621,0.7,-0.12469349865607439,10,4
1692,twd_usd,dStdev,swap,180,0.5862965796925835,0.992070182079454,0.9,-0.0720256144535696,10,4
1692,twd_usd,dStdev,swap,252,0.4208408407866315,0.8304112004301447,0.8,-0.006794969880676382,10,4
1692,twd_usd,dStdev,swap,378,0.17310723145406054,0.4006275976890582,0.6,0.09455847507601148,10,2
1692,twd_usd,dStdev,swap,504,0.05280660268558919,0.2605916671812541,0.6,0.1081248937903411,10,2
1692,twd_usd,dSkew,swap,20,0.10014592162818572,0.0063717483715364995,0.5,-0.040860279154875785,10,2
1692,twd_usd,dSkew,swap,40,-0.055485470003340205,-0.05695259754393181,0.5,-0.056685312537231115,10,2
1692,twd_usd,dSkew,swap,60,0.1970719388667938,0.31785377838222306,0.7,0.10120883813665284,10,3
1692,twd_usd,dSkew,swap,90,-0.2979532522934145,-0.5714770220199156,0.3,-0.1102457906915972,10,2
1692,twd_usd,dSkew,swap,120,0.35222046415086217,0.714918202898409,0.8,0.0482098197024844,10,4
1692,twd_usd,dSkew,swap,180,-0.11795854863120561,-0.1901354765173551,0.4,-0.02689941909132447,10,2
1692,twd_usd,dSkew,swap,252,0.3152606813678844,0.635268573114946,0.7,-0.05088640433530388,10,4
1692,twd_usd,dSkew,swap,378,0.21951913531103998,0.35683966285997953,0.6,0.18826103803528868,10,1
1692,twd_usd,dSkew,swap,504,0.4622296936434686,0.5787006452415577,0.7,0.11102582106965926,10,3
1692,twd_usd,ac1,swap,20,0.0558049749260342,-0.02513284485235278,0.4,0.0633237400441569,10,2
1692,twd_usd,ac1,swap,40,0.3637245532813449,0.8215137270600159,0.8,0.10948642376471567,10,4
1692,twd_usd,ac1,swap,60,0.0038706269511034727,0.0887240220655506,0.4,0.1354684377889444,10,2
1692,twd_usd,ac1,swap,90,-0.02774738166444137,-0.15793895907270372,0.4,-0.15485955274975371,10,1
1692,twd_usd,ac1,swap,120,-0.01579607998516159,-0.14307623167898129,0.5,-0.10797239969147254,10,2
1692,twd_usd,ac1,swap,180,0.13933990293504425,0.11040561328071949,0.8,-0.05165393508499394,10,3
1692,twd_usd,ac1,swap,252,0.20166923925656616,0.200602522131436,0.4,-0.09834816448451478,10,2
1692,twd_usd,ac1,swap,378,0.402645548801497,0.6086848893973094,0.7,-0.03226015965862844,10,4
1692,twd_usd,ac1,swap,504,-0.019864010368403403,-0.09508886324535755,0.4,0.1386129888212271,10,2
1692,twd_usd,pctpos,swap,20,-0.1827197699394825,-0.36095338278516464,0.3,-0.00019320372054481796,10,2
1692,twd_usd,pctpos,swap,40,-0.29724835409057976,-0.6423971550152322,0.3,0.06849461272928552,10,2
1692,twd_usd,pctpos,swap,60,-0.3879235379884134,-0.2991340749549433,0.3,0.11108285653770845,10,2
1692,twd_usd,pctpos,swap,90,0.15703854402210043,0.06332858448703943,0.5,-0.15537422845050983,10,1
1692,twd_usd,pctpos,swap,120,0.3143774558147075,0.3061991574214216,0.6,-0.14507806193681697,10,2
1692,twd_usd,pctpos,swap,180,0.447277819199842,0.32206308107979204,0.8,-0.1395139979841067,10,3
1692,twd_usd,pctpos,swap,252,0.1739182558399414,-0.002405467306390587,0.6,-0.15302734592313405,10,1
1692,twd_usd,pctpos,swap,378,0.21453866339435887,0.08339208566121233,0.6,-0.2732602118741013,10,1
1692,twd_usd,pctpos,swap,504,0.1228460218539651,-0.06962451889774672,0.6,-0.23545531424458865,10,1
1692,kr_kospi,selfz,location,20,-0.3381892442401338,-0.0601951087189875,0.4,0.28991052182227534,10,1
1692,kr_kospi,selfz,location,40,-0.25655937428055636,-0.14187825688701913,0.4,0.24755752192013034,10,1
1692,kr_kospi,selfz,location,60,-0.2328406018045455,-0.09967615527567078,0.4,0.2319559556961902,10,1
1692,kr_kospi,selfz,location,90,-0.28911422982901475,-0.1644132825855354,0.4,0.1787072108799631,10,1
1692,kr_kospi,selfz,location,120,0.37218571590825056,0.17307772482015668,0.6,-0.1392700823068701,10,2
1692,kr_kospi,selfz,location,180,0.4210672431029121,0.20222629119144395,0.6,-0.14217800844635556,10,2
1692,kr_kospi,selfz,location,252,0.4367333877963569,0.20877341688703485,0.6,-0.1597891109934637,10,1
1692,kr_kospi,selfz,location,378,0.1568151859561348,0.04460612990461498,0.6,-0.1750575808367049,10,1
1692,kr_kospi,selfz,location,504,-0.18115829326708677,-0.1487214183021254,0.4,-0.11846802773304388,10,2
1692,kr_kospi,robustz,location,20,-0.29460883280631384,-0.28640444717209046,0.5,0.18542423917941506,10,1
1692,kr_kospi,robustz,location,40,-0.34028039234204643,-0.24884228203013345,0.4,0.2468063979593487,10,1
1692,kr_kospi,robustz,location,60,0.2740332205328135,-0.026193011191983286,0.6,-0.1487655245202408,10,2
1692,kr_kospi,robustz,location,90,0.39949513591334956,0.23688329351431264,0.6,-0.09503312637185578,10,2
1692,kr_kospi,robustz,location,120,0.3981765511488977,0.2880973594134839,0.7,-0.09504056164007278,10,3
1692,kr_kospi,robustz,location,180,0.534053189378127,0.3284494243794053,0.6,-0.08285249277905474,10,2
1692,kr_kospi,robustz,location,252,0.5125040047509385,0.26645487981482824,0.7,-0.20234837801008665,10,2
1692,kr_kospi,robustz,location,378,0.16947667053675694,0.03971124389630881,0.5,-0.24476539167518255,10,1
1692,kr_kospi,robustz,location,504,-0.14707067176738955,-0.09796448962222698,0.4,-0.15851332127606693,10,1
1692,kr_kospi,bdtanh,location,20,-0.30444636462812885,0.0038184605606731274,0.4,0.3537135486967817,10,1
1692,kr_kospi,bdtanh,location,40,-0.18421840809886336,-0.07744653716090419,0.4,0.2129416699615185,10,1
1692,kr_kospi,bdtanh,location,60,-0.15709402423162985,-0.07984594425497525,0.4,0.21833765321721058,10,1
1692,kr_kospi,bdtanh,location,90,-0.30084201524748927,-0.22701795008713982,0.4,0.2174233275101739,10,1
1692,kr_kospi,bdtanh,location,120,-0.4064143647870866,-0.26608784702472293,0.4,0.20209317249879388,10,1
1692,kr_kospi,bdtanh,location,180,0.433115499357161,0.2453188551118041,0.6,-0.2058036934283454,10,1
1692,kr_kospi,bdtanh,location,252,0.4548591835937456,0.24460940278275045,0.7,-0.2335400192796488,10,2
1692,kr_kospi,bdtanh,location,378,0.10800503903242728,0.124969870247523,0.5,-0.16493666916955954,10,1
1692,kr_kospi,bdtanh,location,504,-0.10329269995406334,0.02210051287575092,0.5,-0.11881595986593235,10,2
1692,kr_kospi,rankc,location,20,0.06732819400551236,-0.26287649555520776,0.3,-0.39324994813138575,10,1
1692,kr_kospi,rankc,location,40,0.14601055182876566,-0.08787560402635454,0.5,-0.32915456033871265,10,1
1692,kr_kospi,rankc,location,60,-0.18922295189683494,0.007172565119312381,0.5,0.27621034245112663,10,1
1692,kr_kospi,rankc,location,90,-0.24141890480698572,-0.11004797417095735,0.4,0.24733645461901577,10,1
1692,kr_kospi,rankc,location,120,-0.3337610886562643,-0.2320075479817438,0.4,0.21791665056753123,10,1
1692,kr_kospi,rankc,location,180,-0.3245666340601483,-0.22870150305970646,0.4,0.2547200167365026,10,1
1692,kr_kospi,rankc,location,252,0.34431227063412806,0.22454676135936044,0.6,-0.2613979130774177,10,1
1692,kr_kospi,rankc,location,378,0.14456515459956143,0.15779816955069573,0.7,-0.16293148547296912,10,2
1692,kr_kospi,rankc,location,504,-0.1321539655416133,-0.033114187043709664,0.5,-0.13035016473754085,10,2
1692,kr_kospi,signth,location,20,-0.16834569665264124,0.08240545366069262,0.4,0.32383051610808394,10,1
1692,kr_kospi,signth,location,40,-0.005842801609887004,0.08334898372844976,0.5,0.11879321048571435,10,2
1692,kr_kospi,signth,location,60,-0.39578630247635344,-0.40722204510138205,0.2,0.22376157521976153,10,1
1692,kr_kospi,signth,location,90,-0.3030345248968176,-0.2302795122489287,0.3,0.2447725313200554,10,1
1692,kr_kospi,signth,location,120,0.12252633898827321,0.12498550041626294,0.6,-0.01723838578543388,10,2
1692,kr_kospi,signth,location,180,0.24731040052554493,0.18124433638128756,0.7,-0.08117677690061922,10,3
1692,kr_kospi,signth,location,252,0.20774012358674085,0.2059333130941819,0.6,-0.16627867808954364,10,1
1692,kr_kospi,signth,location,378,-0.04133153387276635,0.04674979112333084,0.6,-0.08758043028713008,10,2
1692,kr_kospi,signth,location,504,-0.21197432290583165,-0.07045115193842058,0.5,-0.09259377192768249,10,2
1692,kr_kospi,dev,location,20,0.03916265083371061,-0.13238469023675573,0.7,-0.2866674782696595,10,2
1692,kr_kospi,dev,location,40,-0.0753736932399095,0.05309199715600164,0.4,0.2684761551062696,10,1
1692,kr_kospi,dev,location,60,-0.14820506695209668,-0.06997246109454493,0.4,0.18623968694726376,10,1
1692,kr_kospi,dev,location,90,-0.33062304318684016,-0.23835731255112225,0.4,0.15099227762859746,10,1
1692,kr_kospi,dev,location,120,0.4045428854429991,0.27419287983903895,0.6,-0.14576374292867494,10,2
1692,kr_kospi,dev,location,180,0.4324892529400494,0.21955367749291585,0.6,-0.18691606364466262,10,1
1692,kr_kospi,dev,location,252,0.3757581675959265,0.1914065890558706,0.6,-0.25261541586936687,10,1
1692,kr_kospi,dev,location,378,0.02755405192014937,0.0312629360308442,0.4,-0.20581215487760712,10,1
1692,kr_kospi,dev,location,504,-0.19674719521605424,-0.11596712482604195,0.4,-0.13437315764437388,10,2
1692,kr_kospi,instStdev,swap,20,0.06958499676954943,0.01773850058968374,0.4,-0.1374999894229133,10,2
1692,kr_kospi,instStdev,swap,40,-0.12071508249271998,-0.23335483629093093,0.4,-0.13944671126827288,10,2
1692,kr_kospi,instStdev,swap,60,0.1968370462574134,0.30245097997472786,0.6,0.1636474110270982,10,1
1692,kr_kospi,instStdev,swap,90,-0.11863755125054998,-0.13722309574181257,0.5,-0.14556271238067087,10,2
1692,kr_kospi,instStdev,swap,120,0.02943341475703613,0.0493256759647492,0.5,-0.12528710580385805,10,2
1692,kr_kospi,instStdev,swap,180,0.08604797158429733,0.19177260878545863,0.6,-0.00834627651630704,10,2
1692,kr_kospi,instStdev,swap,252,0.07480882405378253,0.0828108587580056,0.5,-0.19661318437834888,10,1
1692,kr_kospi,instStdev,swap,378,0.3320032923044112,0.2019234842263854,0.5,-0.37618749795994627,10,1
1692,kr_kospi,instStdev,swap,504,0.2757994928092633,0.0563304257711303,0.4,-0.2911118353894545,10,1
1692,kr_kospi,instSkew,swap,20,-0.25173704354356197,-0.24383084959371995,0.4,-0.05509734175766788,10,2
1692,kr_kospi,instSkew,swap,40,-0.30893683319047993,0.0057442891803793335,0.4,0.1964561498043938,10,1
1692,kr_kospi,instSkew,swap,60,-0.16565027862072157,-0.029918966072078605,0.5,0.11313976243025811,10,2
1692,kr_kospi,instSkew,swap,90,0.1645961180555853,0.2613859948481759,0.6,-0.16928676474221355,10,1
1692,kr_kospi,instSkew,swap,120,-0.07689179017774699,0.0012042468540815873,0.5,-0.18126069796274752,10,1
1692,kr_kospi,instSkew,swap,180,-0.3102856201806464,-0.13934907394025023,0.5,-0.2554930151925836,10,1
1692,kr_kospi,instSkew,swap,252,0.6548545353671256,0.6148624499681785,0.6,-0.014585075288483143,10,3
1692,kr_kospi,instSkew,swap,378,0.5929500517960125,0.5799668103391385,0.7,-0.034785523349587504,10,3
1692,kr_kospi,instSkew,swap,504,0.2896390009297062,0.36679452055100276,0.7,0.07684806285823476,10,3
1692,kr_kospi,instKurt,swap,20,-0.35255386340258527,-0.36062186958193554,0.5,0.18137065288243673,10,1
1692,kr_kospi,instKurt,swap,40,-0.13343803920393751,-0.18322453028931585,0.3,-0.15700977929322937,10,1
1692,kr_kospi,instKurt,swap,60,0.22947170726556626,0.2742277910592542,0.6,-0.21283185315083689,10,1
1692,kr_kospi,instKurt,swap,90,0.4401926195679585,0.3834904147741621,0.7,-0.28343565102448887,10,2
1692,kr_kospi,instKurt,swap,120,-0.019865951201691306,-0.07876405203544877,0.5,0.10564607277122585,10,2
1692,kr_kospi,instKurt,swap,180,0.28235693155882313,0.23893024218640813,0.6,-0.23768474705619988,10,1
1692,kr_kospi,instKurt,swap,252,-0.05022313925232323,0.07695680327612917,0.5,-0.008687036786856353,10,2
1692,kr_kospi,instKurt,swap,378,0.2927278835390644,0.2867136327398673,0.5,-0.28840478263910396,10,1
1692,kr_kospi,instKurt,swap,504,0.08479962352219358,0.26481344232737464,0.7,0.12087187700520613,10,3
1692,kr_kospi,minmax,swap,20,-0.253467464341588,0.08878816518635205,0.6,0.33523163561363145,10,1
1692,kr_kospi,minmax,swap,40,-0.009689767541764503,-0.16109126261599313,0.4,0.11957208527491045,10,2
1692,kr_kospi,minmax,swap,60,-0.18353189321200986,-0.1069915691115658,0.4,0.2548202360240507,10,1
1692,kr_kospi,minmax,swap,90,-0.30203735979892493,-0.21576839954515312,0.3,0.2488671144967359,10,1
1692,kr_kospi,minmax,swap,120,0.33058732662111734,0.2514248412529241,0.7,-0.23104034190045816,10,2
1692,kr_kospi,minmax,swap,180,0.3208785664416306,0.2194410857331777,0.7,-0.2762740038578279,10,2
1692,kr_kospi,minmax,swap,252,0.1569323948760832,0.13369163828935665,0.7,-0.12210242676025507,10,3
1692,kr_kospi,minmax,swap,378,-0.08911611162638479,0.0043170603061890855,0.5,-0.096381429262182,10,2
1692,kr_kospi,minmax,swap,504,-0.2209054102775818,-0.03121397410125657,0.5,-0.07661130957919104,10,2
1692,kr_kospi,chg,swap,20,-0.027014261582224502,0.14847390750293457,0.5,0.2817241222218538,10,1
1692,kr_kospi,chg,swap,40,-0.20182372399624457,-0.19505120059045522,0.4,0.20008627165191414,10,1
1692,kr_kospi,chg,swap,60,-0.22893021109182984,-0.1936745140328387,0.3,0.1038743207280617,10,2
1692,kr_kospi,chg,swap,90,0.5733468254271136,0.4540911765048198,0.6,-0.1547821891323461,10,1
1692,kr_kospi,chg,swap,120,0.5597623684512024,0.4027540699874802,0.6,-0.2338929226279251,10,1
1692,kr_kospi,chg,swap,180,0.3875814558035401,0.28823406383323347,0.6,-0.2508040575489032,10,1
1692,kr_kospi,chg,swap,252,-0.07084674355732695,-0.07936192685642089,0.5,-0.1632317270493476,10,1
1692,kr_kospi,chg,swap,378,-0.22257531302816522,-0.08420244007839732,0.4,-0.049108707440577465,10,2
1692,kr_kospi,chg,swap,504,-0.24000150235639933,-0.2198022918689062,0.5,0.06224892322780474,10,2
1692,kr_kospi,slope,swap,20,0.15042052161834196,0.004727940226469137,0.7,-0.3085717998550875,10,2
1692,kr_kospi,slope,swap,40,-0.028303604788588062,0.07496335661108908,0.4,0.18302548816021155,10,1
1692,kr_kospi,slope,swap,60,-0.2071414238276787,-0.24348146507752944,0.3,0.07186623489680163,10,2
1692,kr_kospi,slope,swap,90,0.49647160428118203,0.500640618719359,0.6,-0.07965646778710901,10,2
1692,kr_kospi,slope,swap,120,0.5476106381756715,0.47008062156395936,0.6,-0.13852760409910733,10,2
1692,kr_kospi,slope,swap,180,0.5408412236429911,0.4391792864896636,0.8,-0.22517072564738486,10,2
1692,kr_kospi,slope,swap,252,0.13139774653630548,0.15510939948781302,0.7,-0.26085859407387113,10,2
1692,kr_kospi,slope,swap,378,-0.38830777773983144,-0.341219258733573,0.5,-0.08927262698315412,10,2
1692,kr_kospi,slope,swap,504,0.49271898636903255,0.5192152849745685,0.7,-0.033632896887806005,10,3
1692,kr_kospi,dStdev,swap,20,0.25570520425740745,0.2305873638731061,0.6,-0.108429104352243,10,2
1692,kr_kospi,dStdev,swap,40,-0.042938978926016495,-0.17259893965771975,0.3,-0.1326100916921097,10,2
1692,kr_kospi,dStdev,swap,60,0.11258291138836703,0.09365435642864378,0.6,-0.02517039741124952,10,2
1692,kr_kospi,dStdev,swap,90,0.11181902762273474,0.05093652555293436,0.4,-0.08685424597500463,10,2
1692,kr_kospi,dStdev,swap,120,0.15035113068027542,0.04290337246824232,0.4,0.05186433615411568,10,2
1692,kr_kospi,dStdev,swap,180,0.29748487461227774,0.4780489867168988,0.6,-0.01259487341338682,10,2
1692,kr_kospi,dStdev,swap,252,0.21270148358684596,0.1982726180593858,0.6,0.06826685172149409,10,2
1692,kr_kospi,dStdev,swap,378,-0.051524861777284714,-0.05382820530390278,0.6,-0.09712762573892325,10,2
1692,kr_kospi,dStdev,swap,504,-0.13320725766948266,-0.07652544377334713,0.5,0.008211543356607658,10,2
1692,kr_kospi,dSkew,swap,20,-0.2119285142720168,0.07122677835295736,0.6,0.3105740669454162,10,1
1692,kr_kospi,dSkew,swap,40,0.05662391245810905,-0.21393090336559198,0.4,0.010732569182468187,10,2
1692,kr_kospi,dSkew,swap,60,0.31933902098339473,0.21754211236851878,0.5,-0.12735521150039422,10,2
1692,kr_kospi,dSkew,swap,90,0.5522361295629999,0.5505012320660806,0.7,-0.04156618389240207,10,3
1692,kr_kospi,dSkew,swap,120,0.6826081993046956,0.5911033641550324,0.7,-0.09913780372792313,10,3
1692,kr_kospi,dSkew,swap,180,0.45332113969221693,0.2148254787904994,0.6,-0.12889710373503158,10,2
1692,kr_kospi,dSkew,swap,252,-0.12885078579304862,-0.08264982014329003,0.4,0.06651353062872015,10,2
1692,kr_kospi,dSkew,swap,378,-0.07875008275006415,-0.06393561953020857,0.3,0.08899372515992286,10,2
1692,kr_kospi,dSkew,swap,504,0.39313296038819556,0.15336835133980556,0.5,0.011234469875799362,10,2
1692,kr_kospi,ac1,swap,20,-0.2912209053085208,-0.38590056352395374,0.3,0.058699917139019245,10,2
1692,kr_kospi,ac1,swap,40,0.016849772810038223,0.034741924763382816,0.6,-0.1452851758728346,10,2
1692,kr_kospi,ac1,swap,60,-0.0035820552693435646,0.13892016595003392,0.5,0.2774714756609167,10,1
1692,kr_kospi,ac1,swap,90,0.1605598019687207,0.12199693330046532,0.6,-0.28109510055646125,10,1
1692,kr_kospi,ac1,swap,120,-0.03802628025319918,-0.11562794880782412,0.4,-0.15300278609790846,10,1
1692,kr_kospi,ac1,swap,180,0.16439402411418566,0.2394697531899321,0.6,0.044652470098319866,10,2
1692,kr_kospi,ac1,swap,252,0.09283232829112785,0.013129595459773704,0.6,-0.17587603015815928,10,1
1692,kr_kospi,ac1,swap,378,0.3860704795748234,0.08824735771705433,0.5,-0.3234008559374599,10,1
1692,kr_kospi,ac1,swap,504,0.27205318080981733,0.24406786856469714,0.5,-0.16649895051413935,10,1
1692,kr_kospi,pctpos,swap,20,-0.2334033112312533,0.013269525056741673,0.5,0.3008065893724237,10,1
1692,kr_kospi,pctpos,swap,40,-0.15346989925283913,-0.12369994742452033,0.4,0.21360439794950187,10,1
1692,kr_kospi,pctpos,swap,60,-0.30545340421736994,-0.16009824582584242,0.4,0.17510545489123136,10,1
1692,kr_kospi,pctpos,swap,90,0.6018676577338911,0.5081345506074978,0.6,-0.2657468500324335,10,1
1692,kr_kospi,pctpos,swap,120,0.5830252360456895,0.48842694052974106,0.6,-0.2992595880673816,10,1
1692,kr_kospi,pctpos,swap,180,0.42493716680492316,0.4376755032088717,0.7,-0.3169912369846832,10,2
1692,kr_kospi,pctpos,swap,252,-0.018782456938353904,0.07497777772377841,0.7,-0.20550306781223326,10,2
1692,kr_kospi,pctpos,swap,378,-0.25691541288938635,-0.0811749336555555,0.6,-0.013543447450512815,10,2
1692,kr_kospi,pctpos,swap,504,0.3643339836110966,0.30966308687376637,0.6,-0.05934677063572886,10,2
1692,us_semi_ip,selfz,location,20,0.279717639363705,0.33656376888170625,0.6,-0.13090233563244885,10,2
1692,us_semi_ip,selfz,location,40,0.36069969668950674,0.3963167032217808,0.6,-0.0336902759920904,10,2
1692,us_semi_ip,selfz,location,60,0.4286311194778665,0.48428325563325625,0.6,-0.02012098875182927,10,2
1692,us_semi_ip,selfz,location,90,0.5238663129282599,0.5365910317204733,0.7,-0.04282194137795906,10,3
1692,us_semi_ip,selfz,location,120,0.5071438713519558,0.48517006330684864,0.7,-0.058874881351226545,10,3
1692,us_semi_ip,selfz,location,180,0.28277772282199265,0.26863070465527294,0.5,-0.06570972424073414,10,2
1692,us_semi_ip,selfz,location,252,0.10347938670882756,0.08479982786050165,0.4,-0.06794567536200835,10,2
1692,us_semi_ip,selfz,location,378,-0.10945812016803318,-0.09809604416777369,0.3,-0.07413129707727929,10,2
1692,us_semi_ip,selfz,location,504,-0.22524957773837706,-0.20272709892414878,0.3,-0.06880974160147735,10,2
1692,us_semi_ip,robustz,location,20,0.23834053059447086,4.4176111222319025e-05,0.6,-0.041400051293543155,10,2
1692,us_semi_ip,robustz,location,40,0.4172656351604611,0.6237813735933828,0.8,-0.09344915127739907,10,4
1692,us_semi_ip,robustz,location,60,0.4728010010784295,0.5540260402601473,0.6,-0.047705453861696584,10,2
1692,us_semi_ip,robustz,location,90,0.5409332728213996,0.6913715489745096,0.7,-0.16797593816190343,10,3
1692,us_semi_ip,robustz,location,120,0.4570869839473427,0.4503067135813469,0.7,-0.157368222436391,10,2
1692,us_semi_ip,robustz,location,180,0.1667043752889717,0.12488227060711699,0.5,-0.05620176229752329,10,2
1692,us_semi_ip,robustz,location,252,0.07700905693715285,0.07350867007428125,0.4,-0.04075651494935532,10,2
1692,us_semi_ip,robustz,location,378,-0.095013151754587,-0.06519413303445395,0.3,-0.049628150563668025,10,2
1692,us_semi_ip,robustz,location,504,-0.16481613434673484,-0.15635486617190011,0.3,-0.06375963217052107,10,2
1692,us_semi_ip,bdtanh,location,20,0.3906970804571968,0.48128434618533716,0.6,-0.15320021253202845,10,1
1692,us_semi_ip,bdtanh,location,40,0.35237928090312953,0.3448416353670862,0.6,-0.00513825446187307,10,2
1692,us_semi_ip,bdtanh,location,60,0.45133051470945634,0.4773343697862828,0.6,0.009126251197602658,10,2
1692,us_semi_ip,bdtanh,location,90,0.47172523651787085,0.4868615242384478,0.6,-0.0013818028177459034,10,2
1692,us_semi_ip,bdtanh,location,120,0.4498400602232311,0.4692154190097854,0.6,-0.01748725147979406,10,2
1692,us_semi_ip,bdtanh,location,180,0.21849121937837712,0.19777589946823088,0.5,-0.05618066626927781,10,2
1692,us_semi_ip,bdtanh,location,252,0.03382943607839245,0.01109687503867845,0.4,-0.0603397164476301,10,2
1692,us_semi_ip,bdtanh,location,378,-0.15667776836431843,-0.1810817119210701,0.3,-0.06909528595077749,10,2
1692,us_semi_ip,bdtanh,location,504,0.3159493664446657,0.28739854325444447,0.7,0.06271608920882205,10,3
1692,us_semi_ip,rankc,location,20,0.3422867303764987,0.4261400217824217,0.6,0.060402492114694506,10,2
1692,us_semi_ip,rankc,location,40,0.35918598709169675,0.39847098316950524,0.6,0.01605585397499973,10,2
1692,us_semi_ip,rankc,location,60,0.4395497579379483,0.46814843291646535,0.6,0.020341004088721082,10,2
1692,us_semi_ip,rankc,location,90,0.46604437908451357,0.4747705986373694,0.6,0.017136068231953447,10,2
1692,us_semi_ip,rankc,location,120,0.3854952306018319,0.39825716125718547,0.6,-0.014668761784256764,10,2
1692,us_semi_ip,rankc,location,180,0.18679482804997127,0.15870294914808952,0.4,-0.060209458261445935,10,2
1692,us_semi_ip,rankc,location,252,0.06198253645846951,0.0372400385094731,0.4,-0.05630493040090359,10,2
1692,us_semi_ip,rankc,location,378,-0.09261855658154558,-0.09793552019644733,0.3,-0.04966592599416821,10,2
1692,us_semi_ip,rankc,location,504,-0.22725325762531617,-0.2358477557519379,0.3,-0.054853805334914484,10,2
1692,us_semi_ip,signth,location,20,0.538504276362877,0.7548997310053757,0.7,-0.15946266784658117,10,3
1692,us_semi_ip,signth,location,40,0.33572709962096425,0.3372031817614393,0.6,0.01883855668076164,10,2
1692,us_semi_ip,signth,location,60,0.3381186802911812,0.36637393532647916,0.6,-0.00013200842115326192,10,2
1692,us_semi_ip,signth,location,90,0.47174668328195346,0.47654315821546767,0.6,0.03603481010862343,10,2
1692,us_semi_ip,signth,location,120,0.41572002061404045,0.4587197133442318,0.6,-0.004943425549917516,10,2
1692,us_semi_ip,signth,location,180,0.1901163152103428,0.2610242445154173,0.5,-0.007643794077757905,10,2
1692,us_semi_ip,signth,location,252,-0.07297661186098398,-0.06496148210744593,0.4,-0.02180034335361311,10,2
1692,us_semi_ip,signth,location,378,0.43216273194261434,0.4529941187993319,0.7,0.004313795069359223,10,3
1692,us_semi_ip,signth,location,504,0.5514262704059711,0.5527017949737992,0.7,0.01834827341027392,10,3
1692,us_semi_ip,dev,location,20,0.5934077213054221,0.9445343234808307,0.8,-0.12736738834174968,10,4
1692,us_semi_ip,dev,location,40,0.6528199413561289,0.7295391990498269,0.7,-0.0923513745423927,10,4
1692,us_semi_ip,dev,location,60,0.6515201882720839,0.6815094012314756,0.7,-0.07908462877757061,10,4
1692,us_semi_ip,dev,location,90,0.5365800943041463,0.4828978833371265,0.7,-0.026493314365832406,10,3
1692,us_semi_ip,dev,location,120,0.43065748863098674,0.39219097673571435,0.6,-0.01004979560973982,10,2
1692,us_semi_ip,dev,location,180,0.2685171353693582,0.2454043219040603,0.5,-0.03410858935534442,10,2
1692,us_semi_ip,dev,location,252,0.11589017421324777,0.09860424386148141,0.4,-0.04158297954963024,10,2
1692,us_semi_ip,dev,location,378,-0.119831558155932,-0.09068026687479476,0.3,-0.05620879893956206,10,2
1692,us_semi_ip,dev,location,504,-0.23624062970672516,-0.1892854465149025,0.3,-0.04757545274316786,10,2
1692,us_semi_ip,instStdev,swap,20,-0.061430385287198234,0.13562781998869472,0.6,0.13220411994914488,10,2
1692,us_semi_ip,instStdev,swap,40,0.2138248018831878,0.3068781794932823,0.6,0.06733085340478187,10,2
1692,us_semi_ip,instStdev,swap,60,0.32805508677418094,0.37944199937217277,0.6,0.027804514409621034,10,2
1692,us_semi_ip,instStdev,swap,90,0.6679001742470215,0.4939784817525743,0.5,-0.1348422468088849,10,2
1692,us_semi_ip,instStdev,swap,120,0.5941575252698903,0.3271968155520725,0.6,-0.0849495296131595,10,2
1692,us_semi_ip,instStdev,swap,180,0.15543836881178996,0.2466298203546844,0.6,0.15655310024820776,10,1
1692,us_semi_ip,instStdev,swap,252,-0.21112607861176158,-0.1052445289250738,0.5,-0.23627463079661265,10,1
1692,us_semi_ip,instStdev,swap,378,-0.23157466288305678,-0.19651246783236995,0.5,0.05927222710687398,10,2
1692,us_semi_ip,instStdev,swap,504,0.6411082231514673,0.4271836726141389,0.7,0.00578389449572327,10,3
1692,us_semi_ip,instSkew,swap,20,-0.03586672127529162,-0.11773371921364467,0.5,0.03847992261985795,10,2
1692,us_semi_ip,instSkew,swap,40,-0.002576602599293039,0.04245886467125142,0.5,0.007594793650788462,10,2
1692,us_semi_ip,instSkew,swap,60,0.004394968590952988,0.02355981844767554,0.4,0.04031212941866378,10,2
1692,us_semi_ip,instSkew,swap,90,0.1683885507056325,0.12408188271281875,0.6,-0.07472272787830642,10,2
1692,us_semi_ip,instSkew,swap,120,0.3722182803481671,0.30802204739350636,0.6,-0.18699288261080432,10,1
1692,us_semi_ip,instSkew,swap,180,0.26970831566937664,-0.003336913110669206,0.5,-0.22641447297640763,10,1
1692,us_semi_ip,instSkew,swap,252,-0.12247559964934061,-0.3314282486404855,0.4,-0.02163907562615671,10,2
1692,us_semi_ip,instSkew,swap,378,0.7375742246664928,0.4401235958200284,0.6,-0.045214256948084224,10,2
1692,us_semi_ip,instSkew,swap,504,0.5845108071637828,0.4893142808834654,0.7,-0.13928583894664043,10,3
1692,us_semi_ip,instKurt,swap,20,0.002552889063916515,-0.1914640194565637,0.4,-0.257305652775577,10,1
1692,us_semi_ip,instKurt,swap,40,-0.09595268170782995,-0.20013094603902068,0.6,-0.23267024559624339,10,1
1692,us_semi_ip,instKurt,swap,60,-0.02406415121009209,0.05002507709817011,0.6,0.1461065274318477,10,2
1692,us_semi_ip,instKurt,swap,90,0.21688844383407108,0.12447973932297267,0.6,-0.11255525673754524,10,2
1692,us_semi_ip,instKurt,swap,120,-0.13694914331610933,-0.12911261493357437,0.2,0.1448164463015014,10,2
1692,us_semi_ip,instKurt,swap,180,0.05054533252399415,0.20533641686257234,0.5,0.03660381095827376,10,2
1692,us_semi_ip,instKurt,swap,252,-0.003797025294983691,0.0014267687091789507,0.4,-0.09349596464634481,10,2
1692,us_semi_ip,instKurt,swap,378,-0.41546361092526307,-0.3182096125506945,0.3,-0.10843228517898124,10,2
1692,us_semi_ip,instKurt,swap,504,0.8118858542005444,0.822225860966159,0.8,-0.06385030039357419,10,4
1692,us_semi_ip,minmax,swap,20,0.47491988428071896,0.5315838754899304,0.7,-0.16064271281523254,10,2
1692,us_semi_ip,minmax,swap,40,0.3230241657240555,0.33145456964456455,0.6,0.013661023996172127,10,2
1692,us_semi_ip,minmax,swap,60,0.41088692601430443,0.433079746904926,0.6,0.013381355413930998,10,2
1692,us_semi_ip,minmax,swap,90,0.4693566257519924,0.5133035619742787,0.6,0.005931259639928381,10,2
1692,us_semi_ip,minmax,swap,120,0.43117717814741,0.4765489969549215,0.5,-0.006357530698359908,10,2
1692,us_semi_ip,minmax,swap,180,0.27246237295465997,0.3058095164693193,0.5,-0.03338201385560262,10,2
1692,us_semi_ip,minmax,swap,252,0.1068195078081165,0.08622541393167502,0.4,-0.047356908012521216,10,2
1692,us_semi_ip,minmax,swap,378,-0.15330339591306272,-0.1496354904855254,0.3,-0.076203522822747,10,2
1692,us_semi_ip,minmax,swap,504,0.2611794900480409,0.21813150970883435,0.7,0.08062261796167801,10,3
1692,us_semi_ip,chg,swap,20,0.5038926733379587,0.5622010709610865,0.7,-0.04776596596668871,10,3
1692,us_semi_ip,chg,swap,40,0.6756759264763534,0.7282645683986625,0.7,-0.035396902077071093,10,4
1692,us_semi_ip,chg,swap,60,0.5503887993519014,0.479860595764854,0.7,-0.05916314489065935,10,3
1692,us_semi_ip,chg,swap,90,0.30310277274398895,0.2509623779157114,0.6,-0.009624912299968473,10,2
1692,us_semi_ip,chg,swap,120,0.13269088806410084,0.12068252196197571,0.4,-0.040358255750851696,10,2
1692,us_semi_ip,chg,swap,180,-0.01558635744193844,0.02185445396086981,0.4,-0.04476777197750392,10,2
1692,us_semi_ip,chg,swap,252,-0.16845936705139236,-0.11933299862710324,0.3,0.0034340922924719175,10,2
1692,us_semi_ip,chg,swap,378,0.2514153351930224,0.21481834955521056,0.5,0.06128457103341172,10,2
1692,us_semi_ip,chg,swap,504,0.414312095305928,0.46252304725273496,0.7,-0.18899172779630158,10,2
1692,us_semi_ip,slope,swap,20,0.7072014132815458,0.9841676579415066,0.8,-0.12900838272266954,10,4
1692,us_semi_ip,slope,swap,40,0.5846363281656458,0.6133206256179919,0.7,-0.018906621525771203,10,4
1692,us_semi_ip,slope,swap,60,0.49669583393934796,0.42941309215947393,0.6,0.00394976573517663,10,2
1692,us_semi_ip,slope,swap,90,0.18280292094203618,0.1282154717483493,0.6,0.06856328631011738,10,2
1692,us_semi_ip,slope,swap,120,0.08433778843466776,0.11389461739061917,0.5,-0.008403633113346146,10,2
1692,us_semi_ip,slope,swap,180,0.2705216576573412,0.2054668206604431,0.6,-0.039847385473628406,10,2
1692,us_semi_ip,slope,swap,252,0.3552098795321408,0.23906866367716662,0.7,-0.017154943100667723,10,3
1692,us_semi_ip,slope,swap,378,0.48634273697779246,0.4850057945640648,0.8,0.10337181554174656,10,3
1692,us_semi_ip,slope,swap,504,0.4950245206850565,0.49809568037615204,0.8,0.1785553555432112,10,2
1692,us_semi_ip,dStdev,swap,20,0.1102970665584604,0.24024631533157628,0.6,0.04739671524023982,10,2
1692,us_semi_ip,dStdev,swap,40,0.09744674942596625,0.19742492344955723,0.6,0.09083955508607035,10,2
1692,us_semi_ip,dStdev,swap,60,0.269667998877079,0.29583885098748997,0.6,0.05647112029530322,10,2
1692,us_semi_ip,dStdev,swap,90,0.6749620825150707,0.5020931229577918,0.7,-0.16429150058060785,10,2
1692,us_semi_ip,dStdev,swap,120,0.49949955950499975,0.34478892049265625,0.6,-0.017345959564852288,10,2
1692,us_semi_ip,dStdev,swap,180,0.6386466015655374,0.585325617933454,0.7,-0.03140705016853681,10,3
1692,us_semi_ip,dStdev,swap,252,0.27845097192112583,0.4119099489802491,0.7,0.0521913551366713,10,3
1692,us_semi_ip,dStdev,swap,378,0.6959909349679132,0.45953359114450565,0.6,-0.3370014246779213,10,1
1692,us_semi_ip,dStdev,swap,504,0.5202031300963413,0.6285804554984157,0.6,-0.19569943564797923,10,2
1692,us_semi_ip,dSkew,swap,20,0.21258289466509656,0.14655252152366136,0.6,-0.0022042952210544068,10,2
1692,us_semi_ip,dSkew,swap,40,0.3804975664013142,0.3876336695170319,0.6,0.052077243413853336,10,2
1692,us_semi_ip,dSkew,swap,60,0.2562168513481661,0.24337898210717854,0.6,0.04540513353305137,10,2
1692,us_semi_ip,dSkew,swap,90,0.22989718779371573,0.2959388537121508,0.7,-0.030478793900556307,10,3
1692,us_semi_ip,dSkew,swap,120,-0.09189979342004577,-0.11813305520374076,0.4,-0.05649782306411472,10,2
1692,us_semi_ip,dSkew,swap,180,0.10926871304495257,0.1989510897875016,0.6,0.06723582848087978,10,2
1692,us_semi_ip,dSkew,swap,252,0.262575800468774,0.23821914767406074,0.7,0.13865181507009694,10,3
1692,us_semi_ip,dSkew,swap,378,0.04879061669457848,-0.00014710451095362482,0.7,0.05881244093617492,10,3
1692,us_semi_ip,dSkew,swap,504,0.21559978209945457,0.06799934850185427,0.7,-0.16379359869235924,10,2
1692,us_semi_ip,ac1,swap,20,-0.10497906409356368,-0.268581272210863,0.4,-0.03940405121931761,10,2
1692,us_semi_ip,ac1,swap,40,0.3642157808897477,0.3025900655888363,0.8,-0.15371638653481726,10,2
1692,us_semi_ip,ac1,swap,60,0.39525766544131713,0.28635190124692467,0.7,-0.1946783360114072,10,2
1692,us_semi_ip,ac1,swap,90,0.39463819466794253,0.38609820689613455,0.7,-0.12720002818827666,10,3
1692,us_semi_ip,ac1,swap,120,0.2538104701571377,0.25017245780724107,0.5,0.10212493282890533,10,2
1692,us_semi_ip,ac1,swap,180,0.3436332660297302,0.14847397115655056,0.5,0.10365313789439115,10,2
1692,us_semi_ip,ac1,swap,252,0.17136159683525212,0.16372021854965796,0.7,0.08139099548046234,10,3
1692,us_semi_ip,ac1,swap,378,-0.04647995436939985,-0.08296691320609759,0.5,0.09748597830501035,10,2
1692,us_semi_ip,ac1,swap,504,0.38193319472492543,0.14831650109414563,0.6,0.04962169862712123,10,2
1692,us_semi_ip,pctpos,swap,20,0.2518284315825308,0.21918757663082195,0.5,-0.0554537621286096,10,2
1692,us_semi_ip,pctpos,swap,40,0.39903260331662066,0.3325678174908101,0.5,-0.022169975033725878,10,2
1692,us_semi_ip,pctpos,swap,60,0.3728192247615878,0.2286128073816708,0.5,-0.08245288994750302,10,2
1692,us_semi_ip,pctpos,swap,90,0.2036373157603453,0.08898166789668206,0.4,-0.039765845301774516,10,2
1692,us_semi_ip,pctpos,swap,120,0.07861563842195467,-0.011363504110237486,0.4,-0.1122766047459407,10,2
1692,us_semi_ip,pctpos,swap,180,-0.2448560718813166,-0.27775139612167854,0.3,-0.051930168687043074,10,2
1692,us_semi_ip,pctpos,swap,252,-0.35710120971105436,-0.2927489364918576,0.4,0.027222823787695537,10,2
1692,us_semi_ip,pctpos,swap,378,0.14546808043670306,0.1085064975850101,0.6,0.09510160724613481,10,2
1692,us_semi_ip,pctpos,swap,504,0.496209052060653,0.5618049633972204,0.8,-0.0756343999824447,10,3
1692,us_semi_ip_nsa,selfz,location,20,0.31533493003672025,0.0723880022037011,0.5,-0.053683774469827104,10,2
1692,us_semi_ip_nsa,selfz,location,40,0.2639579605446196,0.11386847760961752,0.5,-0.01930893847107811,10,2
1692,us_semi_ip_nsa,selfz,location,60,0.33737218161920973,0.2973774224529394,0.6,-0.008248138467137081,10,2
1692,us_semi_ip_nsa,selfz,location,90,0.3909965512328933,0.3329662759788064,0.7,-0.035138061177964655,10,3
1692,us_semi_ip_nsa,selfz,location,120,0.3508978039254157,0.3098120670833829,0.7,-0.06476258595368589,10,3
1692,us_semi_ip_nsa,selfz,location,180,0.1492308676303109,0.1183138001240499,0.5,-0.06505131772190471,10,2
1692,us_semi_ip_nsa,selfz,location,252,-0.003434527938884352,-0.045757114152397825,0.4,-0.06921285000870286,10,2
1692,us_semi_ip_nsa,selfz,location,378,-0.166474360371005,-0.20223748363238467,0.3,-0.06612323628743283,10,2
1692,us_semi_ip_nsa,selfz,location,504,-0.2510768517533623,-0.2765642627919054,0.3,-0.05964626378415695,10,2
1692,us_semi_ip_nsa,robustz,location,20,-0.17794022845847682,-0.1378598929983267,0.4,0.03959949468737056,10,2
1692,us_semi_ip_nsa,robustz,location,40,0.4615989585776742,0.5627995574134512,0.7,-0.13456148981498597,10,3
1692,us_semi_ip_nsa,robustz,location,60,0.4230607226932789,0.4245731813422145,0.7,-0.01577665454299917,10,3
1692,us_semi_ip_nsa,robustz,location,90,0.41908145292597593,0.4004062049584374,0.7,-0.1263058939776476,10,3
1692,us_semi_ip_nsa,robustz,location,120,0.4361468547758984,0.3194359202593555,0.6,-0.13132465630608642,10,2
1692,us_semi_ip_nsa,robustz,location,180,0.12581306936088796,0.07726506278310138,0.4,-0.06246127466529637,10,2
1692,us_semi_ip_nsa,robustz,location,252,-0.01581935324236883,-0.039759679688526554,0.4,-0.05545934202856919,10,2
1692,us_semi_ip_nsa,robustz,location,378,-0.13329628401030125,-0.14967789295269313,0.3,-0.07616003231164623,10,2
1692,us_semi_ip_nsa,robustz,location,504,-0.14093486520592532,-0.169883973333436,0.3,-0.046624885473367725,10,2
1692,us_semi_ip_nsa,bdtanh,location,20,0.42170013510757764,0.15178738701352254,0.7,-0.0816637733327685,10,3
1692,us_semi_ip_nsa,bdtanh,location,40,0.22359208533110064,0.14104519511400201,0.6,0.021088501325609146,10,2
1692,us_semi_ip_nsa,bdtanh,location,60,0.35329497879920174,0.35654042453922397,0.7,0.013321861573403456,10,3
1692,us_semi_ip_nsa,bdtanh,location,90,0.36819663044010636,0.35506700900270277,0.7,0.004980927486920579,10,3
1692,us_semi_ip_nsa,bdtanh,location,120,0.26145106714169986,0.2544126042635298,0.7,-0.03226184006554097,10,3
1692,us_semi_ip_nsa,bdtanh,location,180,0.08861937189898059,0.0453705349156342,0.4,-0.05953940975912685,10,2
1692,us_semi_ip_nsa,bdtanh,location,252,-0.06867128933699881,-0.11710603575728634,0.4,-0.06461469190264368,10,2
1692,us_semi_ip_nsa,bdtanh,location,378,-0.21569314982317697,-0.2846415667895307,0.3,-0.06477630271581263,10,2
1692,us_semi_ip_nsa,bdtanh,location,504,-0.32967900173819537,-0.3615816380780187,0.3,-0.059658099017742924,10,2
1692,us_semi_ip_nsa,rankc,location,20,0.32705194255466546,0.17299635275066738,0.5,0.13568201148549494,10,2
1692,us_semi_ip_nsa,rankc,location,40,0.1904086369301907,0.10576748943106172,0.6,0.09824047417873313,10,2
1692,us_semi_ip_nsa,rankc,location,60,0.2372146347764222,0.21725228213068373,0.6,0.07275642614597423,10,2
1692,us_semi_ip_nsa,rankc,location,90,0.2636399963455696,0.2626789266858763,0.6,0.06162022397292311,10,2
1692,us_semi_ip_nsa,rankc,location,120,0.22778020533119622,0.20118579927049354,0.6,0.010322046278663751,10,2
1692,us_semi_ip_nsa,rankc,location,180,0.06617136224415274,0.022243191638279335,0.4,-0.031057146132578373,10,2
1692,us_semi_ip_nsa,rankc,location,252,-0.039191199222347615,-0.09202390814232284,0.4,-0.03643916069308025,10,2
1692,us_semi_ip_nsa,rankc,location,378,-0.16065763083981355,-0.22186840189306173,0.4,-0.040227672500332205,10,2
1692,us_semi_ip_nsa,rankc,location,504,-0.22000000860896674,-0.28001624619962934,0.3,-0.02217636304259229,10,2
1692,us_semi_ip_nsa,signth,location,20,0.46341295749488787,0.2000798201686725,0.6,-0.05422691262260609,10,2
1692,us_semi_ip_nsa,signth,location,40,0.2570445406844638,0.20974563872953653,0.6,0.05161226549159409,10,2
1692,us_semi_ip_nsa,signth,location,60,0.33113009619460493,0.31685458354100343,0.6,0.01581298596110146,10,2
1692,us_semi_ip_nsa,signth,location,90,0.24841445617212252,0.23204771035750543,0.7,-0.007304030362077876,10,3
1692,us_semi_ip_nsa,signth,location,120,0.31405522607710956,0.3104373358464649,0.6,-0.006608042962858394,10,2
1692,us_semi_ip_nsa,signth,location,180,0.11914005732855003,0.18192782545928501,0.6,-0.04916799275914088,10,2
1692,us_semi_ip_nsa,signth,location,252,-0.05901621746249057,-0.0698659207280134,0.4,-0.0642872870441264,10,2
1692,us_semi_ip_nsa,signth,location,378,-0.3949900659989385,-0.47952399455080225,0.3,-0.00402217842231877,10,2
1692,us_semi_ip_nsa,signth,location,504,0.4926757623946674,0.5447901325079034,0.7,0.018549697500596176,10,3
1692,us_semi_ip_nsa,dev,location,20,0.5154936847273576,0.21382645122050659,0.6,-0.12779503764420747,10,2
1692,us_semi_ip_nsa,dev,location,40,0.4876639771410276,0.4431486660713006,0.7,-0.06552695939144287,10,3
1692,us_semi_ip_nsa,dev,location,60,0.5151640730334995,0.4925975765167237,0.7,-0.07221845789120444,10,3
1692,us_semi_ip_nsa,dev,location,90,0.4092254352343502,0.3524600930812301,0.7,-0.027955031063944768,10,3
1692,us_semi_ip_nsa,dev,location,120,0.2742236345965952,0.24563557719398327,0.6,-0.018500884645173032,10,2
1692,us_semi_ip_nsa,dev,location,180,0.1284902118719584,0.10450624670048628,0.4,-0.03952521679991002,10,2
1692,us_semi_ip_nsa,dev,location,252,0.0011140532166706604,-0.02200802443811319,0.4,-0.04505241803764454,10,2
1692,us_semi_ip_nsa,dev,location,378,-0.19388689925244182,-0.20481228152378544,0.3,-0.0539565287724642,10,2
1692,us_semi_ip_nsa,dev,location,504,-0.272469610151529,-0.2676019979464939,0.3,-0.04282116082624409,10,2
1692,us_semi_ip_nsa,instStdev,swap,20,-0.07920248044408565,0.017359840398590655,0.6,0.12727368519606294,10,2
1692,us_semi_ip_nsa,instStdev,swap,40,0.36904433001066567,0.4174971234743502,0.7,0.026475544437479043,10,3
1692,us_semi_ip_nsa,instStdev,swap,60,0.2929256935733942,0.3867578735203079,0.7,0.04472686150742126,10,3
1692,us_semi_ip_nsa,instStdev,swap,90,0.5107311051777917,0.42654368562415546,0.6,-0.10140297127812581,10,2
1692,us_semi_ip_nsa,instStdev,swap,120,0.38008017220529355,0.17547741253867905,0.6,-0.04097466396936037,10,2
1692,us_semi_ip_nsa,instStdev,swap,180,-0.05453226533364661,-0.08760040521968926,0.5,-0.16957746643976157,10,1
1692,us_semi_ip_nsa,instStdev,swap,252,-0.007057740903765133,0.06467988245934127,0.5,-0.2186747565369785,10,1
1692,us_semi_ip_nsa,instStdev,swap,378,-0.0672232711851453,-0.0028315826467613064,0.5,0.0545262036553587,10,2
1692,us_semi_ip_nsa,instStdev,swap,504,0.5905953468236579,0.3930301684228205,0.7,0.06679343125995028,10,3
1692,us_semi_ip_nsa,instSkew,swap,20,-0.24373692231766594,-0.35419335653440753,0.6,0.003945471634192949,10,2
1692,us_semi_ip_nsa,instSkew,swap,40,0.09786560618385995,-0.06062214995123749,0.5,-0.05741761625899812,10,2
1692,us_semi_ip_nsa,instSkew,swap,60,-0.16970802852054373,-0.15383697093650522,0.4,-0.051332702518186814,10,2
1692,us_semi_ip_nsa,instSkew,swap,90,0.4749161400852176,0.38087775815854075,0.6,-0.006641965550074364,10,2
1692,us_semi_ip_nsa,instSkew,swap,120,0.5752468843102494,0.4420234971937866,0.7,-0.07700895204390712,10,3
1692,us_semi_ip_nsa,instSkew,swap,180,0.67381094281779,0.3590205395077862,0.8,-0.1692142258202891,10,2
1692,us_semi_ip_nsa,instSkew,swap,252,0.07720406371983067,0.012835732752999133,0.4,0.03826201092930022,10,2
1692,us_semi_ip_nsa,instSkew,swap,378,0.4485164377636449,0.25379334557570216,0.5,-0.15544481409805727,10,1
1692,us_semi_ip_nsa,instSkew,swap,504,0.44217973439423414,0.5534027978513888,0.7,-0.15179878463057367,10,2
1692,us_semi_ip_nsa,instKurt,swap,20,-0.016357429838645333,-0.203878140377593,0.4,-0.25584265642207243,10,1
1692,us_semi_ip_nsa,instKurt,swap,40,-0.15702858265066302,-0.100287848585613,0.4,0.19491044653087106,10,1
1692,us_semi_ip_nsa,instKurt,swap,60,-0.31080390037875677,-0.4577792835358096,0.2,0.10589316591672722,10,2
1692,us_semi_ip_nsa,instKurt,swap,90,0.30831609830684026,0.2819458005994142,0.6,-0.06957004071181745,10,2
1692,us_semi_ip_nsa,instKurt,swap,120,-0.1709875685286497,-0.08606056368836802,0.6,0.13688081804876587,10,2
1692,us_semi_ip_nsa,instKurt,swap,180,0.4238390045781918,0.28607644873201793,0.8,-0.030454082977283865,10,3
1692,us_semi_ip_nsa,instKurt,swap,252,0.34896777544176233,0.5322129717355797,0.7,0.14178710596423288,10,3
1692,us_semi_ip_nsa,instKurt,swap,378,0.029629465707553933,0.13402343366811645,0.5,-0.013044573405140815,10,2
1692,us_semi_ip_nsa,instKurt,swap,504,0.7177068194666095,0.7384911454137795,0.7,-0.1317594217626084,10,4
1692,us_semi_ip_nsa,minmax,swap,20,0.45402590657491176,0.17138873911184113,0.7,-0.09161233146708984,10,3
1692,us_semi_ip_nsa,minmax,swap,40,0.23267244829275513,0.21229927345561486,0.6,0.034330528387425424,10,2
1692,us_semi_ip_nsa,minmax,swap,60,0.31898586944891333,0.3121865938026862,0.6,0.013489563696146364,10,2
1692,us_semi_ip_nsa,minmax,swap,90,0.2774706316853696,0.27043128196867716,0.6,-0.0005131125223569203,10,2
1692,us_semi_ip_nsa,minmax,swap,120,0.1892750264218189,0.20979003027583004,0.5,-0.04086009851680774,10,2
1692,us_semi_ip_nsa,minmax,swap,180,0.07700747699389758,0.07934323261591586,0.5,-0.05419094430885896,10,2
1692,us_semi_ip_nsa,minmax,swap,252,-0.07680407910395999,-0.10798798703102232,0.4,-0.06664281795752787,10,2
1692,us_semi_ip_nsa,minmax,swap,378,-0.23824903733463568,-0.29993127599690744,0.3,-0.06898515777819997,10,2
1692,us_semi_ip_nsa,minmax,swap,504,-0.313911137278061,-0.3332904115114214,0.3,-0.055303560189168495,10,2
1692,us_semi_ip_nsa,chg,swap,20,0.29237308679558954,0.20413957434111793,0.5,0.006206901756109455,10,2
1692,us_semi_ip_nsa,chg,swap,40,0.5442512381448578,0.5646276652605811,0.7,-0.05192329026181754,10,3
1692,us_semi_ip_nsa,chg,swap,60,0.4536891719606583,0.3269966482930785,0.6,-0.07533284349290441,10,2
1692,us_semi_ip_nsa,chg,swap,90,0.23484460832004328,0.22928591048433564,0.6,-0.01723699524290079,10,2
1692,us_semi_ip_nsa,chg,swap,120,0.006206236198502035,-0.0054510906442384365,0.4,-0.04937062966281178,10,2
1692,us_semi_ip_nsa,chg,swap,180,-0.12314276984558789,-0.09521838498684129,0.4,-0.03040371567779557,10,2
1692,us_semi_ip_nsa,chg,swap,252,-0.20814936049110497,-0.1649188651718114,0.3,-0.012629618504755018,10,2
1692,us_semi_ip_nsa,chg,swap,378,0.24587168585774852,0.23655719346384393,0.6,0.10253013095749212,10,2
1692,us_semi_ip_nsa,chg,swap,504,0.45281756097326165,0.5951102669354053,0.7,-0.2100876369763366,10,2
1692,us_semi_ip_nsa,slope,swap,20,0.6064578863623427,0.354921833133715,0.7,-0.14710422654821834,10,3
1692,us_semi_ip_nsa,slope,swap,40,0.3984662851338497,0.4229985237402439,0.7,0.03724282775554991,10,3
1692,us_semi_ip_nsa,slope,swap,60,0.48625911886238815,0.4435688949238914,0.7,-0.005091448128284452,10,3
1692,us_semi_ip_nsa,slope,swap,90,0.22994579558014527,0.16457289388436394,0.7,0.07014791584896386,10,3
1692,us_semi_ip_nsa,slope,swap,120,0.06573485733454257,0.10234184805975481,0.5,-0.01958481179200114,10,2
1692,us_semi_ip_nsa,slope,swap,180,0.3411261924264674,0.26236739735172676,0.7,-0.038734628430441134,10,3
1692,us_semi_ip_nsa,slope,swap,252,0.3433234957606397,0.24357515503187532,0.6,-0.009959978672149958,10,2
1692,us_semi_ip_nsa,slope,swap,378,0.4725517656168364,0.4472072778184088,0.8,0.10478805660222881,10,3
1692,us_semi_ip_nsa,slope,swap,504,0.47360990960115484,0.48877989812247374,0.8,0.17844026015703154,10,2
1692,us_semi_ip_nsa,dStdev,swap,20,0.31086457015086255,0.6461064351351171,0.8,-0.050578218473432635,10,4
1692,us_semi_ip_nsa,dStdev,swap,40,0.30991585102474595,0.4130362392175522,0.8,0.12194710488594099,10,3
1692,us_semi_ip_nsa,dStdev,swap,60,0.1470361976353661,0.16341584890358965,0.7,0.08200715255698308,10,3
1692,us_semi_ip_nsa,dStdev,swap,90,0.46659101941869585,0.6305186806026162,0.9,-0.11503699835282304,10,4
1692,us_semi_ip_nsa,dStdev,swap,120,0.06842915211096413,0.06317630938719913,0.5,0.06663258670765297,10,2
1692,us_semi_ip_nsa,dStdev,swap,180,-0.007448363945209931,-0.09332257232831989,0.4,0.0727100885775376,10,2
1692,us_semi_ip_nsa,dStdev,swap,252,0.43305834214004313,0.32098057491565957,0.6,0.0657995563056648,10,2
1692,us_semi_ip_nsa,dStdev,swap,378,0.40859832515626066,0.4396679571642502,0.7,0.019915430395373142,10,3
1692,us_semi_ip_nsa,dStdev,swap,504,0.06597559898012408,0.11523758789276,0.6,0.029459990431549336,10,2
1692,us_semi_ip_nsa,dSkew,swap,20,0.18999523217470457,0.07728727667155344,0.6,0.06909359602436693,10,2
1692,us_semi_ip_nsa,dSkew,swap,40,0.19187270306119739,0.24017525089689976,0.6,0.07285585621859586,10,2
1692,us_semi_ip_nsa,dSkew,swap,60,0.10925466533937067,0.1455126834221321,0.6,0.04203556540456644,10,2
1692,us_semi_ip_nsa,dSkew,swap,90,0.11415095718102294,0.218734204041943,0.8,-0.0600626504843545,10,3
1692,us_semi_ip_nsa,dSkew,swap,120,-0.19938564119105334,-0.2414946588386328,0.4,-0.02700917716114247,10,2
1692,us_semi_ip_nsa,dSkew,swap,180,0.3246828099105517,0.2384990635369998,0.6,-0.022017644760555514,10,2
1692,us_semi_ip_nsa,dSkew,swap,252,0.4167584660875861,0.38194429720897993,0.7,0.019924536367494004,10,3
1692,us_semi_ip_nsa,dSkew,swap,378,0.23574015370518356,0.2115791906493241,0.7,0.021242561327069396,10,3
1692,us_semi_ip_nsa,dSkew,swap,504,0.33374657530296936,0.30111196105307403,0.6,-0.33087988601096774,10,1
1692,us_semi_ip_nsa,ac1,swap,20,-0.315719952848118,-0.40922120721145683,0.3,-0.03938230726934659,10,2
1692,us_semi_ip_nsa,ac1,swap,40,-0.02504116347134133,0.06540275757802498,0.4,0.07538453217417862,10,2
1692,us_semi_ip_nsa,ac1,swap,60,0.16106625436278318,0.19090432494211407,0.7,-0.005330213959887772,10,3
1692,us_semi_ip_nsa,ac1,swap,90,0.3825524592376889,0.2648182848824551,0.5,-0.12080074900615964,10,2
1692,us_semi_ip_nsa,ac1,swap,120,0.3845521417132489,0.2537482571650261,0.6,0.02551008489635246,10,2
1692,us_semi_ip_nsa,ac1,swap,180,0.4902624520323839,0.2469562780745423,0.6,0.10441106274293044,10,2
1692,us_semi_ip_nsa,ac1,swap,252,0.4037115792447716,0.3200878595774421,0.6,0.043239127601187324,10,2
1692,us_semi_ip_nsa,ac1,swap,378,-0.03377110420301655,0.03744224170073696,0.5,-0.11417890930222438,10,2
1692,us_semi_ip_nsa,ac1,swap,504,0.4907473682265903,0.253073990470363,0.6,0.011882917350652446,10,2
1692,us_semi_ip_nsa,pctpos,swap,20,0.19463252910081738,0.07499824872875753,0.4,0.02492759864472195,10,2
1692,us_semi_ip_nsa,pctpos,swap,40,0.43321904870604394,0.13767104138415565,0.5,-0.035095684311294076,10,2
1692,us_semi_ip_nsa,pctpos,swap,60,0.4070235016902832,0.16990578971498962,0.6,-0.09953949274841781,10,2
1692,us_semi_ip_nsa,pctpos,swap,90,0.2579110175238854,0.030584212398472813,0.5,0.05163513727049065,10,2
1692,us_semi_ip_nsa,pctpos,swap,120,0.23445339858175693,0.044828715138971256,0.4,-0.10231379895214436,10,2
1692,us_semi_ip_nsa,pctpos,swap,180,0.043523723508333396,-0.1021660611848872,0.4,-0.1562675790239577,10,1
1692,us_semi_ip_nsa,pctpos,swap,252,-0.18331828215980336,-0.13897276537045583,0.6,0.006915437420538723,10,2
1692,us_semi_ip_nsa,pctpos,swap,378,-0.11132034467813653,-0.008052975798143706,0.5,0.3158560284742014,10,1
1692,us_semi_ip_nsa,pctpos,swap,504,-0.0845958173779097,0.1126089210512191,0.6,0.2248133759011748,10,1
1692,copper,selfz,location,20,-0.13237520048783497,-0.12068395475121214,0.4,-0.007936476688759303,10,2
1692,copper,selfz,location,40,-0.08457305252280435,-0.011146807170375165,0.5,0.09552777961236764,10,2
1692,copper,selfz,location,60,0.020774188596122435,0.08670553754634554,0.5,0.11043100943396175,10,2
1692,copper,selfz,location,90,0.5042850047788386,0.3710320818790424,0.6,-0.05484812603774282,10,2
1692,copper,selfz,location,120,0.5124951427812428,0.32136732182493394,0.6,-0.11655462661082842,10,2
1692,copper,selfz,location,180,0.40662780917209995,0.2715346966250516,0.6,-0.14825085832390647,10,2
1692,copper,selfz,location,252,0.02967107010685524,0.0940957334376437,0.5,0.013962809440047567,10,2
1692,copper,selfz,location,378,-0.29312133915196686,-0.18219928839805735,0.4,0.09073884780624807,10,2
1692,copper,selfz,location,504,-0.41199089491573143,-0.34805002931159124,0.3,0.15964075302178032,10,1
1692,copper,robustz,location,20,-0.07559095714232557,-0.283602848978167,0.5,0.0475331758452561,10,2
1692,copper,robustz,location,40,0.11416960214732151,0.20895428741601063,0.5,0.04531318460917045,10,2
1692,copper,robustz,location,60,-0.02202255053602597,-0.04233519172630835,0.4,0.13260867106051547,10,2
1692,copper,robustz,location,90,0.5261213774250335,0.2672711870814204,0.6,-0.1397495377447217,10,2
1692,copper,robustz,location,120,0.6082597438515736,0.28705421838897294,0.6,-0.2169604025734688,10,1
1692,copper,robustz,location,180,0.4563999171712431,0.2703776390248119,0.7,-0.2534168704383829,10,2
1692,copper,robustz,location,252,-0.03717844812392133,0.03892883125644044,0.6,0.06621292776058445,10,2
1692,copper,robustz,location,378,-0.40694123604701987,-0.32047380735904435,0.4,0.18871340654193794,10,1
1692,copper,robustz,location,504,-0.39403104892603086,-0.3409843339504737,0.4,0.13985400215660743,10,2
1692,copper,bdtanh,location,20,-0.09064192707504119,-0.10367115379549313,0.5,0.007093315739689281,10,2
1692,copper,bdtanh,location,40,0.045333039305222166,0.02454426069665257,0.5,0.076567484748536,10,2
1692,copper,bdtanh,location,60,0.09044775812056222,0.0492578118576794,0.6,0.09615770536412784,10,2
1692,copper,bdtanh,location,90,0.3258925656606406,0.21484088359540066,0.6,0.006008585122202299,10,2
1692,copper,bdtanh,location,120,0.37488922214532144,0.23950316941472993,0.6,-0.06394180946162281,10,2
1692,copper,bdtanh,location,180,0.245329221039637,0.20833058637163465,0.6,-0.1016135692684473,10,2
1692,copper,bdtanh,location,252,-0.09656280819578732,0.03151069313717094,0.5,-0.02531925529909178,10,2
1692,copper,bdtanh,location,378,-0.29230395987755053,-0.19953717964900994,0.3,0.04495606240438049,10,2
1692,copper,bdtanh,location,504,-0.3319579233026016,-0.2313352064005906,0.3,0.07745246899591957,10,2
1692,copper,rankc,location,20,-0.3850409277186782,-0.5033698787064348,0.4,-0.07761662295142516,10,2
1692,copper,rankc,location,40,-0.03950425740941111,-0.012025619537252587,0.6,0.02489875639664195,10,2
1692,copper,rankc,location,60,-0.0045598128744415555,0.01048225123708085,0.5,0.057698350152181915,10,2
1692,copper,rankc,location,90,0.12163411382948468,0.10375154849257988,0.5,0.06339999450136649,10,2
1692,copper,rankc,location,120,0.15875704777799787,0.1239503293147547,0.5,0.04704784270201059,10,2
1692,copper,rankc,location,180,0.0923238978328586,0.10385536343891832,0.5,0.04829948685654064,10,2
1692,copper,rankc,location,252,-0.031046877074603896,0.06378520287425432,0.6,0.041673383368159914,10,2
1692,copper,rankc,location,378,-0.29033523266858285,-0.2091656873537245,0.4,0.0009524779918771685,10,2
1692,copper,rankc,location,504,-0.34801201541037113,-0.23308799586913517,0.5,0.018983238647170903,10,2
1692,copper,signth,location,20,0.032981512514281185,0.030486303535034294,0.5,-0.013816505710405139,10,2
1692,copper,signth,location,40,0.1491395023332508,0.06488672761716067,0.5,0.06795378298979321,10,2
1692,copper,signth,location,60,0.0787016670355691,0.014058986573931908,0.6,0.0773395156772077,10,2
1692,copper,signth,location,90,0.22270349675619375,0.10476997124284625,0.5,0.05473241188077946,10,2
1692,copper,signth,location,120,0.3281824379993054,0.16823351404022546,0.6,-0.009338810334165332,10,2
1692,copper,signth,location,180,0.32010588745744645,0.3098016685352074,0.6,-0.05996179868325953,10,2
1692,copper,signth,location,252,-0.10849475763571208,-0.012305000924809132,0.5,0.06762819550623062,10,2
1692,copper,signth,location,378,-0.34759172908596186,-0.45347957491746393,0.3,0.12967614246327874,10,2
1692,copper,signth,location,504,-0.5137427848806901,-0.5052653245299584,0.2,0.15204348757118533,10,1
1692,copper,dev,location,20,-0.23981339838492705,-0.3246809293557127,0.4,-0.04794184477794028,10,2
1692,copper,dev,location,40,-0.0001688485519155377,-0.056742698072994674,0.4,-0.04683004054536718,10,2
1692,copper,dev,location,60,0.311511912817527,0.146544779702062,0.5,-0.12835052309167677,10,2
1692,copper,dev,location,90,0.461209420357923,0.25175891239339054,0.6,-0.19890419211362598,10,1
1692,copper,dev,location,120,0.49208130526202787,0.29619274066318474,0.6,-0.24766200948250436,10,1
1692,copper,dev,location,180,0.27308820610448187,0.16936176762036068,0.6,-0.1485614204634469,10,2
1692,copper,dev,location,252,-0.004811719550567566,0.057685397083090964,0.5,-0.013663009851209496,10,2
1692,copper,dev,location,378,-0.2899689651682597,-0.22828012330850575,0.4,0.037767851374653875,10,2
1692,copper,dev,location,504,-0.3542090615018447,-0.2908956080518291,0.3,0.02771736271293134,10,2
1692,copper,instStdev,swap,20,0.5534791792498855,0.7129591722874257,0.6,0.21787883684723044,10,2
1692,copper,instStdev,swap,40,0.1807688063199639,0.283290926601493,0.5,0.3155665349205632,10,1
1692,copper,instStdev,swap,60,-0.0551314778012577,-0.13202360950759245,0.4,-0.26070997322687534,10,1
1692,copper,instStdev,swap,90,0.0029056874784885115,-0.14735531150696682,0.4,-0.21466851606032722,10,1
1692,copper,instStdev,swap,120,0.0677571251232431,-0.023728434812214278,0.4,-0.14271115909442694,10,2
1692,copper,instStdev,swap,180,0.3270780516477598,0.4421482144604795,0.5,-0.1918649308109823,10,1
1692,copper,instStdev,swap,252,0.03775794555567341,-0.004958783175856496,0.4,0.21058120941136715,10,1
1692,copper,instStdev,swap,378,0.5873889717040446,0.2571669129718442,0.5,-0.05621248096204945,10,2
1692,copper,instStdev,swap,504,0.20055625062614668,0.06709808173026212,0.5,0.05109389477767006,10,2
1692,copper,instSkew,swap,20,-0.49184117688931767,-0.5097540628270031,0.3,-0.00886440262527515,10,2
1692,copper,instSkew,swap,40,0.47678340341388653,0.4534310203563846,0.6,-0.09391939887840786,10,2
1692,copper,instSkew,swap,60,0.35214869649421515,0.17249505798158532,0.7,-0.15215679631063672,10,2
1692,copper,instSkew,swap,90,0.23651299993924318,0.1126205850912997,0.6,-0.08051125827084527,10,2
1692,copper,instSkew,swap,120,0.38126588419339086,0.3180961538376658,0.7,-0.08425840670648707,10,3
1692,copper,instSkew,swap,180,0.1706619265348357,0.1099855286721004,0.5,-0.010481652196131551,10,2
1692,copper,instSkew,swap,252,0.2597552853568873,0.19620190506188795,0.6,-0.25795892615336885,10,1
1692,copper,instSkew,swap,378,-0.13287053015192804,-0.0191942838061502,0.5,0.2780356517970395,10,1
1692,copper,instSkew,swap,504,0.13370827001263752,0.2636201426262859,0.7,0.22731074089266792,10,2
1692,copper,instKurt,swap,20,-0.17116727102242585,-0.16378734489486926,0.4,0.2421305313825101,10,1
1692,copper,instKurt,swap,40,0.04800045983676943,0.08628145467281792,0.5,0.05845486964870112,10,2
1692,copper,instKurt,swap,60,0.27001427597895633,0.40631783552731526,0.6,0.065234312804733,10,2
1692,copper,instKurt,swap,90,0.04928521702320203,0.09048464507135086,0.6,0.21583540643574153,10,1
1692,copper,instKurt,swap,120,0.2362439685826536,0.25882142530006275,0.6,0.06327926124010273,10,2
1692,copper,instKurt,swap,180,-0.0321264009861199,-0.19244142924723634,0.4,-0.3243174658718823,10,1
1692,copper,instKurt,swap,252,0.16569471920860404,0.14841639774255075,0.4,-0.2075052824076561,10,1
1692,copper,instKurt,swap,378,0.3978764738709027,0.07660088420466685,0.5,-0.2491963619037209,10,1
1692,copper,instKurt,swap,504,-0.034439229388659016,-0.27393971088262686,0.4,-0.04683967248800305,10,2
1692,copper,minmax,swap,20,0.08662091093709784,0.044853495559430814,0.5,0.0063007755115383,10,2
1692,copper,minmax,swap,40,0.1257565055092152,0.05338522154215635,0.5,0.07940916371251115,10,2
1692,copper,minmax,swap,60,0.17734846654531633,0.10392469069047285,0.6,0.059406786654723834,10,2
1692,copper,minmax,swap,90,0.31532667585609153,0.2139703333034495,0.6,0.03829131786443123,10,2
1692,copper,minmax,swap,120,0.24015863815169605,0.13933094728264728,0.6,-0.009661068745841571,10,2
1692,copper,minmax,swap,180,0.16039279404827675,0.09474937793383453,0.6,-0.012052740820821512,10,2
1692,copper,minmax,swap,252,-0.059742026525401185,0.025873531160526406,0.6,-0.018945097486464967,10,2
1692,copper,minmax,swap,378,-0.22499186544227512,-0.17054116760790086,0.4,-0.005994020855518331,10,2
1692,copper,minmax,swap,504,-0.35696596913737044,-0.32476247767841,0.4,0.07282730582685294,10,2
1692,copper,chg,swap,20,0.10816380818848807,0.06283176408709498,0.5,-0.05613922558874565,10,2
1692,copper,chg,swap,40,0.21305487482471858,0.12168544989673931,0.6,-0.07790380657940005,10,2
1692,copper,chg,swap,60,0.4636758615454472,0.2780179550301148,0.5,-0.25229860987008035,10,1
1692,copper,chg,swap,90,0.4744342383563588,0.38494623880450796,0.7,-0.2468986524922912,10,2
1692,copper,chg,swap,120,-0.037975480432687496,-0.021354783538843798,0.5,-0.10045267880932995,10,2
1692,copper,chg,swap,180,-0.14267680589050857,-0.04397801185678805,0.4,0.09017567497680795,10,2
1692,copper,chg,swap,252,-0.2845541305842487,-0.26319207268197375,0.2,-0.033855716161480635,10,2
1692,copper,chg,swap,378,-0.2973078893927672,-0.2359414065531801,0.4,0.008806799849077236,10,2
1692,copper,chg,swap,504,-0.2926749734186989,-0.3350101177822292,0.4,0.18626326926101314,10,1
1692,copper,slope,swap,20,-0.05668217656042585,-0.11633091141023232,0.4,-0.0659000976147781,10,2
1692,copper,slope,swap,40,0.1496512132369853,0.03032388832567984,0.5,-0.03173688155567298,10,2
1692,copper,slope,swap,60,0.5401593454504685,0.3693380283686556,0.6,-0.18494864466815353,10,1
1692,copper,slope,swap,90,0.6676944493226928,0.668418538602023,0.7,-0.24277685021333537,10,3
1692,copper,slope,swap,120,0.3709505238073808,0.4348144459197068,0.8,-0.19771226368568018,10,2
1692,copper,slope,swap,180,-0.1622574327721533,-0.12362016110038611,0.6,0.0016262006386275247,10,2
1692,copper,slope,swap,252,-0.39101333019335055,-0.3721607213259284,0.3,0.14785741749525516,10,2
1692,copper,slope,swap,378,-0.39958725737421524,-0.31467916808961677,0.4,0.04853849049773527,10,2
1692,copper,slope,swap,504,-0.38765904444289334,-0.3696730254355448,0.4,0.07388336651093681,10,2
1692,copper,dStdev,swap,20,0.44388822327676464,0.7093708957889135,0.7,0.25709859804704616,10,3
1692,copper,dStdev,swap,40,0.07673108485634424,0.0393684671980097,0.5,0.29721997027729513,10,1
1692,copper,dStdev,swap,60,0.0326603333892144,-0.08709415161165504,0.5,-0.2460510357532017,10,1
1692,copper,dStdev,swap,90,0.17054036035857437,0.12553780876346415,0.4,-0.21791502030670362,10,1
1692,copper,dStdev,swap,120,0.08685061189741597,0.19872025831504608,0.5,-0.06771574404186068,10,2
1692,copper,dStdev,swap,180,0.35516043979557627,0.39867752869606865,0.4,-0.29340182402920506,10,1
1692,copper,dStdev,swap,252,-0.07860635760187609,0.06336904812164537,0.5,0.2649338488240454,10,1
1692,copper,dStdev,swap,378,-0.010772117927477773,-0.025316213016181456,0.4,-0.15427701953877904,10,1
1692,copper,dStdev,swap,504,-0.04689577757050088,0.026819546919248864,0.4,0.018965033374422485,10,2
1692,copper,dSkew,swap,20,0.23052198173969873,0.18063062702905694,0.6,0.01633456473916239,10,2
1692,copper,dSkew,swap,40,0.0008655596354749734,-0.042755522757876654,0.5,0.11454023931723922,10,2
1692,copper,dSkew,swap,60,0.43314499199331863,0.41546256244497176,0.7,-0.11862077406392581,10,3
1692,copper,dSkew,swap,90,0.16825982699097008,0.14608287924544927,0.6,-0.04803893337452494,10,2
1692,copper,dSkew,swap,120,-0.08871142598859949,-0.011013091016690785,0.5,-0.01699513326608168,10,2
1692,copper,dSkew,swap,180,-0.4245671729018278,-0.31614895249648123,0.3,0.2790060956948239,10,1
1692,copper,dSkew,swap,252,-0.23964583079164956,-0.30576436621704495,0.2,0.266872379755116,10,1
1692,copper,dSkew,swap,378,-0.20680483211947492,-0.23641985341991525,0.3,0.24479184329299156,10,1
1692,copper,dSkew,swap,504,-0.2043481880950447,-0.2606630352418166,0.4,0.2714971024359006,10,1
1692,copper,ac1,swap,20,0.4104329704228014,0.18188193269009081,0.6,-0.00663110915512037,10,2
1692,copper,ac1,swap,40,0.1175446855122716,0.17967223009006789,0.5,-0.18170085632743077,10,1
1692,copper,ac1,swap,60,-0.07742339119655227,0.016936929981664073,0.5,-0.02993472096646427,10,2
1692,copper,ac1,swap,90,0.1313727071267844,0.15393016367439796,0.5,-0.023615277065698093,10,2
1692,copper,ac1,swap,120,0.007828739827900937,0.05399058991164152,0.3,0.04161732429703119,10,2
1692,copper,ac1,swap,180,-0.28593191891321706,-0.22190552496699084,0.5,-0.1321973576028625,10,2
1692,copper,ac1,swap,252,0.3966283390246204,0.07978989179386212,0.4,-0.056498334276378334,10,2
1692,copper,ac1,swap,378,0.4926780624441442,0.349902207942175,0.4,-0.1280936119490197,10,2
1692,copper,ac1,swap,504,0.3052062572705226,0.3445499426292589,0.7,-0.017370208034827517,10,3
1692,copper,pctpos,swap,20,0.18865939607312301,0.14177910441648625,0.7,0.006683796987345047,10,3
1692,copper,pctpos,swap,40,0.017466301977968234,0.07876024062123246,0.6,0.0840794823790264,10,2
1692,copper,pctpos,swap,60,0.4085545398995396,0.5723320358448659,0.8,-0.07449072444820351,10,3
1692,copper,pctpos,swap,90,0.6425103273794125,0.8213970183449295,0.7,-0.02870329510736618,10,4
1692,copper,pctpos,swap,120,0.3277164144818929,0.2620246566385517,0.6,-0.1937646003284727,10,1
1692,copper,pctpos,swap,180,0.28888514848763147,0.2552696925173401,0.6,0.08739308418000188,10,2
1692,copper,pctpos,swap,252,0.08265392109838428,0.14981984590666195,0.4,0.007586669516331424,10,2
1692,copper,pctpos,swap,378,-0.29450987775650783,-0.29109128387265965,0.4,0.13286086394183028,10,2
1692,copper,pctpos,swap,504,-0.1692374250424835,-0.2763205773241561,0.4,0.1926527047609771,10,1
1692,epu_global,selfz,location,20,-0.02595183318737581,0.008405957579197936,0.4,0.027534688646531625,10,2
1692,epu_global,selfz,location,40,0.07873059266532002,0.15921637045665327,0.5,-0.04253640930961389,10,2
1692,epu_global,selfz,location,60,-0.09978661381353714,0.07867350284117589,0.4,0.020973034135910118,10,2
1692,epu_global,selfz,location,90,-0.2560493836720528,-0.08425821150995669,0.3,0.12920815397793847,10,2
1692,epu_global,selfz,location,120,-0.3312741154377085,-0.1142210694339934,0.4,0.1922318113877207,10,1
1692,epu_global,selfz,location,180,0.35714192798251304,0.11109377231461459,0.6,-0.250824208578286,10,1
1692,epu_global,selfz,location,252,0.27192567643267873,0.1076866891983274,0.6,-0.21662882995841923,10,1
1692,epu_global,selfz,location,378,-0.08391574609818654,-0.11489897862443028,0.5,-0.05873315263502923,10,2
1692,epu_global,selfz,location,504,-0.12662336611202452,-0.1617542704399893,0.3,-0.06722909829921299,10,2
1692,epu_global,robustz,location,20,-0.2684422974150719,-0.372053830473419,0.2,0.11044390107976103,10,2
1692,epu_global,robustz,location,40,-0.08604934027622715,0.051567977854657235,0.5,0.0578093118056388,10,2
1692,epu_global,robustz,location,60,-0.0213856188959814,-0.17817493750614485,0.5,-0.0440353246744206,10,2
1692,epu_global,robustz,location,90,0.330397693162329,0.07694733488551604,0.6,-0.12290794066492883,10,2
1692,epu_global,robustz,location,120,0.3511151709662256,0.13995370912815153,0.6,-0.16773490635930904,10,1
1692,epu_global,robustz,location,180,0.38073870712613395,0.13263427015183163,0.5,-0.22646827833765815,10,1
1692,epu_global,robustz,location,252,0.3365734090214152,0.24731290803262543,0.6,-0.15890196093640482,10,1
1692,epu_global,robustz,location,378,-0.06482931441509839,-0.09172918268325833,0.5,-0.0705918385871282,10,2
1692,epu_global,robustz,location,504,0.09140753965338674,0.05705795088420803,0.6,0.06267261760554432,10,2
1692,epu_global,bdtanh,location,20,0.10756892607010136,0.08302768396868149,0.4,0.008869165762761037,10,2
1692,epu_global,bdtanh,location,40,0.10837183524661312,0.16825929171061133,0.5,-0.052756042837776004,10,2
1692,epu_global,bdtanh,location,60,-0.02843768322784989,0.0993902149946871,0.4,-0.034672073276572346,10,2
1692,epu_global,bdtanh,location,90,-0.25385459174670744,-0.11048193538903,0.3,0.06824355349805286,10,2
1692,epu_global,bdtanh,location,120,-0.3593702847058419,-0.1742556159652471,0.4,0.15665627117129588,10,1
1692,epu_global,bdtanh,location,180,0.37447448172618936,0.13218338475330238,0.6,-0.21541757611490886,10,1
1692,epu_global,bdtanh,location,252,0.2053120094349994,0.019610392586390128,0.6,-0.166209514225967,10,1
1692,epu_global,bdtanh,location,378,-0.12794144760187928,-0.1338073281474256,0.5,-0.041310307193044175,10,2
1692,epu_global,bdtanh,location,504,-0.19731419997685473,-0.22843863603226536,0.4,-0.037148430498571465,10,2
1692,epu_global,rankc,location,20,-0.018239873441254818,-0.01162696088106453,0.4,-0.09976259474566329,10,2
1692,epu_global,rankc,location,40,0.09198339164007202,0.14524759847303884,0.5,-0.0747174623286564,10,2
1692,epu_global,rankc,location,60,-0.09743954665964688,0.040828569662619565,0.4,-0.05350014452217622,10,2
1692,epu_global,rankc,location,90,-0.3148759092186737,-0.14992624287060438,0.3,0.03800822550278573,10,2
1692,epu_global,rankc,location,120,0.4200121139227817,0.18096656378864726,0.7,-0.12670300255723566,10,3
1692,epu_global,rankc,location,180,0.5151086933619727,0.27034260847196173,0.7,-0.24304450715344694,10,2
1692,epu_global,rankc,location,252,0.322946763404534,0.15568358304242613,0.6,-0.2130092622026234,10,1
1692,epu_global,rankc,location,378,-0.032824557802606354,-0.08168378878621826,0.5,-0.06310238698733635,10,2
1692,epu_global,rankc,location,504,-0.15982359356036033,-0.19871035793617464,0.5,-0.03722596634675706,10,2
1692,epu_global,signth,location,20,0.17935247300150212,0.08289088934501074,0.5,0.01904957647814558,10,2
1692,epu_global,signth,location,40,0.020426210166929644,0.07122365150383703,0.5,-0.06542355630308762,10,2
1692,epu_global,signth,location,60,-0.04325330916897408,0.07505462223789955,0.4,-0.06473007014004752,10,2
1692,epu_global,signth,location,90,-0.2650480230879818,-0.08299307866338762,0.3,0.1373877343535415,10,2
1692,epu_global,signth,location,120,-0.2850594138299152,-0.1058138423915185,0.4,0.1667033155923298,10,1
1692,epu_global,signth,location,180,0.5193896818035534,0.2747091334244369,0.6,-0.2829191086713373,10,1
1692,epu_global,signth,location,252,-0.004423721362604928,-0.07209353874692664,0.5,-0.12105897793013218,10,2
1692,epu_global,signth,location,378,-0.19230073333297346,-0.23175006532087616,0.4,-0.05750339964376997,10,2
1692,epu_global,signth,location,504,-0.03915363931491831,-0.05589438838207046,0.5,-0.06826744793800704,10,2
1692,epu_global,dev,location,20,0.08523392987489072,-0.09666872981486192,0.6,-0.07175957636426754,10,2
1692,epu_global,dev,location,40,-0.04731746878403165,0.1672434823796378,0.4,0.03501319221702952,10,2
1692,epu_global,dev,location,60,-0.18350383547578183,0.09098738573344478,0.4,0.038168595462326343,10,2
1692,epu_global,dev,location,90,-0.32922310566513574,-0.0033579744025875086,0.3,0.07596445125084794,10,2
1692,epu_global,dev,location,120,-0.46165634295481384,-0.12197520151238873,0.4,0.12953858447426536,10,2
1692,epu_global,dev,location,180,0.45066457400731924,0.20020851574216092,0.6,-0.18679259481010355,10,1
1692,epu_global,dev,location,252,0.24016505969370738,0.09194695849786431,0.6,-0.16421991990888488,10,1
1692,epu_global,dev,location,378,-0.08505343420625583,-0.10000379253026569,0.5,-0.051539506507489494,10,2
1692,epu_global,dev,location,504,-0.157170988978378,-0.18902337833089847,0.3,-0.059542971814216625,10,2
1692,epu_global,instStdev,swap,20,-0.38701627448340603,-0.501098823769105,0.4,-0.21319857544525328,10,1
1692,epu_global,instStdev,swap,40,0.16982168917233717,0.21262344845329384,0.6,-0.2513298735944343,10,1
1692,epu_global,instStdev,swap,60,0.12667547876781837,0.14946244746675824,0.6,-0.24906136958895958,10,1
1692,epu_global,instStdev,swap,90,0.10406856345182007,0.10720103351271294,0.4,-0.21517620457111727,10,1
1692,epu_global,instStdev,swap,120,0.07670101651319396,0.14462975379137075,0.5,0.2178191437960907,10,1
1692,epu_global,instStdev,swap,180,0.21094562984477483,0.23583300950043368,0.6,-0.07702891231561251,10,2
1692,epu_global,instStdev,swap,252,0.13765748676538597,0.12113061474804895,0.5,0.0004337595713325411,10,2
1692,epu_global,instStdev,swap,378,-0.06214654361732219,-0.05853646609901718,0.4,0.1682172406836349,10,1
1692,epu_global,instStdev,swap,504,0.20833448210595887,0.2176929917565448,0.5,0.1860846846639345,10,1
1692,epu_global,instSkew,swap,20,0.1367758615626124,0.11285571083242817,0.6,-0.07521886338680343,10,2
1692,epu_global,instSkew,swap,40,-0.3875884074439293,-0.31754206404663415,0.3,-0.10524501662163709,10,2
1692,epu_global,instSkew,swap,60,-0.4962423774203309,-0.4974181232895107,0.3,0.052651057938021384,10,2
1692,epu_global,instSkew,swap,90,-0.239199151675724,-0.39575058893637,0.3,-0.008122903272509084,10,2
1692,epu_global,instSkew,swap,120,0.22214775342659998,0.23121555835682003,0.6,0.024683651317700672,10,2
1692,epu_global,instSkew,swap,180,-0.1385494116415054,-0.042635935459380145,0.4,-0.01818483899825158,10,2
1692,epu_global,instSkew,swap,252,0.7436967768370197,0.49755223149312205,0.6,-0.05639062792099564,10,2
1692,epu_global,instSkew,swap,378,0.5836789083028648,0.37057889145296624,0.6,-0.23636651112833124,10,1
1692,epu_global,instSkew,swap,504,-0.06256827363090399,0.1370544223880676,0.6,-0.008423710730436858,10,2
1692,epu_global,instKurt,swap,20,-0.4236161722386187,-0.4774561632658325,0.4,0.17487689484492414,10,1
1692,epu_global,instKurt,swap,40,-0.21537097399551802,-0.32366565120122054,0.4,-0.20737019655888012,10,1
1692,epu_global,instKurt,swap,60,-0.5245482112473752,-0.7145370802199227,0.2,-0.04338691102210264,10,2
1692,epu_global,instKurt,swap,90,0.25417494872214696,-0.08196798988705771,0.6,-0.1635228364429892,10,1
1692,epu_global,instKurt,swap,120,0.0802120666529043,-0.038034739721246165,0.3,-0.14489785030223026,10,2
1692,epu_global,instKurt,swap,180,-0.013986866036379211,-0.33987189197634965,0.4,-0.17114818858931624,10,1
1692,epu_global,instKurt,swap,252,0.614614425604701,0.33068606138091916,0.5,-0.10928713597650501,10,2
1692,epu_global,instKurt,swap,378,0.6830112964854187,0.48211707444374363,0.7,-0.20647209294590674,10,2
1692,epu_global,instKurt,swap,504,0.04505047529472512,0.10001537253998209,0.5,0.012448857645167018,10,2
1692,epu_global,minmax,swap,20,0.1726531018327667,0.17840486758923674,0.4,-0.03135961595506302,10,2
1692,epu_global,minmax,swap,40,0.06310922786099876,0.16824906795120226,0.4,-0.07438697860405154,10,2
1692,epu_global,minmax,swap,60,-0.18434784805473817,-0.021357085450357582,0.4,0.04706262770884264,10,2
1692,epu_global,minmax,swap,90,-0.23948057576684498,-0.06759087098770628,0.4,0.13451497904676923,10,2
1692,epu_global,minmax,swap,120,-0.36365537966894873,-0.20148020993663887,0.4,0.1933589160069004,10,1
1692,epu_global,minmax,swap,180,0.1920291542097396,0.00724831384366905,0.6,-0.17010822240908816,10,1
1692,epu_global,minmax,swap,252,-0.04808588712908924,-0.14533833395250936,0.5,-0.12708701406070996,10,2
1692,epu_global,minmax,swap,378,-0.1496235823147077,-0.21308026266053803,0.4,-0.037346649013959524,10,2
1692,epu_global,minmax,swap,504,0.04259538079573036,0.1472861526736652,0.7,0.09123275928046536,10,3
1692,epu_global,chg,swap,20,-0.17958905767506542,0.0649202062547479,0.3,0.02424972139645254,10,2
1692,epu_global,chg,swap,40,-0.12396519536348957,0.06994937621200564,0.5,-0.021812326268115235,10,2
1692,epu_global,chg,swap,60,-0.6093715044993687,-0.1956085450834826,0.3,0.14384440593999528,10,2
1692,epu_global,chg,swap,90,0.5285067423204558,0.2016138127529268,0.6,-0.0726799400990711,10,2
1692,epu_global,chg,swap,120,0.5705294860862477,0.3018275750740941,0.8,-0.1274127484934954,10,3
1692,epu_global,chg,swap,180,0.2710280564381644,0.13285273086908636,0.6,-0.11258173390669603,10,2
1692,epu_global,chg,swap,252,0.3224640509314745,0.1454662780581548,0.7,-0.04905567421876674,10,3
1692,epu_global,chg,swap,378,0.3819443618379001,0.4216661891198018,0.7,-0.03664549436123781,10,3
1692,epu_global,chg,swap,504,-0.03834887837314554,-0.19767232719609962,0.5,-0.15695856161181182,10,1
1692,epu_global,slope,swap,20,-0.06522783993574295,0.04497407621630664,0.4,0.05756028581312051,10,2
1692,epu_global,slope,swap,40,-0.06837884439177085,0.05865778462654618,0.5,-0.029427779619300702,10,2
1692,epu_global,slope,swap,60,-0.4330685510898583,-0.22109431039933372,0.4,0.043935322786914956,10,2
1692,epu_global,slope,swap,90,0.5718339266447324,0.22798034797656325,0.6,-0.07697833060900262,10,2
1692,epu_global,slope,swap,120,0.6424916392090383,0.4900941261210547,0.6,-0.17755706107831176,10,1
1692,epu_global,slope,swap,180,0.4132887884947975,0.34639727564697176,0.7,-0.20534542753912943,10,2
1692,epu_global,slope,swap,252,-0.2110938342499915,-0.1028312455212862,0.3,-0.06002017784095945,10,2
1692,epu_global,slope,swap,378,-0.4077379830036973,-0.28820206232557827,0.3,0.04955477682238846,10,2
1692,epu_global,slope,swap,504,0.5132164704669767,0.39629137106757734,0.6,-0.07336554116386118,10,2
1692,epu_global,dStdev,swap,20,-0.2255193736011259,-0.3414945401003158,0.4,-0.22228966126441965,10,1
1692,epu_global,dStdev,swap,40,0.20976266413143646,0.22390647040344713,0.6,-0.30452279735416654,10,1
1692,epu_global,dStdev,swap,60,0.1383348399157713,0.12701610978711814,0.7,-0.20449373884082184,10,2
1692,epu_global,dStdev,swap,90,0.07464341499309676,0.09342460311937797,0.6,-0.21265149689707555,10,1
1692,epu_global,dStdev,swap,120,-0.05517631964804906,-0.12813378769278524,0.4,-0.14197015539557764,10,2
1692,epu_global,dStdev,swap,180,-0.4231144239163941,-0.4478348308501276,0.3,0.004391805373251997,10,2
1692,epu_global,dStdev,swap,252,0.8426884058028378,0.6557055478297703,0.8,-0.05334003183482028,10,4
1692,epu_global,dStdev,swap,378,0.3337999862933652,0.4813101394976732,0.7,0.15925344597506805,10,2
1692,epu_global,dStdev,swap,504,0.031055149696981768,-0.17081387151631194,0.3,-0.07305184672384803,10,2
1692,epu_global,dSkew,swap,20,0.04749972734185265,0.07864613667251956,0.4,-0.045996725230405565,10,2
1692,epu_global,dSkew,swap,40,-0.10372464079735691,-0.04923263289216789,0.4,-0.13318779014199691,10,2
1692,epu_global,dSkew,swap,60,-0.5054569447200014,-0.21419295754076922,0.4,0.16113855538952263,10,1
1692,epu_global,dSkew,swap,90,0.43423900070980126,0.0975075043633526,0.6,-0.2597302028196174,10,1
1692,epu_global,dSkew,swap,120,0.3935208315605276,0.21441426441365186,0.6,-0.2654342531732767,10,1
1692,epu_global,dSkew,swap,180,-0.27999537093278626,-0.3882774228434958,0.4,-0.09219382876236243,10,2
1692,epu_global,dSkew,swap,252,0.6930298186617744,0.5029266709492443,0.7,0.04606048447677185,10,3
1692,epu_global,dSkew,swap,378,0.7790036930219674,0.5132110609834305,0.7,0.09110647044535303,10,3
1692,epu_global,dSkew,swap,504,0.3164071444693128,0.2816317279974635,0.7,0.026001384554188142,10,3
1692,epu_global,ac1,swap,20,-0.1958598261028877,-0.1332289236765079,0.5,0.10570447876849014,10,2
1692,epu_global,ac1,swap,40,0.21332185112968388,0.17822969287028517,0.5,-0.056860377072674495,10,2
1692,epu_global,ac1,swap,60,-0.02560103126524394,0.03760984151174374,0.4,0.14469754175623945,10,2
1692,epu_global,ac1,swap,90,-0.029507266957912608,0.13494404502130014,0.5,0.2400789335292599,10,1
1692,epu_global,ac1,swap,120,0.0035511710028280517,0.060850002905423944,0.6,0.15395859526525732,10,1
1692,epu_global,ac1,swap,180,0.02443197535915911,0.10543064679985271,0.6,0.12122993250208511,10,2
1692,epu_global,ac1,swap,252,0.2658908050648748,0.2883199635790742,0.6,-0.2559947414472073,10,1
1692,epu_global,ac1,swap,378,-0.13893720494713108,-0.09900516399886541,0.5,0.1404587348184977,10,2
1692,epu_global,ac1,swap,504,-0.07662847336686657,-0.16943859294308075,0.4,-0.26370810712503717,10,1
1692,epu_global,pctpos,swap,20,0.06684292725614158,0.14183705164524082,0.5,-0.035161116013293,10,2
1692,epu_global,pctpos,swap,40,0.1913990696378591,0.2956572335477819,0.6,0.10283236181021779,10,2
1692,epu_global,pctpos,swap,60,0.25002548649722695,0.18055042886885977,0.5,0.0028512942581873915,10,2
1692,epu_global,pctpos,swap,90,0.15236541314760418,0.16538421063817654,0.5,0.07023658220013572,10,2
1692,epu_global,pctpos,swap,120,0.20661494856104484,0.13225435294014587,0.6,0.01937386084010582,10,2
1692,epu_global,pctpos,swap,180,0.3723616703971585,0.3674553981544922,0.6,-0.04056187871191794,10,2
1692,epu_global,pctpos,swap,252,-0.17345929345159594,-0.1404026701940834,0.4,0.014922604477072969,10,2
1692,epu_global,pctpos,swap,378,-0.17208645146817025,-0.09857904412118483,0.4,0.04279811902021549,10,2
1692,epu_global,pctpos,swap,504,0.1083107906538002,0.06805417435471077,0.5,-0.013480528009576744,10,2
1692,us_empire_state,selfz,location,20,-0.03661588856903317,0.07168833249512066,0.4,0.016042971925663584,10,2
1692,us_empire_state,selfz,location,40,-0.013890630630257335,0.027954566211746593,0.4,0.1144487355549136,10,2
1692,us_empire_state,selfz,location,60,0.08337602547017621,0.08732240882906846,0.5,0.003724761562605049,10,2
1692,us_empire_state,selfz,location,90,0.07511101905982168,0.040655240079743256,0.5,0.04078339851094059,10,2
1692,us_empire_state,selfz,location,120,0.20102674881013688,0.16658689178438668,0.5,0.037871204543539316,10,2
1692,us_empire_state,selfz,location,180,0.1408652720602498,0.10689447497858795,0.5,0.05224374325732952,10,2
1692,us_empire_state,selfz,location,252,-0.026380949595356123,-0.01812766063287133,0.4,0.06146568329596443,10,2
1692,us_empire_state,selfz,location,378,-0.1935196988257371,-0.09561185461209461,0.4,0.0927393395793087,10,2
1692,us_empire_state,selfz,location,504,-0.23994751574600257,-0.1416302484207342,0.4,0.14675339547479366,10,2
1692,us_empire_state,robustz,location,20,0.0186369422333795,-0.2683527016073734,0.3,-0.09088862409610989,10,2
1692,us_empire_state,robustz,location,40,-0.34321400385502626,-0.48429317481210643,0.4,0.1289923640018545,10,2
1692,us_empire_state,robustz,location,60,-0.026327362917360996,-0.2743940964589752,0.3,0.08395513656905987,10,2
1692,us_empire_state,robustz,location,90,0.21633274162316238,-0.026558459352678834,0.3,0.07113241651254493,10,2
1692,us_empire_state,robustz,location,120,0.21685371900438877,0.07471595322446264,0.4,0.0983903269815008,10,2
1692,us_empire_state,robustz,location,180,0.060026381670098536,0.028915286733905362,0.5,0.08329006082337286,10,2
1692,us_empire_state,robustz,location,252,-0.11697144049392459,-0.11288570119846418,0.4,0.11705988618923574,10,2
1692,us_empire_state,robustz,location,378,-0.12148500257711133,-0.1282721200210245,0.3,0.07346058422934615,10,2
1692,us_empire_state,robustz,location,504,-0.23338289106438972,-0.15874427547687509,0.4,0.14150845332301773,10,2
1692,us_empire_state,bdtanh,location,20,-0.019451875691317108,0.0488066550045544,0.4,0.028458914435126728,10,2
1692,us_empire_state,bdtanh,location,40,-0.009309225560288847,0.004035142043731951,0.5,0.12050023687093778,10,2
1692,us_empire_state,bdtanh,location,60,0.14099860444442222,0.1486442030365163,0.5,-0.04783125560827364,10,2
1692,us_empire_state,bdtanh,location,90,0.061322349850145216,0.06119130504674305,0.5,-0.005389126901539576,10,2
1692,us_empire_state,bdtanh,location,120,0.11301066117911412,0.12994482684120012,0.5,0.0065905989519014045,10,2
1692,us_empire_state,bdtanh,location,180,0.012023832558914978,0.03413420112462696,0.4,0.05359228668908389,10,2
1692,us_empire_state,bdtanh,location,252,-0.15887209443099584,-0.06679668507205187,0.4,0.0984263727449756,10,2
1692,us_empire_state,bdtanh,location,378,-0.2929160597509625,-0.16207527822802906,0.4,0.11423626325543987,10,2
1692,us_empire_state,bdtanh,location,504,-0.3355089031334034,-0.2310184533672858,0.4,0.15191690162255178,10,1
1692,us_empire_state,rankc,location,20,-0.056763460423786556,-0.06526272592632756,0.5,-0.1621242302182375,10,1
1692,us_empire_state,rankc,location,40,-0.22818587267216509,-0.24778710889877656,0.4,0.1046152059748075,10,2
1692,us_empire_state,rankc,location,60,0.017742445047722873,0.022886221448807996,0.5,-0.010488175448999153,10,2
1692,us_empire_state,rankc,location,90,-0.011841366029702913,0.011688792515323445,0.4,0.04795603050360315,10,2
1692,us_empire_state,rankc,location,120,-0.010145286576419693,0.0007260194525838524,0.4,0.06688674997129004,10,2
1692,us_empire_state,rankc,location,180,-0.01196699592673793,0.003451707288258328,0.4,0.08565278543564966,10,2
1692,us_empire_state,rankc,location,252,-0.09958920884366149,-0.04579016701850851,0.4,0.10976991505392059,10,2
1692,us_empire_state,rankc,location,378,-0.22146089793932508,-0.11780000246614926,0.4,0.1274568936974905,10,2
1692,us_empire_state,rankc,location,504,-0.28403963269476035,-0.19004356853850649,0.4,0.14726680821265345,10,2
1692,us_empire_state,signth,location,20,-0.05929908549935585,-0.0035326768529123586,0.4,0.05276536711884341,10,2
1692,us_empire_state,signth,location,40,0.0336343165245799,0.05560112802787303,0.5,0.09201171435147411,10,2
1692,us_empire_state,signth,location,60,0.22135495206139066,0.23210001446911627,0.5,-0.07202858134986923,10,2
1692,us_empire_state,signth,location,90,0.16365290176883132,0.1921392409275138,0.6,0.0019758507744293396,10,2
1692,us_empire_state,signth,location,120,0.23406046112462373,0.2669598228604445,0.7,-0.02578578011824804,10,3
1692,us_empire_state,signth,location,180,-0.10467617788875842,-0.042875461891554834,0.5,0.10642481319543368,10,2
1692,us_empire_state,signth,location,252,-0.09749010342017368,-0.02310517586463685,0.5,0.16153120192704232,10,1
1692,us_empire_state,signth,location,378,-0.24777986733798169,-0.08347430106842586,0.5,0.08475941622677013,10,2
1692,us_empire_state,signth,location,504,-0.39820148396137617,-0.31452143739237853,0.5,0.1238478018936957,10,2
1692,us_empire_state,dev,location,20,0.15848554710577778,0.23814367345786167,0.6,0.05865166623022184,10,2
1692,us_empire_state,dev,location,40,0.012486866484332311,0.07861045685471,0.5,0.11605362329247301,10,2
1692,us_empire_state,dev,location,60,0.12652728928914067,0.1432988280632663,0.6,0.04723565053975235,10,2
1692,us_empire_state,dev,location,90,0.18363263984103548,0.17179041412009266,0.6,0.0478320186191924,10,2
1692,us_empire_state,dev,location,120,0.2311960555173662,0.1944803109865736,0.5,0.023894144361581326,10,2
1692,us_empire_state,dev,location,180,0.19290625104095044,0.13047030105144408,0.5,0.05918827802805742,10,2
1692,us_empire_state,dev,location,252,0.05218994603541086,0.03241873380147975,0.4,0.10063194928685115,10,2
1692,us_empire_state,dev,location,378,-0.19848822348011386,-0.12197933235462702,0.4,0.12983854938117734,10,2
1692,us_empire_state,dev,location,504,-0.2486299020381704,-0.1771348674372267,0.4,0.13782743659452035,10,2
1692,us_empire_state,instStdev,swap,20,0.03643436071884193,-0.1623760937448544,0.4,-0.18230492975522675,10,1
1692,us_empire_state,instStdev,swap,40,0.19089364127737404,0.2856939231815938,0.7,-0.20253265553174638,10,2
1692,us_empire_state,instStdev,swap,60,-0.011816912386109293,0.1689694904523235,0.5,-0.071590150125892,10,2
1692,us_empire_state,instStdev,swap,90,0.4455986871593295,0.43626850032658104,0.6,-0.13928492617678248,10,2
1692,us_empire_state,instStdev,swap,120,0.48072878388043483,0.4158282501992781,0.7,-0.08435031068609591,10,3
1692,us_empire_state,instStdev,swap,180,0.5302572591870187,0.253968995084702,0.5,-0.054075403536381406,10,2
1692,us_empire_state,instStdev,swap,252,0.8464168756975704,0.9411387885496302,0.9,-0.125056136306483,10,4
1692,us_empire_state,instStdev,swap,378,0.32244595497016126,0.051850294744985564,0.7,-0.12335076113425784,10,3
1692,us_empire_state,instStdev,swap,504,0.17425328398911402,0.04641217158846873,0.5,0.053996746958332044,10,2
1692,us_empire_state,instSkew,swap,20,0.12295812367633703,0.20102377215493555,0.6,-0.033639447112695675,10,2
1692,us_empire_state,instSkew,swap,40,0.4395261075180303,0.22484656420526522,0.7,-0.15059845274059383,10,2
1692,us_empire_state,instSkew,swap,60,0.6303104634373485,0.5653279392802601,0.8,-0.3465587199441611,10,2
1692,us_empire_state,instSkew,swap,90,0.3772861390223891,0.3089811549290946,0.7,-0.2793838165215649,10,2
1692,us_empire_state,instSkew,swap,120,0.41041221210495493,0.4926136462165416,0.7,-0.24888035181148513,10,2
1692,us_empire_state,instSkew,swap,180,-0.0361842324868595,-0.09580116631315101,0.3,0.17284594638559053,10,1
1692,us_empire_state,instSkew,swap,252,0.26317687689467395,0.22190232476279845,0.7,0.024339288032652236,10,3
1692,us_empire_state,instSkew,swap,378,0.4383851888900411,0.28567410567742385,0.6,0.0306050645007018,10,2
1692,us_empire_state,instSkew,swap,504,0.2838245462980431,0.16791075698704588,0.6,-0.20236665382720184,10,1
1692,us_empire_state,instKurt,swap,20,-0.6196007012840283,-0.5505238727801958,0.3,-0.17373872975751536,10,1
1692,us_empire_state,instKurt,swap,40,0.6846787100154759,0.5637365204998831,0.8,-0.01207182683335016,10,3
1692,us_empire_state,instKurt,swap,60,0.5544407280485393,0.5137810211801701,0.8,0.03953603122482363,10,3
1692,us_empire_state,instKurt,swap,90,0.10010765146632349,0.012494165562667588,0.6,-0.004165198169841913,10,2
1692,us_empire_state,instKurt,swap,120,0.23342658585865744,0.26561761374012205,0.6,-0.0003001885867308704,10,2
1692,us_empire_state,instKurt,swap,180,-0.14932353535611415,-0.09206451438155791,0.5,-0.037264617971439144,10,2
1692,us_empire_state,instKurt,swap,252,0.2847167730370366,0.2665048122710112,0.6,0.027130186099598323,10,2
1692,us_empire_state,instKurt,swap,378,0.5821025052659285,0.5585621338879018,0.6,-0.15633352109151893,10,1
1692,us_empire_state,instKurt,swap,504,0.4452577299373216,0.32581188437765324,0.5,-0.24838722571016655,10,1
1692,us_empire_state,minmax,swap,20,-0.07265373071230465,-0.054199030657354,0.4,0.05061612456515118,10,2
1692,us_empire_state,minmax,swap,40,0.2566293127886086,0.26073973468924666,0.6,0.0018810968235541065,10,2
1692,us_empire_state,minmax,swap,60,0.21331746830633944,0.20526230996480135,0.5,-0.0947192436267964,10,2
1692,us_empire_state,minmax,swap,90,0.18991951938711985,0.20378658609452396,0.5,-0.0315006710636631,10,2
1692,us_empire_state,minmax,swap,120,0.2872975556441982,0.3134733386234426,0.6,-0.05285864876034831,10,2
1692,us_empire_state,minmax,swap,180,0.15057081617822463,0.12758741175128555,0.6,0.0012414584427356424,10,2
1692,us_empire_state,minmax,swap,252,-0.03365501301576793,0.022314636981201987,0.5,0.04756686732430557,10,2
1692,us_empire_state,minmax,swap,378,-0.22934507774916185,-0.11593075702484626,0.4,0.05518574391241662,10,2
1692,us_empire_state,minmax,swap,504,-0.23697286605690113,-0.16289462929457155,0.4,0.18574141470446326,10,1
1692,us_empire_state,chg,swap,20,-0.08689784801212287,-0.0731594535573506,0.4,0.11010115579994902,10,2
1692,us_empire_state,chg,swap,40,0.14171233635164918,0.08327510346901408,0.5,0.07680732202110578,10,2
1692,us_empire_state,chg,swap,60,0.30234195520374846,0.23977729997251293,0.7,-0.12280743437841694,10,3
1692,us_empire_state,chg,swap,90,0.26692302145106644,0.16586965103546294,0.6,0.11438841058995612,10,2
1692,us_empire_state,chg,swap,120,0.12339525480189006,0.22879336396936928,0.7,-0.06008155929981468,10,3
1692,us_empire_state,chg,swap,180,-0.06035480104760796,-0.07748234518001579,0.5,0.07351925460449653,10,2
1692,us_empire_state,chg,swap,252,-0.12609901349891492,-0.08924749445807834,0.4,0.07937215463913921,10,2
1692,us_empire_state,chg,swap,378,-0.4605924217642642,-0.4337874671651876,0.4,0.22589192050760484,10,1
1692,us_empire_state,chg,swap,504,-0.37778087818699563,-0.4865015148390485,0.3,0.15324766615263385,10,1
1692,us_empire_state,slope,swap,20,0.05068335340441824,0.1011625548635858,0.6,0.061896826165697534,10,2
1692,us_empire_state,slope,swap,40,-0.16645039096617129,-0.2753042102244092,0.3,0.11719034491774286,10,2
1692,us_empire_state,slope,swap,60,0.21002762187740476,0.1111445136636781,0.7,-0.07091640724363597,10,3
1692,us_empire_state,slope,swap,90,0.3460163468210171,0.2500501656556537,0.6,0.042702268026660474,10,2
1692,us_empire_state,slope,swap,120,0.3390911091513527,0.16377782408295266,0.6,0.006929775632824819,10,2
1692,us_empire_state,slope,swap,180,-0.052999444528389665,-0.13236312242784604,0.5,0.16976832986688295,10,1
1692,us_empire_state,slope,swap,252,-0.2533608836999905,-0.23164186619099206,0.4,0.16412748091385726,10,1
1692,us_empire_state,slope,swap,378,-0.6751796654418126,-0.8929442458387189,0.3,0.10105839254967461,10,2
1692,us_empire_state,slope,swap,504,-0.4015681662695426,-0.46604711974318,0.4,0.012528744177193378,10,2
1692,us_empire_state,dStdev,swap,20,-0.15187345491134938,-0.39665359537673406,0.3,-0.11641087626167877,10,2
1692,us_empire_state,dStdev,swap,40,0.0951234513221107,0.1527752060491038,0.6,-0.11985180150406695,10,2
1692,us_empire_state,dStdev,swap,60,-0.10440992086882799,-0.26977971814445684,0.4,-0.10933890211925691,10,2
1692,us_empire_state,dStdev,swap,90,0.5093198558481588,1.1153016040520687,0.9,-0.18018869005169783,10,3
1692,us_empire_state,dStdev,swap,120,0.291173087393266,0.5558276697492833,0.6,-0.16212923680044672,10,1
1692,us_empire_state,dStdev,swap,180,0.25552825476363294,0.3665361605460462,0.6,-0.3325971841795573,10,1
1692,us_empire_state,dStdev,swap,252,0.43351564314669344,0.6165659392839101,0.9,-0.2538761567782871,10,3
1692,us_empire_state,dStdev,swap,378,-0.06757638295148978,-0.1945770163871452,0.3,0.221776046148329,10,1
1692,us_empire_state,dStdev,swap,504,0.5735582400112816,0.5569672905558298,0.6,0.07797920657033133,10,2
1692,us_empire_state,dSkew,swap,20,-0.3390758833375381,-0.30019954228434836,0.4,0.17701626322213834,10,1
1692,us_empire_state,dSkew,swap,40,0.20809207017549358,0.20885537110500974,0.6,0.04626279813215736,10,2
1692,us_empire_state,dSkew,swap,60,0.16877985926637837,0.16213766463421384,0.6,-0.15468020959342357,10,1
1692,us_empire_state,dSkew,swap,90,0.02486918635041979,0.058901695317944806,0.4,0.1639480999312724,10,1
1692,us_empire_state,dSkew,swap,120,-0.11578075535710919,0.06354194651229345,0.4,0.1824217730565464,10,1
1692,us_empire_state,dSkew,swap,180,-0.5095507872814685,-0.2785660251549347,0.3,0.17515362285553257,10,1
1692,us_empire_state,dSkew,swap,252,-0.3658892361530853,-0.3296520283379757,0.4,0.10869613103827537,10,2
1692,us_empire_state,dSkew,swap,378,-0.6050465860385077,-0.6384970149981035,0.2,0.04700695162858244,10,2
1692,us_empire_state,dSkew,swap,504,-0.4209725292341028,-0.53235031855296,0.2,-0.17350045338171846,10,1
1692,us_empire_state,ac1,swap,20,0.3316806844916213,0.4461125107371016,0.7,0.11964524991050193,10,3
1692,us_empire_state,ac1,swap,40,0.35176995206817335,0.16598256770345976,0.5,0.06561911350183722,10,2
1692,us_empire_state,ac1,swap,60,-0.11257852398877813,-0.026925256709803055,0.4,0.0882564705340422,10,2
1692,us_empire_state,ac1,swap,90,-0.14915783228028281,-0.27526586828757393,0.4,0.11728991930163717,10,2
1692,us_empire_state,ac1,swap,120,0.06914351981731957,0.21307684324804735,0.6,0.1320432579925484,10,2
1692,us_empire_state,ac1,swap,180,0.13161271408672626,-0.0022070829343046276,0.5,0.20594034426564228,10,1
1692,us_empire_state,ac1,swap,252,0.5773171405304371,0.4092231743354721,0.6,0.06358674174381027,10,2
1692,us_empire_state,ac1,swap,378,0.2744783140501476,0.1135722685839475,0.5,0.2193602044472822,10,1
1692,us_empire_state,ac1,swap,504,0.24045661419430117,0.12050264315117538,0.5,-0.008274072713260368,10,2
1692,us_empire_state,pctpos,swap,20,-0.06673467952536209,-0.04040933220803684,0.4,0.1829084366849675,10,1
1692,us_empire_state,pctpos,swap,40,0.04437878923158452,0.051208950594408484,0.6,-0.22684219341571876,10,1
1692,us_empire_state,pctpos,swap,60,0.005262231336358625,-0.19838879454065897,0.5,-0.2375198451100581,10,1
1692,us_empire_state,pctpos,swap,90,-0.2536879254724755,-0.39431370034618685,0.5,-0.270391885533275,10,1
1692,us_empire_state,pctpos,swap,120,-0.19236191856311657,-0.33258099850971856,0.4,-0.24740249221620722,10,1
1692,us_empire_state,pctpos,swap,180,-0.36801932926403147,-0.37018924387284385,0.3,-0.1964433124630802,10,1
1692,us_empire_state,pctpos,swap,252,-0.7574389796168567,-0.8613157196308059,0.1,-0.050340550745650414,10,2
1692,us_empire_state,pctpos,swap,378,-0.2955358559921838,-0.29926523975369773,0.4,-0.26135487229840404,10,1
1692,us_empire_state,pctpos,swap,504,-0.30273413049196934,-0.13474041396703465,0.5,-0.10895100707682219,10,2
1692,igrea,selfz,location,20,0.08608658453486964,-0.046560929218590535,0.46153846153846156,0.027358229670876665,26,2
1692,igrea,selfz,location,40,0.19189085046521212,0.020930567387345514,0.46153846153846156,0.0032316945304639495,26,2
1692,igrea,selfz,location,60,0.10744262343051084,-0.12827774087182628,0.46153846153846156,-0.009637265425915854,26,2
1692,igrea,selfz,location,90,0.004253733063316796,-0.18854241524412035,0.5384615384615384,-0.04235089822145269,26,2
1692,igrea,selfz,location,120,-0.06146075772250748,-0.23308986460421785,0.5384615384615384,-0.06034095478396384,26,2
1692,igrea,selfz,location,180,0.17650271321415517,0.28394895698055195,0.6153846153846154,0.03593446715513659,26,2
1692,igrea,selfz,location,252,0.17243399603581477,0.20189043535813153,0.6,0.02533228596522781,25,2
1692,igrea,selfz,location,378,0.2608247277955232,0.2994920597599774,0.76,-0.0127162497578023,25,3
1692,igrea,selfz,location,504,0.320384054255185,0.24723955134093975,0.68,-0.03835041427723561,25,3
1692,igrea,robustz,location,20,0.18022060514220842,-0.09309573855366117,0.4230769230769231,0.010378050489201821,26,2
1692,igrea,robustz,location,40,0.13540527782833092,0.04739002980136061,0.5384615384615384,0.06463250759500254,26,2
1692,igrea,robustz,location,60,0.2934266578403123,-0.0200342421716012,0.5,-0.0010871339775480793,26,2
1692,igrea,robustz,location,90,0.07279725329079278,-0.14067443402170288,0.5769230769230769,-0.0587758444090039,26,2
1692,igrea,robustz,location,120,0.07921824579686616,-0.09992021693958855,0.64,-0.062300190564504476,25,2
1692,igrea,robustz,location,180,0.046759978118729555,-0.04105943326900613,0.44,0.014928507671469995,25,2
1692,igrea,robustz,location,252,-0.06706154881574346,-0.16486600488655556,0.44,0.05436573869232434,25,2
1692,igrea,robustz,location,378,0.307142393803024,0.3250323816298693,0.75,-0.10357311244958897,24,3
1692,igrea,robustz,location,504,0.35272571493301075,0.3270404243344965,0.7083333333333334,-0.10145512719204854,24,3
1692,igrea,bdtanh,location,20,0.08829533141985135,-0.10022688719056258,0.46153846153846156,0.026737308640058292,26,2
1692,igrea,bdtanh,location,40,0.24530915604798176,0.04474750759584319,0.5,-0.010574371457218892,26,2
1692,igrea,bdtanh,location,60,0.11127762839395323,-0.11871579985826686,0.5,-0.033751506388379676,26,2
1692,igrea,bdtanh,location,90,0.0071542550246772255,-0.1587634459809774,0.5,-0.04402621351790013,26,2
1692,igrea,bdtanh,location,120,-0.0767873238278325,-0.2127270478053958,0.46153846153846156,-0.06597982210945375,26,2
1692,igrea,bdtanh,location,180,0.17843682540589106,0.2897659522340823,0.5769230769230769,0.04029926776223436,26,2
1692,igrea,bdtanh,location,252,0.16565013335591958,0.19892020779258485,0.68,0.01811768627212769,25,3
1692,igrea,bdtanh,location,378,0.22786951306901151,0.24981184228010658,0.76,-0.02390283362977798,25,3
1692,igrea,bdtanh,location,504,0.27569513080924685,0.2001389950829675,0.6,-0.05738301159332624,25,2
1692,igrea,rankc,location,20,0.1485198119122007,-0.0391843470050857,0.5384615384615384,-0.09486281662822581,26,2
1692,igrea,rankc,location,40,0.28194656635840293,0.06900554937611368,0.5384615384615384,-0.02713739331342738,26,2
1692,igrea,rankc,location,60,0.21722674674955578,0.020587617538810134,0.5384615384615384,-0.03227579674987176,26,2
1692,igrea,rankc,location,90,0.16261665187209345,0.0019528753804902807,0.5384615384615384,-0.04928258231739262,26,2
1692,igrea,rankc,location,120,0.11311052104779294,0.050848693239632654,0.6153846153846154,-0.07243200358005862,26,2
1692,igrea,rankc,location,180,0.007634437350518369,0.00975171480937015,0.5,-0.03483390914014544,26,2
1692,igrea,rankc,location,252,-0.06392588186609936,-0.1694209756195626,0.32,-0.009446372717050525,25,2
1692,igrea,rankc,location,378,0.199410983427869,0.24627520154845284,0.68,-0.035717250605215606,25,3
1692,igrea,rankc,location,504,0.24382686048520588,0.18091517585345948,0.56,-0.06627910025314664,25,2
1692,igrea,signth,location,20,0.0690966291958788,-0.11710378554366688,0.46153846153846156,0.025535337768333728,26,2
1692,igrea,signth,location,40,0.36642064652920325,0.20156087098150288,0.5769230769230769,-0.008391693956785939,26,2
1692,igrea,signth,location,60,0.1503411420982873,-0.0319302383594287,0.46153846153846156,-0.030384000137106085,26,2
1692,igrea,signth,location,90,0.10602727552157867,-0.04357165197349757,0.5,-0.041398307238585334,26,2
1692,igrea,signth,location,120,0.049802859631450744,-0.1230340515308329,0.5,-0.03438873848413203,26,2
1692,igrea,signth,location,180,-0.004913172346926552,-0.13755206498458408,0.46153846153846156,0.014992826357698148,26,2
1692,igrea,signth,location,252,0.12830942018279448,0.0850770536590072,0.6923076923076923,-0.04686681818923874,26,3
1692,igrea,signth,location,378,0.15194352034459374,0.18049713833602055,0.68,-0.021369047576347354,25,3
1692,igrea,signth,location,504,0.1722104648589545,0.12913223303264137,0.68,-0.061820390180615435,25,3
1692,igrea,dev,location,20,-0.06738453554104556,-0.21962644077504395,0.38461538461538464,0.021396932762087453,26,2
1692,igrea,dev,location,40,0.10951857889484282,-0.044577725456389314,0.46153846153846156,-0.008584774839681836,26,2
1692,igrea,dev,location,60,0.07813090461398954,-0.056290030055923555,0.5,-0.03367502849901768,26,2
1692,igrea,dev,location,90,0.012469742914865582,-0.08467389254312654,0.46153846153846156,-0.049346385910353494,26,2
1692,igrea,dev,location,120,-0.006949869550727544,0.0054814029031009836,0.5,-0.06621831478228998,26,2
1692,igrea,dev,location,180,0.13832228177952394,0.011121066622878498,0.5769230769230769,0.03449393162061336,26,2
1692,igrea,dev,location,252,0.18355838516176787,0.19783291819397938,0.68,0.021383841203489046,25,3
1692,igrea,dev,location,378,0.32242225757048787,0.28902377710165045,0.72,0.0010988550768760966,25,3
1692,igrea,dev,location,504,0.28799985208862755,0.2105842616235081,0.64,-0.0297390313304998,25,2
1692,igrea,instStdev,swap,20,0.17717142505829792,0.18494294119797952,0.5769230769230769,-0.032204839889818246,26,2
1692,igrea,instStdev,swap,40,0.025413090016622317,0.08329096451344155,0.5769230769230769,0.026704564221940265,26,2
1692,igrea,instStdev,swap,60,0.07092139720823486,0.017859286480270624,0.5384615384615384,0.02562006687411373,26,2
1692,igrea,instStdev,swap,90,0.07993460404398124,0.10334048390011712,0.5,-0.008197472559568252,26,2
1692,igrea,instStdev,swap,120,0.09771189807309576,0.07146318777754644,0.5769230769230769,0.024978200491306765,26,2
1692,igrea,instStdev,swap,180,0.3729782214806492,0.22450879883467784,0.5769230769230769,-0.04505485819783587,26,2
1692,igrea,instStdev,swap,252,0.2221978448677797,0.2386698053347395,0.6,-0.05457904141645471,25,2
1692,igrea,instStdev,swap,378,0.3179162955774678,0.194079975769429,0.56,0.018775748023853008,25,2
1692,igrea,instStdev,swap,504,0.4349045980276382,0.3225034431887263,0.48,-0.02198641252280462,25,2
1692,igrea,instSkew,swap,20,-0.03768623720707261,-0.1533005458012555,0.34615384615384615,0.0046448198136169174,26,2
1692,igrea,instSkew,swap,40,0.02946937697662237,0.18633831965068967,0.5384615384615384,-0.03778008183863079,26,2
1692,igrea,instSkew,swap,60,0.19375507368750491,0.008481002182308557,0.5384615384615384,0.036321395790581426,26,2
1692,igrea,instSkew,swap,90,0.28546515734421957,0.0508860015021902,0.46153846153846156,-0.020742285405974982,26,2
1692,igrea,instSkew,swap,120,0.203224193161821,-0.04918556323909208,0.4230769230769231,-0.04757102453140424,26,2
1692,igrea,instSkew,swap,180,0.0933484767820075,-0.13051855977005603,0.4230769230769231,-0.08090308780914672,26,2
1692,igrea,instSkew,swap,252,0.021830414185896554,0.026451047049086573,0.48,-0.07756188490680276,25,2
1692,igrea,instSkew,swap,378,0.30631949373707784,0.28785826717662055,0.6,0.1757922815098871,25,1
1692,igrea,instSkew,swap,504,0.18562436484385647,0.0646226543037847,0.6,-0.13267235311135508,25,2
1692,igrea,instKurt,swap,20,0.22789280006814266,0.25959569349266354,0.5,0.15756809423053372,26,1
1692,igrea,instKurt,swap,40,0.10686476134613515,-0.0014706249043227896,0.5384615384615384,-0.12641704202290524,26,2
1692,igrea,instKurt,swap,60,0.13487166554380892,0.23943954264009953,0.6153846153846154,0.11867301640261933,26,2
1692,igrea,instKurt,swap,90,0.454318902800425,0.428625895153348,0.6923076923076923,0.07597545912598154,26,3
1692,igrea,instKurt,swap,120,0.28379666741888854,0.36051457978548196,0.6153846153846154,0.04663325063815268,26,2
1692,igrea,instKurt,swap,180,0.04624609476122815,0.11990178805447266,0.4230769230769231,0.1273062216318737,26,2
1692,igrea,instKurt,swap,252,0.08054893902380472,0.05870921096718941,0.56,-0.11628952675179013,25,2
1692,igrea,instKurt,swap,378,0.030648282414974255,0.11564238635926392,0.52,-0.04106827437130056,25,2
1692,igrea,instKurt,swap,504,0.20921982608461345,0.2887828899128554,0.6,-0.07797323362498308,25,2
1692,igrea,minmax,swap,20,0.15409825570179486,-0.04332591495284517,0.5769230769230769,0.026231129975645483,26,2
1692,igrea,minmax,swap,40,0.2879612127393667,0.14483729319060432,0.6153846153846154,-0.03389272482329084,26,2
1692,igrea,minmax,swap,60,0.09318125040142607,-0.0807611566639011,0.5,-0.036928609224931686,26,2
1692,igrea,minmax,swap,90,0.03654017643248718,-0.04021028992123104,0.5769230769230769,-0.05515849723767627,26,2
1692,igrea,minmax,swap,120,-0.05862351658155737,0.0026335461549748403,0.46153846153846156,-0.05285076898634831,26,2
1692,igrea,minmax,swap,180,0.14871968743096617,0.17134710047185317,0.6,0.013207341552137507,25,2
1692,igrea,minmax,swap,252,0.12009287101276073,0.1590203566740173,0.64,0.01477199310745718,25,2
1692,igrea,minmax,swap,378,0.27282392788299364,0.2922119834846438,0.72,-0.016322939838954244,25,3
1692,igrea,minmax,swap,504,0.24904051769000335,0.21892248442968484,0.68,-0.011200255730661043,25,3
1692,igrea,chg,swap,20,-0.0014370637956655752,-0.19497070605009645,0.38461538461538464,0.01750241834828179,26,2
1692,igrea,chg,swap,40,0.12462473774882675,0.024413507568071927,0.5384615384615384,-0.03658383194729263,26,2
1692,igrea,chg,swap,60,0.08367350122169094,0.0644456457177382,0.5769230769230769,-0.07018360428971654,26,2
1692,igrea,chg,swap,90,0.008549180277943932,0.15391372492364697,0.4230769230769231,-0.08254584840813346,26,2
1692,igrea,chg,swap,120,0.27582796075902327,0.2268780582617494,0.6,0.021708234455232366,25,2
1692,igrea,chg,swap,180,0.23690987198187355,0.26435823184269513,0.64,-0.057921517168799765,25,2
1692,igrea,chg,swap,252,0.16311067573698276,0.24218654777698204,0.56,-0.03449225931684498,25,2
1692,igrea,chg,swap,378,0.460806426078811,0.3450315127049663,0.6666666666666666,-0.10954044956417992,24,3
1692,igrea,chg,swap,504,0.08597321591404027,0.10193672605734737,0.5,-0.03400429644009208,24,2
1692,igrea,slope,swap,20,-0.034254367190660405,-0.23446777871304045,0.4230769230769231,0.03276314032237193,26,2
1692,igrea,slope,swap,40,0.2230805260713397,0.09974401461155694,0.5384615384615384,-0.03769453524084944,26,2
1692,igrea,slope,swap,60,0.09021119743071503,0.0035405242535437895,0.5,-0.05822524604856424,26,2
1692,igrea,slope,swap,90,0.010923643671446994,-0.03343889962438002,0.6153846153846154,-0.060046647628388634,26,2
1692,igrea,slope,swap,120,-0.014543091390903562,0.10361166894650453,0.38461538461538464,-0.053218575532535,26,2
1692,igrea,slope,swap,180,0.3387722712944824,0.12910412355154513,0.6923076923076923,-0.07068493939493914,26,3
1692,igrea,slope,swap,252,0.42653221467559904,0.45048488691843225,0.68,-0.07090166976177058,25,3
1692,igrea,slope,swap,378,0.6211567165482397,0.5172746968818619,0.72,-0.15961527785350368,25,2
1692,igrea,slope,swap,504,0.3132457418128147,0.2507319810640923,0.6,-0.14531113338579382,25,2
1692,igrea,dStdev,swap,20,0.07935116846689252,0.09223293853730594,0.5,-0.019026682831354662,26,2
1692,igrea,dStdev,swap,40,0.0928671508502866,0.07819424473894407,0.6538461538461539,0.041446511632564534,26,3
1692,igrea,dStdev,swap,60,0.1338370775394349,0.060702055615478596,0.5,0.007591224088594139,26,2
1692,igrea,dStdev,swap,90,0.2190702811538254,0.19357024348468735,0.6153846153846154,-0.0018012480853606685,26,2
1692,igrea,dStdev,swap,120,0.06747780107403407,0.08011898321777898,0.5769230769230769,0.016235440785372247,26,2
1692,igrea,dStdev,swap,180,0.0942222211451233,0.15668135778823072,0.5384615384615384,-0.10520443988336609,26,2
1692,igrea,dStdev,swap,252,0.06353467773936214,-0.03343826552146681,0.48,0.03851674192247018,25,2
1692,igrea,dStdev,swap,378,0.11892848759080678,0.11169956427064381,0.48,0.0011232838653974504,25,2
1692,igrea,dStdev,swap,504,0.03809946990337617,-0.03838243659585212,0.36,-0.00814588165859049,25,2
1692,igrea,dSkew,swap,20,0.1825117682214189,-0.012183409084444558,0.5384615384615384,0.021215393094067166,26,2
1692,igrea,dSkew,swap,40,0.30988845477487764,0.2541234695998115,0.5769230769230769,-0.0496101315536828,26,2
1692,igrea,dSkew,swap,60,0.18642291450240986,0.09450308650693118,0.6153846153846154,-0.0768018659544791,26,2
1692,igrea,dSkew,swap,90,-0.0254366067450995,0.060977571426513964,0.38461538461538464,-0.052198072196765255,26,2
1692,igrea,dSkew,swap,120,0.14864364247242337,-0.12364244697968241,0.46153846153846156,-0.00795913036854048,26,2
1692,igrea,dSkew,swap,180,0.36735605032749163,0.09067226931728879,0.6538461538461539,-0.08656567476464674,26,3
1692,igrea,dSkew,swap,252,0.4804291921077731,0.43853510461143075,0.8,-0.050881329470654234,25,3
1692,igrea,dSkew,swap,378,0.6735803643528969,0.6024886634522489,0.76,-0.1295620889342738,25,4
1692,igrea,dSkew,swap,504,0.10622690390219111,0.094618122926093,0.52,0.005580762880321263,25,2
1692,igrea,ac1,swap,20,0.19228512999883032,0.24816798407378823,0.5769230769230769,0.06099146136336004,26,2
1692,igrea,ac1,swap,40,0.3552745599673464,0.2801899476336484,0.6153846153846154,0.08529517980460305,26,2
1692,igrea,ac1,swap,60,0.10310890341523139,-0.036431117416409094,0.4230769230769231,0.06570025707235669,26,2
1692,igrea,ac1,swap,90,0.31165541625328336,0.35886367729139473,0.6538461538461539,-0.005489197336605909,26,3
1692,igrea,ac1,swap,120,0.2115623848388601,0.13401510191747848,0.5384615384615384,0.07918870295139041,26,2
1692,igrea,ac1,swap,180,0.16452505550386617,-0.0410938182661283,0.4230769230769231,0.17277744156274322,26,1
1692,igrea,ac1,swap,252,-0.01817212458229947,-0.07479576608357417,0.6,-0.11914836648614391,25,2
1692,igrea,ac1,swap,378,0.2842952078561004,0.25185361809929085,0.6,0.16069338215261814,25,1
1692,igrea,ac1,swap,504,0.32095670884378047,0.4178602284375249,0.56,0.11436122334881542,25,2
1692,igrea,pctpos,swap,20,0.14178873252501098,-0.040885964823558635,0.5,0.04195222493308004,26,2
1692,igrea,pctpos,swap,40,0.10072663220510464,-0.03166245935005837,0.5,0.022307681865487747,26,2
1692,igrea,pctpos,swap,60,0.10034917728045066,-0.05572426279367019,0.5,-0.0075931352832229425,26,2
1692,igrea,pctpos,swap,90,0.20881660511834282,0.07908648355878223,0.5769230769230769,0.005345946737519447,26,2
1692,igrea,pctpos,swap,120,-0.005409349460684386,-0.05894967857640875,0.4230769230769231,0.051051860917589065,26,2
1692,igrea,pctpos,swap,180,0.09678859677515081,0.08574951618393423,0.46153846153846156,0.042700539289266856,26,2
1692,igrea,pctpos,swap,252,0.0930672517729745,0.11086018156497283,0.56,-0.017346574456514777,25,2
1692,igrea,pctpos,swap,378,0.18576231715697394,0.1138895636694891,0.56,-0.06843174284865187,25,2
1692,igrea,pctpos,swap,504,0.21609329977458586,0.13618916861405464,0.6,-0.04455377267773602,25,2
984,cny_usd,selfz,location,20,-0.33985274493040096,-0.5030203535556175,0.3,-0.13543576672163837,10,2
984,cny_usd,selfz,location,40,-0.17714342102632463,-0.24001077924379335,0.4,-0.09729939861368049,10,2
984,cny_usd,selfz,location,60,-0.004925071529398467,0.06888715107068356,0.4,-0.14607422669172854,10,2
984,cny_usd,selfz,location,90,0.13620323403832077,0.2012842566363811,0.6,-0.18290820820014017,10,1
984,cny_usd,selfz,location,120,0.10569503109883988,0.16453744026817668,0.6,-0.18255259522651635,10,1
984,cny_usd,selfz,location,180,-0.10268406339345076,-0.18209025014579985,0.4,0.2392664176327287,10,1
984,cny_usd,selfz,location,252,0.034000828350483826,-0.07462869868378612,0.6,0.30525909831838505,10,1
984,cny_usd,selfz,location,378,0.15007890917785893,0.13506354291121828,0.6,0.33501474978459406,10,1
984,cny_usd,selfz,location,504,0.3349041112812454,0.5244562706460648,0.8,0.28240534720365607,10,2
984,cny_usd,robustz,location,20,-0.3639985761033646,-0.4083824219645536,0.3,-0.037165078880556736,10,2
984,cny_usd,robustz,location,40,0.06236425190975221,0.137061515744342,0.6,-0.1018155274967185,10,2
984,cny_usd,robustz,location,60,0.17434633251632758,0.17314483342504364,0.6,-0.1249476486417039,10,2
984,cny_usd,robustz,location,90,0.23822216688483033,0.20870185315709855,0.6,-0.15746763968420815,10,1
984,cny_usd,robustz,location,120,0.18249241629116897,0.29562243461459836,0.7,-0.1675930571021429,10,2
984,cny_usd,robustz,location,180,0.19479634983183677,0.37455852045058347,0.8,-0.2670764607150832,10,2
984,cny_usd,robustz,location,252,0.19410560919573502,0.14161371341048748,0.5,0.17357165374609113,10,1
984,cny_usd,robustz,location,378,0.19926516503154007,0.20882743949677277,0.5,0.412049857703177,10,1
984,cny_usd,robustz,location,504,0.3067088448702623,0.33844072322469576,0.7,0.3477033937616887,10,2
984,cny_usd,bdtanh,location,20,-0.29769144001390563,-0.42490886941140804,0.4,-0.18084974197361053,10,1
984,cny_usd,bdtanh,location,40,-0.0915529753806638,-0.07080499695907101,0.5,-0.14332049007880018,10,2
984,cny_usd,bdtanh,location,60,0.08225083021554538,0.2567086795512056,0.5,-0.17722129276248488,10,1
984,cny_usd,bdtanh,location,90,0.15511755901919366,0.2474233654020275,0.5,-0.22247395603148318,10,1
984,cny_usd,bdtanh,location,120,0.15897613242020966,0.12688548394769839,0.6,-0.2164598233475546,10,1
984,cny_usd,bdtanh,location,180,-0.03341820521628637,-0.03193019404831128,0.5,0.2177803616821041,10,1
984,cny_usd,bdtanh,location,252,0.13471926965122166,0.02206853507262316,0.7,0.2435537346926187,10,2
984,cny_usd,bdtanh,location,378,0.15105254409537355,-0.009453090238229279,0.7,0.2584506313059617,10,2
984,cny_usd,bdtanh,location,504,0.2922146483765888,0.2511684984557114,0.7,0.20404454647076792,10,2
984,cny_usd,rankc,location,20,-0.38421462799631434,-0.5063869404768421,0.4,-0.15889003878553612,10,1
984,cny_usd,rankc,location,40,-0.20893950469964265,-0.1518166677372052,0.4,-0.11952381349432206,10,2
984,cny_usd,rankc,location,60,-0.023365373829160575,0.14738784657119292,0.5,-0.16582463874135495,10,1
984,cny_usd,rankc,location,90,0.09859869270837662,0.2691647736616876,0.6,-0.21986055924153086,10,1
984,cny_usd,rankc,location,120,0.11825224795477882,0.2493343494489392,0.7,-0.24268347750976588,10,2
984,cny_usd,rankc,location,180,-0.10604889413753153,-0.23088051745010654,0.4,0.2658620959724523,10,1
984,cny_usd,rankc,location,252,0.032591610787594184,-0.08900365043082809,0.4,0.2860927315132868,10,1
984,cny_usd,rankc,location,378,0.14101532158050495,-0.025586034504678314,0.4,0.29564130080976087,10,1
984,cny_usd,rankc,location,504,0.29590207919097805,0.17034171445763382,0.6,0.20547315669622276,10,1
984,cny_usd,signth,location,20,-0.3085387654513866,-0.3910439999991827,0.3,-0.20833987940391452,10,1
984,cny_usd,signth,location,40,0.03957490545610637,0.12842574498100412,0.6,-0.1915149868096111,10,1
984,cny_usd,signth,location,60,0.13380215422268354,0.3915381026940867,0.6,-0.2131090744064989,10,1
984,cny_usd,signth,location,90,0.14960637547589412,0.21498274362230446,0.4,-0.211041331412416,10,1
984,cny_usd,signth,location,120,-0.12784325729040888,-0.15269689110548887,0.4,0.2314192549755686,10,1
984,cny_usd,signth,location,180,-0.054551265388483906,-0.05023120540805584,0.5,0.3532365250871751,10,1
984,cny_usd,signth,location,252,0.1891882128315617,0.07920493516519621,0.6,0.08531527392856987,10,2
984,cny_usd,signth,location,378,0.49220611051077073,0.47250572273041597,0.7,0.08343117340956664,10,3
984,cny_usd,signth,location,504,0.690905197025036,0.748830868064534,0.8,0.04842869296306279,10,4
984,cny_usd,dev,location,20,-0.2176101883969351,-0.4464535895952982,0.4,-0.15309300398184766,10,1
984,cny_usd,dev,location,40,-0.05136123064219543,-0.08306382632309453,0.4,-0.1683884735039566,10,1
984,cny_usd,dev,location,60,0.024960245153716875,0.07235352080816931,0.4,-0.21716774067426278,10,1
984,cny_usd,dev,location,90,0.03195526440166692,0.1147104484950329,0.5,-0.2637247588668141,10,1
984,cny_usd,dev,location,120,0.06402079895115444,0.21193741807697883,0.6,-0.2796917783343006,10,1
984,cny_usd,dev,location,180,0.011677958778202222,-0.15213198285654828,0.5,0.31698775536131996,10,1
984,cny_usd,dev,location,252,0.16616087047135591,0.028437958443831134,0.5,0.3909883597366458,10,1
984,cny_usd,dev,location,378,0.23373246688806323,0.1949010215754516,0.5,0.44782223401794924,10,1
984,cny_usd,dev,location,504,0.45904673572781396,0.28821335867426284,0.7,0.27744335606857307,10,2
984,cny_usd,instStdev,swap,20,-0.06859343288072187,0.021232467489664945,0.3,0.2782138067624336,10,1
984,cny_usd,instStdev,swap,40,0.06753889522958137,-0.07714029375917873,0.5,-0.2341022610388261,10,1
984,cny_usd,instStdev,swap,60,-0.09376317985046628,-0.05228931992210247,0.5,0.2145102092289357,10,1
984,cny_usd,instStdev,swap,90,0.12317988489567737,0.13141959364157896,0.6,-0.23156852686663915,10,1
984,cny_usd,instStdev,swap,120,0.19253622523242717,0.3030653618110848,0.5,-0.07187505086447152,10,2
984,cny_usd,instStdev,swap,180,0.11082433406176972,0.16974291821140958,0.5,0.054699689159360215,10,2
984,cny_usd,instStdev,swap,252,-0.04326413460952895,-0.020833675281822065,0.3,-0.04565062284335606,10,2
984,cny_usd,instStdev,swap,378,0.08257419338013504,0.0025024929701997524,0.3,-0.24004772662068072,10,1
984,cny_usd,instStdev,swap,504,0.31738432489622337,0.1205732237623253,0.6,0.005887871951312086,10,2
984,cny_usd,instSkew,swap,20,0.013147168088633993,-0.19760823579868717,0.5,0.019589498958987647,10,2
984,cny_usd,instSkew,swap,40,0.3438591727079751,0.24142148869958413,0.6,0.05385222675191153,10,2
984,cny_usd,instSkew,swap,60,0.16367498149103654,0.0858849186413457,0.7,0.1761944943578541,10,2
984,cny_usd,instSkew,swap,90,-0.271506395495216,-0.32773773268939,0.4,0.1755879447446773,10,1
984,cny_usd,instSkew,swap,120,-0.14779253948674703,-0.36257131242888857,0.3,0.10281795958996749,10,2
984,cny_usd,instSkew,swap,180,-0.08224363513358608,-0.10577707003248962,0.4,-0.08732063682273652,10,2
984,cny_usd,instSkew,swap,252,-0.023018283766679012,-0.018712973054770352,0.6,0.172632868350086,10,1
984,cny_usd,instSkew,swap,378,0.13717184145221922,0.11425782429231375,0.6,0.20725179911140726,10,1
984,cny_usd,instSkew,swap,504,0.29465531840438597,0.21775495299323203,0.6,0.16975181172002182,10,1
984,cny_usd,instKurt,swap,20,0.312648525487377,0.41107019648547044,0.6,0.14043131107911058,10,2
984,cny_usd,instKurt,swap,40,0.0959457283819032,0.03220841427685715,0.5,-0.1552267529878033,10,1
984,cny_usd,instKurt,swap,60,0.4351812866654747,0.5363971439851092,0.8,0.10141341737811539,10,3
984,cny_usd,instKurt,swap,90,0.037198894839947545,0.0371924117339429,0.4,-0.13529221051018409,10,2
984,cny_usd,instKurt,swap,120,-0.13621223292337126,-0.1616511719560835,0.5,0.09898435921785224,10,2
984,cny_usd,instKurt,swap,180,-0.06989115189126335,-0.01077185028903359,0.5,0.17227955761741726,10,1
984,cny_usd,instKurt,swap,252,0.006334125439665978,-0.03183260867376835,0.4,-0.00610662574398928,10,2
984,cny_usd,instKurt,swap,378,0.21409710515386587,0.1402257500797558,0.6,-0.21378774607737533,10,1
984,cny_usd,instKurt,swap,504,0.3458128477167308,0.22198316540816232,0.5,-0.3411901399072106,10,1
984,cny_usd,minmax,swap,20,-0.22904680535986957,-0.3659472212971233,0.4,-0.17836563664551836,10,1
984,cny_usd,minmax,swap,40,-0.1569927431717377,-0.15891772816240382,0.5,-0.10752327487328484,10,2
984,cny_usd,minmax,swap,60,0.026256181682454898,0.22237753786281675,0.6,-0.1729569602632311,10,1
984,cny_usd,minmax,swap,90,0.21398032479314635,0.4038127145847534,0.7,-0.23695008507886675,10,2
984,cny_usd,minmax,swap,120,-0.2467557373451458,-0.3827291770604714,0.3,0.23078776077276938,10,1
984,cny_usd,minmax,swap,180,-0.05033402200684061,-0.1965008823502635,0.3,0.28253882921615925,10,1
984,cny_usd,minmax,swap,252,0.04131322498702516,0.006168986662899858,0.4,0.3331247228602895,10,1
984,cny_usd,minmax,swap,378,0.22498367146217596,0.0519593540173519,0.5,0.2843907746314719,10,1
984,cny_usd,minmax,swap,504,0.3178523125131463,0.14924817360133913,0.5,0.1633006166484671,10,1
984,cny_usd,chg,swap,20,0.026512385553689132,0.01876728270666026,0.6,-0.1202640752578207,10,2
984,cny_usd,chg,swap,40,0.0733490375587997,0.11902429447194346,0.5,-0.21934903813639633,10,1
984,cny_usd,chg,swap,60,0.004044980486689798,0.0763383064470188,0.6,-0.23177771839589706,10,1
984,cny_usd,chg,swap,90,0.15155837740748482,0.25129386826218003,0.7,-0.31071214828646304,10,2
984,cny_usd,chg,swap,120,0.02665303942394101,-0.04258682559903066,0.5,0.23062804397557188,10,1
984,cny_usd,chg,swap,180,0.3989855590915367,0.32904917454770594,0.7,0.21482766718042767,10,2
984,cny_usd,chg,swap,252,0.3460100077478686,0.4748863320139851,0.7,0.3284105364721073,10,2
984,cny_usd,chg,swap,378,0.6404585328885534,0.5158721097375045,0.8,0.21905353878386924,10,2
984,cny_usd,chg,swap,504,0.7534069302415274,0.49389304548810997,0.6,-0.10597339096953287,10,2
984,cny_usd,slope,swap,20,-0.0006103046717551378,-0.12222521057367478,0.4,-0.20186164667514872,10,1
984,cny_usd,slope,swap,40,0.10143756929393039,0.21990150319075286,0.6,-0.18342985430527314,10,1
984,cny_usd,slope,swap,60,0.02299741717911333,0.07288414189532812,0.5,-0.23872488598779926,10,1
984,cny_usd,slope,swap,90,0.04476475687485578,0.1216649552107546,0.6,-0.2627224147675128,10,1
984,cny_usd,slope,swap,120,0.036004548896237006,-0.06771744031577473,0.6,0.20734674787663707,10,1
984,cny_usd,slope,swap,180,0.3409902178097392,0.2862099621160709,0.6,0.15179026305840218,10,1
984,cny_usd,slope,swap,252,0.7342170580887577,0.7354189474043046,0.7,0.20130980228278497,10,3
984,cny_usd,slope,swap,378,0.514979681405251,0.6853589995856479,0.7,0.4459729974839362,10,3
984,cny_usd,slope,swap,504,0.842961558000019,0.784468698403137,0.8,0.13994618559546296,10,4
984,cny_usd,dStdev,swap,20,-0.05453478665740871,-0.2531198732090347,0.4,-0.2470014955968225,10,1
984,cny_usd,dStdev,swap,40,0.02716341644255046,0.22071301599476925,0.6,0.2678624215546053,10,1
984,cny_usd,dStdev,swap,60,0.02815886013517828,-0.15064243038217434,0.5,-0.24802679045232814,10,1
984,cny_usd,dStdev,swap,90,0.13152155751628797,-0.044938357337708346,0.5,-0.2233269093317596,10,1
984,cny_usd,dStdev,swap,120,0.010436079756824755,-0.09710096680864501,0.6,-0.13550701621416644,10,2
984,cny_usd,dStdev,swap,180,-0.02493963622999708,-0.049592790165512574,0.5,-0.2600378833314366,10,1
984,cny_usd,dStdev,swap,252,0.1939506885766437,0.23122309453188553,0.6,-0.1922631190239716,10,1
984,cny_usd,dStdev,swap,378,0.34763251018365166,0.1330739425633095,0.6,-0.0005688807736830861,10,2
984,cny_usd,dStdev,swap,504,0.6748432663843293,0.35658078736290294,0.6,-0.27624674980748104,10,1
984,cny_usd,dSkew,swap,20,0.2429223446274725,0.18428053047066598,0.7,-0.21660446887710466,10,2
984,cny_usd,dSkew,swap,40,0.23565564532268488,0.06998869601661707,0.6,-0.19232965510953648,10,1
984,cny_usd,dSkew,swap,60,-0.16083608626691562,-0.2192920491285639,0.4,0.1947865892775509,10,1
984,cny_usd,dSkew,swap,90,-0.14601343926328775,-0.16137164128202588,0.4,0.33211779130144076,10,1
984,cny_usd,dSkew,swap,120,0.0031124124981871484,-0.18978793077040448,0.5,0.14998882108339837,10,2
984,cny_usd,dSkew,swap,180,0.330727621726582,0.20803580518895468,0.6,0.028599288843761707,10,2
984,cny_usd,dSkew,swap,252,0.4345967244842957,0.3493194863052626,0.6,-0.22907321025514962,10,1
984,cny_usd,dSkew,swap,378,0.014185024903139245,-0.04545312447996121,0.4,-0.033338242637577224,10,2
984,cny_usd,dSkew,swap,504,-0.02239726704149502,0.06503444159170367,0.5,0.08833197631202583,10,2
984,cny_usd,ac1,swap,20,0.23455694080686296,0.43567953608120774,0.7,0.022697673421130625,10,3
984,cny_usd,ac1,swap,40,0.21844189721551288,0.22269642460890207,0.7,-0.10741293822777663,10,3
984,cny_usd,ac1,swap,60,0.4272947891765625,0.37612586455856234,0.5,-0.10582370481388069,10,2
984,cny_usd,ac1,swap,90,0.35450828625280406,0.131238052523066,0.6,-0.2564662171337726,10,1
984,cny_usd,ac1,swap,120,0.38054641493471375,0.09622289682226715,0.5,-0.3700875517041267,10,1
984,cny_usd,ac1,swap,180,0.5322005431981957,0.46528235337557383,0.8,-0.18786431052976646,10,2
984,cny_usd,ac1,swap,252,0.3408427165216094,0.1593010887901789,0.7,-0.01905928353838226,10,3
984,cny_usd,ac1,swap,378,0.4180873797887683,0.6293873468874471,0.8,0.10880429412634501,10,4
984,cny_usd,ac1,swap,504,0.5117360628877237,0.6311064885011185,0.7,0.16357023329657372,10,3
984,cny_usd,pctpos,swap,20,-0.05101763080085689,-0.14628496531931645,0.4,0.06557249936006439,10,2
984,cny_usd,pctpos,swap,40,0.16728026380163097,0.17582381151999119,0.6,-0.035616591089873584,10,2
984,cny_usd,pctpos,swap,60,0.051567054755762405,0.07186826650255818,0.6,-0.12961162813828328,10,2
984,cny_usd,pctpos,swap,90,0.11514399755551379,0.17618312390217647,0.6,-0.17034245655438143,10,1
984,cny_usd,pctpos,swap,120,0.006037240095145553,-0.09050943690333892,0.6,0.20340410398602995,10,1
984,cny_usd,pctpos,swap,180,0.2909647776789737,0.11623668462813742,0.6,0.0008403411689033646,10,2
984,cny_usd,pctpos,swap,252,0.0866893236694849,0.028703793158761644,0.4,0.14985451891294757,10,2
984,cny_usd,pctpos,swap,378,0.3781607274711302,0.24347821712555962,0.5,-0.052262980867062846,10,2
984,cny_usd,pctpos,swap,504,0.3839971397478052,0.4727400984398582,0.6,-0.2248956482799184,10,1
984,us_dxy_broad,selfz,location,20,0.5360348345376971,0.5377577010245164,0.7,-0.0353989675661978,10,3
984,us_dxy_broad,selfz,location,40,0.3404553848533951,0.3239362498749812,0.6,-0.025452566279358546,10,2
984,us_dxy_broad,selfz,location,60,-0.2627345347005785,-0.33021432431969067,0.5,0.04416602008991248,10,2
984,us_dxy_broad,selfz,location,90,0.08205157240481248,0.18005302026282322,0.6,-0.04061385384709638,10,2
984,us_dxy_broad,selfz,location,120,-0.09024294966567659,-0.016984718716904802,0.6,0.024512351264401856,10,2
984,us_dxy_broad,selfz,location,180,-0.06925810117271437,0.013627576584588299,0.6,-0.001636120655260005,10,2
984,us_dxy_broad,selfz,location,252,0.007801527795087639,0.24657146098297172,0.6,-0.08480850686392918,10,2
984,us_dxy_broad,selfz,location,378,-0.1382729462299284,0.04532990635087052,0.6,0.01394871247553649,10,2
984,us_dxy_broad,selfz,location,504,0.017991655779551925,0.1884709121277869,0.6,0.06594835925102492,10,2
984,us_dxy_broad,robustz,location,20,0.4069979411781414,0.4295596596424689,0.7,-0.020331858595295578,10,3
984,us_dxy_broad,robustz,location,40,0.35672808577816817,0.3548729161817792,0.5,0.006276951545082589,10,2
984,us_dxy_broad,robustz,location,60,-0.3427401963946574,-0.4166469989114753,0.3,0.018829972570013644,10,2
984,us_dxy_broad,robustz,location,90,0.14093700238972234,0.21294683857057012,0.6,-0.008805212715568295,10,2
984,us_dxy_broad,robustz,location,120,-0.025785495757482457,0.039851506133899435,0.6,0.03968417463645915,10,2
984,us_dxy_broad,robustz,location,180,-0.18650443462497646,-0.04025691246239835,0.6,-0.04168181389075575,10,2
984,us_dxy_broad,robustz,location,252,0.0864758850763432,-0.12688918966333268,0.5,0.12597822163771685,10,2
984,us_dxy_broad,robustz,location,378,-0.06701261941554766,0.15517280519550347,0.6,-0.06729617912829848,10,2
984,us_dxy_broad,robustz,location,504,0.013001398098110925,0.16596157032307354,0.7,0.028035893157808734,10,3
984,us_dxy_broad,bdtanh,location,20,0.5842595470457005,0.6107149954672056,0.7,-0.05027407882231513,10,4
984,us_dxy_broad,bdtanh,location,40,0.38191757409005156,0.41058491647480105,0.7,-0.038059219737812594,10,3
984,us_dxy_broad,bdtanh,location,60,0.27471179070372514,0.37594797564292454,0.6,-0.07169645217633382,10,2
984,us_dxy_broad,bdtanh,location,90,0.05361283563424017,0.1955608230328822,0.6,-0.07602645194521084,10,2
984,us_dxy_broad,bdtanh,location,120,-0.1213608002957305,0.0013998071420373735,0.5,-0.018517627435777905,10,2
984,us_dxy_broad,bdtanh,location,180,-0.04931722350662873,0.10757393266540705,0.5,-0.06502380333190383,10,2
984,us_dxy_broad,bdtanh,location,252,0.006507197451694454,0.25215909840794587,0.5,-0.10491197151628923,10,2
984,us_dxy_broad,bdtanh,location,378,-0.14109193582077678,0.043706545584302495,0.5,-0.005388555401692834,10,2
984,us_dxy_broad,bdtanh,location,504,-0.020831922973856005,0.17634561509566776,0.6,0.04614866304903773,10,2
984,us_dxy_broad,rankc,location,20,0.5436304767148871,0.5382444263266132,0.7,-0.045318791728020016,10,3
984,us_dxy_broad,rankc,location,40,0.4053726333688212,0.412196682560146,0.7,-0.02188902020734034,10,3
984,us_dxy_broad,rankc,location,60,0.2900990400627341,0.3847889358461181,0.6,-0.050451815798784806,10,2
984,us_dxy_broad,rankc,location,90,0.11925978326157305,0.25322316629544966,0.6,-0.06058606529400614,10,2
984,us_dxy_broad,rankc,location,120,-0.0007235215482774336,0.1359618868863024,0.5,-0.029330070540098622,10,2
984,us_dxy_broad,rankc,location,180,-0.01887786789669421,0.15644281368864735,0.5,-0.04575914895329198,10,2
984,us_dxy_broad,rankc,location,252,0.013231317844807954,0.26080649978852444,0.5,-0.08317564392164979,10,2
984,us_dxy_broad,rankc,location,378,-0.0496004331669116,0.16148459679408375,0.5,-0.05841110363936676,10,2
984,us_dxy_broad,rankc,location,504,-0.0092161920694707,0.1563374810707976,0.5,-0.022410704641717263,10,2
984,us_dxy_broad,signth,location,20,0.5004956941982502,0.47802843368055437,0.7,-0.04344600680746474,10,3
984,us_dxy_broad,signth,location,40,0.42200362862636565,0.5332939387397228,0.6,-0.041837152811776385,10,2
984,us_dxy_broad,signth,location,60,0.36581113786499747,0.45679495347623217,0.7,-0.07739052982960606,10,3
984,us_dxy_broad,signth,location,90,0.11935688042805505,0.2773176069603173,0.6,-0.0748078263881398,10,2
984,us_dxy_broad,signth,location,120,-0.21472242486935925,-0.094790950140263,0.6,-0.02326111257538484,10,2
984,us_dxy_broad,signth,location,180,-0.20274811849713514,-0.07505870111119911,0.5,-0.030611377150967206,10,2
984,us_dxy_broad,signth,location,252,0.1442893871619179,0.3584626127174883,0.6,-0.10428184459017488,10,2
984,us_dxy_broad,signth,location,378,0.13361437249797176,0.2497816123802474,0.6,0.006721693734202078,10,2
984,us_dxy_broad,signth,location,504,-0.14750175467778165,0.06067845557914489,0.7,0.0775901295201323,10,3
984,us_dxy_broad,dev,location,20,0.4741971867219799,0.4523176133301684,0.6,-0.025766221426724613,10,2
984,us_dxy_broad,dev,location,40,-0.26426262807643053,-0.2621229989165514,0.4,-0.002113003919195585,10,2
984,us_dxy_broad,dev,location,60,-0.25733237274139203,-0.2866559002868027,0.3,0.03549658015536851,10,2
984,us_dxy_broad,dev,location,90,-0.05969692604789415,-0.13695292484813792,0.3,0.042529762118806616,10,2
984,us_dxy_broad,dev,location,120,-0.12564630238781666,-0.04625584724429318,0.5,-0.027358594839329568,10,2
984,us_dxy_broad,dev,location,180,0.08014693089487879,-0.049385834356574246,0.6,0.0781685745581005,10,2
984,us_dxy_broad,dev,location,252,0.0017290638204048294,0.1886774400925865,0.5,-0.10166776616787578,10,2
984,us_dxy_broad,dev,location,378,-0.020684935705070573,0.12008803427821678,0.5,0.004862588201418628,10,2
984,us_dxy_broad,dev,location,504,0.09638691170197866,0.24964524233242175,0.7,0.08611176559520749,10,3
984,us_dxy_broad,instStdev,swap,20,0.1637357215083509,-0.06666799101070023,0.6,-0.1699160948432325,10,1
984,us_dxy_broad,instStdev,swap,40,0.2889324789357374,0.5825396818951204,0.8,0.1202264023462865,10,3
984,us_dxy_broad,instStdev,swap,60,0.18170303374260083,-0.04853622393991773,0.5,-0.12862002907148226,10,2
984,us_dxy_broad,instStdev,swap,90,0.3619630314038844,0.2977035984389929,0.8,-0.15592571872728694,10,2
984,us_dxy_broad,instStdev,swap,120,-0.16861005292836986,-0.09045327021928051,0.5,0.08241271788255941,10,2
984,us_dxy_broad,instStdev,swap,180,0.1101321355795356,-0.03708460366020442,0.6,-0.0958327934957691,10,2
984,us_dxy_broad,instStdev,swap,252,0.45537249116392303,0.38712164349233746,0.7,-0.15196037324179634,10,2
984,us_dxy_broad,instStdev,swap,378,0.016840234564067975,0.08632575786005747,0.5,-0.0340145192703142,10,2
984,us_dxy_broad,instStdev,swap,504,0.27767386909291153,0.15132336249287698,0.6,0.021153477346292724,10,2
984,us_dxy_broad,instSkew,swap,20,0.2810248276239421,0.1338173514651557,0.5,-0.06754941602479692,10,2
984,us_dxy_broad,instSkew,swap,40,-0.17516830410909626,-0.17941277846481807,0.5,-0.05474506468687473,10,2
984,us_dxy_broad,instSkew,swap,60,0.03296749876486902,-0.06823471346786773,0.5,-0.08589898210738085,10,2
984,us_dxy_broad,instSkew,swap,90,0.1947251210751215,0.17495533078826372,0.6,0.12403236933124161,10,2
984,us_dxy_broad,instSkew,swap,120,0.303631939403611,0.4737368630455734,0.7,0.005665838040163485,10,3
984,us_dxy_broad,instSkew,swap,180,-0.06365054980033279,-0.034465099584509634,0.5,0.23487777199389803,10,1
984,us_dxy_broad,instSkew,swap,252,0.05182794864912035,0.13415496483807368,0.6,0.08915575526961357,10,2
984,us_dxy_broad,instSkew,swap,378,-0.14504224705260224,-0.07110701884543548,0.7,0.2070491680994913,10,2
984,us_dxy_broad,instSkew,swap,504,0.056119851091386244,0.0003412393051168518,0.7,0.0980381575765026,10,3
984,us_dxy_broad,instKurt,swap,20,-0.3299207922872944,-0.21523423482035636,0.4,0.1217127583614338,10,2
984,us_dxy_broad,instKurt,swap,40,-0.13226890495177718,-0.05499098552380655,0.6,-0.04096202922319631,10,2
984,us_dxy_broad,instKurt,swap,60,-0.09866029456500038,-0.10213606634018467,0.5,-0.06964716366008303,10,2
984,us_dxy_broad,instKurt,swap,90,0.31189311835676314,0.5644458864062322,0.8,-0.02729209540641834,10,3
984,us_dxy_broad,instKurt,swap,120,0.22947494240767788,0.375598487836794,0.6,0.021306488531808117,10,2
984,us_dxy_broad,instKurt,swap,180,0.06607455453857841,0.19818666815806146,0.6,-0.10993690912207481,10,2
984,us_dxy_broad,instKurt,swap,252,0.22281911037187976,0.1117982996073982,0.6,0.09737762898927795,10,2
984,us_dxy_broad,instKurt,swap,378,0.45358802763585826,0.5776639751464764,0.7,0.003007216996404617,10,3
984,us_dxy_broad,instKurt,swap,504,-0.014301229187697495,-0.11197161552617045,0.4,0.017057705393516906,10,2
984,us_dxy_broad,minmax,swap,20,0.6572881989840662,0.6828846596909753,0.7,-0.05226086846885149,10,4
984,us_dxy_broad,minmax,swap,40,0.3600209696091453,0.38154326369334657,0.6,-0.03263313618896042,10,2
984,us_dxy_broad,minmax,swap,60,-0.30202263624912784,-0.4407998396005428,0.4,0.07206091299162419,10,2
984,us_dxy_broad,minmax,swap,90,0.022007280251702,0.14759142070873166,0.7,-0.057027503239744634,10,3
984,us_dxy_broad,minmax,swap,120,-0.0736299923467964,0.01363302867280503,0.6,-0.002819131412684315,10,2
984,us_dxy_broad,minmax,swap,180,0.12840344781409957,0.2736603037106642,0.8,-0.040524076406609176,10,3
984,us_dxy_broad,minmax,swap,252,0.21425683693771644,0.5023633813348416,0.8,-0.08599092080701504,10,3
984,us_dxy_broad,minmax,swap,378,0.08148113263316348,0.1920076514397656,0.7,0.07903011702728481,10,3
984,us_dxy_broad,minmax,swap,504,0.0651441137487223,0.21352892773311372,0.6,0.06594068538212626,10,2
984,us_dxy_broad,chg,swap,20,0.23108763042649888,0.1383956617087134,0.6,2.1246103823649764e-05,10,2
984,us_dxy_broad,chg,swap,40,0.11376851187391634,0.12232186309335992,0.7,0.0053302689388526284,10,3
984,us_dxy_broad,chg,swap,60,0.08746215171055757,0.019140482586146788,0.4,0.05168030171122159,10,2
984,us_dxy_broad,chg,swap,90,-0.2774387955611539,-0.08916326461993475,0.5,-0.040351324957584325,10,2
984,us_dxy_broad,chg,swap,120,0.127410318636086,0.06772289177162699,0.6,0.050856597335819126,10,2
984,us_dxy_broad,chg,swap,180,0.11345277590085813,0.32815217664921964,0.7,-0.10954267368138465,10,3
984,us_dxy_broad,chg,swap,252,-0.007436773762654805,0.1847340813637712,0.6,-0.024688716952591276,10,2
984,us_dxy_broad,chg,swap,378,0.26179619583716573,0.4817595725741867,0.7,0.2532456444390744,10,2
984,us_dxy_broad,chg,swap,504,0.31605147811362266,0.37333250648486777,0.7,0.12215156486983474,10,3
984,us_dxy_broad,slope,swap,20,-0.11397264665063346,-0.055685506064279224,0.4,0.0013074445409183492,10,2
984,us_dxy_broad,slope,swap,40,0.15612990526873577,0.20723409549443234,0.3,-0.051128219024674314,10,2
984,us_dxy_broad,slope,swap,60,0.09589461531776322,0.09032116317845056,0.5,0.03952825260275883,10,2
984,us_dxy_broad,slope,swap,90,0.36377819418457163,0.29912168889579294,0.6,0.03580408481086385,10,2
984,us_dxy_broad,slope,swap,120,0.37719601773836275,0.31999070523273915,0.6,0.0054622977932259585,10,2
984,us_dxy_broad,slope,swap,180,0.170626022350702,-0.019792387808105716,0.5,0.1702975919855913,10,1
984,us_dxy_broad,slope,swap,252,-0.059087487658590836,0.21683246190668598,0.5,-0.1910423359509429,10,1
984,us_dxy_broad,slope,swap,378,-0.11314163930960203,0.11588778389090233,0.6,0.12561032182699172,10,2
984,us_dxy_broad,slope,swap,504,0.31125081074600236,0.46312959923888375,0.8,0.2042878396769248,10,2
984,us_dxy_broad,dStdev,swap,20,0.3385923511576168,0.15970579111155542,0.6,-0.16089729979840842,10,1
984,us_dxy_broad,dStdev,swap,40,-0.012214462845612964,-0.23751173789897914,0.5,-0.19064108200326513,10,1
984,us_dxy_broad,dStdev,swap,60,-0.029402374394864893,-0.2580730359495611,0.4,-0.20243141886266414,10,1
984,us_dxy_broad,dStdev,swap,90,0.17480752639203728,0.3722534471568089,0.6,0.17966446499189734,10,1
984,us_dxy_broad,dStdev,swap,120,0.22734119887797294,0.3523468134791239,0.7,0.1458239990093309,10,3
984,us_dxy_broad,dStdev,swap,180,0.19108590252598215,0.27217358005929926,0.6,0.2337447522656899,10,1
984,us_dxy_broad,dStdev,swap,252,-0.17657756868546223,-0.251209068291475,0.3,-0.2981368480367778,10,1
984,us_dxy_broad,dStdev,swap,378,-0.20258983026305566,-0.07319696447805892,0.4,-0.31120353973128634,10,1
984,us_dxy_broad,dStdev,swap,504,-0.16695145114738802,-0.00045482887616579855,0.6,-0.10418662463830025,10,2
984,us_dxy_broad,dSkew,swap,20,0.16234473487937504,0.09283217180868071,0.5,-0.07610081874287894,10,2
984,us_dxy_broad,dSkew,swap,40,0.28402518754600914,0.16211506262858014,0.5,0.03938113855772083,10,2
984,us_dxy_broad,dSkew,swap,60,0.24187160632806987,0.0815856342601552,0.6,-0.014486233796231282,10,2
984,us_dxy_broad,dSkew,swap,90,0.3333895055435024,0.15068450681592635,0.7,-0.3206545284166355,10,2
984,us_dxy_broad,dSkew,swap,120,0.06972153547700848,-0.1646015173030106,0.5,-0.3338614620176828,10,1
984,us_dxy_broad,dSkew,swap,180,0.21137831685274375,-0.11750468316879577,0.4,-0.2923011571775303,10,1
984,us_dxy_broad,dSkew,swap,252,-0.04596407371043639,0.23971734745900852,0.4,0.2864713532739924,10,1
984,us_dxy_broad,dSkew,swap,378,0.4397133821932062,0.3304073810225474,0.8,-0.41741039288473936,10,2
984,us_dxy_broad,dSkew,swap,504,0.20211836909055508,0.2140510578060155,0.8,-0.3098125208860904,10,2
984,us_dxy_broad,ac1,swap,20,-0.5157913753751587,-0.29390324571440346,0.4,-9.430553003659981e-05,10,2
984,us_dxy_broad,ac1,swap,40,0.2868399676725264,0.4589631390176708,0.7,-0.02549296500607009,10,3
984,us_dxy_broad,ac1,swap,60,-0.3396049106803726,-0.24436913052699927,0.5,0.061028422180466474,10,2
984,us_dxy_broad,ac1,swap,90,-0.11937567778495208,-0.05473013316685163,0.3,-0.11366630008200275,10,2
984,us_dxy_broad,ac1,swap,120,-0.23271077682793292,-0.23377504133680516,0.5,-0.030591703563532975,10,2
984,us_dxy_broad,ac1,swap,180,-0.6658240276975682,-0.5707530736462034,0.3,0.04795214263992626,10,2
984,us_dxy_broad,ac1,swap,252,-0.34848750322877486,-0.33665064795816313,0.5,-0.08174371215648678,10,2
984,us_dxy_broad,ac1,swap,378,-0.2706302495035399,-0.10425287396391053,0.5,-0.238822768095064,10,1
984,us_dxy_broad,ac1,swap,504,-0.45264929418528976,-0.24874447072244202,0.4,-0.15977475381836811,10,1
984,us_dxy_broad,pctpos,swap,20,-0.4382691084026132,-0.4163154928977589,0.3,0.08123930802762239,10,2
984,us_dxy_broad,pctpos,swap,40,0.14782000622306107,0.24276750665163385,0.5,-0.04353391196615587,10,2
984,us_dxy_broad,pctpos,swap,60,0.12246666852804809,0.011085656108170406,0.4,0.06006568193139116,10,2
984,us_dxy_broad,pctpos,swap,90,0.04469336639303969,0.21683857007286006,0.5,-0.19712975346893713,10,1
984,us_dxy_broad,pctpos,swap,120,0.13607887066152927,-0.08216369946744838,0.6,0.2027041138034252,10,1
984,us_dxy_broad,pctpos,swap,180,-0.009361105759558938,-0.2116952000432604,0.4,0.2499550745239284,10,1
984,us_dxy_broad,pctpos,swap,252,0.4114573256464446,0.11160160899877127,0.5,0.12508719595058562,10,2
984,us_dxy_broad,pctpos,swap,378,0.2475244176830395,0.41226062044363565,0.8,0.03387074430893974,10,3
984,us_dxy_broad,pctpos,swap,504,0.48935367295784765,0.44928347819166214,0.8,-0.3447014754268656,10,2
984,us_dgs30,selfz,location,20,0.3535036763509265,0.3314515958952446,0.6,-0.041576518931201775,10,2
984,us_dgs30,selfz,location,40,0.1641410086977548,0.2496487583425582,0.7,-0.06706303256666835,10,3
984,us_dgs30,selfz,location,60,0.07838791173505102,0.21664150659107315,0.7,-0.08937614059467795,10,3
984,us_dgs30,selfz,location,90,0.026683466614419515,0.16651457001059075,0.6,-0.07441118290448505,10,2
984,us_dgs30,selfz,location,120,-0.01797217361676495,0.15599652601031877,0.6,-0.02945683119789923,10,2
984,us_dgs30,selfz,location,180,-0.0301698487782088,-0.19083467595759865,0.4,0.0018463596420693787,10,2
984,us_dgs30,selfz,location,252,0.05819116029753799,-0.10170476237735895,0.5,0.012813188742499898,10,2
984,us_dgs30,selfz,location,378,0.08015304164107613,-0.07535879073183908,0.5,0.03547303697541066,10,2
984,us_dgs30,selfz,location,504,0.13805449015730217,-0.09327211872157438,0.5,0.014286050848306557,10,2
984,us_dgs30,robustz,location,20,0.24538286330310333,0.2503046058663379,0.5,-0.03551331664065235,10,2
984,us_dgs30,robustz,location,40,0.19326279918465844,0.26246623761152954,0.7,-0.044222119189399244,10,3
984,us_dgs30,robustz,location,60,0.1953666120225342,0.294676047103383,0.7,-0.0643910433555374,10,3
984,us_dgs30,robustz,location,90,0.06190872141189719,0.1913365087775558,0.7,-0.029886973102929495,10,3
984,us_dgs30,robustz,location,120,0.15828766486223173,-0.042492614205006975,0.5,-0.00498801250512933,10,2
984,us_dgs30,robustz,location,180,0.09774066641183644,-0.06696999547017242,0.6,-0.010309570918528977,10,2
984,us_dgs30,robustz,location,252,0.2792880697000031,0.04057585762360721,0.6,0.047622192636065326,10,2
984,us_dgs30,robustz,location,378,0.12820243940823633,-0.04865998167729057,0.5,0.10257634940269081,10,2
984,us_dgs30,robustz,location,504,-0.0322196167197754,-0.1892765354952252,0.5,0.01837071793622327,10,2
984,us_dgs30,bdtanh,location,20,0.41029964198180646,0.37200777803386126,0.6,-0.04464270351303273,10,2
984,us_dgs30,bdtanh,location,40,0.14779913127787292,0.24926332786742575,0.6,-0.07912960712987628,10,2
984,us_dgs30,bdtanh,location,60,0.04894172949039405,0.20223732542979117,0.5,-0.11242915629151569,10,2
984,us_dgs30,bdtanh,location,90,-0.022963396452737643,0.14263245888184323,0.5,-0.0976465721991873,10,2
984,us_dgs30,bdtanh,location,120,-0.07353409468560135,0.10800749826190059,0.5,-0.03618203914037525,10,2
984,us_dgs30,bdtanh,location,180,0.04914649373091246,-0.11633519982590873,0.4,0.011395384923577894,10,2
984,us_dgs30,bdtanh,location,252,0.1306000249747819,-0.061285910993698,0.3,0.033789381240258695,10,2
984,us_dgs30,bdtanh,location,378,0.17829269637129982,-0.03366305154710682,0.4,0.04455015447664338,10,2
984,us_dgs30,bdtanh,location,504,0.1892669999488084,-0.07589571184035054,0.5,0.020685090011168493,10,2
984,us_dgs30,rankc,location,20,0.35148584876190686,0.33131132688455844,0.6,-0.04926957967922683,10,2
984,us_dgs30,rankc,location,40,0.2133477294391591,0.28655857205802576,0.6,-0.07783152396965773,10,2
984,us_dgs30,rankc,location,60,0.09825784374256298,0.23189316716745817,0.7,-0.10104311740947095,10,3
984,us_dgs30,rankc,location,90,-0.001830812299218355,0.15403266179453778,0.6,-0.09293155985268813,10,2
984,us_dgs30,rankc,location,120,-0.07049701564216572,0.10621137898405943,0.5,-0.056728541627026015,10,2
984,us_dgs30,rankc,location,180,-0.07977960174119797,0.09444415313121715,0.6,-0.031165439488192774,10,2
984,us_dgs30,rankc,location,252,0.04642211023562285,-0.1232916411095396,0.4,0.03234693244070609,10,2
984,us_dgs30,rankc,location,378,0.08692390820678267,-0.09876523159321372,0.3,0.032159121367626206,10,2
984,us_dgs30,rankc,location,504,0.15101827378022423,-0.07696400000437006,0.5,0.029568836404655505,10,2
984,us_dgs30,signth,location,20,0.27716056394752775,0.3015058573766494,0.5,-0.0334193938045269,10,2
984,us_dgs30,signth,location,40,0.10951246247788739,0.18050603495155587,0.4,-0.07939462633211963,10,2
984,us_dgs30,signth,location,60,0.013946912450486586,0.20435901632555337,0.6,-0.10338750451919511,10,2
984,us_dgs30,signth,location,90,-0.11602869052144564,0.08196336050958583,0.4,-0.08452289302225575,10,2
984,us_dgs30,signth,location,120,0.02557298307710466,0.16532793479196417,0.5,-0.027949032642995083,10,2
984,us_dgs30,signth,location,180,0.029577737775214233,0.20080669042748236,0.7,-0.010818294107159392,10,3
984,us_dgs30,signth,location,252,0.06222301091296304,-0.23672842983118186,0.3,0.04604949418196366,10,2
984,us_dgs30,signth,location,378,0.10370452802198221,-0.0543917374654477,0.4444444444444444,0.05009656520899544,9,2
984,us_dgs30,signth,location,504,0.10258419793536215,-0.07375480868873469,0.5555555555555556,0.02516759436948853,9,2
984,us_dgs30,dev,location,20,0.34727799807682624,0.2888954423906168,0.6,-0.037480522844183406,10,2
984,us_dgs30,dev,location,40,0.21892678868094248,0.27201232520347984,0.6,-0.05061963070927719,10,2
984,us_dgs30,dev,location,60,0.03509075812611807,0.1837255173440906,0.7,-0.05597169994617674,10,3
984,us_dgs30,dev,location,90,-0.11352078335840114,0.08504909561051087,0.5,-0.03629636145017889,10,2
984,us_dgs30,dev,location,120,0.06252577567123756,-0.14057319845551883,0.5,-0.005173814939633327,10,2
984,us_dgs30,dev,location,180,0.00496003324948114,-0.17726389819899457,0.5,-0.03900462096610074,10,2
984,us_dgs30,dev,location,252,-0.022392214521539243,-0.1941259061950379,0.4,-0.06665053783566921,10,2
984,us_dgs30,dev,location,378,-0.1502078356400853,-0.32244365434649075,0.4,-0.1455358198121843,10,2
984,us_dgs30,dev,location,504,-0.10336579875376359,-0.2984624218669739,0.4,-0.16965844156093335,10,1
984,us_dgs30,instStdev,swap,20,0.4238586233693946,0.6675038307227967,0.8,0.035316556603639276,10,4
984,us_dgs30,instStdev,swap,40,0.1327389428413016,0.38245540789337257,0.6,0.0944040860317099,10,2
984,us_dgs30,instStdev,swap,60,0.2968639416724539,0.29153590899564247,0.8,0.11368923854887386,10,3
984,us_dgs30,instStdev,swap,90,0.07887798641175149,0.05160082277074474,0.6,0.14758029345765608,10,2
984,us_dgs30,instStdev,swap,120,0.15677223889236905,0.07483817064347247,0.6,0.02366319394965672,10,2
984,us_dgs30,instStdev,swap,180,0.4066976663040496,0.34169861484888586,0.7,-0.05402498673805139,10,3
984,us_dgs30,instStdev,swap,252,0.3533528263812976,0.3018819985686885,0.6,-0.0567901448305635,10,2
984,us_dgs30,instStdev,swap,378,0.20604859513693544,0.30263122148090105,0.8,0.20872389564493277,10,2
984,us_dgs30,instStdev,swap,504,0.02131320775099694,0.07840201200312275,0.5,-0.1905825687071894,10,1
984,us_dgs30,instSkew,swap,20,0.34233686901776583,0.3761754748839885,0.6,-0.047271261684794605,10,2
984,us_dgs30,instSkew,swap,40,0.04946080814813635,0.027341462702935998,0.4,-0.12477182317700501,10,2
984,us_dgs30,instSkew,swap,60,0.5064858875618593,1.0042650309866943,0.7,0.09889259412383047,10,4
984,us_dgs30,instSkew,swap,90,0.19497751206888722,0.10036164515985224,0.4,0.102638448370799,10,2
984,us_dgs30,instSkew,swap,120,-0.2386936657607889,-0.21329262135006746,0.3,0.04629193681464536,10,2
984,us_dgs30,instSkew,swap,180,0.2956287813473418,0.26703582789061264,0.7,-0.12038532735870704,10,3
984,us_dgs30,instSkew,swap,252,-0.007969090199478708,-0.08692774987482742,0.5,-0.18789969556280467,10,1
984,us_dgs30,instSkew,swap,378,0.04266573266560035,0.03752504275096029,0.5,0.014440878191681498,10,2
984,us_dgs30,instSkew,swap,504,0.02039212624297082,0.04562938783320868,0.5,0.19232911198557484,10,1
984,us_dgs30,instKurt,swap,20,0.43442903618240974,0.6089010179894525,0.7,-0.11307196082259034,10,4
984,us_dgs30,instKurt,swap,40,0.3072860940651238,0.2915811644302255,0.7,-0.013338073994432013,10,3
984,us_dgs30,instKurt,swap,60,-0.028017087202897792,0.07583117757448896,0.4,0.02507465758815718,10,2
984,us_dgs30,instKurt,swap,90,0.10120639711857435,0.2797418420595445,0.6,-0.043105303694027666,10,2
984,us_dgs30,instKurt,swap,120,0.4929689961850292,0.44668164624643486,0.8,-0.03525715372093782,10,3
984,us_dgs30,instKurt,swap,180,0.2682410213028585,0.44226911598251134,0.7,-0.00811530969533297,10,3
984,us_dgs30,instKurt,swap,252,0.08849037561955148,-0.15400742625572642,0.3,0.10989644321554237,10,2
984,us_dgs30,instKurt,swap,378,0.01758843895745154,-0.08283353936347342,0.5,-0.04260503434326161,10,2
984,us_dgs30,instKurt,swap,504,0.3240841830067943,0.3912312080840794,0.6,-0.1694912207730914,10,1
984,us_dgs30,minmax,swap,20,0.42391856145307016,0.39264043878852006,0.5,-0.04850170037672238,10,2
984,us_dgs30,minmax,swap,40,0.20575248590408046,0.31068954599343185,0.7,-0.0982943146780275,10,3
984,us_dgs30,minmax,swap,60,-0.013253484889252704,0.16883652077177708,0.6,-0.11712108416170458,10,2
984,us_dgs30,minmax,swap,90,-0.02593018573704497,0.13801910342277643,0.6,-0.07459414983334649,10,2
984,us_dgs30,minmax,swap,120,-0.01986062491113683,0.13648982608775242,0.6,-0.03568644321362901,10,2
984,us_dgs30,minmax,swap,180,0.12462120965307114,0.2342885904218725,0.6,-0.03077760125765481,10,2
984,us_dgs30,minmax,swap,252,-0.06059384847731513,-0.17734559729883512,0.4,0.031236134492509372,10,2
984,us_dgs30,minmax,swap,378,-0.09723208135173396,-0.21517080435806002,0.4,-0.024873648986143224,10,2
984,us_dgs30,minmax,swap,504,-0.033285825249447606,-0.17317489306027228,0.4,0.020925048573750837,10,2
984,us_dgs30,chg,swap,20,0.2412714757641619,0.25384863689490034,0.5,-0.07678815190501126,10,2
984,us_dgs30,chg,swap,40,-0.12188749663913472,0.10299498113003754,0.5,-0.03414410407446499,10,2
984,us_dgs30,chg,swap,60,0.07535500619719347,-0.13735158319241864,0.4,0.06658577014070267,10,2
984,us_dgs30,chg,swap,90,0.241202047360114,0.0054335376359709005,0.6,-0.07028972014376446,10,2
984,us_dgs30,chg,swap,120,-0.05474554630333288,-0.19080616953070748,0.5,-0.10871317179323181,10,2
984,us_dgs30,chg,swap,180,-0.16068825631820055,-0.2533216049771235,0.4,-0.05389002103244908,10,2
984,us_dgs30,chg,swap,252,0.18835101831917048,0.10188379841083875,0.5,-0.09788631384795457,10,2
984,us_dgs30,chg,swap,378,0.13672442596988071,0.29544522507338444,0.6,-0.27322566036914714,10,1
984,us_dgs30,chg,swap,504,0.037449350460745524,0.24046342986171879,0.4,0.12527246694623764,10,2
984,us_dgs30,slope,swap,20,0.5399425767660347,0.49457415819984496,0.5,-0.07434328950388587,10,2
984,us_dgs30,slope,swap,40,-0.07159140794027553,0.09053214211156363,0.7,-0.0514081846651562,10,3
984,us_dgs30,slope,swap,60,0.3408030491694365,0.24597294722276836,0.6,0.06652459764067271,10,2
984,us_dgs30,slope,swap,90,0.4618145106871569,0.2344060276734775,0.6,-0.020401435495568138,10,2
984,us_dgs30,slope,swap,120,0.27560008203815456,0.0832227436969502,0.5,-0.09278399998403825,10,2
984,us_dgs30,slope,swap,180,-0.13454159616840047,-0.16612562993502,0.3,-0.12246253754522159,10,2
984,us_dgs30,slope,swap,252,-0.08416275395904997,-0.0497474888036925,0.4,-0.14654331599594325,10,2
984,us_dgs30,slope,swap,378,0.02270012204906732,0.09071112500557513,0.4,-0.30180985909651126,10,1
984,us_dgs30,slope,swap,504,0.1310925595615598,0.2576623697805275,0.5,-0.3085793318689597,10,1
984,us_dgs30,dStdev,swap,20,-0.2658907505332109,-0.36808014419471624,0.4,0.04716971254275727,10,2
984,us_dgs30,dStdev,swap,40,0.0461458020574494,0.04698768244269325,0.6,0.0012348160444164116,10,2
984,us_dgs30,dStdev,swap,60,0.04757581051337714,0.07427274745742594,0.5,0.030935541069973087,10,2
984,us_dgs30,dStdev,swap,90,0.16681005276264935,0.1722283082301473,0.6,-0.029628571266304995,10,2
984,us_dgs30,dStdev,swap,120,0.04176214105132892,0.07919402813752846,0.6,-0.07665513409979115,10,2
984,us_dgs30,dStdev,swap,180,-0.1005388116956873,0.052662879616309125,0.5,0.02607114977174405,10,2
984,us_dgs30,dStdev,swap,252,0.12217176006164672,0.20029570876486158,0.6,0.22777628498714064,10,1
984,us_dgs30,dStdev,swap,378,-0.05256253408646555,-0.07802721349231695,0.5,0.0366075756164719,10,2
984,us_dgs30,dStdev,swap,504,0.38531275208828303,0.4836814469727616,0.7,-0.045581143172685,10,3
984,us_dgs30,dSkew,swap,20,-0.3435355698565339,-0.23991374485661868,0.4,0.05367478939050272,10,2
984,us_dgs30,dSkew,swap,40,-0.24478972730828413,-0.24281166500045934,0.3,0.00448900009297692,10,2
984,us_dgs30,dSkew,swap,60,-0.0268118230536109,0.06624175983056077,0.5,-0.0017735188634019057,10,2
984,us_dgs30,dSkew,swap,90,0.5519445890779794,0.5434663265581573,0.7,-0.004327860711337757,10,3
984,us_dgs30,dSkew,swap,120,0.48839762301916473,0.4153951750624441,0.6,-0.001037431965540365,10,2
984,us_dgs30,dSkew,swap,180,0.37329457121671444,0.41571021402459457,0.7,-0.004034898779131998,10,3
984,us_dgs30,dSkew,swap,252,0.23522620001561634,0.2781476668258388,0.5,-0.03479141646364102,10,2
984,us_dgs30,dSkew,swap,378,0.20768126479970084,0.15054192646273273,0.6,-0.0554869848286797,10,2
984,us_dgs30,dSkew,swap,504,0.04617067005977315,0.050786742173232174,0.4,-0.19872334064875627,10,1
984,us_dgs30,ac1,swap,20,0.0986449636347248,0.13276294691138316,0.5,-0.08712823370421165,10,2
984,us_dgs30,ac1,swap,40,0.2818562552525596,0.2901864791478,0.7,-0.1177387608779048,10,3
984,us_dgs30,ac1,swap,60,0.14084364762213886,0.027901663045209954,0.6,-0.07437197568774134,10,2
984,us_dgs30,ac1,swap,90,0.3580096278926307,0.4122840723834914,0.6,-0.016515808990309785,10,2
984,us_dgs30,ac1,swap,120,0.28622781370050204,0.35693795658320854,0.7,-0.06638199246772489,10,3
984,us_dgs30,ac1,swap,180,0.27092286955536055,0.21951401508976387,0.7,-0.10523558470613965,10,3
984,us_dgs30,ac1,swap,252,0.21334358438502102,0.47531528629928016,0.7,-0.05572039629288382,10,3
984,us_dgs30,ac1,swap,378,0.37243663345701955,0.5948966293436347,0.8,0.11322757435922405,10,3
984,us_dgs30,ac1,swap,504,0.2342062401230675,0.4124613649445769,0.7,0.1693768153721588,10,2
984,us_dgs30,pctpos,swap,20,0.2580634721350756,0.22009245242612147,0.6,-0.12584255538462277,10,2
984,us_dgs30,pctpos,swap,40,0.0034133602786896255,-0.25001634865822797,0.4,0.05098015073017829,10,2
984,us_dgs30,pctpos,swap,60,0.09157866279890349,-0.12919720861475867,0.5,0.07655646641363341,10,2
984,us_dgs30,pctpos,swap,90,0.25471752782729595,-0.01295132794887811,0.6,0.027960158970312527,10,2
984,us_dgs30,pctpos,swap,120,0.14199613821085139,-0.02084718955558713,0.5,0.009480702175299902,10,2
984,us_dgs30,pctpos,swap,180,-0.09103248903845332,-0.24792483266903062,0.5,0.048374809316006635,10,2
984,us_dgs30,pctpos,swap,252,0.13756990427055116,0.09509428046130834,0.8,0.013460151450285316,10,3
984,us_dgs30,pctpos,swap,378,0.04858560547525588,0.010014921002116118,0.5,-0.1908894443495232,10,1
984,us_dgs30,pctpos,swap,504,-0.032103338411523186,-0.12725273562732184,0.4,-0.07223657292456614,10,2
984,twd_usd,selfz,location,20,-0.20959759406451228,-0.2334626990415346,0.5,0.05413071732110117,10,2
984,twd_usd,selfz,location,40,-0.11640208220669876,-0.14564979995230345,0.4,0.06287745293566432,10,2
984,twd_usd,selfz,location,60,-0.07762387230299823,-0.1377206705055619,0.4,0.05272299487595601,10,2
984,twd_usd,selfz,location,90,0.028536671778420175,0.07850815574701678,0.5,-0.06182696075947703,10,2
984,twd_usd,selfz,location,120,0.03332967514341581,0.034612110666199014,0.4,-0.02613950585292165,10,2
984,twd_usd,selfz,location,180,0.05291818494578702,0.008774623967765,0.4,-0.0268351770779894,10,2
984,twd_usd,selfz,location,252,0.05240979744404706,0.01019346517641308,0.7,-0.07251939804932736,10,3
984,twd_usd,selfz,location,378,0.0732036627003193,0.11874435005302511,0.6,-0.021452403282441572,10,2
984,twd_usd,selfz,location,504,0.19540546782188334,0.3276797437436914,0.7,-0.038742702834973976,10,3
984,twd_usd,robustz,location,20,0.20540569850189333,0.1073789115181737,0.4,-0.031101088397909135,10,2
984,twd_usd,robustz,location,40,-0.039360664964237436,-0.10570493048028912,0.6,0.043481146144994334,10,2
984,twd_usd,robustz,location,60,0.07368224254491522,0.1264819319968506,0.4,-0.06892046572740412,10,2
984,twd_usd,robustz,location,90,-0.0356554805175918,-0.034628799542136726,0.6,0.03724595964697533,10,2
984,twd_usd,robustz,location,120,0.08293872184582371,0.10311096093786581,0.6,-0.006399223225928338,10,2
984,twd_usd,robustz,location,180,-0.04349586240066802,-0.057304926703585946,0.4,0.028250442095299172,10,2
984,twd_usd,robustz,location,252,0.10739146235674125,0.047038538479638216,0.6,0.04425221729186179,10,2
984,twd_usd,robustz,location,378,0.1979434944592391,0.3185050623164573,0.7,-0.042769429347015435,10,3
984,twd_usd,robustz,location,504,0.2266970605545895,0.3217494068334804,0.7,0.04007823809674673,10,3
984,twd_usd,bdtanh,location,20,-0.17572409132583303,-0.17623785220657595,0.5,0.055714429705014765,10,2
984,twd_usd,bdtanh,location,40,-0.06337738026136291,-0.08842705910575953,0.5,0.07117380113212748,10,2
984,twd_usd,bdtanh,location,60,-0.07752074100978784,-0.011575801668053953,0.5,-0.06207497058525372,10,2
984,twd_usd,bdtanh,location,90,0.09452507019640288,0.14111076003281775,0.5,-0.07019131034739884,10,2
984,twd_usd,bdtanh,location,120,0.08977028095917287,0.1050785200126945,0.5,-0.058254637609409514,10,2
984,twd_usd,bdtanh,location,180,0.09992523285183254,0.11572718413445723,0.5,-0.06944103167484406,10,2
984,twd_usd,bdtanh,location,252,0.08578038596622295,0.07865071476173682,0.5,-0.08746615020085022,10,2
984,twd_usd,bdtanh,location,378,0.16799633995764382,0.3256645530633935,0.7,-0.03745707100395921,10,3
984,twd_usd,bdtanh,location,504,0.17505906990656586,0.2999574565726823,0.7,-0.06278923871538254,10,3
984,twd_usd,rankc,location,20,-0.14464667898248965,-0.17586416803840083,0.5,0.05782721451175185,10,2
984,twd_usd,rankc,location,40,-0.15067747848094404,-0.1851570030992301,0.4,0.058847263881074315,10,2
984,twd_usd,rankc,location,60,0.0023858176435988293,0.08247834637826566,0.5,-0.048881044164795176,10,2
984,twd_usd,rankc,location,90,0.06749377141858226,0.13882818978578954,0.5,-0.05594528452898682,10,2
984,twd_usd,rankc,location,120,0.07674072273380637,0.1092030898266398,0.5,-0.026968075030366644,10,2
984,twd_usd,rankc,location,180,0.09522026195137685,0.15069265059390266,0.6,-0.02902762315814048,10,2
984,twd_usd,rankc,location,252,0.07085208369797086,0.14044721560264783,0.6,-0.04615394396252008,10,2
984,twd_usd,rankc,location,378,0.15420447903941936,0.25238549055183734,0.6,-0.009458899052570052,10,2
984,twd_usd,rankc,location,504,0.16357057098990185,0.24604714704177205,0.6,-0.029698856486246854,10,2
984,twd_usd,signth,location,20,-0.08773607142659072,-0.13280802135484726,0.4,0.041455597515158,10,2
984,twd_usd,signth,location,40,-0.05439488857678982,-0.09271504023070679,0.5,0.05008960796589161,10,2
984,twd_usd,signth,location,60,-0.0769804833237521,-0.030168047105034485,0.5,-0.06704502858151364,10,2
984,twd_usd,signth,location,90,0.1551918675427496,0.1965504934291827,0.6,-0.06724135129488677,10,2
984,twd_usd,signth,location,120,-0.0101095695506377,0.0005355451424635733,0.5,-0.08033011754585823,10,2
984,twd_usd,signth,location,180,0.15980498312135366,0.2201679534072676,0.6,-0.06352530531272614,10,2
984,twd_usd,signth,location,252,0.004182454789624747,-0.14301248335648278,0.4,-0.055306513590228173,10,2
984,twd_usd,signth,location,378,0.10853034862592637,0.26818513833503455,0.6666666666666666,-0.022214989639203868,9,3
984,twd_usd,signth,location,504,0.4790532685557255,0.8944090722822793,0.9,-0.01965399816550574,10,4
984,twd_usd,dev,location,20,-0.12098899286014353,-0.11916254779995249,0.6,0.08729656693309369,10,2
984,twd_usd,dev,location,40,-0.06369553857763738,-0.08695917523589058,0.6,0.0917674341808678,10,2
984,twd_usd,dev,location,60,0.004564096774122381,-0.0787644135052694,0.5,0.07991718952301863,10,2
984,twd_usd,dev,location,90,-0.09027594214667113,-0.0019184325797263861,0.4,-0.05454507410303419,10,2
984,twd_usd,dev,location,120,0.04032737979951223,-0.008214125831322618,0.4,0.01637349762398522,10,2
984,twd_usd,dev,location,180,0.0013992126754954163,0.0155429320621908,0.4,-0.035949083346652824,10,2
984,twd_usd,dev,location,252,0.014577369682467554,0.0035565421674535655,0.5,-0.0322752768448964,10,2
984,twd_usd,dev,location,378,0.2656797830288911,0.3397090382424882,0.7,0.08379653151640105,10,3
984,twd_usd,dev,location,504,0.3150854345303028,0.509926798883571,0.7,0.1060629362534974,10,3
984,twd_usd,instStdev,swap,20,0.6022427466078293,0.9950566692100576,0.8,-0.023723843830151373,10,4
984,twd_usd,instStdev,swap,40,0.2534271158730632,0.3320052545569873,0.5,-0.025108562149043858,10,2
984,twd_usd,instStdev,swap,60,0.048019266532315245,0.08164587834040185,0.6,0.015881385158181948,10,2
984,twd_usd,instStdev,swap,90,-0.0033709922218545267,0.00025852773362504443,0.5,0.040040281668250195,10,2
984,twd_usd,instStdev,swap,120,0.09280772159016529,0.11582787307020863,0.5,-0.007074165678812793,10,2
984,twd_usd,instStdev,swap,180,-0.30222667119046104,-0.2120624783131456,0.4,-0.08228784330637454,10,2
984,twd_usd,instStdev,swap,252,-0.023133677958105264,0.037754793991761064,0.5,-0.12197568691524124,10,2
984,twd_usd,instStdev,swap,378,-0.1891066722005761,-0.006869142088330961,0.3,-0.11828523517785591,10,2
984,twd_usd,instStdev,swap,504,0.19501613000746945,0.4372301973133448,0.5,-0.13545615610123096,10,2
984,twd_usd,instSkew,swap,20,0.17647063046828682,0.11470687215727038,0.6,-0.09122756918917183,10,2
984,twd_usd,instSkew,swap,40,-0.0935783051207278,-0.13047359948309095,0.5,0.11123407159880319,10,2
984,twd_usd,instSkew,swap,60,0.17820385181279008,0.2661133881473928,0.5,-0.041287969993806926,10,2
984,twd_usd,instSkew,swap,90,0.050262410431457176,0.03547947080601158,0.5,0.04824867810086864,10,2
984,twd_usd,instSkew,swap,120,0.17930278121924767,0.17342239471441115,0.6,0.044823893836560984,10,2
984,twd_usd,instSkew,swap,180,0.0064503050898524535,-0.07400116407956632,0.5,0.1850594425838593,10,1
984,twd_usd,instSkew,swap,252,-0.06667677874081109,-0.18346780462436746,0.5,0.23538500511904464,10,1
984,twd_usd,instSkew,swap,378,0.29519523863242647,0.26051640677153787,0.7,0.023321817930126637,10,3
984,twd_usd,instSkew,swap,504,-0.21503677777460475,-0.4022173884651509,0.3,-0.10542425966601791,10,2
984,twd_usd,instKurt,swap,20,-0.16562372661299934,-0.26584097554991737,0.4,-0.11438011778692005,10,2
984,twd_usd,instKurt,swap,40,-0.10358995891664995,-0.03059664715274982,0.5,0.18703226629584302,10,1
984,twd_usd,instKurt,swap,60,-0.04321876328428731,0.09836829433693398,0.6,0.12436795957962014,10,2
984,twd_usd,instKurt,swap,90,0.23118903894547274,0.34617319952835546,0.5,0.04899631707089296,10,2
984,twd_usd,instKurt,swap,120,-0.20168206496512325,-0.17048462325284974,0.2,-0.09777948875716001,10,2
984,twd_usd,instKurt,swap,180,0.040400203507820864,0.08181548119244351,0.5,0.0885850484392636,10,2
984,twd_usd,instKurt,swap,252,0.5261231415188838,0.6931215458910304,0.8,0.07850721588851195,10,4
984,twd_usd,instKurt,swap,378,-0.015385155477467534,0.013393510426678131,0.4,0.057026907760448844,10,2
984,twd_usd,instKurt,swap,504,0.20331947820830065,0.20791008509220496,0.6,-0.07284851116873933,10,2
984,twd_usd,minmax,swap,20,-0.1593407320729653,-0.16119456311132777,0.5,0.03608870190213768,10,2
984,twd_usd,minmax,swap,40,-0.10390469789217632,-0.14801721854324643,0.4,0.0379099860712529,10,2
984,twd_usd,minmax,swap,60,-0.021302182775406086,-0.11090593693740129,0.4,0.03014541170313676,10,2
984,twd_usd,minmax,swap,90,-0.04559073338705441,0.06142621500734453,0.4,-0.017551243697033075,10,2
984,twd_usd,minmax,swap,120,0.04579685730468969,0.1274841363178597,0.6,0.019991208216462296,10,2
984,twd_usd,minmax,swap,180,0.01776905911264962,0.147709466272205,0.5,0.00669123502174523,10,2
984,twd_usd,minmax,swap,252,0.025794233463714827,0.16915126455670576,0.6,-0.010246448328043112,10,2
984,twd_usd,minmax,swap,378,0.14061112936439632,0.250454299208144,0.6,-0.006180808930755406,10,2
984,twd_usd,minmax,swap,504,0.1348371404284163,0.21281462551263036,0.5,-0.08434801489935963,10,2
984,twd_usd,chg,swap,20,0.05430272615540288,0.0444969398507131,0.7,0.10265531880610415,10,3
984,twd_usd,chg,swap,40,0.05977469816004759,-0.05990528074309777,0.5,0.07173487406417167,10,2
984,twd_usd,chg,swap,60,0.06998555410029958,-0.032819129135654185,0.4,0.02662074535418168,10,2
984,twd_usd,chg,swap,90,0.14477126962428166,0.060571208764315584,0.3,-0.04285018939165246,10,2
984,twd_usd,chg,swap,120,0.14721461265196734,0.3320079920253104,0.6,0.10359317867174918,10,2
984,twd_usd,chg,swap,180,0.1771989196874355,0.30163045685207257,0.7,0.10202846878637173,10,3
984,twd_usd,chg,swap,252,-0.0012193418424590416,0.03570817964862015,0.6,0.01856779919990771,10,2
984,twd_usd,chg,swap,378,0.3788408219394289,0.4583046637470548,0.7,0.11548387606648439,10,3
984,twd_usd,chg,swap,504,0.41372575114802135,0.4934801313358662,0.8,-0.03193066466356821,10,3
984,twd_usd,slope,swap,20,0.010975466759373267,0.031438865701555234,0.6,0.09070951118526374,10,2
984,twd_usd,slope,swap,40,0.1961593372613998,0.014603543048204961,0.7,0.08051657917769202,10,3
984,twd_usd,slope,swap,60,0.2080224157108123,0.0324505787580845,0.6,0.05218586310669512,10,2
984,twd_usd,slope,swap,90,-0.23273220632865826,-0.2341684171146074,0.6,0.0304235297686508,10,2
984,twd_usd,slope,swap,120,0.06211918849496576,0.02484990923155259,0.4,-0.09250294909571848,10,2
984,twd_usd,slope,swap,180,0.3019298592985572,0.491305605041606,0.8,0.1521272530911416,10,2
984,twd_usd,slope,swap,252,0.2594233553079974,0.36164172281921736,0.6,0.14403815765334124,10,2
984,twd_usd,slope,swap,378,0.5973479454001187,1.1546176450931813,0.9,0.1932702560232506,10,3
984,twd_usd,slope,swap,504,0.3736216876700599,0.6025946576749428,0.8,0.17968080031957845,10,3
984,twd_usd,dStdev,swap,20,0.044631391516723226,-0.09171830611492948,0.4,0.060297691316715245,10,2
984,twd_usd,dStdev,swap,40,0.04595127196159575,-0.10871899518311834,0.6,0.08767875247987694,10,2
984,twd_usd,dStdev,swap,60,0.04470466772897915,-0.03791803175867333,0.5,0.004770574089880048,10,2
984,twd_usd,dStdev,swap,90,0.10630795477979585,0.10436746676468699,0.6,-0.09863700250472889,10,2
984,twd_usd,dStdev,swap,120,-0.09078655137053868,-0.04236127597817162,0.5,-0.1276168300133234,10,2
984,twd_usd,dStdev,swap,180,0.06218391742529077,0.1405806467352902,0.6,-0.0901073229947261,10,2
984,twd_usd,dStdev,swap,252,0.17694449881075774,0.1943248687711515,0.6,0.11838994992290185,10,2
984,twd_usd,dStdev,swap,378,-0.03689487155864235,-0.010925957114785747,0.6,-0.09100313092426268,10,2
984,twd_usd,dStdev,swap,504,-0.05737912660850554,-0.06372475916975343,0.5,-0.07795629417938464,10,2
984,twd_usd,dSkew,swap,20,0.16778859090443374,0.22466740465329438,0.5,0.024783603471959827,10,2
984,twd_usd,dSkew,swap,40,0.21889758547459984,0.1366971705307877,0.6,0.08543068332303937,10,2
984,twd_usd,dSkew,swap,60,0.3428667009752344,0.35774096830438373,0.7,0.09950513909599122,10,3
984,twd_usd,dSkew,swap,90,0.3572649839294123,0.3857576244351437,0.6,0.17300224409879006,10,1
984,twd_usd,dSkew,swap,120,0.22415945120117797,0.15262319028890034,0.8,0.1659960507368889,10,2
984,twd_usd,dSkew,swap,180,0.15029793849275236,0.12861215220695452,0.7,0.10091452708079598,10,3
984,twd_usd,dSkew,swap,252,-0.06169303476980883,0.1049032910659563,0.3,-0.052151098502531655,10,2
984,twd_usd,dSkew,swap,378,-0.07858386836660618,-0.024340251508745612,0.4,0.11926133357893098,10,2
984,twd_usd,dSkew,swap,504,0.007560208033673323,0.07518201422934048,0.6,0.041604996025093474,10,2
984,twd_usd,ac1,swap,20,-0.031152396681698485,0.02887411970608418,0.5,-0.03097520510161168,10,2
984,twd_usd,ac1,swap,40,0.1609542073843359,0.5619165110202361,0.6,-0.04239011965635699,10,2
984,twd_usd,ac1,swap,60,0.24143843730635542,0.5688780903816866,0.7,-0.06964313485483561,10,3
984,twd_usd,ac1,swap,90,-0.049834484724622916,0.024016813108702816,0.5,0.08028387186693078,10,2
984,twd_usd,ac1,swap,120,0.14380824604478873,0.2533268715164602,0.6,0.084647220884023,10,2
984,twd_usd,ac1,swap,180,-0.0014465527855917462,-0.0730982964438311,0.5,0.12046351912088585,10,2
984,twd_usd,ac1,swap,252,0.097611828938331,0.028387099440780824,0.5,0.23893351989802844,10,1
984,twd_usd,ac1,swap,378,0.35638110764298236,0.21138496038464658,0.7,0.30452513922263214,10,2
984,twd_usd,ac1,swap,504,0.04680602832164116,0.026435721231538017,0.5,0.269630891672472,10,1
984,twd_usd,pctpos,swap,20,0.0635243501056843,0.1654531451189774,0.5,-0.05234038238809705,10,2
984,twd_usd,pctpos,swap,40,0.10295860818048777,0.2371887218609467,0.5,0.01440993425841425,10,2
984,twd_usd,pctpos,swap,60,0.1046745595151316,0.23595956865197074,0.8,-0.004241624404330132,10,3
984,twd_usd,pctpos,swap,90,0.02652862580502297,0.17031995105332232,0.6,0.0721262923460003,10,2
984,twd_usd,pctpos,swap,120,0.1302288189290399,0.3033884449798208,0.7,0.04962809842394807,10,3
984,twd_usd,pctpos,swap,180,0.3656232526944686,0.7231562503031705,0.7,0.021957389544590127,10,4
984,twd_usd,pctpos,swap,252,0.33910636382374637,0.4430614388153227,0.7,0.006003320032591625,10,3
984,twd_usd,pctpos,swap,378,0.4260934567908753,0.459768236493814,0.8,0.019558595070269663,10,3
984,twd_usd,pctpos,swap,504,0.516501921977736,0.6098714918953103,0.9,-0.045240999108237194,10,4
984,kr_kospi,selfz,location,20,-0.04814794656534821,-0.17203083545556436,0.7,-0.1894228940026356,10,2
984,kr_kospi,selfz,location,40,-0.02856878862652083,-0.08824399256439064,0.6,-0.27691215185964485,10,1
984,kr_kospi,selfz,location,60,0.12941893781849356,0.021681776342375583,0.6,-0.30618138098999625,10,1
984,kr_kospi,selfz,location,90,0.2314434272740538,0.05007149393570955,0.7,-0.33562909213304687,10,2
984,kr_kospi,selfz,location,120,0.2089419039516439,0.031051999867138805,0.6,-0.3359709113941268,10,1
984,kr_kospi,selfz,location,180,0.26530896122417646,0.09428092153062369,0.6,-0.3164636543710043,10,1
984,kr_kospi,selfz,location,252,0.3141302792571914,0.09939325326089346,0.6,-0.2680750920889219,10,1
984,kr_kospi,selfz,location,378,0.2953886670654854,0.15567062900750722,0.6,-0.3308014332268857,10,1
984,kr_kospi,selfz,location,504,0.15607107609327517,-0.008448057888217448,0.5,-0.42635557826025167,10,1
984,kr_kospi,robustz,location,20,0.03854638377781454,0.05448276465255782,0.3,0.018382540123956355,10,2
984,kr_kospi,robustz,location,40,0.030131942444946734,0.1300318171076199,0.6,-0.20778635662423373,10,1
984,kr_kospi,robustz,location,60,0.07222190917434416,0.04416356348428358,0.6,-0.20113486191377794,10,1
984,kr_kospi,robustz,location,90,0.1729655426980488,0.0028188441732432735,0.6,-0.34482632517755285,10,1
984,kr_kospi,robustz,location,120,0.18963269933087423,0.03807943172710567,0.6,-0.3100966102072033,10,1
984,kr_kospi,robustz,location,180,0.2949210591120681,0.09841097938869278,0.6,-0.25450489388485587,10,1
984,kr_kospi,robustz,location,252,0.2924327239734892,0.13956922954341844,0.6,-0.23882084378890484,10,1
984,kr_kospi,robustz,location,378,0.2796659047151249,0.19983865535026554,0.6,-0.37296451077248377,10,1
984,kr_kospi,robustz,location,504,0.1934107345014347,0.1169682095654261,0.6,-0.4694616604522998,10,1
984,kr_kospi,bdtanh,location,20,-0.06538179907834717,-0.19993314243159052,0.5,-0.2869648834269221,10,1
984,kr_kospi,bdtanh,location,40,-0.06761017980959842,-0.16631948664341856,0.4,-0.31563317092220894,10,1
984,kr_kospi,bdtanh,location,60,0.21039917396090033,0.0994897956385688,0.7,-0.34226090886283633,10,2
984,kr_kospi,bdtanh,location,90,0.3124795760655848,0.13926321245376208,0.7,-0.35494330159506704,10,2
984,kr_kospi,bdtanh,location,120,0.3069131995002176,0.14411708803183987,0.6,-0.34335512245978456,10,1
984,kr_kospi,bdtanh,location,180,0.29488840153050194,0.15955450848469074,0.5,-0.32361100672327836,10,1
984,kr_kospi,bdtanh,location,252,0.32550743066093374,0.16578124624957905,0.6,-0.3150647096741743,10,1
984,kr_kospi,bdtanh,location,378,0.35366229848554986,0.18662505481229122,0.6,-0.34578033416371723,10,1
984,kr_kospi,bdtanh,location,504,0.21685176619335073,0.05024465487913117,0.5,-0.4004776585451784,10,1
984,kr_kospi,rankc,location,20,0.01146528468655899,-0.13942019820987434,0.6,-0.3260363807726805,10,1
984,kr_kospi,rankc,location,40,0.06094247301560327,-0.07253996801275858,0.6,-0.3639854831420177,10,1
984,kr_kospi,rankc,location,60,0.1917512096580819,0.08774492121675534,0.7,-0.36888153036251226,10,2
984,kr_kospi,rankc,location,90,0.2652826600160914,0.13664486185731564,0.7,-0.3674252181897425,10,2
984,kr_kospi,rankc,location,120,0.23057794811654925,0.10386537313015899,0.6,-0.3482597701713066,10,1
984,kr_kospi,rankc,location,180,0.2591900008978395,0.11439239973885251,0.5,-0.35464383601999644,10,1
984,kr_kospi,rankc,location,252,0.2617007672170116,0.10811493928118526,0.6,-0.3518465968816599,10,1
984,kr_kospi,rankc,location,378,0.21899107416442215,0.030261478863391283,0.6,-0.3490401430810536,10,1
984,kr_kospi,rankc,location,504,0.21502846795538694,0.028433434336577183,0.5,-0.4152477596808995,10,1
984,kr_kospi,signth,location,20,-0.2994988586602696,-0.405440415214806,0.4,-0.27981096234511105,10,1
984,kr_kospi,signth,location,40,0.0019000039844269759,-0.16155484922607524,0.5,-0.3302070781481866,10,1
984,kr_kospi,signth,location,60,0.12951067277504236,0.09744236680574818,0.7,-0.31849008889140695,10,2
984,kr_kospi,signth,location,90,0.34663929528544174,0.24562326467723217,0.6,-0.2527717879723615,10,1
984,kr_kospi,signth,location,120,0.40917412785153867,0.27921418576238616,0.6,-0.3192207635623256,10,1
984,kr_kospi,signth,location,180,0.280850645162081,0.19037881456431766,0.6,-0.3143321265741589,10,1
984,kr_kospi,signth,location,252,0.40516378894918614,0.21844139066284748,0.6,-0.34005537277670866,10,1
984,kr_kospi,signth,location,378,0.3251461563849967,0.115706350416576,0.5,-0.3401845048920035,10,1
984,kr_kospi,signth,location,504,0.12087120179705554,-0.001303493063721428,0.5,-0.31163435063315303,10,1
984,kr_kospi,dev,location,20,-0.15476030496717946,-0.1886382144092541,0.6,-0.2683604616682307,10,1
984,kr_kospi,dev,location,40,-0.05811745706632871,-0.0956855173063025,0.7,-0.3652197075108655,10,2
984,kr_kospi,dev,location,60,0.08706333632362856,0.07769259449177227,0.7,-0.35220826941969985,10,2
984,kr_kospi,dev,location,90,0.23254819499000973,0.20275339123404926,0.7,-0.35338649152136775,10,2
984,kr_kospi,dev,location,120,0.2689081382157436,0.21997456153770822,0.7,-0.3331601589830846,10,2
984,kr_kospi,dev,location,180,0.279005139278379,0.2560395373604098,0.6,-0.3197862997400718,10,1
984,kr_kospi,dev,location,252,0.2861676322042027,0.24244612922659645,0.7,-0.3173145947090655,10,2
984,kr_kospi,dev,location,378,0.23321103787460826,0.20514157902625807,0.7,-0.39482001267380284,10,2
984,kr_kospi,dev,location,504,0.15202094972038122,0.08040189301155444,0.6,-0.4461985961801787,10,1
984,kr_kospi,instStdev,swap,20,0.09750680342119548,0.043123798142849175,0.6,-0.05536967620540038,10,2
984,kr_kospi,instStdev,swap,40,-0.15347988027787648,-0.3224964697618573,0.4,-0.060487396261604216,10,2
984,kr_kospi,instStdev,swap,60,-0.03891805860628683,-0.07807187651377566,0.4,-0.04163685503074983,10,2
984,kr_kospi,instStdev,swap,90,-0.25498086280551185,-0.5071676192616517,0.3,-0.013136999052156794,10,2
984,kr_kospi,instStdev,swap,120,0.34251384024581344,0.5546342047264379,0.6,0.04307612455069605,10,2
984,kr_kospi,instStdev,swap,180,0.7252300669938886,0.8507871214673538,0.7,0.051307950843427874,10,4
984,kr_kospi,instStdev,swap,252,0.5272931843519205,0.45698625122102765,0.7,0.056491381850506006,10,3
984,kr_kospi,instStdev,swap,378,0.11612634015301855,-0.13996309491541872,0.4,0.019459488588965058,10,2
984,kr_kospi,instStdev,swap,504,-0.1347828274330399,-0.1329995220319568,0.4,0.046845574280413416,10,2
984,kr_kospi,instSkew,swap,20,-0.22380961861616352,-0.19591038428198337,0.3,0.04696775351371642,10,2
984,kr_kospi,instSkew,swap,40,-0.16429375112130015,-0.08834467470181384,0.3,-0.024642694685043976,10,2
984,kr_kospi,instSkew,swap,60,-0.8307103992998542,-0.756255522077213,0.4,0.03564739848048332,10,2
984,kr_kospi,instSkew,swap,90,0.48961291397510975,0.5015868986306031,0.6,0.04627260202529897,10,2
984,kr_kospi,instSkew,swap,120,0.2681688331298039,0.3375667167611749,0.7,0.058315444375177036,10,3
984,kr_kospi,instSkew,swap,180,-0.0675735215303167,0.01152385358235673,0.5,0.037716463186197674,10,2
984,kr_kospi,instSkew,swap,252,0.3720681270962293,0.23271124150011452,0.7,-0.09997215149209392,10,3
984,kr_kospi,instSkew,swap,378,0.623116234916115,0.918000275034611,0.8,-0.10324467859549273,10,4
984,kr_kospi,instSkew,swap,504,0.24209921619748306,0.11437492323984216,0.4,-0.17682061132765212,10,1
984,kr_kospi,instKurt,swap,20,-0.2533241873756168,-0.45836908640606594,0.3,0.12582656933400033,10,2
984,kr_kospi,instKurt,swap,40,-0.28552197120205886,-0.6394055064920101,0.2,-0.08541402265914833,10,2
984,kr_kospi,instKurt,swap,60,0.08188478795197472,0.11137189327257202,0.6,-0.07897644263715745,10,2
984,kr_kospi,instKurt,swap,90,-0.05089852960135133,-0.24128643342672149,0.5,-0.010122674506942318,10,2
984,kr_kospi,instKurt,swap,120,-0.18213067040104103,-0.15800148246900172,0.5,0.23512954090270421,10,1
984,kr_kospi,instKurt,swap,180,0.25446370515390726,0.36378098129815883,0.8,-0.09263472431603109,10,3
984,kr_kospi,instKurt,swap,252,0.3443299957485717,0.2263665462478354,0.6,-0.2526572321081205,10,1
984,kr_kospi,instKurt,swap,378,-0.20655936713019918,-0.299552664954288,0.4,0.07497382163580656,10,2
984,kr_kospi,instKurt,swap,504,-0.4135235026739383,-0.6909692476323962,0.3,0.003195533390560599,10,2
984,kr_kospi,minmax,swap,20,0.035947886196734696,-0.12604085964234132,0.5,-0.3353056374735532,10,1
984,kr_kospi,minmax,swap,40,0.06260509438006491,0.010284239630771108,0.7,-0.3244604208916664,10,2
984,kr_kospi,minmax,swap,60,0.378327315749491,0.25618843822072224,0.7,-0.3607429728584444,10,2
984,kr_kospi,minmax,swap,90,0.42368218459820156,0.2315891606965921,0.6,-0.39189263375738237,10,1
984,kr_kospi,minmax,swap,120,0.3442943111679901,0.19423602898189016,0.6,-0.3611101165721787,10,1
984,kr_kospi,minmax,swap,180,0.3958527594451574,0.22755306913354556,0.6,-0.35841886060544614,10,1
984,kr_kospi,minmax,swap,252,0.3189577723018811,0.15986705127680012,0.6,-0.3419300194085405,10,1
984,kr_kospi,minmax,swap,378,0.31408552111785515,0.13288848938770878,0.5,-0.378744653178816,10,1
984,kr_kospi,minmax,swap,504,0.07137020814269736,-0.018332289753183413,0.5,-0.4039540019617886,10,1
984,kr_kospi,chg,swap,20,-0.05628912845552497,-0.1534562202222771,0.5,-0.3438507643480743,10,1
984,kr_kospi,chg,swap,40,0.05316102128569184,0.0619956324846542,0.7,-0.3076585431708309,10,2
984,kr_kospi,chg,swap,60,0.31875184044220234,0.37161921352608174,0.7,-0.35283704376713176,10,2
984,kr_kospi,chg,swap,90,0.3759712847509797,0.33079986844554227,0.6,-0.32789337050373873,10,1
984,kr_kospi,chg,swap,120,0.34851401748038274,0.3941852073884077,0.7,-0.24549000082552405,10,2
984,kr_kospi,chg,swap,180,0.233779592521519,0.2291630169758491,0.7,-0.28416827679457796,10,2
984,kr_kospi,chg,swap,252,0.2833980909884921,0.2208229297912068,0.7,-0.30441506880827424,10,2
984,kr_kospi,chg,swap,378,-0.007976072749156049,-0.04873259539018774,0.6,-0.38956828451647135,10,1
984,kr_kospi,chg,swap,504,-0.3358241933314815,-0.29521756544114175,0.4,-0.266097459702762,10,1
984,kr_kospi,slope,swap,20,-0.09361259876622532,-0.23992451611273866,0.4,-0.31161146329456074,10,1
984,kr_kospi,slope,swap,40,-0.154256383031823,-0.22264485075892118,0.6,-0.30277528226604955,10,1
984,kr_kospi,slope,swap,60,0.1048555163730441,0.11991068463093335,0.6,-0.22451546173836232,10,1
984,kr_kospi,slope,swap,90,0.41079231726071885,0.6083305860878749,0.8,-0.22944573485485226,10,3
984,kr_kospi,slope,swap,120,0.44730870022728514,0.4970928050236654,0.7,-0.18771980898816315,10,2
984,kr_kospi,slope,swap,180,0.3721650096501677,0.3348029436215282,0.8,-0.22827281474344444,10,2
984,kr_kospi,slope,swap,252,0.23367125690406546,0.18630328664710655,0.6,-0.30008377117275653,10,1
984,kr_kospi,slope,swap,378,0.037461533327894245,-0.005625723918873128,0.5,-0.4097293449673577,10,1
984,kr_kospi,slope,swap,504,-0.46958957699911763,-0.43933665339198597,0.5,-0.19853285614682328,10,1
984,kr_kospi,dStdev,swap,20,-0.12541437439448766,-0.2373567368838431,0.5,-0.08101455981862013,10,2
984,kr_kospi,dStdev,swap,40,-0.24981474022439626,-0.4921066913995363,0.3,-0.14302839566422706,10,2
984,kr_kospi,dStdev,swap,60,-0.015996282407833576,-0.17609231764376687,0.4,-0.12557909903945438,10,2
984,kr_kospi,dStdev,swap,90,-0.3326596010895796,-0.43791406651657583,0.4,-0.08754002897156574,10,2
984,kr_kospi,dStdev,swap,120,0.1389718400268838,0.3032842207916104,0.6,0.17562069864724936,10,1
984,kr_kospi,dStdev,swap,180,-0.29125911900846635,-0.2236742556469408,0.4,-0.12742692767521285,10,2
984,kr_kospi,dStdev,swap,252,0.4475665418802475,0.220148446382424,0.6,0.009734766327365777,10,2
984,kr_kospi,dStdev,swap,378,0.3107534623672507,0.20894775020959974,0.4,0.1568553191793294,10,1
984,kr_kospi,dStdev,swap,504,0.285811394517183,0.2646591569395335,0.5,0.25821139752327876,10,1
984,kr_kospi,dSkew,swap,20,-0.08980774668905649,-0.2711963460178033,0.5,-0.30577915542221107,10,1
984,kr_kospi,dSkew,swap,40,0.13798643114446427,0.1567497261032104,0.7,-0.24035507829101554,10,2
984,kr_kospi,dSkew,swap,60,0.5333108642201935,0.6141482019211874,0.8,-0.35219842900290027,10,3
984,kr_kospi,dSkew,swap,90,0.4478653650830113,0.6226013358981229,0.8,-0.28071653534514457,10,3
984,kr_kospi,dSkew,swap,120,0.3577836008174072,0.44029098830607993,0.8,-0.21375914303653626,10,2
984,kr_kospi,dSkew,swap,180,0.25020157409239874,0.20262311331945515,0.7,-0.17763759630233952,10,2
984,kr_kospi,dSkew,swap,252,0.2845275221280971,0.17130583595136156,0.6,-0.13796028186733653,10,2
984,kr_kospi,dSkew,swap,378,-0.03626346306242982,-0.08564335846857475,0.6,-0.2675186120136613,10,1
984,kr_kospi,dSkew,swap,504,-0.11720951209430928,-0.029352320850396886,0.5,-0.23898656509746652,10,1
984,kr_kospi,ac1,swap,20,0.6402647637172916,0.46644138801392915,0.7,0.04778051569370695,10,3
984,kr_kospi,ac1,swap,40,0.2323437336778194,0.6277641744907048,0.7,-0.006900934503986236,10,4
984,kr_kospi,ac1,swap,60,0.2640265397363892,0.46103650400654533,0.7,0.0429234035365045,10,3
984,kr_kospi,ac1,swap,90,0.3845529015571554,0.6212355083758594,0.7,-0.15355187836878215,10,3
984,kr_kospi,ac1,swap,120,-0.17358582788101767,-0.29767670465848234,0.5,-0.11625406442360199,10,2
984,kr_kospi,ac1,swap,180,-0.396871690688466,-0.4377811953640817,0.4,0.08459435782748975,10,2
984,kr_kospi,ac1,swap,252,0.07163343322948187,0.1583588383210151,0.6,0.025536369879085273,10,2
984,kr_kospi,ac1,swap,378,0.043924397655875476,0.2699258096065641,0.7,-0.11818740006359839,10,3
984,kr_kospi,ac1,swap,504,0.14824877624407662,0.002340754799077828,0.4,-0.027404303002303333,10,2
984,kr_kospi,pctpos,swap,20,-0.09220214878356991,-0.2446259732269516,0.5,-0.29446638312377815,10,1
984,kr_kospi,pctpos,swap,40,-0.1475715535263444,-0.21066167450183826,0.6,-0.3304421813263437,10,1
984,kr_kospi,pctpos,swap,60,-0.14390934525449534,0.006267422960170227,0.3,0.3264894387413671,10,1
984,kr_kospi,pctpos,swap,90,0.05046334667594471,-0.0035020476770599466,0.5,-0.23344422608683882,10,1
984,kr_kospi,pctpos,swap,120,0.2607994576163,0.2212296962114427,0.6,-0.13135959299409092,10,2
984,kr_kospi,pctpos,swap,180,0.12464906538216985,0.05330901964329143,0.6,-0.17217469350914305,10,1
984,kr_kospi,pctpos,swap,252,0.18295086549970838,0.17441342164820053,0.6,-0.20182594443979313,10,1
984,kr_kospi,pctpos,swap,378,-0.07589607602507052,-0.10620333763792685,0.5,-0.35109818176255925,10,1
984,kr_kospi,pctpos,swap,504,0.6167318906215343,0.6435404372585107,0.8,0.10208818386126371,10,4
984,us_semi_ip,selfz,location,20,0.586208893476326,0.7111211724020016,0.8,-0.1094586409376813,10,4
984,us_semi_ip,selfz,location,40,0.439662177237379,0.600108114900659,0.8,-0.1174555770089331,10,4
984,us_semi_ip,selfz,location,60,0.36639782375341345,0.5973693914363758,0.8,-0.11808896886245739,10,3
984,us_semi_ip,selfz,location,90,0.4371210530493355,0.8028197189005761,0.8,-0.16642702982185817,10,3
984,us_semi_ip,selfz,location,120,0.42187462167128426,0.6363108790108432,0.8,-0.24701836588002687,10,3
984,us_semi_ip,selfz,location,180,0.34452772669788945,0.3512368894086222,0.7,-0.31753177881249506,10,2
984,us_semi_ip,selfz,location,252,0.23542652029204603,0.20989239086706055,0.7,-0.3139877134815434,10,2
984,us_semi_ip,selfz,location,378,0.08968184605627484,0.046674936952736924,0.6,-0.35781260019168054,10,1
984,us_semi_ip,selfz,location,504,0.0877422969596323,0.09616382844584491,0.6,-0.35972114907868313,10,1
984,us_semi_ip,robustz,location,20,0.31788839982150796,0.3923383603738431,0.6,0.06838280415628384,10,2
984,us_semi_ip,robustz,location,40,0.5605364843676643,0.6545235582243911,0.8,-0.05951227357561896,10,4
984,us_semi_ip,robustz,location,60,0.6256744130542566,0.8077023284522383,0.9,-0.12321995926658108,10,4
984,us_semi_ip,robustz,location,90,0.5717346466454892,0.7823870447762327,0.8,-0.06412910122339856,10,4
984,us_semi_ip,robustz,location,120,0.6526984763135738,1.236236877124367,0.9,-0.09054728822812133,10,4
984,us_semi_ip,robustz,location,180,0.47350266807290325,0.8364725416057166,0.9,-0.26294098607896504,10,3
984,us_semi_ip,robustz,location,252,0.10753839677673392,0.07535924415767864,0.7,-0.3602753227740763,10,2
984,us_semi_ip,robustz,location,378,0.14959126528209685,0.21603226570377582,0.6,-0.3971551266698072,10,1
984,us_semi_ip,robustz,location,504,0.02795509689782593,0.08349944362204083,0.5,-0.3406348865198114,10,1
984,us_semi_ip,bdtanh,location,20,0.5003526010509526,0.6541767839049425,0.8,-0.09476378301766623,10,4
984,us_semi_ip,bdtanh,location,40,0.3417553529431639,0.4898028513550752,0.8,-0.10649622051877163,10,3
984,us_semi_ip,bdtanh,location,60,0.20438471466742325,0.36292148016113246,0.6,-0.10012597974867972,10,2
984,us_semi_ip,bdtanh,location,90,0.27753824938005145,0.4712963584218489,0.7,-0.14643942777091076,10,3
984,us_semi_ip,bdtanh,location,120,0.2515228725158162,0.27503944032671906,0.7,-0.2621188233912725,10,2
984,us_semi_ip,bdtanh,location,180,0.2377981841961378,0.24585516342770286,0.7,-0.33413430657287985,10,2
984,us_semi_ip,bdtanh,location,252,0.15804791447809202,0.14017791807582022,0.7,-0.33564362860135594,10,2
984,us_semi_ip,bdtanh,location,378,0.03754280512504491,0.04178004976346339,0.6,-0.35320536694218524,10,1
984,us_semi_ip,bdtanh,location,504,0.059556277992466176,0.1099185543759828,0.6,-0.34154792354999863,10,1
984,us_semi_ip,rankc,location,20,0.2794460601734077,0.39502261614205125,0.7,-0.09836757008743052,10,3
984,us_semi_ip,rankc,location,40,0.4056518075453705,0.6390638750405554,0.9,-0.07120547814373807,10,4
984,us_semi_ip,rankc,location,60,0.4291352450203916,0.7044549382131888,0.9,-0.10014098204961651,10,4
984,us_semi_ip,rankc,location,90,0.4328491658305693,0.7763334421789289,0.9,-0.18839608324030055,10,3
984,us_semi_ip,rankc,location,120,0.432592501352483,0.6572791629924627,0.8,-0.26466688591836274,10,3
984,us_semi_ip,rankc,location,180,0.3010429210507512,0.3461426645538048,0.8,-0.31886020554897254,10,2
984,us_semi_ip,rankc,location,252,0.22045798772834563,0.251912496008587,0.7,-0.3451173269457142,10,2
984,us_semi_ip,rankc,location,378,0.09545484241970023,0.0860465577645006,0.6,-0.4088827583606872,10,1
984,us_semi_ip,rankc,location,504,0.055842402855815085,0.07142211609329475,0.6,-0.4079770024006786,10,1
984,us_semi_ip,signth,location,20,0.4198134737917838,0.585470229214064,0.8,-0.07246389686179179,10,3
984,us_semi_ip,signth,location,40,0.37157510380427,0.5109421373051324,0.8,-0.07326809927606251,10,3
984,us_semi_ip,signth,location,60,0.1718981932400984,0.33094378255525964,0.6,-0.10090692273023953,10,2
984,us_semi_ip,signth,location,90,0.24180309081070692,0.35481273997800145,0.6,-0.1395735884920111,10,2
984,us_semi_ip,signth,location,120,0.2704930654178958,0.42768479473183035,0.8,-0.26057803783652816,10,2
984,us_semi_ip,signth,location,180,0.2001144727019832,0.25589008684499875,0.7,-0.33726897409667456,10,2
984,us_semi_ip,signth,location,252,0.1567871042297852,0.25047025397942496,0.6,-0.36752632906134153,10,1
984,us_semi_ip,signth,location,378,0.050999671059121565,0.09990893260453369,0.6,-0.3331220681462153,10,1
984,us_semi_ip,signth,location,504,-0.07509411913490222,0.06757497211143648,0.6,-0.32865415046451196,10,1
984,us_semi_ip,dev,location,20,0.39032212817250783,0.6491991881637608,0.8,-0.1009588659274138,10,4
984,us_semi_ip,dev,location,40,0.3586740935172329,0.6411542869595694,0.9,-0.10891773890078543,10,4
984,us_semi_ip,dev,location,60,0.3036992179144627,0.583527992198784,0.8,-0.13491953291057318,10,3
984,us_semi_ip,dev,location,90,0.36046029494265064,0.6587656638299769,0.8,-0.20690006029995792,10,3
984,us_semi_ip,dev,location,120,0.3451317996547646,0.39506108615177415,0.7,-0.2876474008444004,10,2
984,us_semi_ip,dev,location,180,0.2228726589594237,0.132811310644801,0.6,-0.3458088989593158,10,1
984,us_semi_ip,dev,location,252,0.21008752745526207,0.15618461542662,0.6,-0.38150181942235206,10,1
984,us_semi_ip,dev,location,378,0.13048261595537058,0.11191552031882285,0.6,-0.39309219578583576,10,1
984,us_semi_ip,dev,location,504,0.06980283516388498,0.09228570393732077,0.6,-0.37865294132805005,10,1
984,us_semi_ip,instStdev,swap,20,-0.5837780775384434,-0.5292960631703147,0.2,0.15457748039880095,10,1
984,us_semi_ip,instStdev,swap,40,-0.396127788178479,-0.3777797968141604,0.3,0.15370775209402127,10,1
984,us_semi_ip,instStdev,swap,60,-0.26314161528024405,-0.34865414174548753,0.6,0.09450821589475049,10,2
984,us_semi_ip,instStdev,swap,90,-0.23336066382771942,-0.4402803798112369,0.3,0.09474415058846171,10,2
984,us_semi_ip,instStdev,swap,120,-0.05710106081341008,0.10159550375504857,0.4,-0.09240485832019701,10,2
984,us_semi_ip,instStdev,swap,180,-0.3800387450780648,-0.20438808381425064,0.3,0.1456602810797727,10,2
984,us_semi_ip,instStdev,swap,252,-0.3282188385248954,-0.21241118957834346,0.5,0.2827314728584428,10,1
984,us_semi_ip,instStdev,swap,378,0.4163130376643594,0.4842543473627205,0.6,0.2252067655127961,10,1
984,us_semi_ip,instStdev,swap,504,0.22898924340926224,0.09864981046562468,0.5,0.28868182414489674,10,1
984,us_semi_ip,instSkew,swap,20,0.5906582057719788,0.5474293329747503,0.7,-0.15206785504695872,10,2
984,us_semi_ip,instSkew,swap,40,0.45187723551712744,0.6888902343333052,0.8,-0.07049059616877143,10,4
984,us_semi_ip,instSkew,swap,60,0.4931047095875333,0.5283646189446746,0.6,-0.07273040000134373,10,2
984,us_semi_ip,instSkew,swap,90,0.3993228619036504,0.3638430877910626,0.6,-0.14195158496269308,10,2
984,us_semi_ip,instSkew,swap,120,0.42074636177455066,0.29927498473642,0.5,-0.15352202040550902,10,1
984,us_semi_ip,instSkew,swap,180,-0.08725417743915939,0.155880112390232,0.6,0.1542521212400584,10,1
984,us_semi_ip,instSkew,swap,252,-0.3459474550916822,-0.05028852172805961,0.5,0.014613882343821017,10,2
984,us_semi_ip,instSkew,swap,378,-0.3696304050037391,-0.13937466710813481,0.4,0.19618492668112142,10,1
984,us_semi_ip,instSkew,swap,504,0.4050761116467262,0.6172085786504179,0.7,0.25681899544633763,10,3
984,us_semi_ip,instKurt,swap,20,-0.5165570308667896,-0.8828776246675101,0.2,0.16666980782463003,10,1
984,us_semi_ip,instKurt,swap,40,0.24772734638291807,-0.04697818631859899,0.5,0.06679462308895448,10,2
984,us_semi_ip,instKurt,swap,60,0.33206688869277834,0.2787555372482377,0.8,0.02313726441302375,10,3
984,us_semi_ip,instKurt,swap,90,0.6594948343184414,0.274271332455779,0.7,-0.095671370864353,10,3
984,us_semi_ip,instKurt,swap,120,0.36374737463659323,0.19837189533728897,0.6,-0.07657036735662642,10,2
984,us_semi_ip,instKurt,swap,180,0.1837434074928547,0.023670526353072655,0.5,-0.07921121825817296,10,2
984,us_semi_ip,instKurt,swap,252,-0.24668564518352878,-0.12657207040745164,0.5,0.059948624372822355,10,2
984,us_semi_ip,instKurt,swap,378,0.3929731927735346,0.4034974750200228,0.7,-0.06070456243750635,10,3
984,us_semi_ip,instKurt,swap,504,0.6238956519428772,0.5515214163939098,0.8,-0.03309961164486542,10,3
984,us_semi_ip,minmax,swap,20,0.41799224334877694,0.5775297023131699,0.8,-0.06939297116724784,10,3
984,us_semi_ip,minmax,swap,40,0.26664685656008585,0.3750970757166351,0.8,-0.09578836561366598,10,3
984,us_semi_ip,minmax,swap,60,0.12168621626952332,0.2665669847084182,0.6,-0.10305870355534891,10,2
984,us_semi_ip,minmax,swap,90,0.24470051796904657,0.3649133693249856,0.7,-0.16902134023468246,10,2
984,us_semi_ip,minmax,swap,120,0.22081424317148862,0.2311384220105664,0.7,-0.2839388243225914,10,2
984,us_semi_ip,minmax,swap,180,0.2140903866600634,0.20657014200229754,0.7,-0.333024554542199,10,2
984,us_semi_ip,minmax,swap,252,0.12136893818757995,0.0937704424897638,0.7,-0.36903323016887035,10,2
984,us_semi_ip,minmax,swap,378,0.11801872085912272,0.09638337815505105,0.6,-0.37280161815418345,10,1
984,us_semi_ip,minmax,swap,504,0.09099223768410898,0.12208517119247117,0.6,-0.37574653909449507,10,1
984,us_semi_ip,chg,swap,20,0.34588290989196113,0.5598843333621457,0.9,-0.09586535877109414,10,3
984,us_semi_ip,chg,swap,40,0.2615307064237821,0.44468467664447836,0.7,-0.1297127518075009,10,3
984,us_semi_ip,chg,swap,60,0.29804870072343614,0.4738140091880986,0.9,-0.2433411057983783,10,2
984,us_semi_ip,chg,swap,90,0.40427736720934165,0.6050169366919206,0.8,-0.38216031025094277,10,3
984,us_semi_ip,chg,swap,120,-0.1528418805931849,0.049558732177866084,0.4,0.3587164207498012,10,1
984,us_semi_ip,chg,swap,180,0.1107493983495304,0.13255297723877468,0.7,-0.3694333395793992,10,2
984,us_semi_ip,chg,swap,252,0.2356076306315738,0.23438475660818908,0.5,-0.36370082541913207,10,1
984,us_semi_ip,chg,swap,378,-0.010357321745418523,0.08051888875899792,0.5,-0.2976086906942982,10,1
984,us_semi_ip,chg,swap,504,0.09230336826583403,0.13355066148955871,0.6,-0.47459773772653696,10,1
984,us_semi_ip,slope,swap,20,0.2791504154646174,0.5342906324044958,0.7,-0.09162514495435643,10,3
984,us_semi_ip,slope,swap,40,0.324451932556082,0.5464773494722605,0.7,-0.13227740584789105,10,3
984,us_semi_ip,slope,swap,60,0.3654553832970984,0.500563608325921,0.6,-0.24107270355962604,10,1
984,us_semi_ip,slope,swap,90,0.42844557078967,0.6283593018454021,0.7,-0.3626958528862351,10,3
984,us_semi_ip,slope,swap,120,-0.29308215071363924,-0.2008179521034282,0.3,0.36935784966485175,10,1
984,us_semi_ip,slope,swap,180,-0.005647398580234865,0.1625900772304299,0.5,0.3713387638600962,10,1
984,us_semi_ip,slope,swap,252,0.17821089323447278,0.19392562818448308,0.5,-0.3490671170168335,10,1
984,us_semi_ip,slope,swap,378,-0.09470926507643157,0.012196710469650445,0.5,-0.21488060951094295,10,1
984,us_semi_ip,slope,swap,504,-0.39777821784444095,-0.42763414488947254,0.3,-0.23730955066247242,10,1
984,us_semi_ip,dStdev,swap,20,-0.4189854794886504,-0.37705508272635957,0.3,0.1728421399899474,10,1
984,us_semi_ip,dStdev,swap,40,0.4857155855567951,0.3905447474284774,0.7,-0.1684534611821933,10,2
984,us_semi_ip,dStdev,swap,60,-0.2059485768342873,-0.2750888549420279,0.4,0.18158238425945658,10,1
984,us_semi_ip,dStdev,swap,90,0.31820162217334363,0.5594198580915808,0.7,-0.2857243610180408,10,2
984,us_semi_ip,dStdev,swap,120,0.07811954329405699,-0.012695015035265714,0.6,0.25100061361677317,10,1
984,us_semi_ip,dStdev,swap,180,0.1341776430409534,0.08985633990752805,0.7,0.012230560343002343,10,3
984,us_semi_ip,dStdev,swap,252,-0.285587015374779,-0.17479654460860147,0.4,-0.10940479301365234,10,2
984,us_semi_ip,dStdev,swap,378,0.34432595619537887,0.43174029049240303,0.7,0.11954342556217747,10,3
984,us_semi_ip,dStdev,swap,504,-0.29931874213606746,-0.3191231394211341,0.4,0.014947572035589718,10,2
984,us_semi_ip,dSkew,swap,20,0.49586364276708594,0.6809511681074468,0.9,-0.060733161610332966,10,4
984,us_semi_ip,dSkew,swap,40,0.22632114545381687,0.33564147047149057,0.8,-0.09755286957958295,10,3
984,us_semi_ip,dSkew,swap,60,0.25822276993432125,0.46145637081963914,0.8,-0.13903875059322263,10,3
984,us_semi_ip,dSkew,swap,90,0.30969999088247585,0.40097043593811965,0.6,-0.1917603370706669,10,1
984,us_semi_ip,dSkew,swap,120,0.28500827728509376,0.2637898268042235,0.7,-0.24161244328116252,10,2
984,us_semi_ip,dSkew,swap,180,0.10855926371202897,0.15355004971673594,0.6,-0.25222851845961214,10,1
984,us_semi_ip,dSkew,swap,252,0.08489030311539196,0.10202410691574562,0.5,-0.21285672801576824,10,1
984,us_semi_ip,dSkew,swap,378,-0.19152523886273723,-0.094570676807985,0.4,-0.15608698272966554,10,1
984,us_semi_ip,dSkew,swap,504,-0.037428018846993164,0.062227557903118166,0.6,-0.408385533504983,10,1
984,us_semi_ip,ac1,swap,20,0.004864846075710742,-0.20328976379474364,0.4,0.044683508386464316,10,2
984,us_semi_ip,ac1,swap,40,-0.5475055343229102,-0.5798191027528469,0.3,0.13896427322490537,10,2
984,us_semi_ip,ac1,swap,60,-0.3882407166533616,-0.55032930307338,0.2,-0.07093880301362027,10,2
984,us_semi_ip,ac1,swap,90,0.3704221749605588,0.3835353304006474,0.6,-0.077926461453037,10,2
984,us_semi_ip,ac1,swap,120,0.15362538384081867,0.16080849926303126,0.5,-0.04418725455202677,10,2
984,us_semi_ip,ac1,swap,180,-0.15871208429854453,-0.041316740327182015,0.6,0.09360671831277148,10,2
984,us_semi_ip,ac1,swap,252,-0.04653184808370218,0.027863287282617225,0.5,0.30811568281097207,10,1
984,us_semi_ip,ac1,swap,378,-0.30210482381467646,-0.2737588506846185,0.4,-0.0009873010341798982,10,2
984,us_semi_ip,ac1,swap,504,-0.1890053252045816,0.047066821733613914,0.4,0.14814953711983564,10,2
984,us_semi_ip,pctpos,swap,20,0.36082799499735607,0.609193151413033,0.8,-0.07278615755258493,10,4
984,us_semi_ip,pctpos,swap,40,0.4908389871162649,0.9179479679588999,0.9,-0.16323715558737403,10,3
984,us_semi_ip,pctpos,swap,60,-0.507036896963909,-0.6139513849586377,0.2,0.22600025307239205,10,1
984,us_semi_ip,pctpos,swap,90,-0.7316123235057241,-0.6725393158877716,0.1,0.330262537782546,10,1
984,us_semi_ip,pctpos,swap,120,-0.4231251313518007,-0.3305269053093818,0.3,0.20678518333627358,10,1
984,us_semi_ip,pctpos,swap,180,-0.5609255510251764,-0.7656308665579755,0.1,0.18585681440006876,10,1
984,us_semi_ip,pctpos,swap,252,0.40252240621019836,0.4386390486702464,0.6,-0.1264101454362488,10,2
984,us_semi_ip,pctpos,swap,378,0.08023909793807872,0.03440199616928051,0.5,-0.31136924036138647,10,1
984,us_semi_ip,pctpos,swap,504,0.3015701193680622,0.24457903199972691,0.6,-0.3898175090851923,10,1
984,us_semi_ip_nsa,selfz,location,20,0.5179753408324064,0.5482142473328646,0.7,-0.1608036128611024,10,2
984,us_semi_ip_nsa,selfz,location,40,0.5022792412372012,0.6649438164157359,0.8,-0.11897191596728364,10,4
984,us_semi_ip_nsa,selfz,location,60,0.3782442143711151,0.5342563835779605,0.7,-0.13354829562464846,10,3
984,us_semi_ip_nsa,selfz,location,90,0.3207319086354162,0.5899091145213751,0.8,-0.14660626360982876,10,3
984,us_semi_ip_nsa,selfz,location,120,0.3714500121320708,0.5763950778897668,0.7,-0.1660250753437997,10,2
984,us_semi_ip_nsa,selfz,location,180,0.2591730197077867,0.28425349245722353,0.7,-0.21214906219682528,10,2
984,us_semi_ip_nsa,selfz,location,252,0.2016762358178862,0.2081114975345945,0.7,-0.20540049785541012,10,2
984,us_semi_ip_nsa,selfz,location,378,0.06140201754368088,0.10395849996104185,0.6,-0.2665025842636714,10,1
984,us_semi_ip_nsa,selfz,location,504,0.06700424834680412,0.14926018193976887,0.6,-0.28903996631626344,10,1
984,us_semi_ip_nsa,robustz,location,20,0.5862076620355835,0.8137204063739378,0.8,0.0686302519729238,10,4
984,us_semi_ip_nsa,robustz,location,40,0.02416469410426103,0.12379409594398366,0.6,0.10493809182797005,10,2
984,us_semi_ip_nsa,robustz,location,60,0.25061072724090944,0.210095077133408,0.8,-0.1685567233848713,10,2
984,us_semi_ip_nsa,robustz,location,90,0.304608917147731,0.2703525433698955,0.6,-0.10646679211328153,10,2
984,us_semi_ip_nsa,robustz,location,120,0.5263138808575282,0.9769164282616818,0.9,-0.13274453955192567,10,4
984,us_semi_ip_nsa,robustz,location,180,0.25474653953907783,0.3056599918870272,0.6,-0.16353196740116915,10,1
984,us_semi_ip_nsa,robustz,location,252,0.11668228275683197,0.11950386447879399,0.7,-0.21765330561324805,10,2
984,us_semi_ip_nsa,robustz,location,378,0.05468278005173676,0.11653609633757847,0.6,-0.3052153028730983,10,1
984,us_semi_ip_nsa,robustz,location,504,0.028926568296222102,0.1269048006809232,0.5,-0.28249535815627275,10,1
984,us_semi_ip_nsa,bdtanh,location,20,0.5077692393526447,0.6106758969307058,0.8,-0.15900703517876802,10,3
984,us_semi_ip_nsa,bdtanh,location,40,0.42868732291135886,0.5244064651571424,0.8,-0.12102551878597696,10,3
984,us_semi_ip_nsa,bdtanh,location,60,0.2705043979403256,0.3865797264906294,0.5,-0.1337497717251132,10,2
984,us_semi_ip_nsa,bdtanh,location,90,0.21369507762883444,0.39874808827304575,0.7,-0.14959211434734698,10,3
984,us_semi_ip_nsa,bdtanh,location,120,0.20662717530626445,0.3104184209819594,0.7,-0.1730798528537406,10,2
984,us_semi_ip_nsa,bdtanh,location,180,0.16374109458581804,0.21208735308141202,0.7,-0.21181572728397324,10,2
984,us_semi_ip_nsa,bdtanh,location,252,0.1181977169502578,0.15905951363322265,0.7,-0.2254775801238952,10,2
984,us_semi_ip_nsa,bdtanh,location,378,0.042301393573327004,0.12680252924220617,0.6,-0.2751583972540647,10,1
984,us_semi_ip_nsa,bdtanh,location,504,0.06500574427927817,0.16184023834887148,0.6,-0.2876050053562812,10,1
984,us_semi_ip_nsa,rankc,location,20,0.27689396763010893,0.34598690888346334,0.7,-0.14414748692939716,10,3
984,us_semi_ip_nsa,rankc,location,40,0.5794567132344447,0.8926807326205225,0.9,-0.09845483607682799,10,4
984,us_semi_ip_nsa,rankc,location,60,0.48594614299295524,0.7530753320340777,0.9,-0.11866578807489399,10,4
984,us_semi_ip_nsa,rankc,location,90,0.34399915104548107,0.5551009469672958,0.7,-0.15424525490884214,10,2
984,us_semi_ip_nsa,rankc,location,120,0.28708222748235585,0.3803033004060804,0.7,-0.18729926052786186,10,2
984,us_semi_ip_nsa,rankc,location,180,0.18925164382702178,0.188009132755913,0.7,-0.2119353379067243,10,2
984,us_semi_ip_nsa,rankc,location,252,0.18172705086166718,0.2086942294030165,0.7,-0.22932043565166094,10,2
984,us_semi_ip_nsa,rankc,location,378,0.05992269402127658,0.15472758225588368,0.5,-0.29452108469210647,10,1
984,us_semi_ip_nsa,rankc,location,504,0.0245050241296127,0.11989788175986531,0.5,-0.3176063842846108,10,1
984,us_semi_ip_nsa,signth,location,20,0.40734671971490904,0.5476135115635495,0.7,-0.13962140825573463,10,3
984,us_semi_ip_nsa,signth,location,40,0.4605881304978213,0.5417757946035602,0.8,-0.11024041895096122,10,3
984,us_semi_ip_nsa,signth,location,60,0.27072550063075695,0.38334753770380686,0.7,-0.1115999330617693,10,3
984,us_semi_ip_nsa,signth,location,90,0.1874810263700735,0.36700575225726795,0.7,-0.1386100529135696,10,3
984,us_semi_ip_nsa,signth,location,120,0.2572681247241497,0.35060683166154094,0.7,-0.17450334887514835,10,2
984,us_semi_ip_nsa,signth,location,180,0.1349094101764271,0.2158878948726042,0.7,-0.2485281424103667,10,2
984,us_semi_ip_nsa,signth,location,252,0.15085276253793392,0.2523889590424277,0.7,-0.24118027255909766,10,2
984,us_semi_ip_nsa,signth,location,378,0.042882526159575274,0.021831003966428064,0.5,-0.2838182944575713,10,1
984,us_semi_ip_nsa,signth,location,504,0.0020056947455451397,0.11933761217580373,0.5,-0.3390314450009452,10,1
984,us_semi_ip_nsa,dev,location,20,0.3020348746129111,0.5069570948209469,0.7,-0.13338480446613096,10,3
984,us_semi_ip_nsa,dev,location,40,0.3361132223214044,0.600976387628016,0.8,-0.1200768958172238,10,4
984,us_semi_ip_nsa,dev,location,60,0.29252400597882894,0.5474766606499829,0.8,-0.12590685139886773,10,3
984,us_semi_ip_nsa,dev,location,90,0.3096559769104787,0.5531134813673817,0.7,-0.15400962829602177,10,2
984,us_semi_ip_nsa,dev,location,120,0.2993589977771485,0.38574061124757725,0.7,-0.18741919089636694,10,2
984,us_semi_ip_nsa,dev,location,180,0.17165582728440673,0.11020517246224931,0.6,-0.22386730223533102,10,1
984,us_semi_ip_nsa,dev,location,252,0.1688895777564532,0.11906659771262175,0.7,-0.2597791193919943,10,2
984,us_semi_ip_nsa,dev,location,378,0.08617971901354048,0.1532234123025714,0.6,-0.29190218347451413,10,1
984,us_semi_ip_nsa,dev,location,504,0.03669830027607592,0.12727116438857017,0.5,-0.2909382580420681,10,1
984,us_semi_ip_nsa,instStdev,swap,20,-0.4314923893052536,-0.6745832041719276,0.3,0.20533757015830467,10,1
984,us_semi_ip_nsa,instStdev,swap,40,0.2843832788319766,0.5162479859178212,0.8,-0.23142522417343095,10,2
984,us_semi_ip_nsa,instStdev,swap,60,-0.21650939521764756,-0.3209310394204029,0.4,0.19455962095096688,10,1
984,us_semi_ip_nsa,instStdev,swap,90,0.06960530554773652,0.12538547379879345,0.6,-0.16725040244329542,10,1
984,us_semi_ip_nsa,instStdev,swap,120,-0.06260390079931588,0.038759575260741315,0.5,-0.10678771583477137,10,2
984,us_semi_ip_nsa,instStdev,swap,180,-0.3371600019795831,-0.11320476229407217,0.5,0.13783437873771723,10,2
984,us_semi_ip_nsa,instStdev,swap,252,-0.5308239566114252,-0.4517871966080989,0.4,0.24397575543841027,10,1
984,us_semi_ip_nsa,instStdev,swap,378,0.29521400957440347,0.2220436542512473,0.6,0.09977097944214196,10,2
984,us_semi_ip_nsa,instStdev,swap,504,0.03250156623722887,-0.016070030350211078,0.4,0.25767766213068743,10,1
984,us_semi_ip_nsa,instSkew,swap,20,0.21250216110988962,0.026961152551224103,0.4,-0.15700783126438747,10,1
984,us_semi_ip_nsa,instSkew,swap,40,0.5087850437158218,1.0473875581121708,0.9,-0.04316167795711214,10,4
984,us_semi_ip_nsa,instSkew,swap,60,-0.25065554127624323,-0.10915648669552265,0.5,0.08968524765935348,10,2
984,us_semi_ip_nsa,instSkew,swap,90,-0.39322130273207145,-0.10753996985782549,0.6,0.25554488359389643,10,1
984,us_semi_ip_nsa,instSkew,swap,120,0.4722749054708094,0.195480224858199,0.6,-0.2635855086473216,10,1
984,us_semi_ip_nsa,instSkew,swap,180,-0.31414016745948226,-0.04117988242509397,0.5,0.2020163392836456,10,1
984,us_semi_ip_nsa,instSkew,swap,252,-0.4946126865755387,-0.0831275103774463,0.5,0.15524949185097106,10,1
984,us_semi_ip_nsa,instSkew,swap,378,-0.554713439811495,-0.3880850976512838,0.3,0.13424765343609718,10,2
984,us_semi_ip_nsa,instSkew,swap,504,0.2100774882365413,0.3277691036250347,0.5,0.20482392671391583,10,1
984,us_semi_ip_nsa,instKurt,swap,20,-0.5567608175104471,-0.9239407098667014,0.2,0.1659372669436146,10,1
984,us_semi_ip_nsa,instKurt,swap,40,-0.46633770998440155,-0.34361057764191955,0.2,-0.07840592132840656,10,2
984,us_semi_ip_nsa,instKurt,swap,60,0.49684748732468037,0.6083723871209159,0.8,-0.02070312720879669,10,4
984,us_semi_ip_nsa,instKurt,swap,90,0.5739348677675554,0.5113312063837417,0.8,-0.10200394069533991,10,3
984,us_semi_ip_nsa,instKurt,swap,120,0.37783710668477094,0.3390178753117345,0.6,-0.09935835427408436,10,2
984,us_semi_ip_nsa,instKurt,swap,180,-0.4044994975829282,-0.10278756850233355,0.4,0.14394891011345956,10,2
984,us_semi_ip_nsa,instKurt,swap,252,-0.16663044351065842,0.09874088932208028,0.5,0.18704052504364185,10,1
984,us_semi_ip_nsa,instKurt,swap,378,0.3543623045861331,0.26317662421787963,0.7,-0.07465405744744379,10,3
984,us_semi_ip_nsa,instKurt,swap,504,0.3255560242826564,0.20771215211806734,0.8,-0.05527656411639292,10,3
984,us_semi_ip_nsa,minmax,swap,20,0.4827556813131046,0.6148643708840399,0.8,-0.12950584155520486,10,4
984,us_semi_ip_nsa,minmax,swap,40,0.3091337563559321,0.40364599740499363,0.7,-0.10164047286905425,10,3
984,us_semi_ip_nsa,minmax,swap,60,0.22053435686372794,0.37565258975367344,0.6,-0.13522477625853188,10,2
984,us_semi_ip_nsa,minmax,swap,90,0.2047272415075101,0.39940610523136033,0.7,-0.13815684961480998,10,3
984,us_semi_ip_nsa,minmax,swap,120,0.24275982697458418,0.3733994257456357,0.7,-0.14367000603660227,10,3
984,us_semi_ip_nsa,minmax,swap,180,0.19375282829435347,0.30138948524636094,0.7,-0.18675649678230705,10,2
984,us_semi_ip_nsa,minmax,swap,252,0.12282405343108566,0.19098982311353255,0.7,-0.22347148862691546,10,2
984,us_semi_ip_nsa,minmax,swap,378,0.08909324008407446,0.15423442229463946,0.6,-0.25130451477940546,10,1
984,us_semi_ip_nsa,minmax,swap,504,0.027273657561946534,0.10199625788792438,0.5,-0.29314550880339285,10,1
984,us_semi_ip_nsa,chg,swap,20,0.360769349181055,0.6550468027141382,0.8,-0.11543083663830246,10,4
984,us_semi_ip_nsa,chg,swap,40,0.20498201100666372,0.37245623763318864,0.6,-0.09616731533210428,10,2
984,us_semi_ip_nsa,chg,swap,60,0.3150405715372373,0.42490306851123566,0.6,-0.19377946418018335,10,1
984,us_semi_ip_nsa,chg,swap,90,0.4707570088943562,0.9124702274183558,0.8,-0.29994791411933824,10,3
984,us_semi_ip_nsa,chg,swap,120,-0.09688530355826538,0.11046086741644147,0.4,0.3024467943149545,10,1
984,us_semi_ip_nsa,chg,swap,180,0.1171453555247944,0.1280657119000585,0.7,-0.27372350895145553,10,2
984,us_semi_ip_nsa,chg,swap,252,0.3166213995447692,0.2649265059448581,0.6,-0.2830399875799483,10,1
984,us_semi_ip_nsa,chg,swap,378,0.014544385898244586,0.09933039001819298,0.5,-0.30076489812523843,10,1
984,us_semi_ip_nsa,chg,swap,504,0.07581516624050132,0.12317362505326344,0.6,-0.4150658064101414,10,1
984,us_semi_ip_nsa,slope,swap,20,0.2385262199372671,0.5299397805474134,0.7,-0.1117471537039705,10,3
984,us_semi_ip_nsa,slope,swap,40,0.2698405045256784,0.32135770984619333,0.5,-0.11854721284032167,10,2
984,us_semi_ip_nsa,slope,swap,60,0.4667363114055767,0.8619862275422437,0.8,-0.1934105719743902,10,3
984,us_semi_ip_nsa,slope,swap,90,0.5565274518161224,0.886858446371926,0.8,-0.3240746796226368,10,3
984,us_semi_ip_nsa,slope,swap,120,-0.3520587052271474,-0.30817674934517403,0.3,0.34485654760184214,10,1
984,us_semi_ip_nsa,slope,swap,180,-0.02586232169859319,0.12970686963810696,0.5,0.3419056381136122,10,1
984,us_semi_ip_nsa,slope,swap,252,0.17179512667567273,0.18046696799656,0.4,-0.3413586199624351,10,1
984,us_semi_ip_nsa,slope,swap,378,-0.14517433179347847,-0.034100894499233286,0.5,-0.24014754512183661,10,1
984,us_semi_ip_nsa,slope,swap,504,-0.4182640556140115,-0.4393950229334395,0.3,-0.23133460992631033,10,1
984,us_semi_ip_nsa,dStdev,swap,20,-0.29609119234978937,-0.39211069094662443,0.3,0.226822654504004,10,1
984,us_semi_ip_nsa,dStdev,swap,40,-0.3599821215936113,-0.4495648074535465,0.4,0.22717359720267102,10,1
984,us_semi_ip_nsa,dStdev,swap,60,-0.24845596750929852,-0.2776559488280272,0.5,0.2917656039586848,10,1
984,us_semi_ip_nsa,dStdev,swap,90,0.22397049859549414,0.26859279830394583,0.6,-0.2667235101314364,10,1
984,us_semi_ip_nsa,dStdev,swap,120,-0.005050242452625569,0.09785602942860039,0.5,-0.15981096816149146,10,1
984,us_semi_ip_nsa,dStdev,swap,180,0.3838431847231289,0.4342382874927422,0.7,-0.003703029793333381,10,3
984,us_semi_ip_nsa,dStdev,swap,252,-0.538753170461025,-0.6592643960212824,0.3,-0.07747057550711735,10,2
984,us_semi_ip_nsa,dStdev,swap,378,0.7580578027597679,0.7561375401474623,0.8,-0.022455534177015877,10,4
984,us_semi_ip_nsa,dStdev,swap,504,0.6102082747093719,0.4181154433840458,0.7,0.020191355749295814,10,3
984,us_semi_ip_nsa,dSkew,swap,20,0.614460070307855,0.7947107753379358,0.8,-0.11364392014002629,10,4
984,us_semi_ip_nsa,dSkew,swap,40,0.27675179236474595,0.4364256611161874,0.7,-0.08810872697552588,10,3
984,us_semi_ip_nsa,dSkew,swap,60,0.22579933522599868,0.4588366486328368,0.7,-0.16100251430804857,10,2
984,us_semi_ip_nsa,dSkew,swap,90,0.24399754078336902,0.3813440985214127,0.7,-0.1455787843986928,10,3
984,us_semi_ip_nsa,dSkew,swap,120,0.16871709798933696,0.04452124906817974,0.5,-0.15007331534119178,10,1
984,us_semi_ip_nsa,dSkew,swap,180,0.2910598828673685,0.2471431192881926,0.6,-0.21188648120859366,10,1
984,us_semi_ip_nsa,dSkew,swap,252,0.4775234603459243,0.4062911339163265,0.7,-0.20059328893007325,10,2
984,us_semi_ip_nsa,dSkew,swap,378,0.21451121583027422,0.05645602164356293,0.6,-0.26571896403259976,10,1
984,us_semi_ip_nsa,dSkew,swap,504,0.05276279642535881,0.11297490239209004,0.7,-0.2116602361288652,10,2
984,us_semi_ip_nsa,ac1,swap,20,-0.09683058632698609,-0.21723951131804542,0.4,0.03231342582550793,10,2
984,us_semi_ip_nsa,ac1,swap,40,0.4844517929921666,0.5582545734863884,0.8,-0.015031940162052575,10,3
984,us_semi_ip_nsa,ac1,swap,60,-0.5277066987495111,-0.9352542647013656,0.1,-0.04945483927633039,10,2
984,us_semi_ip_nsa,ac1,swap,90,0.2725073605829952,0.40967557811187877,0.8,-0.00742774474846435,10,3
984,us_semi_ip_nsa,ac1,swap,120,0.20463262700561682,0.1728843601406534,0.5,0.0063841452456514045,10,2
984,us_semi_ip_nsa,ac1,swap,180,0.4069190427881995,0.2898635329300958,0.5,-0.12577701003098124,10,2
984,us_semi_ip_nsa,ac1,swap,252,0.16087305105653396,0.2657009462136594,0.6,0.28797675926302246,10,1
984,us_semi_ip_nsa,ac1,swap,378,-0.0522724726340608,-0.02072278799762979,0.5,-0.02902145084022295,10,2
984,us_semi_ip_nsa,ac1,swap,504,-0.0023321671733698354,0.22137346531692859,0.5,0.13651019821613494,10,2
984,us_semi_ip_nsa,pctpos,swap,20,0.48056129191817687,0.7372339929644925,0.8,-0.1300619171761565,10,4
984,us_semi_ip_nsa,pctpos,swap,40,0.5653063972407132,0.902933778693441,0.8,-0.12680548776430942,10,4
984,us_semi_ip_nsa,pctpos,swap,60,0.63957687395039,0.9780567994297077,0.9,-0.19475509128407806,10,3
984,us_semi_ip_nsa,pctpos,swap,90,-0.8623355233941642,-0.7403342179282302,0.1,0.24956178622143832,10,1
984,us_semi_ip_nsa,pctpos,swap,120,-0.6336193723201026,-0.465436679178453,0.2,0.2023743074430538,10,1
984,us_semi_ip_nsa,pctpos,swap,180,-0.6868033610661208,-0.752496313086593,0.2,0.1737811194469696,10,1
984,us_semi_ip_nsa,pctpos,swap,252,0.5993345313162903,0.6762396706605077,0.7,-0.19368778037577736,10,3
984,us_semi_ip_nsa,pctpos,swap,378,0.32959174866430635,0.377582051242771,0.7,-0.3509929513483999,10,2
984,us_semi_ip_nsa,pctpos,swap,504,0.10861180728156393,0.10363557119178478,0.5,-0.4067214146148071,10,1
984,copper,selfz,location,20,-0.20921692741569342,0.05618373590770286,0.4,0.2980623341731597,10,1
984,copper,selfz,location,40,-0.1421288657865356,-0.3256689569602066,0.4,-0.25706326784474415,10,1
984,copper,selfz,location,60,0.1617524584388062,0.3085100939947207,0.8,0.2280064474734755,10,2
984,copper,selfz,location,90,0.21004638791054067,0.32595589053101526,0.6,0.16107742554757595,10,1
984,copper,selfz,location,120,0.12962112590723923,0.24300938488635734,0.6,0.16639746890632823,10,1
984,copper,selfz,location,180,-0.024122123718021343,-0.1166757680538768,0.4,-0.17559239517181416,10,1
984,copper,selfz,location,252,0.08899926816798909,-0.03528361485952967,0.5,-0.18642104687362182,10,1
984,copper,selfz,location,378,0.03361523791744479,-0.07313513457749926,0.4,-0.25119115211674425,10,1
984,copper,selfz,location,504,-0.14458508297083247,-0.16716088020241188,0.4,-0.29567269924475875,10,1
984,copper,robustz,location,20,0.24047075143927896,0.2669968042729601,0.7,0.14092161345281348,10,3
984,copper,robustz,location,40,0.021552079880422848,0.06275621825695434,0.5,0.11204205393535258,10,2
984,copper,robustz,location,60,0.24868927551840042,0.34311934068052036,0.7,0.10338506077266547,10,3
984,copper,robustz,location,90,0.14367728837152322,0.2698203918529133,0.7,0.09460760236968224,10,3
984,copper,robustz,location,120,0.30441338735075496,0.41031541946042327,0.6,0.059772460153444965,10,2
984,copper,robustz,location,180,-0.04144050799927691,-0.10385589123811771,0.4,-0.10175276481649531,10,2
984,copper,robustz,location,252,0.10877441606350077,-0.04356500153842705,0.6,-0.097584235821563,10,2
984,copper,robustz,location,378,-0.008519193582545277,-0.023890149451760472,0.4,-0.24071746726226234,10,1
984,copper,robustz,location,504,-0.1584249189288172,-0.14253381889414296,0.4,-0.2900582348124879,10,1
984,copper,bdtanh,location,20,-0.09186925806838109,0.24524584345524975,0.7,0.3796355653758602,10,2
984,copper,bdtanh,location,40,0.134900170802849,0.3629483138174497,0.7,0.28080635553565986,10,2
984,copper,bdtanh,location,60,0.13989685781530606,0.3123228410294993,0.7,0.2351239635929099,10,2
984,copper,bdtanh,location,90,0.17327045198719793,0.3204863549206443,0.6,0.17886774673691053,10,1
984,copper,bdtanh,location,120,0.015787732184407238,0.18623529445163858,0.6,0.1860381422342302,10,1
984,copper,bdtanh,location,180,0.0681016069090137,-0.01912402019722543,0.4,-0.1840015600759944,10,1
984,copper,bdtanh,location,252,0.08091471693321024,-0.017347182460516464,0.4,-0.20920486374631234,10,1
984,copper,bdtanh,location,378,0.09557808361446699,0.006126289687793215,0.4,-0.2643525728760746,10,1
984,copper,bdtanh,location,504,-0.13490290715976938,-0.18747821010845028,0.3,-0.30666293096357733,10,1
984,copper,rankc,location,20,-0.02274921750178822,0.2923873040673723,0.5,0.4387760247996321,10,1
984,copper,rankc,location,40,0.07766746488647643,0.33358167620506984,0.6,0.37666854080863266,10,1
984,copper,rankc,location,60,0.13082264101290278,0.3012443001512367,0.7,0.2964317029199053,10,2
984,copper,rankc,location,90,0.21594135392987351,0.34232274962292847,0.7,0.1909659976532778,10,2
984,copper,rankc,location,120,-0.14253968019903798,-0.26136545418954243,0.3,-0.1766693148276512,10,1
984,copper,rankc,location,180,0.005887937132538188,-0.08587523584279301,0.4,-0.15686378660434414,10,1
984,copper,rankc,location,252,0.05486541128336068,-0.07922450639025487,0.4,-0.18445438931956548,10,1
984,copper,rankc,location,378,0.14296449487394786,-0.02988185103049796,0.4,-0.3247452971190821,10,1
984,copper,rankc,location,504,0.005095593098174138,-0.1351039354929682,0.4,-0.3656011726683955,10,1
984,copper,signth,location,20,-0.1283855888882455,0.14380655528264027,0.6,0.37586617119562876,10,1
984,copper,signth,location,40,0.09989942969720444,0.37567605943020566,0.7,0.3055751853496419,10,2
984,copper,signth,location,60,0.07449308646616667,0.27052468590554946,0.7,0.2424451806148566,10,2
984,copper,signth,location,90,0.40865359032130566,0.5387481204304293,0.6,0.06495383248997778,10,2
984,copper,signth,location,120,0.05818706457781879,0.2911432478750519,0.6,0.1790720470721976,10,1
984,copper,signth,location,180,0.011906133672910825,-0.12249488220722216,0.4,-0.18988880491654084,10,1
984,copper,signth,location,252,0.12203812603677537,0.10532019908877546,0.5,-0.16713387222644727,10,1
984,copper,signth,location,378,-0.017526032304542184,-0.11131013817259616,0.4,-0.22070203407990488,10,1
984,copper,signth,location,504,-0.3779344832234666,-0.19738039485553632,0.4,-0.13512677834633235,10,2
984,copper,dev,location,20,0.2678409273841404,0.22549298897058367,0.5,0.19497551914256742,10,1
984,copper,dev,location,40,0.43150676640834423,0.3880374402447184,0.7,0.16615395969221886,10,2
984,copper,dev,location,60,0.37908407221483326,0.4249899335585812,0.7,0.13946436353690544,10,3
984,copper,dev,location,90,0.31810066107196294,0.411146815142118,0.6,0.12569707701502836,10,2
984,copper,dev,location,120,-0.18040636931560905,-0.28457296551859596,0.4,-0.20119185510363985,10,1
984,copper,dev,location,180,-0.04399229549035199,-0.08706867797816387,0.5,-0.21105390298937218,10,1
984,copper,dev,location,252,0.018557643316396578,0.02257995883171559,0.5,-0.24071414240221115,10,1
984,copper,dev,location,378,-0.03927770029342982,-0.04530859050621039,0.5,-0.326052596052356,10,1
984,copper,dev,location,504,-0.1821436258642666,-0.21605084236283328,0.4,-0.38041009887138644,10,1
984,copper,instStdev,swap,20,-0.29032372811649576,-0.1894084242889879,0.3,0.16860912666143077,10,1
984,copper,instStdev,swap,40,-0.3288296176797045,-0.34198178682937225,0.4,0.17898913169329944,10,1
984,copper,instStdev,swap,60,0.39068894698180606,0.6961284031566878,0.8,-0.1750895477351173,10,3
984,copper,instStdev,swap,90,0.6117022493012125,0.9806800482498543,0.9,-0.28147762178784946,10,3
984,copper,instStdev,swap,120,0.6553168300358635,0.7693167712231275,0.8,-0.17524028251281215,10,3
984,copper,instStdev,swap,180,-0.741524475098391,-0.5851609026063918,0.2,0.12214314829177914,10,2
984,copper,instStdev,swap,252,-0.6450769222788073,-0.4124803715286556,0.3,0.10025815097356909,10,2
984,copper,instStdev,swap,378,-0.06068374177091515,0.17942682298104282,0.7,0.18851343532020312,10,2
984,copper,instStdev,swap,504,0.15976397759427777,0.3242787753322782,0.7,0.24224487165081787,10,2
984,copper,instSkew,swap,20,-0.13055429032083524,-0.06489359500561881,0.4,0.051885696585805066,10,2
984,copper,instSkew,swap,40,-0.30425752401409334,-0.3681203098284709,0.3,-0.1620063112580311,10,1
984,copper,instSkew,swap,60,0.34577697673176566,0.2378319826288538,0.6,0.056637914277596756,10,2
984,copper,instSkew,swap,90,-0.8933079235587981,-1.0355038736784488,0.2,0.13349097090811063,10,2
984,copper,instSkew,swap,120,0.7841162295166082,1.4403221912791675,0.9,-0.2041194343312213,10,3
984,copper,instSkew,swap,180,0.5879522178852813,0.8000309505126504,0.8,-0.1879291750889477,10,3
984,copper,instSkew,swap,252,-0.30937427946581336,-0.3375714003727326,0.4,0.28992796781909214,10,1
984,copper,instSkew,swap,378,0.2700178253183637,0.1493780871937427,0.7,-0.011770749322747938,10,3
984,copper,instSkew,swap,504,0.2898148962363468,0.3194329635533596,0.6,-0.023993163947805134,10,2
984,copper,instKurt,swap,20,-0.26185493829607565,-0.089090356822535,0.4,-0.16048257715124828,10,1
984,copper,instKurt,swap,40,-0.3899627694771797,-0.30215373155387765,0.4,0.11983315271641186,10,2
984,copper,instKurt,swap,60,-0.1699185393061222,-0.14548952145087335,0.5,0.0984670330013908,10,2
984,copper,instKurt,swap,90,-0.356474676614755,-0.04549200859213567,0.6,0.2311572632904987,10,1
984,copper,instKurt,swap,120,0.03767887165726888,0.14626564805391332,0.5,0.026214072889622863,10,2
984,copper,instKurt,swap,180,0.2714045513712079,0.2744893755827696,0.5,0.09106461332616787,10,2
984,copper,instKurt,swap,252,0.2269562720398487,0.39428047002051386,0.7,-0.2473635037108599,10,2
984,copper,instKurt,swap,378,0.08789393648176425,0.409598615165558,0.6,-0.013143555883686627,10,2
984,copper,instKurt,swap,504,0.29027552957138963,0.37402936138574744,0.7,-0.16114790400632242,10,2
984,copper,minmax,swap,20,-0.03960279543980721,0.26676598099092513,0.6,0.36107647099589724,10,1
984,copper,minmax,swap,40,0.08449677124963532,0.27236114046152754,0.6,0.23215257675468942,10,1
984,copper,minmax,swap,60,0.16654839676554203,0.3214470924560558,0.7,0.2133582593465601,10,2
984,copper,minmax,swap,90,0.01673303816321959,0.22465021000938332,0.6,0.17647765476889832,10,1
984,copper,minmax,swap,120,0.06974405853287276,-0.09916155195056676,0.4,-0.19299728771696725,10,1
984,copper,minmax,swap,180,0.09761081970816883,-0.012517065190475431,0.4,-0.2108651100599706,10,1
984,copper,minmax,swap,252,0.05604405377816439,-0.0809116396014269,0.3,-0.24231800831858682,10,1
984,copper,minmax,swap,378,-0.03807736082725722,-0.14557900905698737,0.3,-0.2910956470599493,10,1
984,copper,minmax,swap,504,-0.2128644703183579,-0.29755998294995123,0.3,-0.31929917264125557,10,1
984,copper,chg,swap,20,0.2937338449476306,0.26215417290382986,0.5,0.18238793833123262,10,1
984,copper,chg,swap,40,0.4865969572245185,0.5316944709079112,0.7,0.09001822414891757,10,3
984,copper,chg,swap,60,0.4535803516709073,0.5588517615276242,0.6,0.10171960786219636,10,2
984,copper,chg,swap,90,-0.2703048466268838,-0.3024144638982828,0.4,-0.09529509316318154,10,2
984,copper,chg,swap,120,-0.0783703924110418,-0.05208388851671007,0.5,-0.18225545396897402,10,1
984,copper,chg,swap,180,0.05980614270325008,0.09863204017583375,0.5,-0.1997722283979075,10,1
984,copper,chg,swap,252,-0.06727018862919565,-0.023358817805294786,0.6,-0.36507206953825105,10,1
984,copper,chg,swap,378,-0.24428407208659253,-0.16473218547437257,0.5,-0.34208536565858116,10,1
984,copper,chg,swap,504,-0.7062264400950374,-0.7248167220183958,0.1,-0.0004716668482326488,10,2
984,copper,slope,swap,20,0.27288571451360805,0.400391259169434,0.7,0.23134557807625758,10,2
984,copper,slope,swap,40,0.4995076161761217,0.5367082181408596,0.7,0.10515885654090319,10,3
984,copper,slope,swap,60,0.3543423552108999,0.3907331644162992,0.6,0.05250220567112116,10,2
984,copper,slope,swap,90,-0.34386286525429166,-0.39961650815489635,0.3,-0.027410517258129388,10,2
984,copper,slope,swap,120,-0.06516445806424133,-0.11817777816298099,0.4,-0.15278867078884795,10,1
984,copper,slope,swap,180,0.09173258104141885,0.11840994279801847,0.6,-0.12885941827701258,10,2
984,copper,slope,swap,252,0.14263145225404283,0.1995924539675131,0.5,-0.2471734656703554,10,1
984,copper,slope,swap,378,-0.08073764235944655,-0.061291979273697894,0.6,-0.3615352881107216,10,1
984,copper,slope,swap,504,-0.4691033846948174,-0.2496408723330411,0.3,-0.2768468070090341,10,1
984,copper,dStdev,swap,20,-0.24133458172336186,-0.18550188422028238,0.3,0.18108913408336966,10,1
984,copper,dStdev,swap,40,-0.4087675929890158,-0.42235753957682737,0.2,0.17052532445600138,10,1
984,copper,dStdev,swap,60,-0.41108228025921784,-0.43450413148131306,0.3,0.15319117913236788,10,1
984,copper,dStdev,swap,90,-0.751114644368126,-1.0468341397322913,0.2,0.30137311453563015,10,1
984,copper,dStdev,swap,120,-0.5459292993251164,-0.33455057429412705,0.4,0.15555781760758156,10,1
984,copper,dStdev,swap,180,-0.39294000713527405,-0.16448186918153285,0.4,0.025809687089222686,10,2
984,copper,dStdev,swap,252,-0.59210668359869,-0.3272966067518903,0.4,0.07886905315175438,10,2
984,copper,dStdev,swap,378,-0.6099022940954205,-0.2577394889559665,0.4,0.2840401865507609,10,1
984,copper,dStdev,swap,504,0.18607071895931562,0.14463190498279563,0.4,-0.20967808422219852,10,1
984,copper,dSkew,swap,20,-0.06118711182761789,0.16590920403414522,0.6,0.3600907896722709,10,1
984,copper,dSkew,swap,40,0.29411189122047743,0.3693334858659162,0.7,0.08509598503542645,10,3
984,copper,dSkew,swap,60,-0.500727369122405,-0.6679777906138132,0.4,-0.023374003592436236,10,2
984,copper,dSkew,swap,90,0.4164382597711989,0.6583832548855736,0.8,-0.05045762527210183,10,4
984,copper,dSkew,swap,120,-0.007053061840257833,-0.09393303263275002,0.5,-0.14550851220486713,10,2
984,copper,dSkew,swap,180,0.3646772750139392,0.325121731495137,0.7,-0.18745348131419878,10,2
984,copper,dSkew,swap,252,0.4017014581968456,0.26678304784642476,0.7,-0.16648015855078477,10,2
984,copper,dSkew,swap,378,-0.1486245211453983,0.030995230240011915,0.6,-0.21565830630524588,10,1
984,copper,dSkew,swap,504,-0.7293281194261942,-0.6137241745286127,0.2,0.04222684472420561,10,2
984,copper,ac1,swap,20,0.09241696648751836,-0.06102407135770354,0.4,0.04384286065667393,10,2
984,copper,ac1,swap,40,0.4842711796636225,0.4628883791778126,0.7,-0.11829095389989988,10,3
984,copper,ac1,swap,60,0.42234354187315903,0.31457195252562015,0.7,-0.1023917098403351,10,3
984,copper,ac1,swap,90,0.5329326323080706,0.5266458119327156,0.8,-0.05064390520527954,10,3
984,copper,ac1,swap,120,0.2755490811364329,0.43221563754448034,0.7,0.052847032902556934,10,3
984,copper,ac1,swap,180,0.48132036157250124,0.4270134732256049,0.6,-0.17793120246047495,10,1
984,copper,ac1,swap,252,0.486745635926294,0.4167230087710335,0.6,-0.15893224878093304,10,1
984,copper,ac1,swap,378,-0.05332737076255382,0.16677473270095375,0.7,0.04698462246947376,10,3
984,copper,ac1,swap,504,0.06369110070062925,0.07303784294601165,0.6,-0.10357244866058203,10,2
984,copper,pctpos,swap,20,-0.12573915505753722,0.07533669295279898,0.6,0.34861423317530493,10,1
984,copper,pctpos,swap,40,0.033284454387036956,-0.07047675752881061,0.4,-0.2895534574051683,10,1
984,copper,pctpos,swap,60,-0.07690048982075079,-0.30355187384613214,0.3,-0.2871894998312451,10,1
984,copper,pctpos,swap,90,-0.04550710430261329,-0.08141094051966037,0.4,-0.23284641586717075,10,1
984,copper,pctpos,swap,120,-0.11491207561160406,-0.15835994164368047,0.4,-0.26614787810523866,10,1
984,copper,pctpos,swap,180,-0.14699388854095385,-0.14415798560480803,0.5,-0.2042214575561052,10,1
984,copper,pctpos,swap,252,-0.1734226087357163,-0.16989200243314848,0.4,-0.28653656607066563,10,1
984,copper,pctpos,swap,378,-0.398601913138615,-0.20000506024962944,0.5,0.010455401490237062,10,2
984,copper,pctpos,swap,504,-0.6083867602937478,-0.5069407695723093,0.1,0.017747674347879282,10,2
984,epu_global,selfz,location,20,0.15286522863577834,0.1857844618002235,0.7,-0.012397641144395432,10,3
984,epu_global,selfz,location,40,-0.019125350773022583,0.12035797639101083,0.6,-0.010619840232467676,10,2
984,epu_global,selfz,location,60,0.022316930203181724,0.24009322249437018,0.7,-0.11333533579956903,10,3
984,epu_global,selfz,location,90,0.1996229985127915,0.3891563969998756,0.8,-0.21887888720851567,10,2
984,epu_global,selfz,location,120,0.3479700214123497,0.5035931767991484,0.9,-0.28271270649321045,10,2
984,epu_global,selfz,location,180,0.24083115880680073,0.29362263916726183,0.7,-0.28166067671992606,10,2
984,epu_global,selfz,location,252,0.29058228582208045,0.32963624963269167,0.8,-0.25966249851419754,10,2
984,epu_global,selfz,location,378,0.1854420307177867,0.15983518816824574,0.7,-0.22041562889489538,10,2
984,epu_global,selfz,location,504,0.05726767274160012,0.008785272462375765,0.7,-0.20021619737471394,10,2
984,epu_global,robustz,location,20,0.13138441159353068,0.13384485016681907,0.5,-0.12294305851844485,10,2
984,epu_global,robustz,location,40,-0.156672513880984,-0.10097298992056061,0.5,-0.05646233675242752,10,2
984,epu_global,robustz,location,60,0.06998398595232358,0.03610304711179616,0.5,-0.1353259674319707,10,2
984,epu_global,robustz,location,90,-0.04517092824744231,0.002652074894389109,0.6,-0.24540528545093102,10,1
984,epu_global,robustz,location,120,0.27229846804140395,0.35862274823850065,0.9,-0.27974453101264596,10,2
984,epu_global,robustz,location,180,0.3432799178206065,0.39258619150037577,0.7,-0.2745457307034145,10,2
984,epu_global,robustz,location,252,0.3746526016744165,0.38385842745238447,0.8,-0.23029152736080016,10,2
984,epu_global,robustz,location,378,0.22228455079994708,0.18676643420916794,0.7,-0.2352353483907032,10,2
984,epu_global,robustz,location,504,0.043146465948877756,-0.06897825807930848,0.5,-0.23550997583262143,10,1
984,epu_global,bdtanh,location,20,0.23688786895284944,0.3100364512805252,0.7,0.03646468221921901,10,3
984,epu_global,bdtanh,location,40,0.016294439753829697,0.14038636415697622,0.6,-0.00555834713295226,10,2
984,epu_global,bdtanh,location,60,0.07059435239366242,0.29309669823306694,0.7,-0.06785076528054908,10,3
984,epu_global,bdtanh,location,90,0.2804258503321966,0.4501096744329412,0.8,-0.17856691984329137,10,2
984,epu_global,bdtanh,location,120,0.4228153774412199,0.5633186693188658,0.9,-0.25561815195974286,10,2
984,epu_global,bdtanh,location,180,0.22088810798191064,0.25036982169413774,0.7,-0.22811993865893515,10,2
984,epu_global,bdtanh,location,252,0.2138595510108285,0.23456917455820667,0.7,-0.19063951317974126,10,2
984,epu_global,bdtanh,location,378,0.10241457230563199,0.10450177071208971,0.6,-0.12096983483870176,10,2
984,epu_global,bdtanh,location,504,-0.03494595382190666,-0.05598504203702342,0.6,-0.0664514723555409,10,2
984,epu_global,rankc,location,20,0.09573489200008033,0.17804271642861585,0.7,0.1201321410397794,10,3
984,epu_global,rankc,location,40,0.003241299973938972,0.15106368926090918,0.7,0.05403100307916333,10,3
984,epu_global,rankc,location,60,-0.025768508336439545,0.16959150888998475,0.6,-0.021111936268269238,10,2
984,epu_global,rankc,location,90,0.18464717623519433,0.30325538753657943,0.7,-0.17156959198001184,10,2
984,epu_global,rankc,location,120,0.35789114306279046,0.4701062488739354,0.8,-0.24738272551249668,10,2
984,epu_global,rankc,location,180,0.17292708267004328,0.23443427411696732,0.7,-0.19892171886357482,10,2
984,epu_global,rankc,location,252,0.1981989474664661,0.2408664676251164,0.7,-0.23465145640783927,10,2
984,epu_global,rankc,location,378,0.0880981710350379,0.09508308150571132,0.6,-0.1729274634617817,10,1
984,epu_global,rankc,location,504,-0.03860476101657107,-0.034758115239329625,0.7,-0.1300136461202218,10,3
984,epu_global,signth,location,20,0.1731309574147085,0.3021398196797351,0.7,0.07891523208484841,10,3
984,epu_global,signth,location,40,0.12561589426346148,0.21860670958360642,0.7,-0.011763324438819712,10,3
984,epu_global,signth,location,60,0.08712116209922079,0.23082768230795744,0.6,-0.15876227503442808,10,1
984,epu_global,signth,location,90,0.196717096681877,0.3824186230094257,0.8,-0.14078866251233388,10,3
984,epu_global,signth,location,120,0.21902058489321788,0.37155888417852595,0.7,-0.1413118582816847,10,3
984,epu_global,signth,location,180,0.09010969166772285,0.13653920864542574,0.7,-0.1675667059721555,10,2
984,epu_global,signth,location,252,0.23760875014538582,0.23534420980312457,0.7,-0.22713048157184576,10,2
984,epu_global,signth,location,378,-0.045955799968328555,-0.005936874689345178,0.5,0.015366525909971418,10,2
984,epu_global,signth,location,504,-0.009252762644312462,0.038804647583612704,0.5,0.055805046677694016,10,2
984,epu_global,dev,location,20,0.11234759587156681,0.2025228204528761,0.6,-0.037946887606458535,10,2
984,epu_global,dev,location,40,0.05883072275373156,0.22049976459810197,0.5,-0.07955710796701622,10,2
984,epu_global,dev,location,60,0.05397545822496214,0.288827636630675,0.7,-0.13877148810694084,10,3
984,epu_global,dev,location,90,0.22938861582722112,0.4174688006851117,0.8,-0.1698768280078904,10,2
984,epu_global,dev,location,120,0.33303285381579995,0.48280671001490094,0.9,-0.20977666235380166,10,2
984,epu_global,dev,location,180,0.28335267172631956,0.3352959465937098,0.7,-0.17439483121624294,10,2
984,epu_global,dev,location,252,0.3019973415211084,0.3176006077680631,0.8,-0.17789214903058895,10,2
984,epu_global,dev,location,378,0.19064838426931074,0.16269933223259228,0.7,-0.16447100830363715,10,2
984,epu_global,dev,location,504,0.04295052123152805,0.002928086036748978,0.7,-0.14073829765040735,10,3
984,epu_global,instStdev,swap,20,0.252460834305401,0.4996970920719917,0.7,0.04032953449241947,10,3
984,epu_global,instStdev,swap,40,-0.01212092299065904,0.09350271446672717,0.5,0.0062925216796488395,10,2
984,epu_global,instStdev,swap,60,0.23460820895241302,0.296603292569927,0.6,0.03073505176738459,10,2
984,epu_global,instStdev,swap,90,0.39893870325559366,0.3728549991840952,0.7,0.030728165610057007,10,3
984,epu_global,instStdev,swap,120,0.09246348515370467,0.1467427173259214,0.5,0.07662664915997325,10,2
984,epu_global,instStdev,swap,180,0.05139726621531332,0.04598649542629096,0.4,-0.09925736186847783,10,2
984,epu_global,instStdev,swap,252,-0.0889369886445408,-0.06551565994813056,0.4,-0.31505325774972576,10,1
984,epu_global,instStdev,swap,378,-0.12807514874466513,-0.09998051481352296,0.4,-0.37358989790826735,10,1
984,epu_global,instStdev,swap,504,-0.35673544921641065,-0.235845251707183,0.4,-0.444760126045955,10,1
984,epu_global,instSkew,swap,20,-0.17374347340256202,-0.27721409679756154,0.4,-0.12277250216114438,10,2
984,epu_global,instSkew,swap,40,0.044323125828249724,0.1172154866156963,0.5,0.029781799104529053,10,2
984,epu_global,instSkew,swap,60,0.2549062560812535,0.4121606163307418,0.7,-0.02970423546373459,10,3
984,epu_global,instSkew,swap,90,0.3734835178352542,0.7529712207170473,0.8,0.09822715893791416,10,4
984,epu_global,instSkew,swap,120,-0.17643781149391788,-0.36710289403456753,0.4,-0.03665968260219833,10,2
984,epu_global,instSkew,swap,180,-0.226996769171482,-0.21766145645950136,0.3,-0.015567226469783172,10,2
984,epu_global,instSkew,swap,252,0.24594266908731968,0.08264662291281608,0.5,-0.0692733308374335,10,2
984,epu_global,instSkew,swap,378,-0.044452813662647764,-0.08379603577198552,0.6,0.013806630470797809,10,2
984,epu_global,instSkew,swap,504,-0.020454208768620714,0.02125198586554661,0.5,0.18313670188716677,10,1
984,epu_global,instKurt,swap,20,-0.21041978270919473,-0.36461487828523653,0.3,0.12493773994529443,10,2
984,epu_global,instKurt,swap,40,-0.20563373078335564,-0.10754271784187663,0.5,0.19834000011767502,10,1
984,epu_global,instKurt,swap,60,0.4644152348655033,0.5214708039167628,0.7,0.03709836082749459,10,3
984,epu_global,instKurt,swap,90,0.2125074458881351,0.48511909777561785,0.7,0.18014569285151813,10,2
984,epu_global,instKurt,swap,120,-0.13311516976010337,0.07054651482711198,0.5,0.20700933663492416,10,1
984,epu_global,instKurt,swap,180,-0.015209296932733396,-0.009054858730527571,0.5,0.019083687422231217,10,2
984,epu_global,instKurt,swap,252,-0.26758142866197177,-0.1312111174256092,0.4,0.1850767301500078,10,1
984,epu_global,instKurt,swap,378,-0.17471618118369622,-0.13597095583936333,0.5,0.05942434851966688,10,2
984,epu_global,instKurt,swap,504,-0.22623726217786708,-0.10270583956064323,0.5,0.03226376061080668,10,2
984,epu_global,minmax,swap,20,0.26263876990989327,0.368271953399446,0.7,0.06147878797621288,10,3
984,epu_global,minmax,swap,40,0.04525736073498766,0.24071590434816417,0.5,-0.024409453221913385,10,2
984,epu_global,minmax,swap,60,0.2220800887966282,0.36571067619633163,0.8,-0.1801327643827844,10,2
984,epu_global,minmax,swap,90,0.35521300585397786,0.487766313850783,0.8,-0.18814141583562458,10,2
984,epu_global,minmax,swap,120,0.38019602374167105,0.5298312235218186,0.9,-0.2659393783618553,10,2
984,epu_global,minmax,swap,180,0.16054815666317432,0.16416727870919956,0.7,-0.24413052778962432,10,2
984,epu_global,minmax,swap,252,0.21977975920428422,0.19124239989173053,0.6,-0.25918080831547907,10,1
984,epu_global,minmax,swap,378,0.08478424811762562,0.015061195859777799,0.6,-0.24770069839821357,10,1
984,epu_global,minmax,swap,504,-0.02170756495579512,-0.07672428232926888,0.5,-0.2308286708827866,10,1
984,epu_global,chg,swap,20,0.14203950775930244,0.26792338272474003,0.6,-0.009924343468299337,10,2
984,epu_global,chg,swap,40,0.14480646643838635,0.18213136297369317,0.6,-0.1569996114816621,10,1
984,epu_global,chg,swap,60,0.13828120241953445,0.0659260431649168,0.6,-0.24004958977528473,10,1
984,epu_global,chg,swap,90,0.4451926640312681,0.6308039583764888,0.8,-0.07629554612938254,10,4
984,epu_global,chg,swap,120,0.05929178826341337,0.015996257211155766,0.6,-0.11970709062887915,10,2
984,epu_global,chg,swap,180,0.15388507957509454,0.20969666249326713,0.6,0.05228862276292578,10,2
984,epu_global,chg,swap,252,0.19480631162039885,0.10223293396909215,0.6,-0.1607687419277431,10,1
984,epu_global,chg,swap,378,0.12672341816380456,0.1485555320238441,0.5,0.0792616818906549,10,2
984,epu_global,chg,swap,504,-0.1850774533500601,-0.17440403642909735,0.5,0.04383394016567923,10,2
984,epu_global,slope,swap,20,0.12527161485060784,0.2709322903886338,0.5,0.012286224492968442,10,2
984,epu_global,slope,swap,40,-0.09086351389672417,0.04306005043257364,0.5,0.002580164001182449,10,2
984,epu_global,slope,swap,60,0.147086187139678,0.13306205146229366,0.6,-0.2019946098636559,10,1
984,epu_global,slope,swap,90,0.4106739325195599,0.46113227537800244,0.8,-0.16576707207319152,10,2
984,epu_global,slope,swap,120,0.36401914003757924,0.37491280488552003,0.7,-0.11178887934583509,10,3
984,epu_global,slope,swap,180,0.1220763289519414,-0.014291417040418232,0.6,-0.08132786195568613,10,2
984,epu_global,slope,swap,252,0.36678119151642097,0.2529517355366529,0.5,-0.09117344999890344,10,2
984,epu_global,slope,swap,378,-0.21545093556673997,-0.04039313219262223,0.4,0.01614279820737511,10,2
984,epu_global,slope,swap,504,0.2465489177170488,0.2651859991811138,0.6,-0.24739960487904905,10,1
984,epu_global,dStdev,swap,20,0.12275087783422661,0.3437154037785832,0.7,0.06323367787208996,10,3
984,epu_global,dStdev,swap,40,-0.14349557714456498,-0.031832786647799365,0.5,-0.012858835062367156,10,2
984,epu_global,dStdev,swap,60,-0.20273754352529902,-0.17501246205441995,0.3,-0.061968409579292755,10,2
984,epu_global,dStdev,swap,90,0.3998953819025184,0.38935605393102957,0.7,0.021511973917956156,10,3
984,epu_global,dStdev,swap,120,-0.10727176446260792,-0.1538757936040577,0.3,-0.18041288291822644,10,1
984,epu_global,dStdev,swap,180,-0.14279176617605277,-0.06989989487724829,0.4,-0.26048972873095644,10,1
984,epu_global,dStdev,swap,252,0.042222248481385755,0.09475637185865428,0.6,-0.32108420819077604,10,1
984,epu_global,dStdev,swap,378,0.18128167216104035,0.1203517712688798,0.7,-0.2462839760451181,10,2
984,epu_global,dStdev,swap,504,0.0548219971456443,-0.010369892916434297,0.5,-0.4188327616463011,10,1
984,epu_global,dSkew,swap,20,0.19958324376773987,0.2939154902765089,0.7,0.05815570255300057,10,3
984,epu_global,dSkew,swap,40,-0.020967120572376725,0.04185875616156055,0.5,-0.09088303568579996,10,2
984,epu_global,dSkew,swap,60,-0.3733699900196015,-0.3896385924014548,0.2,0.33045609004248216,10,1
984,epu_global,dSkew,swap,90,0.4313102945641596,0.49597415119101745,0.8,-0.21717282714582914,10,2
984,epu_global,dSkew,swap,120,-0.08057647652180583,0.0021763530291819865,0.5,-0.1661074714093376,10,1
984,epu_global,dSkew,swap,180,-0.14539501203636251,-0.0011520518314213086,0.5,-0.1182576004478661,10,2
984,epu_global,dSkew,swap,252,0.33063231755229994,0.26106235210124423,0.6,0.10155138463968792,10,2
984,epu_global,dSkew,swap,378,0.30618778708961103,0.31580059103021163,0.6,0.11791814232807925,10,2
984,epu_global,dSkew,swap,504,0.6210303599020283,0.4046642766306221,0.6,0.08449722801468364,10,2
984,epu_global,ac1,swap,20,0.6196745333809889,0.67491737447527,0.7,0.08898679872231965,10,4
984,epu_global,ac1,swap,40,0.027549565058399228,0.23922401894037756,0.7,0.20562059838694877,10,2
984,epu_global,ac1,swap,60,0.09035848419440826,0.1638011515941859,0.4,0.1590782658148076,10,1
984,epu_global,ac1,swap,90,-0.005944629966332928,0.30219899744874845,0.5,0.24961785944713924,10,1
984,epu_global,ac1,swap,120,-0.21462250756767098,-0.05046315261068212,0.5,0.22642658324015397,10,1
984,epu_global,ac1,swap,180,-0.3290234399258786,-0.05905082186624171,0.2,0.04337727454681114,10,2
984,epu_global,ac1,swap,252,0.061597876178962216,0.3157743115509121,0.6,0.18641124379649024,10,1
984,epu_global,ac1,swap,378,-0.014971881155069,0.03751470116100308,0.5,0.12650580221389415,10,2
984,epu_global,ac1,swap,504,-0.054456289937581885,0.0026712069714041327,0.5,-0.0691090703476179,10,2
984,epu_global,pctpos,swap,20,0.2685107843947887,0.32031155045307425,0.7,0.03892905484330842,10,3
984,epu_global,pctpos,swap,40,0.14492576402863175,0.24230375166331097,0.6,-0.08143493025247683,10,2
984,epu_global,pctpos,swap,60,-0.026235030692674594,-0.10293476202181687,0.5,-0.1064838152849863,10,2
984,epu_global,pctpos,swap,90,0.2545328744970428,0.41975202421434155,0.8,-0.09674775096239026,10,3
984,epu_global,pctpos,swap,120,0.09443203443612164,0.06137793629131375,0.5,-0.05895846503216913,10,2
984,epu_global,pctpos,swap,180,0.4528356531964628,0.3902115840100363,0.8,-0.010706838565151429,10,3
984,epu_global,pctpos,swap,252,0.49459984580836963,0.4874924085914369,0.6,-0.10328911825276622,10,2
984,epu_global,pctpos,swap,378,-0.21379663911701932,-0.2563144243683195,0.5,-0.029015603930799584,10,2
984,epu_global,pctpos,swap,504,0.062006724732604594,-0.03522910679315785,0.4,-0.27173218860119686,10,1
984,us_empire_state,selfz,location,20,-0.2258153523131648,-0.01688224720596594,0.5,0.19742851692629002,10,1
984,us_empire_state,selfz,location,40,0.00046061935665068083,0.21310694642812844,0.6,0.23033799549611367,10,1
984,us_empire_state,selfz,location,60,-0.019823131939837455,0.17261259578584948,0.5,0.23964270695122936,10,1
984,us_empire_state,selfz,location,90,-0.0807877599515697,-0.24658004709310585,0.5,-0.19898361282544527,10,1
984,us_empire_state,selfz,location,120,-0.026744469278077283,-0.17142753920189424,0.5,-0.20635450921235265,10,1
984,us_empire_state,selfz,location,180,-0.15488396002141477,-0.2361370371369615,0.5,-0.23061132758432504,10,1
984,us_empire_state,selfz,location,252,-0.17455900069663172,-0.26111275173728127,0.4,-0.2224191333736981,10,1
984,us_empire_state,selfz,location,378,-0.2788113627920772,-0.2825226449425578,0.4,-0.22566314267711604,10,1
984,us_empire_state,selfz,location,504,-0.43782965215011876,-0.3523127397400602,0.4,-0.1559632254780699,10,1
984,us_empire_state,robustz,location,20,-0.16550492099399702,0.21335287024563526,0.4,0.10738225843970178,10,2
984,us_empire_state,robustz,location,40,-0.08277729965062922,-0.2489071433312839,0.3,-0.10889875296034776,10,2
984,us_empire_state,robustz,location,60,-0.17362953371143713,0.19605486677307998,0.6,0.20273630258125286,10,1
984,us_empire_state,robustz,location,90,-0.13208815192525808,0.14518191163679936,0.7,0.21768655377022705,10,2
984,us_empire_state,robustz,location,120,0.10577212343620376,-0.09036450805966392,0.5,-0.25249056881714566,10,1
984,us_empire_state,robustz,location,180,-0.16754104937001624,-0.24364520579639723,0.4,-0.22556497106570172,10,1
984,us_empire_state,robustz,location,252,-0.09198021524810084,-0.1557433792032098,0.5,-0.2142543862838123,10,1
984,us_empire_state,robustz,location,378,-0.3053408639109587,-0.28376506386021794,0.4,-0.1706642805152174,10,1
984,us_empire_state,robustz,location,504,-0.538078762409091,-0.5291598937986554,0.3,-0.06483546174202019,10,2
984,us_empire_state,bdtanh,location,20,-0.1747161637573926,0.02770775165596772,0.5,0.22147616440965753,10,1
984,us_empire_state,bdtanh,location,40,-0.015313434807078263,0.17561977123229106,0.5,0.2840207365664774,10,1
984,us_empire_state,bdtanh,location,60,-0.0351878651177983,0.147522510688188,0.5,0.2873761858015829,10,1
984,us_empire_state,bdtanh,location,90,-0.026734579086524376,-0.21983803727503168,0.4,-0.2651044414785923,10,1
984,us_empire_state,bdtanh,location,120,-0.04109898201974744,-0.18240761744763437,0.4,-0.23387034536650167,10,1
984,us_empire_state,bdtanh,location,180,-0.24636076888900263,-0.3260542543594008,0.4,-0.2516292520735808,10,1
984,us_empire_state,bdtanh,location,252,-0.33504783866007554,-0.368137824197295,0.4,-0.2060740153779101,10,1
984,us_empire_state,bdtanh,location,378,-0.49192905334857534,-0.373203094458147,0.4,-0.1723200372187696,10,1
984,us_empire_state,bdtanh,location,504,-0.6484742916954259,-0.5129704077420123,0.4,-0.10680768071613142,10,2
984,us_empire_state,rankc,location,20,-0.03515486362742464,0.11212852955099072,0.6,0.20298340042712704,10,1
984,us_empire_state,rankc,location,40,-0.06177798211563669,0.1473569101948463,0.7,0.20644988717543103,10,2
984,us_empire_state,rankc,location,60,-0.05350255438936896,0.20522926406894582,0.6,0.25498699039721173,10,1
984,us_empire_state,rankc,location,90,0.02330323827917718,0.2235167607680799,0.7,0.23291515878366817,10,2
984,us_empire_state,rankc,location,120,0.02337928655999004,0.18691644423724585,0.7,0.20087263794361582,10,2
984,us_empire_state,rankc,location,180,-0.20721007709999795,-0.34609694991718243,0.3,-0.22068111252573794,10,1
984,us_empire_state,rankc,location,252,-0.23648054224868836,-0.31987898298061246,0.4,-0.1936996146912855,10,1
984,us_empire_state,rankc,location,378,-0.38115207416758884,-0.3281984115734791,0.4,-0.2054493926299931,10,1
984,us_empire_state,rankc,location,504,-0.5819995838495758,-0.47387559728062006,0.4,-0.12620414220685033,10,2
984,us_empire_state,signth,location,20,-0.13336177224644313,0.06402253705264417,0.5,0.2158473568148679,10,1
984,us_empire_state,signth,location,40,0.004324429975126732,0.1967521051043843,0.6,0.29325198349144677,10,1
984,us_empire_state,signth,location,60,-0.057577383407708946,0.0762329413071663,0.6,0.22234278576397482,10,1
984,us_empire_state,signth,location,90,0.05176573686022811,-0.04285718771270113,0.5,-0.27710600893521425,10,1
984,us_empire_state,signth,location,120,-0.23261723394390793,-0.17615409039956523,0.4,0.2920083317217351,10,1
984,us_empire_state,signth,location,180,-0.17449839931143638,-0.2893989999441574,0.4,-0.26960267591742737,10,1
984,us_empire_state,signth,location,252,-0.17292627554968998,-0.383902553471972,0.3,-0.1353661924612995,10,2
984,us_empire_state,signth,location,378,-0.6009793346825086,-0.7580467300363488,0.2,-0.04758813174159372,10,2
984,us_empire_state,signth,location,504,-0.6248434858174676,-0.4799160052865772,0.3,-0.0762669704875542,10,2
984,us_empire_state,dev,location,20,-0.2647285784533503,-0.025296837395624782,0.5,0.1604502269958821,10,1
984,us_empire_state,dev,location,40,0.045718876253972904,-0.11143521979994682,0.5,-0.20443820587355693,10,1
984,us_empire_state,dev,location,60,-0.0726474188660884,0.07042162435918962,0.5,0.2321034222146804,10,1
984,us_empire_state,dev,location,90,0.026348640103703812,-0.10152129816293091,0.6,-0.21656009937412354,10,1
984,us_empire_state,dev,location,120,0.024814858333591695,-0.08724981200113001,0.5,-0.19305148014025933,10,1
984,us_empire_state,dev,location,180,-0.05456925917314815,-0.15399601553793762,0.5,-0.20621449329233282,10,1
984,us_empire_state,dev,location,252,-0.18147289969011926,-0.2619310122780013,0.4,-0.19858806217775987,10,1
984,us_empire_state,dev,location,378,-0.3188834350270295,-0.27747902179607087,0.4,-0.16224642765389466,10,1
984,us_empire_state,dev,location,504,-0.5362802719119489,-0.43361171635586754,0.4,-0.11344962917150844,10,2
984,us_empire_state,instStdev,swap,20,-0.13807218485603082,-0.07887306297216481,0.5,0.21988733477223202,10,1
984,us_empire_state,instStdev,swap,40,0.26738005041761803,0.23840184933177436,0.5,0.14768380446736407,10,2
984,us_empire_state,instStdev,swap,60,0.10903888945046433,0.1140478784946924,0.5,-0.1271352131554376,10,2
984,us_empire_state,instStdev,swap,90,-0.13282157367984126,0.0795502843662599,0.5,0.14859266942730756,10,2
984,us_empire_state,instStdev,swap,120,-0.18578552213615987,-0.08911875823793601,0.3,0.14731015645473983,10,2
984,us_empire_state,instStdev,swap,180,0.15425155142318672,0.22182716457221363,0.7,-0.1721746035934218,10,2
984,us_empire_state,instStdev,swap,252,0.12172325126978208,0.1355144357442365,0.6,-0.33368159794177843,10,1
984,us_empire_state,instStdev,swap,378,-0.06808960293771754,-0.06382319211628992,0.4,-0.30841407796529274,10,1
984,us_empire_state,instStdev,swap,504,-0.1028739381338183,-0.23657165226971777,0.4,-0.21194953794739865,10,1
984,us_empire_state,instSkew,swap,20,-0.46609675606419415,-0.42707173908295065,0.4,0.11180384134348689,10,2
984,us_empire_state,instSkew,swap,40,0.23761131466445207,0.32055357791824635,0.6,-0.10592921985385308,10,2
984,us_empire_state,instSkew,swap,60,0.38062640688810245,0.4784427819222381,0.6,0.0189269857214951,10,2
984,us_empire_state,instSkew,swap,90,0.3316660573113127,0.2910008135002504,0.6,-0.08782314826145798,10,2
984,us_empire_state,instSkew,swap,120,-0.1849364741145879,-0.19464793342707642,0.4,0.053279472226049916,10,2
984,us_empire_state,instSkew,swap,180,-0.12823562151306997,0.08316336902450794,0.6,-0.0029474049590936537,10,2
984,us_empire_state,instSkew,swap,252,0.3530134220434317,0.4502218852455309,0.6,0.007478851758639594,10,2
984,us_empire_state,instSkew,swap,378,0.310574935576472,0.3095279196017364,0.4,-0.02478655560893028,10,2
984,us_empire_state,instSkew,swap,504,0.7069960873293561,0.6015097155290867,0.7,-0.05699092159235399,10,4
984,us_empire_state,instKurt,swap,20,-0.4069073170035786,-0.3786823430961381,0.3,0.14901212202392988,10,2
984,us_empire_state,instKurt,swap,40,-0.13919443344878307,-0.26863003488553444,0.4,-0.15986609400877336,10,1
984,us_empire_state,instKurt,swap,60,-0.18861702314701062,-0.46015830049855166,0.3,-0.10890327873300747,10,2
984,us_empire_state,instKurt,swap,90,-0.39355314876874725,-0.5007693833601504,0.4,-0.0633132684408619,10,2
984,us_empire_state,instKurt,swap,120,0.59930651627732,0.7986761152514467,0.8,-0.021126260785737705,10,4
984,us_empire_state,instKurt,swap,180,0.6103246849489038,1.212104543293326,0.9,-0.2483967667824915,10,3
984,us_empire_state,instKurt,swap,252,0.06674010671981141,0.029954178386567436,0.6,0.05810721649871898,10,2
984,us_empire_state,instKurt,swap,378,0.4069123177490817,0.3082264562205842,0.5,-0.07985629220496124,10,2
984,us_empire_state,instKurt,swap,504,-0.3354018452706904,-0.27514563954501076,0.4,0.09916355202434335,10,2
984,us_empire_state,minmax,swap,20,-0.07844097930395492,0.09075815827652167,0.5,0.2136533858350144,10,1
984,us_empire_state,minmax,swap,40,-0.07178180143073548,-0.2496441771179288,0.5,-0.3049757938065253,10,1
984,us_empire_state,minmax,swap,60,-0.0012682058511022977,-0.1923156373586188,0.5,-0.2581924899612003,10,1
984,us_empire_state,minmax,swap,90,0.03514039686038307,-0.06256838838125763,0.6,-0.25273205654678343,10,1
984,us_empire_state,minmax,swap,120,0.0744454486455417,-0.005990869878861504,0.6,-0.2596177356237052,10,1
984,us_empire_state,minmax,swap,180,-0.20599701735613132,-0.21422555105598917,0.6,-0.24453939018251247,10,1
984,us_empire_state,minmax,swap,252,-0.2750310399985582,-0.30252055788209886,0.4,-0.24311936428505493,10,1
984,us_empire_state,minmax,swap,378,-0.46255940865444284,-0.36478103116685084,0.4,-0.21787598622873575,10,1
984,us_empire_state,minmax,swap,504,-0.671192807653673,-0.6127577438547006,0.4,-0.12273311511046632,10,2
984,us_empire_state,chg,swap,20,-0.04540272912962139,-0.24327283103341293,0.3,-0.15408307306261906,10,1
984,us_empire_state,chg,swap,40,0.0037516470627804517,-0.10685490729637012,0.5,-0.1801492907951421,10,1
984,us_empire_state,chg,swap,60,-0.08634784885764422,0.14152743406877755,0.7,0.19085169510388042,10,2
984,us_empire_state,chg,swap,90,0.1445524548176345,0.42893506744118176,0.7,0.05178680638525067,10,3
984,us_empire_state,chg,swap,120,0.03272830782402456,-0.08090282154602392,0.5,-0.12805961833606233,10,2
984,us_empire_state,chg,swap,180,-0.41975877306599524,-0.42375985882674433,0.3,-0.09209623653004642,10,2
984,us_empire_state,chg,swap,252,-0.41545002669475684,-0.4069573238416009,0.4,-0.1105580405200204,10,2
984,us_empire_state,chg,swap,378,0.7573404998472039,0.9919850081829968,0.9,-0.008340578481394962,10,4
984,us_empire_state,chg,swap,504,-0.843006851527257,-0.8007027352766194,0.3,-0.013144498905892974,10,2
984,us_empire_state,slope,swap,20,-0.1344811388029819,0.014986842730802473,0.6,0.12860441650107643,10,2
984,us_empire_state,slope,swap,40,-0.23715885330197645,-0.5036110859243689,0.3,-0.08143521392394977,10,2
984,us_empire_state,slope,swap,60,0.06880115697980355,-0.010288828861435896,0.6,0.15960955122220796,10,1
984,us_empire_state,slope,swap,90,-0.3999540505647953,-0.2872889335182692,0.3,0.012319490375972228,10,2
984,us_empire_state,slope,swap,120,-0.1946144578805021,-0.11470469110245232,0.4,0.06866425631639178,10,2
984,us_empire_state,slope,swap,180,-0.5096420766731211,-0.3751687168850051,0.2,0.15601478504098693,10,1
984,us_empire_state,slope,swap,252,-0.508897676081875,-0.4831024621243086,0.3,0.08770383166243827,10,2
984,us_empire_state,slope,swap,378,-0.42797241574887085,-0.28261397997815624,0.4,0.0010887552634467846,10,2
984,us_empire_state,slope,swap,504,-0.5097599957815763,-0.44773565924108194,0.3,-0.06500943798361758,10,2
984,us_empire_state,dStdev,swap,20,-0.1771791989376657,-0.16469219115832728,0.4,0.23841283289340698,10,1
984,us_empire_state,dStdev,swap,40,0.11414860351671238,0.143512969109658,0.4,0.16851748141180065,10,1
984,us_empire_state,dStdev,swap,60,-0.10139903839151826,-0.1303730227132148,0.3,-0.10058990461675153,10,2
984,us_empire_state,dStdev,swap,90,0.17621793962866292,0.21512615952119601,0.7,-0.06027530815258807,10,3
984,us_empire_state,dStdev,swap,120,-0.32035144545322064,-0.2323058317609661,0.3,0.1761636857889777,10,1
984,us_empire_state,dStdev,swap,180,-0.07111674926988108,0.05320731310540186,0.5,0.2002015842643095,10,1
984,us_empire_state,dStdev,swap,252,0.12693209016744827,0.13216438256509272,0.5,-0.3911231794395587,10,1
984,us_empire_state,dStdev,swap,378,0.17642021994791635,0.3801961951600323,0.6,0.13215137820641049,10,2
984,us_empire_state,dStdev,swap,504,0.5123522661845922,0.39458655273469034,0.8,0.24011978664352845,10,2
984,us_empire_state,dSkew,swap,20,0.0227168029829124,0.2073454709239653,0.6,0.22894576379913242,10,1
984,us_empire_state,dSkew,swap,40,-0.11191554177716069,-0.23088655269064237,0.7,-0.209347450436733,10,2
984,us_empire_state,dSkew,swap,60,0.057838361190384394,0.2985745343921018,0.7,0.11014388826772369,10,3
984,us_empire_state,dSkew,swap,90,-0.19383389223121947,-0.41524469854429386,0.3,-0.030160105508270123,10,2
984,us_empire_state,dSkew,swap,120,-0.055762805679371856,-0.05691982770636171,0.3,-0.10840872724441647,10,2
984,us_empire_state,dSkew,swap,180,-0.6216026231945702,-0.6090240464578782,0.2,-0.0059560107805142655,10,2
984,us_empire_state,dSkew,swap,252,-0.6791487388209464,-0.7321046018830342,0.1,0.03153941666803466,10,2
984,us_empire_state,dSkew,swap,378,-0.7498752529230346,-0.8605384287420941,0.1,-0.013086188604946623,10,2
984,us_empire_state,dSkew,swap,504,-0.7723675991391719,-0.9266630221981201,0.1,-0.04947335732989931,10,2
984,us_empire_state,ac1,swap,20,0.11589136272351135,0.11679949229602046,0.7,0.12625001558199273,10,3
984,us_empire_state,ac1,swap,40,0.284463677528754,0.47267250044795334,0.7,0.10743194072209358,10,3
984,us_empire_state,ac1,swap,60,0.05028762841570722,0.23321882854322665,0.5,0.1250516075898132,10,2
984,us_empire_state,ac1,swap,90,0.05255411308194873,0.004328094544737991,0.5,-0.2995149083240353,10,1
984,us_empire_state,ac1,swap,120,0.6407897357249479,0.707495967728174,0.8,0.12309062506360044,10,4
984,us_empire_state,ac1,swap,180,-0.03590549660111046,0.11262494578364217,0.5,0.20618372450019246,10,1
984,us_empire_state,ac1,swap,252,0.1441442835525468,0.34215257942145677,0.5,0.18982606382136447,10,1
984,us_empire_state,ac1,swap,378,0.5960193690758022,0.7719986188418781,0.9,0.10018178556487578,10,4
984,us_empire_state,ac1,swap,504,-0.26304729138638183,-0.27104789013042935,0.4,-0.2078620651846888,10,1
984,us_empire_state,pctpos,swap,20,0.09463765286334146,0.2733875988376583,0.6,0.23568773613438687,10,1
984,us_empire_state,pctpos,swap,40,0.0863495011251233,0.2605847200085066,0.6,0.17327027835844613,10,1
984,us_empire_state,pctpos,swap,60,-0.0792185237077973,-0.00733474565750868,0.6,0.22423071533719696,10,1
984,us_empire_state,pctpos,swap,90,0.04748766776402584,0.2171552980999511,0.5,0.16932054379178765,10,1
984,us_empire_state,pctpos,swap,120,0.0035268223329361433,0.059635073034332284,0.5,0.015135403341097604,10,2
984,us_empire_state,pctpos,swap,180,0.3379009522567972,0.540505072682199,0.6,0.08194475813363908,10,2
984,us_empire_state,pctpos,swap,252,0.2526806127797104,0.27069105823508877,0.5,0.1387283076603,10,2
984,us_empire_state,pctpos,swap,378,-0.4652125532469972,-0.3818547562499925,0.3,-0.06659541338320364,10,2
984,us_empire_state,pctpos,swap,504,-0.13760130622273542,-0.1951268698552067,0.3,-0.21116890354726234,10,1
984,igrea,selfz,location,20,0.183214474326533,0.23025014221746604,0.6153846153846154,0.00401764277295548,26,2
984,igrea,selfz,location,40,0.21711739666490537,0.23789570987002412,0.5769230769230769,-0.02797112216775758,26,2
984,igrea,selfz,location,60,0.051135119373831806,0.14633031993833756,0.6538461538461539,-0.05582511645142423,26,3
984,igrea,selfz,location,90,-0.009075248231240396,-0.09751765209503505,0.38461538461538464,0.06981032158848081,26,2
984,igrea,selfz,location,120,0.025582135056876086,-0.0036256605702464527,0.5,0.06648601167859723,26,2
984,igrea,selfz,location,180,0.027909241940885,0.009494951088070374,0.5,0.049947967308570616,26,2
984,igrea,selfz,location,252,-0.020277565068948206,-0.014573158857774453,0.56,0.051523197335118405,25,2
984,igrea,selfz,location,378,0.004443051382225505,0.0003990030947000278,0.56,0.056533646510741734,25,2
984,igrea,selfz,location,504,0.029236814145195484,0.020752015520763768,0.6,0.025254785210741183,25,2
984,igrea,robustz,location,20,0.30104075990300977,0.3080078760771173,0.6538461538461539,0.026140877724107083,26,3
984,igrea,robustz,location,40,0.08555731248062436,0.009545979169025134,0.5,0.05130100926880288,26,2
984,igrea,robustz,location,60,0.06287454758848834,-0.003594427463317887,0.5769230769230769,-0.04290857761090467,26,2
984,igrea,robustz,location,90,-0.03994957355191137,-0.008422832815569778,0.5,-0.012073362793612643,26,2
984,igrea,robustz,location,120,0.2563816138105004,0.20677848791633846,0.56,0.0002084474149063022,25,2
984,igrea,robustz,location,180,0.04475330885472602,0.05815478781973903,0.52,-0.01542799400350714,25,2
984,igrea,robustz,location,252,0.01218372989695951,0.022531907764204245,0.52,0.016689312743072116,25,2
984,igrea,robustz,location,378,0.22693172079175689,0.20350899753143395,0.4583333333333333,0.039435453497073475,24,2
984,igrea,robustz,location,504,0.09461247983530813,0.04119467860989854,0.5,-0.007273619100004914,24,2
984,igrea,bdtanh,location,20,0.22662270608322158,0.3104634798513598,0.6153846153846154,-0.02586865448781769,26,2
984,igrea,bdtanh,location,40,0.2231052036526004,0.2642151105749989,0.6153846153846154,-0.05250759256940194,26,2
984,igrea,bdtanh,location,60,0.052132112819147314,0.15481442651429883,0.6538461538461539,-0.07779570352827334,26,3
984,igrea,bdtanh,location,90,0.029704970959377037,-0.08337210894250172,0.4230769230769231,0.09755747308573443,26,2
984,igrea,bdtanh,location,120,0.05025119748563483,0.004016465846441704,0.5,0.09254720994592266,26,2
984,igrea,bdtanh,location,180,0.009438536933392765,0.00372154617389622,0.5,0.04912021596651696,26,2
984,igrea,bdtanh,location,252,0.058798406450736446,0.042033266466705965,0.48,-0.02276096141043509,25,2
984,igrea,bdtanh,location,378,0.034672095219535376,0.015179243007247125,0.48,-0.017291468696491126,25,2
984,igrea,bdtanh,location,504,0.05541873828773237,0.04783669292326965,0.68,-0.00943033980916542,25,3
984,igrea,rankc,location,20,0.1701418109552057,0.13448697324277462,0.6153846153846154,-0.1298808785969121,26,2
984,igrea,rankc,location,40,0.17102703986738163,0.22199391252332645,0.6153846153846154,-0.058875924462886725,26,2
984,igrea,rankc,location,60,0.07343092900235085,0.17539895038196238,0.6538461538461539,-0.053874858046738354,26,3
984,igrea,rankc,location,90,0.02016987393944866,-0.10697467853693897,0.34615384615384615,0.07111459027247072,26,2
984,igrea,rankc,location,120,0.03067632137096778,-0.05929992287956447,0.46153846153846156,0.07471364363028075,26,2
984,igrea,rankc,location,180,0.06506300407629828,0.18030618578565494,0.5,-0.07223091500923876,26,2
984,igrea,rankc,location,252,0.11517003806793312,0.07192090272989565,0.56,-0.06540203973299691,25,2
984,igrea,rankc,location,378,0.062176424434458324,0.031533751712162966,0.52,-0.06064298810389525,25,2
984,igrea,rankc,location,504,0.016809675476131082,0.039695615041456855,0.52,0.028221375615969636,25,2
984,igrea,signth,location,20,0.1841648159042912,0.29573154876035823,0.6153846153846154,-0.01790784381188017,26,2
984,igrea,signth,location,40,0.2154972128723306,0.27048051827551767,0.6923076923076923,-0.04857350417312543,26,3
984,igrea,signth,location,60,0.03821145834501689,0.1509710873103493,0.6153846153846154,-0.06061528027836647,26,2
984,igrea,signth,location,90,0.01202817752984999,0.12695291080354,0.6153846153846154,-0.07456102440243745,26,2
984,igrea,signth,location,120,0.024304428420811427,0.0728559437067514,0.4230769230769231,-0.07026181591384306,26,2
984,igrea,signth,location,180,0.050362222987073116,0.0873982456622798,0.46153846153846156,-0.023989916834270868,26,2
984,igrea,signth,location,252,0.04199093122077178,0.06710043002554883,0.5,0.008894849967168815,26,2
984,igrea,signth,location,378,0.01029630914939435,-0.04335585725204667,0.48,-0.021816818129215793,25,2
984,igrea,signth,location,504,0.09999053880959136,0.19149887775020621,0.56,-0.005280489708426974,25,2
984,igrea,dev,location,20,0.1374910810762946,0.19146137217948334,0.5384615384615384,-0.037193407114998946,26,2
984,igrea,dev,location,40,0.09156641970670955,0.17824351641764274,0.6538461538461539,-0.045284904382610756,26,3
984,igrea,dev,location,60,-0.045248389248252904,-0.17843389291656445,0.38461538461538464,0.052270655571855236,26,2
984,igrea,dev,location,90,0.08922860503786983,-0.027874100771587564,0.4230769230769231,0.05909151475625706,26,2
984,igrea,dev,location,120,0.10361051756973057,0.025612976098755392,0.5384615384615384,0.07303449151661412,26,2
984,igrea,dev,location,180,0.06788254468919724,-0.014103539373158377,0.5,0.07244271526500246,26,2
984,igrea,dev,location,252,0.05787973033778422,0.009499585703803354,0.52,0.037291024341262705,25,2
984,igrea,dev,location,378,0.022790617079317465,0.024634663301285768,0.56,0.07000478370652932,25,2
984,igrea,dev,location,504,0.10074786624249552,0.07864257249502044,0.6,0.05919908468639732,25,2
984,igrea,instStdev,swap,20,0.2803997172003913,0.22523469640763266,0.5384615384615384,0.06184133060840162,26,2
984,igrea,instStdev,swap,40,-0.0409431753369547,-0.12055769533903558,0.4230769230769231,-0.036314027926574344,26,2
984,igrea,instStdev,swap,60,0.019654567047522695,-0.11713710437553088,0.46153846153846156,-0.06302350261326822,26,2
984,igrea,instStdev,swap,90,0.08851522123895562,-0.043303206945107156,0.5,-0.10975218962889831,26,2
984,igrea,instStdev,swap,120,0.06902636390985446,-0.12850509424162604,0.5,-0.10591301371183373,26,2
984,igrea,instStdev,swap,180,0.15135630093940688,0.3159515137822553,0.6538461538461539,0.03369290854467379,26,3
984,igrea,instStdev,swap,252,0.21337985118245012,0.28516463611079146,0.56,-0.04877206784023559,25,2
984,igrea,instStdev,swap,378,0.008821221559746321,-0.1058973470451835,0.52,-0.03769802752158315,25,2
984,igrea,instStdev,swap,504,0.40783728553923515,0.3235749384873951,0.6,0.11266232456298525,25,2
984,igrea,instSkew,swap,20,0.13269903125884275,0.22045124658651943,0.5769230769230769,-0.02400975521400986,26,2
984,igrea,instSkew,swap,40,0.015182984123918388,0.02650389802941024,0.5,-0.00645463049626627,26,2
984,igrea,instSkew,swap,60,0.31424825858619165,0.4401057275515308,0.7307692307692307,-0.05435765752582318,26,3
984,igrea,instSkew,swap,90,0.141659680407431,0.14417639103956512,0.5,-0.03757342791287778,26,2
984,igrea,instSkew,swap,120,0.09518202309233183,0.014396699544223639,0.46153846153846156,0.025783068896556564,26,2
984,igrea,instSkew,swap,180,0.07461253309757881,0.07930388983705706,0.6153846153846154,-0.06683334022772587,26,2
984,igrea,instSkew,swap,252,0.011711544171333544,-0.13952101722440674,0.48,0.05457275355996427,25,2
984,igrea,instSkew,swap,378,0.08102736087705026,-0.028613044106393804,0.44,-0.04120397344532781,25,2
984,igrea,instSkew,swap,504,0.04652476973398837,0.12943443598272883,0.52,-0.0006321295318026682,25,2
984,igrea,instKurt,swap,20,0.27608907006934263,0.24878727922003138,0.6538461538461539,0.14027819349662426,26,3
984,igrea,instKurt,swap,40,0.04582256745105732,0.1810250001800601,0.6538461538461539,0.12786588876816926,26,3
984,igrea,instKurt,swap,60,0.19148451459713525,0.09625367169210323,0.5384615384615384,0.139202490182977,26,2
984,igrea,instKurt,swap,90,0.40057605719862593,0.2812091266105153,0.6153846153846154,0.13421015099832104,26,2
984,igrea,instKurt,swap,120,0.2669630845907774,0.3569407524601922,0.6538461538461539,0.10872310687311973,26,3
984,igrea,instKurt,swap,180,-0.022764242177753722,-0.13982349588935464,0.34615384615384615,0.20397496315997254,26,1
984,igrea,instKurt,swap,252,0.19892219720159213,0.11307850119986976,0.52,0.13077414716594032,25,2
984,igrea,instKurt,swap,378,0.23875707727941958,0.09483835360710655,0.56,0.06547502510659521,25,2
984,igrea,instKurt,swap,504,0.12139735763914296,0.1828726873294667,0.56,-0.01329542467991546,25,2
984,igrea,minmax,swap,20,0.3102449925364761,0.4162457528654939,0.6923076923076923,-0.04559444100302185,26,3
984,igrea,minmax,swap,40,0.221197386540835,0.2869212281523469,0.5769230769230769,-0.05786352207375438,26,2
984,igrea,minmax,swap,60,-0.03676504230054948,0.07518843563056667,0.5,-0.0682185886119569,26,2
984,igrea,minmax,swap,90,-0.007671825922526455,-0.13293104311877485,0.46153846153846156,0.08660248185312172,26,2
984,igrea,minmax,swap,120,-0.036244522380513435,-0.09743855778027741,0.46153846153846156,0.06231182754999633,26,2
984,igrea,minmax,swap,180,0.07526682004096025,0.06125506076168121,0.48,-0.04203929656576923,25,2
984,igrea,minmax,swap,252,0.12206121057628662,0.10168617909627989,0.44,-0.029652255027741777,25,2
984,igrea,minmax,swap,378,0.15607307875994128,0.10282309183699917,0.44,-0.038422467994471486,25,2
984,igrea,minmax,swap,504,0.06297631344764447,0.04540194019697861,0.4,-0.011368077368943451,25,2
984,igrea,chg,swap,20,0.1196834879070957,0.18021301238720303,0.6923076923076923,-0.05800597789289975,26,3
984,igrea,chg,swap,40,0.0668324268770958,0.18438708101808957,0.5769230769230769,-0.045838419245698765,26,2
984,igrea,chg,swap,60,0.08565439596849535,0.03180822307766031,0.5,0.047655996617522685,26,2
984,igrea,chg,swap,90,0.06420794223862607,-0.02134947600477295,0.5769230769230769,0.05949004716786718,26,2
984,igrea,chg,swap,120,0.012008654996216474,0.054467222003389805,0.56,0.05816355332879125,25,2
984,igrea,chg,swap,180,0.03181236123328598,0.042698820143945215,0.48,-0.02440013472741429,25,2
984,igrea,chg,swap,252,0.05451728808324147,0.026372549582873113,0.48,0.01985135530222008,25,2
984,igrea,chg,swap,378,0.22628803907393039,0.19256691948811944,0.625,0.036683742560032165,24,2
984,igrea,chg,swap,504,0.29946479416983307,0.20444086643997847,0.625,-0.03176884315752572,24,2
984,igrea,slope,swap,20,0.19726399233727493,0.24808900355356342,0.6153846153846154,-0.05047972291900514,26,2
984,igrea,slope,swap,40,0.06675113452968148,0.11286572987588316,0.5384615384615384,-0.040550070900562465,26,2
984,igrea,slope,swap,60,-0.020633810387112605,-0.17128376256420713,0.4230769230769231,0.04645000937684354,26,2
984,igrea,slope,swap,90,0.07770107826576486,-0.05781655167889328,0.5384615384615384,0.05240664675989628,26,2
984,igrea,slope,swap,120,0.06050839827712675,0.049254908854128684,0.46153846153846156,0.0549732457564091,26,2
984,igrea,slope,swap,180,0.06480269829753664,0.12213187376095504,0.5,0.015263069172708884,26,2
984,igrea,slope,swap,252,0.1164267646517902,0.11742796809394798,0.56,-0.048300486387189354,25,2
984,igrea,slope,swap,378,0.08510163230708184,0.18589437793625677,0.56,-0.04244115680514298,25,2
984,igrea,slope,swap,504,0.36683125425854324,0.3512407264264558,0.64,0.0426429724461465,25,2
984,igrea,dStdev,swap,20,0.24574130736077085,0.22593851156441608,0.5384615384615384,0.04253759636396404,26,2
984,igrea,dStdev,swap,40,-0.06319702454842534,-0.14241624154187096,0.46153846153846156,-0.024690696725588032,26,2
984,igrea,dStdev,swap,60,0.06339892114773453,-0.052791514065427626,0.4230769230769231,-0.02300929113611953,26,2
984,igrea,dStdev,swap,90,0.24129221383524566,0.09220867590178108,0.5384615384615384,-0.045417374586622275,26,2
984,igrea,dStdev,swap,120,0.2025916216397587,0.10256982111970851,0.5384615384615384,-0.06340777999623125,26,2
984,igrea,dStdev,swap,180,0.10272381916975049,0.1238059369454874,0.5769230769230769,0.04484259543169268,26,2
984,igrea,dStdev,swap,252,-0.0214317160940292,-0.03708797778389601,0.52,0.01456625216968927,25,2
984,igrea,dStdev,swap,378,0.12565330485471252,0.047973125433424926,0.48,-0.001523464695128316,25,2
984,igrea,dStdev,swap,504,0.055928183842090314,0.04039982094875757,0.56,0.04319232714020342,25,2
984,igrea,dSkew,swap,20,0.2120832130328461,0.3307437200159372,0.5769230769230769,-0.04526730840347368,26,2
984,igrea,dSkew,swap,40,0.032764232671178097,0.027115289110035124,0.46153846153846156,-0.048646731065511914,26,2
984,igrea,dSkew,swap,60,0.27964456477195737,0.24807031571624102,0.6923076923076923,0.021653754623071897,26,3
984,igrea,dSkew,swap,90,0.09725371591471652,-0.046226663613974116,0.5769230769230769,-0.0021795941641777655,26,2
984,igrea,dSkew,swap,120,0.19311380999053632,0.07101373412952776,0.5769230769230769,-0.05581537650371421,26,2
984,igrea,dSkew,swap,180,0.14845962942754984,0.14340275454856713,0.5769230769230769,-0.07716473579372579,26,2
984,igrea,dSkew,swap,252,0.22142033873961256,0.1941268610023334,0.64,-0.05552087412768266,25,2
984,igrea,dSkew,swap,378,0.48354497043007644,0.4804330433490998,0.68,-0.14206143748804828,25,3
984,igrea,dSkew,swap,504,0.6177678418303103,0.8212709383990832,0.84,-0.14948778999707008,25,4
984,igrea,ac1,swap,20,0.26876316152519514,0.355259563670254,0.6153846153846154,0.04496074695692649,26,2
984,igrea,ac1,swap,40,0.05727731395720377,0.03188048932059267,0.5,0.019446104259618353,26,2
984,igrea,ac1,swap,60,0.08516875492701259,-0.01289828431893525,0.5,0.07271058721138918,26,2
984,igrea,ac1,swap,90,0.14577073117680617,0.12519754069303482,0.5769230769230769,0.14411941613484028,26,2
984,igrea,ac1,swap,120,0.13075364556544747,0.19155806919887433,0.5769230769230769,0.1815324692308183,26,1
984,igrea,ac1,swap,180,0.21304085283980956,0.028252970689633995,0.5,0.12766285613863676,26,2
984,igrea,ac1,swap,252,0.13443601733150315,0.2334263593361827,0.52,0.027463185369689707,25,2
984,igrea,ac1,swap,378,0.3346321962140539,0.4200340557826985,0.72,0.20959411777541465,25,2
984,igrea,ac1,swap,504,0.30132590282999294,0.22760857053315178,0.56,0.17721462516589143,25,1
984,igrea,pctpos,swap,20,0.2495267363406957,0.38136025975862237,0.6153846153846154,-0.03285725393174939,26,2
984,igrea,pctpos,swap,40,0.22030275492444817,0.34264157224635106,0.6538461538461539,-0.016273172858490007,26,3
984,igrea,pctpos,swap,60,0.23975022547835206,0.4030825792962474,0.6538461538461539,-0.001830765936377837,26,3
984,igrea,pctpos,swap,90,0.1623046113886244,0.28323603943966186,0.6538461538461539,0.01718661335262875,26,3
984,igrea,pctpos,swap,120,0.25415000921903425,0.1575838646573016,0.5384615384615384,0.01604345228483607,26,2
984,igrea,pctpos,swap,180,0.27852456690144156,0.2120369142288672,0.5384615384615384,0.0458619448991735,26,2
984,igrea,pctpos,swap,252,0.331271758132463,0.36615318587197254,0.6,0.002467661919628228,25,2
984,igrea,pctpos,swap,378,0.25406961285056867,0.26349238121580737,0.56,-0.09468019511343889,25,2
984,igrea,pctpos,swap,504,0.15749032440482436,0.17856618299797472,0.56,-0.09630561397295093,25,2
1275,cny_usd,selfz,location,20,-0.2020993032250292,-0.28715840697336087,0.4,-0.02790424958435512,10,2
1275,cny_usd,selfz,location,40,-0.04631869497347964,-0.13619117316989218,0.3,0.02511215524593664,10,2
1275,cny_usd,selfz,location,60,-0.05440529020036686,-0.10336899649623646,0.6,0.06602048991730981,10,2
1275,cny_usd,selfz,location,90,-0.1487818781605974,-0.043653560043578316,0.4,0.09023526755812192,10,2
1275,cny_usd,selfz,location,120,-0.24803564884483717,-0.2096065048980072,0.4,0.11004434405531589,10,2
1275,cny_usd,selfz,location,180,-0.037746421037772954,0.1127952320598812,0.6,0.11268662701189268,10,2
1275,cny_usd,selfz,location,252,-0.1050069338141323,0.14164049201521195,0.6,0.17719203187122648,10,1
1275,cny_usd,selfz,location,378,0.22991423843678332,-0.09254040516473082,0.4,-0.25118435958658625,10,1
1275,cny_usd,selfz,location,504,0.3798345986009213,0.019944605600438543,0.5,-0.2530936836151831,10,1
1275,cny_usd,robustz,location,20,-0.05898777106024982,-0.19651906670288227,0.5,-0.1329391418596093,10,2
1275,cny_usd,robustz,location,40,0.11853410871929922,0.015353934239766043,0.5,-0.021246070864468006,10,2
1275,cny_usd,robustz,location,60,0.13637573788411722,0.0406675726162623,0.4,-0.03846721392668427,10,2
1275,cny_usd,robustz,location,90,-0.22883213197744087,-0.21535891073569016,0.3,-0.02278479736133209,10,2
1275,cny_usd,robustz,location,120,-0.2861359277959872,-0.2971871137566121,0.3,-0.05305545653184914,10,2
1275,cny_usd,robustz,location,180,-0.10670432525345928,-0.01033885387435447,0.7,-0.011176822470206465,10,3
1275,cny_usd,robustz,location,252,0.10478665512390453,-0.07800006219597101,0.4,-0.16600117061976888,10,1
1275,cny_usd,robustz,location,378,0.324664930745786,-0.056508895750493594,0.4,-0.3239954959606647,10,1
1275,cny_usd,robustz,location,504,0.38510330935315995,0.20623275789997877,0.6,-0.33730045115427026,10,1
1275,cny_usd,bdtanh,location,20,-0.12513484214543286,-0.1595420985093249,0.5,0.004591109674837876,10,2
1275,cny_usd,bdtanh,location,40,-0.010454535308961281,-0.059069738743010344,0.4,0.08555615266435015,10,2
1275,cny_usd,bdtanh,location,60,-0.09050794227873635,-0.11512009612654617,0.4,0.10997851239565304,10,2
1275,cny_usd,bdtanh,location,90,-0.24022152927663404,-0.11527188754917693,0.5,0.17731218183436143,10,1
1275,cny_usd,bdtanh,location,120,0.2460309236822613,0.05300767887276055,0.5,-0.21022378443426698,10,1
1275,cny_usd,bdtanh,location,180,0.05708430657783491,-0.11177364390292362,0.4,-0.21447112653323963,10,1
1275,cny_usd,bdtanh,location,252,0.15450166334743906,-0.1383912828587594,0.4,-0.29764760962596853,10,1
1275,cny_usd,bdtanh,location,378,0.3111970013037776,0.024855913750951864,0.4,-0.3007052063030992,10,1
1275,cny_usd,bdtanh,location,504,0.4589759126612531,0.23534576172702223,0.7,-0.26739314218465343,10,2
1275,cny_usd,rankc,location,20,-0.10658184907345225,-0.14908690904258268,0.5,-0.015467215333204687,10,2
1275,cny_usd,rankc,location,40,-0.06016109291679511,-0.10061931583249026,0.4,0.07724115865753077,10,2
1275,cny_usd,rankc,location,60,-0.13461330596504065,-0.1260775945347979,0.4,0.127669276343753,10,2
1275,cny_usd,rankc,location,90,-0.24684303259763224,-0.1471452552934734,0.5,0.18384799614468433,10,1
1275,cny_usd,rankc,location,120,-0.3062568310263982,-0.2757769671613527,0.4,0.23240973983295948,10,1
1275,cny_usd,rankc,location,180,0.12880671331821222,-0.0037577271993954847,0.4,-0.2790345362649604,10,1
1275,cny_usd,rankc,location,252,0.18632172008181397,-0.03221690907691036,0.4,-0.3162587759842721,10,1
1275,cny_usd,rankc,location,378,0.20214465033858847,0.005999660485428029,0.4,-0.3899461299729729,10,1
1275,cny_usd,rankc,location,504,0.29463566557927706,0.23381607562753282,0.7,-0.4129259680347842,10,2
1275,cny_usd,signth,location,20,-0.10347470552184007,-0.17267973196757833,0.4,-0.028119186366793406,10,2
1275,cny_usd,signth,location,40,0.09637379837430177,0.07492295731907336,0.5,0.09184112701223295,10,2
1275,cny_usd,signth,location,60,-0.15556141338560628,-0.08264719940891549,0.3,0.12214676375423882,10,2
1275,cny_usd,signth,location,90,-0.22684599001667902,0.003826254615286204,0.4,0.14690074584714827,10,2
1275,cny_usd,signth,location,120,0.4766506288616527,0.11915440877073821,0.7,-0.31248673144000744,10,2
1275,cny_usd,signth,location,180,0.01368782871647817,-0.3211871467217286,0.4,-0.2680105566864572,10,1
1275,cny_usd,signth,location,252,0.28233888641944066,0.04242871662517257,0.5,-0.2840008800434535,10,1
1275,cny_usd,signth,location,378,0.001017819233774384,-0.1538010860718515,0.3,-0.24885056866007457,10,1
1275,cny_usd,signth,location,504,0.1921631356453101,0.004659167992417258,0.6,-0.2619919486666851,10,1
1275,cny_usd,dev,location,20,0.07536518588838917,-0.02093822691152305,0.5,-0.09065320864603328,10,2
1275,cny_usd,dev,location,40,0.0899237619095286,0.14991841275113355,0.6,-0.035355141142925865,10,2
1275,cny_usd,dev,location,60,-0.05649867889048746,0.0031001430698689688,0.6,-0.018037801204315414,10,2
1275,cny_usd,dev,location,90,-0.15715613034724857,-0.028784964671333138,0.5,0.027711522979192656,10,2
1275,cny_usd,dev,location,120,-0.18605618554857206,-0.045646052388140596,0.4,0.10394601666307245,10,2
1275,cny_usd,dev,location,180,0.15899722572077354,-0.08135705337603646,0.4,-0.19386405447804464,10,1
1275,cny_usd,dev,location,252,0.26585248860787253,-0.12403946712596646,0.4,-0.24928821088674535,10,1
1275,cny_usd,dev,location,378,0.32533270366684075,0.030009540737452076,0.4,-0.310570078437411,10,1
1275,cny_usd,dev,location,504,0.32735288077797947,0.2309116254482497,0.7,-0.3684972684199276,10,2
1275,cny_usd,instStdev,swap,20,-0.24262718504442257,-0.0617442486653429,0.5,0.3283414642839997,10,1
1275,cny_usd,instStdev,swap,40,-0.07639983804127702,-0.0389088053824525,0.4,0.2849100480003819,10,1
1275,cny_usd,instStdev,swap,60,-0.07420094423872607,-0.10457935632992649,0.6,0.26496015209934476,10,1
1275,cny_usd,instStdev,swap,90,0.008112957946208877,-0.04393081812632732,0.6,0.2302731318031709,10,1
1275,cny_usd,instStdev,swap,120,0.13622082404397542,0.017984837419823263,0.6,0.07735628509291557,10,2
1275,cny_usd,instStdev,swap,180,0.32305619240333655,0.21374507697675288,0.6,-0.23549513953420104,10,1
1275,cny_usd,instStdev,swap,252,0.35273289389413576,0.347425794192417,0.6,-0.2641119958571982,10,1
1275,cny_usd,instStdev,swap,378,0.1546207415473037,0.004067741893908394,0.5,-0.008448133597964676,10,2
1275,cny_usd,instStdev,swap,504,0.0008667411401539059,0.06809398039353373,0.5,0.08871279292297198,10,2
1275,cny_usd,instSkew,swap,20,-0.11811971874909974,-0.4063516588341684,0.4,-0.20798155885431283,10,1
1275,cny_usd,instSkew,swap,40,0.4029063335611727,0.4385721035076049,0.7,-0.3461576040935217,10,2
1275,cny_usd,instSkew,swap,60,0.8636281016462377,1.1875509237118347,0.9,-0.23808905579034473,10,3
1275,cny_usd,instSkew,swap,90,0.5286258331831595,0.5440587962318172,0.6,-0.28130933410314984,10,1
1275,cny_usd,instSkew,swap,120,0.10060569203778107,-0.08332837159913856,0.4,-0.3134759918466908,10,1
1275,cny_usd,instSkew,swap,180,0.04119120867927191,0.1136480169453293,0.4,-0.04000663029589777,10,2
1275,cny_usd,instSkew,swap,252,0.2093177665011309,0.0017184362063278702,0.6,0.02337534408642124,10,2
1275,cny_usd,instSkew,swap,378,0.5909241035973668,0.24607313068763545,0.6,0.031367316702973415,10,2
1275,cny_usd,instSkew,swap,504,0.5943650161990476,0.25407697361785386,0.6,0.059150929909816526,10,2
1275,cny_usd,instKurt,swap,20,0.48199953575718235,0.5055541956869071,0.7,-0.06116613869857235,10,3
1275,cny_usd,instKurt,swap,40,0.27506907353160415,0.127101588816942,0.6,-0.18609337848760177,10,1
1275,cny_usd,instKurt,swap,60,0.1114903561389515,-0.09666786538949601,0.5,-0.22647247577939006,10,1
1275,cny_usd,instKurt,swap,90,0.29581704808640585,0.5003338294780031,0.5,-0.06371777052930681,10,2
1275,cny_usd,instKurt,swap,120,0.46550610568177814,0.05199747375142796,0.5,-0.16384316357602524,10,1
1275,cny_usd,instKurt,swap,180,0.00144927526134542,-0.24342362806177242,0.3,-0.07944834110738326,10,2
1275,cny_usd,instKurt,swap,252,-0.05346403372321229,-0.2782238007137839,0.4,-0.23520314813678847,10,1
1275,cny_usd,instKurt,swap,378,0.1823318171781885,-0.07306479011484854,0.4,-0.10991964060201563,10,2
1275,cny_usd,instKurt,swap,504,-0.09300784779979451,-0.08134636692103905,0.4,0.10220094827234061,10,2
1275,cny_usd,minmax,swap,20,-0.17988937828812865,-0.2017193399259842,0.3,0.028899319095215995,10,2
1275,cny_usd,minmax,swap,40,-0.1530359012477255,-0.23340539844108663,0.4,0.10375681648825,10,2
1275,cny_usd,minmax,swap,60,-0.26185062526041264,-0.32553801073407834,0.3,0.11567642711260694,10,2
1275,cny_usd,minmax,swap,90,-0.38792768888805473,-0.4175089753570071,0.2,0.23718695074870114,10,1
1275,cny_usd,minmax,swap,120,0.2611781900239233,0.2857936751932857,0.5,-0.27453907155206597,10,1
1275,cny_usd,minmax,swap,180,0.09944530314614698,-0.1304838152520557,0.4,-0.2366608938147144,10,1
1275,cny_usd,minmax,swap,252,0.09664750848312274,-0.19000640062549384,0.4,-0.2415461186547637,10,1
1275,cny_usd,minmax,swap,378,0.04438128788990056,-0.06868951216782108,0.5,-0.38467745968304223,10,1
1275,cny_usd,minmax,swap,504,0.04082329116097055,-0.01831525020560506,0.5,-0.36198864112017654,10,1
1275,cny_usd,chg,swap,20,0.07611296820534691,-0.003677839796823729,0.6,-0.039225432150444585,10,2
1275,cny_usd,chg,swap,40,-0.04697032224271495,-0.007606665932500913,0.4,0.020705389093170847,10,2
1275,cny_usd,chg,swap,60,-0.2707992101869855,-0.19014523220955473,0.4,0.010415577594868492,10,2
1275,cny_usd,chg,swap,90,0.3122867976217775,0.14392234053968272,0.5,-0.15664380370039163,10,1
1275,cny_usd,chg,swap,120,0.13370291170311044,-0.02855089660986835,0.4,-0.2226680662332514,10,1
1275,cny_usd,chg,swap,180,0.11038128904084762,-0.24045395661808822,0.3,-0.09671596274913109,10,2
1275,cny_usd,chg,swap,252,0.42830933080045647,0.1594002582721757,0.7,-0.27246810373946523,10,2
1275,cny_usd,chg,swap,378,0.24615587958448062,0.32656107677736324,0.6,-0.5029520692473437,10,1
1275,cny_usd,chg,swap,504,-0.19814252721527015,-0.14583669232935345,0.5,-0.3688494987528882,10,1
1275,cny_usd,slope,swap,20,0.1926434677530605,0.2475515999904519,0.5,-0.047837201719551074,10,2
1275,cny_usd,slope,swap,40,0.15836730307267194,0.254150587794025,0.5,0.047511439985729036,10,2
1275,cny_usd,slope,swap,60,0.12039470857113269,0.0779274923803703,0.6,-0.07105278091419487,10,2
1275,cny_usd,slope,swap,90,0.2621790744401845,0.1414711617299589,0.6,-0.13465641333593023,10,2
1275,cny_usd,slope,swap,120,0.20720516020840216,0.043033537006781364,0.5,-0.21339452026195815,10,1
1275,cny_usd,slope,swap,180,0.041442870818814204,-0.19139441388394487,0.4,-0.14117656190180605,10,2
1275,cny_usd,slope,swap,252,0.13314530468649574,-0.12044246118917919,0.4,-0.0976329269177574,10,2
1275,cny_usd,slope,swap,378,0.2626033158451078,0.12272824750130669,0.6,-0.38381015957979614,10,1
1275,cny_usd,slope,swap,504,0.1324934523094602,0.23986483376129633,0.5,-0.5486538077111274,10,1
1275,cny_usd,dStdev,swap,20,0.24172115535137415,0.23326282782687902,0.5,0.18128317126143986,10,1
1275,cny_usd,dStdev,swap,40,0.11100630120704265,0.12967738742629706,0.4,0.16721570504386882,10,1
1275,cny_usd,dStdev,swap,60,0.0025307465422409344,0.05324608091625462,0.6,0.21025013236439444,10,1
1275,cny_usd,dStdev,swap,90,0.08099379373889745,0.2533394704754926,0.7,0.2006574912381528,10,2
1275,cny_usd,dStdev,swap,120,0.26781337730950167,0.35053986243058494,0.6,0.060884048338691536,10,2
1275,cny_usd,dStdev,swap,180,0.17123683886906765,0.12060999320549458,0.5,0.23325202286025695,10,1
1275,cny_usd,dStdev,swap,252,0.4342287810835808,0.35752072044336064,0.6,0.12595895306820235,10,2
1275,cny_usd,dStdev,swap,378,0.3473552724521798,0.22706781337181517,0.7,0.4189099988477262,10,2
1275,cny_usd,dStdev,swap,504,-0.3713477881043322,-0.289698433901806,0.4,-0.32659885811751915,10,1
1275,cny_usd,dSkew,swap,20,-0.22254186595852504,-0.2195151748952324,0.5,-0.008189258719720338,10,2
1275,cny_usd,dSkew,swap,40,-0.3507683731066462,-0.297050465697898,0.4,0.10998484460347677,10,2
1275,cny_usd,dSkew,swap,60,0.5263242162429032,0.4845347500104591,0.8,-0.10881023698653329,10,3
1275,cny_usd,dSkew,swap,90,0.5661266441810276,0.3939107010754589,0.7,-0.17089496584403802,10,2
1275,cny_usd,dSkew,swap,120,0.5157126950032649,0.24383499622496962,0.6,-0.14728824717139377,10,2
1275,cny_usd,dSkew,swap,180,0.1128618340589448,-0.09720417521583163,0.4,0.12211209811598443,10,2
1275,cny_usd,dSkew,swap,252,0.16165972655484248,-0.12966840093178492,0.4,0.06721855092336307,10,2
1275,cny_usd,dSkew,swap,378,0.3731113322148234,0.41437612068975627,0.6,-0.2543599994076774,10,1
1275,cny_usd,dSkew,swap,504,0.2999345728908333,0.2042407637399695,0.6,-0.028292310279477668,10,2
1275,cny_usd,ac1,swap,20,0.015598988823873823,-0.1750045895917842,0.5,-0.1002485134161279,10,2
1275,cny_usd,ac1,swap,40,-0.08950695637421055,-0.3020062347269479,0.4,-0.09317655707004341,10,2
1275,cny_usd,ac1,swap,60,-0.04864824499701878,-0.1393413477118094,0.4,-0.009141401238753646,10,2
1275,cny_usd,ac1,swap,90,0.32253708368407896,0.3013245395068294,0.6,-0.1416962636926167,10,2
1275,cny_usd,ac1,swap,120,-0.14297858902318739,0.03368658186105449,0.4,0.1866804030233063,10,1
1275,cny_usd,ac1,swap,180,0.28275824430320334,0.33877484056661616,0.8,-0.0011618693627942788,10,3
1275,cny_usd,ac1,swap,252,0.574050183680335,0.5093754834589506,0.6,-0.22827435559987752,10,1
1275,cny_usd,ac1,swap,378,0.19098948176133412,0.06817267470415879,0.6,-0.14522505843163724,10,2
1275,cny_usd,ac1,swap,504,0.37442173862755085,0.6848554371689959,0.7,0.17256070543157043,10,3
1275,cny_usd,pctpos,swap,20,0.24496989743420589,0.1532700602529229,0.6,0.017738576282666316,10,2
1275,cny_usd,pctpos,swap,40,0.08626043707143469,0.07285512450230165,0.5,-0.017011071185769243,10,2
1275,cny_usd,pctpos,swap,60,0.048533343077830644,0.1528467012096606,0.5,-0.025261318413501585,10,2
1275,cny_usd,pctpos,swap,90,0.08696188068502317,-0.1359286230052688,0.4,-0.06078045380596927,10,2
1275,cny_usd,pctpos,swap,120,-0.14777565937679063,-0.2929632389437778,0.5,-0.19309524536919692,10,1
1275,cny_usd,pctpos,swap,180,0.2831443666480062,-0.020837635496307825,0.3,-0.15890436890092952,10,1
1275,cny_usd,pctpos,swap,252,0.18047464116971593,0.08035017680326771,0.5,-0.29047982003583295,10,1
1275,cny_usd,pctpos,swap,378,0.058875982985532926,0.08621318606552703,0.5,-0.35236422638305126,10,1
1275,cny_usd,pctpos,swap,504,-0.270911733927757,-0.17112437199694613,0.5,-0.2163357249736061,10,1
1275,us_dxy_broad,selfz,location,20,-0.2224597370735495,-0.41774660186476203,0.4,0.1656127030087201,10,1
1275,us_dxy_broad,selfz,location,40,0.42674702931879693,0.5936578124740478,0.7,-0.18328410951086863,10,2
1275,us_dxy_broad,selfz,location,60,0.40797487956241063,0.6513682047126922,0.7,-0.17640701791546498,10,3
1275,us_dxy_broad,selfz,location,90,0.40443546746657183,0.6673245743982507,0.6,-0.18269057537423444,10,2
1275,us_dxy_broad,selfz,location,120,0.2979272632898891,0.47826728946688973,0.7,-0.21715098124689017,10,2
1275,us_dxy_broad,selfz,location,180,0.16411334898829705,0.3136449469011281,0.7,-0.2689695065504876,10,2
1275,us_dxy_broad,selfz,location,252,0.2620989163978921,0.459038392863409,0.8,-0.3012397089238806,10,2
1275,us_dxy_broad,selfz,location,378,0.3016701855569337,0.4309903848893704,0.8,-0.33221055766303975,10,2
1275,us_dxy_broad,selfz,location,504,0.30319616153782736,0.3313273376359128,0.8,-0.38300423710217385,10,2
1275,us_dxy_broad,robustz,location,20,0.2428298310577136,0.3333617500239487,0.6,-0.1201061051092811,10,2
1275,us_dxy_broad,robustz,location,40,0.30565852375426095,0.4324490491604107,0.6,-0.15474972645788707,10,1
1275,us_dxy_broad,robustz,location,60,0.32948869303061556,0.5346221205687546,0.6,-0.17521058269513273,10,1
1275,us_dxy_broad,robustz,location,90,0.5186286195974524,0.5029784493305278,0.7,-0.2076904374132175,10,2
1275,us_dxy_broad,robustz,location,120,0.3356587694525842,0.2932901208664032,0.7,-0.2636414834834871,10,2
1275,us_dxy_broad,robustz,location,180,0.30999166470189743,0.576993647600703,0.8,-0.2890951377124956,10,2
1275,us_dxy_broad,robustz,location,252,0.346804228647919,0.5234171620620535,0.7,-0.26620327303657504,10,2
1275,us_dxy_broad,robustz,location,378,0.3490407838203313,0.4600388265443102,0.7,-0.32166004503785073,10,2
1275,us_dxy_broad,robustz,location,504,0.31535454851590455,0.35884033171046686,0.7,-0.36729663295054726,10,2
1275,us_dxy_broad,bdtanh,location,20,-0.1453532479209252,-0.29918105860787414,0.4,0.18262093486835496,10,1
1275,us_dxy_broad,bdtanh,location,40,0.4418671123285588,0.6201082495638954,0.7,-0.1922665433283,10,3
1275,us_dxy_broad,bdtanh,location,60,0.48762200198336525,0.8947626095619996,0.8,-0.18729654096457027,10,3
1275,us_dxy_broad,bdtanh,location,90,0.41368997681011327,0.8434900154009651,0.8,-0.19420982639017265,10,3
1275,us_dxy_broad,bdtanh,location,120,0.297157196276607,0.5210562672697676,0.7,-0.22980748336587134,10,2
1275,us_dxy_broad,bdtanh,location,180,0.21852035231107197,0.45503429081714153,0.7,-0.28392351156414014,10,2
1275,us_dxy_broad,bdtanh,location,252,0.34052423354942984,0.6063567452833875,0.8,-0.32356833117853,10,3
1275,us_dxy_broad,bdtanh,location,378,0.3738842805476546,0.48715220572244183,0.8,-0.3584502452342857,10,2
1275,us_dxy_broad,bdtanh,location,504,0.3565291678605347,0.4147328398848662,0.8,-0.41001583405026054,10,2
1275,us_dxy_broad,rankc,location,20,-0.1438874359376447,-0.2816339010603952,0.4,0.17666510477039907,10,1
1275,us_dxy_broad,rankc,location,40,0.3914750543994526,0.5320163014437955,0.7,-0.1941533931594,10,2
1275,us_dxy_broad,rankc,location,60,0.4670726786418711,0.7385186493021874,0.7,-0.1828783044828699,10,3
1275,us_dxy_broad,rankc,location,90,0.4719532804376797,0.7410465848299967,0.7,-0.17692327085672724,10,3
1275,us_dxy_broad,rankc,location,120,0.3458861619052887,0.5268792246648403,0.8,-0.20747100186480213,10,2
1275,us_dxy_broad,rankc,location,180,0.22309047835192042,0.3858688698444244,0.7,-0.27025766618276303,10,2
1275,us_dxy_broad,rankc,location,252,0.2613856328688324,0.4362841831264206,0.8,-0.3128720805300967,10,2
1275,us_dxy_broad,rankc,location,378,0.35052155166636356,0.4582535472569649,0.8,-0.37014126021232896,10,2
1275,us_dxy_broad,rankc,location,504,0.3169814097395161,0.4000368214224817,0.8,-0.40171354719845676,10,2
1275,us_dxy_broad,signth,location,20,0.15470112461506533,0.26043152151758814,0.6,-0.1871915937231358,10,1
1275,us_dxy_broad,signth,location,40,0.4101072263563106,0.6396730701777059,0.8,-0.20289304246142592,10,3
1275,us_dxy_broad,signth,location,60,0.3627493081076017,0.5997395093274843,0.7,-0.18411307985047715,10,2
1275,us_dxy_broad,signth,location,90,0.5058199589934981,0.8936717937201811,0.9,-0.18157140454028725,10,3
1275,us_dxy_broad,signth,location,120,0.3451518674231511,0.6967733838367836,0.9,-0.21923627377426744,10,3
1275,us_dxy_broad,signth,location,180,0.1857548065014308,0.4414207891167001,0.7,-0.2788814569396618,10,2
1275,us_dxy_broad,signth,location,252,0.38352591462343844,0.9736056587045805,0.8,-0.33983171028833464,10,3
1275,us_dxy_broad,signth,location,378,0.3755524993053008,0.5951015299423957,0.8,-0.4106775033968542,10,2
1275,us_dxy_broad,signth,location,504,0.210857563310363,0.2661072921516567,0.8,-0.42284802488939977,10,2
1275,us_dxy_broad,dev,location,20,0.18362870776268408,0.2918025982342291,0.5,-0.14971598009242004,10,2
1275,us_dxy_broad,dev,location,40,0.46255259779665564,0.7197729915033626,0.8,-0.17457763181021374,10,3
1275,us_dxy_broad,dev,location,60,0.5402385967235549,1.1061045417045308,0.8,-0.17829404584929578,10,3
1275,us_dxy_broad,dev,location,90,0.5694613204244247,1.270697953365597,0.9,-0.17646984581830755,10,3
1275,us_dxy_broad,dev,location,120,0.5144395255403621,1.0888039521476096,0.9,-0.17879684683811958,10,3
1275,us_dxy_broad,dev,location,180,0.42796918395606764,0.7310535621854203,0.8,-0.19020901468518558,10,3
1275,us_dxy_broad,dev,location,252,0.3957006283745355,0.7420025524725691,0.8,-0.23395482596718073,10,3
1275,us_dxy_broad,dev,location,378,0.3635857787633129,0.5202612680243143,0.7,-0.3573567687937782,10,2
1275,us_dxy_broad,dev,location,504,0.2694899442328367,0.3053471812588673,0.8,-0.41050229774732094,10,2
1275,us_dxy_broad,instStdev,swap,20,0.25777910063144405,0.30084646968908146,0.6,-0.16157158809169064,10,1
1275,us_dxy_broad,instStdev,swap,40,0.39150656846801934,0.5062787108141563,0.7,-0.2339099291222235,10,2
1275,us_dxy_broad,instStdev,swap,60,-0.23604168957264812,-0.043001435414985884,0.4,-0.060584832215874095,10,2
1275,us_dxy_broad,instStdev,swap,90,0.37633131892474575,0.31428123175921496,0.7,0.06342415744987048,10,3
1275,us_dxy_broad,instStdev,swap,120,0.44825856104877937,0.40596645890706273,0.7,0.04090075226748912,10,3
1275,us_dxy_broad,instStdev,swap,180,0.1697986149206892,0.14159732595625435,0.6,-0.02675453485586687,10,2
1275,us_dxy_broad,instStdev,swap,252,0.13746630214457237,0.1306857523264182,0.6,-0.084723940665904,10,2
1275,us_dxy_broad,instStdev,swap,378,0.6331264468463854,0.6390563932848623,0.7,0.22376758951159753,10,3
1275,us_dxy_broad,instStdev,swap,504,0.2582112396270697,0.21402112919386312,0.7,0.18386430979718296,10,2
1275,us_dxy_broad,instSkew,swap,20,0.1469165554871084,0.06324799119980128,0.6,-0.008729447360430746,10,2
1275,us_dxy_broad,instSkew,swap,40,0.344557800712461,0.3049988522734095,0.7,0.0032759685524458696,10,3
1275,us_dxy_broad,instSkew,swap,60,0.3923748348849037,0.6544363338469519,0.8,-0.1294373436995393,10,4
1275,us_dxy_broad,instSkew,swap,90,0.33535948109896396,0.20485612337728942,0.6,-0.015320996827718905,10,2
1275,us_dxy_broad,instSkew,swap,120,0.39897498762317185,0.025848374759894245,0.6,-0.1686171663520765,10,1
1275,us_dxy_broad,instSkew,swap,180,0.2604563206751743,0.24687901158239903,0.5,0.3181106105386272,10,1
1275,us_dxy_broad,instSkew,swap,252,0.019440993904973197,0.0983179994596865,0.6,0.155749764634311,10,1
1275,us_dxy_broad,instSkew,swap,378,0.006649957612429953,0.09112137890752388,0.6,-0.18720716600160064,10,1
1275,us_dxy_broad,instSkew,swap,504,-0.05988352384667608,-0.019750536911437872,0.6,0.1057679657366939,10,2
1275,us_dxy_broad,instKurt,swap,20,0.11116181746697366,0.05028125579067345,0.4,0.13350192304324016,10,2
1275,us_dxy_broad,instKurt,swap,40,0.3524861217726243,0.3737149510440922,0.6,3.107985510907887e-05,10,2
1275,us_dxy_broad,instKurt,swap,60,-0.4216551377480659,-0.08269543629344842,0.4,0.08660900697358802,10,2
1275,us_dxy_broad,instKurt,swap,90,0.38277210676675577,0.19077922106186662,0.6,-0.1920420934160291,10,1
1275,us_dxy_broad,instKurt,swap,120,0.41698634801509693,0.27713228519813893,0.8,-0.15148999297359186,10,2
1275,us_dxy_broad,instKurt,swap,180,0.1571158936181609,0.30302378818429426,0.5,-0.24615080198959002,10,1
1275,us_dxy_broad,instKurt,swap,252,0.3748428965735967,0.3955085417926334,0.7,-0.24579114514773187,10,2
1275,us_dxy_broad,instKurt,swap,378,-0.36362071526460055,-0.36791957076903214,0.3,-0.2606013601091905,10,1
1275,us_dxy_broad,instKurt,swap,504,0.6154259102269579,0.9185143001039906,0.8,0.3226108207183219,10,3
1275,us_dxy_broad,minmax,swap,20,-0.2298986397214262,-0.4164732181019684,0.3,0.18465316258664016,10,1
1275,us_dxy_broad,minmax,swap,40,0.4700692564143454,0.7642308593517982,0.8,-0.20587751985279737,10,3
1275,us_dxy_broad,minmax,swap,60,0.3773319994908464,0.6889467944204576,0.7,-0.20279460255806314,10,3
1275,us_dxy_broad,minmax,swap,90,0.3781418788616533,0.7904947075614374,0.7,-0.20006077966883376,10,3
1275,us_dxy_broad,minmax,swap,120,0.27430377890667135,0.702824846548311,0.6,-0.2149279368406768,10,2
1275,us_dxy_broad,minmax,swap,180,0.24035516141500313,0.700911900960989,0.8,-0.2457327542317104,10,3
1275,us_dxy_broad,minmax,swap,252,0.2864766705792551,0.6772085230492624,0.8,-0.26360353195627595,10,3
1275,us_dxy_broad,minmax,swap,378,0.3234109506193929,0.43128122052714907,0.7,-0.3912240874675242,10,2
1275,us_dxy_broad,minmax,swap,504,0.197282862069951,0.2701909714301579,0.7,-0.40341296199334253,10,2
1275,us_dxy_broad,chg,swap,20,0.4235615528862646,0.5439587431687855,0.8,-0.15987918798276896,10,2
1275,us_dxy_broad,chg,swap,40,0.654463954371319,1.2780734314294508,0.9,-0.17374028892933863,10,3
1275,us_dxy_broad,chg,swap,60,0.4761856056140184,0.8751218355690296,0.8,-0.13489330752282472,10,4
1275,us_dxy_broad,chg,swap,90,0.5753457847853746,1.0054648281227563,0.9,-0.1937348459511867,10,3
1275,us_dxy_broad,chg,swap,120,0.402495855682393,0.505416712166135,0.7,-0.16587642225234722,10,2
1275,us_dxy_broad,chg,swap,180,0.3569086784489352,0.42727335273191974,0.6,-0.23409632445751144,10,1
1275,us_dxy_broad,chg,swap,252,0.2743998858130317,0.36567587930802836,0.7,-0.3442452737734387,10,2
1275,us_dxy_broad,chg,swap,378,-0.025779450069546708,0.09298431524515614,0.4,-0.5334683054047971,10,1
1275,us_dxy_broad,chg,swap,504,-0.08344292687929543,0.0013977315749941453,0.5,-0.37856743586530595,10,1
1275,us_dxy_broad,slope,swap,20,0.1983841474033476,0.18493258854959857,0.4,-0.13426687897426087,10,2
1275,us_dxy_broad,slope,swap,40,0.5364223404524712,1.0976625526642452,0.9,-0.15794223273907115,10,3
1275,us_dxy_broad,slope,swap,60,0.5773680853718928,1.2735122613446546,0.9,-0.14020155890096708,10,4
1275,us_dxy_broad,slope,swap,90,0.6485692944670262,0.9344217868643446,0.9,-0.14802339881229426,10,4
1275,us_dxy_broad,slope,swap,120,0.47301242623549566,0.4336943465738431,0.7,-0.15422207312374517,10,2
1275,us_dxy_broad,slope,swap,180,0.33700617219097884,0.3373787576062746,0.7,-0.1537008771249555,10,2
1275,us_dxy_broad,slope,swap,252,0.10951494562072674,0.21690377098984995,0.4,-0.19000740616708262,10,1
1275,us_dxy_broad,slope,swap,378,0.3784711291892945,0.14907851724736296,0.6,0.30678135766713444,10,1
1275,us_dxy_broad,slope,swap,504,0.28591877010673744,0.11905385177233449,0.5,0.3210584974199217,10,1
1275,us_dxy_broad,dStdev,swap,20,-0.07076059173923899,-0.21594672550364616,0.4,0.21644866989929268,10,1
1275,us_dxy_broad,dStdev,swap,40,0.329835686243379,0.15447889109575016,0.6,0.14622995424552016,10,2
1275,us_dxy_broad,dStdev,swap,60,0.23694845686570465,0.09277220451835276,0.5,0.11879096310561736,10,2
1275,us_dxy_broad,dStdev,swap,90,0.3571032006265317,0.29927318213012155,0.7,0.09907751552634393,10,3
1275,us_dxy_broad,dStdev,swap,120,0.32513202203466784,0.30927309898349387,0.7,0.07587254346572275,10,3
1275,us_dxy_broad,dStdev,swap,180,0.3650290543869566,0.345262959773232,0.6,0.09794333663309172,10,2
1275,us_dxy_broad,dStdev,swap,252,0.4821755179764431,0.3654611915631918,0.6,0.07056660716415632,10,2
1275,us_dxy_broad,dStdev,swap,378,0.6556003144123185,0.8350089337737656,0.7,-0.03479360131198206,10,4
1275,us_dxy_broad,dStdev,swap,504,0.6001539842588888,0.6230826447081025,0.8,0.13292232058739947,10,4
1275,us_dxy_broad,dSkew,swap,20,0.36940315361459264,0.32003361423605253,0.6,0.09941103546404376,10,2
1275,us_dxy_broad,dSkew,swap,40,0.3988269824308106,0.6240558186698418,0.7,0.09969653602643719,10,4
1275,us_dxy_broad,dSkew,swap,60,0.1600896562820776,0.18932644445109884,0.5,0.15930303675597463,10,1
1275,us_dxy_broad,dSkew,swap,90,0.05787629948463596,0.1329063969247944,0.5,0.32427101639133527,10,1
1275,us_dxy_broad,dSkew,swap,120,0.12350792609113369,0.24448618113367537,0.5,0.32022202020867785,10,1
1275,us_dxy_broad,dSkew,swap,180,0.1858142243831172,0.11235833792303372,0.6,0.2510375766978175,10,1
1275,us_dxy_broad,dSkew,swap,252,0.486029600480904,0.7910278398064706,0.7,0.19714126866661888,10,3
1275,us_dxy_broad,dSkew,swap,378,0.3367113350049504,0.3897123191172079,0.7,0.22517387436819528,10,2
1275,us_dxy_broad,dSkew,swap,504,0.09872106742441704,0.029901504936629717,0.4,-0.19771756224918385,10,1
1275,us_dxy_broad,ac1,swap,20,0.4627072115737889,0.25506944941781523,0.6,-0.09842957916013852,10,2
1275,us_dxy_broad,ac1,swap,40,0.6196812262935988,0.4536924706561451,0.6,-0.06978694495052312,10,2
1275,us_dxy_broad,ac1,swap,60,0.5267099406229968,0.41216174549366713,0.6,-0.0018046659361290302,10,2
1275,us_dxy_broad,ac1,swap,90,0.5271581620212658,0.20544579249506773,0.8,0.01934272442971427,10,3
1275,us_dxy_broad,ac1,swap,120,0.43219167384589785,0.21942667821185757,0.7,0.037541792315098535,10,3
1275,us_dxy_broad,ac1,swap,180,0.214196797100479,0.1384160708539301,0.5,-0.046888625535142246,10,2
1275,us_dxy_broad,ac1,swap,252,0.6489974012425471,0.6165558437614951,0.7,-0.10380588420885237,10,4
1275,us_dxy_broad,ac1,swap,378,0.10008760720943041,0.1212025603918983,0.5,-0.06801174234915008,10,2
1275,us_dxy_broad,ac1,swap,504,0.2408962182641629,0.23391157800555135,0.6,-0.029856984154459077,10,2
1275,us_dxy_broad,pctpos,swap,20,0.23598614171018398,0.33410433327850747,0.6,-0.07553656619385052,10,2
1275,us_dxy_broad,pctpos,swap,40,0.608908008775208,1.4832632996238175,1.0,-0.14183300650713107,10,4
1275,us_dxy_broad,pctpos,swap,60,0.4354880483558993,0.656483732887117,0.7,-0.15574510911232545,10,3
1275,us_dxy_broad,pctpos,swap,90,0.5242270526490294,0.712247306289891,0.6,-0.13228069209263046,10,3
1275,us_dxy_broad,pctpos,swap,120,0.38129697604953416,0.40850429142729233,0.6,-0.09616002997723462,10,2
1275,us_dxy_broad,pctpos,swap,180,0.289055177156454,0.19541407972036648,0.6,-0.08980412720143485,10,2
1275,us_dxy_broad,pctpos,swap,252,0.2329674623002288,0.2394527847526158,0.6,-0.060437058581620316,10,2
1275,us_dxy_broad,pctpos,swap,378,0.4199722837531517,0.5668721661088766,0.7,-0.1442780824123933,10,3
1275,us_dxy_broad,pctpos,swap,504,0.6210932473401081,0.583703994143033,0.7,0.09766294817306231,10,3
1275,us_dgs30,selfz,location,20,0.0031341940900010104,-0.0898812551579324,0.4,-0.007278916431619326,10,2
1275,us_dgs30,selfz,location,40,0.12472389520978783,0.10252949002303512,0.6,-0.10449652928612707,10,2
1275,us_dgs30,selfz,location,60,-0.02803978417386669,-0.10290666834154347,0.4,-0.12744970119164378,10,2
1275,us_dgs30,selfz,location,90,-0.10269771930469258,-0.17508172336776356,0.3,-0.15366985279705161,10,1
1275,us_dgs30,selfz,location,120,-0.11551722152386311,-0.1749802901020817,0.3,-0.14111783109408135,10,2
1275,us_dgs30,selfz,location,180,-0.02737152021751101,0.0060445354815546965,0.5,-0.15693885445307498,10,1
1275,us_dgs30,selfz,location,252,0.034257581242317,0.12268193854668226,0.6,-0.18827417451963105,10,1
1275,us_dgs30,selfz,location,378,0.022777008407634643,0.15502888010615434,0.6,-0.25852474166461126,10,1
1275,us_dgs30,selfz,location,504,-0.07983606664929731,-0.003460497781705034,0.5,-0.2588426504269099,10,1
1275,us_dgs30,robustz,location,20,0.0821424753798608,0.09591732497054704,0.5,0.00325609242109636,10,2
1275,us_dgs30,robustz,location,40,0.16448342666696042,0.18615128469378037,0.6,-0.08896154336804994,10,2
1275,us_dgs30,robustz,location,60,0.04839808957504306,-0.024052555817021933,0.4,-0.12572346810689305,10,2
1275,us_dgs30,robustz,location,90,-0.0689152811401028,-0.12135048389104663,0.4,-0.1433511527227914,10,2
1275,us_dgs30,robustz,location,120,-0.1270166202725503,-0.1482438213014306,0.5,-0.11128066641638107,10,2
1275,us_dgs30,robustz,location,180,0.08867631661946436,0.200566666401599,0.6,-0.16439598421167517,10,1
1275,us_dgs30,robustz,location,252,0.09034737832043752,0.22135068250937046,0.6,-0.2281338704274008,10,1
1275,us_dgs30,robustz,location,378,-0.017212223678366684,0.12480469366373628,0.6,-0.2795442434356711,10,1
1275,us_dgs30,robustz,location,504,-0.034321371414830035,0.09003971635538868,0.5,-0.29903124270284454,10,1
1275,us_dgs30,bdtanh,location,20,0.02959839101504249,-0.06392975140212194,0.3,-0.019459473404844232,10,2
1275,us_dgs30,bdtanh,location,40,0.09486745867060044,0.03556812027808308,0.6,-0.14126640437211083,10,2
1275,us_dgs30,bdtanh,location,60,-0.1017319397388777,-0.20558395993032655,0.3,-0.16208793294547108,10,1
1275,us_dgs30,bdtanh,location,90,-0.16484597711876114,-0.2528454191074313,0.3,-0.17627882375837745,10,1
1275,us_dgs30,bdtanh,location,120,-0.1519226112437497,-0.22222195500065048,0.3,-0.16144505320860117,10,1
1275,us_dgs30,bdtanh,location,180,-0.04023905918726732,-0.006606742141275432,0.5,-0.17502864950080166,10,1
1275,us_dgs30,bdtanh,location,252,0.004133054358211391,0.07660666294057954,0.5,-0.21810271993660418,10,1
1275,us_dgs30,bdtanh,location,378,-0.03116261136023192,0.013406884096900457,0.5,-0.27577238739595566,10,1
1275,us_dgs30,bdtanh,location,504,-0.14405237240700544,-0.18577959694696164,0.4,-0.268975203026481,10,1
1275,us_dgs30,rankc,location,20,-0.015558123209992522,-0.12594556506774923,0.4,-0.024078963089309312,10,2
1275,us_dgs30,rankc,location,40,0.02388805942732985,-0.07118253551878992,0.5,-0.11744297255091107,10,2
1275,us_dgs30,rankc,location,60,-0.0736570270523331,-0.1828431496747629,0.3,-0.14559915838218057,10,2
1275,us_dgs30,rankc,location,90,-0.15202266196478956,-0.2419880444435763,0.3,-0.16126448017898845,10,1
1275,us_dgs30,rankc,location,120,-0.16174444526649742,-0.23600628185155245,0.3,-0.15701656575553133,10,1
1275,us_dgs30,rankc,location,180,-0.08103659398946358,-0.07107805382889577,0.4,-0.16914392402688014,10,1
1275,us_dgs30,rankc,location,252,-0.04568059085700377,-0.006822614623780757,0.5,-0.199967493955042,10,1
1275,us_dgs30,rankc,location,378,-0.05922445406472184,0.00920271870400344,0.5,-0.2691846475125999,10,1
1275,us_dgs30,rankc,location,504,-0.10948283810519502,-0.08749933671093246,0.5,-0.2745557768564798,10,1
1275,us_dgs30,signth,location,20,0.07332712835064999,0.055305634293774636,0.5,-0.005539433561219703,10,2
1275,us_dgs30,signth,location,40,0.09834884810026627,0.06342892204680063,0.6,-0.13035929425084208,10,2
1275,us_dgs30,signth,location,60,-0.05966470161283531,-0.1693007606561185,0.3,-0.17332786588147397,10,1
1275,us_dgs30,signth,location,90,-0.21385423581849444,-0.3327897462870151,0.2,-0.17844978527732402,10,1
1275,us_dgs30,signth,location,120,-0.1418658726496428,-0.22291168193023517,0.3,-0.1602342907496904,10,1
1275,us_dgs30,signth,location,180,-0.11163819594869197,-0.0843918158273159,0.4,-0.15806882359387509,10,1
1275,us_dgs30,signth,location,252,-0.016220904848784606,0.039751615416243016,0.5,-0.20902902844817234,10,1
1275,us_dgs30,signth,location,378,-0.19598460172568694,-0.27122540209115187,0.4444444444444444,-0.2283389322847789,9,1
1275,us_dgs30,signth,location,504,0.3943973934415113,0.24462285683000137,0.5555555555555556,0.23686344731367445,9,1
1275,us_dgs30,dev,location,20,-0.006247937930913363,-0.10991572059956954,0.5,-0.006017190929790621,10,2
1275,us_dgs30,dev,location,40,0.15422709771165796,0.12189880924473695,0.5,-0.08601046578920823,10,2
1275,us_dgs30,dev,location,60,-0.001114508302000749,-0.09249878738616844,0.3,-0.1036935603728204,10,2
1275,us_dgs30,dev,location,90,-0.0675804648370188,-0.1311529782393504,0.3,-0.10770132649055697,10,2
1275,us_dgs30,dev,location,120,-0.05440040770900813,-0.11767550187529674,0.3,-0.09281458267027375,10,2
1275,us_dgs30,dev,location,180,0.045850519845122575,0.09194837871691038,0.6,-0.1177784263013834,10,2
1275,us_dgs30,dev,location,252,0.0658332201377165,0.17903659214038486,0.6,-0.12658229220967498,10,2
1275,us_dgs30,dev,location,378,0.01720318622134498,0.11454665667031365,0.6,-0.14468692640345263,10,2
1275,us_dgs30,dev,location,504,-0.052377228379277975,0.018781275258657422,0.5,-0.1460214823145564,10,2
1275,us_dgs30,instStdev,swap,20,0.44866183468272564,0.5472451889734137,0.8,0.19636948180161679,10,2
1275,us_dgs30,instStdev,swap,40,0.18248801332639156,0.2526022202078234,0.7,0.14788455468768844,10,3
1275,us_dgs30,instStdev,swap,60,-0.09727315696925469,-0.12930664020261248,0.4,-0.14440900669742182,10,2
1275,us_dgs30,instStdev,swap,90,0.1012779015162742,0.07366948952406518,0.5,-0.23192736597335864,10,1
1275,us_dgs30,instStdev,swap,120,0.008901744330436143,-0.028052105648631087,0.7,-0.26634067360095987,10,2
1275,us_dgs30,instStdev,swap,180,0.2755243632862361,0.455399485760495,0.7,0.1185179759405693,10,3
1275,us_dgs30,instStdev,swap,252,0.2211671531091373,0.3877325600378414,0.6,0.12059344136846087,10,2
1275,us_dgs30,instStdev,swap,378,0.41069143591455587,0.5630111527652361,0.7,0.42170546354766075,10,2
1275,us_dgs30,instStdev,swap,504,0.570247338346285,1.0690066266717286,0.9,0.31114741722443384,10,3
1275,us_dgs30,instSkew,swap,20,0.01782797751014651,0.09611347835565624,0.4,-0.06021839634167596,10,2
1275,us_dgs30,instSkew,swap,40,0.22308626104501467,0.3541438647526383,0.5,0.06266991249378873,10,2
1275,us_dgs30,instSkew,swap,60,0.02664782301890497,0.1271004828564447,0.5,-0.0808926035613029,10,2
1275,us_dgs30,instSkew,swap,90,0.3577937194646654,0.35180748023575736,0.7,-0.04589701485012556,10,3
1275,us_dgs30,instSkew,swap,120,-0.3474372992548139,-0.27210312824390753,0.4,0.05439431843478067,10,2
1275,us_dgs30,instSkew,swap,180,0.3091215202241012,0.3089607208489004,0.6,0.011400964190353715,10,2
1275,us_dgs30,instSkew,swap,252,0.4434947817852812,0.9909920127103582,0.9,0.010633391597007791,10,4
1275,us_dgs30,instSkew,swap,378,0.2688773958177578,0.5448434962707338,0.7,0.010471040015173521,10,3
1275,us_dgs30,instSkew,swap,504,-0.1306012892099522,-0.2626214450414573,0.3,0.24561303285769032,10,1
1275,us_dgs30,instKurt,swap,20,0.01346775459970387,0.0035289452665909554,0.4,-0.08359536582264628,10,2
1275,us_dgs30,instKurt,swap,40,-0.16345436193324364,-0.19396256814500512,0.5,-0.07988803505733516,10,2
1275,us_dgs30,instKurt,swap,60,-0.07772391354287086,-0.07838300745610524,0.4,0.061292631095648406,10,2
1275,us_dgs30,instKurt,swap,90,0.3230046801583608,0.27695375913316217,0.5,0.08464970042220361,10,2
1275,us_dgs30,instKurt,swap,120,-0.09671336655352586,-0.2160772331048956,0.5,0.024796074513217806,10,2
1275,us_dgs30,instKurt,swap,180,0.16382979100430833,0.040192292585052074,0.6,-0.10013678851272037,10,2
1275,us_dgs30,instKurt,swap,252,0.3758548869536035,0.3573101571358773,0.5,-0.07182038051250139,10,2
1275,us_dgs30,instKurt,swap,378,0.23694738124972994,0.25160610004388584,0.6,-0.017687093041772455,10,2
1275,us_dgs30,instKurt,swap,504,0.038440122822039687,0.05058455790518198,0.6,0.08615719207020643,10,2
1275,us_dgs30,minmax,swap,20,-0.03809784494320837,-0.17415797954748924,0.4,0.001718444160120231,10,2
1275,us_dgs30,minmax,swap,40,0.09774430868504747,0.03916273574264063,0.5,-0.12563262294801697,10,2
1275,us_dgs30,minmax,swap,60,-0.14548453551832605,-0.25175089411790713,0.4,-0.14883382751991814,10,2
1275,us_dgs30,minmax,swap,90,-0.2631119728631308,-0.36916710934031105,0.3,-0.1444531387253217,10,2
1275,us_dgs30,minmax,swap,120,-0.2260531590292775,-0.3110018560581797,0.3,-0.1402945045873732,10,2
1275,us_dgs30,minmax,swap,180,-0.12991638810719913,-0.09583248597759346,0.4,-0.1813268510581657,10,1
1275,us_dgs30,minmax,swap,252,-0.018833304557759174,0.08001343949213544,0.6,-0.19939964879780553,10,1
1275,us_dgs30,minmax,swap,378,-0.1159971760103249,-0.09531828205361077,0.6,-0.2692783435558049,10,1
1275,us_dgs30,minmax,swap,504,0.1491905762672005,0.05793806663309901,0.7,0.31543817606400804,10,2
1275,us_dgs30,chg,swap,20,0.244869443311986,0.30472789018471846,0.5,-0.05872141043850827,10,2
1275,us_dgs30,chg,swap,40,0.09199633661380327,0.01848747631072462,0.4,-0.09936490787414563,10,2
1275,us_dgs30,chg,swap,60,-0.05240380617355054,-0.011392382077523886,0.5,-0.10070579833927616,10,2
1275,us_dgs30,chg,swap,90,-0.11140780192820769,-0.16530334094559773,0.3,-0.05976123967329632,10,2
1275,us_dgs30,chg,swap,120,0.14895143780076142,0.19906025437390804,0.6,-0.09650591792147536,10,2
1275,us_dgs30,chg,swap,180,-0.020308390699986818,0.1645896388605452,0.6,-0.14757411371888152,10,2
1275,us_dgs30,chg,swap,252,0.005927834164834113,-0.04721732634492468,0.3,-0.08328492698865818,10,2
1275,us_dgs30,chg,swap,378,0.5447276808715432,0.6730603630869049,0.8,-0.0007395102597000052,10,4
1275,us_dgs30,chg,swap,504,0.08458444136206096,-0.05041767022674135,0.6,0.05856840604288481,10,2
1275,us_dgs30,slope,swap,20,0.2218276223905267,0.3199313215478778,0.6,-0.034013829732796236,10,2
1275,us_dgs30,slope,swap,40,0.19307754801523935,0.15446398786678642,0.5,-0.13128460221548666,10,2
1275,us_dgs30,slope,swap,60,0.16581676617042088,0.22651813284410835,0.7,0.11421832989911361,10,3
1275,us_dgs30,slope,swap,90,-0.04952939974318398,-0.01992869939794571,0.4,-0.08983363894095017,10,2
1275,us_dgs30,slope,swap,120,0.062292404867438304,0.01585619315556831,0.6,-0.07015921483980357,10,2
1275,us_dgs30,slope,swap,180,0.2573342190003932,0.4730408255553754,0.6,-0.15910465130684642,10,1
1275,us_dgs30,slope,swap,252,0.0781426564772189,0.30516566756962527,0.5,-0.14768506759357086,10,2
1275,us_dgs30,slope,swap,378,0.1927859397212466,0.316705530287082,0.6,0.04806040732294565,10,2
1275,us_dgs30,slope,swap,504,-0.04169460536461528,-0.13765056001215578,0.3,1.573757054569128e-05,10,2
1275,us_dgs30,dStdev,swap,20,-0.052930920288805354,-0.0813422769258861,0.2,-0.08141800381509459,10,2
1275,us_dgs30,dStdev,swap,40,-0.05171176505255369,-0.20693392419997034,0.4,-0.11533431501164164,10,2
1275,us_dgs30,dStdev,swap,60,-0.06383673963265832,-0.2250501301838736,0.6,-0.06092469619368688,10,2
1275,us_dgs30,dStdev,swap,90,-0.061324508646468795,-0.3022651485651351,0.5,-0.10915261277191354,10,2
1275,us_dgs30,dStdev,swap,120,0.08183033611607358,0.2317485855067912,0.5,0.1553560803963796,10,1
1275,us_dgs30,dStdev,swap,180,0.20585579150329703,0.2649078927545119,0.6,0.301502012563314,10,1
1275,us_dgs30,dStdev,swap,252,0.39816981192195305,0.4007073303144183,0.7,0.3918766543511532,10,2
1275,us_dgs30,dStdev,swap,378,0.5637787240751952,0.8779273336618616,0.8,0.3076137258787682,10,3
1275,us_dgs30,dStdev,swap,504,0.47669729162280655,1.0249000274934281,0.7,0.18356841901822538,10,3
1275,us_dgs30,dSkew,swap,20,0.29079894201794815,0.38227794054383524,0.6,-0.012884579420439949,10,2
1275,us_dgs30,dSkew,swap,40,0.29646992283476997,0.21754970887753075,0.7,-0.03440448317543056,10,3
1275,us_dgs30,dSkew,swap,60,0.12886554868294892,0.14121714710245348,0.5,-0.08721715756887485,10,2
1275,us_dgs30,dSkew,swap,90,-0.26175045517476614,-0.3383834589786086,0.3,-0.04144005801867599,10,2
1275,us_dgs30,dSkew,swap,120,0.08343974732603503,0.11194188830226974,0.5,0.009783147008273284,10,2
1275,us_dgs30,dSkew,swap,180,0.2519811216564874,0.3064551593155986,0.6,0.04299948112192345,10,2
1275,us_dgs30,dSkew,swap,252,0.23165073091876817,0.31015915793585547,0.6,-0.15226446771317229,10,1
1275,us_dgs30,dSkew,swap,378,-0.23775092503867776,-0.17867607460526874,0.4,0.051014194353349654,10,2
1275,us_dgs30,dSkew,swap,504,-0.09710624610684257,-0.06759591828879029,0.5,-0.09788813692608905,10,2
1275,us_dgs30,ac1,swap,20,0.37474949861099727,0.5042727466816954,0.6,0.036759471433699925,10,2
1275,us_dgs30,ac1,swap,40,0.2948842908837363,0.44291577504283913,0.7,0.08813728760061304,10,3
1275,us_dgs30,ac1,swap,60,0.28367927554161143,0.31144785699302285,0.7,0.05355861331824403,10,3
1275,us_dgs30,ac1,swap,90,0.10574160463792592,0.01599712776411222,0.4,0.13770544461260903,10,2
1275,us_dgs30,ac1,swap,120,0.14013050262425744,0.10739867769759419,0.4,0.1839018947855511,10,1
1275,us_dgs30,ac1,swap,180,0.3852541073504706,0.5654100201582563,0.8,0.17679655201648695,10,2
1275,us_dgs30,ac1,swap,252,0.30002625153949086,0.3697651645624815,0.7,0.024365911797421976,10,3
1275,us_dgs30,ac1,swap,378,0.03533758439009709,0.03124122121973884,0.6,-0.2455295562896681,10,1
1275,us_dgs30,ac1,swap,504,-0.07943478639009936,-0.2305240348608137,0.4,-0.23168470360265264,10,1
1275,us_dgs30,pctpos,swap,20,-0.013422660253864082,0.00024033560969340958,0.5,-0.007254238895617446,10,2
1275,us_dgs30,pctpos,swap,40,0.26728028572757645,0.4580600329572496,0.8,-0.009680481267039015,10,3
1275,us_dgs30,pctpos,swap,60,0.005142165332716678,-0.0203245811292911,0.4,0.029024004445483614,10,2
1275,us_dgs30,pctpos,swap,90,0.12079254382144976,0.19343994408005313,0.7,-0.02358877594884226,10,3
1275,us_dgs30,pctpos,swap,120,0.038180704623096445,0.012369856608373907,0.5,-0.08584959472274013,10,2
1275,us_dgs30,pctpos,swap,180,-0.04094868032402761,0.03346481949462971,0.6,-0.25192964225292974,10,1
1275,us_dgs30,pctpos,swap,252,0.016905613943076447,0.07410180311085075,0.6,0.22532625002243298,10,1
1275,us_dgs30,pctpos,swap,378,0.11538775042970607,0.26826219931567735,0.5,0.04765778998540727,10,2
1275,us_dgs30,pctpos,swap,504,-0.17943506000168877,-0.33983065897908804,0.3,0.056950345871195504,10,2
1275,twd_usd,selfz,location,20,0.33851396178647714,0.3673225955104625,0.7,0.13206646018748275,10,3
1275,twd_usd,selfz,location,40,-0.020823942366544,0.10174397139807316,0.5,-0.08943920321188917,10,2
1275,twd_usd,selfz,location,60,0.12487411005654099,0.2469774067971526,0.6,-0.07774210028132114,10,2
1275,twd_usd,selfz,location,90,0.16250207593514862,0.33037964545902493,0.7,-0.06698949288173654,10,3
1275,twd_usd,selfz,location,120,0.1733173677051387,0.4273432689698002,0.7,-0.053398008573470344,10,3
1275,twd_usd,selfz,location,180,0.3107735186048653,0.5839399780114692,0.8,-0.04367051533446558,10,3
1275,twd_usd,selfz,location,252,0.31835852109046914,0.5954972125831436,0.8,-0.02614393449644251,10,3
1275,twd_usd,selfz,location,378,0.38099553231095057,0.8089444843663244,0.8,-0.02677725293459777,10,4
1275,twd_usd,selfz,location,504,0.4168848125157994,0.7080956205606596,0.8,-0.08549291050415703,10,4
1275,twd_usd,robustz,location,20,0.29204689676343953,0.2502746402563022,0.6,0.08035860602246138,10,2
1275,twd_usd,robustz,location,40,-0.03870236598102632,0.03173776204761819,0.4,-0.017696661650757242,10,2
1275,twd_usd,robustz,location,60,0.19164178643848587,0.24283224972604123,0.5,0.015992338208428047,10,2
1275,twd_usd,robustz,location,90,-0.06131365226798676,-0.26373446261318667,0.5,0.010355691708867333,10,2
1275,twd_usd,robustz,location,120,-0.013709517727376304,0.21651903031021413,0.5,-0.02644546883038722,10,2
1275,twd_usd,robustz,location,180,0.1420121785885809,0.34196905745958606,0.6,-0.026230397343225596,10,2
1275,twd_usd,robustz,location,252,0.321646712568653,0.491758315015449,0.7,0.03278817014101973,10,3
1275,twd_usd,robustz,location,378,0.4761187651115196,0.7745531790808111,0.8,-0.04035733784049309,10,4
1275,twd_usd,robustz,location,504,0.39087699413737137,0.6024510646475727,0.8,-0.11141113380312229,10,4
1275,twd_usd,bdtanh,location,20,0.3828022731960322,0.41010410253611207,0.8,0.14927631727512528,10,3
1275,twd_usd,bdtanh,location,40,-0.09818733575080196,0.04037938238183936,0.3,-0.10610370902979376,10,2
1275,twd_usd,bdtanh,location,60,0.07423315867120353,0.24660330387556634,0.5,-0.09465392181887768,10,2
1275,twd_usd,bdtanh,location,90,0.1212669405347433,0.3351409721710641,0.7,-0.09703269263770416,10,3
1275,twd_usd,bdtanh,location,120,0.15794495079909557,0.4346569221693228,0.6,-0.09178049031124592,10,2
1275,twd_usd,bdtanh,location,180,0.2769795623230441,0.5767562370321417,0.8,-0.07778335463763277,10,3
1275,twd_usd,bdtanh,location,252,0.31149466050071967,0.6198089530596472,0.8,-0.06645567657047845,10,4
1275,twd_usd,bdtanh,location,378,0.32161649820164756,0.6874119596638771,0.8,-0.06279369106008807,10,4
1275,twd_usd,bdtanh,location,504,0.3647935777212641,0.603373605524002,0.7,-0.08870170540216692,10,4
1275,twd_usd,rankc,location,20,0.38540879197154987,0.3234323381556816,0.7,0.13506050550402374,10,3
1275,twd_usd,rankc,location,40,-0.16059811260255405,-0.05156131994103497,0.3,-0.12787538681143226,10,2
1275,twd_usd,rankc,location,60,0.015771744851414166,0.16629276574346694,0.6,-0.10607792289137388,10,2
1275,twd_usd,rankc,location,90,0.09516964112740503,0.2898477710039419,0.7,-0.09621219341768383,10,3
1275,twd_usd,rankc,location,120,0.15553212241552863,0.41105032121056584,0.8,-0.08970330887566835,10,3
1275,twd_usd,rankc,location,180,0.19747597851901624,0.4534813433816852,0.8,-0.07956332765424687,10,3
1275,twd_usd,rankc,location,252,0.26048522036660504,0.5344279037489669,0.8,-0.06693174880940675,10,3
1275,twd_usd,rankc,location,378,0.31487822308165836,0.6490827676548372,0.8,-0.12373195323573384,10,4
1275,twd_usd,rankc,location,504,0.3185450084335061,0.5434985872462023,0.7,-0.15887165106485923,10,2
1275,twd_usd,signth,location,20,0.4359120763244932,0.45771513729000246,0.7,0.15262167438923097,10,2
1275,twd_usd,signth,location,40,-0.04618071949136751,0.09786880045043485,0.4,-0.10679554617372088,10,2
1275,twd_usd,signth,location,60,0.10584046817878323,0.34430613729939163,0.6,-0.08281270410749828,10,2
1275,twd_usd,signth,location,90,0.18342790436937662,0.4453376768510382,0.7,-0.09537973348559366,10,3
1275,twd_usd,signth,location,120,0.006543442608871126,0.22448212492038291,0.6,-0.08438945390543522,10,2
1275,twd_usd,signth,location,180,0.07358295009096044,0.3045091712831583,0.7,-0.0846813507015526,10,3
1275,twd_usd,signth,location,252,0.2602438106303779,0.631007701925956,0.8,-0.10102475675594995,10,4
1275,twd_usd,signth,location,378,0.27613766847208787,0.6193564937483019,0.7777777777777778,-0.10802412520457716,9,4
1275,twd_usd,signth,location,504,0.5183642319904108,0.9780491136710844,0.9,-0.14649993517401,10,4
1275,twd_usd,dev,location,20,0.19591677261213458,0.13392022204747142,0.7,0.05331079868965226,10,3
1275,twd_usd,dev,location,40,-0.0725842413854282,-0.019704721355345955,0.4,-0.06093641376308074,10,2
1275,twd_usd,dev,location,60,0.04777499823927834,0.16156111986803237,0.5,-0.061000069222167205,10,2
1275,twd_usd,dev,location,90,0.11147958086160255,0.2978133149047006,0.6,-0.059386052730678096,10,2
1275,twd_usd,dev,location,120,0.1734468328913014,0.4457967622692616,0.7,-0.06583995568886097,10,3
1275,twd_usd,dev,location,180,0.21941204710881307,0.469548669352514,0.8,-0.06701891515298897,10,3
1275,twd_usd,dev,location,252,0.2971575771206114,0.5655224002956231,0.8,-0.06067008636610292,10,3
1275,twd_usd,dev,location,378,0.34738935779822916,0.682782198116699,0.8,-0.1306183518181076,10,4
1275,twd_usd,dev,location,504,0.28671630805889425,0.48208417322291935,0.8,-0.2082159329972036,10,2
1275,twd_usd,instStdev,swap,20,0.011103661790149797,-0.009649781599882341,0.4,-0.13070377759736154,10,2
1275,twd_usd,instStdev,swap,40,0.22679069624816864,0.4499415520843948,0.5,-0.036729878447777406,10,2
1275,twd_usd,instStdev,swap,60,0.07720654843572256,0.329242849633644,0.7,-0.030048606151796154,10,3
1275,twd_usd,instStdev,swap,90,0.17755699287358445,0.33214724351106467,0.6,0.036091945370128345,10,2
1275,twd_usd,instStdev,swap,120,0.1747171979595315,0.32351183053964794,0.6,0.021773581167642227,10,2
1275,twd_usd,instStdev,swap,180,0.1474771215574855,0.30155309831037946,0.6,-0.07190316728381824,10,2
1275,twd_usd,instStdev,swap,252,0.10860896286394955,0.24146713356204003,0.5,-0.07812372822704026,10,2
1275,twd_usd,instStdev,swap,378,0.05036002588850622,-0.05583066506260079,0.5,-0.13066026603323452,10,2
1275,twd_usd,instStdev,swap,504,0.12261080866311863,0.16060847388380692,0.4,-0.19162457581489087,10,1
1275,twd_usd,instSkew,swap,20,-0.2143274320673248,-0.27296228055528726,0.4,-0.043712535537512295,10,2
1275,twd_usd,instSkew,swap,40,0.2028627894795281,0.18310686655318192,0.7,-0.050281088202720974,10,3
1275,twd_usd,instSkew,swap,60,-0.019214872044755138,0.05538488491471372,0.5,-0.07301834635276691,10,2
1275,twd_usd,instSkew,swap,90,-0.06045043304783963,-0.07507370073824678,0.3,-0.016601841112585447,10,2
1275,twd_usd,instSkew,swap,120,0.06809371290456066,0.0375235997517865,0.5,0.027332502991505598,10,2
1275,twd_usd,instSkew,swap,180,0.00801080282272662,0.11891699643322445,0.5,-0.11241264862992151,10,2
1275,twd_usd,instSkew,swap,252,-0.16803935520286914,-0.01208122148028207,0.5,-0.13916033970443611,10,2
1275,twd_usd,instSkew,swap,378,0.29049438054477533,0.334701897687748,0.7,-0.05252256987269961,10,3
1275,twd_usd,instSkew,swap,504,0.2590202593597851,0.3426988407668778,0.7,-0.041249778489934184,10,3
1275,twd_usd,instKurt,swap,20,-0.10348126393446538,-0.11596394251290437,0.5,0.0831110734634111,10,2
1275,twd_usd,instKurt,swap,40,0.28850528348367754,0.44811204755269424,0.6,-0.1390630457629385,10,2
1275,twd_usd,instKurt,swap,60,-0.09634811446191388,-0.12802930236668905,0.5,0.15282922412801667,10,1
1275,twd_usd,instKurt,swap,90,0.05075890427332519,0.08002222299844572,0.4,0.12210999533088993,10,2
1275,twd_usd,instKurt,swap,120,0.21723252922250313,0.15901579002174646,0.6,-0.024592584351313448,10,2
1275,twd_usd,instKurt,swap,180,0.5450927919218321,0.5964631442444844,0.6,-0.031282986740175336,10,2
1275,twd_usd,instKurt,swap,252,0.33536193327899516,0.4209662755264286,0.5,-0.010466936178103806,10,2
1275,twd_usd,instKurt,swap,378,-0.11906373947487545,0.04564350082709015,0.6,0.11462564205142559,10,2
1275,twd_usd,instKurt,swap,504,0.04844113594713606,0.23961509337181497,0.6,0.04419599549908338,10,2
1275,twd_usd,minmax,swap,20,0.32278492789410834,0.31998925336868117,0.6,0.1449169599791347,10,2
1275,twd_usd,minmax,swap,40,0.02506962967602088,0.22171451507654763,0.7,-0.11608955089664671,10,3
1275,twd_usd,minmax,swap,60,0.08905878984112717,0.322634052649681,0.7,-0.11722878740419028,10,3
1275,twd_usd,minmax,swap,90,0.14769429822787367,0.4114911815148793,0.8,-0.11319653480247874,10,3
1275,twd_usd,minmax,swap,120,0.2136257635763001,0.4993153136885897,0.8,-0.12720243580499438,10,3
1275,twd_usd,minmax,swap,180,0.2519337873751484,0.49187030212408217,0.7,-0.11300016841522026,10,3
1275,twd_usd,minmax,swap,252,0.29436959245259386,0.5853932343136325,0.8,-0.09627938379306136,10,3
1275,twd_usd,minmax,swap,378,0.31118208939731523,0.6286211898982047,0.8,-0.1301710670406314,10,4
1275,twd_usd,minmax,swap,504,0.2994525411840771,0.4468427528013298,0.6,-0.1283264893382975,10,2
1275,twd_usd,chg,swap,20,-0.14677157173424757,-0.022733862419399634,0.5,-0.03131998559790659,10,2
1275,twd_usd,chg,swap,40,0.1619123946081786,0.2760075924431748,0.5,-0.04291205366909714,10,2
1275,twd_usd,chg,swap,60,0.04956147635400686,0.1685552419650472,0.4,-0.047331375883809444,10,2
1275,twd_usd,chg,swap,90,0.15298233610574952,0.5257393960307719,0.7,-0.06192316553669295,10,3
1275,twd_usd,chg,swap,120,0.2122613266553282,0.4598303498068879,0.7,-0.09298371811449714,10,3
1275,twd_usd,chg,swap,180,0.2798443682030543,0.2821777686232524,0.5,-0.08166404123247394,10,2
1275,twd_usd,chg,swap,252,0.26853296063059134,0.515882536018497,0.8,-0.14306516365075472,10,3
1275,twd_usd,chg,swap,378,0.30548810214374383,0.6155318341421706,0.7,-0.2268614026346677,10,3
1275,twd_usd,chg,swap,504,0.08620638420184244,0.1694836547876536,0.5,-0.2651050393097683,10,1
1275,twd_usd,slope,swap,20,0.2711086258109588,0.3242171929383739,0.7,0.016983386462878593,10,3
1275,twd_usd,slope,swap,40,0.22134747462518525,0.42585860107549645,0.6,-0.03472683306758948,10,2
1275,twd_usd,slope,swap,60,0.2236233026622475,0.49282363523620465,0.6,-0.039829770810155436,10,2
1275,twd_usd,slope,swap,90,0.13550218871873762,0.3766016779972116,0.5,-0.052772617613107385,10,2
1275,twd_usd,slope,swap,120,0.2580267668009938,0.5005914574628244,0.7,-0.058250933947880175,10,3
1275,twd_usd,slope,swap,180,0.25380658389131144,0.3047659919240266,0.6,-0.10602069638858334,10,2
1275,twd_usd,slope,swap,252,0.20549867500685245,0.09760020468024794,0.6,-0.1543621688451861,10,1
1275,twd_usd,slope,swap,378,0.40144439056987685,0.6712143721066437,0.7,-0.2723480795609697,10,3
1275,twd_usd,slope,swap,504,0.030354713337125905,0.0711454833348905,0.6,-0.3554294459878087,10,1
1275,twd_usd,dStdev,swap,20,0.013360508453068184,0.06853639671019114,0.4,0.11196938223623408,10,2
1275,twd_usd,dStdev,swap,40,0.23004679910025744,0.2601384954800823,0.7,-0.025024294793111294,10,3
1275,twd_usd,dStdev,swap,60,0.33058822065100596,0.25642190033045875,0.7,-0.06557025529556892,10,3
1275,twd_usd,dStdev,swap,90,0.39587389312734406,0.384264246906158,0.7,-0.1015879620673182,10,3
1275,twd_usd,dStdev,swap,120,0.2624720424086412,0.23913722475636173,0.5,-0.09020765303819497,10,2
1275,twd_usd,dStdev,swap,180,0.14919103575610426,0.15255675249929523,0.8,-0.09603530282501242,10,3
1275,twd_usd,dStdev,swap,252,0.2535238908548928,0.5759420683146597,0.8,-0.20068204909391,10,2
1275,twd_usd,dStdev,swap,378,0.04017080599015163,-0.004716091523140659,0.4,0.13741554067556214,10,2
1275,twd_usd,dStdev,swap,504,0.07494958106985507,0.21005081024191327,0.5,0.1089241165331589,10,2
1275,twd_usd,dSkew,swap,20,-0.41941462251929124,-0.39300289137379496,0.3,0.011093890197677083,10,2
1275,twd_usd,dSkew,swap,40,0.32286923802709655,0.3785659888112908,0.6,0.03781137720634992,10,2
1275,twd_usd,dSkew,swap,60,0.2051228961826853,0.27892438058606117,0.7,0.06583737314333657,10,3
1275,twd_usd,dSkew,swap,90,0.05653715932230388,0.14449178509157318,0.5,0.08513862085370506,10,2
1275,twd_usd,dSkew,swap,120,-0.04838887735472217,-0.009059190119283007,0.5,0.09630350450604032,10,2
1275,twd_usd,dSkew,swap,180,-0.007444438001780532,0.09168315006800296,0.6,-0.13460762848053853,10,2
1275,twd_usd,dSkew,swap,252,0.15622668495170833,0.304787703186962,0.6,-0.06817721351897059,10,2
1275,twd_usd,dSkew,swap,378,0.05840338544297164,0.05405925127099526,0.6,-0.19365503299728284,10,1
1275,twd_usd,dSkew,swap,504,0.36557556423436327,0.44550895738570295,0.7,-0.2923810951429332,10,2
1275,twd_usd,ac1,swap,20,0.4184317123006764,0.45965904969797106,0.7,-0.017764000461523773,10,3
1275,twd_usd,ac1,swap,40,0.34893002688730673,0.2307336526135419,0.7,0.05787715893209612,10,3
1275,twd_usd,ac1,swap,60,0.18620939910694811,0.012575581057589475,0.5,0.048726614733908956,10,2
1275,twd_usd,ac1,swap,90,0.0018549423970299296,0.2212992430188807,0.7,-0.02459788935937448,10,3
1275,twd_usd,ac1,swap,120,0.06720101667882242,0.285671454752536,0.7,-0.01757147231402273,10,3
1275,twd_usd,ac1,swap,180,0.36364478590280774,0.630940547255792,0.6,-0.0636888033915774,10,3
1275,twd_usd,ac1,swap,252,-0.12852231928922633,-0.01953409629027419,0.5,-0.21949357205530676,10,1
1275,twd_usd,ac1,swap,378,0.02379775477271786,0.16693041195887287,0.7,-0.4432186391082271,10,2
1275,twd_usd,ac1,swap,504,0.06766236698960458,0.32384264495454307,0.6,-0.37145935013797093,10,1
1275,twd_usd,pctpos,swap,20,-0.22952903640882977,-0.08307921963278006,0.5,-0.10421235381750163,10,2
1275,twd_usd,pctpos,swap,40,0.13643494635875567,0.21736891528974941,0.6,-0.083213622113396,10,2
1275,twd_usd,pctpos,swap,60,-0.1089991474873097,-0.09290180907212994,0.6,-0.0882237324263345,10,2
1275,twd_usd,pctpos,swap,90,0.03287365209354699,0.21739212415946157,0.8,-0.10914013564455062,10,3
1275,twd_usd,pctpos,swap,120,0.05798637680227451,0.2391669681869594,0.7,-0.0751899780052553,10,3
1275,twd_usd,pctpos,swap,180,0.1790200532793143,0.345660804009507,0.7,0.037308186176148256,10,3
1275,twd_usd,pctpos,swap,252,0.2523359174938314,0.4917474165862561,0.8,0.030763792106601264,10,3
1275,twd_usd,pctpos,swap,378,0.17639946460715888,0.37053914967243196,0.7,-0.05789388453689054,10,3
1275,twd_usd,pctpos,swap,504,-0.10324940876570665,-0.1316833696605767,0.5,-0.06572126830237124,10,2
1275,kr_kospi,selfz,location,20,-0.3918238537569852,-0.23392102559413858,0.3,0.15819613664489357,10,1
1275,kr_kospi,selfz,location,40,0.009264212640006028,0.12299956540196688,0.6,0.11052370138342335,10,2
1275,kr_kospi,selfz,location,60,0.04322060096171999,0.24833583573918291,0.7,0.10098666129672217,10,3
1275,kr_kospi,selfz,location,90,0.014608138112763961,0.2963346851999831,0.6,0.05704587818318139,10,2
1275,kr_kospi,selfz,location,120,0.029044321794949285,0.37555397655472433,0.7,0.03344949027075656,10,3
1275,kr_kospi,selfz,location,180,0.0158139739596754,0.32906523747530625,0.7,-0.02643997129332767,10,3
1275,kr_kospi,selfz,location,252,-0.0343364006397889,0.2331733233955971,0.5,-0.07291430884828547,10,2
1275,kr_kospi,selfz,location,378,-0.15697634368257274,0.09977991846063837,0.5,-0.0699550066856104,10,2
1275,kr_kospi,selfz,location,504,-0.21595267040851662,0.0587026215409726,0.6,-0.04976033326641773,10,2
1275,kr_kospi,robustz,location,20,-0.29551508364280504,-0.1386301263057961,0.4,0.040888712236028246,10,2
1275,kr_kospi,robustz,location,40,0.19784692942020138,0.21786077913643243,0.6,0.0886805451105793,10,2
1275,kr_kospi,robustz,location,60,0.08188741254546428,0.12331665812520101,0.6,-0.022358232962432396,10,2
1275,kr_kospi,robustz,location,90,-0.14236975099566693,0.22452075912032834,0.7,0.05630216431859036,10,3
1275,kr_kospi,robustz,location,120,0.06487114937885008,0.46773078677090385,0.8,0.03825710858864775,10,3
1275,kr_kospi,robustz,location,180,0.05709498558680263,0.31659444325957975,0.7,-0.01979255741241536,10,3
1275,kr_kospi,robustz,location,252,-0.042179677897481296,0.22951792285147696,0.6,-0.06536445400732775,10,2
1275,kr_kospi,robustz,location,378,-0.12090305963361142,0.10801873655235096,0.5,0.0009951295604385534,10,2
1275,kr_kospi,robustz,location,504,-0.12382990317361335,0.12434259940315157,0.6,0.13971820170066443,10,2
1275,kr_kospi,bdtanh,location,20,-0.3374268303167148,-0.10797149481720375,0.5,0.2089345933827985,10,1
1275,kr_kospi,bdtanh,location,40,-0.08932385022022898,0.01845019757010061,0.5,0.1348408681362259,10,2
1275,kr_kospi,bdtanh,location,60,-0.061858110833009836,0.10514658236375592,0.6,0.12535945835060258,10,2
1275,kr_kospi,bdtanh,location,90,-0.07253479132383713,0.11710255799159935,0.6,0.06768746405032884,10,2
1275,kr_kospi,bdtanh,location,120,-0.035179343828679425,0.17122768703450802,0.6,0.029849796995119287,10,2
1275,kr_kospi,bdtanh,location,180,-0.057394165223993494,0.17250285058020798,0.6,-0.05343212957701095,10,2
1275,kr_kospi,bdtanh,location,252,-0.08200282123361834,0.14127394268507312,0.6,-0.09315933595245149,10,2
1275,kr_kospi,bdtanh,location,378,-0.16112201635024628,0.1316216453047575,0.6,-0.08240921286578046,10,2
1275,kr_kospi,bdtanh,location,504,-0.22995566351664923,0.11321699594825547,0.6,-0.036873760909783004,10,2
1275,kr_kospi,rankc,location,20,-0.05510478220362745,0.020809730737609996,0.7,0.2661226144524157,10,2
1275,kr_kospi,rankc,location,40,-0.008807441496922528,0.09083649361163203,0.7,0.1849794719537127,10,2
1275,kr_kospi,rankc,location,60,-0.008715860477152972,0.17085740385660364,0.7,0.1842941081327285,10,2
1275,kr_kospi,rankc,location,90,-0.037550699355099464,0.16251549255265443,0.5,0.11889178980184686,10,2
1275,kr_kospi,rankc,location,120,-0.01585458136571174,0.2330601606395445,0.6,0.05847906162460011,10,2
1275,kr_kospi,rankc,location,180,-0.05048965464069448,0.20622372714718532,0.6,0.01513703918918442,10,2
1275,kr_kospi,rankc,location,252,-0.08904344702019341,0.17761697961737455,0.6,-0.03891411335300725,10,2
1275,kr_kospi,rankc,location,378,-0.15194491487785858,0.1410428682904518,0.6,-0.06899022261302569,10,2
1275,kr_kospi,rankc,location,504,-0.21692008006520003,0.11488531853378071,0.6,-0.04448377376233319,10,2
1275,kr_kospi,signth,location,20,-0.25299084108870973,-0.030452173725390545,0.5,0.1772638791454543,10,1
1275,kr_kospi,signth,location,40,-0.13623946617927798,-0.04738817746149421,0.5,0.130313223313596,10,2
1275,kr_kospi,signth,location,60,-0.11704107154750966,0.049808715760131066,0.6,0.11469151974411546,10,2
1275,kr_kospi,signth,location,90,-0.13806950014596617,0.18325163602139904,0.6,0.10602600450883613,10,2
1275,kr_kospi,signth,location,120,-0.23872045705041808,0.10087835966832236,0.6,0.09466324964995892,10,2
1275,kr_kospi,signth,location,180,-0.18185024606273573,0.159670196722522,0.6,-0.013395137637485519,10,2
1275,kr_kospi,signth,location,252,-0.16960428493222765,0.1810582753836924,0.6,-0.03208817916350042,10,2
1275,kr_kospi,signth,location,378,-0.19806132346825195,0.16574026868887798,0.6,-0.05192407340188279,10,2
1275,kr_kospi,signth,location,504,-0.2524901103791373,0.09832122322631363,0.6,0.009432203398517407,10,2
1275,kr_kospi,dev,location,20,-0.03730326095391853,0.1642627248707859,0.5,0.1700350033712338,10,1
1275,kr_kospi,dev,location,40,0.1636347879413548,0.3436173536207619,0.7,0.19156125652640352,10,2
1275,kr_kospi,dev,location,60,0.20823530058222578,0.4817490598333214,0.7,0.16052445751417802,10,2
1275,kr_kospi,dev,location,90,0.193755763122089,0.4923294131503926,0.7,0.14818409601350238,10,3
1275,kr_kospi,dev,location,120,0.16508327481229962,0.4158786222008035,0.6,0.11333114294953035,10,2
1275,kr_kospi,dev,location,180,0.023363520976330727,0.28516634880114766,0.6,0.09235608542080778,10,2
1275,kr_kospi,dev,location,252,-0.06776340193964162,0.20451690186700272,0.6,0.07628010477219867,10,2
1275,kr_kospi,dev,location,378,-0.12062572716990037,0.1330296614292837,0.6,0.10881963461981926,10,2
1275,kr_kospi,dev,location,504,-0.15245920730347018,0.09053954104863042,0.6,0.1251409074608888,10,2
1275,kr_kospi,instStdev,swap,20,-0.137495450059149,-0.3324659644729275,0.3,0.029508744465956558,10,2
1275,kr_kospi,instStdev,swap,40,-0.41082662373169465,-0.5028363848654703,0.3,-0.0759550640471434,10,2
1275,kr_kospi,instStdev,swap,60,0.25044956507479116,0.3873335801307924,0.7,0.1472349004864657,10,3
1275,kr_kospi,instStdev,swap,90,-0.31424858175417014,-0.27595944860534294,0.4,-0.21803208718360242,10,1
1275,kr_kospi,instStdev,swap,120,-0.3540820086473148,-0.2501964465239397,0.4,-0.15042794334167595,10,1
1275,kr_kospi,instStdev,swap,180,0.1305055736240319,0.047713320270294415,0.5,0.5465625553196203,10,1
1275,kr_kospi,instStdev,swap,252,0.19034942911563765,0.08171920720838075,0.5,0.626834846938219,10,1
1275,kr_kospi,instStdev,swap,378,0.344988794357953,0.40455283077930176,0.7,0.3093188567869423,10,2
1275,kr_kospi,instStdev,swap,504,0.3025230256185177,0.5299554975845802,0.8,0.20359174041480488,10,2
1275,kr_kospi,instSkew,swap,20,-0.16429646915084994,-0.15691001067403737,0.5,-0.06209883159904633,10,2
1275,kr_kospi,instSkew,swap,40,0.16650940793752952,-0.015808842920580816,0.6,-0.019852530364362218,10,2
1275,kr_kospi,instSkew,swap,60,0.43308798208884186,0.6210641516749142,0.7,-0.0837793600864814,10,4
1275,kr_kospi,instSkew,swap,90,0.07701562310574236,0.33081489542435094,0.7,-0.09542272951784225,10,3
1275,kr_kospi,instSkew,swap,120,0.06659468422727177,-0.1640527779150674,0.4,0.0034669672668394434,10,2
1275,kr_kospi,instSkew,swap,180,0.03285372449791123,0.08688103117189665,0.5,0.018425473169703315,10,2
1275,kr_kospi,instSkew,swap,252,0.42273529389707687,0.5104735782876618,0.8,-0.175653314747576,10,2
1275,kr_kospi,instSkew,swap,378,0.1088584703477402,0.24694497199838783,0.7,-0.19903716905244703,10,2
1275,kr_kospi,instSkew,swap,504,0.03069111139527176,0.3339917179607732,0.8,0.0015240911996627757,10,3
1275,kr_kospi,instKurt,swap,20,-0.5373392720745929,-0.47052545238825233,0.2,0.033257055657231666,10,2
1275,kr_kospi,instKurt,swap,40,-0.3649042040120649,-0.3149412616161361,0.4,0.23822019130571492,10,1
1275,kr_kospi,instKurt,swap,60,0.025832973079774443,0.13793067092460135,0.5,0.11671069354703131,10,2
1275,kr_kospi,instKurt,swap,90,-0.14209905633225098,-0.2952018189050068,0.3,0.1670623567696845,10,1
1275,kr_kospi,instKurt,swap,120,-0.05176999692052205,0.22716678005038587,0.6,-0.054321788384935774,10,2
1275,kr_kospi,instKurt,swap,180,0.3455791794143824,0.16614921956549217,0.5,0.09498870494131173,10,2
1275,kr_kospi,instKurt,swap,252,0.118784277018184,0.0969432820865828,0.5,0.2170250556501119,10,1
1275,kr_kospi,instKurt,swap,378,0.04926613479650785,0.09844954331273316,0.4,0.2561831718593985,10,1
1275,kr_kospi,instKurt,swap,504,0.05129312639681342,0.10877697095298322,0.6,-0.08123450386160883,10,2
1275,kr_kospi,minmax,swap,20,-0.28509477386131943,-0.014659929407302427,0.6,0.18406398140232277,10,1
1275,kr_kospi,minmax,swap,40,-0.12465791913051112,0.0005782522831568737,0.6,0.1280354225017584,10,2
1275,kr_kospi,minmax,swap,60,-0.11276899606020381,0.05244192084064434,0.7,0.085800366299908,10,3
1275,kr_kospi,minmax,swap,90,-0.15104349974356943,0.0178892711704168,0.6,0.05936262170932288,10,2
1275,kr_kospi,minmax,swap,120,-0.07972540022866238,0.12643090428596063,0.6,-0.0011734322015581446,10,2
1275,kr_kospi,minmax,swap,180,-0.1593583251366954,0.11188845539082766,0.6,-0.02826735951628682,10,2
1275,kr_kospi,minmax,swap,252,-0.2049373980795025,0.10855297345094117,0.6,-0.036336563894318614,10,2
1275,kr_kospi,minmax,swap,378,-0.26886317662926834,0.09268121737308352,0.6,-0.04071339874372975,10,2
1275,kr_kospi,minmax,swap,504,-0.29701518508233393,0.0645146665582646,0.6,-0.026319106516726625,10,2
1275,kr_kospi,chg,swap,20,0.022195810458261675,0.2241626546736398,0.7,0.2056643820331593,10,2
1275,kr_kospi,chg,swap,40,0.266974365387038,0.665590322856259,0.8,0.1266947732943061,10,4
1275,kr_kospi,chg,swap,60,0.21571297296495393,0.5821829396377277,0.8,0.1342794166888457,10,3
1275,kr_kospi,chg,swap,90,0.10413748872466047,0.31428279483553706,0.7,0.1004213700039789,10,3
1275,kr_kospi,chg,swap,120,0.2148428397342136,0.36529172974608126,0.7,-0.05184300188403361,10,3
1275,kr_kospi,chg,swap,180,-0.058694155777091084,0.1846995161724108,0.5,0.12121061742727947,10,2
1275,kr_kospi,chg,swap,252,-0.06298675728099074,0.1632268686664254,0.7,0.07471414955570121,10,3
1275,kr_kospi,chg,swap,378,-0.20230530439318978,-0.042276643077423966,0.5,0.14028028505928014,10,2
1275,kr_kospi,chg,swap,504,-0.30485866948861,-0.25611859814452165,0.4,0.12189388320843299,10,2
1275,kr_kospi,slope,swap,20,0.1960211544066134,0.3001566982591303,0.7,0.1492326135597012,10,3
1275,kr_kospi,slope,swap,40,0.4110030561935902,0.6233941436071632,0.8,0.10822554894825251,10,4
1275,kr_kospi,slope,swap,60,0.3903051750163731,0.6376330237369616,0.8,0.08203789694252712,10,4
1275,kr_kospi,slope,swap,90,0.2787442487782368,0.4128096743230624,0.7,0.02482684895577346,10,3
1275,kr_kospi,slope,swap,120,0.325493690585186,0.37132378533122495,0.7,-0.06293235815467572,10,3
1275,kr_kospi,slope,swap,180,0.11791540716607482,0.30065230169212814,0.6,-0.0534058209264248,10,2
1275,kr_kospi,slope,swap,252,0.06317482060043206,0.25194006653582746,0.7,0.07423159715904341,10,3
1275,kr_kospi,slope,swap,378,-0.0678942124424551,0.061451017259712866,0.7,0.18608519294764436,10,2
1275,kr_kospi,slope,swap,504,-0.21741988852434332,-0.14708744473754864,0.6,0.19475333665123284,10,1
1275,kr_kospi,dStdev,swap,20,0.21789779444054946,0.46699981001776686,0.7,0.12425898023586433,10,3
1275,kr_kospi,dStdev,swap,40,-0.3555077699629668,-0.4502349361121435,0.4,-0.08931025802305545,10,2
1275,kr_kospi,dStdev,swap,60,0.3991159937745677,0.3288563492056397,0.7,0.11669598121589711,10,3
1275,kr_kospi,dStdev,swap,90,-0.22612610727652693,-0.11940821196345637,0.4,-0.047963678718831865,10,2
1275,kr_kospi,dStdev,swap,120,0.17728423603395332,0.15165867851920822,0.7,0.07557404217780472,10,3
1275,kr_kospi,dStdev,swap,180,-0.08537806567692792,-0.10938390909522781,0.5,0.3164701221562437,10,1
1275,kr_kospi,dStdev,swap,252,0.02515478669857419,-0.12518947190569535,0.4,0.36488780223404305,10,1
1275,kr_kospi,dStdev,swap,378,0.2838119404785724,0.35484638365602306,0.6,0.31095879296622625,10,1
1275,kr_kospi,dStdev,swap,504,-0.45884314865738624,-0.44546684687714405,0.3,-0.4227206589975811,10,1
1275,kr_kospi,dSkew,swap,20,-0.13391288390998107,-0.0637384390012588,0.6,0.14377651188407323,10,2
1275,kr_kospi,dSkew,swap,40,0.007588526031867333,0.11176748443237003,0.7,0.04083520723844189,10,3
1275,kr_kospi,dSkew,swap,60,-0.1591918291980857,-0.08147695476130039,0.5,0.1401124729323091,10,2
1275,kr_kospi,dSkew,swap,90,0.09030981369601418,0.003956339433023068,0.3,-0.09676960289383756,10,2
1275,kr_kospi,dSkew,swap,120,-0.031042049205548865,0.1589254297371233,0.6,-0.03211885897248862,10,2
1275,kr_kospi,dSkew,swap,180,0.055604713462134706,0.35261310920011074,0.7,0.034794772706143715,10,3
1275,kr_kospi,dSkew,swap,252,0.020145759822043426,0.15255080453240638,0.6,0.0188687856376658,10,2
1275,kr_kospi,dSkew,swap,378,-0.21187144698621405,-0.2003205045939294,0.5,0.137420113838506,10,2
1275,kr_kospi,dSkew,swap,504,0.004955103157199764,-0.03321147630469461,0.5,0.06227089853934913,10,2
1275,kr_kospi,ac1,swap,20,0.0017192914155274334,0.09303902157518212,0.4,0.17506350992372452,10,1
1275,kr_kospi,ac1,swap,40,-0.22913305582817245,-0.3860059201373414,0.5,-0.036103213198739714,10,2
1275,kr_kospi,ac1,swap,60,-0.2178320270973325,-0.1944339735819264,0.4,-0.058003569952191976,10,2
1275,kr_kospi,ac1,swap,90,-0.391781022723553,-0.3180237636899211,0.4,-0.09084620497788365,10,2
1275,kr_kospi,ac1,swap,120,-0.52190094143408,-0.5258456676083659,0.3,-0.09804592938067856,10,2
1275,kr_kospi,ac1,swap,180,0.17476213814195798,0.2457214254901242,0.6,0.29994168090211804,10,1
1275,kr_kospi,ac1,swap,252,0.07682376969710608,0.07324635764306564,0.6,0.26333560321485877,10,1
1275,kr_kospi,ac1,swap,378,-0.007175882372520471,0.14495082758054859,0.6,0.10895218485495266,10,2
1275,kr_kospi,ac1,swap,504,0.1535775828663426,0.435233837628224,0.8,-0.03976904520370188,10,3
1275,kr_kospi,pctpos,swap,20,-0.2540338750265843,-0.1369209977338505,0.5,0.18714048622394472,10,1
1275,kr_kospi,pctpos,swap,40,0.062110417634297914,0.4447767076339565,0.7,0.03417333735172687,10,3
1275,kr_kospi,pctpos,swap,60,0.17136763829732063,0.5508019627932847,0.8,-0.0390013370635121,10,3
1275,kr_kospi,pctpos,swap,90,0.2871727490004463,0.5111707549744263,0.7,-0.08852596272099265,10,3
1275,kr_kospi,pctpos,swap,120,0.4443902624973599,0.6482443763569316,0.8,-0.3194538380655164,10,3
1275,kr_kospi,pctpos,swap,180,0.2533274657686539,0.37115082745495115,0.6,-0.11958386224551282,10,2
1275,kr_kospi,pctpos,swap,252,0.03454806870427741,0.1840345863967351,0.7,-0.13564483063286117,10,3
1275,kr_kospi,pctpos,swap,378,-0.33572140434188796,-0.09680930750750798,0.6,0.11158281126684005,10,2
1275,kr_kospi,pctpos,swap,504,0.4222254310404199,0.2564624416249062,0.7,-0.07792824714410616,10,3
1275,us_semi_ip,selfz,location,20,0.2748164252150327,0.22672159180983187,0.4,-0.08343579144746911,10,2
1275,us_semi_ip,selfz,location,40,0.4263012663939197,0.36754392769063093,0.5,-0.061094420170872375,10,2
1275,us_semi_ip,selfz,location,60,0.44721144918427785,0.5281945308322842,0.6,0.023988474894410146,10,2
1275,us_semi_ip,selfz,location,90,0.5018228398740979,0.419002926448195,0.6,0.03088765030140472,10,2
1275,us_semi_ip,selfz,location,120,0.5343036994560629,0.33545708648611133,0.7,-0.017888950312004315,10,3
1275,us_semi_ip,selfz,location,180,0.5496995898812053,0.3205411225592039,0.7,-0.047834241273242824,10,3
1275,us_semi_ip,selfz,location,252,0.6275442166735664,0.4064831279640385,0.7,-0.0405223350624784,10,3
1275,us_semi_ip,selfz,location,378,0.5621750074389581,0.44340137099665716,0.7,0.004201519619412032,10,3
1275,us_semi_ip,selfz,location,504,-0.5119068797200343,-0.4031080671193869,0.4,0.09152771046756358,10,2
1275,us_semi_ip,robustz,location,20,0.6724845695321232,0.836876848668796,0.9,0.03879237309695814,10,4
1275,us_semi_ip,robustz,location,40,0.22356713451173968,0.2217335955745154,0.5,0.02749794111644841,10,2
1275,us_semi_ip,robustz,location,60,0.16609156282523926,0.2757041764421448,0.6,0.1138902819514207,10,2
1275,us_semi_ip,robustz,location,90,0.5373604666621608,0.5659322294168755,0.6,0.10351838538552371,10,2
1275,us_semi_ip,robustz,location,120,0.5267924541003288,0.44612440543520554,0.6,0.0925362897352012,10,2
1275,us_semi_ip,robustz,location,180,0.5387945061889161,0.34177988647040347,0.7,0.02857015370296039,10,3
1275,us_semi_ip,robustz,location,252,0.6358806495349376,0.40157289353900394,0.7,-0.10971561927827282,10,3
1275,us_semi_ip,robustz,location,378,0.6676278107957098,0.5267652325513879,0.8,-0.09279478717294946,10,3
1275,us_semi_ip,robustz,location,504,0.5296485870029015,0.5118341846338561,0.7,-0.14933225516810072,10,3
1275,us_semi_ip,bdtanh,location,20,0.34253701754588023,0.276035745146638,0.5,-0.12225232177677542,10,2
1275,us_semi_ip,bdtanh,location,40,0.4763885757071411,0.44790357825254873,0.7,-0.11011801519434782,10,3
1275,us_semi_ip,bdtanh,location,60,0.4424681439356706,0.6068326634523935,0.7,0.01906753129101858,10,4
1275,us_semi_ip,bdtanh,location,90,0.5648890234921158,0.5330443972252815,0.6,-0.01274434021716438,10,2
1275,us_semi_ip,bdtanh,location,120,0.5726779258794191,0.4069276238726849,0.7,-0.12501952552728368,10,3
1275,us_semi_ip,bdtanh,location,180,0.5391893509195977,0.35043741097493997,0.7,-0.1402947269595207,10,3
1275,us_semi_ip,bdtanh,location,252,0.58807283756593,0.45068490534775313,0.7,-0.10525301310337311,10,3
1275,us_semi_ip,bdtanh,location,378,0.509243687343853,0.3678934687792083,0.7,-0.085660427963331,10,3
1275,us_semi_ip,bdtanh,location,504,-0.4607860544906501,-0.3276084700134081,0.5,0.137689445931453,10,2
1275,us_semi_ip,rankc,location,20,0.13523486428888848,0.10480624605833752,0.5,-0.20365161221536415,10,1
1275,us_semi_ip,rankc,location,40,0.24475495292549526,0.27203705620494023,0.6,-0.06683069867410349,10,2
1275,us_semi_ip,rankc,location,60,0.2644497821777711,0.3572984972401274,0.6,0.03263250373536732,10,2
1275,us_semi_ip,rankc,location,90,0.37097759980581585,0.41359471356148897,0.6,0.01422868893090887,10,2
1275,us_semi_ip,rankc,location,120,0.3951724279978512,0.3079593656716151,0.7,-0.04329111189111951,10,3
1275,us_semi_ip,rankc,location,180,0.44995636641196185,0.2954773739785817,0.7,-0.0929228018091657,10,3
1275,us_semi_ip,rankc,location,252,0.4750583540616212,0.3270640853938776,0.7,-0.05984573722272041,10,3
1275,us_semi_ip,rankc,location,378,0.49868740906590386,0.33862339247035256,0.7,-0.056879155506976996,10,3
1275,us_semi_ip,rankc,location,504,-0.4654682793397016,-0.30728787719768635,0.5,0.17404855639205488,10,1
1275,us_semi_ip,signth,location,20,0.2555358475887679,0.2554054366101712,0.4,-0.11866385817757127,10,2
1275,us_semi_ip,signth,location,40,0.3741311044733483,0.4114319398899185,0.8,-0.04019555564934984,10,3
1275,us_semi_ip,signth,location,60,0.5556919973816296,0.8531443059966132,0.8,-0.07465369974029121,10,4
1275,us_semi_ip,signth,location,90,0.5040043537645567,0.46590852490090284,0.6,-0.03448935869634471,10,2
1275,us_semi_ip,signth,location,120,0.57540980586722,0.39399883775129624,0.7,-0.17238768363159962,10,2
1275,us_semi_ip,signth,location,180,0.608495371354014,0.3858240070438954,0.7,-0.22482564812915007,10,2
1275,us_semi_ip,signth,location,252,0.5818629514422154,0.48297230785558665,0.7,-0.19830023771439279,10,2
1275,us_semi_ip,signth,location,378,-0.41373804224084826,-0.29559773626948654,0.4,0.0821446225790292,10,2
1275,us_semi_ip,signth,location,504,-0.3335302466891064,-0.1589613962606736,0.5,0.17830694888886475,10,1
1275,us_semi_ip,dev,location,20,0.3690466142657239,0.31078665363463365,0.5,-0.0429150311752914,10,2
1275,us_semi_ip,dev,location,40,0.3636263391125377,0.2716191763218544,0.6,-0.025796947361281544,10,2
1275,us_semi_ip,dev,location,60,0.4238519075660221,0.3702289697717771,0.6,-0.005519811413304249,10,2
1275,us_semi_ip,dev,location,90,0.48145289807350183,0.35231831424850146,0.5,-0.01741182895730726,10,2
1275,us_semi_ip,dev,location,120,0.5216555597215505,0.3139659309582648,0.6,-0.09710072747676268,10,2
1275,us_semi_ip,dev,location,180,0.5784308418818856,0.3597623509630411,0.7,-0.11736556171473458,10,3
1275,us_semi_ip,dev,location,252,0.6388299083750215,0.4397225572271534,0.7,-0.1085660590066826,10,3
1275,us_semi_ip,dev,location,378,0.4972392368914119,0.38657387382131936,0.7,-0.05613626061904004,10,3
1275,us_semi_ip,dev,location,504,-0.46819667656197617,-0.40286398948690016,0.4,0.13557038756967205,10,2
1275,us_semi_ip,instStdev,swap,20,0.28145857251342477,0.06628192249867856,0.4,-0.17815377592304826,10,1
1275,us_semi_ip,instStdev,swap,40,0.0650495332200396,-0.2051159718516685,0.5,-0.08556469750303608,10,2
1275,us_semi_ip,instStdev,swap,60,0.10779749754677093,-0.17171183706450283,0.5,-0.10111374326097973,10,2
1275,us_semi_ip,instStdev,swap,90,0.09275605534792997,-0.14974596542947616,0.5,-0.061231273415331175,10,2
1275,us_semi_ip,instStdev,swap,120,-0.1629529435005738,-0.24135060322878882,0.4,0.150897565007016,10,1
1275,us_semi_ip,instStdev,swap,180,-0.035880145886008144,0.020124231505969887,0.5,0.21438674409667227,10,1
1275,us_semi_ip,instStdev,swap,252,-0.318810890865799,-0.07644002744089443,0.6,-0.11681902364460539,10,2
1275,us_semi_ip,instStdev,swap,378,-0.14878731720614216,-0.02739172994927485,0.5,0.009573372503082742,10,2
1275,us_semi_ip,instStdev,swap,504,0.17264205434241814,0.23259144412941765,0.4,0.024711069074743776,10,2
1275,us_semi_ip,instSkew,swap,20,-0.3473531702287293,-0.5426819594725696,0.1,0.09403726727511547,10,2
1275,us_semi_ip,instSkew,swap,40,-0.46165897465093103,-0.6450721111047619,0.3,0.09386398212393057,10,2
1275,us_semi_ip,instSkew,swap,60,0.4603401585053202,0.5964525138381493,0.7,-0.1811639499659179,10,2
1275,us_semi_ip,instSkew,swap,90,0.3949772938235789,0.194870133851766,0.5,-0.26891907381404695,10,1
1275,us_semi_ip,instSkew,swap,120,0.28656100716031396,0.27097496285347605,0.6,-0.3255807326720972,10,1
1275,us_semi_ip,instSkew,swap,180,-0.41771768875521875,-0.7013906487833852,0.2,0.1922995136267279,10,1
1275,us_semi_ip,instSkew,swap,252,-0.19398943882661407,-0.1579460381740374,0.5,0.041902601943325804,10,2
1275,us_semi_ip,instSkew,swap,378,0.34164880885921767,0.40538989533278935,0.6,0.03445927298900967,10,2
1275,us_semi_ip,instSkew,swap,504,0.5451905403302025,0.5195272764496063,0.7,-0.19685079757357765,10,2
1275,us_semi_ip,instKurt,swap,20,0.08693563472315438,0.09114124537512776,0.4,0.24504506138562374,10,1
1275,us_semi_ip,instKurt,swap,40,-0.1691268061258152,-0.20219886944728582,0.4,0.16800262947244718,10,1
1275,us_semi_ip,instKurt,swap,60,-0.16215785095134747,-0.25031267601503343,0.4,-0.2701917277739408,10,1
1275,us_semi_ip,instKurt,swap,90,0.08602378769369345,0.0475190932860091,0.4,-0.18570889303588498,10,1
1275,us_semi_ip,instKurt,swap,120,-0.09907323621360528,-0.145389078454241,0.4,-0.13635452198429185,10,2
1275,us_semi_ip,instKurt,swap,180,0.4238045896151383,0.38779643272460335,0.7,-0.3326277088962493,10,2
1275,us_semi_ip,instKurt,swap,252,0.33027931379972075,0.23967466749628147,0.6,-0.22302409911753793,10,1
1275,us_semi_ip,instKurt,swap,378,0.20424230764586512,0.07074393670860878,0.6,0.04860330292370293,10,2
1275,us_semi_ip,instKurt,swap,504,0.2974272665118624,0.2108668377417594,0.7,-0.20468614829733378,10,2
1275,us_semi_ip,minmax,swap,20,0.35904498858286504,0.3036451063813114,0.6,-0.15579293931695917,10,1
1275,us_semi_ip,minmax,swap,40,0.48750112711822785,0.5619114331937062,0.7,-0.1095730782446477,10,3
1275,us_semi_ip,minmax,swap,60,0.5322315880297062,0.7417787111842641,0.7,-0.006832629033829457,10,4
1275,us_semi_ip,minmax,swap,90,0.6109087663848299,0.5246029031505641,0.6,-0.06279437683912285,10,2
1275,us_semi_ip,minmax,swap,120,0.6007144148850138,0.43721077443659145,0.8,-0.1675267787816443,10,2
1275,us_semi_ip,minmax,swap,180,0.6421434973215221,0.5048082110237193,0.7,-0.1416133383787096,10,3
1275,us_semi_ip,minmax,swap,252,0.6447142933783799,0.5728321609510242,0.7,-0.05436813549831616,10,3
1275,us_semi_ip,minmax,swap,378,0.5003637201914753,0.3748760334988898,0.6,-0.06461515118007127,10,2
1275,us_semi_ip,minmax,swap,504,-0.488974485714373,-0.3726085290819874,0.4,0.13445113625612437,10,2
1275,us_semi_ip,chg,swap,20,0.27635127370726875,0.1919468230144283,0.5,-0.09684215130805936,10,2
1275,us_semi_ip,chg,swap,40,0.33309504236460147,0.2787981519689579,0.6,0.005135378237246161,10,2
1275,us_semi_ip,chg,swap,60,0.39726791988475635,0.3488349156633419,0.6,0.02500315667524163,10,2
1275,us_semi_ip,chg,swap,90,0.393899545356665,0.19948612739198715,0.6,-0.18275235181366334,10,1
1275,us_semi_ip,chg,swap,120,0.40332331471491595,0.32090355910043505,0.7,-0.15281987470050726,10,2
1275,us_semi_ip,chg,swap,180,0.7146593981516971,0.6792869404030973,0.8,-0.15633201449146122,10,3
1275,us_semi_ip,chg,swap,252,0.23025434324150254,0.16940993492194334,0.5,0.19014650184411747,10,1
1275,us_semi_ip,chg,swap,378,-0.5448414502025462,-0.37634508930167787,0.5,0.18241523574231042,10,1
1275,us_semi_ip,chg,swap,504,-0.5723420155803323,-0.6819763569216232,0.3,0.2758982439099547,10,1
1275,us_semi_ip,slope,swap,20,0.39203220675344497,0.3078466474731182,0.5,-0.08289726018634788,10,2
1275,us_semi_ip,slope,swap,40,0.31938778518586985,0.39736694758599883,0.7,0.005377421511363226,10,3
1275,us_semi_ip,slope,swap,60,0.29597255717902554,0.3006577840823752,0.7,0.035366263878516456,10,3
1275,us_semi_ip,slope,swap,90,0.3965167993974165,0.23895037895414686,0.7,-0.07046272681343502,10,3
1275,us_semi_ip,slope,swap,120,0.35645773134071473,0.18136389165740216,0.6,-0.2292852017590223,10,1
1275,us_semi_ip,slope,swap,180,-0.36583974131885966,-0.39435630549842515,0.4,0.17043337469948694,10,1
1275,us_semi_ip,slope,swap,252,-0.35962947203808165,-0.4203973128068956,0.3,0.021667636026899625,10,2
1275,us_semi_ip,slope,swap,378,-0.09400675556764156,-0.13414388155220883,0.6,-0.028369892548933802,10,2
1275,us_semi_ip,slope,swap,504,-0.14473012363411195,-0.009981060946277324,0.7,0.08664118064693975,10,3
1275,us_semi_ip,dStdev,swap,20,0.2897255656944098,0.11646159250393968,0.6,-0.17062974770250924,10,1
1275,us_semi_ip,dStdev,swap,40,0.1441003416800648,-0.07113360792989439,0.5,-0.08390172410821241,10,2
1275,us_semi_ip,dStdev,swap,60,0.18746798126728267,-0.05999125859515502,0.6,-0.17216812395781628,10,1
1275,us_semi_ip,dStdev,swap,90,0.18539906100071946,-0.03715168621224099,0.6,-0.01578832167712236,10,2
1275,us_semi_ip,dStdev,swap,120,0.09026112877072981,0.052962032172285775,0.6,0.08434420581200185,10,2
1275,us_semi_ip,dStdev,swap,180,0.4525809491423137,0.4085079323657489,0.6,-0.059512892266661524,10,2
1275,us_semi_ip,dStdev,swap,252,0.6198521340785155,0.45702563970909776,0.6,0.20083974329792373,10,1
1275,us_semi_ip,dStdev,swap,378,0.26862841079538274,0.2278798874601659,0.7,0.46860970923431833,10,2
1275,us_semi_ip,dStdev,swap,504,-0.5585623741093071,-0.462029720191446,0.4,-0.07866525318167923,10,2
1275,us_semi_ip,dSkew,swap,20,0.23793287493495763,0.20209646645775536,0.6,-0.15536324857556177,10,1
1275,us_semi_ip,dSkew,swap,40,0.38768509272096885,0.6091521853962469,0.7,0.03165286803621179,10,4
1275,us_semi_ip,dSkew,swap,60,0.34517063382064844,0.40502645926007663,0.5,0.08119066266152908,10,2
1275,us_semi_ip,dSkew,swap,90,0.35070617577477137,0.10141887675000286,0.6,-0.1482053489860777,10,2
1275,us_semi_ip,dSkew,swap,120,0.3310707627210439,0.21601702709100679,0.6,-0.10039618731220139,10,2
1275,us_semi_ip,dSkew,swap,180,-0.6464197380053884,-0.6972080269919817,0.3,0.17954955269514478,10,1
1275,us_semi_ip,dSkew,swap,252,-0.5686994816091927,-0.422665301647928,0.4,-0.024014928452826212,10,2
1275,us_semi_ip,dSkew,swap,378,-0.5891849272839265,-0.5324607735739483,0.4,0.10115575856308169,10,2
1275,us_semi_ip,dSkew,swap,504,-0.7237351497475157,-0.8717957372603116,0.3,0.26897454388009334,10,1
1275,us_semi_ip,ac1,swap,20,0.18920403061256405,0.061360523215045024,0.5,0.04993577423076499,10,2
1275,us_semi_ip,ac1,swap,40,0.17451355907603763,0.08922097296930741,0.5,-0.0195813636530228,10,2
1275,us_semi_ip,ac1,swap,60,0.3071293620219786,0.05958396737839336,0.6,-0.08866195234682833,10,2
1275,us_semi_ip,ac1,swap,90,0.1967595449892745,0.1301376682049413,0.6,-0.13940676935532162,10,2
1275,us_semi_ip,ac1,swap,120,0.04335926087974142,0.12062292891334982,0.5,-0.13093130843493717,10,2
1275,us_semi_ip,ac1,swap,180,-0.4219488339416929,-0.2354492379942571,0.4,0.024347697222200364,10,2
1275,us_semi_ip,ac1,swap,252,0.3688354148731638,0.6693408499335878,0.8,0.23160094869619732,10,3
1275,us_semi_ip,ac1,swap,378,-0.6949461922025177,-0.6419588810417396,0.2,0.07425176527934016,10,2
1275,us_semi_ip,ac1,swap,504,-0.4953744747572476,-0.28263485439092667,0.4,0.05230389584968728,10,2
1275,us_semi_ip,pctpos,swap,20,0.3353608728542309,0.2517914685427336,0.5,-0.1304986778011721,10,2
1275,us_semi_ip,pctpos,swap,40,0.38542229033576364,0.3230564652365908,0.5,-0.02345322431312274,10,2
1275,us_semi_ip,pctpos,swap,60,0.4639266635115,0.6973196984277037,0.7,0.08781777013167694,10,4
1275,us_semi_ip,pctpos,swap,90,0.34808196610612535,0.3944881972511103,0.8,0.05917822719652198,10,3
1275,us_semi_ip,pctpos,swap,120,0.2304828970868992,0.30233272146514595,0.7,0.04866497945426163,10,3
1275,us_semi_ip,pctpos,swap,180,0.4896104956146626,0.5085577232797563,0.8,0.10674074466746312,10,3
1275,us_semi_ip,pctpos,swap,252,0.031201770864224026,-0.10522357340356407,0.5,-0.37764161649769284,10,1
1275,us_semi_ip,pctpos,swap,378,0.4487153973500651,0.14877904264515504,0.4,-0.14844728461506457,10,2
1275,us_semi_ip,pctpos,swap,504,0.4865345488074896,0.6750942402536411,0.8,-0.1391880602364587,10,4
1275,us_semi_ip_nsa,selfz,location,20,0.31648760641438556,0.2651627727695065,0.6,-0.0702200139821796,10,2
1275,us_semi_ip_nsa,selfz,location,40,0.4339551085623654,0.29774000230783904,0.6,-0.12978315155493286,10,2
1275,us_semi_ip_nsa,selfz,location,60,0.5834111786811487,0.5221485449536118,0.7,-0.11729583679386149,10,3
1275,us_semi_ip_nsa,selfz,location,90,0.62240777919089,0.5169262929642139,0.6,-0.12476988390644306,10,2
1275,us_semi_ip_nsa,selfz,location,120,0.5962602184903166,0.36518409561976284,0.7,-0.10877662115948886,10,3
1275,us_semi_ip_nsa,selfz,location,180,0.5900796997949974,0.3523593496821188,0.7,-0.11000418318503204,10,3
1275,us_semi_ip_nsa,selfz,location,252,0.6905985585410708,0.4545581214781949,0.7,-0.0856069914231049,10,3
1275,us_semi_ip_nsa,selfz,location,378,0.6386215368808117,0.4816153847985794,0.8,-0.05869729307776238,10,3
1275,us_semi_ip_nsa,selfz,location,504,0.5474929999466169,0.4285437620141217,0.8,-0.1225969445029792,10,3
1275,us_semi_ip_nsa,robustz,location,20,0.623050384402206,0.2872426977297747,0.7,0.05775900408189617,10,3
1275,us_semi_ip_nsa,robustz,location,40,0.4582044934825389,0.7836878874249811,0.7,-0.03957679457660708,10,4
1275,us_semi_ip_nsa,robustz,location,60,0.5254090082557462,0.5628797484875925,0.6,-0.042589913960229514,10,2
1275,us_semi_ip_nsa,robustz,location,90,0.4499726476788866,0.42590020523325484,0.6,-0.008517711784547237,10,2
1275,us_semi_ip_nsa,robustz,location,120,0.5836080358479362,0.43400028985861233,0.6,-0.05898282006907911,10,2
1275,us_semi_ip_nsa,robustz,location,180,0.702402065115083,0.44980037783275456,0.7,-0.10042348214888563,10,3
1275,us_semi_ip_nsa,robustz,location,252,0.6995708117157459,0.48793885002511955,0.7,-0.09592676412721571,10,3
1275,us_semi_ip_nsa,robustz,location,378,0.6824103050727331,0.5177373086520686,0.8,-0.09434527897010395,10,3
1275,us_semi_ip_nsa,robustz,location,504,0.6326854598397793,0.6416454083757217,0.7,-0.16801434178290528,10,3
1275,us_semi_ip_nsa,bdtanh,location,20,0.3999411699223448,0.35906692588715516,0.6,-0.12732589480818815,10,2
1275,us_semi_ip_nsa,bdtanh,location,40,0.4175552003317737,0.31927231750909346,0.6,-0.18138910683789145,10,1
1275,us_semi_ip_nsa,bdtanh,location,60,0.5795708059911606,0.6196639688717864,0.7,-0.16040906227133025,10,3
1275,us_semi_ip_nsa,bdtanh,location,90,0.6473211033406678,0.5836286810712126,0.6,-0.1762347601715308,10,1
1275,us_semi_ip_nsa,bdtanh,location,120,0.5805656425696741,0.3762761246903209,0.7,-0.188486937526818,10,2
1275,us_semi_ip_nsa,bdtanh,location,180,0.5443184747481667,0.3629984803539518,0.7,-0.16285722892880022,10,2
1275,us_semi_ip_nsa,bdtanh,location,252,0.6465764474133888,0.5009781732135477,0.7,-0.13167672832525065,10,3
1275,us_semi_ip_nsa,bdtanh,location,378,0.5682729260551703,0.4001966971055676,0.6,-0.09501348450274961,10,2
1275,us_semi_ip_nsa,bdtanh,location,504,0.48483299863047774,0.3739896244980347,0.5,-0.13854854938225578,10,2
1275,us_semi_ip_nsa,rankc,location,20,0.18349806219607054,0.15233582847261046,0.6,-0.21077983202547818,10,1
1275,us_semi_ip_nsa,rankc,location,40,0.43489671898550225,0.3744504405232558,0.7,-0.16049443557675014,10,2
1275,us_semi_ip_nsa,rankc,location,60,0.5615291487168355,0.46567861098516816,0.6,-0.15556202362747043,10,1
1275,us_semi_ip_nsa,rankc,location,90,0.6640006480861103,0.6294001717392328,0.6,-0.18540380462995876,10,2
1275,us_semi_ip_nsa,rankc,location,120,0.6399307552090364,0.4883174004765309,0.7,-0.17963704995604252,10,2
1275,us_semi_ip_nsa,rankc,location,180,0.6251094816315433,0.40782425724878013,0.7,-0.1667855883477405,10,2
1275,us_semi_ip_nsa,rankc,location,252,0.7110038675745288,0.46273595283950036,0.7,-0.1376135275044878,10,3
1275,us_semi_ip_nsa,rankc,location,378,0.7138048803059924,0.549998993060225,0.8,-0.14106733525962897,10,3
1275,us_semi_ip_nsa,rankc,location,504,0.561800375892752,0.4492409965194332,0.6,-0.20764806865362892,10,1
1275,us_semi_ip_nsa,signth,location,20,0.29949047731545475,0.3024164099442249,0.6,-0.11756631812268872,10,2
1275,us_semi_ip_nsa,signth,location,40,0.4544916246070417,0.3656340334329185,0.6,-0.16546320988171342,10,1
1275,us_semi_ip_nsa,signth,location,60,0.5775599099363216,0.7005103577341166,0.7,-0.18611918983814604,10,3
1275,us_semi_ip_nsa,signth,location,90,0.6284065606021,0.671991391379804,0.7,-0.15614753769643996,10,3
1275,us_semi_ip_nsa,signth,location,120,0.48657891044588814,0.34282981160368253,0.6,-0.2258905666406374,10,1
1275,us_semi_ip_nsa,signth,location,180,0.5513593098892587,0.3468641236466207,0.7,-0.21290771333858524,10,2
1275,us_semi_ip_nsa,signth,location,252,0.6682592571459901,0.5159835372614349,0.7,-0.1592701531118424,10,2
1275,us_semi_ip_nsa,signth,location,378,-0.3329822906466279,-0.261316993578194,0.4,0.0063876186534590484,10,2
1275,us_semi_ip_nsa,signth,location,504,0.350289275034438,0.11534504706031382,0.6,-0.16688927032481377,10,1
1275,us_semi_ip_nsa,dev,location,20,0.33111442776725847,0.16250867460204108,0.5,-0.10866130886854865,10,2
1275,us_semi_ip_nsa,dev,location,40,0.4382393877544105,0.21900700980238894,0.5,-0.14433860830397516,10,2
1275,us_semi_ip_nsa,dev,location,60,0.5616236023989435,0.4185434266657788,0.6,-0.12396051732271596,10,2
1275,us_semi_ip_nsa,dev,location,90,0.6187153328986134,0.4132679953368141,0.6,-0.13984892478405433,10,2
1275,us_semi_ip_nsa,dev,location,120,0.5959259111696246,0.32066530752246364,0.6,-0.18110941266105546,10,1
1275,us_semi_ip_nsa,dev,location,180,0.6056277728223389,0.38435213728153356,0.7,-0.1461337820201744,10,3
1275,us_semi_ip_nsa,dev,location,252,0.6756112548699997,0.4730747346093878,0.7,-0.1250452499516486,10,3
1275,us_semi_ip_nsa,dev,location,378,0.5807010699606395,0.4312011034029802,0.7,-0.10579892401751295,10,3
1275,us_semi_ip_nsa,dev,location,504,0.5033351371210866,0.4332918570216542,0.7,-0.15122941458861222,10,2
1275,us_semi_ip_nsa,instStdev,swap,20,-0.15359217371546663,-0.2755936547001947,0.4,-0.03299316914267918,10,2
1275,us_semi_ip_nsa,instStdev,swap,40,-0.31390071458011426,-0.455820701435785,0.3,0.05728548765600866,10,2
1275,us_semi_ip_nsa,instStdev,swap,60,-0.11724493619670787,-0.3094598917878565,0.4,0.0872038524148234,10,2
1275,us_semi_ip_nsa,instStdev,swap,90,-0.10045446475255312,-0.06255489563394072,0.5,0.06190274768206202,10,2
1275,us_semi_ip_nsa,instStdev,swap,120,-0.4081548443155731,-0.36115205611118995,0.5,0.24681468522193914,10,1
1275,us_semi_ip_nsa,instStdev,swap,180,-0.17825112674503535,-0.1091779438936963,0.5,0.2541855511464795,10,1
1275,us_semi_ip_nsa,instStdev,swap,252,-0.01637646588760682,0.14697724584226132,0.5,-0.27993197017695287,10,1
1275,us_semi_ip_nsa,instStdev,swap,378,0.195819031672715,0.39946444983766355,0.6,-0.18249170210361168,10,1
1275,us_semi_ip_nsa,instStdev,swap,504,-0.013333762246708233,-0.12345005037432584,0.4,0.07723638668917056,10,2
1275,us_semi_ip_nsa,instSkew,swap,20,-0.268861267001955,-0.445261159868522,0.2,0.10237718245091135,10,2
1275,us_semi_ip_nsa,instSkew,swap,40,-0.272268122730595,-0.18250700988953908,0.2,0.07606513059670035,10,2
1275,us_semi_ip_nsa,instSkew,swap,60,-0.37933983795418685,-0.3969375876363197,0.3,0.12654603479818988,10,2
1275,us_semi_ip_nsa,instSkew,swap,90,-0.1524790159290278,0.05060961581101934,0.3,0.11739561814386296,10,2
1275,us_semi_ip_nsa,instSkew,swap,120,0.00819885686717247,0.12184977324103376,0.5,0.10263710003162099,10,2
1275,us_semi_ip_nsa,instSkew,swap,180,0.031245572942884218,-0.018151024988265693,0.5,-0.014819022606195395,10,2
1275,us_semi_ip_nsa,instSkew,swap,252,0.09541444918794803,0.266889427873067,0.7,-0.02678530227065509,10,3
1275,us_semi_ip_nsa,instSkew,swap,378,0.3778732976136309,0.43210814705751693,0.6,0.04240983114026249,10,2
1275,us_semi_ip_nsa,instSkew,swap,504,0.5364784498849314,0.6014508758782448,0.8,-0.38609750419836153,10,3
1275,us_semi_ip_nsa,instKurt,swap,20,0.07429216030539666,0.08542864519629649,0.4,0.24679287112220494,10,1
1275,us_semi_ip_nsa,instKurt,swap,40,0.03651207203630111,0.20814439583943706,0.5,0.10033049783174865,10,2
1275,us_semi_ip_nsa,instKurt,swap,60,0.01912755154912322,0.16699380824415794,0.6,0.196779160163394,10,1
1275,us_semi_ip_nsa,instKurt,swap,90,-0.33276597409057024,-0.3022076450058895,0.4,0.22767967116017815,10,1
1275,us_semi_ip_nsa,instKurt,swap,120,-0.07234569914139322,-0.006079221596289572,0.3,0.1891937675816644,10,1
1275,us_semi_ip_nsa,instKurt,swap,180,-0.2539907544523226,-0.5136186222265959,0.4,0.17518605891105216,10,1
1275,us_semi_ip_nsa,instKurt,swap,252,0.3251305030217574,0.2827999294250277,0.6,-0.07925993451985741,10,2
1275,us_semi_ip_nsa,instKurt,swap,378,0.22371048757816825,0.2443035237266962,0.6,0.10386591032520232,10,2
1275,us_semi_ip_nsa,instKurt,swap,504,0.35258047395330977,0.2665649494935965,0.6,-0.32466029259938,10,1
1275,us_semi_ip_nsa,minmax,swap,20,0.41921760204930375,0.4130404606600213,0.6,-0.16798652277977016,10,1
1275,us_semi_ip_nsa,minmax,swap,40,0.49323180470221817,0.48307536685688457,0.6,-0.18926161814208825,10,1
1275,us_semi_ip_nsa,minmax,swap,60,0.6241890062061832,0.687798893919503,0.7,-0.16503545222286425,10,3
1275,us_semi_ip_nsa,minmax,swap,90,0.5549134854217945,0.4413140845325433,0.5,-0.15971810194268823,10,1
1275,us_semi_ip_nsa,minmax,swap,120,0.47283738445992973,0.2684124732564163,0.6,-0.12951952371696335,10,2
1275,us_semi_ip_nsa,minmax,swap,180,0.5374958230488984,0.394041502570555,0.7,-0.1006434618584543,10,3
1275,us_semi_ip_nsa,minmax,swap,252,0.5826022373899783,0.4654753153210511,0.7,-0.013435379562013969,10,3
1275,us_semi_ip_nsa,minmax,swap,378,-0.5458235602039795,-0.42174261753989606,0.4,0.035778721284394036,10,2
1275,us_semi_ip_nsa,minmax,swap,504,0.5161774292078467,0.4341178751229039,0.6,-0.11515559207705714,10,2
1275,us_semi_ip_nsa,chg,swap,20,0.25215107201983705,0.08882758046445088,0.5,-0.16561468060197718,10,1
1275,us_semi_ip_nsa,chg,swap,40,0.509844554804206,0.4012519212619324,0.7,-0.11291680143087167,10,3
1275,us_semi_ip_nsa,chg,swap,60,0.6054084907648477,0.5256149178654359,0.7,-0.06784600334878688,10,3
1275,us_semi_ip_nsa,chg,swap,90,0.43039892562762183,0.14650181153862832,0.5,-0.26774306896028616,10,1
1275,us_semi_ip_nsa,chg,swap,120,0.40233068540719735,0.30629141757424794,0.7,-0.16687418402148946,10,2
1275,us_semi_ip_nsa,chg,swap,180,0.6819907165871564,0.6277639421942988,0.8,-0.10472449086989627,10,4
1275,us_semi_ip_nsa,chg,swap,252,0.5945056762607669,0.30562009066048906,0.6,-0.028350013277471206,10,2
1275,us_semi_ip_nsa,chg,swap,378,0.5548424829136843,0.47075281568650534,0.5,-0.1890377054503812,10,1
1275,us_semi_ip_nsa,chg,swap,504,-0.5116824809419908,-0.6918186817930613,0.3,0.25244715282515706,10,1
1275,us_semi_ip_nsa,slope,swap,20,0.2953253576311769,0.16867766881895868,0.5,-0.1385805903610717,10,2
1275,us_semi_ip_nsa,slope,swap,40,0.5223736277489525,0.5041087351771155,0.7,-0.1448270241263746,10,3
1275,us_semi_ip_nsa,slope,swap,60,0.4196951406810604,0.4329676341367942,0.7,-0.021711343733957972,10,3
1275,us_semi_ip_nsa,slope,swap,90,0.49395101730796337,0.3047460492910179,0.6,-0.15295928485379898,10,1
1275,us_semi_ip_nsa,slope,swap,120,0.3554227475383598,0.13951117567062332,0.6,-0.25691686277510223,10,1
1275,us_semi_ip_nsa,slope,swap,180,-0.3486090682261847,-0.3593699370623511,0.5,0.14742782704951668,10,2
1275,us_semi_ip_nsa,slope,swap,252,-0.4130536334711984,-0.47525490503185436,0.3,0.02723961346333105,10,2
1275,us_semi_ip_nsa,slope,swap,378,-0.1633889197456688,-0.2223110694584661,0.6,0.0395228649599278,10,2
1275,us_semi_ip_nsa,slope,swap,504,-0.13518301643737538,-0.010793984281896166,0.7,0.0902466921379879,10,3
1275,us_semi_ip_nsa,dStdev,swap,20,0.07442007770895451,0.06424242273582463,0.4,0.006380719370947916,10,2
1275,us_semi_ip_nsa,dStdev,swap,40,-0.20254289265660394,-0.25601432269932967,0.4,0.0934185042695616,10,2
1275,us_semi_ip_nsa,dStdev,swap,60,-0.059526893923915004,-0.06506006691102201,0.5,0.0664948464616773,10,2
1275,us_semi_ip_nsa,dStdev,swap,90,-0.15348197384722734,-0.11164435836263485,0.5,0.05841215982482591,10,2
1275,us_semi_ip_nsa,dStdev,swap,120,0.24015525046908578,0.15015800414548375,0.6,-0.014211622803780745,10,2
1275,us_semi_ip_nsa,dStdev,swap,180,-0.07010317999732509,-0.16738714558819465,0.3,0.16308412980769138,10,1
1275,us_semi_ip_nsa,dStdev,swap,252,-0.06436861097198049,-0.051461402122125216,0.6,0.0731643022788059,10,2
1275,us_semi_ip_nsa,dStdev,swap,378,0.5058131312810733,0.704236678171778,0.8,-0.30342366730334003,10,3
1275,us_semi_ip_nsa,dStdev,swap,504,-0.044660270210795466,0.1091095210338208,0.5,-0.07203512948578403,10,2
1275,us_semi_ip_nsa,dSkew,swap,20,0.3766296931984084,0.4045040314580953,0.7,-0.14708498060102482,10,3
1275,us_semi_ip_nsa,dSkew,swap,40,0.6182856962999626,0.7547573203140022,0.7,-0.1302155551579181,10,4
1275,us_semi_ip_nsa,dSkew,swap,60,0.6971811194344042,0.702015441627721,0.6,-0.16674886991352764,10,2
1275,us_semi_ip_nsa,dSkew,swap,90,0.3624699498162066,0.17066490381175622,0.6,-0.18680745537219406,10,1
1275,us_semi_ip_nsa,dSkew,swap,120,-0.2075401114841049,-0.21922026328650723,0.5,0.06787321044033834,10,2
1275,us_semi_ip_nsa,dSkew,swap,180,-0.3517149145510966,-0.4051608247672044,0.5,0.10006210742214665,10,2
1275,us_semi_ip_nsa,dSkew,swap,252,-0.41961428991200883,-0.09231503397277148,0.5,0.060894647043227376,10,2
1275,us_semi_ip_nsa,dSkew,swap,378,-0.2671638685101815,-0.13284409054217292,0.4,0.2566961890690512,10,1
1275,us_semi_ip_nsa,dSkew,swap,504,-0.23322082237591496,-0.2989317911900311,0.4,0.35692906639198596,10,1
1275,us_semi_ip_nsa,ac1,swap,20,-0.23080417389634772,-0.29179600535750416,0.4,-0.07361428728065385,10,2
1275,us_semi_ip_nsa,ac1,swap,40,0.07047428958847021,-0.07478192024161584,0.3,-0.03331877677755604,10,2
1275,us_semi_ip_nsa,ac1,swap,60,0.22099666016513456,-0.10244330622158225,0.5,-0.049437056358987416,10,2
1275,us_semi_ip_nsa,ac1,swap,90,0.16370064501104983,0.12466715447084259,0.6,-0.05549385114468651,10,2
1275,us_semi_ip_nsa,ac1,swap,120,-0.05175138860119729,-0.012184105863111283,0.4,-0.09078858890816753,10,2
1275,us_semi_ip_nsa,ac1,swap,180,-0.18004071565429938,-0.008000205878818438,0.4,0.037678488554318317,10,2
1275,us_semi_ip_nsa,ac1,swap,252,0.6589274431389668,0.8440051193888709,0.7,-0.022532968713130343,10,4
1275,us_semi_ip_nsa,ac1,swap,378,-0.5461991065925575,-0.49385625362270963,0.2,0.08226849228061577,10,2
1275,us_semi_ip_nsa,ac1,swap,504,-0.43235840430984174,-0.19889966930076064,0.4,-0.0001735542296391648,10,2
1275,us_semi_ip_nsa,pctpos,swap,20,0.4745925058999783,0.40977221661675156,0.7,-0.12843918922966652,10,3
1275,us_semi_ip_nsa,pctpos,swap,40,0.3897505842255665,0.42364600261932606,0.6,-0.012902564775209747,10,2
1275,us_semi_ip_nsa,pctpos,swap,60,0.23653554602845353,0.34922314422148576,0.7,0.0968582050367255,10,3
1275,us_semi_ip_nsa,pctpos,swap,90,-0.04274707674799499,-0.082912283651419,0.5,0.08184796934534841,10,2
1275,us_semi_ip_nsa,pctpos,swap,120,-0.09862402417633616,-0.07519658319474523,0.5,0.09254551356586645,10,2
1275,us_semi_ip_nsa,pctpos,swap,180,0.5209053934495957,0.5289096728450503,0.8,0.09201651774986616,10,3
1275,us_semi_ip_nsa,pctpos,swap,252,0.0728500799896367,0.18649415141451028,0.8,0.2912997775981478,10,2
1275,us_semi_ip_nsa,pctpos,swap,378,0.8221463308688853,0.47871176452939446,0.6,-0.09032471768475107,10,2
1275,us_semi_ip_nsa,pctpos,swap,504,0.5674902354418317,0.6581138312251995,0.7,-0.13672544728609204,10,4
1275,copper,selfz,location,20,0.12274841676918981,0.40933699679334873,0.7,0.09635974152893059,10,3
1275,copper,selfz,location,40,-0.019896136348375698,0.32858208136635675,0.5,-0.02488971673102636,10,2
1275,copper,selfz,location,60,-0.06828298023217932,0.23937803205507185,0.5,-0.06216407570658879,10,2
1275,copper,selfz,location,90,-0.03230516015162383,0.2466730115415298,0.6,-0.08149197068358174,10,2
1275,copper,selfz,location,120,0.008514116577568382,0.24589376022976928,0.7,-0.11998220122989914,10,3
1275,copper,selfz,location,180,-0.004995240481798437,0.28085052288574164,0.7,-0.12936774008360272,10,3
1275,copper,selfz,location,252,-0.0761241526490056,0.26767122291797724,0.7,-0.15260267868628283,10,2
1275,copper,selfz,location,378,-0.2849779785362182,0.08207154604040763,0.6,-0.0797532584864884,10,2
1275,copper,selfz,location,504,-0.31844529925053344,0.037226253871502434,0.6,-0.03714399790887973,10,2
1275,copper,robustz,location,20,-0.09662443320502068,-0.5293823173323363,0.3,-0.20699418028595146,10,1
1275,copper,robustz,location,40,0.015462572467616792,0.12518717475824584,0.5,-0.01697989431838313,10,2
1275,copper,robustz,location,60,0.16774193386065067,0.3965047651010029,0.6,-0.06617761763478482,10,2
1275,copper,robustz,location,90,0.06296948276748543,0.37805769922811033,0.7,-0.12131707929175077,10,3
1275,copper,robustz,location,120,0.11135246637877193,0.3546980219615474,0.7,-0.15299453928768417,10,2
1275,copper,robustz,location,180,0.1250592593284681,0.4040699636307592,0.8,-0.16726535499911918,10,2
1275,copper,robustz,location,252,0.08564157261801404,-0.16828414723623297,0.4,0.21817088737795312,10,1
1275,copper,robustz,location,378,0.2909559801591709,0.015554613755865808,0.5,0.021525237562409528,10,2
1275,copper,robustz,location,504,-0.25796418094898216,0.047296742264626955,0.6,0.021178880176752228,10,2
1275,copper,bdtanh,location,20,0.10556840934258077,0.3136237284622684,0.6,0.040245120563507875,10,2
1275,copper,bdtanh,location,40,-0.032733645410946574,0.1476974459424308,0.5,-0.09353208705180034,10,2
1275,copper,bdtanh,location,60,0.05805947245339524,-0.1259536840256478,0.5,0.12103868889333737,10,2
1275,copper,bdtanh,location,90,0.06944743740054583,-0.10823586535658675,0.5,0.12189264613564248,10,2
1275,copper,bdtanh,location,120,0.006547361664631778,0.14201259297095617,0.5,-0.1727793141155585,10,1
1275,copper,bdtanh,location,180,-0.0030973754027878177,0.2275499933653638,0.6,-0.1568933928757314,10,1
1275,copper,bdtanh,location,252,-0.12288542656575074,0.15122485370838779,0.6,-0.13336459492663924,10,2
1275,copper,bdtanh,location,378,-0.2606389761647727,0.05791434461088945,0.6,-0.09111564445229839,10,2
1275,copper,bdtanh,location,504,-0.28071734078148014,0.043721642240117126,0.6,-0.04972919243035676,10,2
1275,copper,rankc,location,20,0.39090179955048027,0.47846556315565136,0.6,0.14352105807484156,10,2
1275,copper,rankc,location,40,0.2508036991152144,0.38737379366733693,0.6,-0.06966951656814405,10,2
1275,copper,rankc,location,60,0.08346979353323761,0.2668534221044107,0.5,-0.11272145630235857,10,2
1275,copper,rankc,location,90,0.060077638480401256,0.23359171069181958,0.5,-0.137070512586915,10,2
1275,copper,rankc,location,120,0.10806741364687916,0.2585139176708404,0.5,-0.16949707007359582,10,1
1275,copper,rankc,location,180,0.04738553984234696,0.2258818152246184,0.6,-0.19816063133928244,10,1
1275,copper,rankc,location,252,-0.06832518123332086,0.20846829841534653,0.7,-0.18591163943469083,10,2
1275,copper,rankc,location,378,-0.2521795076818882,0.09595783459931827,0.6,-0.11030879263234768,10,2
1275,copper,rankc,location,504,-0.24553839870376867,0.10545373257420203,0.6,-0.08542777550398442,10,2
1275,copper,signth,location,20,0.04133018864121764,0.21340395827340608,0.5,0.07974793099871065,10,2
1275,copper,signth,location,40,0.01570129747815435,0.13199120152665664,0.5,-0.10992666208527445,10,2
1275,copper,signth,location,60,0.10818283056510082,-0.0036891918225791754,0.5,0.13351423452314926,10,2
1275,copper,signth,location,90,0.06716050505522748,-0.0018821914121400888,0.6,0.14711192496916853,10,2
1275,copper,signth,location,120,-0.035691120688153055,-0.15854958621765594,0.5,0.16509494140694114,10,1
1275,copper,signth,location,180,0.005081260131391641,0.2138604296485142,0.7,-0.14233640734331227,10,3
1275,copper,signth,location,252,-0.23417651596309744,-0.04538568989529649,0.5,-0.10898204487278128,10,2
1275,copper,signth,location,378,-0.20361070697907138,0.18843208029668818,0.7,-0.08121850761292339,10,3
1275,copper,signth,location,504,-0.20857921066796822,0.08041871504295915,0.7,0.015897126713941626,10,3
1275,copper,dev,location,20,0.22572691242667844,0.6714487418727816,0.8,0.1461304753349633,10,4
1275,copper,dev,location,40,0.17492709997235362,0.4936785743231255,0.7,0.0507167338469163,10,3
1275,copper,dev,location,60,0.0939182451580238,0.36431570394592205,0.7,-0.014571472370115992,10,3
1275,copper,dev,location,90,0.08484914472185244,0.32244196451019,0.7,-0.04667515878801108,10,3
1275,copper,dev,location,120,0.12457648073519785,0.36743971220447014,0.8,-0.0866303996129629,10,3
1275,copper,dev,location,180,0.018590465498719597,0.32641922265533624,0.7,-0.09908864782478759,10,3
1275,copper,dev,location,252,-0.09099692804035389,0.2483254583170866,0.6,-0.06521687515147011,10,2
1275,copper,dev,location,378,-0.24289342029255453,0.11040163422147127,0.6,0.01923358659878405,10,2
1275,copper,dev,location,504,-0.27019808994406036,0.04964432465250275,0.6,0.05434164138809558,10,2
1275,copper,instStdev,swap,20,0.09833938600250008,-0.10036293233866356,0.4,0.04570815552205125,10,2
1275,copper,instStdev,swap,40,-0.008011395082644129,0.16001662302533415,0.6,-0.013477997605344638,10,2
1275,copper,instStdev,swap,60,0.01946977221164519,0.09542001385450181,0.7,-0.0509739216119654,10,3
1275,copper,instStdev,swap,90,0.011443866295429539,0.00033881061032218205,0.5,0.1694294860273823,10,1
1275,copper,instStdev,swap,120,0.17315955235591843,0.0897185922567873,0.5,-0.18601224617800935,10,1
1275,copper,instStdev,swap,180,-0.2805010098610563,-0.1626642200770648,0.4,0.1702016352604191,10,1
1275,copper,instStdev,swap,252,-0.1633275232309656,-0.2497569251342853,0.4,0.1436777070059891,10,2
1275,copper,instStdev,swap,378,-0.07707138577135283,-0.046920409581916976,0.5,0.04308366215237688,10,2
1275,copper,instStdev,swap,504,0.060086077642412465,0.1931446469708707,0.6,0.0068660743015534955,10,2
1275,copper,instSkew,swap,20,-0.02603655351010386,0.13737020369755548,0.6,0.20812262716861696,10,1
1275,copper,instSkew,swap,40,0.30234418071792846,0.6321599332291513,0.7,0.2337702841780504,10,3
1275,copper,instSkew,swap,60,0.3692016203862735,0.5658565917832237,0.7,0.1284025629166951,10,3
1275,copper,instSkew,swap,90,0.21207369484795893,0.5028252226091791,0.7,-0.005103510772376815,10,3
1275,copper,instSkew,swap,120,-0.030174710825165426,0.1236067079404923,0.5,-0.11090305732951498,10,2
1275,copper,instSkew,swap,180,0.12850987756819493,0.07504986000407883,0.6,0.1754985837513569,10,1
1275,copper,instSkew,swap,252,0.060019136889844595,-0.03676689585882111,0.6,0.04311697215444711,10,2
1275,copper,instSkew,swap,378,0.09772679499105608,-0.16149147404988853,0.5,0.04195323682024033,10,2
1275,copper,instSkew,swap,504,0.20504049381869727,0.25985041500210876,0.6,-0.23471246224867126,10,1
1275,copper,instKurt,swap,20,0.36627960472967014,0.19753918072796176,0.7,-0.007934517540983456,10,3
1275,copper,instKurt,swap,40,0.2528680164267523,0.24842051446784502,0.6,-0.03839863343843543,10,2
1275,copper,instKurt,swap,60,-0.2096130879312629,-0.0892086110901767,0.5,-0.05433618072961941,10,2
1275,copper,instKurt,swap,90,-0.36655662584522386,-0.2723342604391469,0.3,0.1283677549642437,10,2
1275,copper,instKurt,swap,120,0.574996276664227,0.7003582417425036,0.8,-0.12656012002189224,10,4
1275,copper,instKurt,swap,180,0.45178544875459153,0.31848662875477246,0.6,-0.051219953336395986,10,2
1275,copper,instKurt,swap,252,-0.11056390522397938,-0.2602876468034728,0.4,0.21285807338555648,10,1
1275,copper,instKurt,swap,378,-0.09420465692982763,-0.05543466605592842,0.4,0.2992505931162877,10,1
1275,copper,instKurt,swap,504,0.20949715161942323,0.3233640219297085,0.8,0.09110709481449951,10,3
1275,copper,minmax,swap,20,0.12854531257292928,0.21852507770997637,0.6,-0.03489574261960704,10,2
1275,copper,minmax,swap,40,0.10957299886058146,0.01721300445663523,0.5,0.1294556270888836,10,2
1275,copper,minmax,swap,60,0.09066003254658188,-0.04148284445609459,0.5,0.15033131280791298,10,1
1275,copper,minmax,swap,90,0.04470813263163804,-0.15320375715698434,0.6,0.15193945777121423,10,1
1275,copper,minmax,swap,120,0.040432092702343284,0.18645014557782819,0.5,-0.1883750186755187,10,1
1275,copper,minmax,swap,180,-0.013619957215937846,0.25081705262383114,0.7,-0.1580776105819203,10,2
1275,copper,minmax,swap,252,-0.141331295968739,0.11694922279176237,0.6,-0.11768736151206201,10,2
1275,copper,minmax,swap,378,-0.29779333978521577,0.010208309383768405,0.6,-0.054034797268465176,10,2
1275,copper,minmax,swap,504,-0.33997746400088086,-0.0074008254339290955,0.6,-0.017831955640190553,10,2
1275,copper,chg,swap,20,0.18872620094049505,0.4476819159411739,0.6,0.12388274834081052,10,2
1275,copper,chg,swap,40,-0.003513184476365705,0.21644048085616643,0.7,-0.03435489281266049,10,3
1275,copper,chg,swap,60,-0.031888712906268754,0.1715406964109901,0.6,-0.08072664037477878,10,2
1275,copper,chg,swap,90,0.20493632033433398,0.36397588282800475,0.8,-0.1375467594866231,10,3
1275,copper,chg,swap,120,0.009980490269232317,0.2857451867136431,0.7,-0.11019202170949138,10,3
1275,copper,chg,swap,180,-0.12996105528855537,0.05877811314739488,0.5,-0.022745947871992286,10,2
1275,copper,chg,swap,252,-0.3213593233796529,0.005175494713061918,0.6,0.05984729376152801,10,2
1275,copper,chg,swap,378,-0.13060591789749998,0.08409172803920399,0.7,0.12452640617334222,10,3
1275,copper,chg,swap,504,-0.40818701708136707,-0.19077903857667916,0.3,0.06613003135763118,10,2
1275,copper,slope,swap,20,0.15062021303595943,0.387011152311237,0.7,0.11441031325762009,10,3
1275,copper,slope,swap,40,0.015907507976634705,0.10706912290147036,0.6,-0.08882098186334512,10,2
1275,copper,slope,swap,60,-0.08096859496753918,0.0749358964748928,0.6,-0.13984427090538187,10,2
1275,copper,slope,swap,90,0.004738111901029054,0.11783680136598926,0.6,-0.15572751806985807,10,1
1275,copper,slope,swap,120,-0.23527463118665565,-0.3448363568955334,0.3,0.21596537652413497,10,1
1275,copper,slope,swap,180,-0.06411048231196373,0.19906440094520542,0.6,-0.06732746596462334,10,2
1275,copper,slope,swap,252,-0.11615321358528834,0.06065848783200149,0.5,0.00850229907825497,10,2
1275,copper,slope,swap,378,-0.2449089435503999,-0.0685306160245528,0.7,0.143374353599152,10,3
1275,copper,slope,swap,504,-0.2384048029879774,-0.28251045643447403,0.5,0.23738187540801034,10,1
1275,copper,dStdev,swap,20,0.12584081665598043,-0.09965787113708487,0.5,0.007089419799092434,10,2
1275,copper,dStdev,swap,40,0.10235881810035688,-0.059256175277944946,0.5,-0.094928587384832,10,2
1275,copper,dStdev,swap,60,-0.1501024632083426,-0.052591861989068775,0.4,0.044622239249194735,10,2
1275,copper,dStdev,swap,90,-0.263522554836798,-0.15439241491894823,0.4,0.04352483293770033,10,2
1275,copper,dStdev,swap,120,-0.3318128124513532,-0.32164926540380073,0.4,0.11028777612056413,10,2
1275,copper,dStdev,swap,180,0.3165070043326733,0.5770124089000082,0.7,-0.1985372687692633,10,2
1275,copper,dStdev,swap,252,0.3276148647292359,0.31355858579740237,0.6,-0.27224735133391303,10,1
1275,copper,dStdev,swap,378,0.27562678579357186,0.1926163917784975,0.6,0.2744791385594484,10,1
1275,copper,dStdev,swap,504,-0.11003946892109027,-0.19500745839519523,0.5,-0.3199295376075026,10,1
1275,copper,dSkew,swap,20,0.021965310301992353,0.10686986047676723,0.6,-0.06431328016794803,10,2
1275,copper,dSkew,swap,40,0.22942357442829084,0.15977929848651531,0.6,0.1712627518785435,10,1
1275,copper,dSkew,swap,60,0.13001290825921535,0.02516012579058489,0.5,0.1618731220258875,10,1
1275,copper,dSkew,swap,90,-0.04422295396020342,-0.20545323036335306,0.4,0.1890160686583701,10,1
1275,copper,dSkew,swap,120,-0.28917379494607515,0.07116842376274261,0.6,-0.09606020613279871,10,2
1275,copper,dSkew,swap,180,0.4133185671512518,0.17181869702280456,0.6,0.07116222545732633,10,2
1275,copper,dSkew,swap,252,0.47053310055217645,0.19263641379783983,0.5,0.08451860672439415,10,2
1275,copper,dSkew,swap,378,-0.5365465943735231,-0.6623375692814311,0.3,0.04059344925606613,10,2
1275,copper,dSkew,swap,504,-0.6333144727641047,-0.7361911798882205,0.3,-0.01091552589935409,10,2
1275,copper,ac1,swap,20,-0.17886602381826425,0.4722440034296122,0.8,0.1703810905650076,10,2
1275,copper,ac1,swap,40,0.14886145661448563,0.4927016750737786,0.7,0.15163447790258722,10,2
1275,copper,ac1,swap,60,0.1936400629005537,0.36095590882089756,0.7,0.17899567254298357,10,2
1275,copper,ac1,swap,90,-0.1781386868110433,-0.11463426415458193,0.6,0.13007470674663077,10,2
1275,copper,ac1,swap,120,-0.06758727467695158,0.04046141200712612,0.6,0.144105881069116,10,2
1275,copper,ac1,swap,180,0.15531656386807693,-0.010230980802378975,0.6,-0.17650465272585375,10,1
1275,copper,ac1,swap,252,-0.05994905783082149,0.1544613886927965,0.6,0.14942257504879541,10,2
1275,copper,ac1,swap,378,-0.20796020227621018,0.009265609177549712,0.6,-0.021430424393809988,10,2
1275,copper,ac1,swap,504,-0.08591960692520965,0.2908651031612283,0.6,-0.10429787836396091,10,2
1275,copper,pctpos,swap,20,-0.18318177010617642,-0.0008039512942567472,0.5,0.008822179152750763,10,2
1275,copper,pctpos,swap,40,0.14614111489597048,-0.15661325565014944,0.4,0.14034422619474973,10,2
1275,copper,pctpos,swap,60,0.19152878684393956,-0.09575547436590194,0.5,0.15749822751935422,10,1
1275,copper,pctpos,swap,90,-0.09374747737557386,0.23829944826679383,0.8,-0.13301773783339838,10,3
1275,copper,pctpos,swap,120,-0.07729734614314285,0.2718058749831734,0.7,-0.12589208430459906,10,3
1275,copper,pctpos,swap,180,-0.031568180806973115,0.3265333997481105,0.8,-0.034004285675861244,10,3
1275,copper,pctpos,swap,252,-0.156974627163738,0.06268112794351445,0.4,0.020855512925695003,10,2
1275,copper,pctpos,swap,378,-0.21308030699791303,-0.06005124395380373,0.5,0.09245353634657007,10,2
1275,copper,pctpos,swap,504,-0.2082006846087444,-0.11514754315425278,0.4,0.008850794626160976,10,2
1275,epu_global,selfz,location,20,0.17349649717826468,0.1921579929359631,0.6,-0.2811259463367688,10,1
1275,epu_global,selfz,location,40,0.19074060524951097,0.2344784087528168,0.5,-0.26246448338942285,10,1
1275,epu_global,selfz,location,60,0.05529517872208547,-0.029412378288207957,0.4,-0.21408093560154368,10,1
1275,epu_global,selfz,location,90,-0.035469368198382985,-0.15440112452350116,0.3,-0.16123070582067078,10,1
1275,epu_global,selfz,location,120,-0.05780149123546985,-0.16598934916529806,0.3,-0.149009294465728,10,2
1275,epu_global,selfz,location,180,-0.026669274855570912,-0.15976901105565225,0.3,-0.12073107341936926,10,2
1275,epu_global,selfz,location,252,0.05129672810430341,0.1661895124893965,0.6,0.10642293416650155,10,2
1275,epu_global,selfz,location,378,-0.04115069675742491,-0.1526449986721548,0.5,-0.10686121794547285,10,2
1275,epu_global,selfz,location,504,-0.0028908268738117803,-0.07022672623300505,0.5,-0.10254550735610662,10,2
1275,epu_global,robustz,location,20,-0.05872751293994639,-0.04795705554655796,0.4,0.21091919926319455,10,1
1275,epu_global,robustz,location,40,0.02053877869117779,0.14091716784681835,0.5,-0.14667145240093218,10,2
1275,epu_global,robustz,location,60,0.4579528845568447,0.9279037795538818,0.8,0.14146863524368256,10,4
1275,epu_global,robustz,location,90,0.16920510679339273,0.540611233266135,0.8,0.21155001111655913,10,2
1275,epu_global,robustz,location,120,-0.059681424613977796,-0.2500975426159235,0.3,-0.19602897824698365,10,1
1275,epu_global,robustz,location,180,0.11733076088648785,-0.1639390112050484,0.4,-0.11707314416859452,10,2
1275,epu_global,robustz,location,252,-0.009719177714326207,-0.20360265721545556,0.4,-0.0092734386641047,10,2
1275,epu_global,robustz,location,378,0.06209105360463128,-0.06785148816159473,0.5,0.0026581963380986175,10,2
1275,epu_global,robustz,location,504,-0.007754808558054261,-0.05426497778351107,0.5,-0.07475360435156332,10,2
1275,epu_global,bdtanh,location,20,0.17332370514096646,0.18612129134415378,0.6,-0.2900901283926667,10,1
1275,epu_global,bdtanh,location,40,0.22041646850015764,0.25943567658504524,0.5,-0.23387568585057447,10,1
1275,epu_global,bdtanh,location,60,0.06359805438328234,-0.028626788422905166,0.4,-0.1792415407753623,10,1
1275,epu_global,bdtanh,location,90,-0.02924376552211949,-0.18258689714024526,0.3,-0.08396656732671796,10,2
1275,epu_global,bdtanh,location,120,-0.06597303082887847,-0.18755139191538975,0.3,-0.052601192796967615,10,2
1275,epu_global,bdtanh,location,180,-0.11436238194930831,-0.2243518825145196,0.4,-0.02703246741682053,10,2
1275,epu_global,bdtanh,location,252,0.14925651851858004,0.2516986697720893,0.6,0.043759170774992806,10,2
1275,epu_global,bdtanh,location,378,-0.0971684738731615,-0.16916183088142617,0.5,-0.056500024548466574,10,2
1275,epu_global,bdtanh,location,504,-0.019251834793138745,-0.06811702765986731,0.5,-0.06374222810848235,10,2
1275,epu_global,rankc,location,20,-0.47214107663082033,-0.5540783603944677,0.4,0.19852567243874888,10,1
1275,epu_global,rankc,location,40,0.27741524802167034,0.3662918233298809,0.7,-0.243347442486249,10,2
1275,epu_global,rankc,location,60,0.11942451697140431,0.007658122636488302,0.4,-0.1958499333324708,10,1
1275,epu_global,rankc,location,90,0.08732695056391566,-0.05601774988533608,0.4,-0.12442759382188627,10,2
1275,epu_global,rankc,location,120,0.047793394349980894,-0.052793864733408066,0.3,-0.08310207959634792,10,2
1275,epu_global,rankc,location,180,0.004941892690979059,-0.12241170058267788,0.4,-0.0202764804167057,10,2
1275,epu_global,rankc,location,252,-0.07656453946537417,-0.23035226517836693,0.4,-0.03081136216224347,10,2
1275,epu_global,rankc,location,378,-0.06013049447885907,-0.17271645860069357,0.5,-0.04915591439079263,10,2
1275,epu_global,rankc,location,504,0.0024463314441235152,-0.06710647415214963,0.5,-0.06489718655111666,10,2
1275,epu_global,signth,location,20,-0.2534516067699377,-0.2628772796590369,0.4,0.3165178179826061,10,1
1275,epu_global,signth,location,40,0.21242766224417067,0.258645726036638,0.6,-0.22515508925040972,10,1
1275,epu_global,signth,location,60,0.016240592718508355,-0.09632394817026972,0.3,-0.16038974948926207,10,1
1275,epu_global,signth,location,90,-0.12039411384177083,-0.18056901164731165,0.3,-0.0029177693373626705,10,2
1275,epu_global,signth,location,120,0.047419917810370575,0.18594917991992477,0.7,-0.005358824081091259,10,3
1275,epu_global,signth,location,180,-0.07124883776797766,-0.2195406313543484,0.4,0.01626736122168385,10,2
1275,epu_global,signth,location,252,-0.2369227428012624,-0.4266426751390664,0.4,-0.021651824323883767,10,2
1275,epu_global,signth,location,378,-0.15834942028980523,-0.20040766906416607,0.4,-0.030481535750560253,10,2
1275,epu_global,signth,location,504,-0.017722876300470165,-0.04313636007215532,0.5,-0.0446365566855573,10,2
1275,epu_global,dev,location,20,0.1688506658430982,0.12750492633886334,0.6,-0.3114226814566919,10,1
1275,epu_global,dev,location,40,0.16101674541909256,0.1595499277089044,0.4,-0.2438415277643687,10,1
1275,epu_global,dev,location,60,0.11800890367627824,-0.009643363193564982,0.5,-0.17068319196444437,10,1
1275,epu_global,dev,location,90,0.09624651006145202,-0.08700561371321251,0.5,-0.05632508917047021,10,2
1275,epu_global,dev,location,120,0.07822895528319594,-0.04368399538865986,0.5,-0.017129424728552074,10,2
1275,epu_global,dev,location,180,0.05218277685258427,-0.05308533328227109,0.4,0.031850838509577456,10,2
1275,epu_global,dev,location,252,-0.04118514625774072,0.05546851110861502,0.6,-0.03288866745802694,10,2
1275,epu_global,dev,location,378,-0.022876588316194022,-0.08423279934037081,0.5,-0.017382317362349634,10,2
1275,epu_global,dev,location,504,-0.019002171896327785,-0.06118032026584552,0.5,-0.05318638069667139,10,2
1275,epu_global,instStdev,swap,20,0.3431662204107022,0.1576419643710413,0.6,-0.14850859827282725,10,2
1275,epu_global,instStdev,swap,40,0.16206014835953697,0.10412121993717222,0.6,-0.17677409014264525,10,1
1275,epu_global,instStdev,swap,60,-0.17160708232323954,0.03343796225481345,0.5,0.2266882591982969,10,1
1275,epu_global,instStdev,swap,90,-0.08394755404360991,-0.03413382801493924,0.5,0.2120247522852305,10,1
1275,epu_global,instStdev,swap,120,-0.00455390325708285,-0.05262069317655172,0.6,0.02151625226201141,10,2
1275,epu_global,instStdev,swap,180,0.04850094813743129,0.07342772758164431,0.7,-0.07442116421467657,10,3
1275,epu_global,instStdev,swap,252,-0.0867488653444498,-0.04661627250421456,0.4,0.07111759544563254,10,2
1275,epu_global,instStdev,swap,378,-0.2861080608529448,-0.22104976586273303,0.3,0.14777367028618094,10,2
1275,epu_global,instStdev,swap,504,0.22748895162429655,0.3232349800278662,0.7,0.35680132493009376,10,2
1275,epu_global,instSkew,swap,20,-0.3324377962731412,-0.4143568527268503,0.3,0.23410738778024495,10,1
1275,epu_global,instSkew,swap,40,-0.1462737974302296,-0.014869236880578595,0.4,-0.19957949438567052,10,1
1275,epu_global,instSkew,swap,60,-0.015075034696894555,-0.21328810278875504,0.4,0.22876115636828181,10,1
1275,epu_global,instSkew,swap,90,0.08476097351509858,0.21247398154431402,0.6,-0.2049582812553719,10,1
1275,epu_global,instSkew,swap,120,-0.0043136338655772885,-0.1691089919985422,0.5,0.1857218388458257,10,1
1275,epu_global,instSkew,swap,180,-0.18804351163121502,0.03324505778722528,0.5,0.13969431085142758,10,2
1275,epu_global,instSkew,swap,252,0.31614359085745847,0.34158217187251966,0.7,0.009858864443497956,10,3
1275,epu_global,instSkew,swap,378,0.2333218279934985,0.4197845993063435,0.6,-0.13208085878544562,10,2
1275,epu_global,instSkew,swap,504,-0.05010583694252092,0.04576701215046178,0.6,0.0577966597651508,10,2
1275,epu_global,instKurt,swap,20,-0.48794295984440184,-0.41267020757645706,0.3,-0.021541993670484247,10,2
1275,epu_global,instKurt,swap,40,-0.4127707518888211,-0.3808768085371756,0.5,-0.09373654746344118,10,2
1275,epu_global,instKurt,swap,60,0.14990220912202676,0.28213514838970366,0.7,0.13633423792925226,10,3
1275,epu_global,instKurt,swap,90,0.06644664102732026,-0.13790152421266408,0.5,0.15105529933958542,10,1
1275,epu_global,instKurt,swap,120,0.29877240793932797,0.18952802466798557,0.5,0.05162179131806506,10,2
1275,epu_global,instKurt,swap,180,-0.5545545629907068,-0.36022817167581367,0.3,0.10821738086004165,10,2
1275,epu_global,instKurt,swap,252,0.22601530319773452,-0.06543930721071864,0.5,-0.20755308813304466,10,1
1275,epu_global,instKurt,swap,378,0.08915450713860415,0.04280515530115872,0.6,-0.10019720519354254,10,2
1275,epu_global,instKurt,swap,504,0.26679713378517783,0.29729126907961834,0.6,0.11409401743603192,10,2
1275,epu_global,minmax,swap,20,0.18163901002118601,0.217504564309949,0.5,-0.227491416235035,10,1
1275,epu_global,minmax,swap,40,0.2474608724566647,0.27981905862487716,0.5,-0.21040069942111508,10,1
1275,epu_global,minmax,swap,60,0.03439199685868872,-0.058824569930396926,0.4,-0.13088840193194484,10,2
1275,epu_global,minmax,swap,90,-0.03813430283741585,-0.1348014330751405,0.3,-0.0918100474350529,10,2
1275,epu_global,minmax,swap,120,-0.052844092562766655,-0.16257392126092934,0.3,-0.07807966236071817,10,2
1275,epu_global,minmax,swap,180,0.0028799305212685333,-0.0868613536725506,0.5,-0.10503358625015814,10,2
1275,epu_global,minmax,swap,252,0.08859642849550486,0.15941103921309951,0.5,0.13688194097888148,10,2
1275,epu_global,minmax,swap,378,-0.06859520315103551,-0.18784174875435086,0.5,-0.1330079641062868,10,2
1275,epu_global,minmax,swap,504,-0.02557679631668038,-0.10380801003750625,0.5,-0.1330976700327462,10,2
1275,epu_global,chg,swap,20,0.11998250122799108,0.14284681663915172,0.5,-0.25890769860470186,10,1
1275,epu_global,chg,swap,40,0.21565606337581952,0.16304695574203776,0.6,-0.0982802099320702,10,2
1275,epu_global,chg,swap,60,0.14349303749904166,-0.0898687686175886,0.5,0.07477209426255127,10,2
1275,epu_global,chg,swap,90,-0.019917335306570836,0.06399389122458271,0.5,-0.06954810432157722,10,2
1275,epu_global,chg,swap,120,-0.08396456699074609,0.023081179757377234,0.6,-0.0760470894805003,10,2
1275,epu_global,chg,swap,180,-0.12363353850678681,-0.01754385763252611,0.6,0.002408698192956767,10,2
1275,epu_global,chg,swap,252,0.08750785175946531,0.09097959819056453,0.5,-0.015789035783956185,10,2
1275,epu_global,chg,swap,378,0.10382812820127078,0.13366038928003746,0.4,-0.16934398207767304,10,1
1275,epu_global,chg,swap,504,0.06114963040274477,0.2306898028321958,0.6,-0.11949055653657135,10,2
1275,epu_global,slope,swap,20,0.11900515196109523,0.10058595123017984,0.5,-0.2694397880996773,10,1
1275,epu_global,slope,swap,40,-0.013620275740687192,-0.022479162208973297,0.4,-0.046415127147756835,10,2
1275,epu_global,slope,swap,60,0.04175784569535474,0.2707242859150293,0.5,-0.09792514867873617,10,2
1275,epu_global,slope,swap,90,-0.13054515287335425,-0.026255371172077387,0.5,-0.21069897343513594,10,1
1275,epu_global,slope,swap,120,-0.015593932970163467,-0.02601059137478451,0.6,-0.23605304288848936,10,1
1275,epu_global,slope,swap,180,0.008715541569074281,0.1898724920488538,0.7,-0.08528093674268204,10,3
1275,epu_global,slope,swap,252,0.09437675414203175,0.24011328163238008,0.8,-0.10220928342352086,10,3
1275,epu_global,slope,swap,378,-0.12781187701944807,-0.10998005704662751,0.5,0.09507225350143375,10,2
1275,epu_global,slope,swap,504,-0.15132495663282522,-0.015528574346130355,0.5,-2.3604047177959916e-05,10,2
1275,epu_global,dStdev,swap,20,-0.23898634131051358,-0.06002047630432491,0.5,0.22768592271226892,10,1
1275,epu_global,dStdev,swap,40,0.18801315361121518,0.047748289998757285,0.6,-0.23349537488425026,10,1
1275,epu_global,dStdev,swap,60,0.10781212290461929,-0.04765137785879375,0.7,-0.21470164000483133,10,2
1275,epu_global,dStdev,swap,90,0.10693879962280907,0.12076166958035142,0.6,-0.21729088879898223,10,1
1275,epu_global,dStdev,swap,120,0.04237185448839901,0.10814457515013398,0.4,-0.1121683033945192,10,2
1275,epu_global,dStdev,swap,180,-0.03941541727773021,-0.02088107414362203,0.4,-0.05431716163453634,10,2
1275,epu_global,dStdev,swap,252,-0.04935138598888832,0.09212710488535839,0.6,0.1207562737853377,10,2
1275,epu_global,dStdev,swap,378,-0.02885909542790204,0.18763583940089226,0.7,0.17780696431604576,10,2
1275,epu_global,dStdev,swap,504,0.30338716563361745,0.1508324192244054,0.4,-0.3519603402294826,10,1
1275,epu_global,dSkew,swap,20,0.1844073537891753,0.279909874295009,0.6,-0.22102260894607798,10,1
1275,epu_global,dSkew,swap,40,0.31629420777507883,0.2315758601699137,0.6,-0.07829271118434489,10,2
1275,epu_global,dSkew,swap,60,0.01690449185648881,-0.1628273955922622,0.6,0.04718671069959545,10,2
1275,epu_global,dSkew,swap,90,0.13372254427406444,0.20286160106532972,0.7,-0.006977017463795688,10,3
1275,epu_global,dSkew,swap,120,-0.08033848243436192,0.0019921150343825203,0.5,-0.012460218852397464,10,2
1275,epu_global,dSkew,swap,180,-0.32634055960418984,-0.21535374079139966,0.5,0.18010836505663774,10,1
1275,epu_global,dSkew,swap,252,-0.12058554207117608,-0.07171143932930939,0.5,0.1644790786697895,10,1
1275,epu_global,dSkew,swap,378,0.23012763836784358,0.3062157016726097,0.5,-0.24570897886707618,10,1
1275,epu_global,dSkew,swap,504,-0.1434476118283607,-0.03619421942422625,0.5,-0.23595654437804728,10,1
1275,epu_global,ac1,swap,20,-0.050840115349466176,0.14295067292848274,0.6,0.2652326662307043,10,1
1275,epu_global,ac1,swap,40,-0.3752889332470088,-0.314823954859983,0.4,0.16306096593214583,10,1
1275,epu_global,ac1,swap,60,-0.15830993662551449,-0.1263471958248177,0.5,-0.07140744116181351,10,2
1275,epu_global,ac1,swap,90,0.5174754812645939,0.4542407305932865,0.6,0.09651611331716947,10,2
1275,epu_global,ac1,swap,120,-0.4538572575260836,-0.2906459713667117,0.5,-0.07102488260163396,10,2
1275,epu_global,ac1,swap,180,-0.7991109415878601,-0.4998058832189068,0.3,0.2558982822670209,10,1
1275,epu_global,ac1,swap,252,-0.23942365521185383,-0.3643603504198589,0.3,-0.0007336300998561178,10,2
1275,epu_global,ac1,swap,378,0.09052610531749243,0.12587473230469237,0.6,0.09864165141117144,10,2
1275,epu_global,ac1,swap,504,0.10199858374523361,0.10783364581578629,0.6,0.2040607315230937,10,1
1275,epu_global,pctpos,swap,20,0.151655051581205,0.21596728949272345,0.5,-0.21978227048225338,10,1
1275,epu_global,pctpos,swap,40,0.31607020110322626,0.42468466175101416,0.6,-0.17868330980090683,10,1
1275,epu_global,pctpos,swap,60,0.028102407538598512,-0.09423365216081055,0.3,-0.0808323387808657,10,2
1275,epu_global,pctpos,swap,90,0.0326518314807513,-0.040519106246443615,0.6,-0.10341752471698093,10,2
1275,epu_global,pctpos,swap,120,0.023035420747833622,0.05444632560679818,0.5,0.08690816763190831,10,2
1275,epu_global,pctpos,swap,180,-0.02016379360135459,0.06724981668802242,0.4,0.0036924997015676583,10,2
1275,epu_global,pctpos,swap,252,-0.13340990164299643,-0.044361884688811616,0.6,0.15733183983081742,10,1
1275,epu_global,pctpos,swap,378,-0.1992441579351809,-0.051463662089718906,0.5,-0.20193101015880138,10,1
1275,epu_global,pctpos,swap,504,0.07861091497655215,0.21063300932725415,0.5,-0.036481871607134425,10,2
1275,us_empire_state,selfz,location,20,0.0470766007679417,0.17053743515072908,0.7,0.06117398992831466,10,3
1275,us_empire_state,selfz,location,40,0.0835804484084699,0.14344508123578337,0.8,0.03366836980673551,10,3
1275,us_empire_state,selfz,location,60,0.07185447536554673,0.07045952157519084,0.8,0.011315453854926846,10,3
1275,us_empire_state,selfz,location,90,0.02029374272196226,0.01736467469527887,0.7,0.03872157544913927,10,3
1275,us_empire_state,selfz,location,120,-0.012347061418641577,-0.022889469021524285,0.7,0.08727600738864227,10,3
1275,us_empire_state,selfz,location,180,0.031153457032734998,-0.040766419731366146,0.6,0.0812150890665641,10,2
1275,us_empire_state,selfz,location,252,0.032720711106981826,-0.0714365562749683,0.6,0.04858571158644213,10,2
1275,us_empire_state,selfz,location,378,0.15081985889271737,0.031884964030114815,0.6,-0.003310570248742952,10,2
1275,us_empire_state,selfz,location,504,0.2049205043087554,0.08269077943464614,0.6,-0.01568508872435065,10,2
1275,us_empire_state,robustz,location,20,0.10379940996942735,0.0813260012004338,0.4,0.014360171925435965,10,2
1275,us_empire_state,robustz,location,40,-0.259341152430344,-0.16598536929763236,0.4,0.0995417379260077,10,2
1275,us_empire_state,robustz,location,60,0.16589794230542265,0.1178203253428026,0.7,-0.0692188372605022,10,3
1275,us_empire_state,robustz,location,90,0.13116018043779124,0.09930388693684863,0.7,0.00567060666178018,10,3
1275,us_empire_state,robustz,location,120,0.2043212861941293,0.0921367617099191,0.8,-0.0481256713254737,10,3
1275,us_empire_state,robustz,location,180,0.14432244364924013,0.11567401602578292,0.7,0.04175398154012089,10,3
1275,us_empire_state,robustz,location,252,0.12341516190154471,0.008729887120656286,0.6,0.06819251395838598,10,2
1275,us_empire_state,robustz,location,378,-0.15097285571710523,-0.001026760843827171,0.6,-0.027810698715591844,10,2
1275,us_empire_state,robustz,location,504,-0.1609450305815156,0.013910567504495755,0.4,-0.02307369689758463,10,2
1275,us_empire_state,bdtanh,location,20,0.05981418892877176,0.17327332204268828,0.7,0.0718180891813009,10,3
1275,us_empire_state,bdtanh,location,40,0.035440388635984574,0.08555195274198883,0.7,0.05293084082542063,10,3
1275,us_empire_state,bdtanh,location,60,0.086719379549407,0.09435591563134092,0.8,0.0015490612973490636,10,3
1275,us_empire_state,bdtanh,location,90,-0.01642118729155181,-0.0005244715202526518,0.6,0.016745030073844175,10,2
1275,us_empire_state,bdtanh,location,120,-0.09904123365935426,-0.09372653438804138,0.6,0.062167288433230966,10,2
1275,us_empire_state,bdtanh,location,180,-0.05613115630867601,-0.09345128971694021,0.6,0.05547878035922364,10,2
1275,us_empire_state,bdtanh,location,252,0.014136976566556188,-0.07751332457570664,0.6,0.027703622031437593,10,2
1275,us_empire_state,bdtanh,location,378,0.13615939755216838,0.027784790926513706,0.5,-0.0441729442629826,10,2
1275,us_empire_state,bdtanh,location,504,0.16808927096137394,0.05193965688101636,0.6,-0.07784555612010383,10,2
1275,us_empire_state,rankc,location,20,-0.02847362902327277,0.0579856244416338,0.7,-0.07417565222340267,10,3
1275,us_empire_state,rankc,location,40,0.0664085058935146,0.12868124357975283,0.6,-0.005676903460927777,10,2
1275,us_empire_state,rankc,location,60,0.06587022770824996,0.06202020304925538,0.8,0.0014066252130777175,10,3
1275,us_empire_state,rankc,location,90,0.12764339728119772,0.08981467541885023,0.7,0.0018561489077416626,10,3
1275,us_empire_state,rankc,location,120,0.013228550687743134,-0.013997427447358457,0.5,0.07064392553803975,10,2
1275,us_empire_state,rankc,location,180,0.06939477278457631,-0.029639111643429143,0.6,0.023761664876487596,10,2
1275,us_empire_state,rankc,location,252,0.07262137533144589,-0.03176272157702306,0.6,0.021763664787291342,10,2
1275,us_empire_state,rankc,location,378,0.15218816393915297,0.059687252389519635,0.6,-0.046302055501307636,10,2
1275,us_empire_state,rankc,location,504,0.12290348809380815,0.03205187464625474,0.6,-0.07919382434321513,10,2
1275,us_empire_state,signth,location,20,-0.031938705958078135,0.09850977217810127,0.6,0.12506336721373307,10,2
1275,us_empire_state,signth,location,40,0.08995212523599977,0.11109092094992319,0.6,-0.001132674736008524,10,2
1275,us_empire_state,signth,location,60,-0.03976020112174554,-0.07623066618892574,0.7,0.11603542150111794,10,3
1275,us_empire_state,signth,location,90,-0.001491339707374758,0.02142489976805106,0.7,-0.05123074844816577,10,3
1275,us_empire_state,signth,location,120,-0.13996266121699028,-0.10416943879564852,0.5,0.15045254702553354,10,1
1275,us_empire_state,signth,location,180,0.221028065119101,0.19051689466135738,0.6,-0.12834337072935303,10,2
1275,us_empire_state,signth,location,252,-0.024950621785492993,0.09438604482844969,0.6,-0.01365845467160513,10,2
1275,us_empire_state,signth,location,378,0.33172311823596745,0.2816257911756821,0.5,-0.0959952728847528,10,2
1275,us_empire_state,signth,location,504,0.14339675546863884,0.09169382631286084,0.6,-0.08890147980684389,10,2
1275,us_empire_state,dev,location,20,0.20409306609368755,0.35235593504168344,0.8,0.038333074467816655,10,3
1275,us_empire_state,dev,location,40,0.04276642368752915,0.08638553552195213,0.7,0.04338715610191058,10,3
1275,us_empire_state,dev,location,60,0.10058377636241177,0.08616153749242604,0.8,0.06298620051667436,10,3
1275,us_empire_state,dev,location,90,0.03339201841331555,0.021739274595570686,0.6,0.0947459605984059,10,2
1275,us_empire_state,dev,location,120,0.018925686746642658,-0.017991639520419694,0.6,0.14803969241630316,10,2
1275,us_empire_state,dev,location,180,0.0646654656683814,-0.05072538999629045,0.6,0.15850260448537715,10,1
1275,us_empire_state,dev,location,252,0.19725118638871997,-0.03809689577045306,0.6,0.08115685060717899,10,2
1275,us_empire_state,dev,location,378,0.25785156422176797,0.14158884602043972,0.6,-0.009830913489917452,10,2
1275,us_empire_state,dev,location,504,0.23281826569013298,0.16869329263932042,0.5,-0.03941586495806534,10,2
1275,us_empire_state,instStdev,swap,20,-0.14699345348778736,-0.21321068967600917,0.3,-0.14640657773956986,10,2
1275,us_empire_state,instStdev,swap,40,-0.472031439407346,-0.6534242538298017,0.2,0.11496945656420965,10,2
1275,us_empire_state,instStdev,swap,60,-0.48994936379370213,-0.4750726339149865,0.3,0.18512822967251993,10,1
1275,us_empire_state,instStdev,swap,90,0.5514979943067831,0.5160092579332055,0.8,-0.2188159506616382,10,2
1275,us_empire_state,instStdev,swap,120,0.3477905334279234,0.33098510335722664,0.7,-0.26365484748435697,10,2
1275,us_empire_state,instStdev,swap,180,0.2863983241918069,0.3407434684295594,0.6,-0.10308716493752912,10,2
1275,us_empire_state,instStdev,swap,252,-0.12030345960802705,0.003382015149971925,0.4,-0.030505235232375468,10,2
1275,us_empire_state,instStdev,swap,378,-0.0058950573457059305,0.11730283797237692,0.6,0.17945677271978186,10,1
1275,us_empire_state,instStdev,swap,504,0.2748002047097619,0.6121839529895442,0.7,0.2681824543135877,10,3
1275,us_empire_state,instSkew,swap,20,-0.07998146953489363,0.03931035086984591,0.6,-0.006787044092567813,10,2
1275,us_empire_state,instSkew,swap,40,-0.11433323786516804,-0.20841461306083742,0.5,0.08423516922448569,10,2
1275,us_empire_state,instSkew,swap,60,0.11945316693313587,-0.013904493674838994,0.4,-0.07941937299369983,10,2
1275,us_empire_state,instSkew,swap,90,0.13095628976190415,0.31875259422109375,0.6,-0.2514225434397499,10,1
1275,us_empire_state,instSkew,swap,120,0.3000090684167633,0.5293981035127985,0.7,-0.21538139363550746,10,2
1275,us_empire_state,instSkew,swap,180,-0.009250146013311056,0.2383058950793992,0.6,0.1352655970375707,10,2
1275,us_empire_state,instSkew,swap,252,0.14171068850364804,0.011119857480952334,0.4,-0.03802436577286159,10,2
1275,us_empire_state,instSkew,swap,378,0.6332307956552038,0.3951445831321287,0.7,0.008380046785779745,10,3
1275,us_empire_state,instSkew,swap,504,0.28888085006988184,0.11744488011471732,0.5,-0.05547891507307388,10,2
1275,us_empire_state,instKurt,swap,20,0.22347687996702756,0.050316457481880045,0.5,0.20405444884668195,10,1
1275,us_empire_state,instKurt,swap,40,-0.48099182042965244,-0.534163040624894,0.3,-0.14424365536659728,10,2
1275,us_empire_state,instKurt,swap,60,-0.17640382594477824,-0.15950325433639642,0.4,-0.14260188717004962,10,2
1275,us_empire_state,instKurt,swap,90,-0.03074745570875251,-0.14349503394342233,0.3,-0.032997158682739065,10,2
1275,us_empire_state,instKurt,swap,120,-0.3231546312078206,-0.33265921675410726,0.3,-0.014699514431824882,10,2
1275,us_empire_state,instKurt,swap,180,0.35576612571122884,0.02310695867954106,0.6,0.03659401619296258,10,2
1275,us_empire_state,instKurt,swap,252,0.46231357630834813,0.16424584979268492,0.6,0.23396690708792175,10,1
1275,us_empire_state,instKurt,swap,378,0.8768945632204584,0.6481753405726686,0.7,0.0895068450891463,10,4
1275,us_empire_state,instKurt,swap,504,0.7281130709031902,0.6979129235204755,0.8,-0.011871841513253385,10,4
1275,us_empire_state,minmax,swap,20,0.0758646370757728,0.15706255899620095,0.7,0.06773347695590791,10,3
1275,us_empire_state,minmax,swap,40,-0.04578227222544092,-0.04849785531863169,0.6,0.08892433173564344,10,2
1275,us_empire_state,minmax,swap,60,-0.023761676939542772,-0.0038349216369980496,0.7,0.05944081464998626,10,3
1275,us_empire_state,minmax,swap,90,-0.025438104641732222,-0.02998284946903635,0.6,0.08572305878746085,10,2
1275,us_empire_state,minmax,swap,120,-0.042633199876661726,-0.061085697589663396,0.6,0.14217587805225487,10,2
1275,us_empire_state,minmax,swap,180,0.11303934846046737,-0.03488358254090289,0.6,0.05615032334509645,10,2
1275,us_empire_state,minmax,swap,252,0.12447368567732024,-0.03705910529060734,0.6,0.03151841117907227,10,2
1275,us_empire_state,minmax,swap,378,0.31142653866415093,0.27806392805661156,0.5,-0.06696011447276033,10,2
1275,us_empire_state,minmax,swap,504,0.1944505279730076,0.09995216427724551,0.6,-0.03962903359217008,10,2
1275,us_empire_state,chg,swap,20,-0.011116328108588074,0.04392317978445748,0.5,0.003338462631121111,10,2
1275,us_empire_state,chg,swap,40,-0.12890309166283317,-0.11691332006966006,0.5,0.08052791772677499,10,2
1275,us_empire_state,chg,swap,60,0.08168618769946,0.13579964289960852,0.6,0.06110276872314817,10,2
1275,us_empire_state,chg,swap,90,-0.015432090743164546,-0.08140430836559547,0.6,0.1594042794375147,10,1
1275,us_empire_state,chg,swap,120,-0.1638514412865487,0.03415802217130638,0.5,-0.24420600016830224,10,1
1275,us_empire_state,chg,swap,180,0.4167897487842425,0.08266175039448993,0.7,0.01679727531803548,10,3
1275,us_empire_state,chg,swap,252,0.35020969827820964,0.11712951102835692,0.6,0.03429658773283859,10,2
1275,us_empire_state,chg,swap,378,0.2706052129469529,0.2456445388413279,0.7,-0.03527900504823692,10,3
1275,us_empire_state,chg,swap,504,0.23039650060749317,0.18085027307683685,0.6,0.18062230959476847,10,1
1275,us_empire_state,slope,swap,20,0.20193098744736457,0.2561655278650775,0.7,0.036145145940591684,10,3
1275,us_empire_state,slope,swap,40,-0.11892703850975986,-0.31599663238500597,0.6,0.023596322240238977,10,2
1275,us_empire_state,slope,swap,60,0.0936967418515021,0.04979183189820266,0.5,0.02535077092141697,10,2
1275,us_empire_state,slope,swap,90,-0.0598190981641105,-0.04909355057657724,0.5,0.17819817911086658,10,1
1275,us_empire_state,slope,swap,120,0.056159602275071545,0.034136702843721244,0.6,-0.3220057159828718,10,1
1275,us_empire_state,slope,swap,180,0.0366796630464428,0.22204621229119464,0.7,-0.26483690752154837,10,2
1275,us_empire_state,slope,swap,252,-0.332569094285207,-0.042818395600292825,0.4,-0.00910388614027273,10,2
1275,us_empire_state,slope,swap,378,-0.4366527633462958,-0.3623991518742739,0.5,0.29455368015737854,10,1
1275,us_empire_state,slope,swap,504,-0.05242967017244167,-0.1129329942693205,0.4,0.45097771236212786,10,1
1275,us_empire_state,dStdev,swap,20,-0.07689731088011464,-0.0772862226179083,0.4,0.11283161767984524,10,2
1275,us_empire_state,dStdev,swap,40,-0.26322023548970025,-0.09897597368495734,0.4,0.10598907292936605,10,2
1275,us_empire_state,dStdev,swap,60,-0.4783992876114128,-0.34325269340845604,0.4,0.14559660287134304,10,2
1275,us_empire_state,dStdev,swap,90,-0.4912695075854031,-0.43559612684299615,0.3,0.18407083821857761,10,1
1275,us_empire_state,dStdev,swap,120,0.4148146465024324,0.558895786263701,0.8,-0.23547314265755045,10,2
1275,us_empire_state,dStdev,swap,180,0.24730207315725994,0.3392793984034938,0.7,0.0547362897779863,10,3
1275,us_empire_state,dStdev,swap,252,0.07278000391449427,0.24006635935237167,0.7,0.1050581390533049,10,3
1275,us_empire_state,dStdev,swap,378,0.19599070075302116,-0.012949961593722296,0.5,0.0898390399081972,10,2
1275,us_empire_state,dStdev,swap,504,-0.37254493733890703,-0.20193787034928926,0.3,0.22599842989023708,10,1
1275,us_empire_state,dSkew,swap,20,-0.12486793003385471,-0.043265826627458745,0.6,0.03604372427293389,10,2
1275,us_empire_state,dSkew,swap,40,-0.09277540580529543,-0.15906448621178354,0.6,0.03585152717434304,10,2
1275,us_empire_state,dSkew,swap,60,-0.02712691939084195,-0.055863738111090085,0.5,-0.09029420097387392,10,2
1275,us_empire_state,dSkew,swap,90,-0.007176151172858289,0.0009598251628051588,0.6,0.23175504653183462,10,1
1275,us_empire_state,dSkew,swap,120,-0.46880603625352135,-0.553901903477582,0.4,-0.23470797423498624,10,1
1275,us_empire_state,dSkew,swap,180,-0.8675444313973294,-1.170198938590347,0.2,-0.0010193647719108226,10,2
1275,us_empire_state,dSkew,swap,252,-0.574052427715383,-0.5722016871457968,0.2,0.009146873566868705,10,2
1275,us_empire_state,dSkew,swap,378,-0.16693325540087303,-0.3247490144109425,0.4,0.19473565620828398,10,1
1275,us_empire_state,dSkew,swap,504,-0.1725619403701964,-0.005815367645426234,0.5,-0.35847259752118704,10,1
1275,us_empire_state,ac1,swap,20,0.282286924761609,0.3028608338611357,0.7,0.12729362217400642,10,3
1275,us_empire_state,ac1,swap,40,0.15852660683509465,0.014736581517550789,0.4,-0.13416369153139843,10,2
1275,us_empire_state,ac1,swap,60,-0.3241832192657311,-0.40280208425661734,0.3,-0.12217737414416067,10,2
1275,us_empire_state,ac1,swap,90,0.17135805760401523,-0.062174685849772586,0.5,-0.2633026689042571,10,1
1275,us_empire_state,ac1,swap,120,-0.06563448385321739,-0.14562285302025035,0.6,-0.09131205602966935,10,2
1275,us_empire_state,ac1,swap,180,0.06678262591010609,0.16801464954371345,0.6,-0.02277327190605508,10,2
1275,us_empire_state,ac1,swap,252,0.3947164006690427,0.3804783098125278,0.7,-0.33969629529479595,10,2
1275,us_empire_state,ac1,swap,378,-0.7353205304424113,-0.5275493690838272,0.4,0.322236390059011,10,1
1275,us_empire_state,ac1,swap,504,0.575050922953937,0.5143619468713388,0.7,-0.1687713490346176,10,2
1275,us_empire_state,pctpos,swap,20,0.01252673296179246,-0.03282496073395465,0.4,-0.030320470970440758,10,2
1275,us_empire_state,pctpos,swap,40,0.030512744703138944,-0.05392639741542493,0.4,0.01361181112923856,10,2
1275,us_empire_state,pctpos,swap,60,0.27724657775463873,0.5046847783760898,0.7,-0.17316735511298642,10,2
1275,us_empire_state,pctpos,swap,90,-0.05015269012754065,0.07486554924695478,0.5,0.06706379032947367,10,2
1275,us_empire_state,pctpos,swap,120,-0.12586458652709692,-0.14644547944566452,0.4,0.2097764611524382,10,1
1275,us_empire_state,pctpos,swap,180,0.1639571621325149,0.3038535146698772,0.8,-0.07893165649244999,10,3
1275,us_empire_state,pctpos,swap,252,-0.05815414045711816,0.05930004826295315,0.6,0.04591956730208372,10,2
1275,us_empire_state,pctpos,swap,378,0.1203704913044719,0.3728966656980168,0.7,-0.16729858480540644,10,2
1275,us_empire_state,pctpos,swap,504,0.32126009998265453,0.2616616561717715,0.6,0.24342930613757444,10,1
1275,igrea,selfz,location,20,0.05699026783795816,-0.05531432679703127,0.5,-0.030752145908299985,26,2
1275,igrea,selfz,location,40,0.2459228343611354,0.1102911696720923,0.5769230769230769,-0.06747334965077592,26,2
1275,igrea,selfz,location,60,0.3662040599156036,0.26842792140389204,0.6923076923076923,-0.10924352329699538,26,3
1275,igrea,selfz,location,90,0.40806021855402,0.34006822616182436,0.6538461538461539,-0.1560795726056847,26,2
1275,igrea,selfz,location,120,0.45100424849740944,0.3747759235135275,0.6153846153846154,-0.18587196890529284,26,1
1275,igrea,selfz,location,180,0.41777523405396083,0.33844922456529636,0.7307692307692307,-0.2259668373638753,26,2
1275,igrea,selfz,location,252,0.3403174215119367,0.18754339581959417,0.64,-0.23695790722515606,25,1
1275,igrea,selfz,location,378,0.2774434397947928,0.11883777514853214,0.6,-0.21519053411267947,25,1
1275,igrea,selfz,location,504,0.2828047029534918,0.12472031010336174,0.68,-0.20885032682780202,25,2
1275,igrea,robustz,location,20,0.15860723206662092,0.026685283288270738,0.5384615384615384,0.0028733799730669184,26,2
1275,igrea,robustz,location,40,0.2694591247623525,0.1990374855212143,0.5384615384615384,0.02383865114607894,26,2
1275,igrea,robustz,location,60,0.2793794413981441,0.1721968882628181,0.5,-0.06288023854669234,26,2
1275,igrea,robustz,location,90,0.4128648444038136,0.421467102640494,0.6538461538461539,-0.06577461262579469,26,3
1275,igrea,robustz,location,120,0.4024024280601442,0.41823809497426584,0.72,-0.10483288861490092,25,3
1275,igrea,robustz,location,180,0.38975127465179554,0.28619959727256666,0.64,-0.14421874912777183,25,2
1275,igrea,robustz,location,252,0.2492921692969601,0.042819256844316825,0.6,-0.16508769873421814,25,1
1275,igrea,robustz,location,378,0.4158225147376845,0.2648450886824551,0.75,-0.15952233813987968,24,2
1275,igrea,robustz,location,504,0.3919070096651018,0.3167744312801256,0.6666666666666666,-0.18089843674571818,24,2
1275,igrea,bdtanh,location,20,0.012126704160340956,-0.12625371631515794,0.5384615384615384,-0.061491733901780046,26,2
1275,igrea,bdtanh,location,40,0.19136328706832015,0.07626974488232136,0.46153846153846156,-0.10332456049609631,26,2
1275,igrea,bdtanh,location,60,0.32073530485982454,0.22321782546388533,0.6923076923076923,-0.14707155307958383,26,3
1275,igrea,bdtanh,location,90,0.3544872877333488,0.3080094897648985,0.7307692307692307,-0.18706908518734255,26,2
1275,igrea,bdtanh,location,120,0.3866950283967607,0.336074360969867,0.7307692307692307,-0.21624476521006494,26,2
1275,igrea,bdtanh,location,180,0.38364889092901355,0.2794968216167982,0.6538461538461539,-0.24190527432606454,26,2
1275,igrea,bdtanh,location,252,0.3116047366836667,0.13687229147176586,0.6,-0.22310917670834313,25,1
1275,igrea,bdtanh,location,378,0.2854063773726038,0.10916147926838564,0.56,-0.17691295443112842,25,1
1275,igrea,bdtanh,location,504,0.27964372388775444,0.12067047711678718,0.64,-0.1681538740566421,25,1
1275,igrea,rankc,location,20,-0.08577751212021392,-0.23942812356176063,0.4230769230769231,-0.15689709818894607,26,1
1275,igrea,rankc,location,40,0.08230950849981268,-0.08292986314832014,0.46153846153846156,-0.10949861995513199,26,2
1275,igrea,rankc,location,60,0.235742193447192,0.16070319776104494,0.6153846153846154,-0.1308053923650294,26,2
1275,igrea,rankc,location,90,0.275099672792664,0.1875317119019297,0.5769230769230769,-0.17274166987996206,26,1
1275,igrea,rankc,location,120,0.29413058353364213,0.18215130499679272,0.6153846153846154,-0.2036194586438495,26,1
1275,igrea,rankc,location,180,0.3376069698596338,0.18019446904089698,0.6153846153846154,-0.22274871217955092,26,1
1275,igrea,rankc,location,252,0.3449052493646135,0.17379544846913117,0.64,-0.22714959204627258,25,1
1275,igrea,rankc,location,378,0.29538602191743046,0.12121218668153357,0.56,-0.19952965000617603,25,1
1275,igrea,rankc,location,504,0.245987812446269,0.0747952515175453,0.52,-0.1966937951154325,25,1
1275,igrea,signth,location,20,-0.11128742138500493,-0.21239262416409183,0.4230769230769231,-0.039157429048602976,26,2
1275,igrea,signth,location,40,0.2076948894487195,0.1111183236110854,0.5769230769230769,-0.09923092374091501,26,2
1275,igrea,signth,location,60,0.25766496847400117,0.20304081610038408,0.6153846153846154,-0.13795064952258296,26,2
1275,igrea,signth,location,90,0.3244551473021814,0.2499982020128835,0.7307692307692307,-0.1641164909972526,26,2
1275,igrea,signth,location,120,0.40501631547760963,0.23070151696288144,0.6923076923076923,-0.1988077937224291,26,2
1275,igrea,signth,location,180,0.3363083014192473,0.1859197746598509,0.6153846153846154,-0.19734132467509416,26,1
1275,igrea,signth,location,252,0.40582486010453706,0.18306370224978966,0.6538461538461539,-0.19720218716201748,26,2
1275,igrea,signth,location,378,0.3529796915644825,0.1961059288743456,0.6,-0.17607727198338652,25,1
1275,igrea,signth,location,504,0.3935212241625423,0.1879971868282795,0.64,-0.1859528001868622,25,1
1275,igrea,dev,location,20,0.19012305177781177,0.10574391466253562,0.6153846153846154,-0.047322688247720755,26,2
1275,igrea,dev,location,40,0.284918286771151,0.22487651914191226,0.5769230769230769,-0.09548389683608782,26,2
1275,igrea,dev,location,60,0.3810840658815148,0.4129545533221349,0.6538461538461539,-0.13897956894121352,26,3
1275,igrea,dev,location,90,0.39116842691821124,0.42915658549004243,0.7692307692307693,-0.1898600565799388,26,2
1275,igrea,dev,location,120,0.3647391405001793,0.3943332270458987,0.6923076923076923,-0.235645417173062,26,2
1275,igrea,dev,location,180,0.31907733551016776,0.20679581193201765,0.5769230769230769,-0.2582507644283593,26,1
1275,igrea,dev,location,252,0.3276510993873469,0.1896987255638192,0.64,-0.2493933167572355,25,1
1275,igrea,dev,location,378,0.2865986156281636,0.14367232305667685,0.6,-0.23442570337749394,25,1
1275,igrea,dev,location,504,0.30165924958319146,0.15025995645432474,0.64,-0.2313793181156166,25,1
1275,igrea,instStdev,swap,20,0.05343301405404793,0.015006180272398141,0.5769230769230769,0.06075380033010139,26,2
1275,igrea,instStdev,swap,40,-0.02054706424644454,0.15652811684826407,0.5,-0.04752785080075236,26,2
1275,igrea,instStdev,swap,60,0.13189870609307391,-0.010619742536420262,0.5384615384615384,0.03215600810682224,26,2
1275,igrea,instStdev,swap,90,0.14150187730746533,0.11965895335796452,0.5769230769230769,0.0274595861484151,26,2
1275,igrea,instStdev,swap,120,-0.06499147366480378,-0.06886756002264928,0.5384615384615384,0.01489898246673208,26,2
1275,igrea,instStdev,swap,180,0.1074180671813593,0.02304948494158105,0.5,0.08223721603062262,26,2
1275,igrea,instStdev,swap,252,0.15599302485015848,-0.010211072243537383,0.44,0.11479690696900317,25,2
1275,igrea,instStdev,swap,378,0.02572367272613568,0.08892931950908857,0.52,-0.06551469853524744,25,2
1275,igrea,instStdev,swap,504,0.4132171209467069,0.26942347955328416,0.6,0.14810684373639668,25,2
1275,igrea,instSkew,swap,20,-0.025307952093752188,-0.04190767515841448,0.5769230769230769,-0.019317298343153943,26,2
1275,igrea,instSkew,swap,40,-0.0899895622181198,-0.244453812643789,0.3076923076923077,0.011956192979213652,26,2
1275,igrea,instSkew,swap,60,0.08393036999559042,-0.04567586258259248,0.5384615384615384,-0.00877171895627645,26,2
1275,igrea,instSkew,swap,90,0.03308565425841513,-0.0721085476750463,0.5384615384615384,-0.03732766705024021,26,2
1275,igrea,instSkew,swap,120,0.21145470557339674,0.10428550089195739,0.5769230769230769,-0.042499850091868796,26,2
1275,igrea,instSkew,swap,180,0.1645990799568069,0.12020934689415318,0.5,-0.10528245265871088,26,2
1275,igrea,instSkew,swap,252,0.1427223634237291,0.02427789094548274,0.52,-0.06838108480824494,25,2
1275,igrea,instSkew,swap,378,0.30807997736519516,0.3314362803599587,0.6,-0.006283500130956006,25,2
1275,igrea,instSkew,swap,504,0.3986301171855692,0.3793299695479454,0.6,-0.15612944298048836,25,1
1275,igrea,instKurt,swap,20,0.31894608552267845,0.22997000337895526,0.5384615384615384,0.15583179829270244,26,1
1275,igrea,instKurt,swap,40,0.6757351016836912,0.4919124372859912,0.6538461538461539,0.13077985928022723,26,3
1275,igrea,instKurt,swap,60,0.15377790483743464,0.16487813490782657,0.6153846153846154,0.13280464699434338,26,2
1275,igrea,instKurt,swap,90,-0.005058112520877425,-0.014063451235961878,0.4230769230769231,0.12391438517831534,26,2
1275,igrea,instKurt,swap,120,0.22590309678524534,0.14997986777312244,0.6153846153846154,0.1294956251686798,26,2
1275,igrea,instKurt,swap,180,0.4297382349784039,0.25028634605590366,0.6153846153846154,0.13723948338299394,26,2
1275,igrea,instKurt,swap,252,0.5410080915700844,0.3934059084584381,0.64,0.0995602522799815,25,2
1275,igrea,instKurt,swap,378,0.17115614441427188,0.06505647134733876,0.52,0.019042969156964084,25,2
1275,igrea,instKurt,swap,504,-0.08463155604307111,-0.3121790384033215,0.36,-0.04319481930410499,25,2
1275,igrea,minmax,swap,20,0.017960323632432867,-0.12937492514556584,0.46153846153846156,-0.08208356265120323,26,2
1275,igrea,minmax,swap,40,0.2393035999596287,0.23671393343910888,0.6923076923076923,-0.1243420358048256,26,3
1275,igrea,minmax,swap,60,0.36343103655189535,0.2841294247309487,0.6538461538461539,-0.1551454426392168,26,2
1275,igrea,minmax,swap,90,0.37097963905066544,0.28841346487427866,0.7692307692307693,-0.19307855820195483,26,2
1275,igrea,minmax,swap,120,0.3625862385518574,0.2659256002827283,0.7307692307692307,-0.2169010244389778,26,2
1275,igrea,minmax,swap,180,0.3631058342465351,0.23728578610671067,0.6,-0.21294550815139401,25,1
1275,igrea,minmax,swap,252,0.3170011360677046,0.14874068328238618,0.6,-0.1897087605883462,25,1
1275,igrea,minmax,swap,378,0.2215566721780955,0.035857674477395796,0.56,-0.17963567415445608,25,1
1275,igrea,minmax,swap,504,0.21485429713017926,0.06318027413269581,0.56,-0.191975131056601,25,1
1275,igrea,chg,swap,20,0.22750988322750512,0.15781937107503402,0.6153846153846154,-0.09214452336162134,26,2
1275,igrea,chg,swap,40,0.4238629073630389,0.4561402113888575,0.6538461538461539,-0.12522667449612404,26,3
1275,igrea,chg,swap,60,0.44556144776674994,0.4611727844065059,0.6923076923076923,-0.17964176779710006,26,2
1275,igrea,chg,swap,90,0.334094522501352,0.13460652053421254,0.5384615384615384,-0.24067164345352,26,1
1275,igrea,chg,swap,120,0.2857231416013731,0.14330209688213136,0.64,-0.2550459537441023,25,1
1275,igrea,chg,swap,180,0.20139326983774308,-0.006140641681100207,0.56,-0.17898563153254757,25,1
1275,igrea,chg,swap,252,0.19537466752782093,-0.022865065315224326,0.48,-0.12334653930259673,25,2
1275,igrea,chg,swap,378,0.2288815304864865,0.21507689928746992,0.6666666666666666,-0.19384882445875992,24,2
1275,igrea,chg,swap,504,0.23937469740332942,0.0651684920531467,0.625,-0.21567378435470166,24,1
1275,igrea,slope,swap,20,0.10875161917819183,0.012066146309092671,0.5384615384615384,-0.06724227316255363,26,2
1275,igrea,slope,swap,40,0.29489715395763,0.3035874727143438,0.5769230769230769,-0.10521967946040531,26,2
1275,igrea,slope,swap,60,0.4458288632875521,0.5425665232039828,0.6153846153846154,-0.15571013002442713,26,1
1275,igrea,slope,swap,90,0.35145001260323405,0.3447049719684539,0.5384615384615384,-0.2137690866033546,26,1
1275,igrea,slope,swap,120,0.24941570983840775,0.2089321638895809,0.5769230769230769,-0.2603571361779252,26,1
1275,igrea,slope,swap,180,0.17050916120516324,0.034268844290492144,0.5384615384615384,-0.2245806438061308,26,1
1275,igrea,slope,swap,252,0.1377736673285176,0.020626070340485057,0.56,-0.17106384492891907,25,1
1275,igrea,slope,swap,378,0.11907752306259908,0.05890977551250795,0.44,-0.1342244205701755,25,2
1275,igrea,slope,swap,504,0.0250055074338207,-0.032022316297486815,0.52,-0.23083428496789107,25,1
1275,igrea,dStdev,swap,20,0.08101357161877637,-0.029890642415270403,0.46153846153846156,0.05457542002521436,26,2
1275,igrea,dStdev,swap,40,0.1742359634348772,-0.051387649681557145,0.38461538461538464,0.030965751420431783,26,2
1275,igrea,dStdev,swap,60,0.12918081125360498,-0.08288666729153668,0.4230769230769231,-0.003106605377195621,26,2
1275,igrea,dStdev,swap,90,-0.1061703912628451,-0.08752331023118462,0.6538461538461539,0.0025809612730912155,26,3
1275,igrea,dStdev,swap,120,-0.023812944348270207,-0.014825464430904602,0.46153846153846156,0.021455903433017218,26,2
1275,igrea,dStdev,swap,180,0.1518842987356305,0.0677605633293934,0.4230769230769231,0.030678183996705417,26,2
1275,igrea,dStdev,swap,252,0.15177778707300416,0.03205320875027273,0.52,-0.02601238543707004,25,2
1275,igrea,dStdev,swap,378,0.02418921737614476,-0.15553796208335235,0.52,-0.06244554319990933,25,2
1275,igrea,dStdev,swap,504,-0.164385653807001,-0.1747123671803298,0.56,-0.0679639809074171,25,2
1275,igrea,dSkew,swap,20,-0.001348785446210933,-0.12400646681575049,0.5384615384615384,-0.07768100630589057,26,2
1275,igrea,dSkew,swap,40,0.36984745996462254,0.38210004899354055,0.6923076923076923,-0.11906879244153373,26,3
1275,igrea,dSkew,swap,60,0.37260696086434997,0.2941500709623253,0.8076923076923077,-0.13919810853163733,26,3
1275,igrea,dSkew,swap,90,0.23197489369804636,0.1673783369609984,0.6538461538461539,-0.17931291422373566,26,2
1275,igrea,dSkew,swap,120,0.22176336748908548,0.23703608875025495,0.5769230769230769,-0.17234354900451274,26,1
1275,igrea,dSkew,swap,180,0.31644376983791417,0.2284518638655004,0.5769230769230769,-0.1433957896261772,26,2
1275,igrea,dSkew,swap,252,0.41675216378706986,0.3331761844770564,0.6,-0.18125358708198144,25,1
1275,igrea,dSkew,swap,378,0.18081797910937764,0.10991948716626457,0.52,-0.2032853861448905,25,1
1275,igrea,dSkew,swap,504,0.2234055419919981,0.09362444698483562,0.48,-0.11965147531842668,25,2
1275,igrea,ac1,swap,20,-0.02580870055310978,-0.05258702128368575,0.5,-0.05164059668717873,26,2
1275,igrea,ac1,swap,40,-0.10469549691945211,-0.1318599022920659,0.46153846153846156,-0.0342882209276961,26,2
1275,igrea,ac1,swap,60,-0.007566756839184331,-0.03252550485117451,0.4230769230769231,-0.0331721517356132,26,2
1275,igrea,ac1,swap,90,0.017620327375487865,0.06252527264541266,0.5,0.041785005397884115,26,2
1275,igrea,ac1,swap,120,0.31310574296972976,0.2820305422694957,0.5769230769230769,0.05559757271559609,26,2
1275,igrea,ac1,swap,180,0.06857098341130104,0.15787578835376084,0.5384615384615384,0.050612303195741455,26,2
1275,igrea,ac1,swap,252,-0.024516689196854475,-0.0651916412272144,0.56,0.04147050059575618,25,2
1275,igrea,ac1,swap,378,0.2576518494747962,0.22367801996375128,0.52,0.14580528540504709,25,2
1275,igrea,ac1,swap,504,0.013971776484582869,0.015593088120934405,0.44,0.23325392626158753,25,1
1275,igrea,pctpos,swap,20,0.009469762054517139,-0.09082213018891921,0.5384615384615384,-0.06124273443173932,26,2
1275,igrea,pctpos,swap,40,0.12032257509643104,0.11384515549158682,0.6153846153846154,-0.057189739494553485,26,2
1275,igrea,pctpos,swap,60,0.1651609283738426,0.13831694566956143,0.5769230769230769,-0.08190198213875921,26,2
1275,igrea,pctpos,swap,90,0.015987166831928523,-0.03696202405575928,0.5,-0.10232069084895482,26,2
1275,igrea,pctpos,swap,120,0.20608597390581768,0.06532102732385953,0.5384615384615384,-0.1054398773098534,26,2
1275,igrea,pctpos,swap,180,-0.03858827636749075,-0.2919344492903526,0.38461538461538464,-0.0750176498757842,26,2
1275,igrea,pctpos,swap,252,-0.06856208665299507,-0.2520874249462565,0.36,-0.02433611835924873,25,2
1275,igrea,pctpos,swap,378,0.09459770048858447,0.153553386660909,0.56,-0.014811577269778385,25,2
1275,igrea,pctpos,swap,504,-0.04026223876189412,-0.3251353334576963,0.36,-0.017961030226246007,25,2
