,put_oi_total,put_cog,put_disp,put_otm_share,put_far_share,put_wall,put_front_share,put_churn,put_oi_growth,put_cog_chg,put_far_chg
2009-01-05,187597.0,-0.1317481604306067,0.09312113711842408,0.9503670101334243,0.8632547428796836,-0.23376703538080723,0.8719595729142791,0.5474661108653124,,,
2009-01-06,202596.0,-0.13187627261840792,0.09117918103935722,0.9635925684613714,0.8432989792493435,-0.2384594881601605,0.8773815870007305,0.3677367766392229,0.07691780331001219,-0.00012811218780123257,-0.01995576363034013
2009-01-07,215926.0,-0.13612787703449503,0.08998176496901561,0.9597362059223994,0.8923566407009809,-0.2484091326641391,0.8782592184359457,0.40842696108852106,0.06372190811026712,-0.004251604416087101,0.04905766145163737
2009-01-08,217795.0,-0.09231312122365945,0.09671559873568902,0.9123946830735324,0.7460455933331803,-0.20631246155575989,0.8641474781331068,0.6742946348630593,0.008618497000885128,0.043814755810835576,-0.14631104736780054
2009-01-09,231627.0,-0.087654363302348,0.09517953249915834,0.9180276910722843,0.6715711035414696,-0.20048681469505236,0.8577497442008056,0.498447935689708,0.061574065820556356,0.004658757921311443,-0.07447448979171067
2009-01-10,233701.0,-0.08313900608797038,0.09465383810528964,0.8662650138424739,0.6940192810471499,-0.19418560143972163,0.8553707515158258,0.5045549655328817,0.008914201311050363,0.004515357214377624,0.02244817750568029
2009-01-12,244296.0,-0.07948207194792835,0.09289798391859992,0.8739971182499918,0.6927620591413695,-0.05700621926850613,0.8594737531519141,0.4335642008055801,0.04433808429233288,0.003656934140042034,-0.0012572219057804812
2009-01-13,257470.0,-0.09635438052693582,0.08945179822814901,0.9343224453334369,0.7983648580417136,-0.07333045036140107,0.8495785916805841,0.47735270128558666,0.052522603644055366,-0.01687230857900747,0.10560279890034419
2009-01-14,269478.0,-0.09242301494889722,0.08869603486835519,0.9366256243552349,0.6743704495357692,-0.11533196062342566,0.8343538248020247,0.4264949272296811,0.04558354590166047,0.003931365578038595,-0.12399440850594445
2009-01-15,267031.0,-0.0578553631005222,0.0967783082184544,0.8148978957499317,0.6315596316532538,-0.07423908238577859,0.7903426942939209,0.6918260426692032,-0.00912199783434886,0.03456765184837502,-0.042810817882515395
2009-01-16,273674.0,-0.06630965918107039,0.09474002193478785,0.8265783377302922,0.6369293392868888,-0.0812412430805981,0.7800083310800442,0.4273917142293386,0.02457286048530527,-0.008454296080548186,0.005369707633634979
2009-01-17,278880.0,-0.06963462286883738,0.09396800745968369,0.8299878083763625,0.6436854561101549,-0.08385057602895041,0.7648845381526105,0.342509323006311,0.018843964756889875,-0.0033249636877669964,0.006756116823266156
2009-01-19,284152.0,-0.06985891337966114,0.09350189594578187,0.8350002815394577,0.6413926349277851,-0.08398904450897238,0.7517912947999662,0.26870829696782006,0.018727724482634045,-0.00022429051082376028,-0.002292821182369842
2009-01-20,293005.0,-0.04837507485681867,0.09473263936242211,0.7920206139826965,0.5638094913056091,-0.05718413900877051,0.7154007610791625,0.4810293339704101,0.030680367463537195,0.021483838522842476,-0.077583143622176
2009-01-21,323382.0,-0.05769422126045005,0.0946792852371491,0.8269198656697033,0.6083146248090494,-0.058373764409824,0.6435886969590144,0.4762757358170832,0.09864461324903928,-0.009319146403631379,0.04450513350344032
2009-02-02,132603.0,-0.07292678276634111,0.1219438760303395,0.864226299555817,0.7418384199452501,-0.15492560997938953,0.8102833269232219,0.5295279895628304,-0.8914745850366987,-0.015232561505891064,0.13352379513620072
2009-02-03,173216.0,-0.09710616440263822,0.10633851672465013,0.9080512192869019,0.8093594125254018,-0.17673075207932665,0.8397376685756512,0.7189924718270829,0.26717966868434573,-0.024179381636297112,0.06752099258015165
2009-02-04,192369.0,-0.09652611566171793,0.10257446033481198,0.9046571952861427,0.7857658978317712,-0.17994883791916583,0.8480628375673835,0.5632768273474417,0.10487603197426587,0.000580048740920297,-0.02359351469363058
2009-02-05,215593.0,-0.08915806467821816,0.09873434228971636,0.9083319031693979,0.7844967137151948,-0.17492694665673525,0.8489839651565682,0.598781036490053,0.11397696838645821,0.007368050983499769,-0.001269184116576394
2009-02-06,239432.0,-0.10453892869353752,0.09434933918211943,0.9445103411406996,0.8280931537973203,-0.19485602460162144,0.8308997961843029,0.6910103912593137,0.10487708071796398,-0.015380864015319365,0.04359644008212549
2009-02-09,273420.0,-0.10318641355174853,0.09114534159378666,0.9349462365591398,0.7877697315485334,-0.1100411828442639,0.8053946309706679,0.4483944115280521,0.1327396228105897,0.0013525151417889958,-0.04032342224878693
2009-02-10,294038.0,-0.10682457382049154,0.08934567041631224,0.9637835925968752,0.7561437637312184,-0.11623693687722325,0.7977302253450235,0.34476496235180487,0.07269993618323412,-0.0036381602687430153,-0.03162596781731497
2009-02-11,318680.0,-0.11429471963297369,0.08749387491201724,0.9597903853395255,0.8276578385841596,-0.12586457456921507,0.7844295217773315,0.5786086356219405,0.08047845382508534,-0.0074701458124821485,0.07151407485294126
2009-02-12,326792.0,-0.09295815568897045,0.0889723077616254,0.9235874807216823,0.7365265979583343,-0.10442815498766356,0.7721149844549439,0.6101036745085558,0.025136418369886115,0.02133656394400324,-0.09113124062582534
2009-02-13,341117.0,-0.1148932342386275,0.08730706337383441,0.953488099391118,0.8011444753559629,-0.12901469787697328,0.7633216755541354,0.47546736163838216,0.04290164405760244,-0.021935078549657053,0.06461787739762859
2009-02-16,361963.0,-0.11223450992099544,0.08702796079318405,0.9469531416194473,0.7817042073361089,-0.12877946358951575,0.745697764688656,0.3968692932703066,0.059316469717574094,0.0026587243176320607,-0.01944026801985399
2009-02-17,381622.0,-0.09581711689147371,0.08720293338367317,0.9107965473688624,0.7009658772293001,-0.10948443601423041,0.7043881117964897,0.47401093228377816,0.05288859324670625,0.016417393029521735,-0.08073833010680875
2009-02-18,414303.0,-0.09729067741125769,0.08640464474187814,0.9126750228697355,0.6917859634132507,-0.11078901913359729,0.6601448698175008,0.3989761116863745,0.08216700028282098,-0.0014735605197839785,-0.009179913816049434
2009-02-19,171242.0,-0.11024686683958282,0.1079661440536597,0.9451361231473587,0.8259247147311991,-0.20509972686343392,0.0,0.6879095081814041,-0.8835198294640829,-0.012956189428325132,0.1341387513179484
2009-02-20,199151.0,-0.09405144781720669,0.10441940194115436,0.9365757641186838,0.7674076454549563,-0.1886300017579683,0.0,0.6069213812634634,0.1509855702330718,0.01619541902237613,-0.058517069276242784
2009-02-23,218390.0,-0.10230599376736838,0.10051865917055713,0.9376574018956912,0.7684600943266633,-0.19603017566740655,0.0,0.4700169421676817,0.0922191243209376,-0.008254545950161687,0.001052448871706968
2009-02-24,233853.0,-0.09592909217363729,0.09924574419050979,0.9409073221211616,0.7894018892210064,-0.18739193441350022,0.0,0.41382834515700034,0.06841025754929575,0.0063769015937310825,0.020941794894343113
2009-02-25,252075.0,-0.10533066321141246,0.09585620500826204,0.939541803034811,0.7791450957056432,-0.19888556080236053,0.0,0.4878270356044828,0.07503394945330122,-0.00940157103777517,-0.010256793515363238
2009-02-26,260843.0,-0.1086958843747717,0.09445901394635546,0.9572386454687303,0.7737604612736397,-0.20328600262030383,0.0,0.3967635704235881,0.034192031483064156,-0.0033652211633592444,-0.005384634432003432
2009-02-27,274595.0,-0.11425288700599578,0.09223553221387712,0.9583495693657933,0.8394981700322293,-0.12225842906202333,0.0,0.3113494419053515,0.05137859110276821,-0.005557002631224078,0.06573770875858953
2009-03-02,294321.0,-0.09002148555597783,0.09219537411735342,0.9368308751329331,0.7903717369810513,-0.09621472130651199,0.8742155673567296,0.5356566469942682,0.06937372358804517,0.024231401450017953,-0.04912643305117792
2009-03-03,310260.0,-0.09428041470974954,0.08963443104685781,0.94227744472378,0.81327918519951,-0.09815256553048923,0.8708760394507832,0.512692580416425,0.0527396471830297,-0.004258929153771712,0.022907448218458693
2009-03-04,331942.0,-0.11060136696077484,0.08695293303902878,0.9602129287646637,0.8490639931072296,-0.11921821809037703,0.8674738357905899,0.4978279337956631,0.06754959922350956,-0.016320952251025297,0.03578480790771954
2009-03-05,352047.0,-0.12284988140920328,0.08590618628808776,0.9760600147139444,0.9096200223265644,-0.1374105063400327,0.8707842986873912,0.45742187832874587,0.058804434552309104,-0.012248514448428435,0.060556029219334784
2009-03-06,372130.0,-0.12083706517040696,0.08556708756072756,0.9762126138714965,0.8909305887727407,-0.0545015396582883,0.8735200064493591,0.4397119286270927,0.05547856617898361,0.0020128162387963167,-0.018689433553823687
2009-03-09,386815.0,-0.11407852036457142,0.08564528878635916,0.9753344622106175,0.7538797616431627,-0.04931464228302762,0.8646226232178174,0.3675503793803239,0.03870328696736358,0.006758544805835542,-0.13705082712957795
2009-03-10,390101.0,-0.11908374293637625,0.08581208326059309,0.9699462446904776,0.8576881371747317,-0.058021588432505156,0.8584315343975022,0.3507988956706084,0.008459137396243932,-0.005005222571804829,0.10380837553156896
2009-03-11,411026.0,-0.12782718961691641,0.08707271511941637,0.9700554222847216,0.8736965544758726,-0.07562248422255646,0.8485375621006943,0.4106869151829811,0.05225079288141998,-0.008743446680540168,0.016008417301140887
2009-03-12,432069.0,-0.12267266115207681,0.0874550694707035,0.964429292543552,0.849116692009841,-0.07459013807535775,0.8337256317856638,0.24942312454723667,0.049928824876081634,0.005154528464839603,-0.02457986246603161
2009-03-13,467976.0,-0.13741212273583545,0.08993675954999772,0.956006290920902,0.8571636152281313,-0.10156226071438057,0.8289527668085542,0.4908862847667402,0.07983171483929752,-0.014739461583758634,0.00804692321829037
2009-03-16,512209.0,-0.13912076961825545,0.09193807213911649,0.9671852700753013,0.8447723487873114,-0.11492319947217233,0.8184822992177021,0.37276189992756864,0.09031573232088341,-0.0017086468824200063,-0.012391266440819892
2009-03-17,566975.0,-0.14015246667490372,0.09330122325761857,0.9799232770404339,0.7821720534415098,-0.04788163581869287,0.8076405485250673,0.3901424225054015,0.10158246617264766,-0.0010316970566482675,-0.0626002953458017
2009-03-18,606532.0,-0.13518163336616104,0.09331320292519839,0.9728884873345511,0.7521334406098936,-0.04904171140793334,0.7787783661867799,0.28019956078162406,0.06744227769505962,0.004970833308742678,-0.03003861283161613
2009-03-19,174318.0,-0.12539492936226238,0.08464519060012214,0.9659013985933753,0.7813421448157964,-0.08656395144491691,0.0,0.6394290893654127,-1.246876271322261,0.009786704003898666,0.029208704205902825
2009-03-20,207648.0,-0.11101926447202219,0.0825559278851458,0.9286051394667899,0.7942479580829095,-0.0728834533882079,0.0,0.5756231699799661,0.17496312102103317,0.014375664890240183,0.012905813267113042
2009-03-23,232021.0,-0.13275697038114645,0.08073599449765279,0.9784760862163339,0.8559699337559962,-0.10229539165290846,0.0,0.6174527305718017,0.11098354637249308,-0.021737705909124258,0.06172197567308668
2009-03-24,262692.0,-0.14118731318983013,0.08238236554109665,0.9792951441231557,0.8624853440531116,-0.084350403839624,0.0,0.5499330013856532,0.124154358428342,-0.008430342808683683,0.006515410297115443
2009-03-25,299998.0,-0.1472109360796208,0.08288077773994877,0.9842365615770772,0.9011726744844966,-0.10219625241752361,0.0,0.5252968353122354,0.13279356472772008,-0.006023622889790664,0.03868733043138495
2009-03-26,325117.0,-0.1454909056542706,0.08489065511272915,0.9705244573492005,0.9043452049569847,-0.10889324541080025,0.0,0.6237200761571988,0.08040930957797343,0.001720030425350183,0.003172530472488111
2009-03-27,343432.0,-0.14090747235958337,0.08586491542272984,0.9681217824780451,0.8884495329497543,-0.0724766727883206,0.0,0.4194687740222227,0.054804012365730514,0.004583433294687245,-0.01589567200723041
2009-03-30,359673.0,-0.10898086965222094,0.08867131756026561,0.9365423593097063,0.7129642758839279,-0.0779957933558072,0.0,0.4979272839495875,0.04620615542109974,0.03192660270736243,-0.1754852570658264
2009-03-31,367492.0,-0.11066419338568978,0.08746968741915932,0.9394354162811708,0.7213327092834674,-0.07884333428007773,0.0,0.3886451949974421,0.021506264376350614,-0.0016833237334688417,0.008368433399539521
2009-04-01,392446.0,-0.12477868324700443,0.08533444284021612,0.9681688690928179,0.8185559287137594,-0.05916886977956326,0.8360207518996244,0.4713565688018224,0.0656973984312188,-0.014114489861314652,0.097223219430292
2009-04-02,420883.0,-0.14051298042825733,0.08557889683544237,0.9793933230850379,0.9044104893759073,-0.08655444683564184,0.8249109610034142,0.5408486443976117,0.06995593717991078,-0.015734297181252896,0.08585456066214792
2009-04-03,447371.0,-0.14310561098358984,0.08583055783250212,0.9879875986597254,0.8770081207767155,-0.0957803686684281,0.8199413909260994,0.3768617098560255,0.06103334268163785,-0.0025926305553325146,-0.027402368599191762
2009-04-06,464187.0,-0.140966172640105,0.0881179473504158,0.9773539543330597,0.8419990219458968,-0.10010762712779553,0.8224034710149143,0.3775051864873424,0.03689926027676549,0.002139438343484845,-0.03500909883081871
2009-04-07,462659.0,-0.14185877196888969,0.08935648685304735,0.9747524634774207,0.8150927573007334,-0.10343652778898493,0.8094168707406535,0.4362954141170927,-0.0032972066218412976,-0.0008925993287846878,-0.026906264645163436
2009-04-08,467822.0,-0.12048922594163203,0.09185565080872414,0.9385599651149369,0.7387040370055278,-0.08148344098347415,0.7979787184014433,0.45173591665206,0.011097600032828225,0.021369546027257658,-0.0763887202952056
2009-04-09,488127.0,-0.1483322812721514,0.09238375633617965,0.9793291499958002,0.8226219815744673,-0.1178234941247045,0.8019654721004984,0.584874428171357,0.0424877362077094,-0.027843055330519367,0.08391794456893953
2009-04-10,519695.0,-0.15724056295085012,0.09431899930248677,0.9744330809417062,0.8498542414300696,-0.13524133684771256,0.8018703277884144,0.4768008158631505,0.06266648313626355,-0.008908281678698726,0.027232259855602292
2009-04-13,564252.0,-0.15871924619784455,0.09612743278478121,0.9892494842729844,0.8504480267681815,-0.14641391413606852,0.8034583838426802,0.45420663107973036,0.0822588591865383,-0.0014786832469944333,0.0005937853381119407
2009-04-14,588837.0,-0.1613460699022216,0.09906523143233253,0.9782588390335526,0.8343650280128456,-0.1514896447796249,0.7890553752566499,0.3633025777931754,0.04264844489475195,-0.002626823704377057,-0.01608299875533592
2009-04-15,619257.0,-0.15440163336838014,0.10090691830078342,0.9708457070327828,0.815574147728649,-0.14896369308907453,0.7692718855014962,0.29176739221357206,0.050370967188099414,0.006944436533841469,-0.01879088028419662
2009-04-16,178915.0,-0.17546415264036097,0.10724228969391517,0.9665148254757846,0.8745214207864069,-0.13292436265772023,0.0,0.7642288237431183,-1.2416095395786648,-0.02106251927198083,0.05894727305775793
2009-04-17,226145.0,-0.13219488754706055,0.11112725101280481,0.8914015344137611,0.7552013088947357,-0.06174744326178294,0.0,0.9120033606756727,0.23426555373621127,0.043269265093300424,-0.11932011189167124
2009-04-20,253093.0,-0.1371742591370194,0.10758507756447831,0.9006570707210393,0.7723722110054407,-0.06601218335218606,0.0,0.6263942503348572,0.1125806236561715,-0.004979371589958842,0.017170902110705044
2009-04-21,282088.0,-0.14979983213829806,0.1033292636280195,0.9450774226482516,0.8247213635461275,-0.14986372315482166,0.0,0.5087774027962905,0.10846206888005838,-0.012625573001278673,0.05234915254068673
2009-04-22,314478.0,-0.14684016754300575,0.10130247045127953,0.9487817907770972,0.8265602045294106,-0.08258595235223254,0.0,0.37657324200739,0.10869504239234651,0.002959664595292316,0.0018388409832831298
2009-04-23,332786.0,-0.14612523865425442,0.10253101622340298,0.9455566039436755,0.8220207580847751,-0.08088861050782603,0.0,0.46348704572908717,0.05658551936603473,0.0007149288887513261,-0.004539446444635442
2009-04-24,349558.0,-0.14703910175377033,0.10278592647239912,0.9476538943465748,0.8156185811796611,-0.14977120343084327,0.0,0.4189433513179501,0.04916985851003908,-0.0009138630995159103,-0.006402176905114021
2009-04-27,354030.0,-0.12183952124643035,0.10574551063719795,0.9065248707736633,0.7624523345479197,-0.12358349181865191,0.0,0.578219359941248,0.012712156041221334,0.025199580507339975,-0.05316624663174141
2009-04-28,363577.0,-0.10586265229014591,0.10633801433758819,0.8286360248310537,0.7067773814075148,-0.10662118772926332,0.0,0.5427626059954288,0.026609448671157665,0.015976868956284446,-0.05567495314040494
2009-04-29,367330.0,-0.10872058162117204,0.10643217984200468,0.8625649960525957,0.7068276481637764,-0.10937895213089999,0.0,0.3214602673345493,0.010269522616489724,-0.0028579293310261322,5.026675626162991e-05
2009-04-30,376493.0,-0.1536405467992626,0.10735602468610037,0.9226200752736439,0.7997412966509337,-0.1656334427466012,0.0,0.7054526910194877,0.024638828176218652,-0.04491996517809055,0.09291364848715733
2009-05-04,407802.0,-0.18169584963596683,0.11140702441231431,0.956635818362833,0.888149150813385,-0.21016049538733728,0.8558001186850481,0.6174932933139121,0.07988230772357952,-0.028055302836704238,0.08840785416245123
2009-05-05,430892.0,-0.17776076140507188,0.11325473828201008,0.9533108064201703,0.8652957121506085,-0.216293570158967,0.8601087975641228,0.5419571493552909,0.055075716163706545,0.003935088230894945,-0.02285343866277645
2009-05-06,443610.0,-0.19678668123404616,0.11128321524554122,0.9894547012015058,0.927195058722752,-0.08629905431952123,0.8577060931899642,0.32177137575798564,0.02908831939658718,-0.01902591982897428,0.061899346572143465
2009-05-07,465800.0,-0.19328552537509136,0.11287363990285515,0.9850858737655647,0.9133018462859597,-0.08715675192115468,0.8551803349076857,0.3307599828252469,0.04881055939673473,0.003501155858954802,-0.013893212436792313
2009-05-08,486764.0,-0.18999329950380778,0.11392166936463025,0.9827698843792885,0.9007239647960819,-0.08868188466661708,0.8536929600381293,0.2434773319308741,0.04402304858669659,0.003292225871283583,-0.012577881489877818
2009-05-11,494898.0,-0.19413866069440264,0.1142120290881372,0.9937744747402495,0.9154532853234404,-0.09740503948852952,0.8535435584706343,0.2639230710166539,0.016572274692288502,-0.0041453611905948595,0.014729320527358536
2009-05-12,498566.0,-0.16794031955497013,0.11867243492200968,0.9644821347624989,0.8533373715816963,-0.06724393902884551,0.8493659816353302,0.3859007633894008,0.007384297100506032,0.026198341139432507,-0.06211591374174408
2009-05-13,505708.0,-0.17291684841632018,0.11919035826540467,0.9618910517531857,0.8450449666606026,-0.07480794554936365,0.8410327698988349,0.28395042198264614,0.014223449786998188,-0.004976528861350055,-0.008292404921093732
2009-05-14,508776.0,-0.1585899178738325,0.12065724085595082,0.9261364529773417,0.7926042108904509,-0.05722191581934488,0.8292411591741748,0.3657012123213359,0.006048413485331139,0.014326930542487681,-0.052440755770151726
2009-05-15,509350.0,-0.17244698926539775,0.12013088338194228,0.9620437812898792,0.8192578776872484,-0.07537112291553982,0.8005418670855011,0.3506488662020222,0.0011275619340143095,-0.013857071391565251,0.026653666796797593
2009-05-18,526178.0,-0.17970896710017817,0.11958121992456175,0.9785300791747279,0.8590305942095641,-0.05743704971715513,0.7769100950628874,0.3626757485109602,0.032504155498063625,-0.007261977834780414,0.03977271652231562
2009-05-19,552673.0,-0.18495252973316312,0.12144951492621528,0.9678200310129136,0.8760261492781446,-0.09850216134106815,0.7559370550035917,0.48429179641487824,0.0491269480171983,-0.005243562632984949,0.016995555068580526
2009-05-20,581496.0,-0.18422762818852062,0.12254563859787344,0.9877350833023787,0.850538954696163,-0.1049612000680229,0.738094501079973,0.4190484543315861,0.05083758662189908,0.0007249015446424978,-0.025487194581981565
2009-05-21,181698.0,-0.1866997839257298,0.13565060358541778,0.9830818170810905,0.8511541128686061,-0.1069847190201837,0.0,0.5656363856509152,-1.163258124986342,-0.0024721557372091862,0.0006151581724430644
2009-05-22,201729.0,-0.18374257204214742,0.132506278611691,0.9807910612752753,0.8812317515082115,-0.10943420871003029,0.0,0.410947360072176,0.10457924432617283,0.002957211883582389,0.030077638639605442
2009-05-25,218912.0,-0.17806869669273662,0.1307810472066357,0.9782195585440725,0.8286845855869025,-0.10905996917347494,0.0,0.46747094722993715,0.08174461006552036,0.005673875349410801,-0.052547165921309036
2009-05-26,231664.0,-0.16923892473720092,0.13161687688462323,0.9436856827128945,0.8254670557358934,-0.10221438821147633,0.0,0.43128841770840526,0.05661822346047707,0.008829771955535692,-0.0032175298510090933
2009-05-27,249260.0,-0.1849592000511411,0.12788119912523238,0.9817539918157747,0.887350557650646,-0.12922832213907964,0.0,0.5498154537430795,0.07320848235916522,-0.015720275313940185,0.06188350191475256
2009-06-01,266881.0,-0.1837698196152696,0.12705966361988122,0.9800547809697955,0.907662965891165,-0.1371996376238478,0.8954028199834383,0.362667256192835,0.06830633776752926,0.0011893804358715232,0.020312408240519053
2009-06-02,283832.0,-0.17518384039388368,0.12750119312017347,0.9772013021787537,0.8866054567490629,-0.1365763525531437,0.8918656106429155,0.41118337608162575,0.06157964766535606,0.008585979221385903,-0.021057509142102138
2009-06-03,291097.0,-0.1645656935993239,0.12966696259486152,0.9645856879322013,0.8156009852385975,-0.12956939798118128,0.8558246907388259,0.43824910596811373,0.025274031130496866,0.010618146794559774,-0.0710044715104654
2009-06-04,300816.0,-0.14841351058007776,0.1306176066869044,0.9342588160204245,0.7588326418807511,-0.11583451958868629,0.8416241157385246,0.4948905643316845,0.032842237188816625,0.016152183019246147,-0.05676834335784642
2009-06-05,310676.0,-0.14352471813238257,0.13001011902865667,0.9344172063500238,0.7510847313600021,-0.03947037874421844,0.8393921641839086,0.2914901698232242,0.03225178633422843,0.004888792447695189,-0.0077479105207489685
2009-06-06,329736.0,-0.15038923087563977,0.12648344472972878,0.964177402528083,0.810593929689206,-0.12494859072970532,0.8436719072227479,0.2979626125142538,0.059541765805098734,-0.006864512743257195,0.05950919832920387
2009-06-08,331951.0,-0.12174936901024883,0.13001480223447964,0.8877695804501267,0.6057972411590867,-0.0947522789611378,0.8356203174564921,0.5579799428228865,0.006695033372757564,0.028639861865390942,-0.20479668853011923
2009-06-09,323087.0,-0.09759647472054674,0.1336912471965191,0.7848226638645318,0.525821218433425,-0.06460318128458054,0.811162318508637,0.8200144233596524,-0.027065730862814164,0.02415289428970209,-0.07997602272566173
2009-06-10,322238.0,-0.1067747978419165,0.13163273136355008,0.8003152949062494,0.5902779932844667,-0.07153368707899865,0.8030896418175386,0.4902308231803822,-0.0026312338428837734,-0.009178323121369764,0.06445677485104173
2009-06-11,342001.0,-0.11903606406682396,0.1266249693012738,0.8693863468235473,0.6748927634714519,-0.08639226966045765,0.7974362648062433,0.575726386764951,0.059523258078122865,-0.01226126622490746,0.08461477018698516
2009-06-12,352889.0,-0.10212185137341817,0.12718158278796032,0.822354904800093,0.5923449016546279,-0.06951209866893704,0.7880665024979526,0.43859967298498964,0.03133989885727928,0.01691421269340579,-0.08254786181682394
2009-06-15,337478.0,-0.07619887429652862,0.13299095721475745,0.7149680868086216,0.46920095532153205,-0.03623127879259058,0.7583249871102709,0.7709598847924902,-0.044653236889464765,0.02592297707688955,-0.12314394633309589
2009-06-16,338551.0,-0.07789732184568557,0.13186731040108943,0.7392534655044587,0.47750265100383693,-0.03549537761159727,0.7403906649219764,0.6095950093191277,0.0031744226979846246,-0.0016984475491569478,0.008301695682304877
2009-06-17,373565.0,-0.07160446760996192,0.12756879087069045,0.6381459719192109,0.42570636970808295,0.0006601128809167189,0.712708631697295,0.49605021883741784,0.0984172731819033,0.0062928542357236494,-0.051796281295753976
2009-06-18,134536.0,-0.0809163968092384,0.11416078752054624,0.7582134149967295,0.5786034964619136,-0.02352173396500623,0.0,0.770239935779271,-1.0212601976621922,-0.00931192919927648,0.1528971267538306
2009-06-19,147959.0,-0.09451355982063447,0.10861698437122025,0.8573794091606458,0.6469968031684453,-0.03709588117763163,0.0,0.4715089991146196,0.09510338713756461,-0.013597163011396074,0.06839330670653176
2009-06-22,162465.0,-0.11043812535857613,0.10283052701039586,0.9183331794540363,0.7504816421998585,-0.08534806448611543,0.0,0.5466408149447574,0.09352738559779716,-0.01592456553794165,0.10348483903141314
2009-06-23,184433.0,-0.08923559024639975,0.09926659910582723,0.8229600993314645,0.6115825259037158,-0.03186300216055915,0.0,0.45074363047827665,0.12682365994071887,0.021202535112176374,-0.1388991162961427
2009-06-24,201393.0,-0.11498580011939452,0.09706949637998312,0.9262586087897792,0.7676185368905573,-0.05957292071572773,0.0,0.8180671622151713,0.08797196908082583,-0.02575020987299477,0.1560360109868415
2009-06-25,216753.0,-0.1220894950648794,0.09387760164971971,0.9498276840458956,0.8178387381028175,-0.07086367866749455,0.0,0.43592476228702715,0.07350023341796152,-0.0071036949454848786,0.05022020121226023
2009-06-26,225185.0,-0.12120092851988305,0.09290422094863407,0.9496769323001087,0.8126607012012346,-0.07171899077288679,0.0,0.38497235606279284,0.03816383019180769,0.000888566544996347,-0.005178036901582916
2009-06-29,242836.0,-0.10853612123137354,0.092316331547122,0.920431896423924,0.7409362697458367,-0.06120181813914549,0.0,0.4944942265561943,0.07546403178850092,0.012664807288509508,-0.07172443145539786
2009-06-30,252982.0,-0.11156089705290238,0.09101418526257675,0.9517317437604257,0.7947087144539928,-0.0671873833984229,0.0,0.38040255828477915,0.040932021575821764,-0.0030247758215288384,0.05377244470815612
2009-07-01,271536.0,-0.12309491155085273,0.08915595917737772,0.962745271345236,0.8287004301455424,-0.08800313726920783,0.8432767662483059,0.5477432090035944,0.07077638731746205,-0.011534014497950343,0.03399171569154957
2009-07-02,293917.0,-0.1272948217489289,0.0886087962146816,0.9736524256848021,0.8488178635465115,-0.1001165349087293,0.8481544109391427,0.4565812797490448,0.07920268728680568,-0.004199910198076168,0.020117433400969054
2009-07-03,315845.0,-0.12284014676429703,0.08758255008525692,0.9734110085643274,0.8350045117066915,-0.09982896750382564,0.853624404375564,0.385913976792414,0.07195417236450119,0.004454674984631868,-0.01381335183981991
2009-07-06,324492.0,-0.1189611310061047,0.08779297939685254,0.972794398629242,0.824679807206341,-0.09773214975841771,0.8498822775291841,0.2847527828112866,0.027009295607241413,0.003879015758192328,-0.010324704500350501
2009-07-07,342831.0,-0.12268571626645222,0.08784821201139542,0.9818890357056392,0.7813529114928347,-0.10650730728107194,0.8372084204753946,0.398237032240375,0.05497673184608587,-0.003724585260347524,-0.04332689571350634
2009-07-08,353507.0,-0.11458639568509693,0.08834884179561335,0.9675593411163004,0.7688900078357713,-0.10019885605281242,0.828263655316585,0.38870234535666903,0.03066567274722587,0.00809932058135529,-0.012462903657063373
2009-07-09,360840.0,-0.12015185898999961,0.09002953772573581,0.9687285223367698,0.8063518456933821,-0.11087137568944516,0.8179830395743266,0.45703635960536526,0.02053135966766817,-0.005565463304902679,0.037461837857610814
2009-07-10,378863.0,-0.11939752132038606,0.08975320399264287,0.9634036577865878,0.783393997302455,-0.1137187475073339,0.8115783277860334,0.2967827420465973,0.04874001537266359,0.0007543376696135529,-0.022957848390927182
2009-07-13,363195.0,-0.0923885570644644,0.09326428918917688,0.882203774831702,0.6655983700216137,-0.0812792268045972,0.7703244813392255,0.7188755351808257,-0.04223478204854558,0.027008964255921655,-0.11779562728084125
2009-07-14,376228.0,-0.1061076327397976,0.09087327910709427,0.9413972378451365,0.7213896892309982,-0.0360589269227235,0.754353742943109,0.39617731800929223,0.03525546248019218,-0.013719075675333203,0.055791319209384516
2009-07-15,407253.0,-0.11345343312803531,0.08986540264753284,0.9710327486844786,0.768316009949589,-0.0057281927996913895,0.7256226473469809,0.4474245739135132,0.07923927134477893,-0.007345800388237705,0.04692632071859082
2009-07-16,141445.0,-0.14195633104211342,0.11360548077422902,0.9556859556718159,0.8236629078440383,-0.1593292332197691,0.0,0.5485948601930078,-1.0575236649942816,-0.028502897914078104,0.05534689789444924
2009-07-17,157986.0,-0.14437740960938863,0.10973695868316066,0.9721810793361437,0.8886926689706683,-0.16800345643476344,0.0,0.3692352486929222,0.11059547256289903,-0.00242107856727522,0.06502976112663006
2009-07-20,175342.0,-0.1479854511366863,0.10663796891743564,0.9760411082341938,0.8678810553090531,-0.17853941425536757,0.0,0.40314357085011004,0.10423193099964578,-0.0036080415272976563,-0.020811613661615214
2009-07-21,184001.0,-0.14673171537495575,0.10546534068186952,0.9752827430285705,0.9065983337047081,-0.18025006687433665,0.0,0.3480035434590029,0.048202839871036574,0.0012537357617305456,0.038717278395654975
2009-07-22,196858.0,-0.15034499331912912,0.1080229624765345,0.9737170955714272,0.8989220656513832,-0.18400302348353403,0.0,0.40483495717725465,0.06754146426841423,-0.0036132779441733764,-0.007676268053324886
2009-07-23,208893.0,-0.1464965852002242,0.10692236862719695,0.9705638772002891,0.8875692340097562,-0.1834840306666209,0.0,0.33858961286400213,0.059339502499932806,0.0038484081189049113,-0.011352831641627037
2009-07-24,221544.0,-0.14302318036922967,0.10655206839782297,0.9702451883147366,0.8747607698696421,-0.18259413073904962,0.0,0.32874733687213376,0.05879905621078585,0.0034734048309945365,-0.012808464140114051
2009-07-27,234148.0,-0.14559340820826233,0.10539098575617935,0.9876787331089738,0.8614636896321984,-0.18900807150387788,0.0,0.35777798657259513,0.05533217870390672,-0.002570227839032657,-0.013297080237443692
2009-07-28,250189.0,-0.15439200098379477,0.10523670735870048,0.9888004668470636,0.8754861324838422,-0.20197462279300482,0.0,0.44672227795786384,0.06626323817832613,-0.008798592775532438,0.01402244285164378
2009-07-29,271073.0,-0.14360513862301727,0.10546658576871565,0.9775374161203808,0.871233948050894,-0.09650842858816733,0.0,0.32721812943376877,0.08017152506092451,0.0107868623607775,-0.0042521844329481695
2009-07-30,280262.0,-0.13600536400190574,0.10602337175921962,0.9773604698460726,0.8240967380522511,-0.08924152318663003,0.0,0.4348288387294746,0.033336722648135364,0.007599774621111527,-0.047137209998642904
2009-07-31,296084.0,-0.13904153855489151,0.10410675907544412,0.97610137663636,0.8630489996082192,-0.09575272227881615,0.0,0.31534632063873763,0.054918317901590186,-0.003036174552985771,0.03895226155596809
2009-08-03,314208.0,-0.13215833426710305,0.10380659052149481,0.9763564263163255,0.8454049546797027,-0.09306178091490225,0.7812722782360729,0.2685036663611366,0.059411989138038024,0.006883204287788464,-0.017644044928516567
2009-08-04,325561.0,-0.11653800026389598,0.10549436663103476,0.919566532846379,0.7735969603238717,-0.0799137994240835,0.7809504209656563,0.48923550425265927,0.03549466109766364,0.015620334003207073,-0.07180799435583096
2009-08-05,331563.0,-0.10242285892908337,0.10635087522074428,0.8892035601077322,0.7131495371920269,-0.06545331355209516,0.7748512349085995,0.43075674909444056,0.018267988733931873,0.014115141334812606,-0.06044742313184481
2009-08-06,336947.0,-0.10634561629129818,0.10468205653916206,0.8979335028951141,0.7371723149338026,-0.05367139103026064,0.7659720965018237,0.4790961189742007,0.016107811135984917,-0.003922757362214813,0.024022777741775747
2009-08-10,342033.0,-0.10831295881609282,0.10369574170863662,0.9012317524917186,0.7359757684200062,-0.07015532764675203,0.7450772293901465,0.2947990398587271,0.014981575681234816,-0.0019673425247946352,-0.0011965465137964149
2009-08-11,346750.0,-0.11141010387939693,0.10267704539668956,0.9307974044700793,0.7389502523431868,-0.073674703503536,0.7374852198990627,0.3233309300648882,0.013696835559244391,-0.0030971450633041075,0.0029744839231805598
2009-08-12,350077.0,-0.1094988426061609,0.10330897930552918,0.9032098652582147,0.7230409309951811,-0.057820812013509304,0.7242863712840318,0.3166674760124201,0.009549071092067152,0.0019112612732360285,-0.01590932134800571
2009-08-13,366706.0,-0.12122297975461627,0.10232583753181097,0.9775896767437675,0.7447982852748524,-0.07604307629325535,0.7223252414740964,0.4858087950565303,0.046407306805310355,-0.011724137148455369,0.021757354279671293
2009-08-14,379061.0,-0.12230685981991422,0.10227158250155105,0.9702422565233564,0.7787084400663745,-0.08055862428937799,0.7167395221349598,0.363463927969377,0.03313670490714138,-0.0010838800652979569,0.03391015479152215
2009-08-17,380893.0,-0.10444377637592775,0.10283586911378864,0.9104289131068305,0.6555725623731599,-0.062292622406878495,0.6903172281979454,0.5059111088940988,0.004821353789321137,0.017863083443986474,-0.12313587769321466
2009-08-18,363747.0,-0.09235926149376479,0.10477668763527849,0.8082210987307111,0.6267213200383783,-0.16050175484589324,0.629478731096064,0.6835575276222209,-0.04605992475976883,0.012084514882162958,-0.028851242334781535
2009-08-19,384836.0,-0.09161496325903554,0.10287144033601683,0.8138635678574769,0.6238995312288871,-0.16035459551187436,0.5879361598187279,0.4352633329522186,0.05635869848009101,0.0007442982347292543,-0.0028217888094912436
2009-08-20,184009.0,-0.12020995484056705,0.12501825853397164,0.9025373758892228,0.6435772163318099,-0.03463865039512981,0.0,0.5978511920612579,-0.7378326000528421,-0.028594991581531518,0.01967768510292278
2009-08-21,211380.0,-0.10413293254954366,0.12042236445584875,0.8784227457659192,0.6399375532216861,-0.02326140530143661,0.0,0.5616803860346296,0.13867279212494132,0.016077022291023396,-0.0036396631101237586
2009-08-24,239277.0,-0.12287326032266188,0.11306518640711169,0.950128930068498,0.7155054601988491,-0.049464409753957495,0.0,0.46310343242350915,0.12396441504905553,-0.018740327773118223,0.07556790697716298
2009-08-25,251354.0,-0.1180898548503022,0.11179429707311751,0.9536351122321507,0.7128193702905066,-0.045438591596041356,0.0,0.30910986099286264,0.04924042744575452,0.004783405472359684,-0.002686089908342515
2009-08-26,256457.0,-0.11027989433563534,0.11546119373014133,0.916660492792164,0.6414174695952928,-0.03262437101980742,0.0,0.6340244173487173,0.020098705155898955,0.0078099605146668555,-0.0714019006952138
2009-08-27,276465.0,-0.1080718003494131,0.11494880700887442,0.8858734378673612,0.6523104190403849,-0.028509509397302235,0.0,0.4156258477564972,0.07512322143978523,0.002208093986222237,0.010892949445092115
2009-08-28,287055.0,-0.12065947204173577,0.11252225787854793,0.95466722405114,0.7312988800055739,-0.04550166963784863,0.0,0.4962254620194736,0.03758960435844294,-0.012587671692322666,0.07898846096518897
2009-08-31,301652.0,-0.11962662264365322,0.11074064617170962,0.9549480858737883,0.7202339119249996,-0.047751595016078285,0.0,0.310602946441595,0.0496002000352167,0.0010328493980825554,-0.011064968080574222
2009-09-01,330561.0,-0.13382104034219663,0.10832697317203265,0.978206745502343,0.8089278529530102,-0.10253214145802914,0.8328931725158141,0.5895039039693127,0.09151717603075227,-0.014194417698543418,0.08869394102801054
2009-09-02,355140.0,-0.13127355045657538,0.10660564338110157,0.9771048037393704,0.7890775468829194,-0.105084399064174,0.8306583319254378,0.36634003491580786,0.07172086683458012,0.002547489885621257,-0.01985030607009075
2009-09-03,396418.0,-0.13231343887186875,0.10411943551123573,0.9832449586043015,0.8214359590129611,-0.113256810680329,0.8387257894444753,0.4294936153252375,0.10995713217230474,-0.0010398884152933718,0.03235841213004165
2009-09-04,425072.0,-0.13402440589918738,0.10202235283463004,0.979796363910114,0.8053153348138669,-0.11926667067423635,0.8368276433168969,0.3543987842059698,0.0697893562375782,-0.0017109670273186273,-0.016120624199094213
2009-09-07,448629.0,-0.13676180960389928,0.10179685067972666,0.9855894291274082,0.8389783094717461,-0.12797819668659405,0.8345849242915638,0.30447206934906124,0.053937699220080404,-0.0027374037047118993,0.03366297465787926
2009-09-08,462664.0,-0.14168871837106498,0.1030669171925515,0.9842650389915792,0.8438348347829094,-0.1386370503651222,0.8268246502861688,0.4304614147631975,0.030804823132617898,-0.0049269087671657,0.004856525311163318
2009-09-09,480916.0,-0.13020055013980647,0.1047228643898577,0.9602279816017766,0.7656472232156967,-0.13112077145442114,0.8209437822821449,0.3064672416804598,0.03869152998718306,0.011488168231258505,-0.07818761156721277
2009-09-10,492337.0,-0.13588134981126368,0.10599684138833751,0.9669657165721853,0.7802765179135429,-0.1407622393645459,0.81538661526556,0.4729443450319598,0.02347082268386025,-0.0056807996714572095,0.01462929469784624
2009-09-11,526066.0,-0.13057510594829516,0.1056692440335472,0.9672455547402797,0.7384244562469348,-0.14135480582352256,0.8109343694517418,0.25022335600475987,0.06626323878720264,0.005306243862968518,-0.041852061666608154
2009-09-14,527886.0,-0.12024290500659073,0.10685445524611827,0.9323054598909613,0.6930852494667409,-0.13186669330779455,0.8011767692266891,0.37958195519487165,0.003453671152113813,0.010332200941704436,-0.045339206780193875
2009-09-15,529074.0,-0.13088575876394562,0.1052339570095828,0.9666643985529434,0.7407394806775611,-0.14242076920773294,0.7771616068829691,0.38081818422375696,0.0022479573499047945,-0.010642853757354895,0.04765423121082024
2009-09-16,568991.0,-0.13455516022532632,0.10424804601893117,0.9877730930717709,0.789576636537309,-0.15325312086706877,0.747147142924932,0.3081876514742764,0.07273630812450449,-0.0036694014613807002,0.048837155859747905
2009-09-17,169223.0,-0.1297228314261024,0.09384444244922772,0.9697677029718182,0.8415168150901473,-0.09058082462921113,0.0,0.47497680575335505,-1.2126472450379318,0.004832328799223934,0.05194017855283828
2009-09-18,188617.0,-0.13107611778501815,0.09032848948915778,0.9841212616042032,0.8364675506449578,-0.09653161142887512,0.0,0.3015846927901515,0.10850113225497893,-0.0013532863589157673,-0.005049264445189494
2009-09-21,202355.0,-0.12504015164786553,0.08949059635433433,0.9820464035976378,0.8293098762076548,-0.09363062248915688,0.0,0.3740851473894888,0.07030507668298824,0.006035966137152626,-0.007157674437302974
2009-09-22,212527.0,-0.11835739307020605,0.08901668515016117,0.9593792788680967,0.7777600022585366,-0.08957388041017367,0.0,0.2589506274496887,0.0490454584386395,0.006682758577659473,-0.05154987394911825
2009-09-23,230563.0,-0.10412134975769635,0.088321420427289,0.902330382585237,0.7704358461678587,-0.07818608711683728,0.0,0.4723784822369591,0.0814551048472083,0.014236043312509702,-0.007324156090677936
2009-09-24,244530.0,-0.0958421717853044,0.08704500919513722,0.9067762646710015,0.6779004621109884,-0.07157349178479078,0.0,0.3638531059583691,0.058813856810553844,0.008279177972391957,-0.09253538405687023
2009-09-25,253486.0,-0.09734202748216692,0.08553990205654945,0.9105118231381615,0.6747552133056658,-0.04699927299658824,0.0,0.35507680897564364,0.03597059390724766,-0.0014998556968625204,-0.0031452488053226313
2009-09-28,261010.0,-0.08953370703706143,0.08537529560408216,0.8829240258993908,0.6780161679629133,-0.03907003943931109,0.0,0.3218612313704456,0.029250126083246286,0.007808320445105488,0.0032609546572475168
2009-09-29,273288.0,-0.104607448664339,0.08292269866111754,0.9596835572729135,0.7709193232048243,-0.05787094985450825,0.0,0.3151071397207342,0.04596746341144531,-0.015073741627277579,0.09290315524191095
2009-09-30,286778.0,-0.11085352281144328,0.08162966819271128,0.9799949786943211,0.7992942275906799,-0.09444053071111724,0.0,0.35557469540899234,0.04818221309913184,-0.0062460741471042774,0.02837490438585566
2009-10-01,299323.0,-0.11244410809691299,0.0808753205189564,0.9777431069446718,0.7852787791115283,-0.09877552751451568,0.7202720806620273,0.298430123979781,0.04281486060454576,-0.001590585285469709,-0.014015448479151593
2009-10-02,310465.0,-0.09583699702608832,0.0812782946408082,0.9497978838194321,0.7365757814890568,-0.055570246685051616,0.717536598328314,0.34261188861868486,0.036547915722835,0.016607111070824673,-0.048702997622471544
2009-10-05,319519.0,-0.09807779693414376,0.08031245398604618,0.950876160729096,0.7284230358758008,-0.08577328790881389,0.7231932999289558,0.19773159029666468,0.028745566365138586,-0.002240799908055438,-0.008152745613255963
2009-10-06,332345.0,-0.10749509675850659,0.07922258666750297,0.9746979795092449,0.7640945403120252,-0.09767053031760675,0.7233236546359957,0.33182987558109794,0.03935684602543432,-0.009417299824362832,0.035671504436224355
2009-10-07,344976.0,-0.11187055108856084,0.07918678091914791,0.987680302397848,0.8160799591855665,-0.07999568912265753,0.710008812207226,0.3735274337924957,0.03730126340069617,-0.004375454330054249,0.051985418873541356
2009-10-08,355180.0,-0.09739630318719995,0.0806557918589171,0.9586519511233741,0.7231713497381609,-0.0670783960678688,0.6994369052311504,0.305994143814404,0.029149853832253214,0.014474247901360884,-0.09290860944740564
2009-10-09,372307.0,-0.10414230307401708,0.080328798253363,0.9573228545259692,0.7091298310265453,-0.07553658497931848,0.6975453053528405,0.2980174963135262,0.04709407951682998,-0.006745999886817122,-0.01404151871161563
2009-10-12,373979.0,-0.10573984799382684,0.08036283718079883,0.9545108147783699,0.7756932875910145,-0.07893282525513567,0.6836105770644876,0.3173654135660024,0.004480863362177345,-0.0015975449198097624,0.06656345656446927
2009-10-13,377435.0,-0.1039220004841752,0.08110784204770326,0.9487593890338734,0.7590552015578841,-0.07853513413895696,0.6757481420641965,0.449158133188496,0.009198722327546704,0.0018178475096516378,-0.01663808603313044
2009-10-14,398912.0,-0.10992493351203517,0.08117912188913508,0.9691962137012674,0.7878955759666292,-0.09040704284832535,0.6794631397400931,0.3830193125300818,0.055342472753382665,-0.006002933027859966,0.028840374408745095
2009-10-15,424853.0,-0.10707888428503608,0.08124221561771015,0.9808616156647123,0.7613339202029878,-0.0791658020336169,0.6837847443704058,0.3750756143889769,0.0630023855539914,0.0028460492269990895,-0.026561655763641334
2009-10-16,441666.0,-0.1050102227979525,0.08116382753661891,0.9804512912472321,0.7360358279786082,-0.07972676958172942,0.6802946117654517,0.26361549224979963,0.03881071357673349,0.0020686614870835812,-0.02529809222437962
2009-10-19,460886.0,-0.10567547241297295,0.08120597214363205,0.9738503664680637,0.7072052524919394,-0.032422864750777936,0.674711316898322,0.33861735873947135,0.04259678359544061,-0.0006652496150204579,-0.028830575486668786
2009-10-20,470162.0,-0.10320647655769491,0.08193912389106306,0.9615621849490176,0.6884180346348705,-0.08428687873378804,0.6543872112165594,0.31280069422879775,0.01992659225381921,0.0024689958552780444,-0.01878721785706894
2009-10-21,498878.0,-0.09452080220660751,0.08185244387612846,0.9701770773615994,0.6768869342805255,-0.0781016685061352,0.625732142928732,0.36164152357891105,0.05928426071488957,0.0086856743510874,-0.011531100354345014
2009-10-22,227899.0,-0.11390680811515728,0.10142122874498616,0.9508993018837292,0.7290817423507782,-0.0404748729286416,0.0,0.5101514267285069,-0.7834590285286733,-0.019386005908549775,0.052194808070252674
2009-10-23,243949.0,-0.11497844248907378,0.09880873234769733,0.9545355791579387,0.7194331602097159,-0.04566181392235602,0.0,0.24920372700851406,0.0680566387002024,-0.0010716343739164969,-0.009648582141062234
2009-10-26,260121.0,-0.11270493701864234,0.09740038150636066,0.9512496107580702,0.6968833735069448,-0.04804131239893583,0.0,0.4060072043395189,0.06418772032028919,0.002273505470431439,-0.02254978670277108
2009-10-27,283059.0,-0.10780072274293306,0.09519098849700462,0.9529850667175395,0.6911385965470096,-0.046666335829413375,0.0,0.3756354682239392,0.08450844910647781,0.004904214275709279,-0.005744776959935249
2009-10-28,308440.0,-0.08977545106673905,0.0930719492263313,0.9107638438594216,0.5897873168201271,-0.044326017560509356,0.0,0.5242932174815199,0.08587197848520312,0.018025271676194013,-0.10135127972688251
2009-10-29,321810.0,-0.07043046854094119,0.09276045044367608,0.8315621018613467,0.44538702961374727,-0.021165927329726997,0.0,0.7915136260526398,0.04243397431268825,0.01934498252579786,-0.14440028720637982
2009-10-30,331498.0,-0.0686865607991542,0.09156133590888192,0.8367501463055584,0.4514356044380358,-0.019084260662009078,0.0,0.3924246903450398,0.0296604671477656,0.0017439077417869958,0.006048574824288555
2009-11-02,336076.0,-0.0703089014005108,0.09025580054787076,0.8485610397648151,0.478861924088599,-0.0184289956074698,0.6433247241695331,0.4523827943679406,0.013715548436971758,-0.0016223406013566033,0.02742631965056319
2009-11-03,347731.0,-0.06960964169667573,0.08945761392838818,0.8571683283917741,0.48795764542131703,-0.01678699646179882,0.6390945874828531,0.25029980070801855,0.034091867496881534,0.0006992597038350673,0.00909572133271802
2009-11-04,356601.0,-0.08679699177074583,0.08689914957897683,0.9110826946643448,0.592196881108017,-0.035762497589406195,0.6415545665884279,0.3905485402452601,0.025188317328520782,-0.0171873500740701,0.10423923568670002
2009-11-05,378796.0,-0.08072443352685368,0.08647860121378581,0.9158570840241185,0.592574895194247,-0.029317313473884554,0.6293387469772648,0.31606458357532813,0.06038029190649219,0.006072558243892148,0.0003780140862299497
2009-11-06,385400.0,-0.08515433762309353,0.08572430063559552,0.9122210690192009,0.5829735339906591,-0.035246983471904914,0.6255422937208095,0.3201141670991178,0.017283954386186906,-0.004429904096239848,-0.0096013612035879
2009-11-09,393851.0,-0.09145846549514414,0.08516170847636137,0.9388448931194792,0.6361898281329742,-0.04467472501227321,0.6238932997504132,0.31106941457556286,0.021690909203547548,-0.006304127872050605,0.0532162941423151
2009-11-10,405480.0,-0.09509156659424806,0.08507809675424725,0.9267682746374667,0.7185138601164053,-0.0518193873963092,0.6208074380980566,0.3084640426161586,0.029098885330384405,-0.003633101099103919,0.08232403198343108
2009-11-11,431295.0,-0.0988366712639725,0.0847080561979984,0.9548174683221461,0.6740606777263822,-0.06104021095296597,0.6246768453146918,0.417990006839866,0.06172076021360162,-0.0037451046697244417,-0.04445318239002305
2009-11-12,444301.0,-0.09688632966356013,0.08477517616413595,0.9473532582641048,0.6511193987859581,-0.06139151315420688,0.6175835750988632,0.2508187017359853,0.029709949943017122,0.001950341600412367,-0.02294127894042408
2009-11-13,452046.0,-0.09453533304061464,0.0847505748341115,0.9410900660552245,0.6376408595585406,-0.06074256127676392,0.6085641726726926,0.3142025369099605,0.017281683894712074,0.002350996622945495,-0.013478539227417596
2009-11-16,477551.0,-0.10384747832257885,0.08433864240918866,0.9499236730736612,0.7707407166983212,-0.07605599100694505,0.6034182736503536,0.4273658729643535,0.05488701593459311,-0.00931214528196421,0.13309985713978068
2009-11-17,473609.0,-0.09733838004748982,0.08566695363538751,0.942175929933764,0.6982933179056986,-0.06895066860980115,0.5719000272376581,0.7097479144188561,-0.008288873732510638,0.006509098275089026,-0.07244739879262263
2009-11-18,501545.0,-0.09736934243937477,0.08442866329232127,0.9354235412575143,0.674693198018124,-0.07296415847677706,0.5551665354055967,0.28549183024454433,0.057311247416388156,-3.0962391884950535e-05,-0.0236001198875746
2009-11-19,253051.0,-0.12113889518418827,0.09882339587881828,0.9734717507538007,0.739463586391676,-0.07216255711999253,0.0,0.3902691552295782,-0.6841022847435365,-0.023769552744813502,0.06477038837355198
2009-11-20,271711.0,-0.10933732806601996,0.09791737724481016,0.9310112582854577,0.6696600432076728,-0.06286240867789417,0.0,0.366312000618304,0.07114795200226887,0.011801567118168307,-0.06980354318400317
2009-11-23,279557.0,-0.10883623238902744,0.09791176399215402,0.9309514696466195,0.7314715782470123,-0.06337199091991175,0.0,0.19051213169407313,0.028467205959668007,0.0005010956769925246,0.06181153503933945
2009-11-24,292477.0,-0.10965409112541481,0.09658565057581739,0.9723636388502344,0.725940843211603,-0.06669985067197615,0.0,0.19052096404161695,0.04517982369918272,-0.0008178587363873724,-0.00553073503540924
2009-11-25,309364.0,-0.11113253642046801,0.09521211401236777,0.9657005986475479,0.7120867327808019,-0.07172353864144165,0.0,0.28859207923352426,0.05613254603370166,-0.001478445295053199,-0.013854110430801092
2009-11-26,324855.0,-0.10756927056302103,0.09501217202399907,0.960071416478121,0.7104831386310816,-0.06966647543144211,0.0,0.3039817764848933,0.04886035179205983,0.0035632658574469844,-0.0016035941497203332
2009-11-27,335410.0,-0.07958059470971793,0.09599293048929321,0.8182940282042873,0.5651501147848902,-0.03883506810254023,0.0,0.6591813004978981,0.031974735163394996,0.0279886758533031,-0.1453330238461914
2009-11-30,342570.0,-0.0910593087751456,0.09468125140575771,0.880853548179934,0.658455206235222,-0.0372200189654468,0.0,0.3572029074349768,0.021122352290927182,-0.011478714065427678,0.09330509145033183
2009-12-01,353207.0,-0.09687286342672304,0.09314228789415978,0.9280648458269514,0.6478920293199172,-0.04565557578998147,0.7425277528474804,0.28632501620862555,0.030578270951295394,-0.0058135546515774295,-0.01056317691530484
2009-12-02,365100.0,-0.09832958304489632,0.09251113070835398,0.9197261024376883,0.6362859490550534,-0.036159643222769544,0.7417775951794029,0.24286496850178033,0.033117001328628604,-0.0014567196181732855,-0.01160608026486376
2009-12-03,378613.0,-0.0970623864345329,0.09150325875029809,0.9177233745275519,0.7071970587380781,-0.037043880869315204,0.7434953369271525,0.26622963289691587,0.03634328655529728,0.0012671966103634247,0.07091110968302472
2009-12-04,397881.0,-0.09142077897276106,0.0903437888035132,0.9205491089044212,0.6277002420321653,-0.0327947917306568,0.7487062714731288,0.27454188563917353,0.04963839038476614,0.005641607461771836,-0.0794968167059128
2009-12-07,408278.0,-0.10311006185993883,0.08940799215428542,0.952189439548543,0.6768623339979132,-0.04830984973584174,0.7401770362351143,0.3888771866228403,0.025795349322644157,-0.011689282887177771,0.049162091965747834
2009-12-08,416244.0,-0.10090149108287975,0.0892796419805611,0.9501181999019805,0.6702390905334371,-0.0474609040625793,0.7258314834568186,0.24378970027195587,0.019323311852051717,0.002208570777059077,-0.00662324346447607
2009-12-09,434862.0,-0.10213474309920376,0.08815472273246644,0.9483767264097576,0.7498815716250212,-0.0509681407439897,0.7128698299690477,0.24297133343451485,0.04375711260133208,-0.0012332520163240018,0.07964248109158412
2009-12-10,441360.0,-0.08846503961224964,0.08881752312863664,0.9028321551567882,0.5954073771977524,-0.03619604814330979,0.6890406924052928,0.5266494471633134,0.014832129586492826,0.013669703486954121,-0.15447419442726884
2009-12-11,459556.0,-0.09941474839244871,0.08700564759908375,0.9432778594991688,0.7389502041100541,-0.0763392759782785,0.6705232876950796,0.3841816884122936,0.04039993700539135,-0.010949708780199074,0.1435428269123017
2009-12-14,478010.0,-0.09942284114370388,0.08648424529431892,0.9713374197192527,0.7212087613229848,-0.07918144345982225,0.6487081860212129,0.3812974623961842,0.03937084680515035,-8.092751255170394e-06,-0.01774144278706924
2009-12-15,496117.0,-0.09565160190974412,0.08617060174406317,0.9694023788743381,0.7002098295361779,-0.07782397196584878,0.6310225208972884,0.30221701735679285,0.0371801332299988,0.003771239233959764,-0.020998931786806896
2009-12-16,505851.0,-0.08862734220474831,0.08615669655171253,0.9313533036407954,0.6243043900278936,-0.006656690231694129,0.608681212451888,0.3111904493615709,0.01943037351584387,0.007024259704995803,-0.07590543950828432
2009-12-17,232504.0,-0.08808342394663322,0.07319406548329233,0.9540696074046038,0.6617907648900664,-0.10877699663014373,0.0,0.41628531122045215,-0.7773347303400655,0.0005439182581150892,0.03748637486217277
2009-12-18,244665.0,-0.0883462222779354,0.07197400375530731,0.9555024216786218,0.661058999039503,-0.11009423973029409,0.0,0.33347638607892427,0.05098249875361027,-0.0002627983313021748,-0.0007317658505633373
2009-12-21,263050.0,-0.08873545313597432,0.07097047437532146,0.9490249002090857,0.6366850408667554,-0.036889693050324524,0.0,0.3095647215358297,0.07245420024271176,-0.000389230858038922,-0.02437395817274768
2009-12-22,282774.0,-0.09343421531839557,0.06927541230031986,0.9729925665018707,0.7048102017865857,-0.04531568228105909,0.0,0.2743710525012908,0.07230386385386112,-0.004698762182421254,0.06812516091983034
2009-12-23,303291.0,-0.09612909416041657,0.068095653168747,0.9846912701003326,0.8117484528060509,-0.05081313674618748,0.0,0.25782829032183613,0.07004474863308374,-0.0026948788420209924,0.10693825101946519
2009-12-24,322972.0,-0.09854599433633049,0.06686022495502551,0.9783386795140137,0.7831669618418934,-0.05820778196631149,0.0,0.345841125546487,0.06287289149483222,-0.002416900175913922,-0.02858149096415752
2009-12-25,334376.0,-0.097203502894812,0.06666594141126975,0.9724172787520635,0.7666190157188315,-0.059276847298054935,0.0,0.17916058568796803,0.034700476141411585,0.0013424914415184896,-0.016547946123061874
2009-12-28,355874.0,-0.10110606124286844,0.06632178856589648,0.9773402945986501,0.8150356586881874,-0.06918904025943562,0.0,0.3157044347156578,0.062310627318836964,-0.003902558348056445,0.04841664296935588
2009-12-29,364078.0,-0.09868652076297713,0.06624446604254676,0.9751179692263746,0.8018336730041364,-0.06876604050495227,0.0,0.1849301523299952,0.022791394776280782,0.002419540479891319,-0.013201985684050954
2009-12-30,374284.0,-0.10264916370425677,0.06630715434474456,0.9842525996302273,0.8416683587863761,-0.07547569857056213,0.0,0.21996131279990597,0.02764673714154675,-0.00396264294127964,0.0398346857822397
2009-12-31,391321.0,-0.10562248606198961,0.0674133189940538,0.9755418186092747,0.7966503203252573,-0.08403770833562318,0.0,0.35402904520840944,0.04451332750263148,-0.002973322357732844,-0.04501803846111885
2010-01-04,414317.0,-0.1035803164694347,0.0679404998336178,0.9869640878843977,0.7606108366299235,-0.08624061112227932,0.7287294511207602,0.2861697685588571,0.057103186270047956,0.0020421695925549044,-0.03603948369533383
2010-01-05,437417.0,-0.0996486052987732,0.06869739300726993,0.9791297549020729,0.8059380408168864,-0.08663565287283526,0.7283987590788652,0.3267225553647892,0.054255592204574654,0.003931711170661503,0.0453272041869629
2010-01-06,472948.0,-0.1057346254481228,0.0685773248525569,0.9860386342684608,0.8260823600057512,-0.09938253666713903,0.7333279768600354,0.4089942234664276,0.07809847235948908,-0.0060860201493496,0.020144319188864834
2010-01-07,507353.0,-0.09242112814496126,0.06907441043013392,0.9583642946824006,0.7378235666291517,-0.08952074800119458,0.7284888430737573,0.3263920780994692,0.070221567911954,0.013313497303161545,-0.08825879337659948
2010-01-08,533142.0,-0.09535763177805674,0.06835459866644757,0.9543948891664885,0.723921581867495,-0.04599741573983496,0.7194856154645479,0.2933908789778333,0.04958079140822136,-0.002936503633095486,-0.013901984761656716
2010-01-11,551825.0,-0.0970307514230265,0.06857557724299666,0.9779132877270874,0.7726652471345082,-0.0509165263064314,0.7160712182304173,0.2931309744937254,0.03444316183368734,-0.0016731196449697588,0.048743665267013236
2010-01-12,565341.0,-0.09354659153892063,0.06878453374284332,0.9766035012496882,0.6727408767451857,-0.037231462794411696,0.7027563895065102,0.2764384681103971,0.024198121885264712,0.0034841598841058724,-0.09992437038932256
2010-01-13,572155.0,-0.08023785384846549,0.06903883466335804,0.9003941239699033,0.579807919182739,-0.023980791941985324,0.6860134054583111,0.3158724471515586,0.011980844780053346,0.013308737690455139,-0.09293295756244668
2010-01-14,590096.0,-0.08806842818152556,0.06879412861291231,0.938371044711369,0.6484283913126,-0.03497957775531424,0.6784862124128955,0.2626352322333993,0.030875301835440183,-0.007830574333060072,0.068620472129861
2010-01-15,609059.0,-0.09199099625581054,0.06875908788245952,0.9664827217067641,0.6980620925066373,-0.042706078457416474,0.6621443899523691,0.3197686923598535,0.03162990762064943,-0.003922568074284982,0.049633701194037316
2010-01-18,626851.0,-0.0884059017040166,0.06871383215358577,0.9644173814829999,0.689589711111572,-0.04051658587016749,0.6369599793252304,0.27593957734772695,0.028793729690056225,0.003585094551793941,-0.008472381395065343
2010-01-19,613073.0,-0.08023325826576781,0.06937437511849748,0.9280721871620509,0.6292317554353234,-0.030185477027518504,0.5994278006044957,0.43216713180975186,-0.02222485753272352,0.008172643438248792,-0.060357955676248576
2010-01-20,635282.0,-0.07578565874959688,0.06898529577628291,0.9390805972780591,0.619392647674576,-0.002545940666080382,0.5789743767334822,0.35223727415541445,0.035584979494093005,0.004447599516170936,-0.009839107760747368
2010-01-21,296720.0,-0.07853512535219019,0.08165367775064564,0.9078558910757617,0.560218387705581,-0.04033898179965967,0.0,0.479563224588838,-0.7612800616187734,-0.0027494666025933145,-0.05917425996899506
2010-01-22,324268.0,-0.058393658328111525,0.07921400300242458,0.8178790383263227,0.4477500092516067,-0.01605967219649551,0.0,0.7678864396116792,0.08878140119611011,0.020141467024078666,-0.11246837845397428
2010-01-25,356861.0,-0.05673507929956601,0.07610980079317513,0.779684527028731,0.44078226536382514,-0.009270937725057382,0.0,0.5007019539820826,0.0957760158412686,0.0016585790285455135,-0.006967743887781541
2010-01-26,344220.0,-0.028847866157682877,0.07880174477511816,0.594564522688978,0.36121085352390914,-0.052483217766992496,0.0,1.1164545929928533,-0.036065362376879406,0.027887213141883135,-0.079571411839916
2010-01-27,367062.0,-0.027194068162817057,0.07677078511382222,0.6411096762944679,0.27717933210193374,-0.047622826893544024,0.0,0.5934664988476062,0.064249783274132,0.0016537979948658202,-0.0840315214219754
2010-01-28,398847.0,-0.04481102476783876,0.07280526161228773,0.721910908192866,0.47861962105769884,-0.06427641274767437,0.0,0.48223754973711724,0.08304711358821315,-0.017616956605021706,0.2014402889557651
2010-01-29,398389.0,-0.04039855913990251,0.0735050406658507,0.7339309067268424,0.4232345772599143,-0.057645894739046355,0.0,0.74463903370826,-0.001148969816679113,0.004412465627936256,-0.05538504379778453
2010-02-01,400468.0,-0.0269643019369074,0.07494237644611507,0.6857077219653006,0.32993897140345796,-0.0697266458196838,0.683550246211932,0.5113941688224777,0.005204948303884294,0.013434257202995108,-0.09329560585645635
2010-02-02,392247.0,-0.01663311755967394,0.07678199924052681,0.6205809094779565,0.2647056574046455,-0.05782403114026169,0.6710108681519553,0.7155338345481291,-0.020742119791046676,0.01033118437723346,-0.06523331399881244
2010-02-03,403486.0,-0.033666759125763515,0.07492385416305718,0.706292163792548,0.3645107884784107,-0.0725995564376164,0.6678719955587059,0.5591569472051074,0.028250047301288106,-0.017033641566089577,0.09980513107376515
2010-02-04,413936.0,-0.033484524537044646,0.07423583500132047,0.7146756986587298,0.3680689768466623,-0.07186914946088852,0.6653830543852189,0.31124618298480927,0.025569581801539343,0.00018223458871886866,0.0035581883682516136
2010-02-05,368688.0,0.0024308468606093416,0.08655218739902275,0.5147740094605737,0.2002153582432843,-0.03017943065990747,0.5604359241418219,1.1041259818600009,-0.1157606145787291,0.03591537139765399,-0.167853618603378
2010-02-06,365949.0,0.00036545588742976947,0.08815349337784426,0.5275981079330726,0.2221429762070671,-0.029512524140875906,0.536085629418307,0.49864598618933237,-0.0074567784946779625,-0.002065390973179572,0.021927617963782814
2010-02-08,382729.0,-0.004257096553380965,0.08850499517593721,0.5532112800441044,0.24357966080438118,-0.02991734895813125,0.5233468067483781,0.3712835975324577,0.044833187502247185,-0.0046225524408107345,0.02143668459731407
2010-02-09,412463.0,-0.028264200979116288,0.08546029277371511,0.6415533029629324,0.27847831199404555,-0.04904741721278516,0.5163566186542793,0.5382761605283383,0.07481933785001971,-0.024007104425735323,0.03489865118966437
2010-02-10,447291.0,-0.039331063734648786,0.08196601524682091,0.7196366571203087,0.42063220587939393,-0.05937241327413656,0.5217252303310372,0.6705008596193529,0.08106288473000767,-0.011066862755532498,0.14215389388534838
2010-02-22,476913.0,-0.05275921235205111,0.07911614600892077,0.7654771415331517,0.47467567459893106,-0.0740789731271263,0.5110051518830478,0.47644329259214996,0.06412469480413385,-0.013428148617402325,0.054043468719537135
2010-02-23,270283.0,-0.09321738935313562,0.07762734293262927,0.892423866835872,0.729294850212555,-0.07863701457332994,0.0,0.48312324489516545,-0.5678645260933788,-0.040458177001084505,0.25461917561362396
2010-02-24,298598.0,-0.08179672226480103,0.07617734038583822,0.8988037428248012,0.638949356660125,-0.07034438428244527,0.0,0.4121293511677908,0.0996286289362267,0.011420667088334585,-0.09034549355243005
2010-02-25,317302.0,-0.06788754599927858,0.07572620171808904,0.8560235989688058,0.5824293575205955,-0.057487855057789417,0.0,0.5898040352723903,0.06075581459337798,0.013909176265522447,-0.05651999913952943
2010-02-26,327397.0,-0.06946489377366878,0.07490577756052613,0.8577506818938475,0.586544775914257,-0.05864633342746872,0.0,0.3763931862539974,0.031319500039423076,-0.0015773477743901976,0.004115418393661474
2010-03-01,354350.0,-0.08159343594539532,0.0724308963107212,0.8928968533935374,0.6114688866939466,-0.07624294810464849,0.8737745167207563,0.6010949626075913,0.07911162346444911,-0.012128542171726542,0.02492411077968959
2010-03-02,367571.0,-0.08195619559337325,0.07183708475165457,0.886351208337981,0.6859627119658515,-0.07865884316404348,0.8736407387960421,0.33313019797535715,0.03663137201534816,-0.0003627596479779255,0.07449382527190485
2010-03-03,372100.0,-0.08388920637935487,0.07186581582763898,0.9287422735823704,0.6636226820747111,-0.0825110885088447,0.8688766460628863,0.3660145122278957,0.012246138080964641,-0.001933010785981626,-0.022340029891140367
2010-03-04,398305.0,-0.07428887669962723,0.07102899336540382,0.8807948682542273,0.5593527573090973,-0.07527279452561497,0.86482218400472,0.4720703983128507,0.06805540810797339,0.00960032967972764,-0.10426992476561381
2010-03-05,413381.0,-0.0836268899736177,0.0700206191430848,0.9262544722665047,0.6338414199007695,-0.060819747830102355,0.862214276901938,0.46562130334969437,0.0371516424019287,-0.009338013273990461,0.0744886625916722
2010-03-08,440481.0,-0.09069147107781893,0.06924510348438517,0.9447444952222683,0.6749280899743689,-0.0466706259895624,0.8581527920614056,0.4112981036639492,0.06349762577987583,-0.007064581104201231,0.04108667007359945
2010-03-09,456880.0,-0.08888241373014169,0.06927288581482609,0.9370250393976537,0.6525958676238838,-0.04769135934337032,0.8437576606548766,0.25449571003326915,0.036553462714252305,0.001809057347677237,-0.022332222350485154
2010-03-10,470493.0,-0.08755788284726808,0.06969517432245295,0.9280605662570963,0.6321496812917514,-0.048730698231667535,0.8364566529151337,0.2958216168997201,0.029360306768564826,0.0013245308828736119,-0.020446186332132354
2010-03-11,485189.0,-0.08251842486679635,0.06990495228504538,0.923337091319053,0.624430891879247,-0.045119398786527376,0.8229267357668867,0.30907749351283725,0.030757424624251684,0.005039457980471729,-0.007718789412504368
2010-03-12,496010.0,-0.08098766176084735,0.06955610177897442,0.9229813915042036,0.6164976512570312,-0.04495549363540274,0.809177234329953,0.2886736154513014,0.022057582062590342,0.001530763105949004,-0.007933240622215898
2010-03-15,498754.0,-0.06776822186763373,0.07012993250819236,0.8806906811774943,0.5504838056436641,-0.030769150167912707,0.7813431070227006,0.4849665366092302,0.0055169004100239505,0.013219439893213614,-0.0660138456133671
2010-03-16,514387.0,-0.07428044706218881,0.0688401161984153,0.8848415687021639,0.6106102992493978,-0.038415308428289885,0.7628303203619065,0.33161996706759694,0.030862912220282368,-0.006512225194555077,0.060126493605733744
2010-03-17,560212.0,-0.08670788543688702,0.0681593442430026,0.9612682341684934,0.6660192926963364,-0.05706538359599589,0.7423868107073751,0.38506850977844104,0.08533938307536282,-0.012427438374698216,0.055408993446938615
2010-03-18,190044.0,-0.07243555171873244,0.04436028014463456,0.9368672517943213,0.6636673612426596,-0.08702896400611693,0.0,0.70321609732483,-1.0810596592200952,0.01427233371815459,-0.0023519314536768476
2010-03-19,207162.0,-0.0725754737531367,0.04459409986891241,0.9332840965041851,0.7389675712727237,-0.08836641592522576,0.0,0.34625076027456775,0.08624547158493101,-0.00013992203440425788,0.07530021003006415
2010-03-22,225055.0,-0.0642658787696187,0.04502051899202785,0.9307458176890093,0.6401235253604675,-0.08116151393954552,0.0,0.47550154406700584,0.08284372089466885,0.008309594983517993,-0.09884404591225626
2010-03-23,247317.0,-0.06008931515812667,0.0449911816307159,0.9297864683786395,0.6265925916940607,-0.07832567618252739,0.0,0.40432319654532445,0.09432609780564682,0.004176563611492032,-0.013530933666406786
2010-03-24,275028.0,-0.05936021653632193,0.04478661366991629,0.9298980467443315,0.6002806986924968,-0.07960284862918354,0.0,0.4162121674884012,0.10620199608243475,0.0007290986218047371,-0.02631189300156389
2010-03-25,291092.0,-0.06112785047061774,0.044755357583593836,0.9255767935910296,0.603523971802729,-0.0814100355953612,0.0,0.5368199744410702,0.05676645774371103,-0.001767633934295805,0.003243273110232203
2010-03-26,321959.0,-0.06335679157884548,0.04464787826366337,0.9164986846151219,0.5780549697321709,-0.08593018030027189,0.0,0.613441463043431,0.1007848398358302,-0.0022289411082277444,-0.025469002070558133
2010-03-29,338453.0,-0.0702729584941614,0.0444367119242218,0.9474048095304223,0.6638765205213132,-0.09404903459600245,0.0,0.4421766094553749,0.049961026609064874,-0.006916166915315922,0.08582155078914233
2010-03-30,356268.0,-0.07025945831901478,0.044607696592828115,0.9465767343685091,0.6480177843645795,-0.09572958295550738,0.0,0.2889706625349456,0.05129802176836229,1.3500175146619053e-05,-0.01585873615673372
2010-03-31,374026.0,-0.06408555031726226,0.04481788349287824,0.9436589969681252,0.6423189831722929,-0.09091597790925832,0.0,0.2845925149588531,0.04864205709255742,0.0061739080017525205,-0.005698801192286607
2010-04-01,392790.0,-0.07125752371258996,0.044878081222910156,0.9604725171211079,0.6996461213371012,-0.06403147849331536,0.8628045520507142,0.4775732579749994,0.04894980419297568,-0.007171973395327699,0.05732713816480839
2010-04-02,414714.0,-0.07038154117133558,0.044956401818766215,0.9586389656486157,0.6774041869818719,-0.06552885460002766,0.8636988382355069,0.21629122720718374,0.05431400811883513,0.0008759825412543859,-0.022241934355229365
2010-04-06,444264.0,-0.07315031637283181,0.04632335054203768,0.9359322384888265,0.6351088541948031,-0.07288943279375493,0.8599391352889273,0.42579862424144205,0.06882985429888677,-0.0027687752014962375,-0.04229533278706876
2010-04-07,463872.0,-0.0745888635450361,0.04659200496568247,0.9639232374448123,0.7038752069536424,-0.07655710940212612,0.8566242411699779,0.2344870998896247,0.04318967177485611,-0.0014385471722042908,0.06876635275883924
2010-04-08,493090.0,-0.06486686918696935,0.0472231096338838,0.9186882719179055,0.5821675556186497,-0.04438046068308188,0.8478168285708492,0.5030440690340506,0.06108306106199457,0.009721994358066754,-0.12170765133499262
2010-04-09,494806.0,-0.06856858765503165,0.04706978824835323,0.9197402618399939,0.5772565409473612,-0.04844643433106399,0.8407315190195753,0.2608658747064506,0.003474053394027621,-0.003701718468062304,-0.004911014671288516
2010-04-12,508132.0,-0.07020469522538564,0.04712393159982344,0.9587626837121063,0.6728546913006856,-0.051461303932739955,0.8287629985909173,0.2555930348807003,0.02657548978857527,-0.001636107570353984,0.09559815035332442
2010-04-13,510320.0,-0.059934794362307114,0.047613381620451235,0.9154471704028845,0.5662074776610754,-0.041063647221014854,0.8115358990437372,0.47707908763129014,0.004296723588753437,0.010269900863078524,-0.10664721363961027
2010-04-14,516359.0,-0.0675687864822503,0.047261161653084714,0.9170267197821671,0.5672042125730354,-0.03669571811246697,0.7947939321286159,0.3038777284796043,0.011764280069575861,-0.0076339921199431865,0.0009967349119600621
2010-04-15,535190.0,-0.0738101918883844,0.04758025815970146,0.953618341149872,0.6393131411274501,-0.057751280601668564,0.7863525103234366,0.3520973859750743,0.03581956403229647,-0.006241405406134104,0.07210892855441464
2010-04-16,536841.0,-0.06664549997081631,0.047990744641879114,0.9530643151324135,0.6335898338614226,-0.0384105666350657,0.771228352528961,0.32164830927593085,0.0030801372446997988,0.007164691917568092,-0.005723307266027433
2010-04-19,506181.0,-0.04047709259092877,0.049312486771481465,0.7745312447523712,0.40201825038869493,-0.00690329529857836,0.7141911687716449,0.8510216701140502,-0.05880764844500419,0.026168407379887543,-0.23157158347272772
2010-04-20,541540.0,-0.046239259960526934,0.048018260420184054,0.8656239612955645,0.4823226354470584,-0.025368271560246125,0.6972393544336521,0.5215976659157219,0.06752261976033935,-0.005762167369598163,0.08030438505836346
2010-04-21,579177.0,-0.056126999934101425,0.04724249524547316,0.8669543162107611,0.47812154142861335,-0.011329661486784937,0.6634983778706682,0.4361188375919624,0.06719119774268734,-0.009887739973574491,-0.00420109401844504
2010-04-22,238616.0,-0.0639415577286979,0.04432412061596928,0.9193264491903309,0.5789762631173099,-0.059996064516856684,0.0,0.6059945686793845,-0.88675256508537,-0.007814557794596479,0.10085472168869652
2010-04-23,266496.0,-0.06676383562828683,0.04410996817303126,0.9627048811239193,0.6845356027857828,-0.05058033277159335,0.0,0.3366917327089337,0.11050366885946872,-0.002822277899588929,0.10555933966847297
2010-04-26,288487.0,-0.08001790827923295,0.04499282326801519,0.9667645335838356,0.737371181370391,-0.06841510442331222,0.0,0.5443642174517396,0.0792907901619202,-0.013254072650946122,0.05283557858460819
2010-04-27,306450.0,-0.0775932539527034,0.044839994784176135,0.9669897209985315,0.7311404796867352,-0.06707715271947001,0.0,0.2685299396312612,0.06040458565742668,0.0024246543265295517,-0.006230701683655804
2010-04-28,331927.0,-0.07057760687365705,0.04434712246608592,0.9427343964184897,0.6473893356069256,-0.059586341729000014,0.0,0.6247699042259292,0.07986045528963004,0.007015647079046353,-0.08375114407980966
2010-04-29,345859.0,-0.0675767512403282,0.044558081388802226,0.9440725844925244,0.6467664568509133,-0.05637536394733089,0.0,0.23458114433916713,0.04111611232890766,0.0030008556333288444,-0.0006228787560123017
2010-04-30,371709.0,-0.06094767020721637,0.04487923231069988,0.9406040746928377,0.6426263555630883,-0.06299778242808507,0.0,0.5074426500299966,0.07208011253485758,0.006629081033111835,-0.004140101287824938
2010-05-03,381083.0,-0.05686582874909148,0.044772420795895065,0.8933618135681728,0.554519619085606,-0.05686120895302793,0.8257072606230139,0.5065983001078506,0.024905909085214617,0.004081841458124895,-0.08810673647748235
2010-05-04,400692.0,-0.05411958093456544,0.04445143239516957,0.8970930290597267,0.5516356702903976,-0.0417071734522626,0.8218382198796083,0.4945244726622942,0.05017585321130014,0.002746247814526037,-0.0028839487952083687
2010-05-05,399533.0,-0.03148049956933376,0.04590280342121385,0.7212395471713225,0.3949536083377343,-0.025581727708557933,0.776136138942215,0.8921015285345641,-0.0028966873327149756,0.022639081365231677,-0.15668206195266332
2010-05-06,395436.0,-0.019473130862463665,0.047305973590365126,0.6525531312273035,0.3220116529602768,-0.02367972473045643,0.7520180256729281,0.7464444309572219,-0.010307411415977796,0.012007368706870098,-0.07294195537745751
2010-05-07,386591.0,-0.02285044049877489,0.049099201853458854,0.6848917848578989,0.28307694695427466,-0.07494284468290369,0.7147812546075827,1.0309655423949342,-0.022621667005548574,-0.0033773096363112244,-0.03893470600600213
2010-05-10,396519.0,-0.03812353667306767,0.04783369576572515,0.7821037579535911,0.4115414393761711,-0.08672582073993473,0.6970813504523112,0.532801706853896,0.025356672593222385,-0.015273096174292781,0.12846449242189645
2010-05-11,424286.0,-0.03275858433080139,0.04721807125694135,0.802256025416818,0.41454349188990447,-0.07996908696132188,0.6827446580844053,0.6772742913977836,0.06768379692124782,0.005364952342266284,0.0030020525137333665
2010-05-12,446779.0,-0.03285092179820998,0.04685616978753409,0.8078244501196341,0.423419632525253,-0.052968024517605516,0.6819143245318156,0.4949964076198747,0.051656309053333516,-9.233746740859583e-05,0.008876140635348528
2010-05-13,484003.0,-0.05187598276003542,0.04545145806187496,0.8561909740228882,0.510804685094927,-0.07342704589238624,0.6640847267475615,0.6584236048123668,0.08002703984931614,-0.019025060961825435,0.08738505256967405
2010-05-14,503407.0,-0.05209475298153414,0.04472539492368433,0.864282777156456,0.5016279074387127,-0.07361302500086853,0.655864936323889,0.38919601833109196,0.03930788300299426,-0.00021877022149872222,-0.009176777656214385
2010-05-17,521259.0,-0.033687507496546545,0.0455293860527761,0.7471947726562035,0.4131957433828481,-0.026151772930177786,0.619227677603648,0.7114754853153614,0.034848051103478994,0.018407245484987594,-0.08843216405586457
2010-05-18,528251.0,-0.03271010664742688,0.045606142269408664,0.7537704613905132,0.417428457305334,-0.024428829446429323,0.6007504008511105,0.43718232431173815,0.013324510386437893,0.0009774008491196667,0.00423271392248592
2010-05-19,534770.0,-0.03182879266547688,0.04598997385971238,0.7877349140752099,0.32548011294575235,-0.10042914821223525,0.5645249359537745,0.5957383548067393,0.012265198380198683,0.0008813139819500021,-0.09194834435958166
2010-05-20,266748.0,-0.032908426185778474,0.04861649682586402,0.7732579063385667,0.45809902979591227,-0.08410477302634689,0.0,0.5650876482672785,-0.6955323554208661,-0.001079633520301597,0.13261891685015992
2010-05-21,274431.0,-0.01030216361368654,0.04996899536319258,0.6531878687174554,0.27945093666531845,-0.060476310877335515,0.0,0.7487200789998214,0.028395470734835726,0.02260626257209193,-0.17864809313059382
2010-05-24,282188.0,-0.023377249349499776,0.049602080217763,0.7289076785688974,0.38197230215317446,-0.07138457924844965,0.0,0.41151643585127645,0.027873652249665426,-0.013075085735813235,0.10252136548785601
2010-05-25,288547.0,0.005948057623397475,0.0508344966137602,0.5524784523838404,0.0,-0.04041138128548183,0.0,0.6500396815770048,0.02228446881001034,0.02932530697289725,-0.38197230215317446
2010-05-26,308121.0,-0.011881189128139374,0.05293359366423109,0.6437633267450125,0.37808847822770925,-0.05125325259684543,0.0,0.6200096715251476,0.06563457867698475,-0.01782924675153685,0.37808847822770925
2010-05-27,322880.0,-0.025100148002795537,0.05266229015072929,0.7215095391476709,0.3940256442021804,-0.061183240464106836,0.0,0.6062561942517344,0.04678817419697445,-0.013218958874656163,0.015937165974471146
2010-05-28,356948.0,-0.0344989103066196,0.05126626173287925,0.7416402389143517,0.5019778791308538,-0.06789558237335713,0.0,0.5395407734459922,0.10030937574189558,-0.009398762303824061,0.1079522349286734
2010-05-31,376204.0,-0.04572157535600529,0.05007539189670449,0.8061982328736537,0.6216813218360251,-0.07783856207909423,0.0,0.2995077138999054,0.05254143654547683,-0.01122266504938569,0.1197034427051713
2010-06-01,397617.0,-0.035885525547826286,0.0500547658137035,0.7651282515586607,0.505637334419806,-0.06712962645400877,0.8628051617511324,0.44606493183138546,0.055357680955003374,0.009836049808179002,-0.11604398741621913
2010-06-02,408540.0,-0.02464604953971212,0.050747193703677855,0.7059602486904587,0.42014490625152984,-0.054992488580001164,0.8600602144220885,0.5372252411024624,0.027100598315310975,0.011239476008114167,-0.08549242816827612
2010-06-03,434928.0,-0.04726941291408976,0.04810197767909392,0.8408081337600707,0.5066355810616929,-0.07612210405038933,0.863731468197035,0.47191949012250306,0.06259067142488384,-0.02262336337437764,0.08649067481016309
2010-06-04,457050.0,-0.04625446393823732,0.04774033227239564,0.85003172519418,0.5134514823323487,-0.07414845484907939,0.8597090033913138,0.269421288699267,0.0496122939520145,0.0010149489758524421,0.006815901270655789
2010-06-07,449394.0,-0.023983863671238226,0.049639436476549594,0.7393000351584579,0.2710628090272678,-0.04999140801052837,0.8495729805026324,0.691039488733717,-0.016892785572572677,0.02227060026699909,-0.2423886733050809
2010-06-08,457956.0,-0.02461161202330135,0.04947991797512128,0.7539086724488816,0.28543135148354865,-0.07717991775715571,0.838287957795072,0.36684310283083965,0.018873101102927947,-0.0006277483520631226,0.01436854245628083
2010-06-09,462522.0,-0.013265718656918073,0.04948485569303454,0.6926870505619193,0.2744085686734901,-0.0384166681986009,0.8333095506808325,0.5764396071970631,0.00992101375856258,0.011345893366383275,-0.011022782810058529
2010-06-10,456764.0,-0.02856698428305349,0.04911383193757642,0.7582734190960758,0.4636376772250002,-0.05315820473225963,0.8266194358574669,0.551516757012374,-0.012527277259376746,-0.015301265626135417,0.1892291085515101
2010-06-11,457450.0,-0.040515769463166935,0.04810320299353813,0.7916428024920756,0.514672641818778,-0.06842806826230319,0.8116187561482129,0.6350858017269647,0.0015007429961748642,-0.011948785180113445,0.05103496459377782
2010-06-14,460404.0,-0.05112751295883064,0.04752345204635115,0.8389675154863989,0.6195667283516216,-0.07951376668381294,0.7970673582332038,0.45006125055386137,0.006436775781748949,-0.010611743495663704,0.1048940865328436
2010-06-15,483877.0,-0.0574471892548333,0.04711532118395667,0.8923858749227593,0.5900859102623187,-0.08774547025379464,0.7705222608224818,0.5719449364197926,0.04972637728086582,-0.006319676296002663,-0.029480818089302918
2010-06-17,517378.0,-0.06345109271563557,0.04743699331402385,0.9338530049596233,0.6396870373305398,-0.09523695478047522,0.7337594563355999,0.3721766290797057,0.06694300636597994,-0.006003903460802262,0.04960112706822106
2010-06-18,165131.0,-0.06801762207837839,0.04841086762177582,0.9087633454651156,0.7085647152866512,-0.11919082997580444,0.0,0.5145793339833223,-1.1420346502627812,-0.004566529362742822,0.06887767795611144
2010-06-21,198753.0,-0.08367498366970556,0.04595122655701959,0.9560207896233013,0.7862774398373861,-0.13562332035895208,0.0,0.7225752567256847,0.18532374946878782,-0.015657361591327176,0.07771272455073486
2010-06-22,221616.0,-0.08034364202771793,0.045817828867852003,0.9549175149808679,0.7789645151974587,-0.1330254259997794,0.0,0.3493971554400404,0.10888330667259716,0.0033313416419876313,-0.007312924639927387
2010-06-23,239264.0,-0.07686483986994463,0.04537880493390551,0.9365888725424636,0.7865036110739602,-0.12953449878992107,0.0,0.38454176140163165,0.07662139038476212,0.0034788021577732975,0.007539095876501478
2010-06-24,252781.0,-0.07760170820327704,0.04514150073131868,0.9390381397336034,0.7862022857730605,-0.13042218003159467,0.0,0.3084290354100981,0.054955956402828576,-0.000736868333332405,-0.0003013253008996575
2010-06-25,258208.0,-0.0645526364175001,0.04544019406760423,0.9058820795637625,0.7065621514437973,-0.117022600207901,0.0,0.513469760812988,0.021241960445761876,0.013049071785776939,-0.0796401343292632
2010-06-28,267377.0,-0.06768407208813887,0.045062100326554354,0.9418349371860706,0.7002397364021588,-0.12009268357066394,0.0,0.27124621788710324,0.034894185839400294,-0.0031314356706387686,-0.006322415041638552
2010-06-29,285381.0,-0.05765446677176611,0.045209262631337496,0.9069559641321602,0.6167334195338863,-0.11093988471853833,0.0,0.5754377481331974,0.06516548209059003,0.010029605316372758,-0.08350631686827248
2010-06-30,288969.0,-0.04800411008215576,0.045413711250314646,0.8664528028958124,0.5291709491329519,-0.09951332788493417,0.0,0.6348154992404029,0.012494286326903747,0.009650356689610354,-0.08756247040093434
2010-07-01,311559.0,-0.04028090856045929,0.04510933023319518,0.830112434562956,0.4412743653689991,-0.09016468019288515,0.8261356596984841,0.5496230248524356,0.07526931046896657,0.00772320152169647,-0.08789658376395282
2010-07-02,322050.0,-0.051027282939936296,0.044107128568103685,0.8837789163173421,0.5555876416705481,-0.0996816146801005,0.8253749417792269,0.5168824716658904,0.033118086600943286,-0.010746374379477008,0.11431327630154897
2010-07-05,330359.0,-0.06454110125836174,0.04380787070828045,0.9217427102031427,0.6660330125711725,-0.1128984564433142,0.8225687812349596,0.516238395200373,0.025473128944188517,-0.013513818318425443,0.11044537090062445
2010-07-06,360374.0,-0.07492597686813059,0.04293932383433168,0.9546249174468746,0.7150460355075561,-0.12565178684980283,0.8298378906358395,0.7076481655169352,0.0869624391303585,-0.010384875609768848,0.04901302293638354
2010-07-07,380860.0,-0.07196406304645013,0.04306587457298984,0.9511421519718531,0.7080239458068581,-0.12402481398799647,0.83236097253584,0.3428241348527018,0.05528947246322424,0.0029619138216804564,-0.007022089700697953
2010-07-08,387217.0,-0.07661555300740136,0.0442168955845024,0.9592424919360462,0.7616065410351301,-0.13258902462264344,0.8215238483847558,0.5511250797356521,0.016553405866634563,-0.00465148996095123,0.05358259522827202
2010-07-09,401835.0,-0.07922103320158008,0.04420012547387619,0.962693642913136,0.7296079236502545,-0.1369446533067442,0.8164893550835542,0.3723543245361902,0.03705629720378312,-0.002605480194178722,-0.03199861738487564
2010-07-12,425238.0,-0.07503821327715302,0.04549154330072926,0.9566971907496508,0.6915985871441405,-0.13607476880182734,0.8170248190425127,0.5039389706470259,0.0566074555818421,0.004182819924427067,-0.038009336506114044
2010-07-13,435401.0,-0.06918624704091943,0.04563123428887149,0.9218306802235181,0.6815303593698683,-0.13128404116134162,0.8128047478071938,0.31088812382148867,0.023618433353510326,0.005851966236233588,-0.010068227774272187
2010-07-14,457687.0,-0.07943980985379238,0.04698884328503818,0.9688105626771134,0.7185369040414082,-0.1444693182068596,0.8079692016596495,0.4667360008040429,0.04991809883580167,-0.010253562812872957,0.037006544671539965
2010-07-15,476020.0,-0.07626987934436785,0.04757730152718389,0.9679572286878703,0.7004159489097097,-0.14336000166136242,0.8043338515188437,0.2591361707491282,0.03927432578321799,0.0031699305094245317,-0.018120955131698535
2010-07-16,490410.0,-0.07009860895452705,0.048375667232628275,0.9271792989539365,0.61191248139312,-0.13889494126872082,0.7935788421932669,0.3831630676372831,0.029781905775765338,0.006171270389840805,-0.08850346751658966
2010-07-19,508277.0,-0.06753565617757666,0.04847552246861657,0.932782714936934,0.5999366487171365,-0.019586056160725174,0.7800569374573313,0.350037479563309,0.03578479862909134,0.0025629527769503863,-0.011975832675983566
2010-07-20,523218.0,-0.0740338326010456,0.04880442398652985,0.9611615043824945,0.6715346184573161,-0.14419420048936527,0.7617379371504803,0.41898405635891733,0.028971628660602988,-0.006498176423468935,0.07159796974017962
2010-07-21,543630.0,-0.07236998972950316,0.04890473077001285,0.9626547467946949,0.6683442782775049,-0.1430007180615196,0.7312878244394165,0.3604639184739621,0.03827066517125566,0.0016638428715424342,-0.003190340179811235
2010-07-22,175299.0,-0.0787792238455632,0.04819034817640603,0.9419334964831516,0.6971574281655913,-0.13909375269033208,0.0,0.49632912908801535,-1.1317757809878177,-0.006409234116060036,0.028813149888086476
2010-07-23,206035.0,-0.08602503178930285,0.04690583320220338,0.9603756643288761,0.7463198000339748,-0.14961823012361464,0.0,0.5258135753634091,0.1615529698659799,-0.007245807943739649,0.04916237186838346
2010-07-26,230499.0,-0.08771887848884856,0.046682984872508625,0.9628675178634181,0.7289315788788672,-0.15248251995197404,0.0,0.3451077878862815,0.112200466762161,-0.0016938466995457119,-0.01738822115510763
2010-07-27,248054.0,-0.08207738751594566,0.0463179551261857,0.9640683077071928,0.7270674933683795,-0.14816836839394887,0.0,0.3421190547219557,0.07339994036563269,0.005641490972902896,-0.0018640855104876675
2010-07-28,277232.0,-0.08381585403416852,0.04598842614398168,0.9659022046516996,0.7045218445201131,-0.1521951081657742,0.0,0.4014435562994171,0.11120823637035926,-0.0017384665182228615,-0.022545648848266375
2010-07-29,308373.0,-0.08469784510212013,0.045847440134046576,0.9682138189789637,0.7879353899336193,-0.06398136168914181,0.0,0.35239466490256927,0.10645538844994462,-0.0008819910679516013,0.08341354541350621
2010-07-30,329544.0,-0.07961846205076764,0.04572925062565587,0.9695852450659093,0.6979219770349331,-0.09801137278803396,0.0,0.31435255990095406,0.06639979146912545,0.005079383051352485,-0.09001341289868625
2010-08-02,357168.0,-0.09113508403345894,0.04845468361526568,0.9836659499171259,0.8080231151726919,-0.05203446044329396,0.7943460780361062,0.5736292165031581,0.08049637863545378,-0.011516621982691294,0.11010113813775879
2010-08-03,387506.0,-0.09183382460914016,0.049636861186059464,0.9786867816240264,0.7570566649290592,-0.05749648446188704,0.7964599257817944,0.29631541189039656,0.08152507322148139,-0.0006987405756812282,-0.050966450243632666
2010-08-04,413381.0,-0.0906419817072255,0.05011246106295972,0.9758939090088804,0.7277886501798583,-0.046742241610704616,0.7999545213737448,0.2593902477375593,0.06463835331798329,0.0011918429019146665,-0.029268014749200932
2010-08-05,435944.0,-0.08418276673312214,0.0509833853062092,0.9744003817004019,0.7028379791899877,-0.04244127078122939,0.7954966692969739,0.34922604738223256,0.053144108870412765,0.006459214974103358,-0.024950670989870583
2010-08-06,461032.0,-0.08580634265638543,0.05051732035074953,0.9733792882055909,0.6985133352999358,-0.04562178996144817,0.7973611376216835,0.24993926668864633,0.055953660171397246,-0.0016235759232632874,-0.004324643890051938
2010-08-09,491084.0,-0.08958448328712325,0.05170338643843104,0.9891892222104569,0.7482976435803244,-0.04163176505291555,0.8044957685446888,0.37986169372245887,0.06314773768754911,-0.0037781406307378224,0.0497843082803886
2010-08-10,523232.0,-0.08119545989695326,0.05156987669771885,0.9576191823130084,0.6634552168063116,-0.07230272015886186,0.7922240994434591,0.26458435263898233,0.06340976776033713,0.008389023390169989,-0.08484242677401277
2010-08-11,552173.0,-0.07112653276647059,0.0509688358849945,0.9145557642260669,0.657011480097723,-0.024702882699622397,0.7784064052389378,0.4616741492249712,0.053836442620683655,0.010068927130482672,-0.006443736708588554
2010-08-12,567557.0,-0.06433848722109466,0.050375652098480765,0.9273165514653153,0.5800738956615811,-0.016576434361585735,0.7592435649635191,0.37654720142646464,0.027479781867519648,0.006788045545375931,-0.07693758443614196
2010-08-13,589658.0,-0.07033961678010782,0.050347992295867096,0.9163481204359137,0.5635164790437847,-0.06229170837778997,0.7535605384816283,0.3854149354371517,0.03820152297403823,-0.006001129559013163,-0.016557416617796417
2010-08-16,606999.0,-0.07413834506717447,0.05087772906072679,0.9585979548565978,0.641679805073814,-0.055560732481910846,0.7370424003993417,0.3514239726918825,0.028984435797266173,-0.0037987282870666494,0.07816332603002929
2010-08-17,635431.0,-0.07091968860816669,0.05112917592834266,0.9559794847906382,0.6214789646712231,-0.054354445605837354,0.7221586608144708,0.2502820919974002,0.04577636519856476,0.0032186564590077765,-0.020200840402590847
2010-08-18,664378.0,-0.06892046264514753,0.051099873295171676,0.9563636965703259,0.6148563016836801,-0.0030413548541791124,0.6972627028589147,0.30539542248539236,0.044547755797877286,0.0019992259630191578,-0.006622662987542993
2010-08-19,240970.0,-0.07654017844336024,0.0516737328304475,0.9595551313441507,0.6627463999668008,-0.041485999389577866,0.0,0.42046727808440887,-1.014178820193715,-0.007619715798212703,0.04789009828312074
2010-08-20,267979.0,-0.0757530581309161,0.05029425013879186,0.963213535388967,0.666414159318454,-0.04128891137094426,0.0,0.309852637706686,0.10623617481732595,0.0007871203124441423,0.0036677593516531992
2010-08-23,296473.0,-0.07706068852101837,0.05026096167013939,0.9566368606922047,0.630991692329487,-0.04713306159908626,0.0,0.4513766852293464,0.10104753266500843,-0.001307630390102274,-0.035422466988967005
2010-08-24,332001.0,-0.0753748014013366,0.05151254636968067,0.9599609639730001,0.6458534763449507,-0.04289830542626294,0.0,0.3737729705633417,0.11318182906340013,0.0016858871196817754,0.014861784015463675
2010-08-25,371702.0,-0.05321494164858505,0.05011189577307741,0.8791774055560637,0.47405717483360327,-0.030629522113279295,0.0,0.6782879833845392,0.1129544770119324,0.022159859752751546,-0.17179630151134745
2010-08-26,386400.0,-0.04854911376871012,0.049568801430638486,0.8213069358178053,0.4888069358178054,-0.02467443632684585,0.0,0.42556677018633543,0.0387806443662857,0.004665827879874927,0.01474976098420211
2010-08-27,404713.0,-0.05363661665210028,0.04848433203739382,0.8980858040142027,0.501713559979541,-0.028863472447561822,0.0,0.33482986709100027,0.04630507158745978,-0.00508750288339016,0.012906624161735658
2010-08-30,427551.0,-0.05531471249455844,0.047358322844212875,0.9110024301194477,0.4884563478976777,-0.031157960006200525,0.0,0.4582026471695774,0.054895405581136814,-0.0016780958424581563,-0.013257212081863312
2010-08-31,447581.0,-0.04186486133218029,0.04694108121008128,0.8607581644439778,0.4092041440543723,-0.01526729584521569,0.0,0.5787779195274152,0.04578394741500702,0.013449851162378144,-0.07925220384330545
2010-09-01,460184.0,-0.04890749450497272,0.04597999164328325,0.8649779218747283,0.4103402117413904,-0.021941120855475504,0.8335274585817847,0.3240247379309146,0.02776888258250132,-0.007042633172792426,0.0011360676870181274
2010-09-02,491362.0,-0.054059943516414355,0.0448416210753821,0.9300332545048253,0.503034422686329,-0.028600589056602788,0.8284075691648927,0.4550779262539635,0.0655547175151554,-0.005152449011441636,0.09269421094493863
2010-09-03,507795.0,-0.06542407703643953,0.04492029982959431,0.9622642995697083,0.5853858348349236,-0.04217128276253124,0.8223062456306186,0.4748825805689304,0.03289669580625976,-0.011364133520025174,0.08235141214859454
2010-09-06,553471.0,-0.06889603919086296,0.04522768539555254,0.9494806412621438,0.5449698358179561,-0.04954409798566706,0.8155928675576498,0.4533932220477676,0.08613153409292984,-0.0034719621544234275,-0.04041599901696746
2010-09-07,575757.0,-0.0670449591329997,0.04533991765058855,0.9467118940803151,0.5353456406087985,-0.048754502562021185,0.8107986529039161,0.22835675467254415,0.03947633976278375,0.0018510800578632608,-0.009624195209157582
2010-09-08,592042.0,-0.06281441466185632,0.04559941464025868,0.9478770087257323,0.5299370652757743,-0.03200867116442996,0.7972914083798109,0.3850199816904882,0.027891881631809667,0.004230544471143377,-0.00540857533302419
2010-09-09,610563.0,-0.060139955637451066,0.0457909841813228,0.9447444407866182,0.5231663235407321,-0.030060468072398372,0.7865314472052843,0.29436438172637386,0.030803904016401873,0.0026744590244052527,-0.006770741735042218
2010-09-10,641144.0,-0.06503162894918124,0.04545872460322564,0.9347463284379173,0.5069734724180527,-0.049442910174889776,0.7773979012515129,0.3635220792832811,0.04887259834701574,-0.0048916733117301756,-0.01619285112267943
2010-09-13,717430.0,-0.08062003215147381,0.04805674919452273,0.9516621830701253,0.6914500369374016,-0.0730784917133217,0.7606149728893411,0.7024685335154649,0.11242130122196059,-0.015588403202292572,0.1844765645193489
2010-09-14,766032.0,-0.08119877966724767,0.04908441501902532,0.9879078158614784,0.7405199782776699,-0.07778570198952373,0.753246600664202,0.2940973745222132,0.06554856242615514,-0.0005787475157738586,0.04906994134026832
2010-09-15,800028.0,-0.08287554764352129,0.05038973229620428,0.9845992890248841,0.7277470288539901,-0.08131242482073342,0.7250921217757379,0.21662491812786552,0.04342278273050226,-0.0016767679762736132,-0.012772949423679791
2010-09-16,260839.0,-0.08113575054363226,0.05101601194668083,0.9497697813593826,0.6856183316145208,-0.0740454952313343,0.0,0.46549404038506514,-1.1207433683056163,0.0017397970998890289,-0.042128697239469326
2010-09-17,301354.0,-0.08173527344711758,0.05132764263247771,0.9621209607305694,0.7225654877652197,-0.04392197913053286,0.0,0.4822368377390046,0.1443822946932567,-0.0005995229034853194,0.03694715615069888
2010-09-20,319725.0,-0.08306058879473453,0.05129654205134314,0.9595683790757682,0.7057658925639221,-0.047265407428398354,0.0,0.26919071076706547,0.05917559787630111,-0.0013253153476169566,-0.01679959520129759
2010-09-21,345641.0,-0.08090661144589266,0.05156673012643413,0.9516810795015638,0.6737713407842241,-0.04836269581767605,0.0,0.33360914937753333,0.0779394128332882,0.0021539773488418734,-0.03199455177969801
2010-09-23,370040.0,-0.07952415056106303,0.0508259453647911,0.9765403740136201,0.6692627824019025,-0.06126638821633312,0.0,0.3078964436277159,0.06821044375044671,0.0013824608848296283,-0.004508558382321559
2010-09-24,389369.0,-0.0751240359507783,0.050171799923693146,0.9526618708731306,0.6736668815442421,-0.05713746935696773,0.0,0.3415372050676864,0.05091637221008227,0.004400114610284736,0.004404099142339635
2010-09-27,411515.0,-0.07681983704441964,0.04976840519484861,0.949423471805402,0.6640559882385818,-0.06000581087316914,0.0,0.22738174793142413,0.05531799134442572,-0.0016958010936413415,-0.00961089330566034
2010-09-28,430290.0,-0.07568382255971928,0.049415317816591774,0.9495851634943875,0.6555021032327035,-0.05976477024070015,0.0,0.2300936577656929,0.04461392851660406,0.001136014484700354,-0.008553885005878281
2010-09-29,458642.0,-0.07896682943884319,0.049639150272913955,0.9708574443683745,0.7324819794087764,-0.06563490108471293,0.0,0.369852739173473,0.0638105493350345,-0.0032830068791239037,0.07697987617607283
2010-09-30,479306.0,-0.07756841568437574,0.04967193253062324,0.9707681522868481,0.7194026363116672,-0.06528215125919856,0.0,0.20134527838166014,0.044069275033757904,0.001398413754467448,-0.01307934309710912
2010-10-01,504699.0,-0.07738358647416835,0.049490870602305614,0.969988052284629,0.7141424888894172,-0.06600777760796106,0.8265104547462944,0.19454764126736926,0.05162298762615691,0.00018482921020739063,-0.0052601474222500055
2010-10-04,533515.0,-0.07586102033309129,0.049503781196109556,0.965596093830539,0.7016747420409923,-0.06622524587380707,0.8277030636439463,0.22163575532084384,0.05552497459105865,0.0015225661410770558,-0.012467746848424888
2010-10-05,542936.0,-0.07112882023404025,0.049631514332306365,0.9685856159842045,0.6062169390130697,-0.06102484869695857,0.812106767648489,0.31543865206948885,0.01750426270714911,0.004732200099051037,-0.09545780302792262
2010-10-06,574654.0,-0.0776746735789758,0.049617819685473935,0.9568679588065166,0.6814030703693005,-0.07050071040302852,0.8170742742589454,0.28145109927016954,0.056776671281877356,-0.006545853344935543,0.07518613135623076
2010-10-07,600652.0,-0.07648020449980801,0.04931323910309846,0.955563287893822,0.6730053342034988,-0.07048836782586021,0.8158251366848025,0.17245426636388458,0.04424761133870625,0.001194469079167787,-0.00839773616580164
2010-10-08,626409.0,-0.07141780476961702,0.0489858351136032,0.9558930347424766,0.674062792839822,-0.06600891051758884,0.8077645755409006,0.24565738998002903,0.04198778050149876,0.005062399730190986,0.0010574586363231164
2010-10-11,641362.0,-0.06390019679009294,0.04876008713261287,0.9155625060418298,0.5748687948459684,-0.058306713172454616,0.7969586598520024,0.2692535572734275,0.023590527713819753,0.0075176079795240824,-0.09919399799385353
2010-10-12,640942.0,-0.05538924746712311,0.04863433296131194,0.8717512661052014,0.45142774229181426,-0.04823354618292208,0.7786320759132651,0.4705651993472108,-0.0006550708958545925,0.008510949322969835,-0.12344105255415416
2010-10-13,655877.0,-0.056933899573429786,0.04819027782610758,0.9337756926984785,0.5814901269597805,-0.050163692568826135,0.7798276201177965,0.32141239897114854,0.023034302156331066,-0.0015446521063066793,0.13006238466796627
2010-10-14,685880.0,-0.06703132052879551,0.04829643115904967,0.9639878695981804,0.6596460022161311,-0.06274154185102465,0.7787659648918178,0.47571732664606053,0.04472941394688412,-0.010097420955365727,0.0781558752563506
2010-10-15,710917.0,-0.06554888231124839,0.048245563103576285,0.9632685672167074,0.5388744396321934,-0.049394903294212145,0.7731057212023345,0.2761588202279591,0.035853000688142345,0.0014824382175471218,-0.12077156258393773
2010-10-18,703170.0,-0.05146387064397643,0.048488755914016766,0.8695863020322255,0.4542130636972567,-0.032322896480880936,0.7347071120781603,0.6027617788017122,-0.010957002653920966,0.014085011667271961,-0.08466137593493667
2010-10-19,721958.0,-0.049612020655549496,0.0480480779056858,0.8787117810177323,0.44860781375093844,-0.01817372856604893,0.7154446657561797,0.39744278753057655,0.026368282110761143,0.0018518499884269332,-0.00560524994631828
2010-10-20,761240.0,-0.05813906003656603,0.04716212183586926,0.9415217277074247,0.5514949293258368,-0.02764683148258007,0.6933398139877043,0.42919578582313067,0.05298171719319278,-0.008527039381016531,0.10288711557489832
2010-10-21,280910.0,-0.07400519961646002,0.05440238543878219,0.9461179737282404,0.6785696486419138,-0.04073553447633382,0.0,0.44109145277846995,-0.9969143493146877,-0.01586613957989399,0.12707471931607706
2010-10-22,307683.0,-0.07615854116251541,0.053152650817555186,0.9476051650562429,0.6628998027190323,-0.04506088349008219,0.0,0.290240279768463,0.09103569884881324,-0.0021533415460553984,-0.015669845922881565
2010-10-25,347063.0,-0.08385348345947025,0.05397599806625772,0.9791075395533376,0.7001178460394799,-0.061030603179494824,0.0,0.6510921648231013,0.12043628748054225,-0.007694942296954832,0.03721804332044765
2010-10-26,394449.0,-0.08319021564977978,0.053181009679486066,0.9754822549936747,0.7379154212585151,-0.06511027503736555,0.0,0.34107577912480447,0.1279835346988314,0.0006632678096904626,0.03779757521903515
2010-10-27,443032.0,-0.07277091417342944,0.05267656857776848,0.9497553224146337,0.5957538055941783,-0.04716416758331898,0.0,0.4656029361310244,0.11615214783698491,0.01041930147635034,-0.14216161566433672
2010-10-28,490854.0,-0.07734146225931947,0.051497715087996006,0.9742224775595187,0.6975373532659406,-0.05435088370311403,0.0,0.34394137564326666,0.10250472903507912,-0.004570548085890025,0.10178354767176223
2010-10-29,526152.0,-0.06896099282388528,0.05123042238056383,0.9440142772430781,0.5749251166963159,-0.04671000314947704,0.0,0.30398059876233485,0.06944341314258473,0.00838046943543419,-0.12261223656962472
2010-11-01,553784.0,-0.07543117824199254,0.051660491336269855,0.9625756612686535,0.6483610938560883,-0.057251111310003266,0.8100541005157246,0.42614448954827155,0.051184574646029546,-0.0064701854181072604,0.07343597715977246
2010-11-02,583277.0,-0.07061730609632437,0.05196470368420666,0.9620506208885315,0.6335257519154707,-0.05329811762111791,0.804261097214531,0.19575604729828194,0.05188748313455527,0.004813872145668169,-0.014835341940617641
2010-11-03,605472.0,-0.06494823420391677,0.0527857479864481,0.9202572538449342,0.5190677686168808,-0.03543568164554667,0.7895311426457375,0.39786976111199196,0.03734611699179169,0.005669071892407604,-0.11445798329858992
2010-11-04,619964.0,-0.07136116938821177,0.052371276060667285,0.9572910685136556,0.6187956074868863,-0.04281603522436994,0.788568368485912,0.2614619558555013,0.023653092687847987,-0.006412935184295004,0.09972783887000558
2010-11-05,656628.0,-0.07731663013149857,0.053092164903584,0.9737400780959691,0.6928367355641246,-0.05318048510297846,0.7918197213643037,0.37332096712293716,0.05745623624430962,-0.005955460743286803,0.07404112807723828
2010-11-08,669237.0,-0.07398725969200226,0.053541379815229835,0.9710296950108855,0.6812280253482698,-0.05107359161528624,0.7882663391294863,0.20531441029112257,0.019020609401117383,0.0033293704394963125,-0.011608710215854856
2010-11-09,680288.0,-0.07482728727726858,0.053930846046355986,0.9691204313467238,0.6698780516487135,-0.05276456581687794,0.7857554447528106,0.16288248506514888,0.016377980436026007,-0.0008400275852663147,-0.01134997369955626
2010-11-10,705546.0,-0.07433770270840953,0.05406728378023018,0.9647719638407701,0.6593673552114249,-0.05332501837141124,0.7838950259798794,0.21981557545503766,0.036455733233069054,0.0004895845688590444,-0.010510696437288636
2010-11-11,722996.0,-0.07181762969806112,0.05448671299277958,0.9616844353219105,0.6460270872867899,-0.05179004261018505,0.7776322413955264,0.20471344239802156,0.024431718488282073,0.0025200730103484142,-0.013340267924634941
2010-11-12,709694.0,-0.06144099566093451,0.055050553439679635,0.9257665979985741,0.5615434257581436,-0.025979882275840027,0.7432513167646901,0.5988792352760486,-0.01856979842125739,0.01037663403712661,-0.08448366152864628
2010-11-15,705860.0,-0.05447127175344699,0.055091297868772135,0.8854588728643074,0.4696257048139858,-0.01706782838732379,0.7250304592978778,0.4371745105261667,-0.00541697367289018,0.00696972390748752,-0.09191772094415784
2010-11-16,739383.0,-0.06126236220936132,0.05457213161325174,0.9385392956018734,0.4562872016262208,-0.013499418325571555,0.7135260074954388,0.42634872589713313,0.04639913707754317,-0.006791090455914334,-0.013338503187765027
2010-11-17,790231.0,-0.05472864368345553,0.05445777878399109,0.909725131005997,0.4554566955738259,-0.006727603524421255,0.682955996411176,0.4059812890154904,0.06650925315893197,0.006533718525905792,-0.0008305060523948748
2010-11-18,283561.0,-0.08397958278522913,0.06402110423245946,0.9327728425277101,0.6522511911017382,-0.03421883393996472,0.0,0.30027754169296905,-1.024898040211239,-0.0292509391017736,0.19679449552791234
2010-11-19,313719.0,-0.08402747607472842,0.062395767272035885,0.9625397250405617,0.6416219610543193,-0.03685475288100837,0.0,0.4208766443855807,0.10107041321251309,-4.7893289499292835e-05,-0.010629230047418892
2010-11-22,340808.0,-0.08781029268128052,0.061304918876387095,0.9576212999694843,0.6875044013051337,-0.044765854200224275,0.0,0.33095173822210744,0.08282158807444695,-0.0037828166065520946,0.04588244025081434
2010-11-23,370552.0,-0.08167716913550656,0.060603432808380084,0.9587102484941384,0.6869939981433105,-0.0394578700218402,0.0,0.27348658218009886,0.08367451690702055,0.006133123545773958,-0.0005104031618231586
2010-11-24,397290.0,-0.07680538990194545,0.06010355232735634,0.927239547937275,0.6069294470034483,-0.035801881391578805,0.0,0.32130433688237814,0.06967270684191185,0.004871779233561108,-0.08006455113986222
2010-11-25,427946.0,-0.08082492315878838,0.05845947486570214,0.9615816014170012,0.6770714062054558,-0.04191502025750926,0.0,0.23360657653068378,0.07433052679063401,-0.004019533256842928,0.0701419592020075
2010-11-26,510162.0,-0.07286214603259895,0.05648211693344721,0.9652032099607576,0.5552432364621434,-0.0375534608976017,0.0,0.33847679756626325,0.17573130294043082,0.007962777126189424,-0.12182816974331245
2010-11-29,523711.0,-0.07782428221826125,0.05637169810988666,0.9630616886030654,0.6509735331127282,-0.0438822206313485,0.0,0.48538411452117675,0.026211683118631868,-0.004962136185662297,0.09573029665058486
2010-11-30,579879.0,-0.07618926880574996,0.05696564940945012,0.9550820084879776,0.6206536191170917,-0.04448861030423479,0.0,0.4545189599899289,0.10187945562980616,0.0016350134125112936,-0.030319913995636494
2010-12-01,623090.0,-0.08705028359761657,0.05760951111859286,0.9801473302412171,0.6947872698968046,-0.06104498650839019,0.7701439599415815,0.46481246689884287,0.07187150954659138,-0.010861014791866616,0.0741336507797129
2010-12-02,670176.0,-0.08721661485798965,0.059810044409857814,0.9589480972162536,0.7001310103614573,-0.06822568039907895,0.7737609225039392,0.42071485699278993,0.07284939382302369,-0.000166331260373076,0.005343740464652691
2010-12-03,726953.0,-0.0865628339261202,0.05999927662503313,0.9783796201405043,0.6471711376113723,-0.037570689273319524,0.7743334163281532,0.2568295336837457,0.08132146174409982,0.0006537809318694493,-0.05295987275008496
2010-12-06,780337.0,-0.08916280257936529,0.06103165636405187,0.9839697464044381,0.6782595212068632,-0.046221485757098946,0.7820659535559636,0.32679086087164905,0.07086405145820684,-0.002599968653245091,0.03108838359549082
2010-12-07,803727.0,-0.08787735402845546,0.06107205946579299,0.983600152788198,0.6641384450192664,-0.034969710686216904,0.7766704366034736,0.21430162231703054,0.029533781620838084,0.0012854485509098262,-0.014121076187596726
2010-12-08,836620.0,-0.08597090236653948,0.06132051455877227,0.9821519925414166,0.6449427458105232,-0.034903185853519036,0.7713920298343334,0.17607874542803184,0.0401103057304546,0.0019064516619159838,-0.0191956992087432
2010-12-09,865310.0,-0.088175699349061,0.06225727084776038,0.9713189492782933,0.7190868012619754,-0.05184467616497446,0.7623083056939132,0.3472200714194913,0.03371785922175796,-0.0022047969825215175,0.0741440554514522
2010-12-10,883746.0,-0.08355629126728943,0.062491082212479815,0.9698544604445168,0.6197040778685279,-0.04803740868900985,0.7494619494741702,0.22641460329099086,0.02108186680217905,0.004619408081771567,-0.09938272339344756
2010-12-13,900646.0,-0.08456075603416947,0.06276452127523131,0.9697883519162912,0.6111180197325031,-0.049972586558371224,0.743541857733227,0.18732443157466974,0.01894259258918396,-0.0010044647668800422,-0.008586058136024755
2010-12-14,932175.0,-0.08333839092823597,0.06262251937731379,0.9708692037439322,0.6873880977284308,-0.02750779995949859,0.7342644889639821,0.28815833936760804,0.03440828167686405,0.0012223651059335011,0.07627007799592767
2010-12-15,973503.0,-0.0828950727436979,0.06247803355466131,0.976025754414727,0.6706317289212257,-0.029315804680068114,0.7160019024081077,0.22488785345294263,0.04338034117192002,0.00044331818453807736,-0.016756368807205102
2010-12-16,322882.0,-0.10085313801656978,0.0693539446970296,0.9673348158150655,0.7544458966433558,-0.054906515451709215,0.0,0.32917908090262077,-1.1036139750738112,-0.017958065272871887,0.08381416772213013
2010-12-17,371592.0,-0.09763063293680811,0.06866615742493222,0.9759871041357188,0.7197706086245129,-0.05873280486283583,0.0,0.36280651897780364,0.14050954678485184,0.00322250507976167,-0.0346752880188429
2010-12-20,404045.0,-0.08964636885264346,0.06777930737924637,0.9575913573983096,0.7125567696667451,-0.05345363975585937,0.0,0.34650843346656934,0.08372977971414208,0.007984264084164652,-0.0072138389577678375
2010-12-21,432420.0,-0.09191231010665714,0.06716610165189532,0.972279265528884,0.6777901114657047,-0.05978733069092046,0.0,0.29565006243929515,0.06787108026761679,-0.0022659412540136786,-0.03476665820104041
2010-12-22,458498.0,-0.09237441940332063,0.06711397942891713,0.9683553690528639,0.7457851506440595,-0.06325722392328192,0.0,0.25347111655885085,0.058558591472436916,-0.00046210929666348766,0.06799503917835481
2010-12-23,490330.0,-0.0912984566689786,0.06656366551567856,0.9603002059837252,0.7108029286398956,-0.05605992670979587,0.0,0.3098749821548753,0.06712270417684607,0.0010759627343420314,-0.0349822220041639
2010-12-24,508331.0,-0.08618751720781154,0.06631377383496076,0.9613873637452762,0.712586877447962,-0.05203642888580429,0.0,0.17395161813857507,0.03605417638524422,0.005110939461167058,0.0017839488080664267
2010-12-27,533861.0,-0.0864801220787922,0.06569875357381734,0.9584386197905447,0.6939840145655892,-0.05536356694717115,0.0,0.2601782111823115,0.04900269525196599,-0.00029260487098066446,-0.018602862882372784
2010-12-28,556349.0,-0.08191937611661755,0.06546901104052659,0.9564014674242247,0.6785291247040977,-0.053068733682345215,0.0,0.23123794596557198,0.04126028972152085,0.0045607459621746504,-0.015454889861491572
2010-12-29,576051.0,-0.07977194209514794,0.06499063696517617,0.955835507619985,0.6647970405398134,-0.052597743152481,0.0,0.17092583816363482,0.03480040327055711,0.0021474340214696075,-0.013732084164284286
2010-12-30,594596.0,-0.08281005182608685,0.06473186538574767,0.9777882797731569,0.6464708810688266,-0.05701786389849017,0.0,0.21063209305141642,0.03168598488682228,-0.003038109730938904,-0.018326159470986814
2010-12-31,632868.0,-0.08506351057228428,0.06558235254833839,0.9649689982745216,0.6896951655005468,-0.04151574254667034,0.0,0.3748206577042922,0.06237968626311918,-0.002253458746197437,0.04322428443172022
2011-01-03,665279.0,-0.0886708500547763,0.0658867290234021,0.9816783635136537,0.6646760231421704,-0.047123087321196966,0.7284808328535848,0.21594398740979348,0.049944631949097484,-0.0036073394824920196,-0.025019142358376323
2011-01-04,703311.0,-0.08374521878077339,0.0657617582465836,0.9535952089473931,0.6525861247726824,-0.04414600558618864,0.7209925623230691,0.19392132356809436,0.055592682201330845,0.004925631274002917,-0.012089898369488039
2011-01-05,708968.0,-0.06937882711432053,0.06653403791498222,0.9267597409191952,0.5603821329030365,-0.02784324763658519,0.7126287787319032,0.5521800701865246,0.008011207778674034,0.014366391666452857,-0.0922039918696459
2011-01-06,717586.0,-0.07340954489825494,0.06602835000010361,0.9275069469025315,0.5637261596519442,-0.04313868522752462,0.7067389832020134,0.28393809243770085,0.012082409556223084,-0.004030717783934407,0.003344026748907658
2011-01-07,731108.0,-0.06335507716570904,0.06609454528041818,0.8776897530870952,0.4677722032859714,-0.03219048313051076,0.6946511322540583,0.421345409980468,0.018668390576698002,0.010054467732545896,-0.09595395636597276
2011-01-10,755845.0,-0.06674324258312309,0.06566154207848522,0.938030945498085,0.4590425285607499,-0.03604948128121488,0.6925361681297091,0.2695102831929827,0.0332751370487685,-0.0033881654174140463,-0.008729674725221515
2011-01-11,777299.0,-0.07556966505371052,0.0661956209759705,0.9528379684008341,0.5365580040627866,-0.04829723580731271,0.6927167023243308,0.5321813098949053,0.027988761027069486,-0.00882642247058743,0.07751547550203675
2011-01-12,822838.0,-0.07505587422097239,0.0676754959866298,0.9376620914444884,0.6144745381229355,-0.029559397657557218,0.6974082383166553,0.35700101356524616,0.05693425074434799,0.0005137908327381285,0.07791653406014887
2011-01-13,859978.0,-0.07360468451221325,0.06789725048395805,0.9268771991841652,0.5914139664037917,-0.01956196702608637,0.6938851924118989,0.358896390372777,0.04414746704986783,0.0014511897087591402,-0.023060571719143774
2011-01-14,873570.0,-0.07352792341945653,0.06918623622074277,0.9249882665384571,0.5893849376695628,-0.019226504066309213,0.6863353823963735,0.23243930080016484,0.015681456216650957,7.676109275671361e-05,-0.0020290287342289437
2011-01-17,878253.0,-0.06828997268758481,0.0696603375906457,0.9214440485828116,0.49165445492358123,-0.014015544941283542,0.6710856666586963,0.3047572852014169,0.005346443282316926,0.005237950731871721,-0.09773048274598156
2011-01-18,925559.0,-0.07226654203093691,0.06850868960244083,0.91537762584557,0.5700825122979735,-0.020916777926123675,0.6555994809623158,0.4086362943907412,0.05246317228237629,-0.003976569343352096,0.07842805737439223
2011-01-19,982304.0,-0.07915493383100142,0.06740720536687939,0.9670631494934359,0.6331695686874939,-0.0314791294758322,0.6294517786754406,0.32170387171384823,0.05950295344193535,-0.006888391800064508,0.06308705638952039
2011-01-20,408014.0,-0.08787902313357908,0.08261410012067075,0.9437935953178077,0.6102511188341576,-0.046792512222669225,0.0,0.30440867225144236,-0.8785993452073253,-0.008724089302577662,-0.022918449853336242
2011-01-21,448259.0,-0.07964520886817025,0.0802473167674916,0.9178979116983708,0.6181069426380731,-0.03957616272706754,0.0,0.5700298265065509,0.09406970282415905,0.008233814265408826,0.007855823803915474
2011-01-24,482382.0,-0.0779119177153646,0.07897023162137304,0.921759103780821,0.622890157592945,-0.05004475965573629,0.0,0.2928032140502755,0.07336514091886848,0.001733291152805655,0.004783214954871884
2011-01-25,517359.0,-0.0795102550409085,0.07730608736546589,0.9183758280033787,0.6058075726913034,-0.054651171843285606,0.0,0.31091949690640347,0.07000069296243616,-0.0015983373255439026,-0.017082584901641606
2011-01-26,555799.0,-0.08268090632536972,0.07567673767096714,0.9466173922587122,0.6870865186875111,-0.05031036078267681,0.0,0.35999345086982887,0.07166969385202293,-0.003170651284461215,0.08127894599620777
2011-01-27,580708.0,-0.08560611542930062,0.07498862548946876,0.9588020140931415,0.6618920352397418,-0.0442007705719305,0.0,0.38873237496297625,0.04384133066134055,-0.0029252091039309036,-0.02519448344776931
2011-01-28,638476.0,-0.08634487393824726,0.07319875108793931,0.9593704383563361,0.6378563955418841,-0.07056591601196238,0.0,0.33467193755129404,0.09483603790926409,-0.0007387585089466409,-0.024035639697857714
2011-02-08,670449.0,-0.0812181350445071,0.0735994370368841,0.9545647767391703,0.6312709840718682,-0.06710889363504857,0.6712382299026474,0.4100714595741063,0.04886355051996283,0.005126738893740157,-0.0065854114700159005
2011-02-09,714543.0,-0.06916323333765485,0.07308871495072462,0.9256881671222026,0.5229888194272423,-0.056270692652900745,0.6562698116138567,0.41261757514943115,0.06369554031547509,0.01205490170685225,-0.10828216464462592
2011-02-10,722892.0,-0.054666855325582714,0.07356107306112018,0.8445231099528007,0.3475526081351018,-0.015453977565930588,0.6115560830663501,0.6073037189511019,0.011616655902981776,0.01449637801207214,-0.1754362112921405
2011-02-11,670726.0,-0.03630703926899409,0.07628540991709062,0.7414040904929882,0.2814875224756458,-0.01275978935778288,0.5583606420505541,1.3873146411500374,-0.07489912558421707,0.018359816056588624,-0.06606508565945601
2011-02-14,691883.0,-0.047219288230142833,0.07435053679686539,0.7749995302674006,0.3627376304953294,-0.021354054530152045,0.5335439662486288,0.6817554413101637,0.031056158355104557,-0.010912248961148743,0.08125010801968363
2011-02-15,748875.0,-0.050560053053849884,0.07212212626867553,0.8513356701719246,0.3574788849941579,-0.013979704033396323,0.5296397930228677,0.6357616424636956,0.07915521422574123,-0.00334076482370705,-0.005258745501171502
2011-02-16,821202.0,-0.04756929595064641,0.07007444127756124,0.8634769520775644,0.3483406031646294,-0.0014874394006169078,0.5257780667850297,0.4199137362061953,0.09219704019802677,0.00299075710320347,-0.009138281829528527
2011-02-17,435980.0,-0.07191902959996123,0.07722022075520306,0.8690926189274737,0.5542754254782329,-0.0672372257562287,0.0,0.43015275930088537,-0.6331727498648458,-0.024349733649314816,0.20593482231360355
2011-02-18,488076.0,-0.08384990116758043,0.07369399710091425,0.942342995762955,0.7011490013850302,-0.05018634439338565,0.0,0.5845093796867701,0.11287476069493785,-0.011930871567619197,0.14687357590679728
2011-02-21,519187.0,-0.08184811078466184,0.07236419255639487,0.9460907149061899,0.5786123304320023,-0.04968990476535251,0.0,0.2641052260553519,0.06179299512340286,0.002001790382918589,-0.12253667095302789
2011-02-22,541054.0,-0.06657615982862553,0.07256859308908555,0.8753895174973293,0.517630402880304,-0.03155181140163277,0.0,0.7134278648711588,0.04125496246678573,0.015271950956036312,-0.06098192755169829
2011-02-23,554368.0,-0.05289484839641884,0.07335085450635763,0.8237235915492958,0.43208302066497345,-0.038567512492760025,0.0,0.6298271184483953,0.024309637129711348,0.013681311432206682,-0.08554738221533059
2011-02-24,577985.0,-0.055652672867512375,0.0720904308238803,0.8339368668737078,0.4557972957775721,-0.039997002917472435,0.0,0.4346669896277585,0.041719190626428926,-0.0027578244710935312,0.02371427511259866
2011-02-25,598895.0,-0.06297376483968685,0.0706394923643238,0.8437271975888929,0.4679651691865853,-0.046472821568319556,0.0,0.6726604830562953,0.03553837381785918,-0.007321091972174475,0.012167873409013208
2011-03-01,638131.0,-0.07525173529694351,0.06830096723495356,0.935271911253332,0.5919051103926937,-0.060447593600043925,0.7178228294817208,0.3479552004212301,0.06345730082485446,-0.012277970457256662,0.12393994120610835
2011-03-02,681045.0,-0.06338829280831162,0.06779565884418723,0.9060047427115683,0.44211909638863806,-0.048712862098168164,0.7181463779926437,0.3767871432871543,0.06508479184027571,0.011863442488631887,-0.1497860140040556
2011-03-03,712059.0,-0.07436596392537072,0.06640716887489215,0.9380599079570654,0.6537477933710549,-0.06160988834302061,0.7156050271115174,0.44907795561884617,0.044532389885860724,-0.010977671117059093,0.21162869698241688
2011-03-04,738190.0,-0.07716434522104741,0.06600857740774037,0.936225091101207,0.6239193161652149,-0.06652702518100262,0.7136821143608014,0.3472954117503624,0.03604047089238449,-0.002798381295676694,-0.02982847720584003
2011-03-07,747683.0,-0.06972882648723708,0.06638532621645399,0.9366817220667047,0.5474204977243029,-0.05896286231364323,0.7080901933038467,0.28454438578916463,0.012777847316021607,0.007435518733810334,-0.076498818440912
2011-03-08,772334.0,-0.07287640389190284,0.06538850551862849,0.9388438162763778,0.6280521121690875,-0.06261610128318706,0.707687347701901,0.23296656627832,0.03243800759325488,-0.003147577404665758,0.08063161444478462
2011-03-09,798852.0,-0.0714335265024868,0.06533913532695047,0.9349604182001172,0.6062887743912514,-0.06285928489306314,0.704696239103113,0.30000050071853107,0.03375859812032189,0.0014428773894160363,-0.021763337777836123
2011-03-10,792064.0,-0.06175111331578375,0.06620921173986186,0.8933179642049127,0.5379489536199095,-0.02810399287276255,0.6830874777795733,0.48856026785714285,-0.008533500438932862,0.00968241318670305,-0.06833982077134193
2011-03-11,775671.0,-0.05609468745906666,0.06701753925533509,0.8432724699002541,0.4443920167184283,-0.019587246230663102,0.6501996336075475,0.7199817964059505,-0.02091373541968089,0.005656425856717093,-0.09355693690148115
2011-03-14,767945.0,-0.053159546928722524,0.06764419578822985,0.852477716503135,0.40339217001217537,-0.01408682139243811,0.6183554811868037,0.7576883761206857,-0.010010345210863747,0.0029351405303441325,-0.04099984670625295
2011-03-15,711481.0,-0.02871040816121194,0.07379947830315126,0.6221810561350197,0.3371404155557211,0.020063681118378307,0.5458051585355055,1.5926623479755608,-0.07636940297271622,0.024449138767510585,-0.06625175445645426
2011-03-16,768179.0,-0.04339928513301544,0.07236253937105312,0.7418570411323403,0.4045020756880883,-0.014965319571678126,0.5307200535291905,0.6394876714932327,0.07667406587989056,-0.014688876971803502,0.06736166013236722
2011-03-17,426363.0,-0.0702389051761882,0.07593765871645251,0.8030387252177136,0.5951712507886472,-0.05827696074584465,0.0,0.5466539075857896,-0.5887316828035392,-0.02683962004317275,0.19066917510055886
2011-03-18,459275.0,-0.08427711239937827,0.07437889965549538,0.8469326656142834,0.6330150781122421,-0.04702343726733971,0.0,0.4300146970769147,0.07435806309147353,-0.014038207223190075,0.037843827323594925
2011-03-21,481745.0,-0.09097824397302458,0.07392455524425558,0.8989610686151387,0.6903403252758202,-0.05523453212261631,0.0,0.4171501520513965,0.04776576921842235,-0.00670113157364631,0.05732524716357812
2011-03-22,500601.0,-0.09388279278133788,0.07305743219994976,0.9229106613850152,0.6789618878108513,-0.05971293035763825,0.0,0.3150513083273905,0.038394448185131935,-0.002904548808313298,-0.011378437464968916
2011-03-23,526915.0,-0.09616081371131653,0.07226810502351046,0.9255306833170436,0.7240864276021749,-0.06378875329429334,0.0,0.288029378552518,0.05122986861154466,-0.0022780209299786552,0.04512453979132358
2011-03-24,547032.0,-0.0971829700770657,0.07200739302346888,0.9242585442899136,0.7116384416268152,-0.06720768620866557,0.0,0.30906053027976427,0.03746805641484663,-0.0010221563657491634,-0.012447985975359677
2011-03-25,578223.0,-0.09786119627444237,0.07121692369231276,0.958777149992304,0.6986353016050901,-0.07088993646048547,0.0,0.3203556413356093,0.055452305789465584,-0.0006782261973766746,-0.01300314002172509
2011-03-28,593722.0,-0.09166763804577541,0.07128407158996244,0.9269776090493531,0.6989314864532559,-0.0646622378423628,0.0,0.23437568424279376,0.026451588927733027,0.006193558228666962,0.000296184848165737
2011-03-29,612249.0,-0.09561050862596568,0.0705229015424017,0.9280211155918588,0.6971379291758745,-0.06939628247079932,0.0,0.2656321202647942,0.030727866169076634,-0.003942870580190272,-0.0017935572773813968
2011-03-30,643785.0,-0.09802659624191397,0.06991380984499251,0.960840963986424,0.751825531815746,-0.0747498065648814,0.0,0.302628983278579,0.05022575692082576,-0.0024160876159482897,0.05468760263987149
2011-03-31,668903.0,-0.10019328903950778,0.06917812938481037,0.9612679267397515,0.7447686734847953,-0.0786912809646102,0.0,0.24576209106552072,0.03827423765759086,-0.0021666927975938083,-0.0070568583309507105
2011-04-01,698663.0,-0.09973870512855432,0.06881852343389788,0.9748190472373662,0.730010033449603,-0.058026703794199386,0.7442644021509655,0.27231011231452074,0.043529451577811074,0.00045458391095345996,-0.014758640035192228
2011-04-06,735129.0,-0.10707535396907228,0.07071639287589594,0.9805775584965359,0.7931261043980036,-0.051059762900503625,0.7417364843449245,0.6072077145643826,0.05087748534935521,-0.007336648840517962,0.06311607094840055
2011-04-07,780810.0,-0.10718512629340206,0.07126217343554689,0.9878485162843713,0.753771083874438,-0.05636214124910688,0.7423918751040586,0.2746084194618409,0.06028584837711293,-0.00010977232432977935,-0.03935502052356554
2011-04-08,803357.0,-0.10386726032052968,0.07217693765795173,0.9658632463524933,0.7341592841040783,-0.05560040204440031,0.7421046931812383,0.3212282957639007,0.028467355569631536,0.003317865972872383,-0.01961179977035976
2011-04-11,834005.0,-0.10113612041962697,0.07169899373056583,0.9672448006906433,0.7270184231509403,-0.03156097731262675,0.742722165934257,0.24711122834994995,0.03744019958106293,0.002731139900902707,-0.007140860953137929
2011-04-12,841755.0,-0.08716187336391791,0.0718709597058081,0.937545960522955,0.6065755475167953,-0.08389149152771402,0.7339261424048565,0.493719669024835,0.009249600484871223,0.013974247055709058,-0.12044287563414502
2011-04-13,856292.0,-0.09119060556275406,0.07135679513555941,0.9389133613300136,0.663529496947303,-0.03191271269447171,0.7310648703946785,0.3539937311104156,0.01712244143887709,-0.004028732198836149,0.05695394943050769
2011-04-14,890128.0,-0.09212606074602273,0.07117024538789957,0.9716962054895476,0.6583379019646612,-0.09119102823783076,0.7217197976021427,0.3770502669279025,0.03875383314140812,-0.0009354551832686658,-0.005191594982641767
2011-04-15,901572.0,-0.08352171863775112,0.0713444550392027,0.9371120664794381,0.5972168612157431,-0.08237096988800341,0.7178827647708669,0.34505840908990076,0.012774633732933083,0.008604342108271601,-0.06112104074891811
2011-04-18,917340.0,-0.08270596882377519,0.07103602440909092,0.9444404473804696,0.5893867050384808,-0.02461191029183607,0.7164094010944688,0.3122953321560163,0.017338271457875365,0.0008157498139759328,-0.007830156177262348
2011-04-19,926453.0,-0.07565527089064683,0.07090103983502487,0.906056756252071,0.592772650096659,-0.016038571288005454,0.6987197407747614,0.5303960373596933,0.009885138089801515,0.007050697933128361,0.0033859450581782413
2011-04-20,980262.0,-0.09085069927467805,0.06964884411304202,0.9782731555441301,0.6435228540941096,-0.01285333042862602,0.6742044473824345,0.3633161338499299,0.056456566982189926,-0.01519542838403122,0.05075020399745056
2011-04-21,385812.0,-0.11288104071539984,0.08495164359985863,0.9609784039895078,0.7753543176469369,-0.05109040875676096,0.0,0.609247509149534,-0.9324696786855977,-0.022030341440721787,0.13183146355282727
2011-04-22,413563.0,-0.11117694740313622,0.08528332489023718,0.9577234907378078,0.7588203006555229,-0.052336659074211034,0.0,0.2626709836228096,0.06945965659168074,0.0017040933122636215,-0.01653401699141399
2011-04-25,440426.0,-0.10657726455426486,0.08541264826479086,0.9526186010816801,0.7428694037136773,-0.050358908471357156,0.0,0.3042667780739557,0.06293257956611775,0.004599682848871356,-0.015950896941845594
2011-04-26,463602.0,-0.10496554368187139,0.08429522973207666,0.9551145163308182,0.7428138791463367,-0.05008191646532123,0.0,0.44268143795755843,0.05128398517537036,0.001611720872393474,-5.552456734059241e-05
2011-04-27,502897.0,-0.11061105253945748,0.08271704884288798,0.9703358739463548,0.715577941407485,-0.06069563776003539,0.0,0.3253111472130476,0.08135895223931122,-0.005645508857586093,-0.02723593773885169
2011-04-28,530047.0,-0.10695993004604078,0.08254686983081252,0.967733050088011,0.6967287806553004,-0.05981459543822043,0.0,0.3046824149556549,0.0525803041002284,0.003651122493416703,-0.01884916075218457
2011-04-29,552115.0,-0.10234969582138848,0.08188920689320223,0.9686677594341758,0.6910045914347555,-0.05638069821167502,0.0,0.41344466279669995,0.04079067605237441,0.0046102342246523015,-0.005724189220544962
2011-05-03,576476.0,-0.09584735406645613,0.08129059142345434,0.943227471742102,0.6200206079698027,-0.038685100066174205,0.7064509190321887,0.3946148668808415,0.04317735040143056,0.0065023417549323476,-0.07098398346495272
2011-05-04,593762.0,-0.09532226610958186,0.08044193886964723,0.9467648653837732,0.6165786965147652,-0.0499980441136203,0.7067848734004534,0.35230951121829956,0.02954485735745216,0.0005250879568742678,-0.003441911455037583
2011-05-05,635498.0,-0.09675619561991046,0.08028264636928487,0.9659259352507797,0.6612939773217225,-0.057504426957147525,0.7122367025545321,0.4185017104695845,0.06793037782537503,-0.0014339295103285993,0.0447152808069573
2011-05-06,653730.0,-0.09157017414761091,0.07998415421579053,0.9286983923026326,0.6594664463922414,-0.05316005048327821,0.7062778211188105,0.2867820048032062,0.028285478680629694,0.005186021472299546,-0.0018275309294810693
2011-05-09,676512.0,-0.09453897512036775,0.07978645723659121,0.9574523437869542,0.6369554420320703,-0.059264145347009745,0.7073740007568232,0.34734786670450785,0.03425576363578031,-0.002968800972756841,-0.02251100436017106
2011-05-10,684935.0,-0.09264796229160839,0.08005790655047182,0.956172483520334,0.6334732492864287,-0.05799221569096835,0.7014402826545585,0.2081657383547344,0.012373757436165533,0.0018910128287593642,-0.0034821927456416546
2011-05-11,698706.0,-0.09118966920630511,0.08013734437454136,0.9556780677423695,0.6222574301637599,-0.05769145492439354,0.6931470461109537,0.32731220284354223,0.01990610964920414,0.0014582930853032777,-0.01121581912266878
2011-05-12,711574.0,-0.09202767298365276,0.07971500907603161,0.9575406071610261,0.61975142430724,-0.05907669963957107,0.6853974428520435,0.36527332364588927,0.018249364845532412,-0.0008380037773476484,-0.002506005856519944
2011-05-13,735166.0,-0.08777500731372434,0.07939387647267378,0.9549625526751782,0.6121855472097458,-0.05624868846325093,0.6812461403274906,0.2700532940859615,0.03261690630900027,0.004252665669928421,-0.0075658770974941225
2011-05-16,751605.0,-0.0780517465117245,0.07927379604619711,0.9117435355006952,0.5277492832006173,-0.023756383455027064,0.6693475961442513,0.426379547767777,0.022114595939280335,0.009723260801999839,-0.08443626400912851
2011-05-17,759374.0,-0.07621988058644331,0.07900148388048221,0.8653785881528733,0.537719226626142,-0.020721311918271867,0.6443886675077103,0.4766926442043051,0.010283489663715173,0.001831865925281187,0.009969943425524708
2011-05-18,787525.0,-0.08094187148958817,0.07782233499604116,0.9264315418558141,0.5264124948414336,-0.027372205651526538,0.6282048188946383,0.2793879559379067,0.03640070657202088,-0.00472199090314486,-0.011306731784708424
2011-05-19,356136.0,-0.10322434468449368,0.09089113185312934,0.9127973583125547,0.6666020845968955,-0.044179163555563505,0.0,0.6326038367365276,-0.7935824358557042,-0.022282473194905505,0.14018958975546192
2011-05-20,387084.0,-0.094422363091909,0.08925092715834884,0.9118253402362277,0.5885079207613851,-0.0268223600010411,0.0,0.4831922786785297,0.08332904336854341,0.008801981592584676,-0.07809416383551038
2011-05-23,426441.0,-0.08394525135793134,0.08622577604682201,0.8850251265708504,0.6090361855450109,-0.051158558264008835,0.0,0.5643946055843598,0.09683229833482443,0.010477111733977668,0.020528264783625794
2011-05-24,457566.0,-0.08349024286403844,0.08379014956905186,0.8950927297919863,0.6192833383599305,-0.05214460847291369,0.0,0.436323940152896,0.07044711453055008,0.00045500849389289166,0.010247152814919613
2011-05-25,486074.0,-0.08016836849208937,0.08216187830068297,0.9032698724885512,0.5354637359743578,-0.0489384204815122,0.0,0.4690047194460103,0.06043973907823563,0.003321874371949071,-0.08381960238557273
2011-05-26,515156.0,-0.08466460776750527,0.0802149997368256,0.9059469364619649,0.6192629028876689,-0.055573255655181786,0.0,0.3329903951424423,0.058108891732240764,-0.0044962392754158975,0.08379916691331113
2011-05-27,556933.0,-0.08463085343565793,0.07816481992259967,0.9369134168742022,0.6182449235365834,-0.05788876276957999,0.0,0.36219437526596554,0.07797517802272047,3.3754331847338226e-05,-0.0010179793510854962
2011-05-30,581622.0,-0.08480934782665028,0.07714417468908688,0.9377482282307066,0.607547513677268,-0.05934938710379345,0.0,0.29594994687271114,0.04337580674985553,-0.00017849439099235087,-0.010697409859315443
2011-05-31,640679.0,-0.09537859697736009,0.07576195630635803,0.9489931775506923,0.7181459045793603,-0.07663280245281934,0.0,0.5297660763034219,0.09670779926836559,-0.010569249150709809,0.11059839090209234
2011-06-01,664754.0,-0.098696559586405,0.07625444533238457,0.9624387367356947,0.7518405304819528,-0.06205344088453879,0.7746444549412264,0.3773892297000093,0.03688849594749044,-0.0033179626090449055,0.03369462590259242
2011-06-02,679427.0,-0.0905598491423615,0.07662740948615628,0.9316365113544207,0.6595646037028261,-0.043526229624884394,0.7696956405912629,0.31934409436186667,0.021832748479965858,0.008136710444043502,-0.09227592677912666
2011-06-03,714648.0,-0.09378447543291776,0.07546069244244455,0.9627173097804793,0.6505328497386126,-0.0493329854923793,0.7658931389998993,0.2967628818663174,0.05054031789375202,-0.003224626290556268,-0.009031753964213518
2011-06-07,729480.0,-0.0942226461315076,0.07525949147063689,0.9622991720129407,0.7310495147228162,-0.050468693069525616,0.7589488402697813,0.3091572078741021,0.020541837770151616,-0.00043817069858984037,0.08051666498420362
2011-06-08,755843.0,-0.08783702047207972,0.07520007030673183,0.9604891492016199,0.6455851281284606,-0.045243257585597885,0.7555775471890327,0.2966899210550339,0.035501731106423406,0.006385625659427879,-0.08546438659435562
2011-06-09,800247.0,-0.08482282841268175,0.07403848618057815,0.9625840521738913,0.6323110239713489,-0.04454423649085548,0.7535298476595351,0.2566607559915876,0.057086747359399226,0.0030141920593979715,-0.013274104157111721
2011-06-10,779558.0,-0.0720453680109718,0.07461686371807638,0.8900145980157987,0.512977866945115,-0.015594343401427069,0.7181377139353325,0.7310950564294125,-0.026193337613719336,0.012777460401709947,-0.11933315702623382
2011-06-13,761350.0,-0.062108177173796485,0.07522898877167354,0.8548499376108228,0.4684310763774874,-0.012963462432356465,0.6827411834241808,0.7168306298023248,-0.02363391911399404,0.00993719083717532,-0.04454679056762767
2011-06-14,809926.0,-0.07128525494436587,0.07354609960155635,0.9093707326348333,0.5110368107703667,-0.01463437838719428,0.6870800542271763,0.523876255361601,0.06184971218165458,-0.009177077770569385,0.04260573439287929
2011-06-15,824969.0,-0.07234619410288318,0.07267913368155568,0.9185872438843157,0.5219371879428196,-0.014884305521743357,0.6590405215226269,0.580390293453451,0.018402924402723286,-0.0010609391585173072,0.010900377172452957
2011-06-16,360179.0,-0.07450308590777684,0.0710293197532861,0.9006827160939421,0.6444545628701285,-0.052508368546513196,0.0,0.6344734146077368,-0.8287446797727487,-0.0021568918048936597,0.12251737492730885
2011-06-17,399774.0,-0.0746918811504573,0.06939714614761712,0.9116675921895872,0.6685452280538504,-0.07365593265478632,0.0,0.47875299544242494,0.10429825733696596,-0.00018879524268046455,0.024090665183721938
2011-06-20,430884.0,-0.06694239930783248,0.06912862893679546,0.8704407682810222,0.6127681696233789,-0.06220840542606221,0.0,0.4858616240101744,0.07493952491200773,0.00774948184262482,-0.05577705843047154
2011-06-21,453970.0,-0.07475914677680076,0.06765295849296557,0.8772495979910567,0.6127519439610547,-0.06950993414456563,0.0,0.3351983611251845,0.05219220421551718,-0.00781674746896828,-1.6225662324176326e-05
2011-06-22,469511.0,-0.07752197442850535,0.06709912523402461,0.9255651092306677,0.6127076894897031,-0.04883865519705288,0.0,0.37324152149789885,0.03366061099097628,-0.0027628276517045885,-4.425447135159022e-05
2011-06-23,491282.0,-0.07267839248258963,0.06985721338149788,0.8816809897370553,0.6286715165627887,-0.06621471458852757,0.0,0.2892880260217146,0.04532657345722946,0.00484358194591572,0.015963827073085635
2011-06-24,501751.0,-0.06897982469617898,0.0709568766638336,0.883615578244986,0.6370370960894945,-0.06244469888653592,0.0,0.2602286791655622,0.02108567968780939,0.0036985677864106448,0.008365579526705802
2011-06-27,523786.0,-0.067181652217324,0.07045635863017669,0.8905239926229415,0.5893017377325854,-0.058841245341264115,0.0,0.41279071987414706,0.042979223258855725,0.001798172478854984,-0.04773535835690912
2011-06-28,543464.0,-0.06460574376048243,0.06935473568133586,0.8538504850367273,0.5887657692137842,-0.06827097038988739,0.0,0.26587961668114174,0.03688026305923664,0.0025759084568415663,-0.000535968518801222
2011-06-29,592507.0,-0.0754063336938797,0.0665942994145722,0.9056855024497601,0.6777945239465525,-0.07854311835005556,0.0,0.40055391750645986,0.08639922026851998,-0.010800589933397262,0.08902875473276828
2011-06-30,622129.0,-0.0830514597976984,0.06499488551110665,0.9430857587413543,0.7535141425652879,-0.08697858097979916,0.0,0.29238469835034214,0.04878477944861004,-0.007645126103818706,0.07571961861873544
2011-07-01,627396.0,-0.09106365674633343,0.06470880086440084,0.9636704728751857,0.7965081065228341,-0.09609122384671531,0.7884812781719999,0.3401280849734458,0.008430453484145062,-0.00801219694863503,0.04299396395754618
2011-07-04,637908.0,-0.0925584296428148,0.06467398266484124,0.9635292236498053,0.7803256895978731,-0.08828999671784388,0.7782015588454761,0.3337612947321557,0.016616152101677883,-0.0014947728964813667,-0.01618241692496103
2011-07-05,647961.0,-0.092240456165829,0.06602940582986556,0.9621088306240654,0.7732703048485943,-0.06653127575576823,0.7741854833855741,0.1654050166599533,0.015636437035967177,0.00031797347698579725,-0.0070553847492788035
2011-07-06,675819.0,-0.0935289587720818,0.06599335654376975,0.9699771684430298,0.7460296321944189,-0.07076256397006497,0.7752489941833538,0.3336840189459012,0.04209477935595807,-0.0012885026062527949,-0.027240672654175402
2011-07-07,692044.0,-0.08699344622508137,0.06636175093293468,0.9587453976914763,0.7332973047956488,-0.06535877685098856,0.7726849737877939,0.20870782782597638,0.023724248699487305,0.006535512547000424,-0.01273232739877006
2011-07-08,724632.0,-0.08196438513930998,0.06755291319257105,0.9533321741242451,0.7114480177524591,-0.06280894446000074,0.7660343457092703,0.3876864394616854,0.04601440237095744,0.005029061085771391,-0.02184928704318967
2011-07-11,728506.0,-0.07372863905994026,0.06809642454519832,0.9206526782209069,0.6435403414659591,-0.05375698863931411,0.7578962973537624,0.2658317158678172,0.005331921920630478,0.008235746079369721,-0.06790767628650007
2011-07-12,714770.0,-0.05732664085512087,0.06963381840254144,0.8122724792590623,0.5124669474096563,-0.05782704295484287,0.7284455139415477,0.5658043846272227,-0.01903504908016096,0.01640199820481939,-0.1310733940563028
2011-07-13,704126.0,-0.060582333485769316,0.06855595769126802,0.8526428508533984,0.539289843011052,-0.057499593546699646,0.7027265006547123,0.35775273175539607,-0.01500349520651234,-0.0032556926306484477,0.026822895601395724
2011-07-14,734762.0,-0.06001742158547847,0.06746462101309947,0.8582493378808376,0.5405587115283589,-0.056753936578492814,0.6940015950743234,0.47019170833548823,0.04258931983515524,0.0005649119002908431,0.001268868517306898
2011-07-15,764514.0,-0.06938421434133249,0.06597599808578873,0.914752378635316,0.6115676102726699,-0.04372174168591858,0.6899219634957633,0.42513544552486937,0.03969370057266808,-0.009366792755854017,0.07100889874431104
2011-07-18,779012.0,-0.06567911598309235,0.06591269663059253,0.9166071896196721,0.6145040127751562,-0.0396518386568242,0.6761615995645767,0.37843832957643786,0.01878611229260052,0.003705098358240136,0.0029364025024862794
2011-07-19,797532.0,-0.0637036971236468,0.06560028261606934,0.9212783938450119,0.5234661430513133,-0.03807464775349367,0.6673211858583731,0.36815826825757464,0.023495509129174863,0.001975418859445549,-0.09103786972384287
2011-07-20,868152.0,-0.07871282680638046,0.06427395112848984,0.9704660013453865,0.660888876602254,-0.05813922769713897,0.654986684359421,0.45043609874768475,0.0848448552909975,-0.015009129682733657,0.1374227335509407
2011-07-21,329628.0,-0.09635210221239224,0.08161607706114365,0.9581073209800138,0.7678625602193988,-0.08226780801960265,0.0,0.31694212870265875,-0.9684020686533881,-0.017639275406011776,0.10697368361714477
2011-07-22,374647.0,-0.09588217098674645,0.07947608877576622,0.9592042642807763,0.7620880455468748,-0.08731227154285293,0.0,0.4676482128510304,0.12801950342116086,0.0004699312256457866,-0.005774514672523989
2011-07-25,400864.0,-0.0860074374627898,0.07838588482671859,0.9471391793725553,0.7093702602378862,-0.05568140072390082,0.0,0.5032429951305181,0.06763796835716462,0.009874733523956652,-0.05271778530898863
2011-07-26,439031.0,-0.0937174388386352,0.07592670027454643,0.9609253105133806,0.7408019023713588,-0.06757150134633572,0.0,0.4219451473813922,0.09094780795443391,-0.0077100013758454045,0.031431642133472604
2011-07-27,476014.0,-0.09352478595704018,0.07408734283059287,0.9706605267912288,0.7283483258895747,-0.07003013329190055,0.0,0.2925355136613629,0.08087723994739271,0.0001926528815950207,-0.012453576481784134
2011-07-28,524781.0,-0.08712790318847978,0.07211114802825624,0.9623900255535166,0.731891970174225,-0.06469568391276581,0.0,0.39224743273860907,0.09753376714258799,0.006396882768560402,0.0035436442846503713
2011-07-29,563158.0,-0.07382632134795099,0.07384681722828959,0.9410307586858395,0.6743489393740301,-0.05138486241609963,0.0,0.5536936348236197,0.07057919549323088,0.013301581840528792,-0.05754303080019496
2011-08-01,586759.0,-0.07896633083133069,0.0725260908356788,0.9615600272002645,0.6677409294105416,-0.05762074521512672,0.7226595586944555,0.3148106803645108,0.04105394514436256,-0.005140009483379698,-0.006608009963488426
2011-08-02,595400.0,-0.06774791600495522,0.07292441986798526,0.8929627141417534,0.5740073899899227,-0.044814507636824374,0.7144659052737655,0.3697598253275109,0.014619275237885532,0.011218414826375464,-0.0937335394206189
2011-08-03,588754.0,-0.05708432875974646,0.07397989613151348,0.8503042017548925,0.5328847022695388,-0.04219769512561411,0.6929515553185202,0.6474062171976751,-0.011225009218925663,0.010663587245208765,-0.041122687720383966
2011-08-04,581300.0,-0.0437772977632421,0.07548243653265023,0.7981988646137966,0.4622415276105281,-0.0381459300948509,0.6827060037846207,0.5762979528642698,-0.0127414646554449,0.013307030996504356,-0.07064317465901065
2011-08-05,551570.0,0.0014547643615333567,0.08472829828270863,0.49675471834943885,0.23663723552767554,-0.0067654553025354724,0.6648222347118227,1.4237703283354788,-0.052498217504325595,0.04523206212477546,-0.22560429208285257
2011-08-08,571368.0,0.024294592333026024,0.09795047330473851,0.39968111619831703,0.2184756584197925,0.08569007520389782,0.6706343372397474,1.450590512594335,0.03526472822533755,0.022839827971492668,-0.018161577107883048
2011-08-09,645050.0,0.009275479018465167,0.10845579681845492,0.4503077280830943,0.3310844120610805,-0.1458831568158524,0.7160483683435392,0.8730703046275482,0.12129434774282899,-0.015019113314560857,0.11260875364128803
2011-08-10,624145.0,-0.027641852439312324,0.10360520611916621,0.6124698587667929,0.4423283051214061,-0.17273328921244202,0.6842640732522091,0.4198319300803499,-0.03294512000099026,-0.036917331457777494,0.11124389306032556
2011-08-11,678868.0,-0.03476615178156038,0.10464728088791823,0.6476251642440062,0.4859250988410118,-0.17088672369411417,0.6898808015696719,0.5238927155205431,0.0840439919551148,-0.007124299342248057,0.04359679371960573
2011-08-12,678168.0,-0.023642240350432168,0.10497740946796397,0.6089744724021187,0.4396019865284118,-0.16197679199478332,0.6799804768140048,0.4449900319684798,-0.0010316602685342957,0.011123911431128213,-0.0463231123126
2011-08-15,706239.0,-0.047220854928937066,0.10093752063559244,0.7073752653138669,0.5220343254903793,-0.1815218322656883,0.6697506085050529,0.4054066682808511,0.04055866226138072,-0.023578614578504898,0.0824323389619675
2011-08-16,717529.0,-0.0444377898150659,0.10057491294204164,0.6707547708873091,0.5121270359804273,-0.17933882919861155,0.6594061006593461,0.3649315916151124,0.01585965781733556,0.0027830651138711637,-0.00990728950995201
2011-08-17,715644.0,-0.040062510504141835,0.10089123796839458,0.6908560681008993,0.46996551357937744,-0.17331459513082303,0.6261898374051903,0.38319052489785427,-0.0026305283269589808,0.004375279310924067,-0.04216152240104987
2011-08-18,312200.0,-0.04068734458468736,0.11676384747761465,0.7607014734144779,0.5544298526585522,-0.1595502017736118,0.0,0.47410634208840485,-0.829538828527161,-0.0006248340805455263,0.08446433907917472
2011-08-19,368266.0,-0.021308522399511608,0.1180529455349938,0.6702084906019019,0.44518364443092767,-0.14203536448516674,0.0,0.7935921317743153,0.16516149506159827,0.019378822185175754,-0.10924620822762449
2011-08-22,420469.0,-0.0290865770535537,0.11586638317508251,0.7127921440106167,0.5001890745810036,-0.13847214188133072,0.0,0.5871015461306304,0.13256525179268053,-0.007778054654042091,0.05500543015007592
2011-08-23,438060.0,-0.06180995080131414,0.11097586351811528,0.7977126421038214,0.6384079806419212,-0.16558833307064813,0.0,0.4096995845317993,0.040985132360438215,-0.032723373747760444,0.13821890606091758
2011-08-24,447178.0,-0.057231958168279626,0.11112318651001472,0.8033132220279173,0.6418115381347025,-0.1603280318488911,0.0,0.4356229510396307,0.020600838343671768,0.004577992633034517,0.0034035574927813173
2011-08-25,465421.0,-0.04686469908636526,0.11126611586204968,0.7788690239589533,0.5951772696118138,-0.16339107284299947,0.0,0.3462349141959645,0.039985646685771314,0.010367259081914368,-0.046634268522888656
2011-08-26,473667.0,-0.05221136442249371,0.11078918520880181,0.7793027591113588,0.5909700274665535,-0.1672375119205921,0.0,0.3643107921810048,0.017562170833018698,-0.005346665336128452,-0.004207242145260359
2011-08-29,486027.0,-0.06897927329135467,0.10796439763872417,0.8171788810086682,0.636598378279396,-0.1818432543636126,0.0,0.3506574737617457,0.02575963475438492,-0.01676790886886096,0.045628350812842555
2011-08-30,493509.0,-0.07673649805188179,0.10638619530236772,0.8537736900441532,0.6853410981360015,-0.18913864290581317,0.0,0.3371650770300035,0.015276917876413165,-0.0077572247605271205,0.0487427198566055
2011-08-31,487792.0,-0.08606084415588214,0.10533834815051793,0.866274969659199,0.7128878702397743,-0.19910713363026644,0.0,0.3245707186669728,-0.011652010305974514,-0.009324346104000347,0.027546772103772765
2011-09-01,515360.0,-0.08720352070537545,0.1032909467404727,0.8681484787333127,0.7092207389009625,-0.20080023099451394,0.7994663924247128,0.4299538186898479,0.05497660009955396,-0.0011426765494933072,-0.003667131338811802
2011-09-02,532643.0,-0.0874114986228691,0.10247124751200218,0.8727552976383807,0.7046351871703936,-0.2007281109079987,0.7968132501506637,0.352427423245964,0.03298572054998239,-0.00020797791749364858,-0.004585551730568849
2011-09-05,533823.0,-0.0648096444126746,0.10531094787489935,0.8145733698248295,0.6082783993945559,-0.17897867595744987,0.7929838167332618,0.3891795595169185,0.002212917207934595,0.02260185421019449,-0.09635678777583778
2011-09-06,550430.0,-0.04475327109027633,0.10739138597441374,0.7421579492396854,0.4938793307050851,-0.15843082640735473,0.7932670820994495,0.5538942281489018,0.03063546760689384,0.02005637332239827,-0.11439906868947075
2011-09-07,570811.0,-0.06774604436507699,0.10425575123896778,0.8310456525890356,0.6368395143050852,-0.17651855954501328,0.788912617311159,0.36615271955165546,0.03635836566761341,-0.022992773274800656,0.14296018360000012
2011-09-08,592784.0,-0.06982117872502998,0.10224368586479472,0.8381889524683527,0.6372962158222893,-0.1786306182659303,0.7904464358012362,0.35502813841129316,0.03777192644900573,-0.0020751343599529903,0.00045670151720411667
2011-09-09,573542.0,-0.07430229338810909,0.10218291106507554,0.8633962290468702,0.6842829295849301,-0.18534354194232494,0.781597511603335,0.4351991658849744,-0.03299891465156257,-0.004481114663079114,0.04698671376264074
2011-09-13,570046.0,-0.04806605076526782,0.10552419727732112,0.7383754995210913,0.5792813211565383,-0.1611839212486995,0.7749023762994566,0.4810313553643039,-0.006114109085986641,0.02623624262284127,-0.10500160842839179
2011-09-14,565856.0,-0.028402924915417675,0.10840356988240028,0.701754509981338,0.447030693321269,-0.14228045492337937,0.7653855397839733,0.684278332296556,-0.0073774304542020275,0.019663125849850145,-0.1322506278352693
2011-09-15,583595.0,-0.05107797181568503,0.10546240119952417,0.7508683247800273,0.6058139634506807,-0.16053768914981426,0.7484951036249454,0.5668777148536228,0.030867620227367,-0.022675046900267358,0.15878327012941174
2011-09-16,615336.0,-0.06891613410986003,0.10015099799331856,0.8349535863333203,0.5982796390914882,-0.1817773906617045,0.735485978392293,0.5685365393866115,0.05296121097983786,-0.017838162294174995,-0.007534324359192546
2011-09-19,643023.0,-0.05686511661097405,0.10006738666763987,0.7915253420173151,0.5892837425721942,-0.1712204981232155,0.7185124015781706,0.4369097217362365,0.044012033347048174,0.012051017498885978,-0.008995896519294
2011-09-20,662842.0,-0.059260947316880204,0.09922201818797309,0.8005316500764889,0.5849855621701703,-0.17254449241610337,0.6999873272967012,0.6369300677989627,0.030356157649633175,-0.0023958307059061545,-0.004298180402023899
2011-09-21,683225.0,-0.06515097168440243,0.09778400954730736,0.8549116323319551,0.5854440338102382,-0.17726927711163132,0.6771575981558052,0.3308324490468001,0.030287583234271054,-0.005890024367522222,0.00045847164006795893
2011-09-22,259795.0,-0.047945424093344506,0.12462682294716224,0.8039223233703497,0.5731942493119575,-0.1650126616932448,0.0,0.5445601339517696,-0.9669313758329423,0.01720554759105792,-0.012249784498280736
2011-09-23,277266.0,-0.021473728504753483,0.1278602336919739,0.7077860249724092,0.43482792697265443,-0.1342876038500076,0.0,0.6951844077528438,0.0650844757358886,0.026471695588591023,-0.13836632233930307
2011-09-26,297041.0,-0.007613767343775188,0.13104878202059816,0.6339394225039641,0.4018435165515872,-0.11300079102880278,0.0,0.5659084099501416,0.06889284219944614,0.013859961160978295,-0.032984410421067256
2011-09-27,318236.0,-0.04194020257052901,0.1254756811413055,0.7477846629545369,0.5486557146268807,-0.13962721880972362,0.0,0.4620030417677447,0.06892306948333626,-0.03432643522675382,0.1468121980752935
2011-09-28,344224.0,-0.05473685925473677,0.12252299049524384,0.7899972111183415,0.5591911081156457,-0.14649264444562593,0.0,0.38611485544296736,0.07849936235314203,-0.012796656684207763,0.010535393488764977
2011-09-29,392109.0,-0.06497412726143673,0.11757188344869551,0.8090862489766876,0.6588678148167983,-0.15072654647823003,0.0,0.43337184303344223,0.1302472541134989,-0.010237268006699954,0.0996767067011527
2011-09-30,427857.0,-0.07402265433294986,0.11417497514884847,0.8608133091196357,0.6730332798107779,-0.15575374582374912,0.0,0.301883573249941,0.08724916524126947,-0.00904852707151313,0.014165464993979526
2011-10-03,434915.0,-0.0480265485849294,0.11740723431851073,0.7925778600416173,0.5415448995780785,-0.030506261076109542,0.7648873917892002,0.37282457491693777,0.016361582091953153,0.025996105748020457,-0.13148838023269938
2011-10-04,454836.0,-0.056679492878468955,0.11589543941914647,0.8008490972570333,0.564295702187162,-0.17705633049417768,0.7646712221547987,0.4513582917798943,0.04478630472024214,-0.008652944293539556,0.022750802609083465
2011-10-05,476950.0,-0.05178025565223263,0.11532690068204801,0.7488688541775868,0.5752049481077681,-0.17014229198114217,0.7640150959220045,0.3235810881643778,0.04747474917465766,0.004899237226236322,0.010909245920606159
2011-10-06,497831.0,-0.07123013823534637,0.11148433338805785,0.8459778519216361,0.6323933222318417,-0.1867638810992709,0.7656011779097726,0.3775116455182582,0.04284899840895484,-0.019449882583113733,0.057188374124073627
2011-10-07,519729.0,-0.0807864113989942,0.10871798568704577,0.8846899057008556,0.7031741542226815,-0.19578034265303745,0.7659992034310189,0.38519497661281166,0.04304685988128121,-0.009556273163647835,0.07078083199083973
2011-10-11,545907.0,-0.09840352415801906,0.10461984570275873,0.8985541493331282,0.7737105404400383,-0.21607955981515692,0.7611076611950387,0.4314489464322678,0.049141109685375994,-0.01761711275902486,0.0705363862173568
2011-10-12,563415.0,-0.09413353437062985,0.10419131719829797,0.8934160432363356,0.7599708917937932,-0.2143423164710424,0.750842629322968,0.331412901679934,0.03156784758918718,0.004269989787389211,-0.013739648646245106
2011-10-13,578938.0,-0.09700499698039314,0.10304012104998261,0.9240074066653079,0.7321595749458492,-0.21920539340605494,0.7420397348247999,0.30977928551934747,0.02717891150894225,-0.0028714626097632867,-0.027811316847944023
2011-10-14,593311.0,-0.08712177166948266,0.10324432590642908,0.8909239842173835,0.6469389578147042,-0.21175089153692261,0.7294808287727684,0.2641414030752843,0.02452332279520597,0.009883225310910473,-0.08522061713114493
2011-10-17,610364.0,-0.09741245947471089,0.10150840912503961,0.9174345144864376,0.705936129915919,-0.22263681592039797,0.7177438381031647,0.3854372145146175,0.02833678705130005,-0.010290687805228224,0.0589971721012148
2011-10-18,618575.0,-0.08564749764282124,0.102406875328309,0.8838685688881703,0.6340249767611041,-0.21190084082027527,0.6998068140484177,0.37002142019965245,0.013362945085145128,0.011764961831889645,-0.07191115315481489
2011-10-19,634185.0,-0.08522496742551025,0.10182466600519562,0.894835103321586,0.6333688119397337,-0.21124600013327222,0.6774064350307876,0.2649195424048188,0.024922264383084425,0.00042253021731099294,-0.0006561648213704308
2011-10-20,248770.0,-0.06151490591567699,0.1339762554430803,0.8239096354061985,0.600024118663826,-0.06133356892020225,0.0,0.5953893154319251,-0.9358119351630094,0.023710061509833263,-0.03334469327590772
2011-10-21,275205.0,-0.06653524999409442,0.12906783903799823,0.8390726912665104,0.6112970331207646,-0.06265206058024597,0.0,0.4381788121582093,0.10098749968210896,-0.005020344078417435,0.011272914456938565
2011-10-24,310073.0,-0.08976880839745001,0.12030479829864497,0.9040322762704266,0.720043344631748,-0.08972865882226955,0.0,0.6166451126025162,0.11929147912939086,-0.023233558403355586,0.10874631151098346
2011-10-25,334753.0,-0.09043783827007101,0.11656369387705137,0.9032570283164004,0.752940227570776,-0.06557151648398585,0.0,0.33849136527529256,0.07658519281481446,-0.0006690298726210048,0.03289688293902804
2011-10-26,360746.0,-0.09429561378555314,0.11293979320420035,0.9210219933138551,0.7415494558498223,-0.07110307836439822,0.0,0.395677290947093,0.07478116313842165,-0.003857775515482123,-0.011390771720953707
2011-10-27,393881.0,-0.09574119067816514,0.10963249843904047,0.9220729103460182,0.7229823220718948,-0.07471173966089506,0.0,0.481292573137572,0.08787472363927584,-0.0014455768926120022,-0.018567133777927514
2011-10-28,438895.0,-0.09436704172206632,0.10635631486204832,0.9274450608915572,0.7398170405222205,-0.08088959383198147,0.0,0.58472527597717,0.10821137129194547,0.0013741489560988168,0.016834718450325692
2011-10-31,454765.0,-0.08915435877553672,0.1053713202436819,0.8953085659626401,0.7289677085967478,-0.07745308519457172,0.0,0.3781161698899432,0.0355205974982713,0.005212682946529601,-0.010849331925472772
2011-11-01,476433.0,-0.09106759835287384,0.10345024419934874,0.9297823618431132,0.7143627750386728,-0.08160708264617866,0.7132755287731958,0.4297708177225339,0.04654630259262049,-0.0019132395773371197,-0.014604933558074906
2011-11-02,499374.0,-0.08868205963550971,0.10281984772582974,0.8963221953886266,0.7099408459391158,-0.0787594838420993,0.7217676531016833,0.5950389888139951,0.04702820941187191,0.002385538717364133,-0.004421929099557076
2011-11-03,516973.0,-0.07361076517159451,0.10401608536654024,0.86164654633801,0.5779702228162786,-0.06170118936076385,0.7316552315111234,0.5969093163472754,0.03463533475791003,0.015071294463915197,-0.13197062312283714
2011-11-04,546151.0,-0.08890380022262802,0.10024504813790507,0.9367153040093308,0.7079818584970091,-0.07933864949501723,0.7397734326221137,0.4695368130791667,0.05490484551337005,-0.015293035051033507,0.1300116356807305
2011-11-07,560930.0,-0.09048775462331764,0.09923268275503536,0.9384985648833187,0.7043606154065569,-0.08157213857239576,0.7337421781683989,0.2610022640971244,0.02670062626708969,-0.001583954400689619,-0.0036212430904521975
2011-11-08,570733.0,-0.08779277911576673,0.0995529225838872,0.9350974974287452,0.6953671857068016,-0.07904309946729227,0.7196710195485455,0.4368697797393878,0.017325379042409494,0.0026949755075509063,-0.008993429699755362
2011-11-09,586952.0,-0.08191369619163728,0.09922864548280064,0.893136065640802,0.6081195736619008,-0.07430182521231543,0.7191627254017364,0.30687177145660977,0.028021545167808526,0.005879082924129447,-0.08724761204490072
2011-11-10,550832.0,-0.05759927568839288,0.105996929396489,0.792016440584425,0.49677397101112497,-0.0011876289562547937,0.6664010079298225,1.0114699218636536,-0.06351318228407798,0.0243144205032444,-0.11134560265077587
2011-11-11,559594.0,-0.06631371637479447,0.10472954904284597,0.8017276811402553,0.5021122456638205,-0.00913361629581566,0.6522282226042452,0.46038735225895916,0.015781658309684587,-0.008714440686401585,0.0053382746526955405
2011-11-14,576990.0,-0.0819151265573464,0.10200909157811677,0.8921350456680358,0.6260108494081353,-0.02998412097293912,0.6526161631917364,0.4906792145444462,0.030613414545785034,-0.015601410182551928,0.12389860374431483
2011-11-15,589164.0,-0.0768460013225197,0.10208204863188967,0.8375545688467049,0.611625964926574,-0.02550506870856728,0.6384470198450686,0.3863355534282475,0.020879647590087203,0.0050691252348266935,-0.014384884481561389
2011-11-16,575125.0,-0.07116498315560037,0.10481605121094024,0.79538882851554,0.5986820256465986,-0.011847006843974772,0.5810910671593132,0.6374683764399044,-0.02411717444983985,0.0056810181669193355,-0.012943939279975392
2011-11-17,272948.0,-0.07505537676941312,0.1287615755695188,0.8303486378357783,0.6862076292920263,-0.10663647278422161,0.0,0.4942479886278705,-0.7453061076240424,-0.0038903936138127565,0.08752560364542772
2011-11-18,300374.0,-0.06077068174979365,0.12821677206302837,0.8097405234807273,0.5733152669671809,-0.03231782000558492,0.0,0.566034343851332,0.09574706402763233,0.014284695019619473,-0.11289236232484534
2011-11-21,320023.0,-0.038985942127625614,0.13087677570664583,0.7379313361852117,0.4850807598203879,-0.06285143071348254,0.0,0.5904544360874062,0.0633645033316661,0.021784739622168037,-0.08823450714679304
2011-11-22,341851.0,-0.036886403408161156,0.12838675428977542,0.758049559603453,0.5001857534422892,-0.05714689794186589,0.0,0.45658196114681543,0.06598210140425209,0.0020995387194644582,0.01510499362190132
2011-11-23,360799.0,-0.017031287440962464,0.13061583468109514,0.6701903275785133,0.40105155502093964,-0.030328674503374065,0.0,0.6374740506486991,0.05394604695086258,0.019855115967198692,-0.09913419842134957
2011-11-24,376870.0,-0.032541485733336595,0.12881799809858266,0.7018998593679519,0.48721309735452545,-0.0385161682247076,0.0,0.5463767346830471,0.04357928382909826,-0.015510198292374131,0.0861615423335858
2011-11-25,387327.0,-0.024713369187549385,0.1294774484133384,0.6585107673877628,0.45403238090812154,-0.027197207761197606,0.0,0.5441784332101816,0.027368997096203884,0.00782811654578721,-0.03318071644640391
2011-11-28,395271.0,-0.042266122904213686,0.1262599624433792,0.7304128053917439,0.5148872545671198,-0.04330910682758393,0.0,0.3624956042816194,0.02030230811666911,-0.0175527537166643,0.060854873658998276
2011-11-29,397169.0,-0.05445357423700402,0.12458848862420759,0.7629447414073103,0.6162238241151752,-0.055611598806636464,0.0,0.34364716279467933,0.004790277193000847,-0.012187451332790332,0.10133656954805537
2011-11-30,410976.0,-0.043846658922313486,0.12440405850925552,0.7708819979755509,0.510350969399673,-0.04404906056094038,0.0,0.38522444132990735,0.034172935829669626,0.010606915314690532,-0.10587285471550223
2011-12-01,442531.0,-0.07329538762191537,0.11748458987711846,0.837945816225304,0.6839950195579518,-0.08061220083329956,0.8243964829582561,0.6306722014954884,0.07397569986067332,-0.029448728699601884,0.17364405015827888
2011-12-02,459694.0,-0.06840604829270995,0.11659513366000401,0.8398304089241974,0.6087114471800806,-0.07571827893141836,0.8201825562221826,0.3116790734706131,0.038050532245257784,0.004889339329205419,-0.0752835723778712
2011-12-05,467992.0,-0.062376503677154777,0.11642562235214553,0.8013213901092326,0.598561513872032,-0.07017108851971232,0.8140139147677738,0.3225140600694029,0.01789015101787328,0.006029544615555174,-0.010149933308048587
2011-12-06,463557.0,-0.0451136362130864,0.11937034715237657,0.7405971649656892,0.5552801489352981,-0.05121702979178522,0.8059742383353072,0.47116751553746355,-0.009521846963354008,0.017262867464068375,-0.04328136493673396
2011-12-07,471752.0,-0.05688965760403089,0.11735367211767096,0.811757024877478,0.5645084705523241,-0.06156689890516143,0.8006219369499228,0.30761289830249794,0.01752406898222958,-0.01177602139094449,0.009228321617026025
2011-12-08,482588.0,-0.05098293527289284,0.11712591251896994,0.7526316443840294,0.5722749011579236,-0.054833951510117496,0.7949969746450388,0.3916363440450239,0.02270986379557094,0.005906722331138051,0.00776643060559945
2011-12-09,485278.0,-0.03829095636364629,0.1177138237187752,0.7123092330581646,0.467455767621858,-0.04254856164681653,0.7886695873293247,0.6298575249650715,0.00555863503086762,0.012691978909246553,-0.10481913353606559
2011-12-12,499070.0,-0.04610226264765291,0.1155557276936765,0.7589256016190113,0.5659666980583886,-0.05022852077409257,0.7813873805277817,0.35806399903821107,0.028024443874480554,-0.007811306284006621,0.09851093043653064
2011-12-13,507411.0,-0.0397877871400466,0.11558673326865859,0.7201657039362568,0.46863982057937253,-0.04296645597428195,0.7775432538908301,0.35974781784391746,0.016574959604549022,0.006314475507606311,-0.09732687747901608
2011-12-14,522640.0,-0.04329277665691824,0.11360368422873715,0.7705361242920558,0.46174422164396145,-0.046596856369816364,0.7743571100566355,0.292162865452319,0.029571564453702237,-0.0035049895168716427,-0.006895598935411085
2011-12-15,503899.0,-0.023277769110732215,0.11845384335019486,0.6496738433694054,0.41027467806048434,-0.02433111245470898,0.7567091818003211,0.5020589443519435,-0.03651703936865047,0.020015007546186025,-0.051469543583477106
2011-12-16,508648.0,-0.02690428085739779,0.11759318903044177,0.661048505056542,0.40956417797769773,-0.027278930714257354,0.7479553640238435,0.3729553640238436,0.009380374091382038,-0.0036265117466655755,-0.0007105000827866137
2011-12-19,500494.0,-0.007505964270808063,0.12189002290601074,0.6209485028791554,0.3709335176845277,-0.005024625640515423,0.7160465460125396,0.6651008803302337,-0.016160614583796473,0.019398316586589727,-0.03863066029317003
2011-12-20,519815.0,-0.013600428696619288,0.11990766530527078,0.6276521454748324,0.3770456797129748,-0.009401678613882858,0.7004203418523898,0.37614151188403566,0.037877368372386755,-0.006094464425811225,0.00611216202844711
2011-12-21,560895.0,-0.053442081695389373,0.1108251698530285,0.8127403524723879,0.5718218204833346,-0.023897291027893508,0.6985086335232085,0.513602367644568,0.0760607431857796,-0.039841652998770086,0.19477614077035982
2011-12-22,187829.0,-0.05524181726439265,0.14301176327839682,0.8302125869807112,0.6664625803257218,-0.08129795373473914,0.0,0.34698582221062774,-1.0940017477815989,-0.0017997355690032787,0.09464075984238718
2011-12-23,209847.0,-0.0728619369860835,0.13365146274674852,0.9009278188394402,0.7020877115231573,-0.08588850933729719,0.0,0.5827722102293575,0.110846719303753,-0.017620119721690843,0.03562513119743549
2011-12-26,226103.0,-0.07440148830702627,0.13099030760943292,0.889559183204115,0.711932172505451,-0.08354928671936024,0.0,0.37040198493606896,0.07461195390942876,-0.0015395513209427725,0.009844460982293746
2011-12-27,240979.0,-0.07392065421059439,0.12788089565141078,0.8933807510197984,0.711032911581507,-0.0825726919998927,0.0,0.3274683686130327,0.06371914510337184,0.0004808340964318758,-0.0008992609239439897
2011-12-28,256462.0,-0.06948333834944434,0.12479761135466773,0.897653453533077,0.7054261450039382,-0.07888565003039683,0.0,0.28864705102510313,0.06227071272310347,0.004437315861150051,-0.005606766577568867
2011-12-29,267995.0,-0.07227057050720392,0.12223293037348945,0.902863859400362,0.7096363738129443,-0.0812487102145355,0.0,0.2641504505681076,0.043987818132745105,-0.0027872321577595838,0.004210228809006122
2011-12-30,290649.0,-0.0711340205723742,0.11864714489505361,0.8999721313336705,0.6905201806990563,-0.08089275008201269,0.0,0.3491703050758819,0.08114802995678794,0.001136549934829728,-0.019116193113888014
2012-01-02,309977.0,-0.05868966136391929,0.11866141037508154,0.8504501946918642,0.6349954996661042,-0.06504550351614813,0.7465037728605671,0.4251218638802234,0.06438174760113924,0.012444359208454908,-0.05552468103295205
2012-01-03,339253.0,-0.07234654542528011,0.11285442434633766,0.9082690499420786,0.7061632468983325,-0.07845600265404673,0.7537206745408294,0.3520027825840892,0.09024804053366076,-0.013656884061360827,0.0711677472322283
2012-01-04,375276.0,-0.07667298199445245,0.1082324440095624,0.9137994436095034,0.7090594655666762,-0.0823058688657442,0.7675497500506294,0.33527323889617244,0.10091561354324519,-0.004326436569172337,0.002896218668343664
2012-01-05,399756.0,-0.08236832067205353,0.10519213241528409,0.9416093817228509,0.7034491039534115,-0.08846899251983631,0.7632305706480953,0.2826048889822792,0.06319260572705332,-0.005695338677601081,-0.005610361613264669
2012-01-06,426158.0,-0.07983388046498269,0.1028601609017904,0.9442554170049606,0.6968659511261082,-0.08714403883991462,0.7494990121034921,0.28070809418103143,0.06395580854242056,0.0025344402070708455,-0.0065831528273033735
2012-01-09,447714.0,-0.07608258425331503,0.10158991564323874,0.9089217670209107,0.6909611939765118,-0.0836087206613807,0.7334727080234257,0.2781061123842453,0.04934446617364863,0.003751296211667657,-0.0059047571495963735
2012-01-10,480087.0,-0.08671217423143614,0.09808897402346133,0.9442850983259284,0.7807064136291963,-0.0945650220717188,0.7082028882265089,0.3479931762368071,0.06981270177978516,-0.010629589978121107,0.08974521965268456
2012-01-11,512930.0,-0.08716189941085586,0.09608718706237411,0.9419901351061548,0.7740900317782153,-0.09574149892671469,0.6995925369933519,0.26392100286588815,0.06617204614046024,-0.0004497251794197271,-0.006616381850981012
2012-01-12,571901.0,-0.08849257935081732,0.09388736154542335,0.94023441120054,0.7731740283720434,-0.09553640257257279,0.6892574064392264,0.3281949148541443,0.10882651585858127,-0.0013306799399614572,-0.000916003406171928
2012-01-13,715988.0,-0.08671595487323207,0.08929258837454425,0.9191452929378705,0.7443783974033085,-0.0949016506208975,0.7014125935071538,0.5539157080844931,0.22469750756648033,0.0017766244775852535,-0.028795630968734942
2012-01-16,670253.0,-0.07885309008853944,0.09284749009399333,0.9188202066980677,0.6680104378495881,-0.0849735768523654,0.6478837095842913,0.7211605169988049,-0.06600815399579751,0.007862864784692628,-0.07636795955372033
2012-01-17,711907.0,-0.09117367084343121,0.09037995935193256,0.9693990928590391,0.7222614751645932,-0.09985763902352551,0.6353947917354373,0.45546117681101606,0.060292031855311734,-0.012320580754891772,0.054251037315005024
2012-01-18,765611.0,-0.08915912955175763,0.08882744540663995,0.968393871038948,0.6962739563564264,-0.1014267960059112,0.6084591261097346,0.37073396280878934,0.07272692294844418,0.0020145412916735828,-0.025987518808166743
2012-01-30,351506.0,-0.09813993346693536,0.10934916502899567,0.9598356784805949,0.8054172617252622,-0.08200032129988755,0.0,0.6559688881555364,-0.7784474270453074,-0.008980803915177735,0.10914330536883576
2012-01-31,388769.0,-0.10418730322079717,0.10477496439322644,0.9704245966113554,0.8026102904295352,-0.09539342404231432,0.0,0.5998909378062551,0.10075855609087725,-0.006047369753861803,-0.0028069712957269344
2012-02-01,438067.0,-0.10107917594587963,0.10151912116769202,0.9628823901366685,0.7532843149563879,-0.07275065867819286,0.7661750371518512,0.4359881022765924,0.1193865298173673,0.0031081272749175354,-0.04932597547314732
2012-02-02,477553.0,-0.10618106008091696,0.09936312251753493,0.9705331136020504,0.7757086647974152,-0.08526147147453234,0.7683586952652376,0.5429219374603447,0.08630328181116198,-0.0051018841350373295,0.022424349841027258
2012-02-03,497564.0,-0.10523597952320751,0.09864074241922662,0.9669831418671769,0.7419548038041337,-0.08794669439308711,0.7703893368491289,0.33406355765288487,0.0410490430151782,0.000945080557709449,-0.03375386099328148
2012-02-04,531120.0,-0.10693339657608847,0.09785730912064111,0.9731699051061907,0.7474676156047597,-0.044080793257927686,0.7739230305768942,0.4089716071697545,0.06526379287000594,-0.0016974170528809562,0.005512811800626016
2012-02-06,560176.0,-0.09767434796073128,0.09762889806514315,0.9456099511582075,0.7237653880209077,-0.03745847413754977,0.7568924766501957,0.3263206563651424,0.0532630356551671,0.009259048615357188,-0.023702227583851987
2012-02-07,586031.0,-0.0970331185637253,0.09654648133965006,0.9716380191491576,0.7035685825493874,-0.026914254278982308,0.7541136902314042,0.30547701401461697,0.04512166913562332,0.0006412293970059768,-0.020196805471520363
2012-02-08,618175.0,-0.1091214430687712,0.09527913332640162,0.9695652525579326,0.7359792938892709,-0.04700307881538668,0.7441032070206657,0.5273991992558742,0.05339889969154399,-0.012088324505045892,0.03241071133988349
2012-02-09,650120.0,-0.10909699821836336,0.09470016640554081,0.9788962037777641,0.7789438872823479,-0.03928563302228094,0.7382390943210484,0.41741524641604627,0.050385372341736456,2.4444850407839835e-05,0.04296459339307701
2012-02-10,666186.0,-0.10134710577619799,0.09520109530375921,0.9533989006073379,0.6888241422065309,-0.03335805053756746,0.729182240395325,0.37645492400020414,0.024411949593494242,0.007749892442165368,-0.09011974507581699
2012-02-13,686544.0,-0.10431153837762291,0.09504397861223265,0.97239506863362,0.7349565359248642,-0.039544238466000525,0.7228815633083968,0.3710002563564753,0.03010140555218399,-0.0029644326014249267,0.04613239371833333
2012-02-14,699883.0,-0.10037327495023599,0.09491310246749274,0.9412201753721694,0.6633151541043288,-0.023348317114996298,0.7012143458263739,0.4702728884685012,0.01924286183568391,0.003938263427386929,-0.07164138182053537
2012-02-15,756824.0,-0.10697267958366691,0.09367839563023994,0.9822904664756932,0.76386451803854,-0.013146389115129553,0.6904736107734427,0.3673548936080251,0.07821755149207377,-0.006599404633430922,0.10054936393421121
2012-02-16,271519.0,-0.08948454873367362,0.11767689312956901,0.9067689553953867,0.6270168938453663,-0.046977648449114895,0.0,0.5874395530331211,-1.0250986111992244,0.01748813084999329,-0.13684762419317376
2012-02-17,301247.0,-0.08803253258091003,0.11386911343506527,0.8944553804685191,0.5987379127426995,-0.04995465116868236,0.0,0.624607050028714,0.1038984077398677,0.0014520161527635939,-0.0282789811026668
2012-02-20,318657.0,-0.09287040013394253,0.110916847375533,0.9264538359427221,0.6680913960779145,-0.057175398060546945,0.0,0.35134957022754876,0.05618476294609742,-0.004837867553032504,0.06935348333521496
2012-02-21,335895.0,-0.08889436714448778,0.10946944863808694,0.9285431459235773,0.6693043957189002,-0.05320961939026703,0.0,0.47632742374849285,0.052683321929752225,0.003976032989454745,0.0012129996409857569
2012-02-22,368884.0,-0.09370986230235642,0.1051548319699983,0.9580193231476561,0.7262391429284003,-0.0626968336649304,0.0,0.467282397718524,0.09368362034954103,-0.004815495157868638,0.05693474720950009
2012-02-23,380478.0,-0.08591787292912197,0.1046751717471493,0.9286686746671292,0.6372930892193504,-0.04249555894321744,0.0,0.29882148245102214,0.030946125496074117,0.007791989373234456,-0.08894605370904995
2012-02-24,401963.0,-0.08701920645751589,0.1021791909204551,0.9284411749340113,0.6363197607740015,-0.04514695942125857,0.0,0.353089712237196,0.05493168761158529,-0.0011013335283939218,-0.0009733284453488089
2012-02-29,433110.0,-0.1003996587919689,0.09823338260224705,0.9662302879176191,0.7779432476738011,-0.06420536259579579,0.0,0.531537022927201,0.07463169272772952,-0.013380452334453008,0.14162348689979953
2012-03-01,452683.0,-0.09645204844201279,0.09763290281017621,0.9628680555708962,0.7477373791372771,-0.03921244983580385,0.8546267476357627,0.3598367952850008,0.044200363963968314,0.00394761034995611,-0.03020586853652396
2012-03-02,462865.0,-0.09769905204879009,0.09708852930640556,0.9579661456364167,0.7366316312531732,-0.06680222592226959,0.8491266351960075,0.31276290062977324,0.02224333362182307,-0.0012470036067773055,-0.0111057478841039
2012-03-03,468261.0,-0.09372194066818453,0.09717408731248618,0.9583821842946562,0.7296294160735145,-0.06339809031800092,0.8477238121474989,0.17895575330851812,0.011590397877153436,0.003977111380605566,-0.007002215179658711
2012-03-05,484390.0,-0.08083997381368833,0.09703110748154092,0.9311897438014822,0.6471686038109787,-0.05056254169404628,0.8338508226842007,0.37481368318916575,0.033864534597277896,0.01288196685449619,-0.08246081226253577
2012-03-06,488521.0,-0.0750730206412952,0.09709957579968682,0.8997914112187603,0.5655458004875942,-0.029978697324378967,0.8185523242603696,0.6348365781614301,0.0084920919298348,0.005766953172393133,-0.08162280332338456
2012-03-07,513687.0,-0.07171039186871023,0.09623784464059766,0.90740081022101,0.5690566434424076,-0.025696310805407463,0.809594169211991,0.475546393037005,0.0502316712539308,0.0033626287725849746,0.003510842954813409
2012-03-08,541509.0,-0.07948292404581286,0.09372335555140363,0.905068983156328,0.5601181143803704,-0.03563878285090227,0.8099865376198734,0.4142498093291155,0.052745556247719705,-0.007772532177102637,-0.008938529062037182
2012-03-09,566719.0,-0.08177520753956014,0.09187742412649512,0.9456697234431879,0.6574916316551942,-0.039422356010034965,0.8086723755511991,0.36556388615874885,0.045503903251562505,-0.0022922834937472714,0.0973735172748238
2012-03-12,570436.0,-0.07176714625972155,0.09249013569301329,0.9055950185472165,0.5579714464024009,-0.02870369786377891,0.8021530899171861,0.31288172555729304,0.006537390659890008,0.010008061279838582,-0.09952018525279327
2012-03-13,583008.0,-0.0812492038940567,0.09141968026425445,0.9445153411273944,0.6285831412261924,-0.041276173471738176,0.7852156402656567,0.46406395795598004,0.02179992767027983,-0.009482057634335142,0.07061169482379148
2012-03-14,587847.0,-0.08802951176491226,0.09217373543824953,0.9537906972392476,0.6864303126493798,-0.05233801749113265,0.7790955809930135,0.49121455072493353,0.008265801574765419,-0.0067803078708555675,0.057847171423187405
2012-03-15,602625.0,-0.08717461435954867,0.09177486753648835,0.9549603816635552,0.680540966604439,-0.051913288235598265,0.7655540344326903,0.3207417548226509,0.02482840276774745,0.0008548974053635972,-0.005889346044940846
2012-03-16,602000.0,-0.07985043939978076,0.09259496923317484,0.917546511627907,0.5851528239202658,-0.04406488440633938,0.7542441860465117,0.3146063122923588,-0.0010376674169663147,0.007324174959767907,-0.09538814268417317
2012-03-19,609949.0,-0.07883910018958105,0.09264226001064524,0.9182029972997743,0.5853259862709833,-0.030323523854041357,0.7372747557582683,0.5140446168450149,0.013117901805935972,0.0010113392101997049,0.00017316235071751507
2012-03-20,603938.0,-0.07225958480821837,0.09378635321936057,0.8531306193682133,0.5149833261030106,-0.02166141959436574,0.71608675062672,0.4866774403995112,-0.009903803455333815,0.0065795153813626855,-0.07034266016797275
2012-03-21,618078.0,-0.07428393035581726,0.09229567072748669,0.8788308271771524,0.5204877054352364,-0.010265674760772447,0.6822698753231793,0.47616967437766755,0.02314311942623526,-0.0020243455475988936,0.005504379332225806
2012-03-22,243503.0,-0.0911043956605399,0.0818836097964274,0.9567602863209077,0.6302427485492992,-0.032250860428241324,0.0,0.6883939828256737,-0.9314854003103665,-0.016820465304722643,0.10975504311406281
2012-03-23,264540.0,-0.09089007987022342,0.08051079322107665,0.9544643532169048,0.6178800937476374,-0.0342482799095164,0.0,0.3121531715430559,0.0828632058226102,0.0002143157903164855,-0.012362654801661765
2012-03-26,291423.0,-0.08047766165796477,0.08039982601151918,0.8866733236566777,0.543982458488177,-0.0335884492483326,0.0,0.5921975959344321,0.09678335135524385,0.010412418212258648,-0.07389763525946047
2012-03-27,313372.0,-0.08453845797593097,0.07859309804225413,0.9601017321266737,0.6197203323845143,-0.04103140186264087,0.0,0.40912398044496634,0.07261516328443562,-0.0040607963179662004,0.07573787389633735
2012-03-28,332544.0,-0.0836809764630141,0.07792235068404052,0.9593918398768283,0.6059980032717475,-0.04205860362002323,0.0,0.3643367494226328,0.0593811989304438,0.0008574815129168689,-0.013722329112766829
2012-03-29,349501.0,-0.06704305731139373,0.07772807574739424,0.8504038615054034,0.4434035954117442,-0.03463378324479904,0.0,0.8590905319298084,0.04973424073207511,0.01663791915162037,-0.1625944078600033
2012-03-30,367503.0,-0.07504925619503883,0.07628917643767956,0.9065994019096443,0.5448853478747112,-0.02937098197403254,0.0,0.6226534205162951,0.050225058984779025,-0.008006198883645094,0.10148175246296703
2012-04-02,384017.0,-0.0656902485785221,0.07631938080158332,0.8559907504094871,0.44817026329563536,-0.020717546961044886,0.7322358124770518,0.3104497977954101,0.04395534055625738,0.009359007616516729,-0.09671508457907585
2012-04-03,390591.0,-0.05514919694882821,0.076796044190009,0.7805428184469176,0.3814962454332025,-0.020725822558096185,0.7185649438927164,0.7537270444019447,0.016974154261328422,0.01054105162969389,-0.06667401786243288
2012-04-05,402531.0,-0.04418962646219112,0.07632119715655175,0.7258993717254075,0.35867796517535294,-0.01830147830708051,0.723656066240861,1.0131145178880632,0.030111135823910118,0.010959570486637087,-0.022818280257849544
2012-04-06,431200.0,-0.053690030195772676,0.07479267878430804,0.8196451762523191,0.43539192949907235,-0.026765253183775317,0.7235714285714285,0.43624768089053806,0.06879990706841177,-0.009500403733581554,0.07671396432371941
2012-04-09,444964.0,-0.04204442514853807,0.07480569388834649,0.7673047707230248,0.3744932174288257,-0.013270849258045447,0.725573304806681,0.6502615941963844,0.0314213604225575,0.011645605047234608,-0.06089871207024666
2012-04-10,456332.0,-0.04865845319198058,0.07435206340670966,0.7802301832876064,0.37850731484971467,-0.01841197380337878,0.7080130256041653,0.554889860890755,0.025227234757966954,-0.0066140280434425144,0.004014097420888985
2012-04-11,476953.0,-0.05191982104234536,0.07381784887267427,0.7909039255440263,0.3856480617587058,-0.02046189792690556,0.6951502558952349,0.5666826710388655,0.04419733876362564,-0.0032613678503647797,0.007140746908991136
2012-04-12,484340.0,-0.053100139372243005,0.07346748671110104,0.792847999339307,0.39321138043523146,-0.02126082485527714,0.6869698971796672,0.44546186563158113,0.015369185893419512,-0.0011803183298976436,0.007563318676525654
2012-04-13,501905.0,-0.06634922871885782,0.07220094425308864,0.8577519650132993,0.4522768252956237,-0.037013354698797074,0.6737330769767187,0.6823203594305696,0.035623719322762426,-0.013249089346614812,0.059065444860392224
2012-04-16,510285.0,-0.060266733866371484,0.07262717626079009,0.8643267977698736,0.45757174912058945,-0.02973663171131169,0.650348334754108,0.3756939749355752,0.01655853440894184,0.006082494852486332,0.005294923824965769
2012-04-17,495685.0,-0.04643247152649333,0.074432023355332,0.7047762187679676,0.42208862483230275,-0.011319729971644654,0.604188143679958,0.7360965129063821,-0.02902874883342932,0.013834262339878153,-0.035483124288286705
2012-04-18,517809.0,-0.051800250219566406,0.07275488408666106,0.8501841412567183,0.43125360895619813,-0.0006574621959237748,0.5603301603487,0.54713996859846,0.04366580406402676,-0.005367778693073075,0.009164984123895381
2012-04-19,270096.0,-0.0816421879762058,0.08152171185328658,0.9024717137610331,0.5999274332089332,-0.029214096336070305,0.0,0.592892897340205,-0.6508289970356245,-0.029841937756639396,0.16867382425273503
2012-04-20,301661.0,-0.06660400010637807,0.08034114856396411,0.8682925535617796,0.4980491346246283,-0.014273059683102107,0.0,0.5572082569506831,0.11052641896596427,0.015038187869827732,-0.10187829858430486
2012-04-23,317920.0,-0.06403022732068354,0.07909375232168059,0.8025195017614494,0.5159505535983895,-0.037573401736912704,0.0,0.5409631353799698,0.052495908478508824,0.0025737727856945253,0.017901418973761185
2012-04-24,351614.0,-0.06929219356916226,0.07850433159626545,0.8149703936703316,0.5367419954836838,-0.039851497031540895,0.0,0.5660639223694165,0.10073420418977186,-0.005261966248478717,0.02079144188529436
2012-04-25,374195.0,-0.07644663566774453,0.0773769407222694,0.8862838894159463,0.5252929622255775,-0.048019483867896895,0.0,0.34229746522535043,0.06224306891885156,-0.007154442098582264,-0.011449033258106311
2012-04-26,403478.0,-0.07178363882995878,0.07712422512649705,0.8904748214276863,0.5299024977817873,-0.04272504271174726,0.0,0.45041861018444623,0.07534491138703281,0.004662996837785746,0.004609535556209798
2012-04-27,425198.0,-0.06808575851023671,0.07814777840918496,0.8207164662110358,0.5373614175043157,-0.03749749348305598,0.0,0.5347673319253619,0.05243297948870662,0.003697880319722069,0.007458919722528323
2012-04-30,434774.0,-0.07134672493274033,0.07741085980329372,0.8965531517524047,0.5449819906434148,-0.04022010952154975,0.0,0.33798249205334263,0.022271413063140955,-0.0032609664225036195,0.0076205731390991405
2012-05-02,462604.0,-0.08667913678715465,0.07617868202803353,0.9224196072666903,0.587227953065689,-0.04908418991742669,0.7154823563998582,0.6727568287347278,0.062045040688019526,-0.015332411854414321,0.042245962422274186
2012-05-03,478816.0,-0.08320557804446972,0.0759695270301697,0.9210218539063022,0.5767935908574484,-0.03388328004459795,0.7109495087883446,0.2619544877364165,0.03444499346197816,0.003473558742684929,-0.010434362208240566
2012-05-04,510029.0,-0.08574052407560676,0.0750900059997398,0.9571338100382527,0.6512453213444725,-0.039079594076055546,0.7076440751408253,0.42635810904870114,0.06315119684583692,-0.0025349460311370337,0.07445173048702414
2012-05-07,502074.0,-0.06946785362592661,0.07646180261296483,0.8711345339531623,0.48734847851113583,-0.018317661791862117,0.6844867489652919,0.5318498866700925,-0.015720067660389248,0.016272670449680143,-0.16389684283333672
2012-05-08,506211.0,-0.07067824487671735,0.07602450217185952,0.8759311828466786,0.4899498430496374,-0.03256287347380171,0.6755542649211494,0.28914029920329665,0.008206059229751261,-0.0012103912507907405,0.0026013645385015716
2012-05-09,509885.0,-0.062269546616955634,0.07649493937846712,0.7985075065946243,0.48922992439471646,-0.010127466153716513,0.6618512017415692,0.562781803740059,0.007231631679349704,0.008408698259761718,-0.0007199186549209369
2012-05-10,517862.0,-0.06312368660993012,0.0763252047540452,0.7960614990093886,0.48973664798730165,-0.011225265599591694,0.6524228462408904,0.44720601241257324,0.01552358740426385,-0.0008541399929744842,0.0005067235925851898
2012-05-11,526472.0,-0.05496956151592854,0.07645322296358302,0.8162105487091431,0.4351798386238964,-0.013696113016914424,0.6308806546217083,0.6692093786564147,0.01648935127351514,0.008154125094001576,-0.054556809363405234
2012-05-14,529155.0,-0.05296018715037419,0.07649265903153273,0.7351551057818597,0.44325386701439085,-0.010461992251781904,0.6167115495459743,0.4369173493588835,0.0050832458382625845,0.002009374365554352,0.008074028390494425
2012-05-15,547025.0,-0.05616572884833062,0.07553013061670388,0.7500095973675792,0.45248754627302223,-0.012931943685739244,0.5879603308806727,0.6710607376262511,0.033213110605116114,-0.003205541697956428,0.009233679258631389
2012-05-16,530628.0,-0.044171699669399635,0.0766628764019025,0.7237707018853132,0.38200961879131895,-0.004778445712737556,0.49616115244578124,0.8189541449000053,-0.030433294456837956,0.011994029178930984,-0.07047792748170328
2012-05-17,307692.0,-0.09143312090529421,0.08016042103656838,0.9024316524316525,0.6117871117871118,-0.04849546744019462,0.0,0.4679354679354679,-0.5449619281198856,-0.04726142123589457,0.2297774929957928
2012-05-18,353518.0,-0.07182810260466446,0.08228522718893116,0.8080946373310552,0.5334353554840207,-0.021141935817675095,0.0,0.7685153231235751,0.1388351207779408,0.019605018300629745,-0.0783517563030911
2012-05-21,366795.0,-0.07811839342920723,0.08145633401524956,0.811676822203138,0.6040294987663408,-0.026727454489080538,0.0,0.37229787756103544,0.036868705464708995,-0.006290290824542771,0.07059414328232017
2012-05-22,394234.0,-0.09118342574769717,0.07945541839874158,0.8886727172187077,0.6813592942262717,-0.03778613834710909,0.0,0.353452518047657,0.0721415327508037,-0.013065032318489933,0.0773297954599309
2012-05-23,421999.0,-0.07637195947144515,0.07972728124339491,0.8366252052729983,0.5679136680418674,-0.020670840474275143,0.0,0.4593257329993673,0.06805830273151336,0.014811466276252017,-0.11344562618440435
2012-05-24,439417.0,-0.07533223319272214,0.07934041919007433,0.8440752178454635,0.5831408434357341,-0.01752869167102933,0.0,0.4023649517428775,0.040445903958676865,0.0010397262787230077,0.015227175393866754
2012-05-25,461060.0,-0.0689155246119107,0.07892225098123754,0.7965145534203791,0.585444410705765,-0.010129206420584791,0.0,0.3974623693228647,0.04807933804781506,0.006416708580811448,0.002303567270030893
2012-05-28,490186.0,-0.0773370283676889,0.07724804603776952,0.8601000436568976,0.5803042110545793,-0.01905829596412556,0.0,0.31121655861244507,0.06125672454320252,-0.0084215037557782,-0.005140199651185728
2012-05-29,527536.0,-0.10006497463331836,0.07491520724597014,0.9391226380758849,0.6963259379454673,-0.046618970375727486,0.0,0.5511244730217464,0.07343219855238381,-0.022727946265629462,0.11602172689088797
2012-05-30,543319.0,-0.09047359631887947,0.07506760106160414,0.9097123421047304,0.6269999760729884,-0.03605166763061507,0.0,0.3483147101426602,0.02947951494959611,0.00959137831443889,-0.06932596187247886
2012-05-31,563240.0,-0.09513338813831947,0.07373523214817972,0.9431680988566153,0.700493572899652,-0.04129288502362527,0.0,0.480628151409701,0.03600920063247948,-0.004659791819439998,0.07349359682666357
2012-06-01,585224.0,-0.0716526030981077,0.0749443681095696,0.8750393011906552,0.568430207920386,-0.01492944783981065,0.8406182931663774,0.4571258184900141,0.038288854875863976,0.02348078504021177,-0.13206336497926596
2012-06-04,566959.0,-0.045979667417769134,0.07794973992565013,0.6622401267111026,0.4492053217252041,0.015278490890051177,0.8383957217364925,0.831090078824042,-0.03170768921739153,0.025672935680338564,-0.1192248861951819
2012-06-05,593096.0,-0.06124786509177325,0.07572711130135816,0.8452560799600739,0.5399952115677732,-6.428158189830668e-05,0.8402585753402485,0.39615677731766863,0.04506928388909692,-0.015268197674004114,0.09078988984256908
2012-06-06,621498.0,-0.06839053852135289,0.07384396601686767,0.8523406350462914,0.6003832675245938,-0.007957597273300587,0.8396825090346228,0.28980463332142664,0.0467764183279904,-0.007142673429579645,0.06038805595682062
2012-06-07,630052.0,-0.07099992587150251,0.0737155694710699,0.8515265406664847,0.5954698977227276,-0.01134272369430156,0.8359675074438301,0.33473745024220225,0.013669662737234134,-0.0026093873501496223,-0.004913369801866185
2012-06-08,641909.0,-0.06082395236148348,0.07418789759745407,0.7579158416535677,0.5360058824537435,5.0002500125101434e-05,0.8316708443097075,0.27129390614557514,0.018644193433061673,0.010175973510019032,-0.05946401526898415
2012-06-11,652486.0,-0.07567862977294278,0.07298612149559115,0.8920773779054263,0.5904417872567381,-0.01688569049033517,0.8289449888579985,0.3636476491449625,0.016343133933002463,-0.014854677411459294,0.05443590480299465
2012-06-12,655325.0,-0.06986556686489873,0.07332666824870142,0.8534376072940907,0.5949231297447831,-0.010192192396013655,0.8226193110288788,0.24819440735512913,0.004341612755206725,0.0058130629080440505,0.004481342488044993
2012-06-13,662350.0,-0.07136998922127873,0.07290214256122182,0.855053974484789,0.5883294330791877,-0.012530981840444766,0.8189597644749754,0.24179059409677664,0.010662821347093399,-0.0015044223563800002,-0.006593696665595394
2012-06-14,674851.0,-0.06981065128952546,0.0726827697380355,0.8559118975892456,0.5904221820816743,-0.010614690958431705,0.804899155517292,0.3172226165479491,0.0186978086346965,0.0015593379317532657,0.0020927490024865714
2012-06-15,709736.0,-0.0785335266050753,0.07097339521153329,0.8982438540527745,0.5814147795800129,-0.02177664924963285,0.8014501166630973,0.41836260243245377,0.050401144138197296,-0.008722875315549841,-0.009007402501661432
2012-06-18,713740.0,-0.09085020664638982,0.07150866648863176,0.9183862470927788,0.7151862022585255,-0.0386596168371901,0.7927872894891698,0.44815759240059405,0.005625680461028182,-0.012316680041314518,0.1337714226785126
2012-06-19,702125.0,-0.09058765085766768,0.0721547551443675,0.9173936264910094,0.7215210966708208,-0.03755329548626252,0.7756254228235713,0.30397578778707496,-0.01640729951159514,0.0002625557887221408,0.006334894412295289
2012-06-20,719702.0,-0.09680071711150409,0.07117046837821689,0.9601168261308153,0.7165757494073937,-0.10015910823040841,0.7451709179632682,0.28912522127213763,0.024725786592968646,-0.006213066253836413,-0.004945347263427102
2012-06-21,219615.0,-0.10157883599887749,0.06508787087820607,0.9581859162625503,0.8190697356737928,-0.052074103076637734,0.0,0.5755253511827516,-1.1869612241320109,-0.004778118887373395,0.10249398626639916
2012-06-22,247245.0,-0.09555098964321429,0.0635585505629241,0.9632793383081559,0.7375275536411252,-0.08613205391820888,0.0,0.44544075714372383,0.11850373453787455,0.006027846355663197,-0.08154218203266761
2012-06-25,263593.0,-0.09062647658871649,0.06361208178059059,0.9381963860952302,0.7562909485456746,-0.0790329287590108,0.0,0.3512422560538406,0.06402649903737334,0.0049245130544978005,0.01876339490454937
2012-06-26,272277.0,-0.0878319932947113,0.06367470801850483,0.941071041623053,0.6842847541290671,-0.07536218483509927,0.0,0.26320254740576693,0.03241368356061436,0.0027944832940051956,-0.0720061944166075
2012-06-27,293791.0,-0.09343948539699048,0.062315546791411096,0.9440895058051472,0.7717390934371713,-0.08116513829160754,0.0,0.38894996783427677,0.07604869973742723,-0.005607492102279191,0.0874543393081042
2012-06-28,310564.0,-0.0917195151801696,0.06208334350134309,0.9464715807369818,0.7676936154866629,-0.07944783607476558,0.0,0.3166658080138071,0.05552136910969452,0.001719970216820882,-0.004045477950508358
2012-06-29,338532.0,-0.10451567826287864,0.06064271020938747,0.9712730258882469,0.8448979712405327,-0.0954294517206028,0.0,0.5678340600002363,0.08622862329963077,-0.012796163082709033,0.07720435575386975
2012-07-02,352753.0,-0.10846436606930562,0.06088951863284221,0.9822000096384722,0.8256712203723285,-0.060605895582941716,0.8078230376495735,0.4173798663654172,0.04114947270725189,-0.003948687806426987,-0.019226750868204134
2012-07-03,370726.0,-0.11217958441409295,0.06267580275974333,0.9880909350841323,0.8452765654418627,-0.06987528240743235,0.798819073925217,0.6013929424966148,0.049695149971297425,-0.00371521834478733,0.019605345069534152
2012-07-04,396506.0,-0.10740797546541939,0.06363772577789206,0.9871805218584334,0.8076019026193803,-0.07040534368731133,0.7963435610053821,0.4101501616621186,0.06722792809426537,0.004771608948673567,-0.03767466282248244
2012-07-05,408376.0,-0.10090028104523818,0.06424811588366744,0.9721359727310126,0.7911483534781671,-0.06602524709723345,0.7951324269790585,0.2829279879326895,0.029497145278973846,0.006507694420181204,-0.01645354914121311
2012-07-06,428115.0,-0.09694852881179603,0.06451918542535516,0.9712857526599161,0.7802529694124243,-0.06359289904852894,0.7883045443397219,0.3855552830431076,0.04720353243150477,0.003951752233442157,-0.010895384065742864
2012-07-09,442547.0,-0.08920203730507803,0.0648967254192241,0.9712640691271209,0.6826529159614685,-0.05608238622372763,0.7741030896153402,0.3166782285271395,0.03315482241740675,0.007746491506717995,-0.09760005345095579
2012-07-10,452781.0,-0.08236124830652358,0.06501830697753558,0.9365830279980829,0.5906939557976152,-0.04845304667406769,0.7539472725224777,0.4778314461075001,0.022861891380969723,0.006840788998554448,-0.0919589601638533
2012-07-11,470678.0,-0.08212566844339751,0.06481201181379859,0.9382146605534994,0.5802459430863562,-0.03553502316782653,0.7457285022881885,0.3222181618856203,0.0387656435374506,0.00023557986312607027,-0.010448012711258947
2012-07-12,460121.0,-0.06887223400684639,0.06553673324717701,0.8893095511832757,0.5159142921101189,-0.03238427526283394,0.7150684276527262,0.6012309805464214,-0.022684710043758827,0.013253434436551123,-0.06433165097623739
2012-07-13,469304.0,-0.06536063415631843,0.06514778986308756,0.8956859519629068,0.5137288410071084,-0.028753130159749007,0.7054894055878492,0.46575567222951436,0.019761247725140763,0.0035115998505279578,-0.002185451103010494
2012-07-16,471767.0,-0.06396878752103757,0.06505410446866934,0.8219036091969129,0.5178615714960987,-0.02680379800396049,0.6931536118465259,0.39852299970112365,0.005234473538742179,0.0013918466352808578,0.004132730488990322
2012-07-17,505298.0,-0.06657276142932385,0.0640519246777842,0.9024536016370538,0.5020364220717279,-0.01781955942191671,0.6893120495232516,0.5309104726319914,0.06866313460989026,-0.002603973908286275,-0.015825149424370744
2012-07-18,495705.0,-0.06217407795409282,0.06281746137709765,0.8785043523870044,0.472932490089872,-0.006958384463154665,0.6130037017984487,0.47322096811611747,-0.01916736252363016,0.004398683475231029,-0.029103931981855957
2012-07-19,230501.0,-0.08873476483341634,0.06506895063783953,0.9609199092411747,0.6540058394540588,-0.020783177614543846,0.0,0.5784573602717559,-0.7657257908995874,-0.026560686879323524,0.1810733493641868
2012-07-20,253688.0,-0.08859552701385634,0.06396037440586749,0.9590993661505471,0.7458137554791713,-0.02298497630040708,0.0,0.3150523477657595,0.09584996470388774,0.00013923781956000358,0.09180791602511251
2012-07-23,281309.0,-0.07358208366337178,0.06313638265536653,0.9402223178071089,0.5798108130205575,-0.046769473290338315,0.0,0.6045629539047809,0.1033485437701529,0.01501344335048456,-0.1660029424586138
2012-07-24,301322.0,-0.07229619508854533,0.061686465862302656,0.9450687304611014,0.6024020814942155,-0.043997517247283624,0.0,0.39721294827460324,0.06872575110117296,0.0012858885748264492,0.022591268473658
2012-07-25,321740.0,-0.07076367965986327,0.06167801036465111,0.8833063964691987,0.6271492509479704,-0.05432338987810803,0.0,0.6027475601417294,0.06556430556486248,0.0015325154286820603,0.02474716945375488
2012-07-26,337803.0,-0.06954495416966834,0.06141655878650643,0.8852052823687179,0.623730399078753,-0.05317837975867523,0.0,0.36814356296421286,0.048719119366772645,0.0012187254901949301,-0.0034188518692173098
2012-07-27,359471.0,-0.08688247324523812,0.060109932344481545,0.9700420896261451,0.6938084017904087,-0.045545716254777546,0.0,0.5610188304480751,0.062170620984479896,-0.017337519075569782,0.07007800271165565
2012-07-30,381996.0,-0.08816043448191435,0.06057513628221228,0.9673111760332569,0.7611388600927759,-0.05013074670898243,0.0,0.37487827097665943,0.06077663103414821,-0.0012779612366762283,0.06733045830236717
2012-07-31,420121.0,-0.09626456778740992,0.0609161822259969,0.9797463111817786,0.7985961187372209,-0.050958050970429714,0.0,0.5601410069956037,0.09513262767648101,-0.008104133305495573,0.037457258644445046
2012-08-01,448258.0,-0.09254453803670594,0.06099448471754142,0.9789786239174761,0.768903176295794,-0.0368686674114882,0.7648273985071098,0.3651111636602135,0.06482619448543048,0.003720029750703985,-0.02969294244142695
2012-08-03,450847.0,-0.08572718319713171,0.06155184421091928,0.9789063695666157,0.6670333838308783,-0.030136432093616827,0.759457199449037,0.3405634283914499,0.005759076316486755,0.006817354839574227,-0.10186979246491568
2012-08-06,465062.0,-0.0888892548278804,0.06347577878617239,0.9563929110527198,0.7012613371980511,-0.03929687510722135,0.757464596118367,0.5386056052741355,0.031042694206629307,-0.003162071630748692,0.03422795336717277
2012-08-07,470654.0,-0.08905763552478271,0.06372311993105985,0.9549180502024842,0.6884611625525333,-0.040499159751407054,0.7482014388489209,0.27187063107930665,0.011952486809045482,-0.0001683806969023094,-0.012800174645517748
2012-08-08,501841.0,-0.08766153357499823,0.06502270107464414,0.9774032014123996,0.647280712416881,-0.04368971829831414,0.7418923523586156,0.44662353215460676,0.0641601196118522,0.001396101949784484,-0.0411804501356523
2012-08-09,554476.0,-0.09261603618145532,0.06757975565859585,0.9760386382819094,0.6884896731328317,-0.058342413602916476,0.7407732706194677,0.6502824288156747,0.09974018716398092,-0.004954502606457092,0.041208960715950704
2012-08-10,566151.0,-0.09149073186066736,0.068373440574293,0.9685755213715069,0.6684347462072839,-0.059281398499150706,0.7324459375678927,0.34598720129435434,0.02083730345736612,0.0011253043207879593,-0.020054926925547778
2012-08-13,590669.0,-0.08800758102812185,0.06916832798922243,0.9595018529836508,0.647569112311633,-0.05867165122439921,0.7272821157027032,0.27332905569786126,0.04239496575287838,0.003483150832545509,-0.02086563389565088
2012-08-14,612777.0,-0.09082820646431053,0.06971350024440544,0.9353386305295401,0.6973238225325037,-0.0640772804759836,0.7097785980870692,0.5256186181922624,0.03674529225722445,-0.0028206254361886757,0.049754710220870635
2012-08-15,609573.0,-0.09035221606720698,0.06962564919108984,0.9528325565600838,0.630695585270345,-0.009071017469810094,0.6664944149429191,0.31875919701167865,-0.005242373031974168,0.00047599039710355395,-0.06662823726215872
2012-08-16,253880.0,-0.1062998379675599,0.07856982190890754,0.9517803686781157,0.7426579486371514,-0.03874524212271757,0.0,0.60301717346778,-0.875896997614694,-0.015947621900352926,0.11196236336680643
2012-08-17,278830.0,-0.10100659858689438,0.07726301848053521,0.9492558189577879,0.6644658035362049,-0.03587612079400959,0.0,0.38901122547788974,0.09374056267641784,0.005293239380665518,-0.07819214510094652
2012-08-20,307598.0,-0.09471832969090642,0.07638943654031545,0.9502792605933719,0.6605699646941787,-0.03120462976543037,0.0,0.41703782209247137,0.09819145854507738,0.006288268895987964,-0.003895838842026156
2012-08-21,335157.0,-0.09796265723156239,0.07570952096119885,0.9750057435768908,0.6998332124944429,-0.04087088923257687,0.0,0.45212243814093095,0.08580534309646026,-0.0032443275406559696,0.039263247800264134
2012-08-22,356418.0,-0.09484401667420227,0.07519212682924752,0.93587865932697,0.6900998266080838,-0.03956204029037236,0.0,0.30116324091375857,0.0615051206155961,0.0031186405573601222,-0.00973338588635908
2012-08-23,377430.0,-0.09330932442850878,0.07487548212811149,0.9730254616750126,0.6801526110802003,-0.0406613041410121,0.0,0.35531886707468935,0.05728092165932708,0.0015346922456934836,-0.009947215527883468
2012-08-24,389618.0,-0.08958411128631383,0.07471199965461901,0.9226498775723915,0.6785569455209975,-0.037115197130603295,0.0,0.22734062594643983,0.031781650902020786,0.0037252131421949553,-0.0015956655592027635
2012-08-27,401281.0,-0.0868560234230215,0.07452122979270187,0.9226626727903888,0.5849217879740132,-0.035914849857128006,0.0,0.3050954318794062,0.029495158093745033,0.0027280878632923306,-0.09363515754698437
2012-08-28,404069.0,-0.07415913554455063,0.07495599826048667,0.8551410773902477,0.5049310885022112,-0.02199691929029568,0.0,0.3579561906506067,0.006923725430135974,0.01269688787847087,-0.07999069947180193
2012-08-29,414394.0,-0.07714153515327524,0.07412775442750007,0.8564530374474534,0.589803423794746,-0.025862010647869416,0.0,0.1782072134249048,0.025231556618924955,-0.002982399608724609,0.0848723352925348
2012-08-30,427923.0,-0.07340003776828002,0.07339776436498553,0.8585399709760868,0.5841611691823062,-0.02325732828321192,0.0,0.33889741846079785,0.03212606077864244,0.0037414973849952127,-0.005642254612439834
2012-08-31,450040.0,-0.07562542300389638,0.07221255935142876,0.8629632921518088,0.577684205848369,-0.026640313854423336,0.0,0.28962092258465916,0.050393194848252776,-0.002225385235616356,-0.0064769633339372135
2012-09-03,472213.0,-0.08053153127361232,0.07121766680399749,0.9301035761404282,0.5645587902069616,-0.03362579574875879,0.7914902808690146,0.36800553987289636,0.048093687276907104,-0.004906108269715936,-0.013125415641407345
2012-09-04,484197.0,-0.07969123791001896,0.07102449437655049,0.9264741417233069,0.5570831706929205,-0.033732142497668205,0.7909053546387111,0.17305766041507897,0.025061693718122058,0.0008402933635933557,-0.007475619514041187
2012-09-05,492164.0,-0.06932683970466703,0.07139270079005405,0.8563019643858552,0.46697848684584814,-0.022727025941168155,0.7809063645451516,0.346837639486025,0.01632014558452788,0.010364398205351927,-0.09010468384707232
2012-09-06,502925.0,-0.06444210218926481,0.07096973607407314,0.8614723865387484,0.47001043893224637,-0.0309442697414396,0.7818263160511011,0.3588666302132525,0.02162905933220749,0.004884737515402221,0.0030319520863982263
2012-09-07,514951.0,-0.07518560840387263,0.07030025472010311,0.927779536305396,0.5560820349897369,-0.030291276257893962,0.7782759913079108,0.4080407650436643,0.023630696891400405,-0.010743506214607818,0.08607159605749048
2012-09-10,541815.0,-0.08081948632264704,0.06965971354555499,0.9247049269584637,0.6403551027564759,-0.03778562398265872,0.7671714515102018,0.2616188182313151,0.05085286425452473,-0.005633877918774413,0.08427306776673904
2012-09-11,556171.0,-0.07983539761371063,0.06939455367446047,0.9242660980166172,0.6286178171821256,-0.03809285877466395,0.759386951135532,0.25084731134848814,0.026151186161833095,0.0009840887089364175,-0.011737285574350276
2012-09-12,580656.0,-0.08645171809436315,0.0696721706280706,0.9599780248546471,0.5952732771210493,-0.02251517413099613,0.7518134661486319,0.44299723071835995,0.04308269796320907,-0.006616320480652527,-0.033344540061076344
2012-09-13,579436.0,-0.08622339306654277,0.07073360161576583,0.9517686163786855,0.5804057738904728,-0.02359212540243838,0.7401697512753781,0.3502940790699922,-0.002103282239257709,0.00022832502782038633,-0.014867503230576506
2012-09-14,620386.0,-0.0971791309821626,0.07271606532125943,0.9792419558146057,0.6983442566402208,-0.04368671693772985,0.7243683771071558,0.6382590838606932,0.06828664831502529,-0.010955737915619837,0.11793848274974805
2012-09-17,653832.0,-0.0955680545369848,0.07315470724898546,0.973364717542121,0.6616730291573371,-0.02089866043477251,0.7168202229318846,0.31900396432111,0.05250857276237575,0.0016110764451778004,-0.03667122748288376
2012-09-18,689015.0,-0.08806507618318353,0.07407215985572775,0.9634405637032576,0.6266670536925901,-0.017359126794289303,0.7071224864480454,0.31269420839894635,0.05241260373508361,0.007502978353801273,-0.03500597546474693
2012-09-19,714591.0,-0.09146900998262318,0.07344797972673738,0.9659287620471011,0.6081870608501926,-0.023376009231666717,0.669931471289171,0.28363077620624944,0.0364473095927309,-0.0034039337994396512,-0.01847999284239754
2012-09-20,291264.0,-0.09097086535436275,0.07790444386946382,0.958910129641837,0.5986184355086794,-0.029446590445872278,0.0,0.5013561579872555,-0.8974802786573832,0.0004981446282604357,-0.009568625341513148
2012-09-21,316842.0,-0.0911372589812761,0.07706517677845173,0.9569596202523656,0.5816779341122704,-0.03283087822824937,0.0,0.3381653947393338,0.08417315451628049,-0.00016639362691335535,-0.016940501396409013
2012-09-24,346418.0,-0.08870685471833673,0.075611440092388,0.952886397358105,0.5594715055222304,-0.03453780106329574,0.0,0.4628656709524332,0.08924291147628871,0.0024304042629393757,-0.022206428590040073
2012-09-25,371402.0,-0.08264306978675796,0.07527395908246658,0.9504579943026693,0.5487773356093936,-0.030272312464362572,0.0,0.2919262685715209,0.06963889554697822,0.006063784931578761,-0.010694169912836782
2012-09-26,392014.0,-0.07385720161535572,0.07479332832099572,0.8828409189467723,0.4741182712862296,-0.022117103432629737,0.0,0.40210043518853916,0.05401251950471142,0.008785868171402242,-0.07465906432316399
2012-09-27,414461.0,-0.07374402402703309,0.07370435763372066,0.8793541491238017,0.4635225027204007,-0.02392045602436299,0.0,0.2667247340521786,0.055681327446066575,0.0001131775883226327,-0.01059576856582889
2012-09-28,433898.0,-0.07631774003625831,0.07250448761896544,0.9516268800501501,0.5358747908494623,-0.027887950476723766,0.0,0.36496135036344945,0.04583060255218463,-0.0025737160092252215,0.07235228812906164
2012-10-01,460458.0,-0.07009085474796205,0.0716435701136742,0.8803321909924466,0.4515612716034904,-0.022892966392729308,0.7506243783363521,0.25468772396179457,0.059412162887499065,0.006226885288296263,-0.08431351924597191
2012-10-02,481412.0,-0.07365533010076449,0.07060084118944782,0.9510128538549102,0.5248435851204374,-0.028331269077096155,0.7499937683314916,0.30522089187639695,0.04450180600949416,-0.0035644753528024375,0.07328231351694697
2012-10-03,490581.0,-0.0697874039745074,0.07066476701928426,0.8775350044131346,0.526379945411665,-0.02402588023105867,0.7385793579449673,0.28974216286403265,0.01886695065270061,0.003867926126257082,0.001536360291227612
2012-10-04,503384.0,-0.06912184963686895,0.07016449256407285,0.8782559636380973,0.44181579072835053,-0.023734955755668197,0.7364854663636509,0.4041666004481668,0.025762895340029957,0.0006655543376384576,-0.08456415468331446
2012-10-05,519539.0,-0.0689862899525822,0.06974591654133293,0.8770583151601709,0.515878499977865,-0.02478984221099645,0.7333616918075447,0.2741680605305858,0.03158858157988931,0.0001355596842867457,0.07406270924951441
2012-10-08,523015.0,-0.060353614458669,0.07009189224132396,0.8824527021213541,0.4396374864965632,-0.015216868941121842,0.72181868588855,0.3654388497461832,0.006668264435676363,0.008632675493913201,-0.07624101348130174
2012-10-09,523453.0,-0.05818746738657674,0.06999467267879417,0.791860969370698,0.44623490552160366,-0.012119320180031368,0.7093492634486764,0.3936208217356668,0.0008371016133832399,0.002166147072092256,0.006597419025040463
2012-10-11,499830.0,-0.045135025016147794,0.07140300180682001,0.7089570453954345,0.34005361823019825,-0.006940679467290822,0.6633935538082948,0.7486145289398396,-0.04617920534627373,0.013052442370428949,-0.10618128729140541
2012-10-12,504008.0,-0.04487658810626653,0.07085990896421744,0.7336411326804336,0.3446314344216758,0.008465733678990617,0.6437080363803749,0.6234365327534483,0.008324100352179897,0.0002584369098812614,0.004577816191477568
2012-10-15,523798.0,-0.04254865419817161,0.0700414680124424,0.7492525744657291,0.34070767738708435,-0.0025475474800845666,0.629544213609063,0.4176113692683057,0.038513972853815304,0.002327933908094923,-0.0039237570345914685
2012-10-16,548572.0,-0.04984278329849449,0.06872783397305135,0.7578677001378124,0.34624807682492,-0.009506064767595412,0.6092472820340812,0.3645902452184946,0.046212424377502614,-0.007294129100322878,0.00554039943783563
2012-10-17,564980.0,-0.05170497339633325,0.0680576499095529,0.7860172041488195,0.3644748486672095,-0.022024543164889332,0.5481786965910298,0.4922068037806648,0.02947179409723688,-0.0018621900978387645,0.01822677184228949
2012-10-18,291172.0,-0.07083491740078315,0.07124100755805282,0.885229348975863,0.5020262937370351,-0.03555196566565,0.0,0.34578530902696686,-0.662876174436521,-0.0191299440044499,0.13755144506982564
2012-10-19,320921.0,-0.06344173792827669,0.0694862617429117,0.8945877645900393,0.5106646183951814,-0.028177454796754153,0.0,0.42113479641407076,0.09728082906868174,0.007393179472506464,0.00863832465814629
2012-10-22,348642.0,-0.061124477404367834,0.0680645170440908,0.8331956562892595,0.5382340624480125,-0.023469288109110975,0.0,0.5798698951933502,0.08285062083428585,0.0023172605239088553,0.027569444052831127
2012-10-23,376636.0,-0.056391092307583275,0.06899632632126274,0.8430819146337578,0.43672405186970975,-0.018736677987537864,0.0,0.34378020157393346,0.077233596038349,0.004733385096784559,-0.10151001057830278
2012-10-24,409742.0,-0.05692926362756344,0.06770772198306652,0.8586256717641834,0.46972729180801576,-0.043046502471674186,0.0,0.5536435122589337,0.08424848953866437,-0.0005381713199801644,0.033003239938306006
2012-10-25,428474.0,-0.050993325055048624,0.06729252338614236,0.8004569705513054,0.38971792920924025,-0.03608883405305363,0.0,0.36672470208227337,0.04470236608418077,0.005935938572514815,-0.0800093625987755
2012-10-26,446563.0,-0.039133075717770575,0.06837029022817052,0.7307233245924987,0.34784117806446124,-0.0187915436651781,0.0,0.909710388007963,0.04135042837019931,0.011860249337278049,-0.04187675114477901
2012-10-29,477387.0,-0.03639592951093477,0.06816804885708265,0.6768910757938528,0.3668051287529824,-0.012926433407081883,0.0,0.5951691185558048,0.06674699491262004,0.0027371462068358082,0.018963950688521136
2012-10-30,506108.0,-0.04940488189220635,0.06647542967838886,0.7740482268606701,0.4740707516972662,-0.025421192076952814,0.0,0.48535095276107076,0.058422602547556934,-0.013008952381271581,0.10726562294428382
2012-10-31,526837.0,-0.04843012022840604,0.06628396393620636,0.7807462270113906,0.4863192979991914,-0.02317176129108789,0.0,0.37372090418858206,0.04014111753834548,0.0009747616638003109,0.012248546301925178
2012-11-01,521021.0,-0.05138816045986035,0.06732964031770725,0.7804138412847083,0.4933524752361229,-0.025020753129683437,0.6874425407037337,0.8284733244917192,-0.011100854743398614,-0.002958040231454316,0.0070331772369315315
2012-11-02,541095.0,-0.055256630129810747,0.06667199442941193,0.8572154612406324,0.4900673634019904,-0.029189498049364326,0.6845415315240392,0.32762269102468144,0.03780451612706237,-0.003868469669950393,-0.0032851118341324925
2012-11-05,561748.0,-0.052711161653812254,0.06674939654968508,0.7864950119982625,0.49493367132593263,-0.025796898137323665,0.6855315906776704,0.3152214160086017,0.03745848658662787,0.0025454684759984927,0.004866307923942215
2012-11-06,581802.0,-0.059581291061458305,0.06615688156714708,0.8638127747927989,0.49147648168964697,-0.03270560533283218,0.6869708251260738,0.31989233450555343,0.035076832906142386,-0.0068701294076460515,-0.0034571896362856624
2012-11-07,609178.0,-0.0651142111730561,0.06513100818924265,0.8666941353758671,0.578809477689608,-0.03940893459472672,0.6849869824583291,0.49420366461034376,0.04598032377130501,-0.005532920111597797,0.08733299599996103
2012-11-08,625757.0,-0.05963474885939576,0.06479715816678278,0.8686870462495825,0.47938097376457633,-0.0335002616452863,0.6821769472814527,0.3582029445935083,0.02685160939150144,0.005479462313660345,-0.09942850392503166
2012-11-09,649951.0,-0.06505221599618756,0.06410574282577167,0.8640420585551833,0.5694352343484355,-0.04020446387192489,0.6738354122079973,0.5763880661772964,0.037934858607311384,-0.005417467136791802,0.09005426058385912
2012-11-12,656792.0,-0.06196818921645893,0.06493686323475556,0.8639645428080732,0.5650571261525719,-0.03684083794847104,0.6677091072972874,0.29768176226263415,0.010470402363337072,0.0030840267797286325,-0.004378108195863595
2012-11-13,644370.0,-0.04755872941602738,0.06636362169196096,0.8037416391203811,0.37781243695392397,-0.019065169106158186,0.6430156587054022,0.6483945559228393,-0.019094282511790794,0.014409459800431547,-0.1872446891986479
2012-11-14,670174.0,-0.049998287234609556,0.06542451295856495,0.8119697272648596,0.47624199088594904,-0.02231223157233142,0.6457382709564978,0.41689620904421837,0.03926428487667266,-0.002439557818582176,0.09842955393202507
2012-11-15,664958.0,-0.04831562659134871,0.06589729410855985,0.8039981472514054,0.3733453842197552,-0.020134829447468028,0.6444437092267482,0.557942005359737,-0.007813499394380585,0.001682660643260843,-0.10289660666619382
2012-11-16,680791.0,-0.04643985837696888,0.06552342279284913,0.8084742600886322,0.3678015719949294,-0.018242457647680843,0.641383332035823,0.46184511839903875,0.023531476663729123,0.0018757682143798332,-0.005543812224825806
2012-11-19,682324.0,-0.046527565509410417,0.06585874558825704,0.8096989113676201,0.3706245126948488,-0.0181006138273877,0.6274863554557659,0.402270768725708,0.0022492609153434984,-8.770713244153627e-05,0.0028229406999193962
2012-11-20,700550.0,-0.048713388965897976,0.06574495036518439,0.8012533009778031,0.36944829062879164,-0.020399481091610938,0.6129098565412889,0.36306758975091,0.02636112247159339,-0.0021858234564875595,-0.0011762220660571643
2012-11-21,701532.0,-0.043509191000207025,0.06587908447168968,0.7621648050267129,0.3830958530758397,-0.01248361780858831,0.5509770046127618,0.597349800151668,0.0014007742208672624,0.0052041979656909515,0.013647562447048067
2012-11-22,349761.0,-0.06287740271241138,0.07588583168359875,0.8594097112027927,0.480316559021732,-0.043029879984688546,0.0,0.3967423469168947,-0.6960164509506352,-0.019368211712204354,0.09722070594589227
2012-11-23,428737.0,-0.08044240869263095,0.07154434489829088,0.9437370695787861,0.5896691911358245,-0.0718003387928764,0.0,0.8593753279982833,0.20359361323328784,-0.017565005980219567,0.10935263211409252
2012-11-26,481190.0,-0.08188513367308699,0.07061231638159697,0.9712338161640932,0.6323157172842329,-0.05499522772590004,0.0,0.5616866518423076,0.11541852518394435,-0.0014427249804560421,0.04264652614840836
2012-11-27,513551.0,-0.08048125305661841,0.07030170317984481,0.9634271961304719,0.6075521223792768,-0.05789884525315603,0.0,0.4155205617358354,0.06508714033527951,0.0014038806164685808,-0.024763594904956054
2012-11-28,563337.0,-0.07642591811329338,0.06927104755468122,0.9627931415831021,0.5696377124172565,-0.05849819702404735,0.0,0.3559485707489478,0.09252868526358249,0.004055334943325023,-0.037914409962020335
2012-11-29,532156.0,-0.0853493626498552,0.07114722848668134,0.9750129661227159,0.669640105532964,-0.06710823543522737,0.0,0.5502916438036967,-0.05694134866363143,-0.008923444536561811,0.10000239311570758
2012-11-30,579993.0,-0.08871334476158868,0.0715176820573814,0.9622443719148335,0.7055085147579367,-0.07653786128807138,0.0,0.5340443763976461,0.08607935506218212,-0.003363982111733485,0.0358684092249727
2012-12-03,616465.0,-0.08701288923349225,0.07191816547407091,0.9461056183238302,0.6670273251522796,-0.07893646108967078,0.7081391482079274,0.44269504351423034,0.06098551439011857,0.0017004555280964312,-0.03848118960565716
2012-12-04,635430.0,-0.08616316504969938,0.07215975836737186,0.9800953684906284,0.6556127346836,-0.079066120421314,0.6924444864107769,0.34753631399209983,0.030300386181782102,0.000849724183792866,-0.011414590468679542
2012-12-05,690738.0,-0.0858278698186891,0.0723280578245947,0.9668817988875666,0.6036442182129838,-0.03255959890443916,0.6709186406423275,0.44910226453445445,0.08345865615732606,0.0003352952310102797,-0.05196851647061629
2012-12-06,638612.0,-0.08701260247675296,0.07373825620280837,0.9601542094417267,0.639388235736253,-0.029286683125067214,0.7410368110840385,0.26877196169191936,-0.07846352002166945,-0.0011847326580638612,0.03574401752326928
2012-12-07,673490.0,-0.08518016447437775,0.07397680711658111,0.9452033437764481,0.6053645933866872,-0.03170004684478156,0.7186624894207784,0.3123728637396249,0.053176076720566456,0.0018324380023752168,-0.034023642349565786
2012-12-10,684019.0,-0.079750890425977,0.07465618646629371,0.9418934269369711,0.5899499867693734,-0.02753137525461591,0.7046105444439409,0.33459158298234404,0.015512547084291839,0.0054292740484007534,-0.015414606617313864
2012-12-11,698666.0,-0.07903493927024198,0.07437945211354022,0.9445672180984905,0.58074244345653,-0.028066548546105685,0.6936247076571638,0.35254470662662846,0.021187107559361706,0.0007159511557350146,-0.009207543312843347
2012-12-12,744561.0,-0.08305759273762323,0.0744864146291427,0.9423687246578857,0.6051095880659879,-0.03773508846985574,0.6813088517932043,0.44611254148417656,0.06362198037776423,-0.004022653467381246,0.02436714460945788
2012-12-13,719778.0,-0.09220636508057929,0.07567624434160973,0.9687167432180478,0.6228170352525362,-0.0460340153330695,0.7486155453487048,0.42530335742409464,-0.03385195181938627,-0.009148772342956066,0.017707447186548264
2012-12-14,737690.0,-0.08372414188139361,0.07618741748391229,0.9044978242893357,0.6107823069310957,-0.038807497821080617,0.736271333486966,0.3364841600130136,0.02458085102017904,0.008482223199185679,-0.01203472832144048
2012-12-17,738526.0,-0.07637287621816652,0.07633719655169796,0.8919469321323826,0.5554320362451695,-0.030306842364583586,0.7234735134578877,0.4817298240007799,0.0011326256989114825,0.007351265663227094,-0.05535027068592624
2012-12-18,760706.0,-0.07707419835607868,0.0756779246814202,0.8935225961146619,0.5460953377520356,-0.0318875314963617,0.7124763049062318,0.2950127907496457,0.029590641592852407,-0.0007013221379121581,-0.0093366984931339
2012-12-19,796394.0,-0.07941531401610537,0.07496652479728844,0.9314949635481935,0.5314492575283088,-0.010090563688298415,0.6774762240800408,0.33857236493494425,0.04584708881488453,-0.002341115660026691,-0.01464608022372671
2012-12-20,298121.0,-0.07684359357966693,0.07914256596487498,0.8476893610312591,0.5654650293001835,-0.07839683179162293,0.0,0.5828707135693225,-0.9825945938972804,0.0025717204364384405,0.03401577177187465
2012-12-21,341774.0,-0.0648069658330567,0.07577970043657753,0.85294083224587,0.48447804689648716,-0.06914027125252498,0.0,0.9023740834586598,0.1366502555504141,0.012036627746610226,-0.08098698240369634
2012-12-22,364761.0,-0.06565548812554814,0.07413675649469065,0.8555163518029614,0.4748040497750582,-0.07163527467659758,0.0,0.3093861459969679,0.06509264467815079,-0.0008485222924914382,-0.009673997121428968
2012-12-24,387500.0,-0.06460099163908124,0.07305314250040873,0.8643148387096774,0.47347870967741934,-0.07106609762829907,0.0,0.35595354838709675,0.06047350420301889,0.0010544964864668965,-0.0013253400976388496
2012-12-25,423398.0,-0.07321434605845747,0.07153891013138736,0.9211120506001446,0.5320667551570862,-0.08335810448931913,0.0,0.627475802908847,0.08859678623064049,-0.008613354419376232,0.058588045479666895
2012-12-26,460679.0,-0.0692505479867273,0.07055948041989105,0.9160586872855069,0.503604462109191,-0.043775436555810066,0.0,0.43477128325797354,0.08438885307013066,0.003963798071730168,-0.02846229304789527
2012-12-27,407126.0,-0.07813028086382143,0.072280803766619,0.9233578793788655,0.5622190673157695,-0.04555325878189065,0.0,0.45953586850262573,-0.12357876825271141,-0.00887973287709412,0.058614605206578574
2012-12-28,437029.0,-0.0811535103984891,0.07115483980156652,0.9268263662136837,0.6355665184690261,-0.05188648613546332,0.0,0.43431442764667794,0.07087683460836125,-0.0030232295346676735,0.07334745115325658
2013-01-02,509226.0,-0.0804334718084703,0.07045057377076067,0.951632477524714,0.5491962311429502,-0.06160257712212791,0.6056839203025769,0.5701967299391626,0.15289237141692347,0.0007200385900188039,-0.08637028732607588
2013-01-03,496286.0,-0.0869383336767499,0.07171430792900003,0.9744824556807969,0.6326573790112959,-0.04298160993461653,0.6592932301132814,0.4376226611268502,-0.02573955241593673,-0.006504861868279602,0.08346114786834569
2013-01-04,521635.0,-0.08107811103281835,0.07138231358280937,0.9747754656033434,0.6161453890172247,-0.03919938406275181,0.6500599077899297,0.3649640073998102,0.049815736137439615,0.005860222643931545,-0.01651198999407122
2013-01-07,534316.0,-0.07405788034580726,0.07143280542607874,0.927563464316996,0.5180324003024428,-0.03289323528160215,0.6369227198886053,0.4424610155787961,0.0240193146504879,0.007020230687011089,-0.09811298871478191
2013-01-08,545103.0,-0.06966279699266979,0.07086575807516937,0.9208039581510283,0.5134479171826242,-0.028706262643006797,0.6284500360482331,0.49978077537639676,0.01998734339367836,0.004395083353137472,-0.0045844831198186276
2013-01-09,584149.0,-0.06741820566914136,0.07014728538784305,0.9168294390643483,0.47890178704405895,-0.030837459812059986,0.6204855268090846,0.506043834706556,0.06918131964020624,0.0022445913235284304,-0.03454613013856522
2013-01-10,565647.0,-0.07703674549803362,0.07092152572426985,0.9639121218710609,0.5782740825992182,-0.03989431156581724,0.6940830588688706,0.5869526400741099,-0.032185878547199565,-0.009618539828892256,0.09937229555515925
2013-01-11,583131.0,-0.076454682012422,0.07057445834341403,0.9628968447913077,0.5685377728160568,-0.0408164570317745,0.683122660259873,0.38070690805325047,0.03044165221231765,0.0005820634856116141,-0.009736309783161423
2013-01-14,603773.0,-0.07555984459235002,0.06989044256816392,0.9675639685775945,0.5545279434489452,-0.04140736735953743,0.6753945605384806,0.5376921458892663,0.034786438541532405,0.0008948374200719866,-0.014009829367111593
2013-01-15,612369.0,-0.0688053888206571,0.06987980041624843,0.9148242317948818,0.47853010194833506,-0.03412998292341818,0.6547604467241157,0.5052590839836765,0.01413674251352326,0.0067544557716929104,-0.07599784150061012
2013-01-16,640562.0,-0.060867659792970444,0.06893140986852828,0.9166544378217878,0.4762989374955118,-0.026028416594917503,0.6020463280681652,0.549320752714023,0.04501087403472326,0.007937729027686663,-0.0022311644528232866
2013-01-17,319067.0,-0.06432644903982111,0.08235425513557604,0.8217772442778476,0.45642137858192794,-0.028442987984203083,0.0,1.1228362694982559,-0.6969448039482078,-0.0034587892468506687,-0.019877558913583837
2013-01-18,361032.0,-0.07416362884564684,0.0785023481967348,0.920032019322387,0.4997534844556715,-0.04304611353869903,0.0,0.6644037093664827,0.1235654849843204,-0.009837179805825727,0.04333210587374359
2013-01-21,389705.0,-0.07032556776243147,0.07683022350286477,0.922921183972492,0.4833964152371666,-0.04206127700998841,0.0,0.5379505010200023,0.07642344558106906,0.003838061083215369,-0.016357069218504938
2013-01-22,426207.0,-0.07075793934920119,0.07485312904551959,0.9365754199250599,0.4641336252102851,-0.046281140853965064,0.0,0.6002670064076845,0.08953510109892449,-0.000432371586769717,-0.01926279002688147
2013-01-23,470168.0,-0.06528008470601876,0.0729067209236652,0.9146836875329669,0.43710120637729494,-0.04444369836444917,0.0,0.4833719011076892,0.0981649339000974,0.005477854643182428,-0.02703241883299018
2013-01-24,408240.0,-0.06896105797705489,0.075195727961137,0.8512076229668822,0.5239320007838526,-0.03846028905962717,0.0,0.6411939055457574,-0.14123484088800708,-0.003680973271036128,0.08683079440655767
2013-01-25,427878.0,-0.06497721643716231,0.07394784948863516,0.8656112256297356,0.4312210489906001,-0.03552651129085649,0.0,0.4738173030630226,0.04698287146356783,0.003983841539892577,-0.0927109517932525
2013-01-28,460971.0,-0.06649970234175431,0.0724552097819384,0.9354341162459243,0.4888094912695159,-0.040788523682801725,0.0,0.4923324894624608,0.0744970260741411,-0.0015224859045920025,0.0575884422789158
2013-01-29,506719.0,-0.07041454554815185,0.07134438242908224,0.9772023547567784,0.5323443565368577,-0.038708023583696516,0.0,0.617326368263278,0.0946214750184815,-0.003914843206397539,0.04353486526734185
2013-01-30,562490.0,-0.06810758387193588,0.07013123020291463,0.9693132322352397,0.48399438212234885,-0.02974346927989091,0.0,0.4940798947536845,0.10441674683086433,0.0023069616762159684,-0.04834997441450889
2013-01-31,492894.0,-0.07694912951909876,0.07243061963120595,0.9694863398621204,0.5509744488673021,-0.03184960038318374,0.0,0.4418678255365251,-0.13207921536006317,-0.008841545647162871,0.06698006674495321
2013-02-01,524337.0,-0.07404131578762455,0.07213290047530531,0.9552825759006135,0.5230758081157729,-0.032582863732931844,0.6004020315178978,0.4065343471851119,0.06184046659000231,0.0029078137314742097,-0.027898640751529147
2013-02-04,550278.0,-0.0774907656994582,0.07239667364197395,0.9611705356201774,0.5763941135208022,-0.0281655299148319,0.5770156175605785,0.5199153882219533,0.04828899770014239,-0.0034494499118336575,0.05331830540502924
2013-02-05,559469.0,-0.0724871384277665,0.07242039069515464,0.9163796385501252,0.484171598426365,-0.023702475231204945,0.5738405523809184,0.3652516940170054,0.01656451453107799,0.005003627271691707,-0.09222251509443719
2013-02-06,614705.0,-0.0696590567475705,0.07134131191141599,0.9624714293848269,0.5191254341513409,-0.026136227099972764,0.5368802921726682,0.45451395384778065,0.09415435832508123,0.002828081680195993,0.03495383572497596
2013-02-18,562607.0,-0.07816900711446254,0.07284788197714807,0.9444176841027574,0.5591327516365776,-0.043246516347266284,0.6109557826333479,0.42074307642812836,-0.08856113971816626,-0.008509950366892033,0.04000731748523667
2013-02-19,558130.0,-0.08161471876875194,0.07307578776557969,0.9685288373676384,0.5709798792396037,-0.04533167187547105,0.6469066346550086,0.26454051923387023,-0.007989428053580383,-0.0034457116542894045,0.011847127603026086
2013-02-20,643419.0,-0.0795409868602852,0.07254579549435043,0.9847300126356231,0.6034388166964295,-0.0036243165485546625,0.603202578723973,0.37464855716104123,0.14220423483022948,0.0020737319084667416,0.03245893745682582
2013-02-21,318134.0,-0.08445900503337589,0.08907961175062859,0.8939534912961205,0.5037531354712166,-0.044921369381687115,0.0,0.49899099121753726,-0.7043234673166747,-0.004918018173090691,-0.09968568122521293
2013-02-22,364347.0,-0.07764028375195456,0.08556920028754995,0.8871021306611554,0.47598580474108476,-0.043750912211300896,0.0,0.5238659848990112,0.13563403257048634,0.0068187212814213305,-0.027767330730131823
2013-02-23,390312.0,-0.07838848241461806,0.083901879286974,0.8935082703068314,0.4536319662218943,-0.048440632085830715,0.0,0.24171175879808973,0.06883970905295023,-0.000748198662663499,-0.022353838519190483
2013-02-25,419464.0,-0.07162037439077341,0.08225094586134596,0.8798991093395381,0.4487417275380009,-0.04374609949066899,0.0,0.38044981214120877,0.0720312864824102,0.006768108023844643,-0.004890238683893378
2013-02-26,458112.0,-0.06257990449947791,0.0800742148296103,0.8210699566918134,0.3818738649063984,-0.03564313720514145,0.0,0.5601730581167924,0.08813598992684035,0.009040469891295505,-0.06686786263160249
2013-02-27,511633.0,-0.06064265147311415,0.07697836587901757,0.8222944962502419,0.42709911205883905,-0.037728634410317485,0.0,0.3995481135892329,0.11049387543929257,0.0019372530263637583,0.04522524715244064
2013-03-01,449163.0,-0.07708136809892492,0.07820861473386848,0.9290769720569148,0.497963990800667,-0.04578115995344423,0.7154017583817011,0.3371604517736323,-0.13022172032638224,-0.01643871662581077,0.07086487874182795
2013-03-04,483616.0,-0.06391487671413715,0.07689154962511553,0.872667570965394,0.4056234698603851,-0.033980989762740665,0.6893982002249719,0.5363987130285185,0.07390535257129294,0.013166491384787773,-0.09234052094028189
2013-03-05,519712.0,-0.06746916369377876,0.07529640391707233,0.9257704266978635,0.45315674835293396,-0.041941530700101204,0.6507123175912813,0.4600278615848778,0.07198360860448183,-0.0035542869796416077,0.04753327849254885
2013-03-06,575306.0,-0.06365965322995881,0.07395532397568252,0.9283407438823861,0.41318185452611306,-0.04406123039382159,0.6055021153959805,0.46133709712744175,0.10162726116388399,0.003809510463819943,-0.0399748938268209
2013-03-07,499163.0,-0.07306366613586081,0.07604607159624209,0.9228588657412509,0.4787854869050791,-0.045287299431820305,0.7105714966854515,0.3165118408215353,-0.14196937743751903,-0.009404012905901996,0.06560363237896605
2013-03-08,539193.0,-0.07396828469922556,0.07515570635809159,0.9726554313576029,0.5521492304239854,-0.051794478948589795,0.6793930930112223,0.42401700318809776,0.07714088159942634,-0.0009046185633647535,0.07336374351890634
2013-03-11,562383.0,-0.07375552084748133,0.07507169430925292,0.9561028693968345,0.5295376993970301,-0.054575852872099095,0.6559497708856775,0.4269937035792334,0.04210953512559179,0.0002127638517442354,-0.022611531026955345
2013-03-12,574256.0,-0.06769827841463377,0.07527455183656827,0.8649156473767797,0.4159068429411273,-0.04937139683615788,0.6458182413418406,0.41001574210804936,0.020892177482020102,0.006057242432847554,-0.11363085645590282
2013-03-13,604127.0,-0.06562213363068331,0.07434741783226147,0.8654753056890356,0.400316489744706,-0.04946651308046646,0.640623577492812,0.525235587881356,0.050709150807316306,0.002076144783950462,-0.01559035319642127
2013-03-14,541174.0,-0.06768711911375193,0.07589510919637882,0.9029554265356429,0.4494210734440309,-0.04423674758795537,0.7459172096220439,0.34651886454264247,-0.11004358697980798,-0.002064985483068618,0.04910458369932491
2013-03-15,554890.0,-0.06425893853754655,0.0755203721262161,0.8894573699291751,0.4466633026365586,-0.04131067967288504,0.7326064625421255,0.4876155634450071,0.02502904215127444,0.003428180576205378,-0.002757770807472304
2013-03-18,543884.0,-0.053902082456300016,0.07608951745603112,0.8179722146634208,0.39964404174419543,-0.014253636379929713,0.6983290554603555,0.7686032315714381,-0.02003390708043007,0.010356856081246535,-0.04701926089236319
2013-03-19,574756.0,-0.05521978827867625,0.07441418057066174,0.8277616936578305,0.3852817543444523,-0.004907845536182509,0.6959875147018909,0.4606493886101233,0.055209614086297876,-0.001317705822376232,-0.014362287399743157
2013-03-20,580509.0,-0.052380667157208786,0.07331926375562077,0.7666392769104355,0.399740572497584,-0.012571123732532441,0.6322882160311037,0.6107174910294242,0.009959701983486724,0.002839121121467461,0.014458818153131714
2013-03-21,275681.0,-0.05420285630208695,0.0667589958957051,0.8976026639485493,0.41499051439888857,-0.03991889234802559,0.0,0.5685665678809929,-0.7446609047266115,-0.0018221891448781669,0.015249941901304576
2013-03-22,322575.0,-0.05006381381603711,0.06345973671867236,0.821560877315353,0.3993520886615516,-0.03799533620138995,0.0,0.5744958536774394,0.1570912671707898,0.004139042486049842,-0.01563842573733698
2013-03-25,363485.0,-0.05410425622528927,0.06158730240752322,0.9161863625734212,0.3717897574865538,-0.04533026481265556,0.0,0.5038859925443966,0.11940236330966769,-0.004040442409252158,-0.02756233117499779
2013-03-26,413546.0,-0.05041415940560774,0.05969783589969076,0.9064819874935316,0.34662649378787364,-0.04535942853942532,0.0,0.4413197080856785,0.12903072309438812,0.003690096819681528,-0.02516326369868016
2013-03-27,476595.0,-0.05126085577934869,0.0573060359008503,0.9118622729990873,0.31964875837975637,-0.049925767533303245,0.0,0.46419076994093517,0.14189831988988644,-0.0008466963737409489,-0.026977735408117265
2013-03-28,399697.0,-0.05665409276537716,0.06040780400131538,0.9004445867744817,0.40682817234054797,-0.04663602342987305,0.0,0.40610012084153746,-0.17596031357196473,-0.00539323698602847,0.0871794139607916
2013-03-29,448830.0,-0.058475875058691736,0.0591684880124858,0.948298910500635,0.479272775883965,-0.02760711791589676,0.0,0.5507430430229708,0.11593743683436308,-0.001821782293314575,0.07244460354341703
2013-04-01,469498.0,-0.05422675278311084,0.05905099751723622,0.8529727496176768,0.46267502736965865,-0.025222679650194202,0.6042368657587466,0.27665719555780854,0.045019841894088586,0.0042491222755808924,-0.016597748514306343
2013-04-02,494631.0,-0.054210281376263866,0.05835965705730928,0.9472657395108677,0.44601733413393013,-0.026939864883649856,0.6020892341968053,0.36044040911305597,0.05214799124549607,1.6471406846976788e-05,-0.01665769323572852
2013-04-03,532019.0,-0.05447286331412094,0.05765338726108517,0.9438854627372331,0.41400589076705907,-0.017922906948195427,0.5563071995549032,0.38966841409799274,0.07286717295578349,-0.00026258193785707457,-0.03201144336687106
2013-04-08,455154.0,-0.042901608425501114,0.06012394234228263,0.7857274680657536,0.30977647126027674,-0.019707743921865584,0.6197440866168373,0.9819138137861032,-0.15604337976539284,0.011571254888619827,-0.10422941950678233
2013-04-09,487458.0,-0.03973279685582625,0.058532059987316844,0.8023070705578738,0.3009613135900939,-0.016631860610154092,0.5953353929979609,0.5460778159349113,0.0685683096560652,0.0031688115696748634,-0.008815157670182816
2013-04-10,522384.0,-0.042061581387176875,0.0571523757954959,0.8381956568348188,0.2906061441391773,-0.019709008358270608,0.5902324726637875,0.4076866825936476,0.06919881674152428,-0.0023287845313506236,-0.010355169450916635
2013-04-11,511597.0,-0.05642548004055778,0.057180355965679046,0.9157012257695022,0.4197366286354298,-0.032830320260423096,0.6894137377662496,0.5153587687183466,-0.020865743890537303,-0.014363898653380905,0.12913048449625253
2013-04-12,538067.0,-0.0512378553531377,0.057130728636284725,0.9141854081369049,0.4116754976610719,-0.01555046710212582,0.6827346780233688,0.33520732548177085,0.05044588199261213,0.005187624687420081,-0.0080611309743579
2013-04-15,564893.0,-0.043870574721331164,0.05673397203353039,0.8351563924495435,0.29741030602255647,-0.00818313318812447,0.6601586495141558,0.48477853327975384,0.04865324495681911,0.0073672806318065345,-0.11426519163851545
2013-04-16,596836.0,-0.04885683931887589,0.05563623491874831,0.923010676299687,0.42227177985242176,-0.012953384480294372,0.634400404801319,0.6090031432420296,0.05500603610537702,-0.004986264597544726,0.12486147382986529
2013-04-17,647434.0,-0.04779645785087398,0.0545119295336291,0.9325722776375661,0.4014370576769215,-0.013967092112120882,0.5949038820945456,0.38997797458891564,0.08137448909040934,0.0010603814680019072,-0.020834722175500253
2013-04-18,358478.0,-0.05840077173834835,0.06406346858235078,0.8603735794107309,0.4896283732892953,-0.050228779351460306,0.0,0.6638650070576159,-0.5911495665259778,-0.010604313887474369,0.08819131561237381
2013-04-19,441562.0,-0.06477829873040608,0.06159609983949717,0.9683759019118493,0.48949184938921375,-0.04171079840621372,0.0,0.9100035782064579,0.20845114918515328,-0.006377526992057729,-0.00013652390008156434
2013-04-22,485656.0,-0.06476748925146827,0.06082383759913415,0.9610032615678588,0.45034139390844546,-0.04646955352191495,0.0,0.42248834566030274,0.09518211381269204,1.0809478937806594e-05,-0.03915045548076829
2013-04-23,521463.0,-0.058811930620153455,0.06050665740353791,0.9286986804432913,0.42697756120760244,-0.043154969865676684,0.0,0.40455219258125696,0.07113776839040753,0.0059555586313148196,-0.023363832700843024
2013-04-24,587073.0,-0.062251721239211716,0.05966473708008222,0.9841450722482553,0.4807255656451583,-0.040344179936712576,0.0,0.4939062092789142,0.1185108505155501,-0.003439790619058261,0.05374800443755584
2013-04-25,476217.0,-0.07097609107028506,0.06309247950443661,0.9826654655335698,0.5650260280502376,-0.05257580951787333,0.0,0.3766413210784159,-0.2092755405527491,-0.008724369831073345,0.08430046240507932
2013-04-26,524643.0,-0.06543818073503668,0.06306960871600273,0.9667335693033168,0.508684953387351,-0.040146795212202435,0.0,0.46593397796215713,0.09684439858518701,0.005537910335248378,-0.056341074662886625
2013-04-29,547616.0,-0.0643308566326786,0.06266026638726635,0.962128571845965,0.4899729007187518,-0.04106484145190248,0.0,0.2563109916437796,0.04285628010828191,0.001107324102358087,-0.018712052668599155
2013-04-30,585253.0,-0.0665880367826078,0.06284196174486145,0.9377705026714942,0.4484573338368193,-0.0486380697978418,0.0,0.44412929109291194,0.06646992097736515,-0.0022571801499292055,-0.04151556688193253
2013-05-02,653821.0,-0.0646840870120562,0.06193516392814298,0.9782799879477716,0.4924818872443681,-0.05271691859885763,0.5416757797623508,0.34865811896528254,0.11078938131621818,0.0019039497705515968,0.044024553407548794
2013-05-03,569492.0,-0.07110728959161593,0.06420464283155836,0.9688213355060299,0.555159686176452,-0.028891104273739532,0.6581672789082199,0.40944385522535875,-0.13808887831006267,-0.0064232025795597225,0.06267779893208386
2013-05-06,607212.0,-0.07043850282899645,0.06433923503089639,0.9620330296502704,0.5149750004940614,-0.020693960742069195,0.6434457817039189,0.35380394326857834,0.06413325335342535,0.0006687867626194721,-0.04018468568239053
2013-05-07,628625.0,-0.06709432942874828,0.06467046217305696,0.9507544243388347,0.4921073772121694,-0.019975352380112388,0.6170499105189898,0.31419049512825614,0.034656905760142465,0.0033441734002481738,-0.022867623281892013
2013-05-08,721154.0,-0.06879411832346541,0.06472799110636736,0.9653596873899334,0.5147374901893355,-0.03230761973076379,0.604295337750328,0.5852356084830702,0.13731781221825656,-0.0016997888947171275,0.02263011297716605
2013-05-09,663895.0,-0.0753136126491499,0.06618643747540087,0.9392057478968813,0.5648332944215576,-0.03450323381073117,0.7329171028551201,0.36328335052982774,-0.08272870226833895,-0.006519494325684494,0.05009580423222215
2013-05-10,681263.0,-0.07303589417484094,0.06611039062778583,0.9462601080639929,0.5485326518539829,-0.009692932347534988,0.7316807165514639,0.2883922948993267,0.02582442392214368,0.002277718474308965,-0.016300642567574686
2013-05-13,698021.0,-0.06835309343223796,0.06612973759790061,0.8988311239919716,0.5396914992528878,-0.005858162631905639,0.7259179881407579,0.3492301807538742,0.024300759905493408,0.00468280074260298,-0.008841152601095081
2013-05-14,716813.0,-0.06725582463251817,0.06602791747902638,0.9392561239821264,0.5271053956889733,-0.0062798267533706875,0.7178594696245744,0.30504469087474695,0.026565809387292916,0.0010972687997197889,-0.012586103563914541
2013-05-15,762523.0,-0.071501930295119,0.06519332297318943,0.9880633108771801,0.576949154320591,-0.014256021753686676,0.6819886088681916,0.3248898721743475,0.06181767430409302,-0.004246105662600835,0.04984375863161772
2013-05-16,335984.0,-0.08642974543761273,0.08227360807532785,0.9319580694318778,0.560556455069289,-0.05840847193997645,0.0,0.8653447783227772,-0.819569132179307,-0.014927815142493722,-0.016392699251302045
2013-05-17,373475.0,-0.07788788277758689,0.08105369763756276,0.9249989959167281,0.5189209451770533,-0.05594877745366689,0.0,0.3595769462480755,0.1057875281466174,0.008541862660025837,-0.041635509892235634
2013-05-20,404295.0,-0.07553661947111048,0.08016160828149824,0.9251610828726549,0.49789633806997363,-0.05694725470183415,0.0,0.391152500030918,0.07929374158770486,0.002351263306476406,-0.021024607107079707
2013-05-21,440877.0,-0.07144225172704152,0.07878032397458735,0.9050823699126967,0.4686000857381991,-0.05762222580087195,0.0,0.5537916471033871,0.08662111546307116,0.004094367744068961,-0.02929625233177452
2013-05-22,476686.0,-0.06998718235194648,0.07710594633811213,0.904759107672556,0.44771820443646343,-0.0593939163027275,0.0,0.45091108192814555,0.07809206822473413,0.0014550693750950416,-0.020881881301735683
2013-05-23,409426.0,-0.06688057512182315,0.07855917504170007,0.8702524998412412,0.44939744911168317,-0.04100958626240159,0.0,0.9092387879616829,-0.15210181442116522,0.0031066072301233344,0.0016792446752197376
2013-05-24,445874.0,-0.06314352262649131,0.07582145336260732,0.8950779816719522,0.34926907601699136,-0.037733045221674755,0.0,0.6691083131108788,0.08528022211276642,0.0037370524953318357,-0.1001283730946918
2013-05-27,492085.0,-0.0674886686890793,0.07304822374933514,0.9156873304408791,0.43512604529705234,-0.045905242690305714,0.0,0.4657549000680777,0.09861506490243777,-0.0043451460625879845,0.08585696928006098
2013-05-28,517697.0,-0.06335953556982553,0.0723683656815654,0.9111584575533564,0.4220576901160331,-0.04393656095509524,0.0,0.29183479911994853,0.05073866323124676,0.004129133119253767,-0.013068355181019231
2013-05-29,587989.0,-0.06534573674206166,0.06997847532755148,0.9501300194391392,0.49126259164712266,-0.05251921946773164,0.0,0.44133648758735283,0.12731811121147096,-0.001986201172236135,0.06920490153108955
2013-05-30,495415.0,-0.06589782859002731,0.07222880674336649,0.9085352684113319,0.4671901335244189,-0.04164478017878792,0.0,0.5409707013312072,-0.1713124450809964,-0.0005520918479656467,-0.024072458122703755
2013-05-31,520979.0,-0.06528195399718362,0.07121248935966101,0.9166761040272257,0.453597937728776,-0.04298105344769099,0.0,0.49552477163187,0.050313938679636294,0.0006158745928436932,-0.013592195795642914
2013-06-03,546906.0,-0.058385557066857954,0.07022718873799672,0.9188562568338984,0.33523859676068646,-0.03670519032998343,0.658926762551517,0.5837182258011432,0.0485672073803034,0.006896396930325663,-0.11835934096808953
2013-06-04,564998.0,-0.05678155061914582,0.06944861194139074,0.8527800098407428,0.3337162255441612,-0.0477608952024241,0.654168687322787,0.380010194726353,0.03254525009757536,0.0016040064477121363,-0.0015223712165252645
2013-06-05,601452.0,-0.05354917372532152,0.06805013573581678,0.861922480929484,0.3191859034469916,-0.04667736506512532,0.622762913748728,0.4343206107885584,0.06252454041458577,0.0032323768938243014,-0.01453032209716959
2013-06-06,529470.0,-0.05284701242206455,0.06985811326379118,0.8073677451035942,0.307692598258636,-0.036577924788850025,0.6951253139932385,0.5280355827525639,-0.12747022551916842,0.0007021613032569679,-0.011493305188355618
2013-06-07,562449.0,-0.05188460994850549,0.06822968469604111,0.8187088962732622,0.3023118540525452,-0.036466053957900924,0.6740451134236171,0.3703944713209553,0.06042395708885451,0.0009624024735590611,-0.005380744206090804
2013-06-10,589039.0,-0.057683046776043155,0.06696434243877133,0.9016601617210406,0.37108239013036487,-0.04418207106138683,0.6603688380565633,0.3659503021022377,0.046191932080004605,-0.005798436827537667,0.06877053607781969
2013-06-11,602087.0,-0.05217024580517316,0.06683298662622822,0.8921202417590813,0.3689051582246419,-0.03895319825286614,0.6463185552918432,0.28412172991610846,0.02190955775804504,0.005512800970869994,-0.002177231905722943
2013-06-13,578002.0,-0.03718973669150963,0.06827866543470326,0.7427811668471735,0.2562568987650562,-0.019072747074195817,0.6483057152051377,0.7756011224874655,-0.04082462426548439,0.014980509113663533,-0.11264825945958573
2013-06-14,531098.0,-0.04061093390920681,0.06982714797546995,0.7676756455494089,0.28700917721399816,-0.017352546190729345,0.738682879619204,0.5113406565266674,-0.0846307672218991,-0.0034211972176971805,0.03075227844894196
2013-06-17,565421.0,-0.04636215519012048,0.0678213024120339,0.7980212974049425,0.2815229713788487,-0.011621578678050137,0.7374115924240522,0.3863881956984265,0.06262402476412454,-0.005751221280913668,-0.005486205835149471
2013-06-18,589935.0,-0.04829659274076122,0.06674577920993252,0.8765626721587971,0.34924186562926424,-0.013858410040169744,0.7214998262520447,0.4205531117835016,0.04244177492290646,-0.0019344375506407455,0.06771889425041555
2013-06-19,636643.0,-0.04921830796061799,0.06432723256643162,0.913702027666997,0.3640878797065231,-0.013411361255040721,0.6543007619654971,0.43951633804188533,0.07619669756763692,-0.0009217152198567682,0.014846014077258884
2013-06-20,283854.0,-0.06437672466937523,0.06449194213918871,0.859681385500997,0.5534253524699317,-0.05050190469317917,0.0,0.854745749575486,-0.8077490374393541,-0.015158416708757241,0.18933747276340862
2013-06-21,346681.0,-0.056327772720700414,0.061698714317161896,0.8177546505288724,0.507316524412933,-0.03763612636992497,0.0,0.9223089814555744,0.19994502729900887,0.008048951948674818,-0.046108828056998785
2013-06-24,386048.0,-0.051802426610429664,0.06005114271670398,0.8403281457228117,0.4037010941644562,-0.04614960241195254,0.0,0.48057495440981435,0.10755666529889929,0.00452534611027075,-0.10361543024847675
2013-06-25,413690.0,-0.04214964370461535,0.05990398451706096,0.752488578404119,0.3562401798448113,-0.03434974547286196,0.0,0.8998452947859509,0.0691551870044993,0.009652782905814311,-0.04746091431964489
2013-06-26,474608.0,-0.05432904368832314,0.05710389243190164,0.8737695108384183,0.3949891278697367,-0.049429657794676785,0.0,0.5830896234366045,0.1373722990898134,-0.01217939998370779,0.0387489480249254
2013-06-27,383600.0,-0.076436725412375,0.05831538444758305,0.936548488008342,0.605070385818561,-0.06137825188041446,0.0,0.46519551616266946,-0.21288885715035555,-0.022107681724051864,0.21008125794882426
2013-06-28,425763.0,-0.09094223344309812,0.05719697566512715,0.9836223438861527,0.7424224275007457,-0.0821375280475205,0.0,0.5771450313907033,0.10428251041849634,-0.014505508030723119,0.13735204168218473
2013-07-01,464447.0,-0.08176024476034523,0.05866689843197546,0.9785766729034745,0.663434148568082,-0.06669985067197615,0.5665877915025826,0.5357554252691911,0.08696459713200966,0.009181988682752898,-0.07898827893266369
2013-07-02,489377.0,-0.0768230208681123,0.05912853699006752,0.9731944901374605,0.64115395696978,-0.07683018415990295,0.5608375546868773,0.3050613330826745,0.05228570302239355,0.004937223892232931,-0.02228019159830208
2013-07-03,509887.0,-0.06403209676982854,0.059167571004204667,0.9409594674898556,0.5379309533288749,-0.03936335070063279,0.546179839846868,0.5243867758934823,0.041055978958782546,0.012790924098283751,-0.10322300364090509
2013-07-04,442006.0,-0.07028637708579431,0.059807944481863065,0.9082026035845667,0.5289905566892757,-0.03720932589450854,0.6610950982565847,0.38330248910648274,-0.14286567589476817,-0.006254280315965768,-0.008940396639599113
2013-07-05,495200.0,-0.07584100142258021,0.059901414171355825,0.9771970920840065,0.6454099353796446,-0.025221762049133734,0.6288085621970921,0.5623869143780291,0.11363826472418914,-0.005554624336785899,0.11641937869036889
2013-07-08,499080.0,-0.06373263771790946,0.060232117903695565,0.8825719323555342,0.48398052416446263,-0.010948044339959995,0.6295944537949828,0.5506852608800192,0.007804682172434241,0.01210836370467075,-0.161429411215182
2013-07-09,540220.0,-0.06970840805413894,0.05956037455731194,0.9467827921957721,0.5245400022213172,-0.021474863194658744,0.6128095960904817,0.5008866757987487,0.07921006045504342,-0.00597577033622948,0.040559478056854614
2013-07-10,593651.0,-0.06955171400851323,0.05902959970697247,0.9764743932040879,0.568847689972728,-0.026422639917420665,0.6213179123761268,0.5978428403220074,0.09431514060674928,0.00015669404562571043,0.04430768775141081
2013-07-11,580902.0,-0.08563660752460447,0.061339152413478995,0.9824273285339007,0.6359334276693831,-0.0464011423625289,0.7472585737353289,0.6507810267480574,-0.021709536678674368,-0.016084893516091242,0.06708573769665505
2013-07-12,615220.0,-0.0860630777489208,0.06127460237773439,0.9908471766197458,0.679987646695491,-0.05115145204239646,0.7487045284613634,0.296723123435519,0.05739785948999021,-0.00042647022431632764,0.044054219026107955
2013-07-15,649830.0,-0.08552214617860324,0.06192282690849293,0.9907698936644969,0.6464860040318237,-0.05508148105074939,0.7468661034424388,0.43558315251681207,0.05473086280506756,0.0005409315703175654,-0.0335016426636674
2013-07-16,665496.0,-0.08451408671389708,0.06217137394586283,0.9900405111375575,0.6366589731568635,-0.05570264802768976,0.7373477827064325,0.2748235902244341,0.02382183707769947,0.0010080594647061542,-0.009827030874960174
2013-07-17,693957.0,-0.08175731042492923,0.06221914644631996,0.9886491526132023,0.615736998113716,-0.05557001798049399,0.6915255556179993,0.30328392104986335,0.041877371634351235,0.002756776288967852,-0.020921975043147523
2013-07-18,269073.0,-0.08874818018109666,0.07518793654471376,0.9242584726078054,0.5890557581028196,-0.035983443320707464,0.0,0.6301672780249226,-0.9474272806821844,-0.006990869756167431,-0.026681240010896334
2013-07-19,314331.0,-0.0698778228598616,0.07269718326913162,0.8720679792957106,0.50849900264371,-0.0325017396362951,0.0,0.9330291953386717,0.15546385256922335,0.018870357321235057,-0.08055675545910967
2013-07-22,352196.0,-0.06934363613175151,0.0706771520109656,0.9244398005655942,0.5330412611159695,-0.013009765034637133,0.0,0.4428414859907551,0.11374126799410789,0.000534186728110092,0.024542258472259548
2013-07-23,396298.0,-0.07516101103522684,0.06875281583654502,0.9762829991571998,0.5712216564302621,-0.050476891894359444,0.0,0.6266193621971344,0.11797861468765447,-0.0058173749034753225,0.038180395314292626
2013-07-24,424504.0,-0.07075467689614867,0.06770473738939961,0.9384104743418201,0.4735832877899855,-0.005635545296046152,0.0,0.4230066147786593,0.06875497505557071,0.0044063341390781635,-0.09763836864027664
2013-07-25,342832.0,-0.08112922096167141,0.06888507104111244,0.9451830634246512,0.5988297475148178,-0.04453683310508383,0.0,0.47375974238110796,-0.21368089729904938,-0.01037454406552274,0.12524645972483228
2013-07-26,372811.0,-0.07492894317280087,0.06873280938078938,0.9223735351156485,0.557349434431924,-0.042874322035978074,0.0,0.46244075416229674,0.08383105755552833,0.006200277788870542,-0.041480313082893794
2013-07-29,389086.0,-0.06684360861433548,0.06843622227291667,0.8711698699002277,0.48238949743758447,-0.059929494712103404,0.0,0.5134983011467902,0.042728810061550604,0.008085334558465385,-0.0749599369943395
2013-07-30,427917.0,-0.07054489613916672,0.06723174601732146,0.9504483346069448,0.5138122579846092,-0.044533321900398715,0.0,0.4474255521514686,0.09512885266677351,-0.0037012875248312316,0.0314227605470247
2013-07-31,454712.0,-0.06231284806886241,0.06647882566087975,0.9248095497809603,0.5005563961364556,-0.06264723221928126,0.0,0.39575819419764596,0.060734999967555936,0.008232048070304303,-0.013255861848153527
2013-08-01,381046.0,-0.06888861392569402,0.06681740333935568,0.9132335728494723,0.5225300882308173,-0.05662953593620834,0.6205051358628617,0.43380064349186187,-0.17674414876281297,-0.00657576585683161,0.02197369209436162
2013-08-02,413410.0,-0.0691159643291067,0.06629572890078297,0.8946542173629085,0.4799496867516509,-0.0370227707077142,0.5861106407682446,0.4582424227764205,0.08151973385496802,-0.00022735040341267942,-0.04258040147916636
2013-08-05,439172.0,-0.07029236144499283,0.06549779161902612,0.946715637608955,0.5320034064102447,-0.04160773987759614,0.5775709744701393,0.3402152231927354,0.0604512992842583,-0.0011763971158861297,0.05205371965859379
2013-08-06,446501.0,-0.05902763819709542,0.06601326445767754,0.8612925838911895,0.4563192467654048,-0.02971920322531285,0.5600659349027214,0.5129350214221244,0.016550504069511973,0.011264723247897415,-0.07568415964483988
2013-08-07,445915.0,-0.04844757177765617,0.0657175130824131,0.783081977506924,0.38453292667885136,-0.04056031277733807,0.5597658746622114,0.6389401567563325,-0.0013132890585207946,0.010580066419439246,-0.07178632008655345
2013-08-08,406193.0,-0.05417949012381738,0.06522603408934717,0.8652980233534305,0.4350715054173755,-0.038907794584245425,0.6024106766980228,0.35294552097155785,-0.09329993478958798,-0.005731918346161206,0.05053857873852413
2013-08-09,427066.0,-0.04689046251068215,0.06454542884319724,0.8079687917090098,0.33606046840535186,-0.032603797793827494,0.5806362482613928,0.5081041337872835,0.050110151921550994,0.007289027613135227,-0.09901103701202363
2013-08-12,454496.0,-0.050961056287781074,0.06287328220611947,0.8829252622685348,0.40601237414630714,-0.038386108222051796,0.5759698655213688,0.30645154192776175,0.06225054466957225,-0.004070593777098924,0.06995190574095528
2013-08-13,477674.0,-0.05812035673085857,0.06189445836970761,0.8855014089106796,0.3877539912157664,-0.048366759450907626,0.5454075373581145,0.4508304827141523,0.04973937875103296,-0.007159300443077499,-0.018258382930540717
2013-08-14,515600.0,-0.05113209602963923,0.06100194445045085,0.8839235841737781,0.3647420480993018,-0.04418506086403151,0.5378917765709853,0.3915787432117921,0.07640277961528064,0.006988260701219343,-0.02301194311646465
2013-08-15,437940.0,-0.05109441276505408,0.06443686864166438,0.8013289491711193,0.34554961866922407,-0.023742085337620455,0.653269854317943,0.409592638260949,-0.16324935637343607,3.768326458514909e-05,-0.019192429430077707
2013-08-16,465325.0,-0.05384011480053374,0.06314899963740728,0.8647869768441412,0.42343738247461454,-0.01577287066246058,0.6470617310481921,0.6169172084027292,0.06065417149280172,-0.0027457020354796566,0.07788776380539048
2013-08-19,482560.0,-0.05025164975049164,0.06270026206199486,0.8720760112732096,0.4190463362068966,-0.012684472944390124,0.6380553713527851,0.31756051061007956,0.03636917919513927,0.0035884650500420945,-0.0043910462677179685
2013-08-20,496586.0,-0.04344861004054868,0.06270266313123955,0.7823700225137237,0.3417696028482478,-0.016935519907055663,0.6091170512257695,0.5770601668190404,0.028651415593552443,0.006803039709942962,-0.07727673335864876
2013-08-22,562799.0,-0.0409845641727481,0.060446359413188086,0.8261599611939608,0.336391855706922,-0.0146371177239909,0.5729132425608432,0.5801307393936379,0.125165867435431,0.0024640458678005794,-0.005377747141325828
2013-08-23,293147.0,-0.0687656187336192,0.06841315221113611,0.8994804654320188,0.4915349636871604,-0.04741461977237027,0.0,0.5994739840421358,-0.6522483587194312,-0.027781054560871092,0.1551431079802384
2013-08-26,340454.0,-0.06530706379077442,0.0663585693886684,0.8902289296057617,0.5272929676255823,-0.05002805583808423,0.0,0.46321088898940826,0.1496058313263955,0.003458554942844777,0.035758003938421934
2013-08-27,367474.0,-0.05592314010851532,0.06572743947144707,0.860036356313644,0.4469486276580112,-0.041023726351645085,0.0,0.48482341607841645,0.0763725468353087,0.009383923682259099,-0.08034433996757112
2013-08-28,435217.0,-0.05326825710204335,0.06218531491345629,0.9003692410912257,0.426690593428106,-0.0031362866059857497,0.0,0.6732940119526581,0.1691921894280206,0.0026548830064719656,-0.020258034229905186
2013-08-29,386656.0,-0.06983649460039816,0.06343249480285257,0.9356896052304892,0.572917528759414,-0.052750433840301314,0.0,0.5950457253993213,-0.11830934843391638,-0.01656823749835481,0.14622693533130804
2013-08-30,427578.0,-0.07585073472898896,0.062410451767697675,0.9805719658167632,0.6126086936184743,-0.06505823440610636,0.0,0.49958136293261113,0.10060131902917213,-0.006014240128590795,0.03969116485906021
2013-09-02,467789.0,-0.07288910756090021,0.06211087445046758,0.9710809788173728,0.5703319231533875,-0.06703189258178399,0.5713687153823626,0.4081583790982687,0.08988061167718264,0.0029616271680887457,-0.04227677046508671
2013-09-03,501814.0,-0.07366588200717045,0.06235431180172153,0.9541583136381209,0.5411985317268948,-0.04801585486321713,0.5545700199675577,0.40722259642018754,0.07021219355346275,-0.000776774446270237,-0.02913339142649274
2013-09-04,551740.0,-0.06918913629851052,0.06141410389252937,0.9591365498241926,0.5095244136731069,-0.04743525033896456,0.5305904955232537,0.39764925508391635,0.09484738771745604,0.004476745708659927,-0.03167411805378795
2013-09-05,472104.0,-0.08394882737584666,0.0637852157062814,0.981133394336841,0.6350613424160778,-0.06966495697200425,0.6530446681239727,0.4974645417111484,-0.15587762052463283,-0.014759691077336143,0.12553692874297095
2013-09-06,509673.0,-0.0790042643764137,0.06383567087823579,0.9758786516060297,0.5962960564911227,-0.04460939222459026,0.635984248724182,0.2707834238815868,0.0765700433087062,0.0049445629994329665,-0.038765285924955095
2013-09-09,536291.0,-0.07903996484660246,0.06373030505192459,0.9675232289932145,0.5679752224072379,-0.03565748018520265,0.6256882923636607,0.37481143632841124,0.050907580589761636,-3.5700470188762545e-05,-0.02832083408388486
2013-09-10,580117.0,-0.07607130381226812,0.0635424668910242,0.9858097590658436,0.5268747511277897,-0.03761464872325582,0.6178443314021137,0.4635289088235649,0.07855288313881204,0.0029686610343343384,-0.04110047127944816
2013-09-11,622606.0,-0.07245820984374257,0.06292856056922165,0.9865484752797115,0.4939480184900242,-0.03764044054140636,0.6245105251154021,0.4459369167659804,0.07068408763235823,0.003613093968525549,-0.03292673263776552
2013-09-12,545042.0,-0.08094584525339894,0.06411291586389692,0.9855735888243475,0.6375637106865158,-0.027398192905842444,0.7630604613956355,0.32432913426855176,-0.1330510390530435,-0.008487635409656372,0.14361569219649167
2013-09-13,567620.0,-0.0721590788960371,0.06441756084163634,0.9499489094816955,0.5367464148550086,-0.020592052104502767,0.7600789260420704,0.2819368591663437,0.0405893248327267,0.00878676635736185,-0.10081729583150723
2013-09-14,575310.0,-0.06882411108721191,0.06436338764431519,0.9285706836314335,0.5336948775442805,-0.017498354309743447,0.7541812240357373,0.17598164467852115,0.013456845206674117,0.0033349678088251816,-0.0030515373107281585
2013-09-16,605058.0,-0.07803438825910514,0.06384872936248481,0.9838676622736994,0.5872213903460495,-0.030930282701863265,0.7492471796092276,0.33398781604408173,0.05041529525088251,-0.009210277171893225,0.05352651280176901
2013-09-17,631765.0,-0.07514984722205846,0.06371435849223396,0.9629814883698844,0.5706615592823281,-0.030277171027591088,0.7373738652821856,0.23406329885321284,0.04319316835146303,0.0028845410370466756,-0.016559831063721386
2013-09-18,678478.0,-0.0676299854398539,0.06284638155385498,0.9620813055102745,0.4732224184129773,-0.025481229550332718,0.6839543802451958,0.2791940195555346,0.07133456472762667,0.007519861782204554,-0.0974391408693508
2013-09-23,293543.0,-0.07622761337615082,0.07125599572352001,0.9549946685834784,0.4915974831626031,-0.03531122668618558,0.0,0.6703208729215141,-0.8378279180804551,-0.008597627936296912,0.018375064749625802
2013-09-24,342481.0,-0.07032716656276458,0.06942805876137725,0.9296340526919742,0.4527492036054555,-0.036042375577169716,0.0,0.4449852692558127,0.15419204550791044,0.005900446813386237,-0.03884827955714759
2013-09-25,386191.0,-0.06445633648422705,0.06742053835655767,0.9409903389773454,0.42828030689477486,-0.034271297335795925,0.0,0.42160485355691873,0.12011588402434015,0.005870830078537531,-0.024468896710680643
2013-09-26,333565.0,-0.06379822373118602,0.06804209523118544,0.8657023368758713,0.4268943084556233,-0.022564107576594328,0.0,0.5315215924932172,-0.14649431682193104,0.0006581127530410347,-0.0013859984391515479
2013-09-27,368670.0,-0.06444815664791065,0.06641378408520435,0.9416361515718664,0.4819757506713321,-0.02802684589851634,0.0,0.2693140206688909,0.10006418605124523,-0.0006499329167246326,0.055081442215708765
2013-09-30,400665.0,-0.05637228907724378,0.06529031579514387,0.8596133927345787,0.37956896659303907,-0.021271441801741342,0.0,0.5151785157176194,0.08322373171999864,0.008075867570666868,-0.10240678407829301
2013-10-01,432291.0,-0.05581288275200714,0.06399617513237406,0.8583939984871302,0.36652856524887173,-0.022843476625194592,0.5456717812769639,0.3415014423154773,0.07597330589647555,0.0005594063252366416,-0.01304040134416734
2013-10-02,478026.0,-0.055889558783059595,0.0622453752812588,0.9554898687519089,0.4351269596214432,-0.02635178883517597,0.515706258655387,0.3376636417266006,0.10056615173654393,-7.667603105245696e-05,0.06859839437257148
2013-10-03,451505.0,-0.07119723252211428,0.06442317984851301,0.9648619616615541,0.528313086233818,-0.04295001088644368,0.5921595552651687,0.7474114350893124,-0.05707867732479066,-0.015307673739054686,0.0931861266123748
2013-10-04,482161.0,-0.06793100192962316,0.06438477787356628,0.9551249478908498,0.4966701993732384,-0.04358273905948307,0.5645106095266934,0.3538154267972731,0.06569163618012652,0.0032662305924911206,-0.03164288686057959
2013-10-07,493915.0,-0.06378806968269854,0.06469197392914657,0.9351102922567648,0.4939918811941326,-0.040037630524883405,0.5496816253808854,0.29165139750766833,0.024085354432783035,0.004142932246924622,-0.0026783181791057986
2013-10-08,534323.0,-0.06537017088841021,0.06411519885005973,0.9492123678000012,0.47166975780567183,-0.04485025042832491,0.5402724569221239,0.37505404034638223,0.07863708740883268,-0.0015821012057116723,-0.02232212338846079
2013-10-09,565223.0,-0.06088948515046727,0.06339328077453496,0.9263794997726561,0.45869860214464026,-0.04131110293562523,0.5507454579873784,0.3893153675628911,0.05621981852762836,0.004480685737942941,-0.012971155661031575
2013-10-11,508933.0,-0.06567279257818096,0.06538466071696057,0.9168927933539386,0.5051627620924561,-0.04184387564570746,0.6800423631401383,0.40439507754458837,-0.10490396630409471,-0.0047833074277136844,0.046464159947815886
2013-10-14,527080.0,-0.056528110852800725,0.06539605096705305,0.8529881611899522,0.415876147833346,-0.033111110036790015,0.6662574941185399,0.38693367230780906,0.0350359624389327,0.00914468172538023,-0.08928661425911016
2013-10-15,551145.0,-0.06495914563475125,0.06434780957969466,0.9488138330203485,0.4887570421576899,-0.04396334555466852,0.6627040071124659,0.33548340273430766,0.04464559275063529,-0.008431034781950522,0.07288089432434391
2013-10-16,594620.0,-0.05870984854686992,0.06345554786627884,0.9018482392115973,0.4729793817900508,-0.03986711760907713,0.6149170899061586,0.2919360263697824,0.07592461362848546,0.006249297087881328,-0.015777660367639113
2013-10-17,283983.0,-0.07903377550277958,0.07906669731366002,0.8976523242588464,0.5452685548078582,-0.04473961990189479,0.0,0.5371659571171514,-0.7390081688415258,-0.020323926955909663,0.0722891730178074
2013-10-18,324026.0,-0.0779868412059555,0.07722000518611945,0.960083450093511,0.5671797942140445,-0.052266327378011956,0.0,0.4348539931980767,0.13190938227165105,0.0010469342968240786,0.021911239406186334
2013-10-21,349208.0,-0.07128428743811525,0.07639853821873638,0.9495945110077662,0.4509203683764404,-0.0022947221390801076,0.0,0.31544809969989235,0.0748439737241764,0.00670255376784025,-0.11625942583760412
2013-10-22,381880.0,-0.0683096051938486,0.07553209391801426,0.9489577877867393,0.4322483502670996,-0.0021702796417791825,0.0,0.3758405781921022,0.08943868991935844,0.002974682244266655,-0.01867201810934077
2013-10-23,415518.0,-0.06380767632172898,0.073373622076432,0.8563888928999466,0.4195245452663904,-0.005196804239410491,0.0,0.5168584754451071,0.0844195115269688,0.004501928872119615,-0.012723805000709243
2013-10-24,357924.0,-0.07621349064476889,0.07438656574326599,0.9619416412422749,0.49263810194342933,-0.04917206657697182,0.0,0.37217118717940123,-0.14920526129571243,-0.012405814323039902,0.07311355667703895
2013-10-25,385864.0,-0.06645197498025544,0.07319660469295129,0.8916146621607614,0.477961146932598,-0.0415281874579172,0.0,0.4355783384819522,0.07516430241416039,0.009761515664513443,-0.014676955010831327
2013-10-28,416172.0,-0.0689697323361093,0.07202954587999075,0.96000692021568,0.4485429101429217,-0.04850597597715467,0.0,0.34627509779610355,0.07561366057280772,-0.0025177573558538557,-0.02941823678967631
2013-10-29,447438.0,-0.06596607193711285,0.07145645530753791,0.950936219096277,0.416341481948337,-0.038116703756569836,0.0,0.43794670993523127,0.07243934428223042,0.003003660398996452,-0.032201428194584714
2013-10-30,484440.0,-0.06654952860600907,0.07020785654220392,0.9664189579720915,0.47156510610189084,-0.03131224114182296,0.0,0.36516390058624393,0.07945560402256291,-0.0005834566688962262,0.05522362415355386
2013-10-31,428637.0,-0.07142067105359245,0.07227386424990993,0.961046293250466,0.5301292235621283,-0.029592689282679552,0.0,0.30413846681457735,-0.12238317776122365,-0.004871142447583382,0.058564117460237486
2013-11-01,461676.0,-0.06193229741465082,0.07133857843857568,0.853860716173247,0.41459595040677877,-0.02243394872308413,0.5261915282579125,0.45124936102374824,0.07425293946384848,0.009488373638941637,-0.11553327315534956
2013-11-04,474800.0,-0.05806565486585421,0.07077616324881073,0.8699557708508846,0.41097514743049707,-0.030420845233620653,0.5169397641112047,0.3260509688289806,0.028030316380037945,0.003866642548796609,-0.0036208029762817007
2013-11-05,482752.0,-0.048403621677358434,0.07078949678276779,0.7667788015378496,0.34973858212912634,-0.019631575125269363,0.5091786258782978,0.4753662335940607,0.016609401495653486,0.009662033188495775,-0.06123656530137073
2013-11-06,505189.0,-0.04996669069929936,0.0691407431219125,0.7980241058296994,0.33818036418053443,-0.021971825543922407,0.49211483227069475,0.4059352044482362,0.04542955245309521,-0.0015630690219409285,-0.011558217948591909
2013-11-07,462464.0,-0.055955342918914096,0.07007526501964223,0.8297402608635484,0.37323121367284806,-0.02217726115472407,0.5498525290617216,0.2490701978964849,-0.08836390059914123,-0.005988652219614733,0.03505084949231363
2013-11-08,480799.0,-0.049972151661627245,0.07012019081299861,0.8280861649046691,0.36993837341591806,-0.01574683550456346,0.5278005985869355,0.34968042778791136,0.03888058726682608,0.00598319125728685,-0.0032928402569299964
2013-11-11,490304.0,-0.044233180026323565,0.06999511615603611,0.7302489883827177,0.29760923835008485,-0.010089751862497831,0.5056883076621851,0.29460905886959926,0.01957630354240969,0.00573897163530368,-0.07232913506583322
2013-11-12,505386.0,-0.04476046113493471,0.06909760462822483,0.7347473020621861,0.29041168532567185,-0.01162379228968946,0.4899680640144365,0.34066634216222846,0.030296886845038173,-0.0005272811086111454,-0.007197553024412995
2013-11-13,498957.0,-0.03656142600665055,0.06976382613049835,0.7441923853157687,0.2621748968347974,-0.01286483898591606,0.4981130638511936,0.5546650312551984,-0.012802574045615245,0.008199035128284161,-0.028236788490874465
2013-11-14,470175.0,-0.044017982921974515,0.07025713879652369,0.78709629393311,0.33035997235072045,-0.004291381219951984,0.5746456106768756,0.3725634072419844,-0.05941495386563744,-0.0074565569153239655,0.06818507551592307
2013-11-15,500250.0,-0.04710028563310455,0.06868616334310565,0.8006416791604198,0.3151424287856072,-0.00943119337859788,0.5790584707646177,0.3811794102948526,0.06200300763570077,-0.003082302711130032,-0.015217543565113234
2013-11-18,523813.0,-0.046961604964639136,0.06766128762912324,0.7890678543678755,0.3025201741842986,-0.011165286774274641,0.5829408586652107,0.2828566683148375,0.04602677693485724,0.00013868066846541016,-0.012622254601308613
2013-11-19,550841.0,-0.053020820103695576,0.06632920874600329,0.8841879961731244,0.3723687960772709,-0.01939539067408691,0.5850635664375019,0.334154501934315,0.050311450867770446,-0.00605921513905644,0.0698486218929723
2013-11-20,572103.0,-0.04647718414752627,0.06564075214345222,0.880545985600495,0.2867001221807961,-0.012732099370342365,0.5406246777241162,0.27915602610019524,0.037872843832753134,0.006543635956169309,-0.08566867389647481
2013-11-21,325640.0,-0.0544093958304376,0.07636230521998646,0.7791088318388404,0.35434221840068786,-0.024625128866774926,0.0,0.7267074069524628,-0.5635265683934456,-0.007932211682911333,0.06764209621989176
2013-11-22,365099.0,-0.053908934901711114,0.07307753571974498,0.8585315215872955,0.40336182788777836,-0.039027791809067125,0.0,0.34107461263931155,0.11437607297643915,0.0005004609287264858,0.0490196094870905
2013-11-25,403951.0,-0.05797048594118992,0.0707838864796798,0.8562424650514543,0.37495141737487964,-0.035115682301456785,0.0,0.4444524212095031,0.10112503379434123,-0.004061551039478806,-0.02841041051289872
2013-11-26,457287.0,-0.05935176191717825,0.0687780786098017,0.8944667134644108,0.4200775442993131,-0.042194369072819926,0.0,0.5190394653685759,0.12401761905540809,-0.001381275975988333,0.04512612692443346
2013-11-27,510698.0,-0.059364908538606834,0.0669605470649797,0.8964006124950558,0.38024820931352776,-0.03566589680660748,0.0,0.37831751837680977,0.11046721492050438,-1.3146621428580807e-05,-0.039829334985785336
2013-11-28,435306.0,-0.07027591407823273,0.0717304704811723,0.9089399181265593,0.5208244315493009,-0.0433402731024356,0.0,0.5017229259417513,-0.15972918539169179,-0.010911005539625901,0.14057622223577315
2013-11-29,476796.0,-0.06949440765679833,0.07072822674724522,0.9628331613520248,0.47411471572748093,-0.03649770484237225,0.0,0.3666389818706533,0.09103949439342607,0.0007815064214344025,-0.046709715821819986
2013-12-02,508201.0,-0.06670081263039847,0.06997901943674602,0.9570071684235175,0.44412938974933147,-0.025504449998276835,0.5936627436781903,0.3071206077910118,0.06378831215916314,0.0027935950263998643,-0.029985325978149457
2013-12-03,523392.0,-0.062871758504172,0.069656626646619,0.8711367388114454,0.43278078381022256,-0.022942967274547033,0.5838090761799951,0.2654587765957447,0.029453666688754154,0.003829054126226472,-0.011348605939108913
2013-12-04,580345.0,-0.060824559586150434,0.06793516136470508,0.9585487942516951,0.3914292360578621,-0.037776193870277974,0.5521026286088447,0.3830600763339048,0.10329204898474309,0.0020471989180215616,-0.04135154775236044
2013-12-05,497522.0,-0.06465373540782064,0.07035453841166742,0.8840372888033092,0.4535779322321425,-0.032898177311552534,0.6456217011509039,0.3954016103810485,-0.153982977560414,-0.003829175821670208,0.06214869617428037
2013-12-06,531021.0,-0.060581721026255045,0.06947131855916792,0.8792552460260517,0.4266290786993358,-0.0319943783969826,0.6191657203764069,0.3073098804002102,0.0651617917560845,0.004072014381565597,-0.026948853532806682
2013-12-09,573052.0,-0.0641399138312028,0.06870941670075176,0.9282490943230283,0.4701388355681509,-0.04080941475164079,0.5972930903303714,0.34111389542310294,0.07617489455093285,-0.003558192804947749,0.043509756868815086
2013-12-10,591777.0,-0.062330235451680545,0.06832967248361972,0.9251795862292722,0.4564185495549844,-0.04066968362233647,0.5830828166691169,0.1964101342228576,0.03215341169615371,0.001809678379522249,-0.013720286013166494
2013-12-11,620190.0,-0.05988862092662323,0.06745638352414547,0.9339460487914993,0.44717102823328336,-0.03957542119360624,0.596586529934375,0.4697463680485013,0.04689600797571458,0.002441614525057312,-0.009247521321701035
2013-12-12,556136.0,-0.05995033880555625,0.06887247716080024,0.8755070702130414,0.43653171166764965,-0.019294777266296137,0.6994673964641742,0.3733529208682768,-0.10901301404896557,-6.171787893301944e-05,-0.010639316565633716
2013-12-13,604728.0,-0.060286395144558226,0.06723796724436042,0.8754497889960445,0.4355941844928629,-0.02112227137833156,0.7033261234803085,0.34102439443849136,0.08376590150317398,-0.00033605633900197357,-0.0009375271747867342
2013-12-16,612894.0,-0.05368856053076212,0.06708365889411519,0.8639520047512295,0.37021736221924184,-0.013696389286818378,0.6807979846433478,0.328169308232745,0.013413230759015349,0.006597834613796108,-0.06537682227362107
2013-12-17,642223.0,-0.05660298192745263,0.0659542407985521,0.9014547906256861,0.4283698964378417,-0.006336698619526349,0.6662249716998613,0.252611631785221,0.04674359448357457,-0.002914421396690514,0.05815253421859984
2013-12-18,657729.0,-0.056309913227080205,0.06477620116421853,0.8823922922662677,0.4264689560594105,-0.005873729195213007,0.6164681806640729,0.2631965444734838,0.02385739698464384,0.0002930687003724272,-0.001900940378431193
2013-12-19,313585.0,-0.06569498582075349,0.06847431106334646,0.9567262464722484,0.4212860946792736,-0.036563027808835025,0.0,0.5681585535022402,-0.7407225366871479,-0.009385072593673285,-0.005182861380136905
2013-12-20,358990.0,-0.06081505048650736,0.06679837445154739,0.9529986907713307,0.3917184322683083,-0.04858518670921086,0.0,0.43512632663862505,0.1352240772474822,0.004879935334246133,-0.029567662410965256
2013-12-23,404240.0,-0.06027330511654628,0.0655289461615205,0.9317509400356224,0.45217445082129426,-0.030327110871452012,0.0,0.39641796952305564,0.11871422803653964,0.0005417453699610789,0.060456018552985935
2013-12-24,421048.0,-0.05782841010668189,0.06505179160871587,0.9329387623263856,0.440256217818396,-0.029642068093092777,0.0,0.21759989359882959,0.04073808045137994,0.0024448950098643896,-0.011918233002898238
2013-12-25,456124.0,-0.05599391374313811,0.06420544490807203,0.9261012356289079,0.40617682910787417,-0.01981161487807881,0.0,0.2583332602537906,0.08001786093770136,0.0018344963635437764,-0.03407938871052185
2013-12-26,385883.0,-0.06569054941316389,0.06678007104818415,0.9175423638771337,0.47720163883871536,-0.021905775351789836,0.0,0.2035435611312237,-0.16723048766295356,-0.00969663567002578,0.07102480973084119
2013-12-27,412495.0,-0.06735326205041064,0.06603953680546677,0.9570855404307931,0.5278342767791124,-0.015821835632873538,0.0,0.3410295882374332,0.0666898697793723,-0.0016627126372467521,0.050632637940397074
2013-12-30,460107.0,-0.0698766468185199,0.06540705042726913,0.9739278037499973,0.473394232211203,-0.025909643842415453,0.0,0.4631922574531576,0.1092349866404323,-0.0025233847681092603,-0.05444004456790941
2013-12-31,492334.0,-0.06480461502229493,0.06540930257677789,0.9612783191898183,0.4446392083423042,-0.02456131386946081,0.0,0.3167240125605788,0.06769827682890828,0.0050720317962249795,-0.028755023868898832
2014-01-02,531229.0,-0.06169865760670753,0.06461075918739108,0.9663572583575069,0.41739438170732396,-0.024677969565308322,0.48259225305847386,0.3546907265981338,0.0760358420870606,0.0031059574155873973,-0.027244826634980235
2014-01-03,475053.0,-0.06162213107392813,0.06566124305451441,0.9123739877445254,0.4734313855506649,-0.0171461199502958,0.549199773498957,0.4545955924917851,-0.1117668132880123,7.652653277939736e-05,0.05603700384334093
2014-01-06,501774.0,-0.05452406488893141,0.06520919552237402,0.9086819962772085,0.3872639873728013,-0.011765868510742905,0.5327557824837477,0.3665454965781408,0.05472344236091331,0.007098066184996719,-0.08616739817786356
2014-01-07,529909.0,-0.05379219264522923,0.06472604545529732,0.9006904959153365,0.3719978335902957,-0.013192674130375948,0.5048848009752618,0.34645193797425594,0.05455547457269638,0.0007318722437021849,-0.01526615378250562
2014-01-08,585101.0,-0.054192501319404555,0.06324618370847927,0.9235636240580686,0.3985995580250247,-0.018233966533465984,0.5142667676178985,0.35385172816317184,0.09907918821113171,-0.00040030867417532867,0.026601724434729024
2014-01-09,521316.0,-0.05654301123937345,0.06437864772938115,0.9193425868379256,0.38689777409479087,-0.013468503807541832,0.6023851176637587,0.4077852972093701,-0.11542809809970755,-0.0023505099199688934,-0.011701783930233856
2014-01-10,542530.0,-0.056929571017527394,0.06371963623804493,0.9203251433100473,0.443151530790924,-0.01516528223135416,0.6036016441487106,0.2501041417064494,0.03988699962224729,-0.00038655977815394565,0.05625375669613314
2014-01-13,568776.0,-0.0585423944642446,0.06333050291404516,0.9194076402661153,0.4294309183228547,-0.01940183511942295,0.5976043292965948,0.3733737007187364,0.047243300081184714,-0.0016128234467172042,-0.013720612468069326
2014-01-14,592230.0,-0.05582650050291833,0.06284706691344644,0.8934130320990156,0.42327474123229153,-0.01733008584323603,0.5871468855005657,0.30691623186937506,0.04040838943967806,0.0027158939613262656,-0.006156177090563153
2014-01-15,653254.0,-0.05741609999712378,0.06155158144116144,0.9721578436565257,0.38897886580105134,-0.023545344113082622,0.565744717981061,0.3393764140747703,0.09807095466629256,-0.0015895994942054445,-0.034295875431240186
2014-01-16,333843.0,-0.07389238032477573,0.07550424005775427,0.9453725254086501,0.46235206369461096,-0.03624082832197928,0.0,0.44038964423396626,-0.6712952050282954,-0.01647628032765195,0.07337319789355962
2014-01-17,381554.0,-0.06556347354238864,0.0737147558483794,0.8535620121922454,0.4208788271122829,-0.03443462075383896,0.0,0.4284321485294349,0.13358156465093174,0.008328906782387083,-0.041473236582328044
2014-01-20,408398.0,-0.0651939064244238,0.07226633706736006,0.9297645923829205,0.39775170299560725,-0.03729719447524571,0.0,0.38667672221705296,0.06798980188425752,0.0003695671179648474,-0.023127124116675668
2014-01-21,438245.0,-0.059271062678035336,0.07152655225410728,0.8134239979919908,0.3757099339410604,-0.03487249851742458,0.0,0.34117217538135064,0.07053592560426836,0.005922843746388462,-0.022041769054546856
2014-01-22,473938.0,-0.06022363439316097,0.06954820806878338,0.9380214289632821,0.367050120479894,-0.0029332313078964667,0.0,0.3422029885765649,0.07829839672888639,-0.0009525717151256316,-0.008659813461166399
2014-01-23,417771.0,-0.06665800670713179,0.07009914724874061,0.8942075921976393,0.4358966993879422,-0.034333515607730014,0.0,0.33902544695538944,-0.1261430759401616,-0.006434372313970822,0.06884657890804818
2014-01-24,456571.0,-0.0634378636293841,0.06858260981916083,0.8858381281334119,0.4122600866020838,-0.03469402708206604,0.0,0.30896618488690697,0.08881078364520434,0.003220143077747692,-0.02363661278585838
2014-01-27,492129.0,-0.05131338087453105,0.0673282848913578,0.8348420840877087,0.3689520430618801,-0.01921047625012251,0.0,0.7494762552095081,0.07499665809005585,0.012124482754853047,-0.04330804354020368
2014-02-05,510625.0,-0.03510228468614621,0.06741590727776617,0.6740837209302326,0.2879764993880049,-0.01990203860375961,0.4660915544675643,0.8944470012239902,0.03689458836714188,0.016211096188384844,-0.08097554367387522
2014-02-06,472818.0,-0.04813555089169653,0.06662356313062899,0.8452448933839236,0.326307374084743,-0.025389212622773938,0.5212216962975182,0.4082797186232335,-0.07692492918107341,-0.013033266205550322,0.03833087469673807
2014-02-07,527180.0,-0.052899762339099134,0.06394972498443835,0.8506847755984673,0.36358928639174476,-0.022337210203461244,0.5135854926211161,0.46335407261276984,0.10883150976843403,-0.004764211447402605,0.037281912307001785
2014-02-10,570323.0,-0.05044740706835864,0.06278061972450638,0.8357948039970332,0.3403387203391762,-0.022873110540458486,0.500242844844062,0.36146183829163475,0.07866082079870829,0.002452355270740496,-0.023250566052568533
2014-02-11,606470.0,-0.052327774762712644,0.061593226034225707,0.907431530001484,0.4125941926228832,-0.027348123968039983,0.4877619667914324,0.3057826438240968,0.061452396021877576,-0.0018803676943540057,0.07225547228370699
2014-02-12,679310.0,-0.05624852985729565,0.05996002303016511,0.9543389615933815,0.3762891757813075,-0.02477655045841387,0.49458126628490673,0.4249017385288013,0.11342231410305104,-0.003920755094583006,-0.03630501684157572
2014-02-13,581859.0,-0.05680189382619103,0.06304108722840289,0.9003933942759328,0.4253418783588464,-0.019804669508839523,0.6165033109395919,0.28945672405170325,-0.154849426786706,-0.0005533639688953818,0.04905270257753891
2014-02-14,631427.0,-0.057790738886059324,0.06213652519382736,0.9332036799186604,0.39352925991444776,-0.025098429821181933,0.6232106007503638,0.47002899780972307,0.08175418698699133,-0.000988845059868293,-0.031812618444398644
2014-02-17,665319.0,-0.05617706642946082,0.06146287891577333,0.9310345864164409,0.37584527121576267,-0.025770140441689904,0.6300751970107572,0.30894954149813847,0.0522842875595213,0.0016136724565985056,-0.017683988698685094
2014-02-18,710572.0,-0.057569395077702326,0.060580654488028816,0.9517416954228425,0.43696205310651137,-0.02994660031345575,0.6157701119661343,0.3374506735418789,0.06580365460438742,-0.0013923286482415073,0.061116781890748706
2014-02-19,759107.0,-0.05807370244668041,0.059529592324955055,0.9541882764880313,0.42321306482485344,-0.032296802731954455,0.5773929103538763,0.2593139043639434,0.06607246293719626,-0.0005043073689780866,-0.013748988281657937
2014-02-20,392249.0,-0.06983113792910046,0.07312617609919136,0.9352018743196286,0.4539973333265349,-0.02634956162268831,0.0,0.5372174307646419,-0.6602459002112813,-0.011757435482420052,0.030784268501681478
2014-02-21,439571.0,-0.07271025666630851,0.0712397814214902,0.97291450072912,0.479556203662207,-0.03509241024615617,0.0,0.44917885847792505,0.11390240907525317,-0.0028791187372080446,0.025558870335672113
2014-02-24,490773.0,-0.0632338023668779,0.06982286804522635,0.9227320981390582,0.44218813993434847,-0.030442924043964203,0.0,0.4112695686193006,0.11018244780796316,0.009476454299430614,-0.03736806372785856
2014-02-25,524390.0,-0.061548745147270746,0.06884528848619952,0.9120311218749404,0.4169968916264612,-0.0321399502310038,0.0,0.2907168328915502,0.06625398319646969,0.0016850572196071487,-0.02519124830788727
2014-02-26,586439.0,-0.05921458343209193,0.06702684068286306,0.9675243290436004,0.3809910323153815,-0.03498022290794178,0.0,0.39427118592044524,0.1118329735692658,0.0023341617151788133,-0.03600585931107969
2014-02-27,498519.0,-0.07162718963762318,0.06920036074502779,0.9632070191908433,0.5385652302118876,-0.016155877947770625,0.0,0.24944686160407126,-0.1624269528457365,-0.012412606205531251,0.15757419789650612
2014-03-03,542279.0,-0.06535956648456974,0.06742784033143642,0.9675867957269229,0.4289692206410353,-0.03510587097389206,0.608306794104142,0.438965919757173,0.0841389261251031,0.006267623153053445,-0.1095960095708523
2014-03-04,566537.0,-0.058438804334080545,0.06708993143718417,0.9141185836053073,0.4161405168594461,-0.02975496052388571,0.5949320167967846,0.2992973097961828,0.04376176251899544,0.0069207621504891945,-0.012828703781589235
2014-03-05,621987.0,-0.062328653403412586,0.06560474048993614,0.9553849196205065,0.47538614151099623,-0.03856512215435548,0.5586885256444266,0.3201546013019565,0.09337680053653408,-0.003889849069332041,0.059245624651550144
2014-03-06,611053.0,-0.0703687035665027,0.06650435914312627,0.9770429078983329,0.4728869672516132,-0.02453467434950818,0.6093563078816404,0.4921635275499834,-0.017735493745396624,-0.00804005016309011,-0.002499174259383008
2014-03-07,654643.0,-0.06592287603543755,0.06641425029950783,0.9571506912928115,0.4389781911667886,-0.02455370463027129,0.5915330951373496,0.5376961183423637,0.06890635042619309,0.00444582753106515,-0.03390877608482462
2014-03-10,680476.0,-0.059149185559537326,0.06609221128787492,0.906390526631358,0.4235726168152881,-0.019069292945146366,0.5729210141136498,0.314002257243459,0.03870250440440692,0.006773690475900221,-0.015405574351500473
2014-03-11,707731.0,-0.061176383800045024,0.0656398323340305,0.9507708437245225,0.4101487712139217,-0.023250095089476064,0.563965687528171,0.25931462660248034,0.03927152470964934,-0.002027198240507698,-0.013423845601366446
2014-03-12,736902.0,-0.0584538742143733,0.06459932645142524,0.9201983438774762,0.3993638231406619,-0.021270667021312084,0.5731508395960385,0.3486962988294237,0.04039083384766151,0.0027225095856717244,-0.010784948073259804
2014-03-13,676556.0,-0.06852753784830258,0.0659621506869776,0.9558100142486358,0.5220898196158189,-0.028326011484043456,0.6991084256144354,0.4072242356878071,-0.0854396886472788,-0.01007366363392928,0.12272599647515703
2014-03-14,697155.0,-0.06237071171149571,0.06547183267186368,0.9167272701192705,0.42738989177442605,-0.02159737465799061,0.6875271639735784,0.2920498310992534,0.029992544478517402,0.006156826136806869,-0.09469992784139286
2014-03-17,729954.0,-0.06210261622763375,0.0647279317689677,0.9640100609079476,0.41635637314132123,-0.022999735635222618,0.6807141271915764,0.2500500031508835,0.0459737507853859,0.00026809548386196036,-0.01103351863310481
2014-03-18,760279.0,-0.06352550758044842,0.06422722972671327,0.9538761428370375,0.40361104278823956,-0.026562253061748087,0.6728556227384946,0.2593771497042533,0.04070395271852334,-0.0014228913528146689,-0.012745330353081674
2014-03-19,797907.0,-0.057828390293337806,0.06332453203187471,0.9018883153049165,0.3952352843125828,-0.021803426219811017,0.628788818747047,0.3082652489575853,0.048306578128070043,0.005697117287110615,-0.008375758475656747
2014-03-20,381099.0,-0.061036228371759225,0.068545530052359,0.8606188943030552,0.39441457469056596,-0.01132095662257937,0.0,0.7043943962067599,-0.7389328654117886,-0.0032078380784214197,-0.0008207096220168575
2014-03-21,429402.0,-0.0554778602171119,0.06653746087608274,0.8634240175872493,0.3738780909264512,-0.008997140082334876,0.0,0.4366933549447837,0.11933435920252222,0.005558368154647324,-0.020536483764114766
2014-03-24,476204.0,-0.05597778392413769,0.0645734968557988,0.9373440794281442,0.3591905989869888,-0.012245827610169346,0.0,0.5491407044039949,0.1034527907537992,-0.0004999237070257914,-0.014687491939462394
2014-03-25,526898.0,-0.06162234510157443,0.06308706679393858,0.9447843795193757,0.418841977005037,-0.02178541424510594,0.0,0.5018295761228928,0.10116064757187182,-0.005644561177436738,0.05965137801804821
2014-03-26,601719.0,-0.06095268628095254,0.061309649358489454,0.9658661268798227,0.4683132824457928,-0.027156079645014986,0.0,0.4222685339834707,0.13278357750433756,0.0006696588206218934,0.049471305440755786
2014-03-27,528483.0,-0.06989943601614287,0.06355100669069785,0.9653366333448758,0.5205541143234503,-0.031843245170321555,0.0,0.42878011213227296,-0.12977992064174515,-0.008946749735190336,0.052240831877657545
2014-03-28,590631.0,-0.06474082609983174,0.06224409653068815,0.9579026498778425,0.48168484214340257,-0.03129928977143215,0.0,0.3879257946162663,0.11118081864261598,0.005158609916311133,-0.038869272180047765
2014-03-31,621002.0,-0.06974752397576035,0.0615631085290478,0.9799710789981353,0.5573573031970912,-0.039469877775367146,0.0,0.402906914953575,0.05014284561364235,-0.005006697875928612,0.07567246105368863
2014-04-01,658740.0,-0.0681720775851839,0.06165059266655419,0.9775419740717126,0.5201809515134954,-0.04205383657438444,0.5377979172359353,0.41209581929137445,0.05899461693448771,0.0015754463905764543,-0.03717635168359579
2014-04-02,747384.0,-0.06669064627837175,0.060439450926388555,0.9853475589522923,0.4929487385333376,-0.045528300085902584,0.4940887147704527,0.4314502317416482,0.12625018980138236,0.0014814313068121504,-0.02723221298015782
2014-04-03,616777.0,-0.0716830038904703,0.06343398298555404,0.9520264212186901,0.5474296220514059,-0.043712465714279336,0.612495277871905,0.2631210307777365,-0.1920715769569803,-0.004992357612098555,0.05448088351806829
2014-04-07,652481.0,-0.06824978349886893,0.06297689213968832,0.9537886926975652,0.5263785458886926,-0.04240889365556466,0.5933153609070609,0.34432420254382884,0.05627448767984333,0.003433220391601377,-0.02105107616271329
2014-04-08,679638.0,-0.0669893985954669,0.06295529147319615,0.940852336096569,0.5073686285934571,-0.0436812645908925,0.5750973312263293,0.335393253467287,0.04077828347989687,0.0012603849034020231,-0.01900991729523549
2014-04-09,739523.0,-0.06708085862090106,0.062389939892817665,0.9750298503224376,0.4739622702742173,-0.04821304799133763,0.5735751288330451,0.2977500361719649,0.08444508028436637,-9.146002543415632e-05,-0.033406358319239826
2014-04-10,694211.0,-0.07257572020695288,0.06259837411814924,0.9730240517652414,0.6161109518575765,-0.05007767011991371,0.6682219094770898,0.380287837559474,-0.06322943488341615,-0.005494861586051822,0.1421486815833592
2014-04-11,731051.0,-0.06662931440959975,0.06220054387642083,0.9744997271052225,0.4886758926531801,-0.04580688253882714,0.6563194633479743,0.3722996070041625,0.05170727587821489,0.00594640579735313,-0.12743505920439635
2014-04-14,754513.0,-0.06052979258657328,0.06234208679866823,0.9338871563511828,0.48157818354355725,-0.040352608321610584,0.6452281140285191,0.23332798772188154,0.031589283255076595,0.00609952182302647,-0.007097709109622874
2014-04-15,801380.0,-0.06412994352876611,0.061749067541375026,0.971769946841698,0.46193191744241185,-0.024303807121684895,0.6283960168708977,0.26673987371783675,0.06026273355112011,-0.003600150942192827,-0.019646266101145393
2014-04-16,879295.0,-0.06109756599285515,0.06092380774725414,0.9601510300866035,0.4329627713111072,-0.025081187204582744,0.5933276090504325,0.2955538243706606,0.09278520846318017,0.0030323775359109573,-0.028969146131304635
2014-04-17,446030.0,-0.07956149398194369,0.07373870081077914,0.9590274196802906,0.5166961863551779,-0.0384787391996565,0.0,0.5167612044032912,-0.6787342356954866,-0.01846392798908854,0.08373341504407067
2014-04-18,490209.0,-0.07736571174867926,0.07221935219693645,0.9633319665693613,0.5679026700856166,-0.04089148021671385,0.0,0.43878019375409266,0.09444561644669847,0.002195782233264429,0.05120648373043868
2014-04-21,522115.0,-0.07338281932427151,0.07144527078661737,0.9639255719525391,0.5527594495465559,-0.03923388957222451,0.0,0.2413740267948632,0.06305603935353865,0.003982892424407747,-0.015143220539060698
2014-04-22,551650.0,-0.07235291772921267,0.07109492499039685,0.9488751926040062,0.5270787637088734,-0.04175176690945992,0.0,0.35860418743768696,0.05502591707418425,0.0010299015950588492,-0.02568068583768246
2014-04-23,613888.0,-0.0662144636956598,0.06927387373839707,0.95526545558799,0.49308994474562134,-0.03984851935710043,0.0,0.5406768009799833,0.10689871387856975,0.00613845403355287,-0.033988818963252065
2014-04-24,539184.0,-0.07312008233962547,0.07034218081646029,0.9427097243241639,0.4803796106709398,-0.03861739767144201,0.0,0.29282768034659784,-0.12975561551756165,-0.006905618643965675,-0.012710334074681529
2014-04-25,552052.0,-0.05677380762920489,0.07017139710196267,0.8056451203872099,0.41256077326048995,-0.019844725169019917,0.0,1.0192065240230992,0.023585359171507392,0.016346274710420577,-0.06781883741044986
2014-04-28,610084.0,-0.05821519580074029,0.06751367535552423,0.8956078179398247,0.3944489611266645,-0.02380441580937387,0.0,0.6931324211092244,0.09995440786610565,-0.0014413881715353988,-0.018111812133825456
2014-04-29,656260.0,-0.06165355970836407,0.06601156668091256,0.9127129491360132,0.45040685094322375,-0.03067026896645786,0.0,0.4045058361015451,0.07296039928003673,-0.0034383639076237815,0.05595788981655925
2014-04-30,712995.0,-0.05140711056075225,0.06447813789560061,0.8054614688742557,0.3592325331874698,-0.021775727298372072,0.0,0.6291446644085863,0.08291735588201199,0.010246449147611823,-0.09117431775575396
2014-05-02,639126.0,-0.06557747652229036,0.0650733512742721,0.93271592768875,0.49804263947953925,-0.030146650848283274,0.5765295106129308,0.41264163873790144,-0.10937278972889075,-0.01417036596153811,0.13881010629206947
2014-05-05,674072.0,-0.06328715796017487,0.06451538633452315,0.9270122479497739,0.47535278130526115,-0.030486684411015097,0.559021884902503,0.38125749178129337,0.05323531209465138,0.0022903185621154926,-0.0226898581742781
2014-05-06,711857.0,-0.06466906598330135,0.06405538072076651,0.9661406715112726,0.45257685181152957,-0.035051203998029634,0.5377006898857495,0.42085840274099995,0.05454011841100481,-0.001381908023126488,-0.022775929493731584
2014-05-07,760217.0,-0.06054740853009455,0.06297320828580502,0.920506907896035,0.43711861218573117,-0.03297118479021088,0.5096899964089201,0.42397499661280924,0.06572687029753332,0.004121657453206806,-0.015458239625798398
2014-05-08,686234.0,-0.06867618052011346,0.06454493536387276,0.96786518884229,0.47187402547818963,-0.02585405726186607,0.5739004479521562,0.35900144848550203,-0.10238524140774352,-0.008128771990018907,0.03475541329245846
2014-05-09,706998.0,-0.06319393632118975,0.06452037563652846,0.9061185463042328,0.4612191265038939,-0.03258718807967442,0.5601288829671371,0.30745490086252014,0.029809159604717195,0.005482244198923708,-0.010654898974295723
2014-05-12,728016.0,-0.05382403667473731,0.0645520528245632,0.8862813454649349,0.37562635986022286,-0.02368251063448157,0.5492530383947606,0.36781746555020767,0.02929518893889238,0.009369899646452434,-0.08559276664367105
2014-05-13,754765.0,-0.05355504585910704,0.06391340424225014,0.8850238153597477,0.3667896630076911,-0.024715523126716765,0.5374202566361715,0.3918424940213179,0.03608341654281588,0.0002689908156302753,-0.008836696852531745
2014-05-14,808564.0,-0.057611928665740504,0.06228210102451026,0.9184541978124181,0.4290124220222518,-0.019735982224545756,0.5545535047318456,0.4566255732384821,0.06885339230059273,-0.004056882806633466,0.0622227590145607
2014-05-15,729437.0,-0.0631027247911203,0.06368445791022735,0.913553877853742,0.4756462861083274,-0.02034197947222327,0.6462998175305064,0.24397994617766852,-0.1029868311079074,-0.005490796125379789,0.04663386408607556
2014-05-16,747328.0,-0.0635751892893799,0.06296016922642356,0.9258973302218035,0.4735377237304102,-0.04370278282490203,0.6374389826153978,0.3644116104307613,0.02423117474059744,-0.000472464498259606,-0.002108562377917178
2014-05-19,777613.0,-0.06284751906569741,0.06247394115761563,0.9122134017821204,0.45804789786178984,-0.02246092652726428,0.6331774288752888,0.25408397236157315,0.039724792660230435,0.0007276702236824889,-0.015489825868620355
2014-05-20,805970.0,-0.06046192865974158,0.06249373266652662,0.9006414630817524,0.4497537129173542,-0.021128987071026728,0.616436095636314,0.29495390647294567,0.035817549856762554,0.0023855904059558314,-0.008294184944435623
2014-05-21,862128.0,-0.056117231981385914,0.06143126735987518,0.9130419148896683,0.43574967986192303,-0.0408940221745302,0.5710880518902065,0.3783892879015645,0.06735723054897313,0.004344696678355665,-0.014004033055431186
2014-05-22,463606.0,-0.07904677722350412,0.07396172455208269,0.9634581951053265,0.5591623059235644,-0.04120905767573457,0.0,0.7243456728342601,-0.6203686979458229,-0.022929545242118203,0.12341262606164138
2014-05-23,525678.0,-0.07618579535265316,0.07339465452133205,0.9725953910949289,0.5038084150373423,-0.045316388809331865,0.0,0.5359060109040135,0.1256538044130302,0.0028609818708509593,-0.05535389088622211
2014-05-26,561232.0,-0.07513249353068402,0.07271059468233604,0.9583042306924765,0.4714556547025116,-0.037197381176876876,0.0,0.4016431707386607,0.0654455092862598,0.0010533018219691381,-0.0323527603348307
2014-05-27,595411.0,-0.07364568119466365,0.0720870511781618,0.9702776737413317,0.536933311611643,-0.017149091856804244,0.0,0.28518116057647575,0.05911755611314007,0.0014868123360203683,0.06547765690913143
2014-05-28,691429.0,-0.07107396860926417,0.07060252904072899,0.9790708807411896,0.4741687143582349,-0.024305749689476963,0.0,0.5203600080413173,0.1495085471040607,0.0025717125853994827,-0.06276459725340816
2014-05-29,593872.0,-0.07720161163978029,0.07349122579374716,0.9597202764232023,0.5345411132365223,-0.022944340761883897,0.0,0.3730635557830644,-0.15209666256364862,-0.0061276430305161195,0.06037239887828744
2014-05-30,633688.0,-0.07045998128014784,0.07291050453423832,0.9096384971784222,0.5057694007145472,-0.0193820784913028,0.0,0.39064176692631075,0.06489291181870094,0.006741630359632447,-0.02877171252197508
2014-06-03,665205.0,-0.07288976072618776,0.07178237962999556,0.9619590953164814,0.4855179982110778,-0.02449290071968302,0.6048180636044528,0.4299712118820514,0.04853854408196767,-0.0024297794460399202,-0.020251402503469462
2014-06-04,733288.0,-0.06773011624499387,0.07044480904189426,0.9668670426899117,0.4482508918733158,-0.024118526835643972,0.5689428982882578,0.31096376866933595,0.09744326675875392,0.005159644481193895,-0.03726710633776198
2014-06-05,680339.0,-0.0746251490464033,0.07098337651565509,0.9625083965493673,0.4869807551823429,-0.026334905784227036,0.6241976426457987,0.29456050586545823,-0.0749473272282426,-0.006895032801409434,0.03872986330902711
2014-06-06,719793.0,-0.07053396709154651,0.07085413931481091,0.9425168069153215,0.4639903416676739,-0.02566763662000815,0.6105005188991836,0.3227219492270694,0.056372467316638364,0.00409118195485679,-0.022990413514669017
2014-06-09,744278.0,-0.07137657781710428,0.07063890160628059,0.9536705370842615,0.5216034868691537,-0.028674828708443068,0.595934583583016,0.2378237701504008,0.033450950281030956,-0.0008426107255577742,0.05761314520147981
2014-06-10,794798.0,-0.07398968067311326,0.06979724710810908,0.9801572223382545,0.500021389082509,-0.034955223006667535,0.5759928937918817,0.3829690059612631,0.06567337336309542,-0.002613102856008978,-0.02158209778664466
2014-06-11,858536.0,-0.07063928682733857,0.0690869775792684,0.9758227960155428,0.47083756534379456,-0.03573208520227955,0.5807700550704921,0.2445267292227699,0.07714061874528788,0.0033503938457746935,-0.029183823738714476
2014-06-12,780948.0,-0.07389384015977933,0.07023043463400179,0.9758601084835354,0.5220475627058395,-0.033097401856670206,0.6913366831082223,0.25248416027699666,-0.09472004674643308,-0.0032545533324407627,0.05120999736204496
2014-06-13,818266.0,-0.07078101777019077,0.06975762152927742,0.9298479956395598,0.5046451887283597,-0.03222895070783205,0.6923518757958903,0.2778167490767061,0.04667890079914194,0.003112822389588557,-0.01740237397747979
2014-06-16,838215.0,-0.07034271200565083,0.06941061539599652,0.9752760329986937,0.497020454179417,-0.032916690662647685,0.6851225520898576,0.19990455909283417,0.024087163705008408,0.0004383057645399452,-0.0076247345489427465
2014-06-17,864968.0,-0.07255233588636426,0.06902235531615027,0.9633986459614691,0.4859555498006863,-0.03685907841482161,0.6716398756948234,0.2917287113511714,0.03141788120673894,-0.0022096238807134266,-0.0110649043787307
2014-06-18,946791.0,-0.07136938301168902,0.06789745016436433,0.9735379825114518,0.5433670155292984,-0.04094104158113265,0.6231164005572507,0.44010663388224014,0.09038585986330361,0.001182952874675236,0.057411465728612165
2014-06-19,436401.0,-0.0821904402397368,0.07450373515324155,0.9796929887878351,0.5816943590871698,-0.05547070295519596,0.0,0.6302689498878326,-0.7745168264592266,-0.010821057228047784,0.038327343557871374
2014-06-20,475927.0,-0.0739325096427466,0.07351080606682533,0.9271842110239595,0.554732133289349,-0.04030606688311911,0.0,0.4841498801286752,0.08670293569382892,0.008257930596990204,-0.026962225797820816
2014-06-23,507939.0,-0.06691782640922281,0.07272906494704208,0.8867718367756758,0.43251453422556646,-0.03558057507571777,0.0,0.5754667391163112,0.06509688050246609,0.007014683233523791,-0.12221759906378254
2014-06-24,540724.0,-0.06638360952319351,0.07137765564242557,0.8815255102418239,0.41665988563481554,-0.026627154939326547,0.0,0.41503983547983814,0.06254762068045672,0.0005342168860292956,-0.01585464859075092
2014-06-25,571633.0,-0.0653714488506833,0.06967817497723423,0.9226549202022977,0.41043291762372014,-0.026201667142745855,0.0,0.5269587305141585,0.05558819476068955,0.0010121606725102122,-0.006226968011095402
2014-06-26,538803.0,-0.07671499287412502,0.07010132979124296,0.9752841019816147,0.5457876069732351,-0.03443214954714868,0.0,0.5360660575386551,-0.05914716462000236,-0.011343544023441718,0.135354689349515
2014-06-27,567069.0,-0.07246779030317288,0.06948181848165644,0.9735658270862981,0.5255356931872488,-0.03296826094384442,0.0,0.3122882753245196,0.05113097699599933,0.004247202570952138,-0.020251913785986342
2014-06-30,615750.0,-0.07472778863286345,0.0678212499274386,0.9751197726349979,0.5618172959805116,-0.04184680833848786,0.0,0.5319269183922046,0.08236004755520909,-0.0022599983296905657,0.03628160279326276
2014-07-01,685906.0,-0.07241124288633419,0.06741433241869435,0.968737698751724,0.500835391438477,-0.04680403985630044,0.4544500266800407,0.6343536869483574,0.10789955509721771,0.0023165457465292583,-0.06098190454203456
2014-07-02,773425.0,-0.06977566160987293,0.06646456017336276,0.9633836506448589,0.5383068817273815,-0.040586359879219214,0.4260555322106216,0.9892762711316546,0.12008811135248187,0.0026355812764612546,0.03747149028890451
2014-07-03,669569.0,-0.0811460010370011,0.06833491746373621,0.9837372996659045,0.6126224481718837,-0.04474277862281295,0.514260666189743,0.5286251304943926,-0.14419448164308513,-0.011370339427128173,0.07431556644450221
2014-07-04,715197.0,-0.075346448149846,0.06815608327843832,0.9772468284962046,0.5725946837025323,-0.02208716042502401,0.5026069740225421,0.5099280338144595,0.06592380741237314,0.005799552887155113,-0.04002776446935141
2014-07-07,751344.0,-0.07361734751850312,0.06785473226678368,0.9762226090845205,0.5459296939883729,-0.02312976618138285,0.48901834579100917,0.42022695329968696,0.04930557359434218,0.001729100631342878,-0.026664989714159426
2014-07-08,789299.0,-0.07151450720953188,0.06786600693703808,0.9663359512681506,0.5195635620975068,-0.02423465372920719,0.48241794301019003,0.394091465971704,0.04928160695418171,0.002102840308971232,-0.026366131890866118
2014-07-09,833230.0,-0.06491959278091204,0.06735504252016106,0.9150210626117639,0.49323356096155924,-0.020019009523729148,0.5084454472354571,0.42609603590845263,0.05416450473138745,0.006594914428619841,-0.026330001135947523
2014-07-10,766233.0,-0.07604939042608912,0.0686001878009129,0.979444894699132,0.5324542273694816,-0.02771737312234457,0.617596736240804,0.5287882406526474,-0.08382341346587374,-0.011129797645177075,0.03922066640792232
2014-07-11,792303.0,-0.06793965085035195,0.06865162534742894,0.8984630879852784,0.5195928830258121,-0.010092840654433943,0.610438178323192,0.7261224556766792,0.03345759337488374,0.008109739575737171,-0.012861344343669479
2014-07-14,823541.0,-0.06829090897166863,0.06831815698067079,0.9483559409914017,0.5050167508357204,-0.01263615642364202,0.614481853362492,0.3306599185711458,0.03866944146219353,-0.000351258121316686,-0.014576132190091684
2014-07-15,842493.0,-0.0715133641023911,0.06816605174030016,0.9664590685026463,0.49438274264593296,-0.007228422109754606,0.6091991268770186,0.43271338752962935,0.02275201771590929,-0.0032224551307224736,-0.010634008189787436
2014-07-16,853855.0,-0.06466365298864228,0.06746874744465338,0.9017057931381792,0.5059137675600658,-0.04056309457412066,0.5473997341468985,0.6174092790930544,0.01339603655892141,0.006849711113748824,0.011531024914132826
2014-07-17,484846.0,-0.0734442924819459,0.0771444712034795,0.9285051335888096,0.4868679951984754,-0.04339175021045383,0.0,0.732686255017057,-0.5659300754032763,-0.008780639493303613,-0.019045772361590385
2014-07-18,543483.0,-0.0680227717131832,0.07478444650879351,0.9313133989471611,0.46052958418202594,-0.04265198165721196,0.0,0.6002358859430745,0.11416711258091894,0.0054215207687626915,-0.02633841101644946
2014-07-21,570914.0,-0.06974471348990817,0.0735546830518396,0.930711105350368,0.4437901330147798,-0.046708124271128804,0.0,0.4304466171787695,0.04924015802979653,-0.0017219417767249667,-0.016739451167246122
2014-07-22,603984.0,-0.07213234525918925,0.07265169430968565,0.9380496834353228,0.5164259318127633,-0.052567751932761864,0.0,0.4807958488966595,0.056309122164702075,-0.0023876317692810844,0.07263579879798349
2014-07-24,683762.0,-0.06876916954718108,0.0705732500288822,0.9690374721028662,0.47172700442551646,-0.05537001156646948,0.0,0.4699588453292227,0.12406219633868787,0.0033631757120081707,-0.044698927387246845
2014-07-25,607740.0,-0.06755973058996838,0.07260959038881848,0.9112400039490571,0.43470233981636885,-0.04653845787130184,0.0,0.6006548853127982,-0.11786274492964921,0.0012094389572127051,-0.037024664609147606
2014-07-28,646502.0,-0.06303865282782802,0.07160673430980008,0.9107411887356883,0.41447203566268936,-0.04460424323102108,0.0,0.47171238449378344,0.06182913286118641,0.004521077762140363,-0.02023030415367949
2014-07-29,666431.0,-0.05972116833535191,0.07111515669781099,0.845124251422878,0.4151982725893603,-0.041725405350153455,0.0,0.5783044306162228,0.030360316590172687,0.003317484492476104,0.0007262369266709534
2014-07-30,727338.0,-0.06157596513277968,0.06904531424870576,0.9290027470034564,0.3874168543373232,-0.047318625344288545,0.0,0.5020499410177937,0.08745468545819257,-0.0018547967974277685,-0.027781418252037116
2014-07-31,646002.0,-0.05677997735051211,0.07058927974095222,0.8840824022216649,0.38465825183203767,-0.033904581975879866,0.0,0.6397952328320965,-0.11858869408327166,0.004795987782267572,-0.0027586025052855345
2014-08-01,676472.0,-0.051702036575577384,0.06921095781566812,0.8350175617024799,0.3841134592414764,-0.028760558182098772,0.4753116167409738,0.5586084863822893,0.046088457496429314,0.005077940774934724,-0.0005447925905612827
2014-08-04,710302.0,-0.05698110351032476,0.06762764249472797,0.9045434195595676,0.3743083927681465,-0.03538941865063849,0.47312833132949084,0.34850246796433065,0.048799174462001105,-0.005279066934747376,-0.009805066473329904
2014-08-05,688784.0,-0.04094122539134688,0.06914031269638626,0.7202345002206788,0.28437071708982786,-0.015472398221724415,0.4660561220934284,0.9189034588492183,-0.030762507671459716,0.016039878118977877,-0.08993767567831862
2014-08-06,713290.0,-0.04236025041392457,0.06751209647317141,0.7619846065415189,0.28754643973699334,-0.02668097117553969,0.45159472304392323,0.7973250711491819,0.03496034579901064,-0.001419025022577687,0.00317572264716548
2014-08-07,632219.0,-0.04768396568553117,0.06918355406641562,0.8215729043258744,0.3290457895128112,-0.02534540006833541,0.5223221700075449,0.3564619222136633,-0.12065221672866144,-0.005323715271606598,0.04149934977581787
2014-08-08,673027.0,-0.043051888908961715,0.06748114182111475,0.7594479864849404,0.3259661202299462,-0.009460750432535359,0.49326698631704224,0.7424991865110909,0.06254959460035536,0.0046320767765694534,-0.0030796692828650163
2014-08-11,711959.0,-0.05015361043250066,0.06570334182263865,0.8482131695785853,0.3727911298262962,-0.018850070479269898,0.4805375028618221,0.41187484110742334,0.05623487777355862,-0.007101721523538947,0.04682500959635
2014-08-12,732158.0,-0.048266973491329065,0.06521574326905874,0.8509679604675493,0.3657694104278038,-0.01780179676791316,0.47123844853160113,0.42151830615796043,0.02797601217996082,0.001886636941171596,-0.007021719398492388
2014-08-13,809510.0,-0.05129380169996596,0.06302844394589165,0.9159207421773665,0.3344047633753752,-0.02505711540398925,0.4643364504453311,0.4842769082531408,0.10043278868166183,-0.0030268282086368947,-0.031364647052428585
2014-08-14,701289.0,-0.055426777133030035,0.06648957361424448,0.8976441951891445,0.3773594053236255,-0.02498318095987162,0.5783621303057656,0.4001274795412448,-0.14350905608218412,-0.004132975433064075,0.04295464194825027
2014-08-15,736782.0,-0.05256375279029999,0.06560790357327162,0.9045321411217973,0.3774115002809515,-0.011601195202247006,0.577510036890152,0.416413538875814,0.04937198441154145,0.0028630243427300445,5.209495732599878e-05
2014-08-18,742165.0,-0.04628635134203411,0.06576197579087474,0.810966564038994,0.3197348298558946,-0.00451904595730801,0.5697789575094487,0.42682287631456617,0.007279535738799581,0.006277401448265878,-0.05767667042505692
2014-08-19,780276.0,-0.05474856858318898,0.06422529102106557,0.9041710881790546,0.3639186646776269,-0.015554242961212883,0.5685372868062071,0.4675204671167638,0.05007611283464364,-0.008462217241154868,0.044183834821732326
2014-08-20,859649.0,-0.05566361198308436,0.062404366597025,0.9263443568247041,0.424341795314134,-0.009479923127028722,0.5446699757691802,0.44111840995569124,0.09687646315236265,-0.000915043399895378,0.060423130636507116
2014-08-21,464042.0,-0.07180820969832345,0.07365229936076174,0.9377858038712014,0.44748966688360103,-0.02738242674568636,0.0,0.5021722171699975,-0.6165491010298645,-0.016144597715239094,0.023147871569467016
2014-08-22,562854.0,-0.07201121772681728,0.07140498747007466,0.949789821161438,0.5196747291482339,-0.040521956055905584,0.0,0.7134745422436369,0.19304520409353643,-0.00020300802849382293,0.07218506226463284
2014-08-25,607365.0,-0.06891498710592152,0.07048746954167456,0.9267969013690285,0.48631218460069314,-0.04159682747252058,0.0,0.3073275542713195,0.07610965883273302,0.003096230620895757,-0.03336254454754073
2014-08-26,641272.0,-0.06687561119879713,0.06984509068529293,0.9130228670517346,0.4706629947978393,-0.041937585427231916,0.0,0.2791545553212989,0.05432377559121093,0.0020393759071243855,-0.015649189802853847
2014-08-27,746719.0,-0.06710653861576739,0.06815982086295987,0.9601724343427716,0.5011081812569387,-0.051192387611102785,0.0,0.616850515387984,0.1522352391218753,-0.00023092741697025576,0.030445186459099383
2014-08-28,600721.0,-0.07609163491598783,0.07226283862432412,0.941968068371174,0.5875356446669918,-0.05046964826230682,0.0,0.36029038438809363,-0.21755834255124462,-0.008985096300220444,0.08642746341005314
2014-08-29,634138.0,-0.06934559678148132,0.07191855984640881,0.9209336138190741,0.4611646045497983,-0.04623331040760814,0.0,0.3558862581961655,0.05413599590733753,0.006746038134506513,-0.12637104011719352
2014-09-01,680128.0,-0.07225037203469625,0.0712281699894397,0.9663680954173333,0.5254275665757034,-0.053932173243940396,0.5382354497976851,0.4344196974687118,0.0700144193835861,-0.0029047752532149335,0.06426296202590515
2014-09-02,679105.0,-0.06231284219194547,0.07134764372820802,0.8472342274022426,0.433555930231702,-0.04252467094764523,0.5489106986401219,0.6908740180089972,-0.0015052609716814658,0.009937529842750786,-0.09187163634400142
2014-09-03,736350.0,-0.06373620294961752,0.06944047214753601,0.9394975215590412,0.4025137502546344,-0.04765431968128164,0.5301093230121545,0.531547497793169,0.08092979439362225,-0.0014233607576720486,-0.031042179977067652
2014-09-04,656740.0,-0.06811966123070037,0.07083799913985135,0.9292216097694673,0.44777994335657945,-0.04548679643096898,0.6040503091025368,0.40185461522063526,-0.11441734721654662,-0.004383458281082858,0.045266193101945074
2014-09-05,690934.0,-0.06367077753620018,0.07015510052858774,0.9320615283080583,0.42709144433477003,-0.04336124592631341,0.5888391655353478,0.4285923112771987,0.05075610350212578,0.004448883694500194,-0.020688499021809414
2014-09-09,721853.0,-0.06403181681585167,0.06960164267661775,0.9224856030244385,0.41345398578380915,-0.024883489475631126,0.5792495147904074,0.3867006163304717,0.0437772115975239,-0.00036103927965148996,-0.01363745855096088
2014-09-10,749108.0,-0.056216869253267444,0.06896677407698933,0.8800626878901306,0.36430528041350513,-0.01684297593081996,0.5765376954991803,0.6922446429620295,0.03706164832358283,0.007814947562584225,-0.049148705370304024
2014-09-11,677843.0,-0.05882024033359434,0.07014089930869978,0.8882307554994298,0.4059052022370962,-0.01318788580867647,0.6788135305668127,0.37110805894580307,-0.09996746767524023,-0.002603371080326898,0.04159992182359107
2014-09-12,680289.0,-0.04980588733337902,0.07035747267628194,0.8126002331362112,0.34219427331619356,-0.0025132329630345174,0.6721364008531668,0.6411172310591527,0.003602010179616144,0.009014353000215324,-0.06371092892090263
2014-09-15,686546.0,-0.04993565771693133,0.06982702791854795,0.829992454984808,0.34453044661246296,-0.012743206913835126,0.6564396267693643,0.5195296455008113,0.009155521634943042,-0.00012977038355230924,0.002336173296269395
2014-09-16,674439.0,-0.04311775355382854,0.07033686153617752,0.7303640507147422,0.3148083073487743,-0.0036569076138129875,0.6337756268543189,0.5760432003487342,-0.01779199532107789,0.006817904163102788,-0.029722139263688663
2014-09-17,719352.0,-0.04830717991831839,0.0681191986055475,0.7811836208142884,0.34522876144085235,-0.010349998966848961,0.57704851032596,0.7531347657336047,0.06446957256983765,-0.005189426364489852,0.030420454092078053
2014-09-18,383366.0,-0.0542876393402929,0.06433062034200292,0.8818544158845594,0.3540480898149549,-0.02566084553151826,0.0,0.6251049910529364,-0.629360660317241,-0.005980459421974504,0.008819328374102542
2014-09-19,440904.0,-0.049691358659315746,0.06233473496737664,0.8637072922903852,0.32007647923357463,-0.02602145999383154,0.0,0.6206589189483425,0.1398370182250499,0.004596280680977151,-0.03397161058138026
2014-09-22,465639.0,-0.03994909300918658,0.06162809048469692,0.7658851599629756,0.27424893533402483,-0.014740575719923599,0.0,0.9092000455288324,0.054583491121166006,0.009742265650129166,-0.045827543899549794
2014-09-23,491510.0,-0.0346735456302146,0.06123545867890253,0.686679823401355,0.27202498423226384,-0.009345177162104146,0.0,0.6380968851091534,0.054071629464294446,0.005275547378971977,-0.0022239511017609903
2014-09-24,538117.0,-0.03593783076222038,0.05896139343235374,0.7171117061902895,0.26254141757275834,-0.010824873138289948,0.0,0.6470525926517839,0.09059372337690519,-0.0012642851320057782,-0.009483566659505505
2014-09-25,462298.0,-0.036073797323113596,0.061872614682816345,0.7737779527490926,0.25689706639440363,-0.0012861215390402858,0.0,0.925902772670442,-0.15186630384740063,-0.00013596656089321507,-0.005644351178354712
2014-09-26,501918.0,-0.0357228231230314,0.060159532754805886,0.7106120920150304,0.271576233568033,-0.03223868776015537,0.0,0.886134786957232,0.08222705494596205,0.00035097420008219776,0.014679167173629382
2014-09-29,529223.0,-0.032759778078861365,0.05938620788490457,0.7244677574481835,0.27075164911577915,-0.029100210250023406,0.0,0.4805441184529017,0.05297313338986598,0.002963045044170033,-0.0008245844522538626
2014-09-30,571943.0,-0.03426242091757998,0.05813180074907012,0.7447560333809488,0.282001877809502,-0.02976718873370121,0.0,0.9441867458820197,0.07762944293918395,-0.0015026428387186139,0.01125022869372283
2014-10-01,634010.0,-0.035320377881330745,0.05612225618215822,0.7632150912446176,0.26305105597703504,-0.03228605179383026,0.437314868850649,0.6645242188609013,0.10302539111877529,-0.0010579569637507655,-0.018950821832466935
2014-10-02,569632.0,-0.040944530175338306,0.05862307138880711,0.7830388742205494,0.3325111651030841,-0.03066118934529527,0.5428610049997191,0.6913147435537329,-0.10707418888847542,-0.005624152294007562,0.06946010912604905
2014-10-03,625229.0,-0.05200093976078775,0.05678479191976894,0.9108662586028479,0.4023453806525289,-0.044615364341970665,0.5143203530226526,0.5899038592259797,0.09312744433329101,-0.011056409585449442,0.0698342155494448
2014-10-06,657651.0,-0.04924454833689337,0.057205651011134034,0.8574395842171608,0.3894497233335006,-0.04344518061294267,0.4960427339120597,0.36582168961957023,0.05055641285096968,0.002756391423894375,-0.012895657319028309
2014-10-07,668630.0,-0.04367165051098706,0.05756673210436646,0.8382992088299956,0.30580440602425857,-0.03769684353503722,0.4693761871289054,0.6413950914556631,0.016556447377448436,0.005572897825906316,-0.08364531730924202
2014-10-08,702540.0,-0.03491548452567835,0.057192395013469566,0.7570373217183364,0.3072337518148433,-0.028495239626674218,0.4686992911435648,0.6451049050587867,0.049471496231957346,0.008756165985308706,0.001429345790584735
2014-10-09,600220.0,-0.04243701231788763,0.059996753117947346,0.8021458798440572,0.36455133117856786,-0.029715249307417535,0.5954649961680717,0.6175019159641465,-0.15740608441167048,-0.007521527792209277,0.05731757936372456
2014-10-13,580580.0,-0.02149976112795531,0.06303307309543778,0.6354783147886596,0.2352750697578284,-0.012786707976568557,0.5510902890213235,1.0774518584863413,-0.03326865080346941,0.02093725118993232,-0.12927626142073947
2014-10-14,617587.0,-0.029858734830079423,0.06157608554441494,0.7025779363879098,0.28942642898895216,-0.0077996074535917614,0.5437857338318326,0.6972345596652779,0.06179234539268208,-0.008358973702124115,0.05415135923112377
2014-10-15,650595.0,-0.020846164441459522,0.06133212947726242,0.6494501187374634,0.25760880424841875,-0.006413255833567333,0.4820464344177253,0.9241909329152544,0.05206737952983964,0.009012570388619901,-0.0318176247405334
2014-10-16,445164.0,-0.04439103947920014,0.06700933126869722,0.7993031781545678,0.45850293375025836,-0.05023228770085564,0.0,1.1528358088255115,-0.3794445751979243,-0.023544875037740616,0.2008941295018396
2014-10-17,492202.0,-0.03223227652642259,0.06659835802205226,0.7118540761719782,0.32704661907103183,-0.03675371907039682,0.0,0.8799781390567287,0.10044644773942046,0.012158762952777548,-0.13145631467922653
2014-10-20,543440.0,-0.04737039935204337,0.06357287026699265,0.8387825702929487,0.44448697188282055,-0.053460985277855255,0.0,0.6177425290740468,0.09903010354548059,-0.015138122825620777,0.11744035281178872
2014-10-21,580005.0,-0.04590182497304759,0.0625771801629168,0.8455340902233601,0.4380134654011603,-0.05253135890112115,0.0,0.3962000327583383,0.06511741930991555,0.0014685743789957795,-0.0064735064816602295
2014-10-22,650909.0,-0.05215253550940361,0.060282519259178546,0.8776679996743016,0.4689672442691682,-0.051301716915290396,0.0,0.5721936553343094,0.1153331232985444,-0.006250710536356022,0.030953778868007875
2014-10-23,536656.0,-0.0550813968014007,0.0647532759186219,0.8632047345040398,0.44563370203631375,-0.04937195555642093,0.0,0.33396999195015054,-0.1930125541550307,-0.002928861291997091,-0.023333542232854443
2014-10-24,576772.0,-0.045488118555643955,0.06368440025738126,0.8099075544582608,0.44225101079802764,-0.051585644707790146,0.0,0.6828625522736887,0.07208974776665933,0.009593278245756745,-0.0033826912382861063
2014-10-27,601101.0,-0.04282915066622435,0.062924606312138,0.8122595038105077,0.35638603163195537,-0.03799123297070628,0.0,0.44813766738035704,0.04131593255729982,0.0026589678894196056,-0.08586497916607227
2014-10-28,660831.0,-0.054209361600379403,0.060734786457216756,0.8752933806071447,0.46424728864112,-0.05397473086720872,0.0,0.61380595038671,0.09473516027889062,-0.011380210934155054,0.10786125700916466
2014-10-29,750134.0,-0.061592518675382936,0.058936188734792797,0.940343991873452,0.49958407431205626,-0.07903248993674528,0.0,0.6168004649835896,0.12675372329870882,-0.0073831570750035325,0.03533678567093623
2014-10-30,613617.0,-0.06687668433589145,0.06294014727873724,0.8984692405849252,0.5569956503812639,-0.04366189735229353,0.0,0.4373493563574673,-0.20088090222327182,-0.005284165660508509,0.057411576069207604
2014-10-31,672461.0,-0.0717041356061595,0.06181553938926477,0.9279571603408971,0.5921949376989892,-0.05289946472106222,0.0,0.5752184885071402,0.09157316221454259,-0.004827451270268054,0.03519928731772537
2014-11-03,726345.0,-0.07051949605992916,0.06139769651631398,0.9468943821462252,0.556187486662674,-0.033855051605466424,0.5155070937364475,0.5462748418451286,0.0770809913321564,0.00118463954623034,-0.0360074510363152
2014-11-04,769380.0,-0.06572549077626304,0.061545803148691944,0.8958797993189321,0.5122046323013335,-0.03216978634313705,0.5123320075905274,0.5250968312147444,0.05755988713761795,0.004794005283666122,-0.04398285436134053
2014-11-05,807448.0,-0.06112837170763793,0.06124173148951537,0.8972193875023531,0.49360825712615547,-0.029299533617477058,0.49023590373621584,0.5309208766384956,0.04829366103937183,0.004597119068625109,-0.018596375175178037
2014-11-06,694287.0,-0.060294079089381725,0.06348154448836209,0.8641469593986348,0.49058098452081056,-0.021484599067373655,0.5707452393606679,0.4925729561406162,-0.15099323704908763,0.0008342926182562035,-0.0030272726053449106
2014-11-07,727480.0,-0.06062552966940717,0.06270859857393088,0.8996934623632264,0.4693613570132512,-0.02385606028305942,0.5460095122889976,0.44638478033760376,0.04670108756945268,-0.0003314505800254483,-0.021219627507559347
2014-11-10,774632.0,-0.07013959535424959,0.06255924900805142,0.9198070825888939,0.4978764109925745,-0.03867190866720138,0.5298348118848693,0.48105552055685796,0.06280157061325298,-0.009514065684842414,0.0285150539793233
2014-11-11,798992.0,-0.06634738801988091,0.06285557770204712,0.9073707871918617,0.4837507759777319,-0.03698636505522379,0.5227937200873101,0.3065011915012916,0.030962855328434458,0.0037922073343686774,-0.014125635014842597
2014-11-12,787819.0,-0.056363629158710266,0.06304252480297949,0.8631703475036778,0.4419124189693318,-0.02454885384490335,0.5276821198777892,0.7296345988101328,-0.014082565158133775,0.009983758861170644,-0.04183835700840011
2014-11-13,719039.0,-0.06793140355538418,0.06320072660548935,0.90576449956122,0.5429371703064785,-0.031252679365793457,0.6476032593503274,0.4354005832785148,-0.09135276978958551,-0.011567774396673919,0.10102475133714667
2014-11-14,743649.0,-0.0664629096112897,0.06281736302787412,0.9069050049149532,0.5269125622437467,-0.03149101401777599,0.6550523163481696,0.403429574974215,0.03365355106630119,0.0014684939440944844,-0.01602460806273176
2014-11-17,760832.0,-0.05627661436158629,0.06272658232350457,0.8550376430013459,0.467902243859354,-0.020754379310228277,0.6412992618606999,0.6491314771197847,0.022843422015988324,0.010186295249703409,-0.059010318384392746
2014-11-18,766910.0,-0.053798960775478896,0.0626463687971643,0.849670756672882,0.4713656100455073,-0.0066677427766119735,0.6232791331446975,0.6264085746697787,0.007956882860440828,0.002477653586107395,0.0034633661861533382
2014-11-19,857990.0,-0.05985158976573074,0.06074744748201426,0.9230049301273907,0.48592291285446215,-0.0182121643512837,0.600189978904183,0.6217881327288197,0.11222299021287263,-0.006052628990251843,0.014557302808954842
2014-11-20,444359.0,-0.0740612754932699,0.06935642800003218,0.9403342792651888,0.5649081035829138,-0.05274555093310074,0.0,0.7373992650086979,-0.6579596501249796,-0.014209685727539167,0.07898519072845162
2014-11-21,486580.0,-0.0717711757836367,0.06796158928345253,0.9304780303341691,0.5424452299724608,-0.054064607387315555,0.0,0.44126967816186446,0.09076853370056703,0.002290099709633203,-0.02246287361045296
2014-11-24,527697.0,-0.0710984696244017,0.0668767834885123,0.9472481367148193,0.521621309198271,-0.05725839779968489,0.0,0.44244519108503555,0.08112092736316434,0.0006727061592350092,-0.02082392077418982
2014-11-25,557089.0,-0.06847280115661389,0.06622936377171637,0.9457860413686143,0.5083945294198952,-0.05662861004098174,0.0,0.5077770338312191,0.054202756376094285,0.002625668467787806,-0.01322677977837583
2014-11-26,621898.0,-0.06489167481189134,0.06465422991412914,0.9505127850547839,0.47846270610293007,-0.05726459842212395,0.0,0.46154031690084224,0.11005108043032052,0.003581126344722546,-0.02993182331696509
2014-11-27,558944.0,-0.07479424821291777,0.06583477877518609,0.9447261264098014,0.6075062975897406,-0.061679310356114514,0.0,0.6061358561859507,-0.10672680290757164,-0.009902573401026432,0.12904359148681055
2014-11-28,637193.0,-0.0717046385500134,0.06400500439033822,0.9445238726728009,0.566971074697933,-0.05302514925738666,0.0,0.42771185496388064,0.13102330316773525,0.0030896096629043773,-0.040535222891807665
2014-12-01,666370.0,-0.06369193761419739,0.06342387425903971,0.9310338100454703,0.4782823356393595,-0.04581303858095942,0.6136215615949098,0.8186968200849378,0.0447724794183717,0.008012700935816006,-0.08868873905857344
2014-12-02,680642.0,-0.055584819185192605,0.06311246502066888,0.874738849497974,0.3911821486185102,-0.03705564822203955,0.609017662736064,0.6558117189359458,0.021191398586372756,0.008107118429004787,-0.08710018702084932
2014-12-03,783713.0,-0.06342580921180366,0.06089956103873642,0.946425540982477,0.5171510489171418,-0.05179798719600315,0.5570380994062878,0.7430066873970446,0.14100641148287174,-0.007840990026611053,0.12596890029863161
2014-12-04,677633.0,-0.0740578815254748,0.06322386248339057,0.9719833597242165,0.575811685676465,-0.056921814482428945,0.6668934364176479,0.46149169240577126,-0.14543703845065714,-0.010632072313671137,0.058660636759323204
2014-12-05,718979.0,-0.06904243451513231,0.06303954771619039,0.9698614284979116,0.5436542652845215,-0.055022663163371344,0.6425709234901158,0.32304698746416793,0.05922630661156347,0.005015447010342483,-0.03215742039194347
2014-12-08,746223.0,-0.06517231387578401,0.06291546039234136,0.919533437055679,0.5251513287582934,-0.053039579680188687,0.6288455327696949,0.3797524332538665,0.03719233308550329,0.003870120639348301,-0.018502936526228142
2014-12-09,750456.0,-0.059114796102292685,0.0632360438839697,0.8927185604485806,0.4384507552741267,-0.04698265946609115,0.6138321234023048,0.396520249021928,0.00565653862549631,0.006057517773491325,-0.08670057348416671
2014-12-10,714931.0,-0.05399654459822507,0.06310669272961529,0.8532641611568109,0.3878416238769895,-0.03677525641706969,0.6524377877025895,1.0238666388784372,-0.04849498723249823,0.005118251504067618,-0.050609131397137186
2014-12-11,680487.0,-0.05688191925389112,0.062142323230257535,0.9053413217298788,0.4122606309892768,-0.03473511245335936,0.757273834768335,0.5194882488570686,-0.049377316231991486,-0.0028853746556660523,0.024419007112287283
2014-12-12,723452.0,-0.056350468907975175,0.061265543113194966,0.9057145463693513,0.3951236571327469,-0.03625989079827585,0.7563943426792655,0.41351741373304657,0.06122548140158557,0.0005314503459159445,-0.017136973856529902
2014-12-15,731440.0,-0.052496488953010796,0.0610710847425133,0.8581209668598928,0.3981939735316636,-0.03178742058152839,0.7453871814502898,0.5579076889423603,0.010980994145835865,0.003853979954964379,0.003070316398916695
2014-12-16,758340.0,-0.048761988552263755,0.06086833420822299,0.8610148482211145,0.40201756468075006,-0.028031786712188977,0.7241000079120183,0.5915539204050954,0.036116640030918745,0.0037345004007470414,0.0038235911490864805
2014-12-17,734227.0,-0.039846632169261084,0.0612927877665313,0.7676032071825198,0.2972187075659163,-0.014539506771359623,0.6520680933825642,0.9800511286019173,-0.03231358877974522,0.00891535638300267,-0.10479885711483378
2014-12-18,338893.0,-0.04618809197437926,0.05788162770418378,0.8422156845966131,0.3828612570929467,-0.03138209385907498,0.0,0.8366357522875952,-0.7731338217681483,-0.006341459805118174,0.08564254952703043
2014-12-19,407235.0,-0.05328712561096918,0.05582276061225441,0.8908762753692585,0.4050167593649858,-0.0443934787633119,0.0,0.9554434171915479,0.18370599105210417,-0.007099033636589924,0.022155502272039107
2014-12-22,457077.0,-0.058838183804386476,0.055256885833605114,0.9451864784270484,0.4648757211585794,-0.054425508521165455,0.0,0.6273931963323466,0.1154614524632045,-0.005551058193417294,0.05985896179359357
2014-12-23,489474.0,-0.056350817838202776,0.05517789001928789,0.924696715249431,0.4377270294234219,-0.02173184240869397,0.0,0.4907758124027017,0.06847947828148371,0.002487365966183701,-0.027148691735157493
2014-12-24,578554.0,-0.05911974593839248,0.054452549135273295,0.9619344088883666,0.47420984039519215,-0.009381483924765233,0.0,0.6869177293735762,0.16720054199877232,-0.0027689281001897076,0.03648281097177025
2014-12-25,421038.0,-0.06640040405166411,0.06042804145705958,0.9420099848469734,0.5602035920748246,-0.02824636684245585,0.0,0.3917318626822282,-0.3178087962430247,-0.0072806581132716305,0.08599375167963247
2014-12-26,473825.0,-0.06634403886238253,0.059972234529959215,0.9642526249142616,0.5066638526882288,-0.034085914259388006,0.0,0.4558307391969609,0.11811496432062718,5.636518928157919e-05,-0.05353973938659584
2014-12-27,494307.0,-0.06457682501924991,0.06015475433693096,0.95050444359477,0.490219640830496,-0.03455008949395233,0.0,0.30264390348508113,0.042318726440697674,0.0017672138431326229,-0.01644421185773276
2014-12-29,542082.0,-0.06610945125859516,0.05997708353916804,0.9496662866503591,0.5145402356101106,-0.04159685040726757,0.0,0.5838397142867684,0.09226049985609208,-0.0015326262393452472,0.024320594779614624
2014-12-30,572976.0,-0.062361126666714554,0.059652869558191435,0.940400645053196,0.5034661137639272,-0.0397510689512679,0.0,0.5023439027114573,0.05542654951163861,0.0037483245918806044,-0.011074121846183393
2014-12-31,618402.0,-0.06323848344019042,0.05866679147601509,0.971271114905838,0.47713138055827764,-0.04375723897258699,0.0,0.5966167638526395,0.07629490039984255,-0.0008773567734758694,-0.026334733205649608
2015-01-05,541941.0,-0.0672746561700747,0.059809383460057035,0.9589051206681171,0.5550235173201511,-0.040339180794707,0.5712743638145111,0.747961493963365,-0.13198159199480308,-0.0040361727298842826,0.07789213676187345
2015-01-06,544443.0,-0.04936809761590549,0.05989264858946552,0.8134148111005193,0.37898733200720736,-0.027445918256829405,0.5629606772426131,1.1536818362987493,0.004606114271922479,0.017906558554169213,-0.17603618531294374
2015-01-07,625226.0,-0.05070890541005071,0.05727314018728678,0.8755458026377662,0.4324724179736607,-0.03084661055121707,0.5095245559205791,0.8202761881303721,0.13834993067712276,-0.0013408077941452143,0.05348508596645335
2015-01-08,616168.0,-0.06738444184879702,0.05729428027826153,0.9619227223744173,0.5080773425429428,-0.03659113468997188,0.5577521065683385,0.7196170524921774,-0.014593530751952244,-0.016675536438746315,0.07560492456928208
2015-01-09,656017.0,-0.0614792989906685,0.05761492776658845,0.9402347805011151,0.4728581728827149,-0.03424418213503655,0.5380729462803555,0.6588990834078995,0.06266704961953273,0.005905142858128522,-0.03521916966022787
2015-01-12,681502.0,-0.05660979524452064,0.05742603994472973,0.8953311949194573,0.4624329789200912,-0.030321519235588235,0.5234467397014242,0.5291928710407307,0.03811248259268396,0.004869503746147863,-0.010425193962623702
2015-01-13,719686.0,-0.05959136525795756,0.05699775982978745,0.9376353020622883,0.4424776916599739,-0.03594098658983069,0.5172672526629669,0.5985693760890166,0.05451581993973953,-0.002981570013436921,-0.019955287260117305
2015-01-14,744001.0,-0.05397925125895799,0.05675189464902977,0.9011560468332703,0.4362924243381393,-0.03052537899377239,0.5448057193471514,0.7121966233916353,0.03322737314332791,0.0056121139989995655,-0.006185267321834609
2015-01-15,656800.0,-0.05924305914511662,0.05760188908508918,0.9269290499390986,0.49344244823386113,-0.028923883998956956,0.6862484774665043,0.5145051766138855,-0.12466282077999047,-0.005263807886158628,0.057150023895721824
2015-01-16,689395.0,-0.05647389137514777,0.05765509623675162,0.9120402671907978,0.42918065840338265,-0.02607599452413978,0.6699540901805207,0.6572545492787154,0.04843484323475167,0.0027691677699688486,-0.06426178983047848
2015-01-19,712769.0,-0.05908034478405612,0.057565318608579594,0.9279640388400731,0.4840418143886729,-0.02987336032247445,0.6653670403735291,0.5810536092338472,0.033342983377734114,-0.0026064534089083463,0.05486115598529023
2015-01-20,759724.0,-0.06400734183918094,0.05734360323893673,0.9670814664272814,0.4636170504025146,-0.03801359535393001,0.6634422500802923,0.5782428882067698,0.06379782467713824,-0.004926997055124824,-0.02042476398615828
2015-01-21,832893.0,-0.06614803824903638,0.05716994042457069,0.9718319159844062,0.5070735376572981,-0.04503466309574,0.636284612789398,0.4915553378405149,0.09194997310786235,-0.0021406964098554387,0.043456487254783516
2015-01-22,406985.0,-0.07867301519656279,0.070779308259767,0.9559516935513593,0.5877071636546801,-0.039437494596835876,0.0,0.7626693858496013,-0.7161288528091294,-0.012524976947526412,0.080633625997382
2015-01-23,477328.0,-0.07858023627500567,0.06967911938044358,0.9693565011899574,0.5106300070391848,-0.04972473693213142,0.0,0.6047895786545101,0.15942755587912671,9.277892155712397e-05,-0.0770771566154953
2015-01-26,517192.0,-0.07486505295650066,0.06899638924879076,0.9639766276353849,0.5633014431777754,-0.05039951802499987,0.0,0.4323771442713731,0.08021029326827112,0.003715183318505011,0.0526714361385906
2015-01-27,554863.0,-0.07529864463389052,0.06866584694078415,0.9745198364280913,0.537190261379836,-0.05477971641291002,0.0,0.5624072969363608,0.07030705755391686,-0.0004335916773898635,-0.026111181797939365
2015-01-28,631504.0,-0.06846016073747714,0.06724551418645339,0.9744514682408979,0.49259862170310875,-0.05371930370563527,0.0,0.5772014112341332,0.1293830394676938,0.00683848389641338,-0.0445916396767273
2015-01-29,509677.0,-0.07313898990017434,0.06993644800417538,0.9320510833331699,0.5221954296544674,-0.04528530057601121,0.0,0.656311742534978,-0.21432708415082047,-0.004678829162697198,0.02959680795135866
2015-01-30,537451.0,-0.06440327317519139,0.06998827497378338,0.8722544008663116,0.44823062939691244,-0.03865770980494365,0.0,0.5190370843109419,0.05306040131077694,0.008735716724982953,-0.07396480025755497
2015-02-02,571189.0,-0.06489839653539141,0.06901778596477244,0.8739068854617298,0.48961377057331285,-0.04122620776201957,0.48013179525516075,0.43072258044185024,0.0608825600813212,-0.0004951233602000227,0.041383141176400406
2015-02-03,599240.0,-0.06823055959599544,0.06861784600942446,0.9196115079100193,0.4677958747747146,-0.04749103847818692,0.47243174687938055,0.49348674988318536,0.04794203251231899,-0.0033321630606040348,-0.02181789579859822
2015-02-04,671042.0,-0.06744753660134914,0.06781355119586219,0.9685101677689325,0.49056392893440354,-0.054017691971343096,0.4372811239832976,0.5433221765552678,0.11316954250819222,0.0007830229946463041,0.02276805415968891
2015-02-05,548187.0,-0.0790535179868185,0.06981355028491998,0.970542898682384,0.6034090556689596,-0.05383171871468284,0.5382597544268652,0.3869975026770062,-0.20221525854287137,-0.011605981385469366,0.1128451267345561
2015-02-06,572034.0,-0.07115652996787215,0.07011906294725576,0.9294132866228231,0.4936087715065888,-0.048241467484755995,0.5158137453368157,0.4226706804141013,0.04258196055821628,0.007896988018946352,-0.10980028416237086
2015-02-09,593822.0,-0.06598132530241972,0.07007223497369235,0.8980957256551627,0.47810286584195266,-0.04473809902881709,0.5005220419587014,0.36875865158246074,0.037381180982245965,0.005175204665452432,-0.01550590566463611
2015-02-10,600540.0,-0.06258989262942685,0.0702468504328878,0.8112448796083525,0.47024178239584374,-0.041911068056250556,0.48750624438005796,0.374391381090352,0.011249639304018899,0.0033914326729928695,-0.007861083446108919
2015-02-11,644735.0,-0.06567296798859243,0.06915390754943157,0.9264240346809154,0.4429106532141112,-0.04884900160850192,0.48705126912607505,0.5454799258610127,0.07101012920051097,-0.003083075359165577,-0.027331129181732527
2015-02-12,576633.0,-0.07771780597007298,0.0692611694795527,0.9258419133140143,0.597464938704514,-0.052263458122154716,0.593262959282594,0.3215771556605328,-0.11163336404293567,-0.012044837981480552,0.1545542854904028
2015-02-13,637648.0,-0.07623697053427246,0.06835598029506511,0.965143778385567,0.5572949338820165,-0.03457785342583197,0.5800692545103254,0.4186086994705543,0.10058039133453356,0.0014808354358005205,-0.04017000482249755
2015-02-24,716143.0,-0.07806337844864064,0.0686735721164156,0.9772768846445472,0.5624784435510785,-0.0445896252818202,0.5472580196971834,0.4710120744041344,0.1160934607384263,-0.0018264079143681805,0.005183509669062003
2015-02-25,441522.0,-0.08466951414324761,0.08215716823691185,0.952715832959626,0.5609482653186024,-0.005107458704227352,0.0,0.724727193661924,-0.4836520187624078,-0.006606135694606968,-0.0015301782324760316
2015-02-26,473474.0,-0.07736541962207097,0.08197138284324872,0.9236156578819534,0.4986567372231633,-0.043867762754492334,0.0,0.5570379788541715,0.06986915194852727,0.007304094521176641,-0.06229152809543914
2015-03-02,507797.0,-0.07177285479095896,0.08078002927170366,0.9217187183067249,0.47506582354759874,-0.04180241132506235,0.5229570084108414,0.4597880649157045,0.06998476053975722,0.005592564831112007,-0.02359091367556454
2015-03-03,542785.0,-0.06943131826779252,0.07922675531088266,0.9295448474073528,0.45685123944103095,-0.0422423189395541,0.5177740726070175,0.5087557688587562,0.06663153167563962,0.002341536523166446,-0.018214584106567788
2015-03-04,585173.0,-0.06754265934227711,0.07735663748233024,0.9562795959485485,0.4303769996223339,-0.002258429617126967,0.4940692752399718,0.5152049052160643,0.07519423691808669,0.0018886589255154018,-0.026474239818697065
2015-03-05,525012.0,-0.07312588721073966,0.07835206473889414,0.9004384661683923,0.4888383503615156,-0.02033227411102967,0.5639985371762931,0.47140255841771234,-0.1084864105358605,-0.005583227868462548,0.05846135073918168
2015-03-06,562834.0,-0.07406504571834278,0.07722329002905165,0.9576962301495645,0.4597572285967088,-0.02547956254399597,0.5368527843022988,0.4332147666985292,0.06956361616681939,-0.0009391585076031217,-0.02908112176480676
2015-03-09,585869.0,-0.06502028506565663,0.07685335233402024,0.88626638378204,0.40160343011833705,-0.017042804648760068,0.5149786044320488,0.42200730880111426,0.040111479457966226,0.009044760652686154,-0.058153798478371765
2015-03-10,597924.0,-0.062355168518237455,0.07652500485515414,0.8608167593205825,0.4024658652270188,-0.014316528129204253,0.5016222797546176,0.510310674935276,0.020367440474926113,0.0026651165474191746,0.0008624351086817805
2015-03-11,667172.0,-0.05677585952368191,0.07423009463914117,0.8726280479396618,0.3724346945015678,-0.0024340608914249495,0.4781975262750835,0.7413545532486375,0.10958422816409197,0.005579308994555547,-0.03003117072545103
2015-03-12,599191.0,-0.07158934205276639,0.07516516020356577,0.9244214282257244,0.48415446827472375,-0.020425177157148866,0.6308055361312169,0.6124608013137715,-0.10746747167355863,-0.01481348252908448,0.11171977377315595
2015-03-13,628094.0,-0.06732894060572044,0.07483535264730239,0.9045859377736454,0.4651835553277057,-0.018722564683407605,0.6304979827860161,0.37849270968995086,0.04710942473219326,0.004260401447045953,-0.018970912947018026
2015-03-16,648197.0,-0.05990957047548836,0.0748846157207782,0.8807276183012264,0.4012931253924347,-0.0013571031366848008,0.6148855980512098,0.41357334267205803,0.03150482569986579,0.007419370130232077,-0.063890429935271
2015-03-17,679200.0,-0.06069223787975716,0.07399274800094433,0.8620435806831567,0.38984393404004714,-0.004134414598760516,0.6082729681978799,0.5701928739693758,0.046720972501573144,-0.0007826674042687998,-0.011449191352387589
2015-03-18,760839.0,-0.06623237552745162,0.07135436722575782,0.9780873483089063,0.4093467869023539,-0.005534820265957308,0.5607493832466527,0.6363369911374154,0.11350613674985333,-0.005540137647694461,0.01950285286230674
2015-03-19,465358.0,-0.06939191680265348,0.07703856530061358,0.943003021329815,0.4532553431981399,-0.024313090739909504,0.0,0.8412405073083519,-0.49161476990169994,-0.003159541275201863,0.04390855629578605
2015-03-20,501367.0,-0.06754208330326852,0.07583669779729398,0.9312499626022455,0.43145240911348376,-0.025610045037329443,0.0,0.41898250183996955,0.07453136599695753,0.0018498334993849591,-0.021802934084656167
2015-03-23,532145.0,-0.06605237372925726,0.07483670941015425,0.964458935064691,0.41358276409625194,-0.026448823489023,0.0,0.3860958949158594,0.05957764075362704,0.001489709574011261,-0.017869645017231817
2015-03-24,553223.0,-0.06267977271602755,0.07424153168510253,0.9351545398510185,0.40691186013596686,-0.03408051658196032,0.0,0.44412831715239603,0.038845166613899806,0.003372601013229712,-0.0066709039602850795
2015-03-25,567436.0,-0.05701661926355078,0.0737888448147984,0.9108886288497734,0.336661755686985,-0.02770321778516993,0.0,0.778519515857295,0.025366792455770337,0.0056631534524767685,-0.07025010444898189
2015-03-26,494947.0,-0.06303086517189067,0.07510454055285555,0.9352375102788784,0.40321488967505614,-0.022779630569116582,0.0,0.7477325855091556,-0.13667728153640368,-0.006014245908339891,0.06655313398807117
2015-03-27,561686.0,-0.049087260304448765,0.07295382757008227,0.8371189597034642,0.3391806098069028,-0.010913621192543466,0.0,0.7445921742753069,0.12649228876179386,0.013943604867441908,-0.06403427986815335
2015-03-30,588717.0,-0.05030799147907026,0.0718012596811567,0.8476687440654848,0.33464805670636316,-0.023301095268051464,0.0,0.4688075934617142,0.04700261791336402,-0.0012207311746214936,-0.004532553100539627
2015-03-31,618963.0,-0.05566800691233218,0.07036055701171787,0.8795760005040689,0.3816286272361999,-0.009016903042213809,0.0,0.47307997408568847,0.05009990426501432,-0.005360015433261922,0.04698057052983673
2015-04-01,688195.0,-0.04569968723379428,0.0681379864752561,0.8810395309468974,0.31442396413807133,-0.0008056661681212773,0.42034452444437986,0.7766330763809676,0.10602673093782755,0.009968319678537903,-0.06720466309812856
2015-04-02,628769.0,-0.05889764953338984,0.06983589299280157,0.9490798687594331,0.4112050689521907,-0.010449651678277383,0.4769255481742898,0.6082758532942941,-0.09030828836189642,-0.013197962299595564,0.09678110481411939
2015-04-07,665972.0,-0.06011006467525705,0.06890143190907798,0.9384118251217769,0.3907581700131537,-0.014717016355697443,0.46353300138744574,0.3885328512309827,0.05748368796930947,-0.0012124151418672069,-0.020446898939037006
2015-04-08,701726.0,-0.05138421130345373,0.06829538323672425,0.8660360311574603,0.3183707030949402,-0.0075188284125419225,0.4718907379803513,0.6046533832293516,0.05229538682884538,0.008725853371803316,-0.07238746691821352
2015-04-09,637099.0,-0.055861822288631145,0.07006840381759431,0.8789450305211592,0.3528698051637187,-0.007111174284388566,0.5984533016061868,0.7622598685604592,-0.0966179549344961,-0.004477610985177412,0.03449910206877849
2015-04-10,678482.0,-0.05807805212600874,0.0688880602732287,0.9307822462497163,0.39478129117647925,-0.012237853124967613,0.6087840207993728,0.5666310970666871,0.06293289030578997,-0.002216229837377598,0.04191148601276057
2015-04-13,703542.0,-0.06139254074391448,0.06817582986482507,0.9576130493986145,0.3838207242780104,-0.01722646826365648,0.6057804651321457,0.35901339223528944,0.036269626450224024,-0.003314488617905738,-0.01096056689846886
2015-04-14,718648.0,-0.058319577133599095,0.06813659402188064,0.9195141432244993,0.3799913170286427,-0.01474971531452296,0.5930956462691053,0.36091800158074605,0.02124409273255523,0.0030729636103153865,-0.0038294072493677
2015-04-15,734752.0,-0.050149796013292856,0.06747729223040448,0.8501807412569139,0.33216513871347064,-0.004199135015922284,0.5133215016767563,0.9216102848308001,0.022161358312139612,0.008169781120306238,-0.04782617831517205
2015-04-16,456789.0,-0.07722700128425924,0.07746612949889654,0.9696577632123365,0.48583700570723026,-0.04731036039627756,0.0,0.7400506579624291,-0.4753114498181734,-0.027077205270966388,0.15367186699375962
2015-04-17,506964.0,-0.06569760361848899,0.07570924365349327,0.8859031410514356,0.410109988085939,-0.03875589937446,0.0,0.6291926053920989,0.10421841766154394,0.011529397665770255,-0.07572701762129125
2015-04-20,554316.0,-0.06141060902094603,0.07415304146881396,0.8892671328267631,0.3950382092524841,-0.036936621008390236,0.0,0.7440178526327943,0.08929492609161471,0.004286994597542962,-0.015071778833454896
2015-04-21,584040.0,-0.060156178735938856,0.07510789325934028,0.863036778302856,0.39527943291555373,-0.035030490938726455,0.0,0.5646308472022464,0.0522345523887644,0.0012544302850071715,0.00024122366306961185
2015-04-22,678970.0,-0.06168923657150807,0.07271487686501288,0.9670736556843454,0.4073714597110329,-0.04296265473837513,0.0,0.7739944327437147,0.1506074703277509,-0.0015330578355692154,0.01209202679547916
2015-04-23,637638.0,-0.0774681706692283,0.07592127525462503,0.9419059089953861,0.5614815930041811,-0.060983986714964744,0.0,1.106728269017844,-0.06280621976667433,-0.01577893409772023,0.1541101332931482
2015-04-24,691404.0,-0.08108652480569846,0.07542344995495247,0.9784019184152826,0.5789321438695755,-0.051777010232738396,0.0,0.8553609756379772,0.08095358863938173,-0.003618354136470159,0.017450550865394376
2015-04-27,757438.0,-0.08004366035995332,0.07506954628570645,0.9609050509744692,0.5377694279927862,-0.0474395174228327,0.0,0.5686498432875035,0.0912173730151391,0.0010428644457451397,-0.041162715876789324
2015-04-28,802998.0,-0.07416652223976025,0.07502174399374209,0.9476163078861964,0.5015006264025564,-0.04588106857302976,0.0,0.47457901514076,0.058410537434674836,0.005877138120193068,-0.036268801590229716
2015-04-29,803539.0,-0.06501518938461376,0.07519371486722533,0.9122108572203714,0.4201638003880334,-0.025759527006250393,0.0,0.8991623306398321,0.0006734983638096992,0.009151332855146493,-0.08133682601452302
2015-04-30,643664.0,-0.07392851807182468,0.07877278809345784,0.9151016679509807,0.5102165104775163,-0.022408236210609833,0.0,0.4835892639638072,-0.22184887082674543,-0.008913328687210925,0.09005271008948285
2015-05-04,694309.0,-0.07199702087480289,0.07718660405907289,0.9113319861905866,0.4770440826778855,-0.02488969064625446,0.5067844432378091,0.4846718103898984,0.07574025555075359,0.001931497197021792,-0.033172427799630755
2015-05-05,722412.0,-0.06754749952868482,0.07660747714660415,0.9141168751349645,0.4616340813829228,-0.02241620019286905,0.4877119981395658,0.4638073564669468,0.039678506889037735,0.004449521346118077,-0.015410001294962727
2015-05-06,789414.0,-0.06324839148109375,0.07491135150246597,0.9303749363451876,0.4254003602672362,-0.022224032918457648,0.45986009875679934,0.6667996767222268,0.08869528479959143,0.004299108047591066,-0.03623372111568657
2015-05-07,668910.0,-0.0628766892564369,0.07824777954574805,0.8826269602786623,0.44503744898416825,-0.02103335596979017,0.5294449178514299,0.4702052593024473,-0.16564137612969354,0.0003717022246568502,0.01963708871693204
2015-05-08,696015.0,-0.0604399473971375,0.07728292208328785,0.8227064071895003,0.4304318154062772,-0.019810152703260475,0.5043124070601926,0.3956610130528796,0.039721689895934276,0.0024367418592994017,-0.014605633577891075
2015-05-11,724245.0,-0.05633838048550018,0.07656153248721678,0.8304813978695055,0.3608654529889747,-0.016941716026540488,0.4813495433175238,0.6356605844707247,0.03975852110582956,0.004101566911637315,-0.06956636241730246
2015-05-12,747528.0,-0.05714397356637906,0.07556562140453137,0.8399431191875087,0.356408054280241,-0.018669046652473487,0.4659825451354331,0.5078431844693443,0.03164202982512876,-0.0008055930808788803,-0.004457398708733684
2015-05-13,814734.0,-0.057591322987787574,0.07334634021595307,0.9085726138837952,0.38357795304970704,-0.02304683924801354,0.46114069131765706,0.5878335751300424,0.08608991684181966,-0.0004473494214085119,0.027169898769466017
2015-05-14,680906.0,-0.05719074037281421,0.07780290269657819,0.8591905490625725,0.40121690806073085,-0.011531782374675226,0.5756080868724904,0.679734060208017,-0.17943741528235613,0.0004005826149733674,0.017638955011023805
2015-05-15,688113.0,-0.054696213606995434,0.07716810709933473,0.7898978801446855,0.39976137640184095,-0.008296901293180836,0.5748474451143926,0.6141127983339946,0.010528804316045637,0.0024945267658187734,-0.001455531658889897
2015-05-18,703952.0,-0.05706957889032003,0.07629616973600935,0.8787218446712276,0.40010398436257016,-0.011045065114874908,0.5675699479509967,0.3500238652635407,0.02275710338258463,-0.0023733652833245952,0.0003426079607292132
2015-05-19,750468.0,-0.06471080812543208,0.07484615012889687,0.9215382934382279,0.44819499299104026,-0.02230885366227675,0.5699856622800705,0.6618523374747491,0.0639868399079333,-0.007641229235112047,0.0480910086284701
2015-05-20,803118.0,-0.059201458674560656,0.07344338683372398,0.8827843480036558,0.42888218169683656,-0.019133099508430784,0.5425690869834818,0.615346686290184,0.06780464016898513,0.00550934945087142,-0.019312811294203702
2015-05-21,443831.0,-0.07520121640009343,0.08611564773464718,0.8516732720337246,0.44225392097442495,-0.039521598236060496,0.0,0.7971998350723586,-0.5930577927489242,-0.015999757725532776,0.01337173927758839
2015-05-22,507726.0,-0.07375272848537495,0.08286462756383049,0.916354490414121,0.45105430882011166,-0.045524339129352165,0.0,0.6557966304660388,0.13449807264400526,0.0014484879147184798,0.008800387845686708
2015-05-25,546249.0,-0.0713929914615761,0.0813169215083124,0.9140190645657933,0.43441727124443247,-0.04615470748571571,0.0,0.506470492394494,0.07313298375713373,0.0023597370237988524,-0.016637037575679192
2015-05-26,592057.0,-0.0692095930204505,0.07988994049531682,0.9149304881117866,0.4087815869080173,-0.038203985558581066,0.0,0.6874912381747028,0.08052799828829471,0.0021833984411255974,-0.025635684336415165
2015-05-27,668940.0,-0.06570220342052731,0.07722680998054528,0.9116422997578258,0.4467994139982659,-0.04059817156580581,0.0,0.7053009238496726,0.12209145597473281,0.003507389599923194,0.03801782709024859
2015-05-28,538233.0,-0.07888651985625424,0.08176460414660104,0.9425899192357213,0.5360763832763877,-0.04250456097289779,0.0,0.5062900268099504,-0.21740281809834983,-0.013184316435726928,0.08927696927812184
2015-05-29,589635.0,-0.07302364640249853,0.08015769432132114,0.9423643440433489,0.5007945593460361,-0.04134286217912042,0.0,0.47276365887371,0.09121214948358158,0.005862873453755704,-0.03528182393035162
2015-06-01,615125.0,-0.06426416089400748,0.07978444135415212,0.8786262954684008,0.4158358057305426,-0.03383549646830519,0.5528258484047958,0.5590993700467385,0.04232179779337564,0.008759485508491052,-0.08495875361549354
2015-06-02,633788.0,-0.062190247503132116,0.07900430253293118,0.8919338958768547,0.41030123637557037,-0.032686863055502946,0.5423927243810233,0.46553421648879434,0.029889014473956976,0.0020739133908753635,-0.0055345693549722075
2015-06-03,667699.0,-0.05561486214710841,0.07771277486620622,0.8344358760459428,0.35913038659635554,-0.026842407068681906,0.5230590430718033,0.6009773865169784,0.05212295952400403,0.006575385356023707,-0.05117084977921482
2015-06-04,558070.0,-0.050280543148837196,0.08084299048491936,0.7283494902073216,0.3289605246653646,-0.00520183171224009,0.5848262762735857,1.1571881663590589,-0.1793530706420654,0.005334318998271213,-0.03016986193099097
2015-06-05,610829.0,-0.049367764225615285,0.07782547010363859,0.7695165095304906,0.3156759092970373,-0.01500300317019132,0.5533119743823558,0.7479212676542862,0.09033264839179722,0.0009127789232219116,-0.013284615368327257
2015-06-08,649843.0,-0.0511871161940277,0.07571565382415368,0.7974756979762804,0.3646065280383108,-0.01797846597562236,0.5445238311407524,0.7053180537452892,0.06191374431919705,-0.0018193519684124165,0.04893061874127347
2015-06-09,662813.0,-0.034076543188130234,0.07619510831881046,0.6106533818739222,0.2665171021087396,0.0008844772608838092,0.5218002664401573,0.9177807315185429,0.01976210386683519,0.017110573005897467,-0.0980894259295712
2015-06-10,737126.0,-0.04263616554769547,0.07220848669847514,0.7387963523196849,0.2925456434856456,-0.03210195192773024,0.5143516847865901,0.6986946600716838,0.10626594182189031,-0.008559622359565235,0.026028541376906023
2015-06-11,603068.0,-0.05186865842177146,0.07743812179061536,0.8229188084925746,0.3682437138100513,-0.032517100260252896,0.7017235203990263,0.5295787539713598,-0.20072888108667009,-0.009232492874075994,0.07569807032440568
2015-06-12,646257.0,-0.050306458687709554,0.07526631604308415,0.8362570927665001,0.3502708674722285,-0.010957940986440429,0.7147961259994089,0.44040528767966924,0.0691672976303579,0.0015621997340619087,-0.017972846337822757
2015-06-15,660430.0,-0.04601096622592155,0.07486720124907424,0.7966642944748119,0.2873960904259346,-0.028023171927581192,0.7131096406886422,0.4378465545175113,0.0216938805426814,0.004295492461788002,-0.0628747770462939
2015-06-16,665910.0,-0.042554260337135316,0.07491906835075958,0.7948506554939857,0.2990464176840714,-0.023096177266796802,0.6959994593864036,0.6122028502350167,0.008263388245550729,0.0034567058887862365,0.011650327258136806
2015-06-17,695121.0,-0.040818093425862914,0.07348674361877779,0.7488509194802057,0.3032090815843573,-0.020656530099033343,0.6444906714082872,0.5969392379168519,0.042931404856766164,0.001736166911272402,0.004162663900285857
2015-06-18,309158.0,-0.06188155750596115,0.0715250151421782,0.8910460023677214,0.4604247666241857,-0.023688569671210913,0.0,0.6897864522347796,-0.8102334580548902,-0.021063464080098238,0.1572156850398284
2015-06-22,380414.0,-0.06514539238543357,0.06771358773323329,0.9148191181186812,0.46772200812798687,-0.03658514392882728,0.0,0.8490907274705978,0.20740766028333368,-0.0032638348794724187,0.007297241503801177
2015-06-23,420674.0,-0.06474330043035391,0.0662984854666721,0.9028249903725926,0.4888155673989835,-0.041649895539838555,0.0,0.7745926774652105,0.10059805356880602,0.00040209195507966145,0.021093559270996654
2015-06-24,464718.0,-0.06263177266634942,0.0644080813218123,0.9256753558071776,0.464866865496925,-0.04227912030144787,0.0,0.6038113436535706,0.09957258308059913,0.0021115277640044866,-0.0239487019020585
2015-06-25,400743.0,-0.07476371816943908,0.06751035610418724,0.958749123503093,0.6232772624849342,-0.05026624203015084,0.0,0.8905108760477414,-0.14811044592009281,-0.012131945503089658,0.15841039698800918
2015-06-26,433947.0,-0.07073190636146542,0.066488728017965,0.9602278619278392,0.48195977849829585,-0.048884182626918404,0.0,0.39661295042943034,0.07960208273930469,0.0040318118079736565,-0.14131748398663835
2015-06-29,440329.0,-0.053014525730876484,0.0669329415062234,0.8249876796667946,0.38680168692046174,-0.02556273751908278,0.0,1.1374949185722494,0.014599767948764608,0.01771738063058894,-0.09515809157783411
2015-06-30,472774.0,-0.06012586436577868,0.06534892648521191,0.9122857855973467,0.44709099908201383,-0.03464757128055074,0.0,0.6806973310715057,0.07109529826376537,-0.007111338634902195,0.06028931216155209
2015-07-01,546616.0,-0.05973550946310038,0.06305888248026935,0.9266962547748328,0.47109671140252024,-0.04002355142220504,0.41513420756070074,0.7540503754006469,0.14512907188794166,0.00039035490267830264,0.02400571232050641
2015-07-02,448193.0,-0.07062511057299542,0.06529379599754642,0.9345639043894036,0.5684493064371822,-0.040433979725436164,0.5236761841438844,0.430772011164833,-0.1985226017107795,-0.010889601109895043,0.09735259503466193
2015-07-03,493549.0,-0.06575894630212882,0.063736974847166,0.9349912572003996,0.44932519364845236,-0.038279674682071274,0.5012936912039129,0.6840252943476737,0.09639820150747802,0.004866164270866599,-0.11912411278872981
2015-07-06,519288.0,-0.05463604850376029,0.06332134838205346,0.8900610066090493,0.36768228805595354,-0.03845738313475844,0.49572106422640233,0.65938746899601,0.0508364978285627,0.01112289779836853,-0.08164290559249882
2015-07-07,546213.0,-0.052476124520946056,0.0632317059495346,0.8778809731734689,0.35665390607693337,-0.027043856538697675,0.476724281553167,0.6941376349519327,0.050550367008698416,0.002159923982814234,-0.011028381979020174
2015-07-08,501362.0,-0.03260915915463889,0.06608570169547036,0.6372740654457258,0.31975099828068343,-0.008479174163418257,0.48981773648581267,1.7838448067464228,-0.08568061450395881,0.019866965366307165,-0.03690290779624994
2015-07-09,466363.0,-0.04073530929840577,0.06710600595968041,0.7573692595681905,0.3608090693301141,-0.012803268518632671,0.5674785521149834,1.3953036583090854,-0.07236409421488155,-0.008126150143766879,0.041058071049430656
2015-07-13,510325.0,-0.051725229280838975,0.06488108219838659,0.8565855092343114,0.40889237250771565,-0.014824129503028582,0.5861774359476803,0.8238984960564346,0.09008347681655238,-0.010989919982433205,0.048083303177601566
2015-07-14,538397.0,-0.051431420494624326,0.0640631410420018,0.8585021833331167,0.3988488048781847,-0.004618569835961206,0.5837904000208025,0.6955610822497154,0.053548428589966335,0.0002938087862146485,-0.010043567629530958
2015-07-15,591547.0,-0.05097311795654733,0.06207238385519099,0.891393245169023,0.463021535059767,-0.00598617216319508,0.552933241145674,0.8840261213394709,0.09414493301466287,0.0004583025380769934,0.06417273018158232
2015-07-16,324886.0,-0.07161409867311515,0.06905960228464317,0.9178481067205112,0.53913680491003,-0.05996432288124243,0.0,0.7632584968265792,-0.599266787699225,-0.020640980716567815,0.07611526985026301
2015-07-17,368231.0,-0.06791433938311499,0.06693671451739042,0.9172530286695036,0.5050471035844347,-0.02719218923765032,0.0,0.5931385461843245,0.1252361070630279,0.0036997592900001597,-0.0340897013255953
2015-07-20,408584.0,-0.0574616365116576,0.06571672672440855,0.850508096254381,0.48147015056879366,-0.01949860724233987,0.0,1.0951554637479686,0.10398706488791021,0.010452702871457387,-0.023576953015641056
2015-07-21,449371.0,-0.058309993883114794,0.06394198583197731,0.9209539556402171,0.4603278805263357,-0.02286929988585329,0.0,0.736482772586571,0.09515130366796498,-0.0008483573714571924,-0.021142270042457945
2015-07-22,504848.0,-0.048670079192371055,0.06177898756387559,0.8694379298323456,0.38868926884923777,-0.002096718131566311,0.0,1.0522137356194339,0.11640856668578259,0.00963991469074374,-0.07163861167709795
2015-07-23,410160.0,-0.04907617134223879,0.06420381489908203,0.7766798322605812,0.41347522917885704,-0.0444903493525286,0.0,1.097537546323386,-0.20771006639429324,-0.00040609214986773307,0.024785960329619272
2015-07-24,436673.0,-0.046529135399150656,0.06270087981397374,0.7966968418015311,0.4053216022057695,-0.04195550567641371,0.0,0.6245978111767845,0.06263730376325682,0.0025470359430881315,-0.008153626973087524
2015-07-27,473557.0,-0.026395758222380144,0.06303155721970842,0.6803996139852225,0.29448408533714,-0.0066240644736043075,0.0,1.0233108158046444,0.08108765429015818,0.020133377176770512,-0.11083751686862953
2015-07-28,514689.0,-0.030455005034213414,0.061302805400205204,0.7086939880199499,0.29432725393392906,-0.009611429783198067,0.0,0.7960438245231587,0.08329054922865176,-0.00405924681183327,-0.00015683140321093303
2015-07-29,560758.0,-0.029989446215344454,0.05933535956057182,0.7613783485924409,0.2946083693857243,-0.00741287420534642,0.0,1.031658933087,0.08572660514826147,0.0004655588188689601,0.0002811154517952663
2015-07-30,477243.0,-0.046588549949470245,0.06195296629519997,0.8431029894623913,0.4672064336197702,-0.05218638639124584,0.0,0.7333203420479714,-0.16126364477259614,-0.016599103734125792,0.1725980642340459
2015-07-31,499959.0,-0.047766132975992096,0.06074120714045554,0.8522478843265148,0.45287713592514584,-0.05370129735244089,0.0,0.5309975417984275,0.0465002999268318,-0.00117758302652185,-0.014329297694624377
2015-08-03,510146.0,-0.03380399384800918,0.06118435810369073,0.7912577967875863,0.2926671972337331,-0.03805659277298956,0.5126238370976152,0.8279825775366267,0.020170864199437588,0.013962139127982914,-0.16020993869141276
2015-08-04,543883.0,-0.03127013803902044,0.05992991931262957,0.7910745509604088,0.28057872741012313,-0.02477540460071026,0.4917987876068934,0.9199460178016228,0.06403719093545668,0.0025338558089887386,-0.012088469823609949
2015-08-05,614487.0,-0.03337937030513328,0.05732749126283921,0.7946856483538302,0.31545012343629725,-0.028361313795981724,0.4457913674333224,0.8060626180863062,0.12205362317650525,-0.0021092322661128357,0.03487139602617412
2015-08-06,506719.0,-0.029444574341388974,0.06277830849864786,0.7284984379902866,0.3268122963614942,-0.029535265741647998,0.5369267779578031,0.9128451863853536,-0.19283116405950196,0.0039347959637443045,0.011362172925196978
2015-08-07,542915.0,-0.029856341510643616,0.061130970522376565,0.7559304863560594,0.3244154241455845,-0.028699559005909592,0.49614764742178796,0.7389112476170303,0.06899616061549274,-0.00041176716925464193,-0.002396872215909729
2015-08-10,575230.0,-0.03254220636895862,0.05955108463078289,0.7789562435895208,0.3164699337656242,-0.031515890225869425,0.48055560384541834,0.5915807590007476,0.0578171908912779,-0.002685864858315002,-0.007945490379960285
2015-08-11,603413.0,-0.02316096047072734,0.059316320525885584,0.6672577488386893,0.22599612537350042,-0.02312803932267027,0.4590736361331294,1.0314080074509497,0.04783191025491185,0.009381245898231277,-0.0904738083921238
2015-08-12,615989.0,-0.013163007356514142,0.06010336721075488,0.6091391242376082,0.19439470510025342,-0.010065939266338031,0.4819371774495973,1.3564933789402083,0.020627235157633095,0.009997953114213198,-0.031601420273247
2015-08-13,533688.0,-0.021133942719377168,0.06369934729572092,0.7153130668105709,0.23174401522987215,-0.013443635147393884,0.6433365561901335,0.6502375920013191,-0.14341770768598217,-0.007970935362863026,0.03734931012961873
2015-08-14,562291.0,-0.021013800774826976,0.06233617234993087,0.7337908662952102,0.22617470313414229,-0.012719068006800116,0.6496244826966819,0.487770567197412,0.0522081109339112,0.00012014194455019223,-0.005569312095729861
2015-08-17,551966.0,-0.011480854870289865,0.063928474487286,0.6688274277763485,0.23856904229608344,-0.0016339113304810748,0.633314370812695,0.5456241869970252,-0.018533059301955035,0.009532945904537111,0.01239433916194116
2015-08-18,536036.0,-0.009728355954638487,0.06557378235329138,0.6144232850032461,0.19888029908438987,-0.009443307138611967,0.5910554514995261,0.7161963002484908,-0.029285127182701487,0.0017524989156513775,-0.03968874321169358
2015-08-19,547358.0,0.002258075967955741,0.06873915601186868,0.5206994325468889,0.19972303318851647,-0.0027225673910225012,0.49411719569276413,1.4412158039162668,0.020901744325756866,0.011986431922594229,0.0008427341041266079
2015-08-20,340760.0,-0.02527678666644158,0.07702755378140719,0.7281987322455687,0.3959913135344524,-0.04107320098483036,0.0,1.1675578119497594,-0.47392465014561225,-0.027534862634397323,0.1962682803459359
2015-08-21,388083.0,-0.006569974548882762,0.07999896779718008,0.5709319913523654,0.23810885815663144,-0.10105664370508494,0.0,1.301399442902678,0.13004081709731707,0.01870681211755882,-0.15788245537782095
2015-08-24,355118.0,0.03434766487145705,0.09394048404823258,0.4039586841556891,0.17998524434131755,-0.10935260730276886,0.0,2.4478680325976154,-0.08876910566111107,0.04091763942033982,-0.05812361381531389
2015-08-25,435726.0,-0.019602701981801272,0.09204525639319457,0.6388395459531908,0.3748181196439965,-0.08802393025207023,0.0,1.440671431128737,0.20456347681979814,-0.053950366853258325,0.19483287530267893
2015-08-26,555915.0,-0.030140444998830895,0.08552702256545387,0.7450329636725039,0.387814683899517,-0.0020205842975067334,0.0,1.282293156327856,0.24360179943511184,-0.010537743017029623,0.012996564255520537
2015-08-27,396162.0,-0.04839334511183491,0.09971549612622116,0.747201902252109,0.5349049126367497,-0.10537986210069594,0.0,0.6785128306097,-0.33879218635705577,-0.01825290011300401,0.14709022873723265
2015-08-28,483009.0,-0.06995029729984635,0.09051648044839967,0.8387856126904467,0.6279593133875352,-0.12709279502393012,0.0,0.8479593547946311,0.1982120685106441,-0.021556952188011444,0.09305440075078553
2015-08-31,543395.0,-0.08731005430891618,0.08575421553935646,0.8848204344905639,0.6953744513659492,-0.14372250737621894,0.0,0.6488429227357632,0.11780120860558085,-0.01735975700906983,0.06741513797841403
2015-09-01,590820.0,-0.0680678461638219,0.08577223028741837,0.8515114586506889,0.5996462543583494,-0.12691641846147705,0.5126637554585153,0.7840222064249687,0.08367490686284107,0.01924220814509428,-0.09572819700759982
2015-09-02,716449.0,-0.06354243480683099,0.08090159394869119,0.8448305462077552,0.5325878045750639,-0.029282079427127128,0.4405994006551757,0.9346080460716674,0.19279566290305894,0.004525411356990916,-0.06705844978328546
2015-09-03,512878.0,-0.08211862366316407,0.08981170013573526,0.8465307539024876,0.6666166222766428,-0.08596273445364655,0.6452938125636116,0.5386271198998592,-0.3342690652670779,-0.01857618885633308,0.13402881770157882
2015-09-04,564813.0,-0.07045506907521658,0.0883227869764368,0.8523192631897637,0.6644659382839985,-0.0750693697972652,0.6141749570211734,0.5924562642857016,0.09645670278756668,0.011663554587947489,-0.0021506839926442867
2015-09-07,611656.0,-0.06638876726060124,0.08586453127502318,0.8207669016571406,0.5515927253227304,-0.07344338488660951,0.5868952483095073,0.6090662071491165,0.07967533006509342,0.004066301814615342,-0.11287321296126807
2015-09-08,651260.0,-0.06605958201312209,0.08408213620518308,0.8648297147068759,0.6158262445106409,-0.075173404986565,0.5658385283911187,0.5452323188895372,0.06273891505965423,0.000329185247479144,0.06423351918791054
2015-09-09,775808.0,-0.0832179165557307,0.08061109917019117,0.9195445264807788,0.6312876381785184,-0.058757656644446876,0.5265555395149315,0.9384925136116152,0.17499611885270383,-0.017158334542608608,0.015461393667877465
2015-09-10,623347.0,-0.09034475454517354,0.08619507491310309,0.9044304376214212,0.6710772651508711,-0.05668135663733509,0.736272092430059,0.5067915623240347,-0.2188017208149038,-0.007126837989442844,0.039789626972352665
2015-09-11,665229.0,-0.09129422088163425,0.08413033592313236,0.9220524060135683,0.6503549905370932,-0.036819964795769655,0.7379007830386228,0.4057955982075345,0.06502799620564126,-0.0009494663364607026,-0.020722274613777847
2015-09-14,706446.0,-0.08825573739172855,0.08359328114188996,0.9237238231938464,0.6184577448240913,-0.03699040240559803,0.7420383157382163,0.4520685232841576,0.0601154238029018,0.003038483489905694,-0.0318972457130019
2015-09-15,724632.0,-0.08131136735832331,0.08394867564216188,0.9081326797602093,0.5777525695801455,-0.031475825031265114,0.7398431203700637,0.41951086896521267,0.025417173699887385,0.006944370033405242,-0.04070517524394579
2015-09-16,810281.0,-0.08318341295042463,0.08230103253381249,0.9179260034481865,0.5997721778000471,-0.03999500797404154,0.7156616038139855,0.5737145508780287,0.11171716130383658,-0.0018720455921013152,0.022019608219901565
2015-09-17,331035.0,-0.09308660480009309,0.08856173823500156,0.9150029453078979,0.6840152853927832,-0.06459061038422831,0.0,0.9296720890540275,-0.8951569911178954,-0.009903191849668466,0.08424310759273612
2015-09-18,383887.0,-0.08960235245376126,0.08552667509967228,0.9270462401696332,0.6393235509407716,-0.11369937155376764,0.0,0.7140121962973479,0.14812412848000278,0.0034842523463318315,-0.04469173445201158
2015-09-21,435849.0,-0.07551924773775699,0.08515759917262786,0.8825717163513052,0.5217701543424443,-0.03696142067451236,0.0,0.8339516667469697,0.12694761463938953,0.014083104716004269,-0.11755339659832731
2015-09-22,484408.0,-0.07824860502504434,0.0829691284881401,0.9045886938283431,0.5527716305263332,-0.01983284564040777,0.0,0.5227411603441727,0.10563167373156723,-0.0027293572872873484,0.03100147618388882
2015-09-23,525469.0,-0.060594643505755635,0.08234482486579309,0.779105903488122,0.4419061828575996,0.0008030834498902184,0.0,1.0265933860988945,0.08136367032102321,0.017653961519288705,-0.11086544766873357
2015-09-24,433633.0,-0.07009597788287457,0.08630615584740145,0.8428671249651203,0.5841137551800716,-0.07670716844554426,0.0,0.8411029603374282,-0.1920926428997003,-0.009501334377118933,0.142207572322472
2015-09-25,491649.0,-0.07040800805286923,0.08389286029487274,0.8581752429070333,0.5694997854160183,-0.05316421452593656,0.0,0.7187749797111354,0.12556649301632916,-0.00031203016999466204,-0.01461396976405327
2015-09-30,576080.0,-0.07101771225408844,0.08035218365170783,0.8954745868629357,0.5269094570198584,-0.05882237900367182,0.0,0.934522982919039,0.15848149268376766,-0.0006097042012192105,-0.04259032839615995
2015-10-01,528800.0,-0.08701890283958129,0.0836444197856418,0.9086875945537065,0.6054311649016642,-0.09594331685137558,0.5463521180030257,0.8872049924357035,-0.08563625140313569,-0.016001190585492847,0.07852170788180579
2015-10-02,566471.0,-0.08435500091031689,0.0826561328475225,0.9330115751733098,0.5722305290120765,-0.036728344148064584,0.5192234024336638,0.40237717376529425,0.0688155990933339,0.002663901929264398,-0.03320063588958766
2015-10-05,604928.0,-0.08633845249384842,0.08147384559330645,0.9372321995344901,0.611221500740584,-0.06613220694510302,0.504863388700804,0.5181244710114261,0.06568355505352308,-0.001983451583531526,0.03899097172850752
2015-10-06,651043.0,-0.08558540515458525,0.08105655624463243,0.912945842286915,0.5924032667581097,-0.04694964320177275,0.49392282844604735,0.6576923490460691,0.0734662495702274,0.0007530473392631659,-0.018818233982474286
2015-10-07,750541.0,-0.08762411471827986,0.07917860988611093,0.951582924850208,0.6258898581156792,-0.07006637842648167,0.4559058066114976,0.6662727286050996,0.14221858757328043,-0.0020387095636946045,0.033486591357569484
2015-10-08,583602.0,-0.09494423479028198,0.08505879967777202,0.9212442726378594,0.681080599449625,-0.05280157613817715,0.6103217603777917,0.5998420156202343,-0.25157503618028443,-0.007320120072002126,0.05519074133394575
2015-10-12,657646.0,-0.09865046730796954,0.08417465476860347,0.9426104621635348,0.6619047329414305,-0.0552525624816298,0.5722364311498892,0.6470806482514909,0.11944754898613219,-0.0037062325176875632,-0.019175866508194472
2015-10-13,690070.0,-0.09377194557342479,0.08443386012666934,0.9362398017592418,0.6244772269479908,-0.06628446577465708,0.5430014346370658,0.4406002289622792,0.04812624908734975,0.004878521734544755,-0.03742750599343969
2015-10-14,736068.0,-0.08507739416606384,0.08377390070352658,0.930881385958906,0.5434239771325475,-0.04957577051830975,0.5486273007385187,0.5794383127645816,0.06452946404437299,0.008694551407360945,-0.08105324981544326
2015-10-15,646034.0,-0.10197212205621398,0.08609423942226835,0.9545720503874409,0.6683982576768406,-0.05830597382788161,0.7048359683855648,0.6217118603664823,-0.13047037178885468,-0.016894727890150132,0.12497428054429305
2015-10-16,668791.0,-0.10010588411897384,0.08592015946605483,0.9576444659093798,0.6520004007230958,-0.023817686331704557,0.7024167490292184,0.3552499958881026,0.03461947076559113,0.0018662379372401394,-0.01639785695374474
2015-10-19,707554.0,-0.0987539758204434,0.08588898975639866,0.9526269373079652,0.6225023107776932,-0.02682036725945669,0.7046925040350277,0.3935275611472764,0.05634234695097362,0.0013519082985304354,-0.029498089945402595
2015-10-20,739575.0,-0.09733701739126562,0.08606190492859728,0.9603596660244059,0.646665990602711,-0.029305722473883744,0.706668018794578,0.33206503735253357,0.04426174519338133,0.0014169584291777865,0.02416367982501777
2015-10-21,786490.0,-0.08813014953804271,0.08593443059424964,0.9292870856590675,0.5693765972866788,-0.0010721051708456608,0.6794237688972523,0.5977622093097179,0.06150431097283082,0.009206867853222903,-0.07728939331603224
2015-10-22,313715.0,-0.08841537476807788,0.09263461934296073,0.9315238353282438,0.5543949125798894,-0.035832192982252264,0.0,0.5783880273496645,-0.9190950774207867,-0.00028522523003517153,-0.0149816847067894
2015-10-23,367083.0,-0.08451361606060442,0.0909502817852696,0.9131586044573026,0.5536159397193551,-0.04309640169660156,0.0,0.8182509132811925,0.15710305008429692,0.00390175870747346,-0.0007789728605342994
2015-10-26,416828.0,-0.08454541327364401,0.08783098938154352,0.9288867350561862,0.59810761273235,-0.0166213855118601,0.0,0.507880948496742,0.12708568616281823,-3.179721303958605e-05,0.04449167301299495
2015-10-27,459396.0,-0.07517143413542446,0.08595348169517383,0.9318474692857578,0.48250311278287145,-0.011644210303723979,0.0,0.6119317538681225,0.09723891652228822,0.009373979138219551,-0.11560449994947858
2015-10-28,482138.0,-0.07059533261189851,0.08430372970741613,0.919137259456836,0.4767597658761599,-0.007614825311360818,0.0,1.0228959343590425,0.048317796918547984,0.004576101523525944,-0.005743346906711522
2015-10-29,401071.0,-0.07390425512534181,0.08787803047394309,0.8582071503549247,0.4992682093694134,-0.0316272861763045,0.0,0.8242281291841096,-0.18409191113612344,-0.0033089225134432937,0.022508443493253483
2015-10-30,435379.0,-0.06917863843468462,0.08566964824842571,0.8671686048247619,0.4778434421504023,-0.02972887351522213,0.0,0.8761171301325971,0.0820784471356415,0.004725616690657186,-0.021424767219011098
2015-11-02,471351.0,-0.07242489284031939,0.0832398868415515,0.9329310853270705,0.45702883838158825,-0.03653841019551307,0.42140146090705227,0.6032001629359013,0.07938612327960826,-0.003246254405634766,-0.020814603768814055
2015-11-03,541367.0,-0.07431976653253657,0.0810933474364658,0.9464078896571088,0.4769795720832633,-0.001513796898724884,0.3990823230821236,0.7584873108261124,0.1384943828322669,-0.0018948736922171777,0.01995073370167505
2015-11-04,692002.0,-0.07260505277124148,0.07790163667850923,0.9594076317698503,0.5299002026005705,-0.0007925916391744448,0.3371319736070127,0.9373181002367045,0.2454914235490122,0.0017147137612950891,0.052920630517307166
2015-11-05,496086.0,-0.08937080712355985,0.08510593927607918,0.9409134706482344,0.6382905383340792,-0.03956755681805346,0.5017073652552179,0.4862826203521164,-0.3328395469950074,-0.016765754352318377,0.10839033573350876
2015-11-06,534118.0,-0.07135976361051115,0.0843770993762925,0.8330125552780472,0.4925185071463609,-0.022265881565340817,0.459593198506697,1.0753597519649216,0.07386748953996047,0.018011043513048705,-0.1457720311877183
2015-11-09,542701.0,-0.07028645625831216,0.0842778740522821,0.8529927160628044,0.5140086345888436,-0.028056761485129256,0.46762213447183626,1.0572082970180634,0.015941735374463306,0.0010733073521989878,0.021490127442482687
2015-11-10,568999.0,-0.06022812396318161,0.08419943565229988,0.7769222793010181,0.4561150371090283,-0.02775012006700317,0.44558074794507546,0.8544391114922874,0.047320152949222205,0.010058332295130548,-0.05789359747981532
2015-11-11,542840.0,-0.05466656264912854,0.08591894509762389,0.7425723970230639,0.40066686316409994,-0.01366724460220492,0.4674710780340432,1.3918226365043107,-0.047064059442371686,0.005561561314053075,-0.05544817394492835
2015-11-12,484727.0,-0.06917419909010983,0.08781718117296106,0.8235377851863007,0.5431015808898617,-0.015197986732462532,0.5723427826384748,0.7285668015192056,-0.11322877135376075,-0.01450763644098129,0.14243471772576177
2015-11-13,507020.0,-0.059870277892423635,0.08764499765963622,0.7772060273756459,0.46941146305865644,-0.03955819677051442,0.5672932034239281,0.8499585815155221,0.044964604685487686,0.009303921197686194,-0.07369011783120527
2015-11-16,513911.0,-0.0585360223539259,0.08689987476647593,0.7627993952260216,0.4213453302225483,-0.035610097162282695,0.570735010536844,0.8563097501318322,0.013499648166799716,0.001334255538497732,-0.048066132836108166
2015-11-17,546328.0,-0.06824700768051198,0.08486009501532159,0.8518234467206514,0.45365238464805024,-0.049815783034935945,0.5793021774465157,0.9480605057767495,0.061169429266342945,-0.009710985326586076,0.03230705442550197
2015-11-18,559117.0,-0.062149980523629876,0.08429910069430653,0.8042413305265267,0.4734626205248633,-0.040821440518340024,0.5176376321950504,0.9502662233486014,0.02313922560196424,0.0060970271568821024,0.019810235876813076
2015-11-19,347827.0,-0.09002247860865523,0.09161557189750451,0.9036935028045552,0.6315064672955234,-0.10347756334638802,0.0,1.047946249141096,-0.47465352385062687,-0.02787249808502535,0.15804384677066008
2015-11-20,390646.0,-0.08644121068259376,0.09116845887717552,0.9079038310900406,0.5968242347291409,-0.054982310450123806,0.0,0.7533726186880193,0.11609654931627134,0.0035812679260614627,-0.034682232566382476
2015-11-23,453330.0,-0.08105981966692688,0.08750971642189855,0.9116603798557342,0.542838550283458,-0.05724080308942181,0.0,0.709694924227384,0.14881855804812893,0.005381391015666884,-0.05398568444568297
2015-11-24,479444.0,-0.06958922636498721,0.08704448587534795,0.8924253927465982,0.44192022425976757,-0.047634920370374756,0.0,0.9497396984840774,0.05600676208826094,0.011470593301939669,-0.10091832602369039
2015-11-25,530936.0,-0.06462081446218712,0.08409914574653071,0.8690482468696792,0.4187981225609113,-0.004308304307231059,0.0,1.0065092591197433,0.1020143874889321,0.004968411902800091,-0.023122101698856257
2015-11-26,443440.0,-0.08631612046697583,0.08754999654809958,0.8975667508569367,0.6091196103193217,-0.057148581597897374,0.0,0.7458754284683384,-0.18007898155942215,-0.02169530600478871,0.1903214877584104
2015-11-27,470402.0,-0.07544148594520128,0.08687196013771807,0.8434913116866,0.5042410533968819,-0.04743760716326917,0.0,0.6383667586447337,0.059025143164509686,0.010874634521774548,-0.10487855692243986
2015-11-30,486154.0,-0.06907106957852246,0.0867605468857356,0.8501935600653291,0.5203392340698626,-0.038532030704479636,0.0,1.0305664460232766,0.032937797858954454,0.006370416366678816,0.016098180672980744
2015-12-01,546429.0,-0.07799339106218932,0.0834172215542957,0.9180790185001162,0.5533911999546144,-0.054742240024576616,0.5979386159958567,0.8261366069516808,0.11687893538372762,-0.008922321483666854,0.03305196588475179
2015-12-02,623055.0,-0.07018405840187324,0.08101803501095738,0.9236664499923762,0.508258500453411,-0.0008749733960791151,0.5409201434865301,0.7964208617216778,0.131230415876054,0.007809332660316082,-0.045132699501203355
2015-12-03,498771.0,-0.08519217264818646,0.08437401152333945,0.9174591145034495,0.648309544861269,-0.05393291911362974,0.7179567376611712,0.6023926812104152,-0.2224877248139645,-0.015008114246313223,0.14005104440785798
2015-12-04,529980.0,-0.07788652348507388,0.08295463862189853,0.8673176346277218,0.5373183893731839,-0.047460291000881116,0.6919449790558134,0.6180063398618816,0.06069219740426668,0.007305649163112576,-0.11099115548808514
2015-12-07,582443.0,-0.07785123502043821,0.08126735831697766,0.9165429063444835,0.5943156669407994,-0.05373261085818182,0.6530269914824284,0.6110160135841619,0.09439205658948246,3.528846463567159e-05,0.05699727756761552
2015-12-08,592396.0,-0.06575839246088833,0.0815992634703954,0.8471259090203175,0.48603467950492574,-0.04121114208531784,0.6363851207638134,0.6769829640983396,0.01694400360180559,0.012092842559549885,-0.10828098743587367
2015-12-09,613982.0,-0.053421793381625726,0.08112031087471662,0.7654182044424755,0.43652256906554265,0.00247642053946584,0.6325625181194237,0.947304644110088,0.03579028158012498,0.0123365990792626,-0.049512110439383084
2015-12-10,515699.0,-0.06440587735956951,0.08412081041087138,0.847513762873304,0.5388181865778293,-0.02631031246919191,0.7948706512907723,0.7623090213477242,-0.17444234981336315,-0.010984083977943787,0.10229561751228666
2015-12-11,529675.0,-0.05458599078217259,0.08393222022014213,0.7952744607542361,0.4758899325057818,-0.03892241023473708,0.7823136829187709,0.6487714164346061,0.02674034896720734,0.009819886577396922,-0.0629282540720475
2015-12-14,554909.0,-0.04792634913542328,0.08356081960741372,0.7605156881578782,0.41843257182709237,-0.029870052337266917,0.7710867908071414,0.7331616535323809,0.04654052542855602,0.006659641646749315,-0.05745736067868945
2015-12-15,582402.0,-0.05166740438855402,0.08200197306254707,0.7878510032589173,0.41226335074398784,-0.03385831160546737,0.7641319913049749,0.5672679695468079,0.048356794603604314,-0.0037410552531307456,-0.006169221083104526
2015-12-16,662196.0,-0.06037540095966594,0.07760881182505078,0.8510803447921763,0.44254118116086477,-0.04699767614048722,0.7066880500637274,0.7901648454536119,0.128400653681231,-0.008707996571111917,0.030277830416876927
2015-12-17,277889.0,-0.07508188706956313,0.06850783811857089,0.9330380115801633,0.602348419692755,-0.038423399005008574,0.0,1.0103422589595126,-0.8683398312423609,-0.014706486109897193,0.15980723853189022
2015-12-18,334440.0,-0.06264541305200948,0.06632649643699483,0.8986544671689989,0.4625104652553522,-0.03116265325795775,0.0,0.885554957540964,0.18523573790047365,0.012436474017553656,-0.13983795443740277
2015-12-21,378909.0,-0.0622617114322642,0.06435969525652813,0.9002267035092859,0.44592501101847676,-0.04010663871907971,0.0,0.9093212354417551,0.12483857942972065,0.0003837016197452761,-0.016585454236875463
2015-12-22,414521.0,-0.060744166928356824,0.06382276969820344,0.893093474154506,0.42396887009343315,-0.01721264624237584,0.0,0.7125453233973671,0.0898275660303618,0.0015175445039073768,-0.02195614092504361
2015-12-23,492588.0,-0.05713936815664327,0.06216852894009575,0.9297628038035843,0.3829427432255759,-0.0018879949974146548,0.0,1.0244037613583765,0.17254948811184256,0.0036047987717135535,-0.04102612686785723
2015-12-24,346220.0,-0.07076253614345751,0.06997312937001245,0.8874935012419849,0.5544191554502917,-0.03896515768179187,0.0,0.7654121656750044,-0.35259871370520024,-0.01362316798681424,0.17147641222471582
2015-12-25,383744.0,-0.07031535083761827,0.06873664705549139,0.9089028102068045,0.5094359781521014,-0.04343750298925786,0.0,0.5253398098732488,0.10290125245144033,0.00044718530583924554,-0.04498317729819035
2015-12-28,407412.0,-0.0669872072770444,0.068201245372692,0.9034368158031673,0.49011811139583517,-0.04288932570356607,0.0,0.40839985076531865,0.05984929483989099,0.0033281435605738707,-0.019317866756266233
2015-12-29,423614.0,-0.06052928747657157,0.06801468926978359,0.8240851341079379,0.44824769719603225,-0.011322765740163554,0.0,0.6226942452326882,0.038997704788410914,0.006457919800472826,-0.04187041419980292
2015-12-30,471573.0,-0.056629631022862156,0.06636462075776885,0.8492195269873382,0.4308516390887519,-0.0036219850507065443,0.0,0.8171820693720803,0.1072512518875417,0.0038996564537094117,-0.017396058107280343
2015-12-31,394010.0,-0.07741531815265744,0.06695417028912343,0.9293926550087561,0.6141849191644883,-0.04054420332787234,0.0,0.5682469988071369,-0.1796976254293572,-0.020785687129795283,0.18333328007573635
2016-01-04,413493.0,-0.054332996321158886,0.06711618468057919,0.8246403203923646,0.48387759889526544,-0.014081382652268992,0.5763023799677383,1.2398371919234425,0.04826429597614634,0.023082321831498553,-0.13030732026922281
2016-01-05,457305.0,-0.04871890015111622,0.06587022043007505,0.7887733569499568,0.4017646865877259,-0.009301421280948463,0.5493773302281847,0.9145231300773007,0.10070997868310805,0.005614096170042666,-0.08211291230753953
2016-01-06,498835.0,-0.03935912566224603,0.06373034860584503,0.7244339310593684,0.33613118566259387,-0.011312338947160328,0.49029639059007485,1.565754207303016,0.08692481540260033,0.009359774488870189,-0.06563350092513204
2016-01-07,404001.0,-0.03773306514837911,0.0676771272674586,0.7326293746797656,0.39210051460268663,-0.057572153040094,0.5877683471080517,1.4479568119880892,-0.210858026542752,0.0016260605138669199,0.055969328940092766
2016-01-08,462597.0,-0.044205384783386925,0.06471138729539896,0.7614943460506661,0.39231771931076076,-0.07524350865280716,0.5592708123917794,0.9705121304288614,0.13543891148639275,-0.006472319635007814,0.00021720470807412573
2016-01-11,473306.0,-0.03367229126691136,0.06562522889249686,0.6905384677143328,0.32101853769020466,-0.03703190120717681,0.5263719454222004,1.0997642117361708,0.02288584908892588,0.010533093516475564,-0.0712991816205561
2016-01-12,515564.0,-0.03160464356015055,0.0641099257118576,0.7114616226113538,0.3113832618258839,-0.0345564430484846,0.4961168739477543,0.8787463826023539,0.08551933327935579,0.0020676477067608084,-0.00963527586432078
2016-01-13,628731.0,-0.036931040733063095,0.06021862849523904,0.8219349769615304,0.35291722533166014,-0.003145204681127889,0.4857657726436266,1.0505462590519634,0.19844205520919544,-0.005326397172912542,0.04153396350577626
2016-01-14,495522.0,-0.039856269114257055,0.06829448370491747,0.7591892993651139,0.4322391336812493,-0.05719835513400695,0.7418217556435436,0.8546986813905336,-0.23809174988870474,-0.0029252283811939603,0.07932190834958913
2016-01-15,546525.0,-0.046521216520358934,0.06739771923776813,0.8033868533003979,0.4386789259411738,-0.0466386928128153,0.7357156580211335,0.9198371529207264,0.09796829984367861,-0.006664947406101879,0.006439792259924526
2016-01-18,566230.0,-0.05227472319289006,0.06736452826405717,0.8479928650901577,0.5175211486498419,-0.052639934043255954,0.7096303622202992,1.2696907617046076,0.03542030386071815,-0.0057535066725311265,0.07884222270866809
2016-01-19,607225.0,-0.055834099031879865,0.06617991772933092,0.8637951335995718,0.4923199802379678,-0.05791049640478274,0.7049808555313105,0.7093976697270369,0.0698990417441987,-0.0035593758389898048,-0.025201168411874086
2016-01-20,642435.0,-0.04041080979749653,0.06694763434356418,0.7404717987033708,0.4246577474763984,0.00011429877700308566,0.6291344649653272,0.979959062006273,0.05636624650706956,0.015423289234383332,-0.06766223276156941
2016-01-21,332787.0,-0.05426217368252217,0.07502034749007892,0.839810449326446,0.44316033979692715,-0.04749602362209859,0.0,1.147707091923663,-0.6577629986523483,-0.013851363885025635,0.018502592320528755
2016-01-22,411005.0,-0.06337727840907004,0.07070504218138385,0.9008819844040826,0.4978309266310629,-0.045922090513629166,0.0,0.9044318195642389,0.2111027341882643,-0.00911510472654787,0.054670586834135726
2016-01-25,468475.0,-0.07333436455916563,0.06906551030207454,0.9182880623299002,0.5757745877581515,-0.06259698637598721,0.0,0.811234324136827,0.13087735858937144,-0.009957086150095593,0.07794366112708861
2016-01-26,484755.0,-0.06541129935365994,0.06945285478141137,0.9095852544068653,0.5516064816247382,-0.05475642733695507,0.0,0.6435023878041485,0.03416087020298875,0.007923065205505689,-0.024168106133413247
2016-01-27,546215.0,-0.0636352982733942,0.06749603365639707,0.9029265032999826,0.530886189504133,-0.057304425700938744,0.0,0.7300751535567497,0.11936906246575951,0.0017760010802657378,-0.02072029212060522
2016-01-28,408573.0,-0.07799591597100906,0.07397814636176346,0.9352355637793002,0.64182165732929,-0.05124539854018295,0.0,0.7561855531324879,-0.290342070225444,-0.01436061769761486,0.11093546782515695
2016-01-29,493768.0,-0.08651823176533771,0.07208269500269597,0.9505780042449086,0.6556885014824776,-0.0718511001658293,0.0,1.1047455485167124,0.18939517034200826,-0.008522315794328647,0.013866844153187619
2016-01-30,557514.0,-0.08454400078182493,0.07223830481660054,0.932764020275724,0.6341221924471852,-0.07921342727811809,0.0,0.5264818461957906,0.1214218438795509,0.0019742309835127786,-0.02156630903529244
2016-02-01,583053.0,-0.08388923093520019,0.07202847581627082,0.9489497524238791,0.6142340404731645,-0.08053980894843182,0.3829840511926017,0.5779028664632546,0.04479047618282728,0.000654769846624742,-0.019888151974020607
2016-02-02,611470.0,-0.0783093006311448,0.07212946880301584,0.9333360590053478,0.5951559356959458,-0.0038419724420875045,0.38153956858063354,0.4772548121739415,0.047587802925052713,0.005579930304055389,-0.01907810477721872
2016-02-03,695894.0,-0.06658294718248464,0.07047155484011518,0.9135270601557134,0.5045351734603258,-0.001612303112985214,0.37544798489425113,0.7904795845344262,0.1293314556507248,0.01172635344866016,-0.09062076223561999
2016-02-15,540379.0,-0.07548388965320006,0.0765367842633038,0.9356692247478159,0.5328759999925978,-0.00824520145639196,0.5138523147642673,0.9559087233219647,-0.2529266046578549,-0.00890094247071542,0.02834082653227199
2016-02-16,527248.0,-0.09180790438529363,0.07931610748878926,0.948069978454162,0.6615937850878524,-0.013646985473820816,0.6630598883257973,0.882886231906048,-0.02459971914260528,-0.016324014732093564,0.12871778509525456
2016-02-17,621703.0,-0.08272458159715822,0.07792259223773747,0.9527893544023432,0.6001145241377314,-0.001734790151261545,0.6112661512008145,0.71816285268046,0.16479146065743855,0.009083322788135409,-0.06147926095012102
2016-02-18,342012.0,-0.09610688198197423,0.0868503546263707,0.9623521981684853,0.5882951475386828,-0.03784515801589239,0.0,0.9055062395471504,-0.5976166625758328,-0.013382300384816012,-0.011819376599048526
2016-02-19,410008.0,-0.0882033045975225,0.0838836301474685,0.9627787750482918,0.5683352519950831,-0.03904365624669681,0.0,0.547721020077657,0.1813308475367723,0.00790357738445173,-0.01995989554359978
2016-02-22,453687.0,-0.08304957564100043,0.0824702907416854,0.9523790630985679,0.5428015349789612,-0.03923292356617525,0.0,0.7389323476317373,0.10123086126115943,0.005153728956522066,-0.025533717016121837
2016-02-23,494353.0,-0.07869244596640662,0.08088418198875329,0.9437224007945739,0.5081288067433595,-0.04015050440090984,0.0,0.5168735701007175,0.0858423039353493,0.004357129674593813,-0.034672728235601746
2016-02-24,547949.0,-0.07017287643074131,0.07887965913076295,0.9079366875384388,0.4464211085338234,-0.034150039962042134,0.0,0.9359611934687352,0.10293238002408067,0.008519569535665308,-0.06170769820953609
2016-02-25,437752.0,-0.09278062353798561,0.08275898082615586,0.9551549735923537,0.5984164549790749,-0.01982581587547494,0.0,0.6884331767758913,-0.22452967695036286,-0.022607747107244294,0.15199534644525153
2016-02-26,496050.0,-0.08992306154453046,0.0813980050722223,0.9709343816147565,0.5449692571313376,-0.025104741795424212,0.0,0.6473299062594496,0.12502418812256977,0.002857561993455146,-0.05344719784773733
2016-03-01,561297.0,-0.0885915848305147,0.08094778715300044,0.9627238342624315,0.581980662643841,-0.033667268071305934,0.5341699670584379,0.7357014201037954,0.12357344910252266,0.0013314767140157613,0.03701140551250337
2016-03-02,655437.0,-0.08307366321260584,0.08012718433890015,0.9323001295319001,0.560442880093739,-0.04026778869505676,0.47004517596656886,0.7272918678683077,0.1550520115466565,0.005517921617908858,-0.02153778255010197
2016-03-03,526115.0,-0.10201278418312558,0.08434934595391701,0.9832812217861114,0.6292445567984186,-0.04781700436262393,0.6205126255666537,0.5879151896448495,-0.2197823687249869,-0.018939120970519738,0.06880167670467963
2016-03-04,571902.0,-0.09848832232765348,0.08397806752934012,0.9785120527642848,0.6506761647974653,-0.05131572097112869,0.5949830565376586,0.5144605194596277,0.08344782800993222,0.0035244618554721024,0.021431607999046642
2016-03-07,616760.0,-0.09414767021579928,0.08363608485808613,0.9775374537907776,0.6057315649523315,-0.0530685774664964,0.5701018224268759,0.5133358194435437,0.07551232127311458,0.004340652111854193,-0.04494459984513377
2016-03-08,660571.0,-0.0899371348518735,0.08303255477210116,0.9759026660268162,0.5760652526374909,-0.05358880280137712,0.5502633327833042,0.5405187330355102,0.06862464320461115,0.00421053536392578,-0.029666312314840626
2016-03-09,711566.0,-0.08217884202207942,0.08233527587051559,0.9604548278023401,0.5434885871444111,-0.05027848846030458,0.5550869490672685,0.512615836057372,0.07436356249094445,0.007758292829794081,-0.032576665493079804
2016-03-10,595835.0,-0.0975177384370158,0.08400358678171711,0.974925944263093,0.6477263000662935,-0.04164790374911964,0.7687279196421828,0.5045910361089899,-0.17750439189976852,-0.015338896414936382,0.10423771292188244
2016-03-11,646121.0,-0.09604385147299002,0.08367997875425888,0.9812511897926239,0.6066278607257773,-0.035163689074607096,0.7640503868470456,0.5741107315812364,0.08102300964553955,0.0014738869640257835,-0.04109843934051616
2016-03-14,680634.0,-0.09576291609510797,0.0838228764685375,0.9583843886729138,0.6531880570174279,-0.03976954469072569,0.755620495009065,0.40994719629051735,0.05203792399581886,0.000280935377882055,0.046560196291650535
2016-03-15,679790.0,-0.08347212898895229,0.08402084729490328,0.9161829388487621,0.5220832904279262,-0.02452393284079535,0.7322717309757425,0.660392179937922,-0.0012407897953625735,0.012290787106155679,-0.13110476658950165
2016-03-16,774072.0,-0.08497115857460515,0.08185448557533617,0.9489401502702591,0.5411318326977336,-0.03438730725106154,0.6850357589474881,0.4998578943560806,0.12988096557421258,-0.0014990295856528585,0.019048542269807345
2016-03-17,321197.0,-0.0865022450625807,0.08419210949629427,0.9295230030168401,0.5207364950482103,-0.026852015103256854,0.0,1.0431479746074839,-0.8796102504652517,-0.0015310864879755498,-0.020395337649523282
2016-03-18,388223.0,-0.08401033930148204,0.08097453758507578,0.9830174925236269,0.5137227830396447,-0.029590123837919924,0.0,0.7427277621367101,0.18952527473634007,0.002491905761098659,-0.007013712008565598
2016-03-21,426006.0,-0.07958928826651104,0.07939432543620147,0.9806505072698507,0.486439158133923,-0.029809252555970445,0.0,0.6438993816988493,0.0928735138869925,0.004421051034970994,-0.02728362490572167
2016-03-22,469382.0,-0.07263586757624917,0.07806545025485469,0.9297544430762151,0.4588821045544993,-0.02682547053842166,0.0,0.6965094528550306,0.096963505178703,0.006953420690261877,-0.02755705357942373
2016-03-23,504799.0,-0.06808905991476968,0.07620960387062012,0.9441401429083655,0.4472314723285902,-0.02465067093767004,0.0,0.8171668327393675,0.07274339438654387,0.004546807661479482,-0.011650632225909119
2016-03-24,404943.0,-0.08014565029811371,0.07922505107166689,0.9256932457160637,0.5636694547133794,-0.05071036601405854,0.0,0.7342712431132283,-0.22041401378158376,-0.012056590383344029,0.1164379823847892
2016-03-25,448323.0,-0.07063000631141109,0.0778992628293879,0.9136403887375842,0.43646656540039214,-0.0350340093073267,0.0,0.5462490213529085,0.10176763831418434,0.009515643986702627,-0.12720288931298723
2016-03-28,487665.0,-0.06536513673092371,0.07643861513982075,0.8566064819086873,0.40907590251504616,-0.0334217445586823,0.0,0.47724565019019205,0.08411473993610308,0.005264869580487372,-0.027390662885345973
2016-03-29,496111.0,-0.058749719532580964,0.07630308596998296,0.8574875380711171,0.3486256099945375,-0.013617875564993942,0.0,0.7759432868853946,0.017170997299011503,0.00661541719834275,-0.06045029252050865
2016-03-30,614207.0,-0.06186070747261402,0.07208455203739496,0.9298705485284278,0.425140058644724,-0.004239422046826036,0.0,0.8029605654119865,0.2135323128706954,-0.003110987940033054,0.07651444865018647
2016-03-31,485709.0,-0.07484783476296893,0.07692711455662142,0.9143128910520497,0.5302990061950674,-0.027997113723194134,0.0,0.6882969020545223,-0.2347223257440998,-0.012987127290354908,0.10515894755034344
2016-04-01,500757.0,-0.06618469575901588,0.07600341421158546,0.9007482671235749,0.4504620005311958,-0.0412992128257994,0.5478485572842716,0.6939713274103008,0.03051127434289036,0.008663139003953046,-0.07983700566387164
2016-04-06,523621.0,-0.053224855590308345,0.07530991069419382,0.8425063165915806,0.3450721036780419,-0.001562261402746179,0.5268390687157314,0.9412055666216596,0.04464718670367951,0.012959840168707534,-0.10538989685315386
2016-04-07,470944.0,-0.062119045068857646,0.07559602230446485,0.8193946626350479,0.4054155058775566,-0.022408056299873413,0.5871271318882925,0.6777302609227424,-0.10602894920165262,-0.008894189478549301,0.06034340219951467
2016-04-08,534672.0,-0.065563769686083,0.07256531551255238,0.8993027500972559,0.468290839991621,-0.03998126792717904,0.5307777478528892,0.6608126103480264,0.12691428378924208,-0.0034447246172253573,0.06287533411406443
2016-04-11,577205.0,-0.06594924635653895,0.07142091256546351,0.9104858759019759,0.45050372051524157,-0.03066712291491247,0.5082440380800582,0.5180308555885691,0.07654401459991433,-0.00038547667045595035,-0.017787119476379454
2016-04-12,613157.0,-0.060017887973594065,0.07055912442838154,0.8956352125149024,0.43412698542135214,-0.02709824432259078,0.4833362417782069,0.6446962197283893,0.06042353122801458,0.005931358382944889,-0.016376735093889427
2016-04-13,722793.0,-0.06522900556179458,0.0680009576398076,0.955492098014231,0.4865680768906174,-0.040693105010587094,0.4725377805263748,0.6711312920850091,0.16450185351225954,-0.00521111758820051,0.05244109146926523
2016-04-14,557213.0,-0.07564399470511103,0.07417019652917262,0.9382839237419084,0.5334674532001228,-0.03088589719776036,0.6904630724695943,0.5149036364908931,-0.26017530153722745,-0.010414989143316455,0.046899376309505414
2016-04-15,607392.0,-0.07526823237415091,0.07282000864879337,0.964113784837469,0.49887881302354986,-0.03452603848792979,0.6979709973131025,0.5286898740846109,0.08622680905867774,0.0003757623309601221,-0.03458864017657293
2016-04-18,635849.0,-0.06969122714253895,0.0724615787486234,0.9373734959086198,0.48405203122124907,-0.030695787334655722,0.6997337418160601,0.3464202979009167,0.04578673213497275,0.005577005231611962,-0.014826781802300792
2016-04-19,646062.0,-0.06648743910139907,0.0725434540364241,0.9063371626871725,0.48805687379848994,-0.02707060224329716,0.6779318393590708,0.6106023880061047,0.015934360641916,0.0032037880411398822,0.004004842577240875
2016-04-20,643726.0,-0.05718738391883576,0.07275907135019226,0.8702429294451366,0.3795605583742151,-0.013445330777686948,0.5973877084349553,0.9791821364990695,-0.003622304679899102,0.009300055182563306,-0.10849631542427485
2016-04-21,334055.0,-0.08406531028593474,0.08151906935277098,0.9358698417925192,0.5364386104084656,-0.04302311332590314,0.0,0.7338671775605814,-0.6559675196509147,-0.02687792636709898,0.15687805203425054
2016-04-22,381104.0,-0.07505663462047894,0.07889317721913547,0.9254875309626769,0.4922278433183593,-0.027619131300705813,0.0,0.7139363533313741,0.13176665367890017,0.009008675665455795,-0.04421076709010635
2016-04-25,432572.0,-0.07297394150637458,0.0767580717333111,0.9413091924581342,0.4619207900650065,-0.030405547482091788,0.0,0.45614371711530105,0.12667648274755905,0.0020826931141043614,-0.030307053253352756
2016-04-26,487163.0,-0.06978169497238712,0.07561586823361947,0.9173315707473679,0.4327463292573533,-0.03281101243711815,0.0,0.7114784989828866,0.11884998283589354,0.003192246533987461,-0.029174460807653235
2016-04-27,536532.0,-0.06467190580678543,0.07425362167518404,0.9352005099416251,0.4139492145855233,-0.001523989699931616,0.0,0.6674047400714217,0.09652743680374876,0.005109789165601689,-0.018797114671829984
2016-04-28,386285.0,-0.07486002246061002,0.08002254237814106,0.871064110695471,0.508026457149514,-0.02051837000095602,0.0,0.9589551755827951,-0.3285507671513539,-0.010188116653824589,0.09407724256399069
2016-04-29,425198.0,-0.06334706719343268,0.07786535579525025,0.8295147202009416,0.414715026881594,-0.021234438224375984,0.0,0.8147992229502491,0.09597950379446374,0.011512955267177341,-0.09331143026791999
2016-05-03,438278.0,-0.05378862870360402,0.07754692312277513,0.7380794837979547,0.36434637376277157,-0.023404532367508613,0.4453109670118053,0.6779715157959103,0.030298469446039533,0.00955843848982866,-0.05036865311882244
2016-05-04,449497.0,-0.04481759499560191,0.07671074550550348,0.6890435308800726,0.3189120283338932,-0.02265844233745895,0.43796510321537185,1.381388529845583,0.02527576757318073,0.008971033708002112,-0.045434345428878364
2016-05-05,416461.0,-0.053074196549759395,0.07665202103747848,0.779066947445259,0.36740295009616747,-0.00832031498685104,0.4885067269204079,0.7282626704541362,-0.07633636003943423,-0.008256601554157486,0.048490921762274264
2016-05-06,446061.0,-0.050209168262659254,0.07459738805241127,0.7879774290960205,0.3578837871950249,-0.01797474476549854,0.45850455430983655,0.6259771645582106,0.06866289420051608,0.002865028287100141,-0.009519162901142575
2016-05-09,466064.0,-0.048404322325488865,0.07370038667180694,0.7951976552576471,0.3548074942497168,-0.01621160304630076,0.440690548937485,0.5229281815372996,0.04386724978312273,0.0018048459371703893,-0.00307629294530809
2016-05-10,512309.0,-0.04885819827327469,0.071499571947742,0.8137920668971266,0.3359905838078191,-0.01916189836310378,0.41507566722427286,0.7045084119154651,0.0946049948708989,-0.0004538759477858284,-0.018816910441897705
2016-05-11,554496.0,-0.04502834790961846,0.07006164048117139,0.8004007242613111,0.32440991458910434,-0.004370934514649316,0.4154259002770083,0.8802660433979687,0.07913163443616789,0.003829850363656233,-0.011580669218714756
2016-05-12,453701.0,-0.050562457538927845,0.07568292554752411,0.7974238540360281,0.40235970385782704,-0.037993105617256995,0.6152928911331471,0.6692425187513362,-0.2006212022912468,-0.005534109629309385,0.0779497892687227
2016-05-13,474035.0,-0.04594896600781836,0.07504025806096913,0.7576508063750567,0.3520731591549147,-0.031499846654142294,0.613146708576371,0.830508295800943,0.04384276786439578,0.004613491531109487,-0.05028654470291233
2016-05-16,519476.0,-0.0467555008380068,0.07293617542427323,0.778775150343808,0.33687985585474595,-0.03316971590063966,0.6230412954592704,0.5479810424350692,0.0915394525730342,-0.0008065348301884434,-0.01519330330016877
2016-05-17,561744.0,-0.053339778148227816,0.07084124074877042,0.8378264832379162,0.37727327750719186,-0.04182554345689682,0.624101013985018,0.660904255319149,0.07822561889597601,-0.006584277310221015,0.040393421652445916
2016-05-18,646594.0,-0.05322362073638881,0.06758938111423345,0.8904227382252232,0.35739273794684145,-0.04408016000627479,0.5895523311382413,0.722416230277423,0.14067235584061422,0.00011615741183900602,-0.019880539560350408
2016-05-19,350583.0,-0.07707990968765908,0.07531057097799687,0.8868085446242402,0.49953933875858214,-0.036558884779853695,0.0,0.8264120051457144,-0.6121211029353582,-0.023856288951270274,0.1421466008117407
2016-05-20,428706.0,-0.07536719240875328,0.07173932130637203,0.9403460646690273,0.5475034172603136,-0.04073907364910234,0.0,0.8975311752109838,0.20117388630147381,0.0017127172789058037,0.047964078501731455
2016-05-23,531541.0,-0.08366850329635366,0.07086139759374455,0.9571811017400351,0.6190604299574257,-0.06524584034398961,0.0,1.1434470718157208,0.21500896566893424,-0.008301310887600374,0.07155701269711212
2016-05-24,560253.0,-0.07492824207716706,0.07106854682629714,0.9508793348719239,0.5091110623236288,-0.060315685740651936,0.0,0.5075135697622324,0.05260813244285778,0.008740261219186599,-0.10994936763379692
2016-05-25,663803.0,-0.0746385241823787,0.07007851720922474,0.9381593635461123,0.5255007886375928,-0.005502489221314466,0.0,0.7735653499607564,0.16959695129018293,0.0002897178947883633,0.01638972631396396
2016-05-26,426701.0,-0.09418974778208761,0.07799982872998809,0.9501243259331476,0.6169401993433341,-0.05886501503433361,0.0,0.4138776332841967,-0.4419018849511076,-0.019551223599708914,0.09143941070574135
2016-05-27,485775.0,-0.09261727340883008,0.07728463617039831,0.9792249498224487,0.6296618805002316,-0.054776862355425227,0.0,0.5451721475991972,0.12966201997897286,0.0015724743732575264,0.012721681156897535
2016-05-30,550203.0,-0.09140257012037842,0.07655764013320242,0.983767809335827,0.6291277946503382,-0.06277860370413335,0.0,0.6432898402953092,0.12454174730122247,0.0012147032884516629,-0.0005340858498934509
2016-05-31,593631.0,-0.08627173251146311,0.07610933782788645,0.9788471289403686,0.591055723168096,-0.06274785925753235,0.0,0.573927237627415,0.07597061317092368,0.005130837608915306,-0.03807207148224223
2016-06-01,715102.0,-0.08012576038101378,0.07494920384549894,0.9621788220421702,0.530275401271427,-0.011301406510987322,0.4824039088130085,0.732694077208566,0.18616727565283675,0.0061459721304493314,-0.06078032189666893
2016-06-02,537422.0,-0.0941951424406066,0.0783831273445724,0.967945115756333,0.6553490553047698,-0.053298145633133176,0.6803461711653039,0.5494378719144359,-0.28564155666971125,-0.014069382059592822,0.1250736540333428
2016-06-03,572891.0,-0.09350964914918307,0.07778809247080638,0.9643370204803356,0.6204147036696335,-0.05675318142013386,0.6476572332258667,0.3249396482053305,0.06391183855085991,0.0006854932914235334,-0.03493435163513636
2016-06-04,588131.0,-0.0922542939479583,0.0778029187856508,0.9606431220255351,0.6063019973441292,-0.0455760704970104,0.6333401912159026,0.18389610477937737,0.02625424045724145,0.0012553552012247726,-0.01411270632550432
2016-06-06,618290.0,-0.0902859556178598,0.07761288199972281,0.9561306183182648,0.5920360995649291,-0.0694547353703745,0.6214882983713145,0.49495058952918536,0.05000789085464952,0.0019683383300984902,-0.014265897779200065
2016-06-07,686737.0,-0.09048055100907593,0.07763363047917185,0.9735779490547327,0.6060194805289361,-0.05528865539925576,0.5847202058429938,0.5682568435951463,0.10499379199956493,-0.0001945953912161208,0.013983380964006975
2016-06-08,809751.0,-0.08215057546289867,0.07747960090157197,0.9790145365674139,0.528614351819263,-0.001776150022718137,0.5585494800253411,0.6835064112301189,0.16477539794505702,0.00832997554617726,-0.07740512870967309
2016-06-13,597248.0,-0.08707639194558095,0.07968358996565336,0.9052772047792542,0.626491842584655,-0.02767267010456609,0.7730925846549507,0.6778574394556365,-0.3043943554808788,-0.0049258164826822826,0.09787749076539198
2016-06-14,673529.0,-0.08470520012494259,0.07820102440318404,0.9365862494413753,0.5731082106338405,-0.02053609324496397,0.774870866733281,0.5363792798825292,0.12019861605341475,0.0023711918206383575,-0.053383631950814414
2016-06-15,758633.0,-0.08171054653573671,0.07724500703563814,0.9766527424986785,0.5311553807967753,-0.012359450035264619,0.7310781365956925,0.6308649900544796,0.11898707592277447,0.0029946535892058784,-0.041952829837065275
2016-06-16,303513.0,-0.09045865167039935,0.08061148037482709,0.9079479297427129,0.5806802344545373,-0.034628579232270695,0.0,1.0927143153670518,-0.9160936863049169,-0.008748105134662634,0.04952485365776205
2016-06-17,363827.0,-0.090547010874459,0.07840715817680186,0.9652747047360422,0.5849620836276582,-0.042959449491601354,0.0,0.7485398279951735,0.18125403674250684,-8.835920405965425e-05,0.004281849173120911
2016-06-20,425226.0,-0.08860672534912639,0.07835454396501906,0.9577283609186644,0.5362912898082431,-0.014597863184448778,0.0,0.6365814884320338,0.15594231236091538,0.0019402855253326107,-0.04867079381941508
2016-06-21,473775.0,-0.08871647527004654,0.07790479954612134,0.9709862276397024,0.5876460345100523,-0.009769886641680658,0.0,0.5843849928763654,0.10811173315932265,-0.0001097499209201519,0.05135474470180912
2016-06-22,535496.0,-0.08788299198935323,0.07643455755187335,0.9917870534980654,0.5670257107429374,-0.007600745733543635,0.0,0.6022920806131138,0.12246089475250344,0.0008334832806933118,-0.020620323767114868
2016-06-23,397845.0,-0.11012838788053052,0.0752433302161203,0.992363860297352,0.775055612110244,-0.05493806386774669,0.0,0.43376691927760813,-0.29713093801139046,-0.022245395891177286,0.2080299013673066
2016-06-24,450335.0,-0.08544146649718237,0.07587798229955219,0.9123763420564691,0.6068171472348363,-0.05626879352222902,0.0,1.678033019862991,0.12392926805350513,0.024686921383348145,-0.16823846487540772
2016-06-27,522969.0,-0.08035118403624239,0.07390878739381422,0.9240509475705061,0.5892376029936764,-0.054247198502873406,0.0,0.6252225275303125,0.14953043863813065,0.005090282460939982,-0.017579544241159817
2016-06-28,570386.0,-0.08058925396197561,0.07316325136839814,0.9613279428316964,0.5515230037202876,-0.024161984407754522,0.0,0.6087474096489044,0.0867911357337281,-0.00023806992573321972,-0.03771459927338883
2016-06-29,638749.0,-0.08071174635714363,0.07189499985884835,0.9643709814027106,0.5508705297385984,-0.0042578168672902095,0.0,0.6899862074148061,0.11319825133960926,-0.00012249239516802513,-0.0006524739816892167
2016-06-30,488431.0,-0.1053028496872801,0.07424775583469079,0.9909055731515813,0.7502881676224482,-0.0769138460615375,0.0,0.7137077703913143,-0.2683133631732346,-0.024591103330136463,0.1994176378838498
2016-07-01,549026.0,-0.10233583321946639,0.07509583403118239,0.9909184628778965,0.7341619522572701,-0.08448383198447285,0.5440197731983549,0.623052460174928,0.11694758643665537,0.0029670164678137073,-0.01612621536517811
2016-07-04,598485.0,-0.0979760733214494,0.07531688046292428,0.9927633942371153,0.6831382574333525,-0.08681845265952715,0.5182218434881409,0.502254860188643,0.08625566280493224,0.004359759898016985,-0.051023694823917554
2016-07-05,626667.0,-0.08999154702099516,0.07600090813144632,0.9814319247702528,0.5989417026905837,-0.08215514561034953,0.49708856537842266,0.37426416262544543,0.04601383704332562,0.00798452630045425,-0.08419655474276888
2016-07-06,623358.0,-0.0788030386427754,0.07549572131720957,0.927981994295413,0.5393914893207434,-0.0030026528291986487,0.498594708016902,0.8544062962214329,-0.005294306480561062,0.01118850837821976,-0.05955021336984023
2016-07-07,511533.0,-0.10043565731600744,0.07500605932939776,0.9859852639028176,0.7242993120678431,-0.07417158609452013,0.6271775232487444,0.4265335765238997,-0.19770889315043938,-0.021632618673232046,0.18490782274709971
2016-07-11,605197.0,-0.10148594994647213,0.07641968231369983,0.9786218371868994,0.690256230615816,-0.04398467188757249,0.5784133100461503,0.6117396484120047,0.16814192542328144,-0.0010502926304646887,-0.03404308145202717
2016-07-12,676495.0,-0.09863304841681968,0.07675844079095316,0.9896614165662717,0.650871033784433,-0.0499306675594301,0.5524918883362036,0.4267703382877922,0.11137103173760998,0.002852901529652452,-0.039385196831382974
2016-07-13,740888.0,-0.09418160755922099,0.0766301922668192,0.9923983112157303,0.6788839878632128,-0.05167790917558068,0.5559436783967348,0.6666162766841952,0.09092441017316766,0.0044514408575986875,0.028012954078779795
2016-07-14,615199.0,-0.10860115923725724,0.07699324961302229,0.9921131211201578,0.7689755672554734,-0.05259881168822389,0.7415129088311262,0.3769950861428578,-0.18590367407123054,-0.014419551678036255,0.09009157939226065
2016-07-15,669380.0,-0.1094306697893643,0.07847298019954724,0.9869700319698825,0.7717634228689235,-0.061436783856712696,0.7444560638202515,0.5433490692879979,0.0844061181261786,-0.00082951055210706,0.0027878556134500743
2016-07-18,716432.0,-0.10845657140505911,0.07959365045051849,0.9913697322285995,0.7269831609978337,-0.06751729810916918,0.7466696071643925,0.42938338879335375,0.06793142614369785,0.0009740983843051915,-0.044780261871089855
2016-07-19,772881.0,-0.10464725548699964,0.08034430082744914,0.9832652115914352,0.6831517400479504,-0.07026885832336283,0.7478525154583953,0.48500998213179003,0.07584175409799343,0.0038093159180594693,-0.04383142094988324
2016-07-20,853667.0,-0.09418159705255394,0.08115604732104856,0.9851909468211844,0.6295663297281024,-0.000852605776404114,0.713382384466074,0.5911227680114143,0.09941609693347431,0.010465658434445704,-0.05358541031984798
2016-07-21,360695.0,-0.10721023852364298,0.09665629581772207,0.9537032673034004,0.6516696932311232,-0.028328636921745032,0.0,0.8794272169007056,-0.8615084621255207,-0.013028641471089036,0.02210336350302078
2016-07-22,414835.0,-0.09524734602730912,0.09409251336310075,0.9348849542589223,0.5479744958839057,-0.02364769658520771,0.0,0.6055974061976448,0.13984812493095866,0.011962892496333852,-0.10369519734721755
2016-07-25,441122.0,-0.09367303014247329,0.09240292547020507,0.9319712007109144,0.5543137726071246,-0.02131639617557135,0.0,1.021130208876456,0.061440630369634874,0.0015743158848358363,0.0063392767232188785
2016-07-26,504250.0,-0.08844977770240178,0.09076304023851778,0.9476093207734259,0.5066554288547348,-0.024908058802476374,0.0,0.670076351016361,0.13375069565543818,0.005223252440071505,-0.047658343752389754
2016-07-27,590193.0,-0.0824024450852527,0.08739925097643002,0.9682442861911273,0.5144317197933558,-0.00147737215324506,0.0,0.9042601318551728,0.15737742521787368,0.006047332617149084,0.007776290938620978
2016-07-28,454793.0,-0.105432120543212,0.09042293062923845,0.9704349011528322,0.6639614066179559,-0.06353011687144139,0.0,0.5554636944719905,-0.26060723167509003,-0.023029675457959295,0.1495296868246001
2016-07-29,500162.0,-0.09114320646863358,0.08992315503701263,0.912634306484699,0.5622238394760097,-0.02052555482218643,0.0,0.5695394692119753,0.0950896755684223,0.014288914074578413,-0.10173756714194615
2016-08-01,557301.0,-0.09260268425724004,0.08815398202989877,0.9544447255612317,0.5746069000414498,-0.030912781049058813,0.44258668116511546,0.5775137672460663,0.10817344299404574,-0.0014594777886064586,0.01238306056544003
2016-08-02,589768.0,-0.08766517984117542,0.08762742473241578,0.9494852213073616,0.5502197474261066,-0.029635804674508992,0.4301725424234614,0.3478961218648689,0.05662375028981792,0.0049375044160646225,-0.02438715261534319
2016-08-03,630790.0,-0.0784195591721705,0.08591451536833568,0.9597076681621459,0.477092217695271,-0.00018996390685754871,0.4119865565402115,0.7137208896780228,0.06724376284860867,0.009245620669004917,-0.07312752973083558
2016-08-04,505547.0,-0.0983605524358941,0.08694689575253334,0.977861603372189,0.5922238684039268,-0.035980103515791506,0.5314837196145957,0.4711550063594483,-0.22133199068934317,-0.019940993263723603,0.11513165070865583
2016-08-05,562282.0,-0.09613186101307203,0.08625384225338958,0.9671072522328653,0.6113391501061745,-0.04312745542293772,0.4960393539184964,0.5707385262199395,0.10636249201530035,0.002228691422822074,0.019115281702247633
2016-08-08,606842.0,-0.09492336812358387,0.08581947079660218,0.9852053747103859,0.566073211808016,-0.049207344927903685,0.4733653900026696,0.5310377330507776,0.07626495723215498,0.0012084928894881553,-0.0452659382981585
2016-08-09,651888.0,-0.0899400863013358,0.08527790697987074,0.9758256019438922,0.5345780256731217,-0.04970792172214766,0.46016647031391894,0.39263032913629337,0.07160430739371115,0.004983281822248067,-0.031495186134894215
2016-08-10,725136.0,-0.08759908159296946,0.0840895220172571,0.9943665739943955,0.5596839765230246,-0.005480184600268223,0.467160642969043,0.5576319476622317,0.10648645543965607,0.0023410047083663454,0.02510595084990286
2016-08-11,583617.0,-0.09842897878220203,0.08650754930569222,0.9773275966944075,0.6183421661809029,-0.03633773296261533,0.6792845307796037,0.6203863149976783,-0.217114277704324,-0.010829897189232565,0.05865818965787828
2016-08-12,623461.0,-0.09573514312310238,0.08584696437993053,0.982143229488292,0.5874112414409242,-0.027363860993902978,0.6851302647639548,0.36141955952337035,0.06604126727830639,0.0026938356590996415,-0.030930924739978716
2016-08-15,653445.0,-0.09228716566963265,0.08556357356145085,0.966004789997628,0.5661318091040562,-0.02716398626661609,0.6871886692835664,0.3114891077290361,0.04697215427545842,0.003447977453469739,-0.02127943233686791
2016-08-16,667175.0,-0.08762222279139988,0.08544695081280755,0.9669621913291115,0.56236519653764,-0.023090196216175918,0.6722164349683366,0.46943905272229924,0.020794012999617806,0.0046649428782327695,-0.0037666125664161942
2016-08-17,724053.0,-0.08352870502673052,0.08438957009228706,0.9728749138529914,0.5292126405111228,-0.0238766355550194,0.6375928281493206,0.4550136523155073,0.08181221380775483,0.0040935177646693605,-0.03315255602651723
2016-08-18,350486.0,-0.11119318986836532,0.09857524335758755,0.9809721358342416,0.6173770136324989,-0.029871197588380416,0.0,0.638519084927786,-0.7255438313880465,-0.027664484841634807,0.08816437312137604
2016-08-19,404192.0,-0.093420407499736,0.09684589468376906,0.9175911448024701,0.5202750178133164,-0.02039677804626172,0.0,0.9265695511044256,0.14256924985331842,0.017772782368629322,-0.09710199581918244
2016-08-22,436507.0,-0.0852494725923914,0.0947542271479537,0.8890235437232392,0.5085233455591778,-0.014675215797261276,0.0,0.7947043231838207,0.07691439921471854,0.008170934907344593,-0.011751672254138645
2016-08-23,487983.0,-0.08230298990483731,0.09256603544955573,0.9168311191168544,0.46376820503992966,-0.020034481498583223,0.0,0.6440101396974894,0.11147615737450067,0.0029464826875540973,-0.044755140519248116
2016-08-24,544701.0,-0.07461096772102623,0.08984322604311146,0.9323628926695563,0.42410423333168107,-0.001927389108588029,0.0,0.5990442462929203,0.10995645108011765,0.007692022183811084,-0.03966397170824859
2016-08-25,451106.0,-0.09885331672810736,0.09193206711460597,0.9853626420397866,0.5854943184085337,-0.05654892177803217,0.0,0.7503823934950987,-0.1885346751147896,-0.024242349007081138,0.16139008507685265
2016-08-26,502380.0,-0.09266139081264123,0.09064575121667395,0.9672279947450138,0.5333193996576296,-0.05822780374343495,0.0,0.45844977905171386,0.10765446029828318,0.006191925915466134,-0.052174918750904076
2016-08-29,527975.0,-0.0882027278588462,0.08993854768276009,0.9747147118708273,0.5210303518159004,-0.05600005268836916,0.0,0.6672797007434064,0.049692128656042556,0.004458662953795031,-0.01228904784172924
2016-08-30,557156.0,-0.08459743881194955,0.08937010204935457,0.9634195808714257,0.5002746089066616,-0.01213536818812444,0.0,0.4888612884003762,0.053796338427343215,0.003605289046896651,-0.02075574290923876
2016-08-31,614700.0,-0.07565969276703055,0.08752471314485577,0.9255799577029445,0.47345697088010413,-0.007591921798243528,0.0,0.7160793883195055,0.09828907138518339,0.008937746044918995,-0.02681763802655751
2016-09-01,482530.0,-0.09193598632849409,0.09056996233145252,0.958684434128448,0.553171823513564,-0.04456652761036084,0.652002984270408,0.6143597289287712,-0.24209124890097833,-0.01627629356146354,0.07971485263345984
2016-09-02,519317.0,-0.08617917476560484,0.08909336492876789,0.9136596722233241,0.5205702875122517,-0.03199425872456896,0.6133094044677914,0.39958830540883505,0.07347139167835515,0.00575681156288925,-0.032601536001312326
2016-09-05,598102.0,-0.08633355662944847,0.08687914052098249,0.9465877057759379,0.5353183905086424,-0.04291797807072062,0.5665304580155225,0.5218775392825973,0.14124682127700083,-0.00015438186384363062,0.014748102996390733
2016-09-06,661703.0,-0.0878007398902208,0.0848310845745391,0.9753288106597673,0.5858867195705626,-0.05247853101499156,0.5278773105154427,0.5703480262292902,0.1010555068170298,-0.0014671832607723312,0.050568329061920214
2016-09-07,797430.0,-0.08182955884425468,0.08280760137051388,0.9874973351892956,0.5161431097400399,-0.000979580022615667,0.4584327150972499,0.6520722822065886,0.1865772417275693,0.005971181045966126,-0.06974360983052275
2016-09-08,577770.0,-0.10176905423745125,0.08881319127699037,0.9831576578915485,0.6174100420582584,-0.07156405830145873,0.6402149644322135,0.3539141873063676,-0.3222181909077104,-0.019939495393196574,0.1012669323182186
2016-09-09,597030.0,-0.09075104676526578,0.08876284758474415,0.940597624909971,0.6040165485821483,-0.06163528600483581,0.6103646382928831,0.48060901462238076,0.03279149778210133,0.011018007472185468,-0.013393493476110185
2016-09-10,598813.0,-0.08221983971738833,0.08864928537024279,0.9147012506408512,0.5553152653666503,-0.028020619217136944,0.5947382571854652,0.632494618520306,0.002981999010321701,0.008531207047877451,-0.04870128321549794
2016-09-12,615018.0,-0.07195642696518971,0.08830319838765639,0.8189158691290336,0.4352409197779577,-0.03879039595129563,0.5692483797222195,0.6560572210894641,0.026702173274239627,0.010263412752198622,-0.12007434558869262
2016-09-13,640717.0,-0.0713112326220499,0.08694836072146489,0.8391598786983957,0.43616136297304425,-0.03812062191094112,0.5546005490723673,0.7880452680356538,0.04093632610108422,0.0006451943431398099,0.000920443195086551
2016-09-14,701959.0,-0.06426329298677654,0.08465366270302327,0.8630561044163548,0.4167793275675645,-0.00025836019904956764,0.5398876572563355,0.7414991473861009,0.09128713598981619,0.007047939635273365,-0.01938203540547978
2016-09-19,650510.0,-0.09187834170858843,0.08575739009154917,0.9733793485111681,0.574753654824676,-0.01670293940267975,0.7427449232140936,0.8036694286021737,-0.0761183271372321,-0.02761504872181189,0.15797432725711152
2016-09-20,704241.0,-0.08713333437550279,0.08547486616473178,0.9710099241594852,0.5914864371713661,-0.006721548029924973,0.7430794287750926,0.4026647127900818,0.07936395649754502,0.004745007333085638,0.016732782346690067
2016-09-21,820995.0,-0.08457038601016492,0.08256514535422761,0.9896418370392024,0.5416622512926388,-0.0139242563796933,0.679709377036401,0.5004342291974981,0.15339639217779322,0.0025629483653378665,-0.04982418587872728
2016-09-22,340676.0,-0.082047646853304,0.07543895252978602,0.9749116462562669,0.5305480867451773,-0.025474106847018896,0.0,0.9026699855581256,-0.8795851403193833,0.002522739156860923,-0.011114164547461503
2016-09-23,398297.0,-0.07940430243048673,0.07407858732380859,0.9768891053660962,0.5417590391090066,-0.030654997188899524,0.0,0.6420485215806295,0.1562660791676702,0.002643344422817273,0.011210952363829296
2016-09-26,433870.0,-0.06755515127279298,0.07332167825411616,0.9049876691174776,0.44929356719754765,-0.021156079925868987,0.0,0.6089035886325397,0.08554699191089377,0.01184915115769375,-0.09246547191145893
2016-09-29,571208.0,-0.06257263215886004,0.06920512399033174,0.9474657217686027,0.44416219660789064,-0.002254365811302006,0.0,0.8992118457724682,0.2750084664704584,0.004982519113932937,-0.005131370589657014
2016-09-30,469028.0,-0.06476374417614368,0.07269540437450589,0.8825976274337566,0.4637868101691157,-0.023655890518553324,0.0,0.8409583223176441,-0.19709094837278585,-0.002191112017283642,0.01962461356122508
2016-10-03,545982.0,-0.06443143867843389,0.0699117404656829,0.9412764523372565,0.4071159855086798,-0.025362240367330258,0.42809653065485676,0.5310596320025203,0.15192354001176156,0.000332305497709795,-0.05667082466043594
2016-10-04,605815.0,-0.06586418029734427,0.06911195965397385,0.9676089235162549,0.4455089424989477,-0.020216908902782937,0.40588133341036453,0.499705355595355,0.10398865076516195,-0.0014327416189103825,0.0383929569902679
2016-10-05,683885.0,-0.05996726399655127,0.0670702588511659,0.969440768550268,0.42048151370478953,-0.0024028610007463813,0.375598236545618,0.4483648566644977,0.12121511589869627,0.005896916300792997,-0.025027428794158146
2016-10-06,480012.0,-0.07920915701049618,0.07291392782049858,0.9671758206044849,0.5776168095797605,-0.05216435039329792,0.5482508770614068,0.5036290759397681,-0.35397867124293114,-0.019241893013944904,0.15713529587497094
2016-10-07,538893.0,-0.07224140997789658,0.07168271290588252,0.959804636541948,0.5327977910271612,-0.0286871843907871,0.5213632390845678,0.3241070119671252,0.11570593184274713,0.0069677470325996,-0.04481901855259929
2016-10-11,589461.0,-0.06420567018040259,0.07087280261011662,0.9321600580869642,0.4276873279148239,-0.023842114054287378,0.49006295581896003,0.9318903201399245,0.08969152459590113,0.008035739797493988,-0.1051104631123373
2016-10-12,693381.0,-0.0609359669638444,0.06831866639071452,0.959231648977979,0.3854374434834528,-0.005684888571860891,0.48768137575157094,0.6781480888573526,0.16237107163599163,0.003269703216558187,-0.042249884431371065
2016-10-13,539814.0,-0.07295743729585327,0.07135456872540594,0.9535228801031467,0.5037698170110445,-0.03462025323320861,0.7316131111827407,0.6217289659030704,-0.2503549958848179,-0.012021470332008871,0.11833237352759168
2016-10-14,560341.0,-0.06704954570336184,0.07114617076687627,0.9037496809978209,0.5006719122819855,-0.028932360228997367,0.7236718355429997,0.4519319485813103,0.03732089119958637,0.005907891592491429,-0.00309790472905902
2016-10-17,597386.0,-0.06697440992742193,0.06984005357846257,0.9185786074665292,0.48820528100758975,-0.030101719444389885,0.7131569872745595,0.6864690501618719,0.06401794364405866,7.51357759399135e-05,-0.012466631274395734
2016-10-18,640461.0,-0.06851177762615034,0.06910028330879157,0.954757588674408,0.46503378035508797,-0.03497719727017823,0.7097184684157193,0.532443037124821,0.06962475893027076,-0.0015373676987284063,-0.023171500652501786
2016-10-19,749941.0,-0.0661112527963201,0.06771005343961402,0.9368763676075851,0.4725465069918834,-0.04136044954809304,0.6637535486124908,0.6455947867898941,0.15780630721612532,0.0024005248298302334,0.007512726636795419
2016-10-20,375639.0,-0.08089788343840976,0.08319563230238355,0.971834660405336,0.48287850835509627,-0.02868231364653051,0.0,0.7664513003175921,-0.6913659609597449,-0.014786630642089654,0.010332001363212884
2016-10-21,444907.0,-0.07237513130611391,0.07979289382324072,0.9670020925721555,0.4372262068252466,-0.027568696093190015,0.0,0.6287651127089482,0.16923669575144018,0.00852275213229585,-0.04565230152984967
2016-10-24,488097.0,-0.06982952333813881,0.0776477767098889,0.9627246223598998,0.4149277705046333,-0.02923035666398499,0.0,0.4862230253412744,0.0926488850317142,0.0025456079679750943,-0.02229843632061329
2016-10-25,561132.0,-0.06930191184159407,0.07610789714945737,0.9614992550772368,0.42557900814781546,-0.035762040988104093,0.0,0.6207737216911529,0.1394420153703102,0.000527611496544747,0.010651237643182154
2016-10-26,645044.0,-0.060909958629015486,0.07393138844583252,0.967544849653667,0.33704212425819013,-0.0013084461534353942,0.0,0.5508507946744718,0.13936235956033372,0.00839195321257858,-0.08853688388962533
2016-10-27,418922.0,-0.07964126579912963,0.0822495153613573,0.8914690562921022,0.5129188727257102,-0.032211236027549606,0.0,0.6168833338903185,-0.43163378644858064,-0.01873130717011414,0.1758767484675201
2016-10-28,460622.0,-0.07637345106962011,0.07983411399650282,0.9552170760406581,0.48221752326202394,-0.032977612357256714,0.0,0.45083821441442223,0.09489300495751962,0.003267814729509516,-0.0307013494636863
2016-10-31,511809.0,-0.07018569473107131,0.07799624784184049,0.8941362891234816,0.4577586560611478,-0.03122887540742214,0.0,0.8184322667245008,0.10537375853291486,0.006187756338548803,-0.024458867200876144
2016-11-01,548320.0,-0.06518576755662259,0.07685465446899531,0.8886744966442953,0.435586883571637,-0.013232391859976156,0.41884301138021596,0.5729610446454625,0.06890754956108758,0.004999927174448721,-0.0221717724895108
2016-11-02,565784.0,-0.054969871513784595,0.07542827649932714,0.7633885016189924,0.36158321903765395,0.001199250687161868,0.4142623333286201,1.0738409004142924,0.03135332179766692,0.010215896042837992,-0.07400366453398305
2016-11-03,442739.0,-0.06717415182348047,0.07764204883989718,0.8376673389965645,0.4935594108492814,-0.018447669474935702,0.5327179218456021,0.5576242436288649,-0.24523194829015615,-0.012204280309695871,0.13197619181162745
2016-11-04,478763.0,-0.06689339009297526,0.07535379990554994,0.861749968147079,0.4908984194685053,-0.018542922205742052,0.5121699045247857,0.46251067856120875,0.07822526253937845,0.00028076173050520237,-0.0026609913807760788
2016-11-07,546313.0,-0.07421383393525008,0.07213269550287522,0.9160444653522798,0.5396686514873342,-0.042420760317916306,0.4709388207858865,0.5550993661142971,0.13198637739419006,-0.007320443842274815,0.04877023201882891
2016-11-08,621997.0,-0.07228043844321977,0.06949698992273577,0.9694082125798035,0.5044300856756544,-0.04528702686106656,0.4409056635321392,0.518160055434351,0.12974319800904333,0.0019333954920303098,-0.035238565811679834
2016-11-09,646755.0,-0.045717946783241536,0.07056056447406384,0.746568638819955,0.31074208935377384,-0.004830485732176482,0.43734026022218614,2.01813360546111,0.03903228242233858,0.026562491659978232,-0.19368799632188055
2016-11-10,514614.0,-0.07468307025670806,0.07409328899572892,0.9283171464437423,0.490783383273677,-0.016627732409109086,0.6919341487017454,0.7349236515135616,-0.22855044692460247,-0.028965123473466525,0.18004129391990314
2016-11-11,516471.0,-0.059622963391436475,0.07397058172383607,0.8245245134770394,0.4632786739236085,-0.017611545743578816,0.6591289733595884,0.9187853722667875,0.003602034764984552,0.015060106865271587,-0.02750470935006849
2016-11-14,549912.0,-0.05841237549675757,0.07345166196363685,0.8243737179766945,0.3953341625569182,-0.015703995346964317,0.6493166179315963,0.7250996523080057,0.06273912558600792,0.0012105878946789064,-0.06794451136669027
2016-11-15,593531.0,-0.055781081918190055,0.07276470947856999,0.8334358272777664,0.38046538428489834,-0.0034744032883106124,0.6376297110007734,0.5486857468270402,0.0763311797794568,0.002631293578567513,-0.014868778272019878
2016-11-16,674825.0,-0.05440311899014238,0.07012598346998294,0.8492053495350647,0.41079539139776977,-0.006942476306093681,0.606669877375616,0.7056392398029119,0.128363952795171,0.0013779629280476768,0.030330007112871427
2016-11-17,343786.0,-0.08643920959780704,0.08051173395657805,0.9345726702076291,0.5727312921410412,-0.010590021855955256,0.0,0.6442699819073493,-0.674434027229788,-0.032036090607664665,0.16193590074327147
2016-11-18,397276.0,-0.08068616596432823,0.07846594956752756,0.9621648425779559,0.5217304846001268,-0.012075983567160664,0.0,0.617575690451978,0.14461188247361356,0.00575304363347881,-0.051000807540914406
2016-11-21,439038.0,-0.0781448372637944,0.0770800375432018,0.953359390303345,0.4802226686528273,-0.015607596854811057,0.0,0.44767651091705046,0.09995471644990062,0.0025413287005338348,-0.04150781594729952
2016-11-22,513942.0,-0.07604779182769697,0.07590177874058625,0.946525094271338,0.49276961213522147,-0.02555349109147853,0.0,0.8553319246140615,0.15752444892777007,0.0020970454360974278,0.012546943482394157
2016-11-23,602805.0,-0.071306568580602,0.07374514863291423,0.9574903990511028,0.4861937110674264,-0.0030757564366985513,0.0,0.6001327129005234,0.1594833427217477,0.004741223247094972,-0.0065759010677950425
2016-11-24,429837.0,-0.08691767922885224,0.0797520144628891,0.9563811398274229,0.5522442228100419,-0.027546653176152902,0.0,0.47618050563353087,-0.3381876942879618,-0.015611110648250243,0.0660505117426155
2016-11-25,471197.0,-0.08210694599249578,0.07883930454339391,0.9498702241313082,0.5627603741110406,-0.028285622885292905,0.0,0.44508347888462785,0.09187019853878908,0.00481073323635646,0.0105161513009987
2016-11-28,527090.0,-0.08023044733252069,0.078134903688487,0.9621886205391869,0.5036597165569447,-0.03494161938964935,0.0,0.6117361361437326,0.11209504635522727,0.0018764986599750927,-0.05910065755409588
2016-11-29,552626.0,-0.07469675392279211,0.07814230544708177,0.9065009608668431,0.48596157256444683,-0.031806779093118354,0.0,0.4773481522765849,0.04731014974104575,0.005533693409728577,-0.017698143992497917
2016-11-30,638224.0,-0.07195501767478603,0.07581404873084018,0.9579536338338891,0.4356652209882424,-0.004405505637553708,0.0,0.6293934418009978,0.14400785721315934,0.0027417362480060825,-0.050296351576204434
2016-12-01,493459.0,-0.09012566749057999,0.07911542288377135,0.9708567479770356,0.6432510097090133,-0.03924313949433966,0.6436927890665689,0.49628641893247466,-0.2572495435216098,-0.018170649815793957,0.20758578872077088
2016-12-02,521861.0,-0.08104908403312287,0.07798423536472492,0.9265762339013646,0.546241240483577,-0.03150229229260815,0.6191687058431268,0.5671759338214583,0.05596149351631041,0.009076583457457113,-0.09700976922543625
2016-12-05,561965.0,-0.07456349294228576,0.0772860815169468,0.9236447109695444,0.5190430008986324,-0.028454281678394366,0.5833744094383102,0.43488829375494914,0.07403830147630863,0.0064855910908371145,-0.027198239584944606
2016-12-06,629121.0,-0.07573811094290114,0.07618583891823767,0.9692030626858744,0.4674744603979203,-0.037917924670054504,0.5430386205515314,0.5181260838535036,0.11288403666506497,-0.001174618000615385,-0.051568540500712134
2016-12-07,704878.0,-0.0709291392140168,0.07464263607537136,0.963339755248426,0.5038730106486513,-0.0014993701350080046,0.4959879581998587,0.5260328737739013,0.11370113115270541,0.004808971728884337,0.03639855025073102
2016-12-08,571834.0,-0.09218303096790674,0.07801109185391525,0.9816100476711773,0.6632221938534609,-0.050753744189866334,0.6303909875943018,0.5572246491114554,-0.2091759987214843,-0.021253891753889934,0.15934918320480962
2016-12-09,628942.0,-0.08704411587768159,0.0778115534321437,0.9688699434924047,0.6024927576787684,-0.052453612813382344,0.5897586740907746,0.3469381914389562,0.0951903031213579,0.005138915090225155,-0.06072943617469251
2016-12-12,673049.0,-0.07875295653890405,0.07772438642049947,0.9373537439324626,0.4917799446994201,-0.04812223393946913,0.57210842004074,0.5164111379706381,0.06777909272334703,0.00829115933877754,-0.11071281297934832
2016-12-13,700471.0,-0.07950395431025944,0.0770844345416185,0.9608934559746228,0.5462938508517841,-0.0513891287062439,0.5560187359648008,0.2768551446098411,0.03993483060410341,-0.0007509977713553995,0.054513906152363956
2016-12-14,761922.0,-0.0734731938511823,0.0762052488874171,0.9575888345526182,0.5172235478172307,-0.05001003360189238,0.5598775202711038,0.4616732421428965,0.08409122232316868,0.006030760459077147,-0.02907030303455338
2016-12-15,619548.0,-0.08659911257411443,0.07854992138000479,0.9671776843763518,0.5525027923582999,-0.03849749208095854,0.7726842795069955,0.4489805471085372,-0.20685400833472656,-0.013125918722932131,0.03527924454106923
2016-12-16,644655.0,-0.0814781788265597,0.07814032026608547,0.9540855186107298,0.5346875460517642,-0.03503674365643883,0.771328850315285,0.3067066880734656,0.03972511006568702,0.0051209337475547345,-0.017815246306535748
2016-12-19,669721.0,-0.0708945013557905,0.07821427594475089,0.8716808939842113,0.4479611659183451,-0.02590233913318296,0.7688156710032984,0.4003040071910542,0.03814591777503473,0.010583677470769187,-0.08672638013341905
2016-12-20,682371.0,-0.07113962380173235,0.0776971138985154,0.8872226398835824,0.4457340654863703,-0.026228007630044514,0.75902111901004,0.4011439524833265,0.018712290456726066,-0.0002451224459418394,-0.0022271004319748267
2016-12-21,726387.0,-0.06417279777999825,0.07666862210597224,0.8856064329345101,0.42549770301505946,-0.00046282916823303655,0.7221192009218227,0.4423110545755912,0.0625094324458928,0.006966826021734096,-0.02023636247131083
2016-12-22,285834.0,-0.054933742871401035,0.07196569652016357,0.8351350784021495,0.3609122777556204,-0.02398903358464699,0.0,0.9571044732257185,-0.9326717079203863,0.009239054908597215,-0.06458542525943906
2016-12-23,327718.0,-0.048511177931600265,0.06954152264248067,0.7810434580950696,0.33627386960740635,-0.019676956019844316,0.0,0.7543985987953057,0.13674225975355192,0.006422564939800771,-0.024638408148214053
2016-12-26,362738.0,-0.0495146381067926,0.06719808392694285,0.8648032464202813,0.3165811136412507,-0.023109497351419428,0.0,0.5369743451196181,0.10152732809874188,-0.0010034601751923375,-0.01969275596615566
2016-12-27,387387.0,-0.04778871482378553,0.06586367043922377,0.8768079465753884,0.30625963184102717,-0.022973300824325138,0.0,0.36078650032138404,0.06574338277978953,0.0017259232830070734,-0.01032148180022352
2016-12-28,482865.0,-0.04941363501977474,0.061974044147276856,0.9540119909291417,0.3081399563024862,-0.0055861064620600365,0.0,0.7711596408934174,0.22031291811584452,-0.0016249201959892129,0.0018803244614590264
2016-12-29,371793.0,-0.05516165678589918,0.06800351654543964,0.8577245940617494,0.34226303346216846,-0.038576043718569375,0.0,0.6055170484651405,-0.2613998636951216,-0.005748021766124441,0.03412307715968227
2016-12-30,437615.0,-0.05817136047088321,0.06507535176458824,0.9469419466882991,0.35396867109217006,-0.049008483276598014,0.0,0.7702798121636598,0.16300228061605182,-0.0030097036849840303,0.011705637630001597
2017-01-03,470781.0,-0.05709144741094958,0.0643418453445598,0.938087985708854,0.4066243115163951,-0.007859478392904795,0.4057640389055633,0.5610719209143954,0.0730534893327004,0.0010799130599336293,0.05265564042422505
2017-01-04,527536.0,-0.05438634244280719,0.06344775714901345,0.9187088653665342,0.37400859846531803,-0.003979773790346752,0.3724087076521792,0.6365442358436202,0.11382409173469554,0.0027051049681423925,-0.03261571305107708
2017-01-05,416250.0,-0.07023245058367415,0.06900910281324048,0.9654222222222222,0.47275435435435437,-0.05964219385476166,0.48196996996997,0.8190414414414414,-0.23693106817238174,-0.01584610814086696,0.09874575588903634
2017-01-06,459535.0,-0.06713727829233065,0.06830878120659747,0.9515575527435343,0.4916992176874449,-0.018375582306006444,0.46130762618734156,0.43230657077262885,0.09892906735004736,0.003095172291343498,0.018944863333090534
2017-01-09,497650.0,-0.06039532013113174,0.06805254115327111,0.8998372350045213,0.4110137646940621,-0.015244444159008053,0.442103888274892,0.5688998291972269,0.07968191004737157,0.006741958161198915,-0.08068545299338281
2017-01-10,521955.0,-0.05915174035108509,0.06736843270857389,0.902167811401366,0.39486354187621536,-0.005309295331157093,0.428194001398588,0.40872680595070454,0.047684358577985364,0.001243579780046647,-0.016150222817846727
2017-01-11,550119.0,-0.05708528087003026,0.06651481600126884,0.9002597619787719,0.37959786882474517,-0.015594270758655826,0.45281475462581733,0.7418067727164486,0.052553241189585265,0.0020664594810548345,-0.015265673051470197
2017-01-12,474769.0,-0.07054496650993354,0.0692407516935345,0.9763927299381383,0.49907849922804565,-0.0223353857205707,0.676381566614501,0.6369118455501518,-0.1473062485043517,-0.013459685639903282,0.11948063040330048
2017-01-13,524018.0,-0.06396460430730319,0.0676510332064529,0.9324679686575652,0.4645432027144106,-0.01906741032730097,0.6851348617795572,0.4115221232858413,0.09869766492080068,0.006580362202630349,-0.03453529651363507
2017-01-16,530729.0,-0.05666115094877131,0.06723270591447128,0.8582025855003212,0.41432633227127214,-0.009936151643344604,0.6542943762259081,0.558543060582708,0.01272549827352698,0.007303453358531879,-0.05021687044313844
2017-01-17,597526.0,-0.05805351015139751,0.06529020549294337,0.9525677543738682,0.37744131636112904,-0.016519269273817194,0.6527632270394929,0.4512791075200075,0.11854626435366278,-0.0013923592026261963,-0.03688501591014309
2017-01-18,644495.0,-0.055475662275442206,0.06420414336984827,0.9210529174004453,0.36440624054492277,-0.004492628428479195,0.6008828617754987,0.5356100512804599,0.07566926689396603,0.0025778478759553025,-0.013035075816206276
2017-01-19,349972.0,-0.06766789490087688,0.07661917451995923,0.8970031888265347,0.4680317282525459,-0.023408155293127897,0.0,0.7423651034939938,-0.6106139131139603,-0.012192232625434674,0.10362548770762314
2017-01-20,423061.0,-0.0649029091819498,0.07129852004145523,0.9114146659701556,0.427550636905789,-0.04623713759690329,0.0,0.4896693384641931,0.1896632254038355,0.002764985718927082,-0.040481091346756926
2017-01-23,486377.0,-0.06973039669020392,0.0687382668726959,0.9685799287384066,0.5040575520635228,-0.05560772703879957,0.0,0.5793695014361288,0.1394676666625969,-0.004827487508254125,0.07650691515773378
2017-01-24,540445.0,-0.06776387421992804,0.06762232261693474,0.953514233640796,0.46696703642368786,-0.057996708280632414,0.0,0.543428100916837,0.10540883092006048,0.001966522470275886,-0.0370905156398349
2017-02-02,614060.0,-0.06028082594429364,0.0668827509343548,0.9184705077679706,0.4250480409080546,-0.05610050726643523,0.35581702113799957,0.927539654105462,0.12769976897279278,0.007483048275634396,-0.04191899551563327
2017-02-03,475439.0,-0.07060887018445763,0.07381690191402272,0.949848455848174,0.43135291803995884,-0.016451696144913597,0.4784693725167687,0.5786020919613242,-0.25585405550120477,-0.010328044240163994,0.006304877131904252
2017-02-06,596271.0,-0.06776992789061022,0.0713144419868546,0.9684975455791075,0.4358169355880128,-0.02495384257303146,0.4356056222757773,0.7562048129122496,0.22645667396675329,0.0028389422938474157,0.004464017548053978
2017-02-07,655722.0,-0.06514469836505858,0.0700927198365556,0.9801074235727946,0.40765293828787197,-0.016176569093710125,0.4110461445551621,0.4178173067244961,0.09504165692783317,0.0026252295255516367,-0.028163997300140853
2017-02-08,722566.0,-0.06006893508922075,0.0687720218967454,0.9412925601259954,0.38617648768417,-0.015010609593167912,0.41498769662563695,0.618232798111176,0.09707184665949065,0.005075763275837829,-0.021476450603701958
2017-02-09,588878.0,-0.07475976161460136,0.07250791079475573,0.9695505690482579,0.5467380340240253,-0.03025803478141187,0.6353862769538002,0.5313052958337721,-0.2045897338284437,-0.014690826525380611,0.1605615463398553
2017-02-10,685180.0,-0.07250271897563039,0.07132952963903379,0.9800110919758311,0.4748285122157681,-0.01713190814011356,0.6540894363524913,0.6769651770337721,0.1514625459988821,0.002257042638970974,-0.07190952180825722
2017-02-13,728458.0,-0.07297069165307404,0.07074435961804301,0.9868228504594637,0.5186434907709161,-0.042256073950189044,0.6551619997309385,0.3907898602252978,0.06124839379634395,-0.0004679726774436538,0.04381497855514799
2017-02-14,784503.0,-0.06967847641464422,0.07026907009582276,0.9732289105331656,0.4874627630487073,-0.043089770526753446,0.647274771415788,0.5310406716099237,0.0741204249953249,0.0032922152384298187,-0.031180727722208812
2017-02-15,917504.0,-0.06860887697409741,0.0684111428766571,0.9715162004743304,0.4927575247628348,-0.010179841138966639,0.609375,0.5277045113699776,0.15660654333469282,0.0010695994405468118,0.005294761714127516
2017-02-16,461125.0,-0.08085429255204953,0.08405908484903032,0.9402634860395771,0.4728370832203849,-0.027760010234105126,0.0,0.7553938736785036,-0.6879877836754069,-0.012245415577952112,-0.019920441542449874
2017-02-17,501395.0,-0.07514613284159866,0.08226834811760371,0.9367365051506298,0.44062665164191905,-0.026615408575620725,0.0,0.34819653167662223,0.08372505767945171,0.005708159710450869,-0.03221043157846587
2017-02-18,528243.0,-0.07439965430634604,0.0810288031321906,0.9330099972929126,0.42170364775302277,-0.028621911017677082,0.0,0.2265775410180542,0.05216219151060919,0.0007464785352526149,-0.018923003888896284
2017-02-20,561770.0,-0.06892619305630346,0.07995756497936882,0.9363956779464906,0.4009701479253075,-0.025960710330968362,0.0,0.43545045125229187,0.061536108351022634,0.005473461250042583,-0.020733499827715274
2017-02-21,597702.0,-0.06673522876184323,0.07863852846028105,0.9267762195876875,0.38205159092658214,-0.01678934609322269,0.0,0.502307169793643,0.0619997885269683,0.0021909642944602237,-0.018918556998725355
2017-02-22,662469.0,-0.0633610412911692,0.07636703392835284,0.9181999459597354,0.35294028852670845,-0.028508668770542034,0.0,0.6935962286537182,0.10288146232785422,0.0033741874706740282,-0.029111302399873695
2017-02-23,533266.0,-0.07415186120545335,0.08073708426724488,0.9272483150997813,0.4341735644125071,-0.027566941779920917,0.0,0.49182396777593174,-0.21695340272318475,-0.010790819914284142,0.08123327588579865
2017-02-24,603194.0,-0.06697865757039574,0.07788099418702535,0.9395882585038976,0.3948132773203977,-0.020560034541924566,0.0,0.43073041177465293,0.12321850810511137,0.007173203635057607,-0.03936028709210937
2017-03-01,642185.0,-0.058270582039426616,0.07661300405294041,0.8727485070501491,0.34134556241581476,-0.012897450898108342,0.46728902107648107,0.7027787942726784,0.06263755447836594,0.008708075530969125,-0.053467714904582964
2017-03-02,570234.0,-0.06727195614367693,0.07843106206528362,0.8876145582339882,0.4354159871210766,-0.030107926288202358,0.533117983143762,0.6959108015305997,-0.11882962127152474,-0.00900137410425031,0.09407042470526183
2017-03-03,606007.0,-0.061234235381787044,0.07694486677738117,0.8839221329126561,0.37068218683942594,-0.025726015499247912,0.5097927911723792,0.4633626344250149,0.06084473425620196,0.006037720761889881,-0.06473380028165066
2017-03-06,667768.0,-0.06023311936590041,0.07476200824947779,0.897892681290508,0.34184177738376204,-0.029189383462963958,0.4796051922224485,0.4281501958764122,0.09704927066522373,0.0010011160158866356,-0.028840409455663907
2017-03-07,709866.0,-0.06245356370995497,0.07352609458151071,0.941912980759749,0.36589440824042846,-0.03471632469267516,0.46044605601620586,0.4415100878193913,0.06113541200585715,-0.0022204443440545646,0.024052630856666424
2017-03-08,806572.0,-0.05839360208156126,0.07106454120644838,0.9586224168456133,0.3330552015195172,-0.036238459211868745,0.4759599886928879,0.5145021151242543,0.1277169483952445,0.004059961628393713,-0.032839206720911285
2017-03-09,624831.0,-0.06330066473867418,0.07635823863356107,0.9081575658057939,0.38705345925538265,-0.026775074260167897,0.6766021532222313,0.5502767948453262,-0.25531195505230997,-0.004907062657112923,0.053998257735865474
2017-03-10,661587.0,-0.05944000382853992,0.07477138722513672,0.9001824401023599,0.3750572487065193,-0.02366977603607845,0.6796868741374906,0.6155925071079087,0.05716028100975379,0.0038606609101342615,-0.01199621054886335
2017-03-13,709968.0,-0.06259465303237423,0.07318253391424566,0.9088325107610484,0.40800571293354065,-0.010037804181352805,0.6927171365469993,0.43923388096364907,0.0705784044156399,-0.003154649203834306,0.03294846422702136
2017-03-14,739913.0,-0.06470713141157894,0.07262845497807552,0.9324136756618684,0.39431933213769726,-0.014799557891301496,0.6914988654071492,0.4489054794279868,0.04131271312191487,-0.0021124783792047103,-0.01368638079584339
2017-03-15,816786.0,-0.059782687086586676,0.07031468647026898,0.9331489521123036,0.36563922496223,-0.014405085669757844,0.6430533824037141,0.4829110685050919,0.09884451492575863,0.004924444324992262,-0.028680107175467262
2017-03-16,409071.0,-0.06875916980820519,0.06981269535922363,0.9557362902772379,0.4460081501744196,-0.034339889996066186,0.0,0.873310501111054,-0.6914883915356853,-0.008976482721618516,0.08036892521218958
2017-03-17,467007.0,-0.06891332918140858,0.06779193515715642,0.9882764069917581,0.46430139162796275,-0.04124561369868274,0.0,0.5819441678604389,0.13245551174080816,-0.0001541593732033858,0.018293241453543163
2017-03-20,512071.0,-0.06439908544564404,0.06680630912761122,0.9819712500805552,0.4232108438087687,-0.02148397503472721,0.0,0.5217284321900674,0.0921190404505321,0.004514243735764534,-0.04109054781919402
2017-03-21,577143.0,-0.06378548839316996,0.06560835270118098,0.9670532259769242,0.39009916086654434,-0.027324168788336656,0.0,0.6744862191865794,0.11962678212415057,0.000613597052474088,-0.033111682942224385
2017-03-22,632509.0,-0.05694557414169463,0.06379806107679678,0.9702186055850589,0.3675742163352616,-0.007322633245520849,0.0,0.8772238813993161,0.09160438032484919,0.006839914251475329,-0.02252494453128273
2017-03-23,455679.0,-0.07173993276754936,0.06958064384205227,0.9709466532361597,0.4924914248846227,-0.03330466813147859,0.0,0.6120734113268331,-0.32790583549077645,-0.014794358625854737,0.12491720854936111
2017-03-24,497236.0,-0.06625015941183249,0.06870165816302275,0.9700041831243111,0.46461237722127924,-0.030594831050855364,0.0,0.4559464720977564,0.08727614822736562,0.005489773355716876,-0.02787904766334348
2017-03-27,561096.0,-0.05898391099000245,0.06661153935080921,0.9320134165989421,0.36218222906597086,-0.022959935282486077,0.0,0.5500003564452429,0.12082725139143768,0.007266248421830039,-0.10243014815530838
2017-03-28,581236.0,-0.05796588152600933,0.06607260224884555,0.9248274367038518,0.3582847586866608,-0.022928278885632092,0.0,0.8113984680921347,0.035264856712508674,0.0010180294639931184,-0.003897470379310042
2017-03-29,625959.0,-0.053426274848159615,0.06476567671108942,0.9284042565088129,0.33899185090397294,-0.020925808497146425,0.0,0.7798865420898173,0.0741280031575382,0.0045396066778497154,-0.019292907782687885
2017-03-30,524345.0,-0.061644510370363746,0.06759588345509052,0.9233996700645567,0.40398020387340394,-0.025197625950051483,0.0,0.46653825248643543,-0.17713500912810076,-0.008218235522204131,0.064988352969431
2017-03-31,571557.0,-0.055058030356498394,0.06621001174755682,0.9265340114809196,0.3759082646175272,-0.021558331430807876,0.0,0.4347247956021884,0.0862143511747906,0.006586480013865352,-0.028071939255876754
2017-04-05,687467.0,-0.0591756676877082,0.06325896143599098,0.9728205135664694,0.3714127369022804,-0.035125453792559935,0.3834627698493164,0.7204593093195746,0.1846496125944732,-0.004117637331209803,-0.004495527715246805
2017-04-06,571996.0,-0.06284478187007007,0.06648664732910141,0.9195728641459031,0.4495643326177106,-0.030087494190628172,0.4759333981356513,0.529692515332275,-0.18388183004033642,-0.0036691141823618767,0.07815159571543023
2017-04-07,611436.0,-0.05945640082934928,0.06482802927631438,0.9462396718544541,0.3678684277667654,-0.027687608182414003,0.443631058688072,0.9055060545993366,0.06667829063108144,0.0033883810407207907,-0.08169590485094519
2017-04-10,649705.0,-0.05799643077649566,0.06398797432294495,0.9374362210541708,0.35215828722266257,-0.028589815978483313,0.4285114013282951,0.3554859513163667,0.060708124737065106,0.0014599700528536222,-0.015710140544102857
2017-04-11,678133.0,-0.05253550362143481,0.06348883572147064,0.915004873675223,0.3489654684258103,-0.023638127744746495,0.4192850075132754,0.5764046285905567,0.042825020177760464,0.00546092715506085,-0.0031928187968522925
2017-04-12,739976.0,-0.04899723937383258,0.06180904909989777,0.9378398758878667,0.3331486426586808,-0.0018008327833052284,0.42458268916829733,0.6021114198298323,0.08727431934558005,0.0035382642476022297,-0.01581682576712945
2017-04-13,616975.0,-0.06117741330105832,0.06421704687485298,0.9408258033145589,0.43305482393938166,-0.024060963658470214,0.6190980185582884,0.5981749665707686,-0.18178924879392788,-0.012180173927225736,0.09990618128070083
2017-04-14,655529.0,-0.0522635318676928,0.06307514566522407,0.8742450753513574,0.3726074666414453,-0.013657757735851428,0.6167187111477905,0.7841315944832341,0.0606140388166132,0.008913881433365516,-0.06044735729793638
2017-04-17,678979.0,-0.05069165039631305,0.06230846331717386,0.8876754656624137,0.3700055524544942,-0.01197974558478443,0.6140793750616735,0.5566740650299936,0.03514765598284342,0.0015718814713797519,-0.002601914186951104
2017-04-18,711262.0,-0.052202341730675283,0.061487980943320225,0.8843675045201347,0.359469506314129,-0.015037100269223114,0.617039853106169,0.41441409775863186,0.04645065775759072,-0.0015106913343622339,-0.010536046140365185
2017-04-19,736859.0,-0.043340027149406685,0.060865810767575156,0.822664851755899,0.3029317684930224,-0.004143179314394119,0.5648217637295602,0.7518738320357083,0.03535570073656835,0.008862314581268599,-0.056537737821106604
2017-04-20,403049.0,-0.06110588979781976,0.06928643439136437,0.8930651111899546,0.42304781800723984,-0.04491891673042525,0.0,0.6671471706914047,-0.603338415094747,-0.017765862648413074,0.12011604951421745
2017-04-21,502029.0,-0.06249878512640342,0.06512003328454068,0.9416109427941414,0.43964193303574095,-0.03266405348750334,0.0,0.6622286760326594,0.21959974430269114,-0.0013928953285836584,0.01659411502850111
2017-04-24,536950.0,-0.05944198678911439,0.06477842502363465,0.9289803519880808,0.4143588788527796,-0.03271780571005212,0.0,0.6769699227116118,0.0672470933567535,0.0030567983372890295,-0.02528305418296134
2017-04-25,638363.0,-0.06318164643896,0.062476064239342224,0.9699434334383416,0.4278459121220998,-0.019479338448298078,0.0,0.7753691864973378,0.17300210675829497,-0.003739659649845614,0.013487033269320214
2017-04-26,739162.0,-0.059089782349496016,0.06148307012277482,0.9741382809181208,0.40550650601627247,-0.0006543938233339874,0.0,0.7275820456138167,0.14661002501716602,0.0040918640894639854,-0.022339406105827353
2017-04-27,529829.0,-0.07331695943067341,0.06769995908299725,0.9659361794088281,0.5009918294393096,-0.036571736868472815,0.0,0.4823971507788362,-0.3329627991029227,-0.014227177081177399,0.09548532342303717
2017-04-28,593091.0,-0.06993760837021555,0.06674526065084958,0.9614983198193869,0.4645374824436722,-0.037682333873581886,0.0,0.4688639685984107,0.11279353124595382,0.0033793510604578636,-0.03645434699563743
2017-05-02,668142.0,-0.06859806854748224,0.06645588889476409,0.957580873526885,0.4684393437323204,-0.03432861193791137,0.43964456657417134,0.5463090181428498,0.11915288157339532,0.0013395398227333127,0.0039018612886481674
2017-05-03,746356.0,-0.06420292530570727,0.06539766633300331,0.9791882158112215,0.42289470440379656,-0.005557826812370825,0.40837616365380597,0.4819067576330866,0.11070197237455837,0.004395143241774965,-0.04554463932852382
2017-05-04,597214.0,-0.07701665011295492,0.06840172907267261,0.9769211706356515,0.5229331529401521,-0.036883354535276136,0.5202239063384314,0.3890397746871306,-0.2229271900476597,-0.012813724807247642,0.10003844853635552
2017-05-05,654339.0,-0.06721002298060555,0.0673369014210037,0.9142844916778612,0.48600648899118043,-0.030297153316080738,0.4852163786661043,0.47810232922078616,0.09135005766179916,0.009806627132349366,-0.03692666394897165
2017-05-08,696824.0,-0.06770024930213538,0.06664264821987313,0.9624094462877283,0.4609729286017703,-0.03393796070341393,0.4696752695085129,0.4073496320448205,0.06290730232910136,-0.0004902263215298269,-0.025033560389410126
2017-05-09,745904.0,-0.063173726928645,0.06679995203257755,0.9537165640618632,0.4416104485295695,-0.03181691657892505,0.4551470430511165,0.6790525322293486,0.06806403748197454,0.0045265223734903826,-0.019362480072200816
2017-05-10,832920.0,-0.0626646401026324,0.0652866068610909,0.9744069058252893,0.4035873793401527,-0.006853712561394443,0.4521694760601258,0.49007347644431637,0.11034069354360554,0.0005090868260125975,-0.03802306918941678
2017-05-11,690998.0,-0.07563751621405634,0.06758466547043647,0.9941504895817354,0.5722824089215888,-0.040142058975271566,0.6532971151870194,0.5351694216191654,-0.18680066973201725,-0.012972876111423948,0.16869502958143606
2017-05-12,726804.0,-0.07201813073168772,0.06713633680959391,0.9604556386591158,0.46854172514185394,-0.018706655371779957,0.6595134314065415,0.30143339882554304,0.050519910676721125,0.00361938548236862,-0.10374068377973483
2017-05-15,763378.0,-0.07345989773839229,0.0670565901909459,0.9830162776501288,0.5218515597777248,-0.023595122758005016,0.6609202780273993,0.35978637057918883,0.04909648136787048,-0.001441767006704564,0.053309834635870856
2017-05-16,788439.0,-0.07134499239968749,0.06710489762554808,0.9787605635946471,0.5090729910620859,-0.023076332628552687,0.6555573734937008,0.3201680789509398,0.0323017198785287,0.0021149053387048006,-0.012778568715638872
2017-05-17,851166.0,-0.06662554915167507,0.06605995597105953,0.988165645714232,0.4810213283895268,-0.021337831184770395,0.6089528952049307,0.4777035266916207,0.0765521328499954,0.00471944324801242,-0.028051662672559097
2017-05-18,448547.0,-0.0779498010050022,0.07746652896826794,0.9598302964906688,0.4667559921256858,-0.03705821284022692,0.0,0.7877881247673042,-0.6405937044152541,-0.011324251853327139,-0.014265336263841022
2017-05-19,512012.0,-0.0716253025190672,0.0751727033697761,0.9388822918212855,0.43770653812801263,-0.024892386319541826,0.0,0.381373874049827,0.13233459249951807,0.006324498485935012,-0.02904945399767317
2017-05-22,559751.0,-0.07150884172410933,0.07371561409875477,0.9530505528350999,0.4056482257289402,-0.029734147156320834,0.0,0.3971658826871234,0.08914397972425014,0.00011646079495786221,-0.03205831239907242
2017-05-23,608536.0,-0.06825146742282459,0.07308530547566035,0.9844282014539814,0.4369716828585326,-0.030759884250747382,0.0,0.4450040753546216,0.0835640305619414,0.0032573743012847406,0.03132345712959239
2017-05-24,689245.0,-0.06518871779669386,0.07128948085895395,0.9784010039971273,0.39473917112202483,-0.004422355895113861,0.0,0.39830394126906976,0.12454072306466912,0.003062749626130734,-0.04223251173650777
2017-05-25,569638.0,-0.07829415275934576,0.07579119926219391,0.980220771788399,0.5356559780070852,-0.030517911181590862,0.0,0.6236346592046177,-0.19059572426004934,-0.013105434962651902,0.14091680688506036
2017-05-26,640966.0,-0.07153167102858765,0.07409696111409855,0.9715117494531691,0.424755759275843,-0.029890268710496604,0.0,0.44626080010484176,0.11797534203653548,0.0067624817307581075,-0.11090021873124217
2017-05-31,671993.0,-0.0642541637515236,0.07328043101879635,0.9536617196905325,0.41105190083825277,-0.023974376339545356,0.0,0.47367904129953736,0.04727151041002742,0.007277507277064055,-0.013703858437590255
2017-06-01,587338.0,-0.07736196720611359,0.07437301209975263,0.9677613231222908,0.47317047424140785,-0.02849291493761541,0.6147976122777685,0.34991776455805684,-0.13464746048932064,-0.013107803454589992,0.062118573403155075
2017-06-02,642115.0,-0.07721762728922511,0.07357507276451077,0.9661119892854084,0.49661042025182406,-0.03472336452096181,0.5812992999696316,0.41583516971259044,0.0891669520614542,0.00014433991688847514,0.023439946010416213
2017-06-03,665306.0,-0.07480693797077914,0.07359839706561053,0.9498230889244949,0.4758622348212702,-0.03525740415331524,0.5660688465157386,0.20412562039121848,0.035479669820713156,0.0024106893184459716,-0.020748185430553845
2017-06-05,730947.0,-0.07494196418782212,0.07261843374342182,0.9924700422876077,0.4966748615152672,-0.04173723261535334,0.5338266659552607,0.463698462405619,0.09409386850622958,-0.00013502621704297724,0.020812626693996972
2017-06-06,750720.0,-0.0713767790282229,0.07251195386426211,0.9911778026427962,0.42340686274509803,-0.039797456051137714,0.5258764919011083,0.2509364343563512,0.026691792323751073,0.0035651851595992212,-0.07326799877016915
2017-06-07,835411.0,-0.06596436510391161,0.07111687041123677,0.9896589822255153,0.38519842329105075,-0.0009784534558799907,0.48097762658140725,0.4797291393098726,0.10689107329631398,0.005412413924311285,-0.03820843945404728
2017-06-08,651209.0,-0.08133165803003801,0.0745732939121722,0.989385896079446,0.5624830123662296,-0.04163789950497665,0.6185295350647795,0.2873470729059334,-0.24909318408972325,-0.015367292926126402,0.1772845890751788
2017-06-09,693208.0,-0.07495328518887258,0.07423168046691232,0.9027651152323689,0.46963249125803513,-0.019574201075527098,0.5818657603489862,0.3782630898662451,0.062499463224110485,0.006378372841165436,-0.09285052110819442
2017-06-12,731660.0,-0.06458230217565607,0.07350470122101789,0.9179714621545526,0.4531394363502173,-0.010876403071822138,0.5657040155263374,0.501726211628352,0.053985826726581365,0.010370983013216512,-0.016493054907817828
2017-06-13,768189.0,-0.06397581484722646,0.07256002442575228,0.917084207141732,0.4364303576333428,-0.012652853680089615,0.552339333158897,0.3254121056146339,0.04871987143923384,0.0006064873284296057,-0.016709078716874493
2017-06-14,787007.0,-0.059895275097212465,0.07167263828547116,0.8900708634103636,0.38641968877023963,-0.027049995730933585,0.5740990867933831,0.9799620587872789,0.024201346292487713,0.0040805397500139964,-0.05001066886310318
2017-06-15,690590.0,-0.07060151781257343,0.07243240453429332,0.9299555452584022,0.44856282309329704,-0.008757626371012184,0.7167479980885909,0.45240736182105157,-0.1306908382251848,-0.010706242715360963,0.0621431343230574
2017-06-16,762612.0,-0.07138136170470365,0.07095475265950411,0.9631188599182808,0.4798023110048098,-0.015431147623300001,0.7300632562823559,0.5159255296271236,0.09920307825201213,-0.0007798438921302192,0.031239487911512764
2017-06-19,822369.0,-0.07479820293904485,0.07071815547392524,0.9889185998013057,0.5104253686605404,-0.024447349423448395,0.7368772412384221,0.4911517822291453,0.0754398164970258,-0.003416841234341203,0.030623057655730646
2017-06-20,879535.0,-0.07659127529479967,0.0708292257694051,0.974310288959507,0.5662480742665158,-0.050797814122966134,0.7329259210832997,0.6002273928837397,0.06720415928614543,-0.0017930723557548212,0.055822705605975353
2017-06-21,1021259.0,-0.07107250165267495,0.06915612169003317,0.9693564512038572,0.5086946602184167,-0.004803994697440972,0.6826378029471466,0.5905573414775293,0.14939810014081978,0.005518773642124719,-0.057553414048099105
2017-06-22,433986.0,-0.08041513796204955,0.06961958597658612,0.9873982110021983,0.5349296981930293,-0.057607129875200225,0.0,0.7893595645942496,-0.8557791833492931,-0.009342636309374597,0.026235037974612574
2017-06-23,503265.0,-0.07166865065610714,0.06791674037050141,0.9866869343188976,0.4739034107279465,-0.026759301193906238,0.0,0.47616861891846246,0.14810459481943283,0.008746487305942408,-0.06102628746508276
2017-06-26,631871.0,-0.07100837716278341,0.06602222086991734,0.9904537476795106,0.4363865409237012,-0.015594504829769096,0.0,0.9970357873679913,0.22756838905370635,0.000660273493323732,-0.03751686980424529
2017-06-27,667964.0,-0.06840575287938028,0.06593735007573646,0.9778580881604397,0.4257624662406956,-0.015416578672496128,0.0,0.4985059075039972,0.055549020480114564,0.002602624283403132,-0.010624074683005635
2017-06-28,702822.0,-0.058108955271491326,0.06485021189547757,0.8991892684065098,0.37487728044938834,0.0009094802488800457,0.0,0.9921075322058786,0.05086937931215907,0.010296797607888951,-0.05088518579130724
2017-06-29,526504.0,-0.07649683255706238,0.06862897443107839,0.9664560953003206,0.562029918101287,-0.04045904439316228,0.0,0.6345782748089284,-0.28884473029489754,-0.018387877285571057,0.18715263765189866
2017-06-30,582865.0,-0.07076304859158644,0.06708060951163199,0.9454624998927711,0.4673003182555137,-0.038005516076370816,0.0,0.563826958215024,0.10169666975809122,0.0057337839654759415,-0.09472959984577328
2017-07-03,623710.0,-0.06932590724856234,0.06628650149656128,0.9771464302319989,0.4429783072261147,-0.030039019321430716,0.4198409517243591,0.45299898991518495,0.06772991810871964,0.0014371413430240981,-0.024322011029399015
2017-07-04,650464.0,-0.06253058626235852,0.06595127442541539,0.9115031731194962,0.4389374354307079,-0.03360914128441084,0.4190285703743789,0.6210874083730998,0.04200043762364025,0.0067953209862038205,-0.004040871795406797
2017-07-05,765032.0,-0.06078278482338594,0.06328703658061875,0.9840032835227808,0.3845420845141118,-0.005265843904586287,0.3667742002948896,0.8702577147099729,0.16223170864049052,0.0017478014389725807,-0.054395350916596086
2017-07-06,587646.0,-0.0720851995828683,0.06606582886896965,0.974450604615704,0.5009206222793995,-0.035512432244748426,0.4795982615384092,0.4775579175217733,-0.2637929372340846,-0.011302414759482356,0.11637853776528767
2017-07-07,616008.0,-0.06501330299921293,0.06556375362599495,0.9226503551901923,0.4273321125699666,-0.028866930491150522,0.45988526123037365,0.4925812651783743,0.04713522467921827,0.007071896583655368,-0.07358850970943287
2017-07-10,665710.0,-0.060890969549387976,0.06480624922638673,0.9090294572711841,0.39911372819996693,-0.028174201717993674,0.43142058854456145,0.4738114193868201,0.0775941898132384,0.004122333449824954,-0.028218384369999683
2017-07-11,759469.0,-0.06506644091378323,0.06371424365747044,0.987466242861789,0.40999303460707415,-0.03989892055835631,0.401978224259318,0.6845098351611455,0.13176536460087362,-0.004175471364395257,0.010879306407107214
2017-07-12,850771.0,-0.06159280070849377,0.0630275779688542,0.9725543066230513,0.38598870906507154,-0.0019845154059043857,0.40902193422201744,0.6140018876995103,0.11352349230234182,0.003473640205289466,-0.024004325542002602
2017-07-13,666865.0,-0.07716923773453327,0.06603564153660395,0.985893696625254,0.562782572184775,-0.04399076495078935,0.6608384005758287,0.6484940730132785,-0.24355537054900722,-0.015576437026039502,0.17679386311970346
2017-07-14,711911.0,-0.07258031692585279,0.06537024447108887,0.9732887959309521,0.5301210404109502,-0.02335428014986718,0.6712060917727075,0.283088756881127,0.06536527696920125,0.00458892080868048,-0.0326615317738248
2017-07-17,768274.0,-0.06939888771212571,0.06501063470600123,0.9785350018352827,0.49552503403733567,-0.024627206780944766,0.6845005818236722,0.45589984823123003,0.07619353675460161,0.003181429213727077,-0.03459600637361454
2017-07-18,809761.0,-0.06892204295042502,0.06458633997997276,0.9758052067214894,0.47827074902347727,-0.007752884672262761,0.6832867969684883,0.3395804441063474,0.052592702045387796,0.0004768447617006927,-0.017254285013858395
2017-07-19,934604.0,-0.06311216165091994,0.06380374935645083,0.9857543943745158,0.41814608112098817,-0.0005806150712444058,0.6578411819337388,0.7085642689310125,0.14338376776419537,0.005809881299505076,-0.060124667902489104
2017-07-20,429193.0,-0.08334936256922054,0.07612074591526713,0.9585967152306771,0.5258753055152344,-0.023750019048780158,0.0,0.5779194907652269,-0.7782162089523261,-0.0202372009183006,0.10772922439424626
2017-07-21,480542.0,-0.07313354905485975,0.0743601773376564,0.9393434913077316,0.49304535295562096,-0.017888796267019336,0.0,0.5168913435246034,0.11300793232873652,0.010215813514360794,-0.03282995255961346
2017-07-24,542412.0,-0.06921445985345107,0.07230436867078587,0.9692705913585983,0.44788279020375654,-0.020196381322362122,0.0,0.5585016555680922,0.12111122673584163,0.003919089201408682,-0.04516256275186442
2017-07-25,571866.0,-0.06690002798260841,0.07158401140363695,0.9656772740467172,0.42888718685845983,-0.02037149424408513,0.0,0.45284559669572944,0.05287883792576764,0.0023144318708426537,-0.018995603345296708
2017-07-26,634111.0,-0.059427024723207475,0.06989865751101793,0.9293861800221097,0.35618842757813696,-0.016230752914596414,0.0,0.82611088594899,0.10331931977603581,0.007473003259400937,-0.07269875928032288
2017-07-27,542837.0,-0.07515728261539899,0.07250274086795369,0.9732276908169487,0.4805752002903266,-0.048377626596703416,0.0,0.7680556041684704,-0.1554149272694758,-0.015730257892191513,0.12438677271218962
2017-07-28,575573.0,-0.06776452445147464,0.07097060348544641,0.9443823806884618,0.47993043454088363,-0.03099380699507337,0.0,0.6784995126595584,0.058556975630725816,0.007392758163924346,-0.0006447657494429437
2017-07-31,625476.0,-0.06555205942737409,0.0700706267629801,0.9375339741253061,0.46050048283227496,-0.0170062710204818,0.0,0.5225987887624785,0.08314689352797444,0.0022124650241005517,-0.019429951708608673
2017-08-01,677319.0,-0.062276323773543814,0.06932548573956786,0.9094473948021538,0.43072909515309626,-0.017944313131090572,0.3585858362160223,0.5748325382869814,0.07962939852274609,0.0032757356538302765,-0.029771387679178696
2017-08-02,791630.0,-0.06204237089093959,0.06704112460102073,0.9857319707439082,0.3769791442972096,-0.0018318761663119743,0.32848174020691484,0.6478506372926746,0.1559517525495142,0.00023395288260422142,-0.053749950855886686
2017-08-03,610180.0,-0.07511254187046304,0.0690111569707816,0.9632141335343669,0.5111491690976433,-0.0448792154255826,0.43602707397817037,0.6664148284112885,-0.26034011533210055,-0.013070170979523447,0.13417002480043372
2017-08-04,674927.0,-0.07353617687807619,0.06782512671687585,0.9900241063107565,0.47479060698416276,-0.04821368744860355,0.4089375591730661,0.3394781954196528,0.10085054126949977,0.00157636499238685,-0.03635856211348054
2017-08-07,761890.0,-0.07269665471130995,0.06733800955797598,0.9746656341466616,0.5029374319127433,-0.054765024037325416,0.38899447426793893,0.49867828689180854,0.12119765143484962,0.000839522166766235,0.02814682492858056
2017-08-08,804819.0,-0.06977581001204716,0.06734542133093793,0.9704778341465596,0.4856967839973957,-0.025449026726350743,0.38270095512158636,0.5048538864017872,0.05481521910590459,0.0029208446992627923,-0.01724064791534763
2017-08-09,837991.0,-0.06217084241919119,0.06722648520014997,0.9089429361413189,0.4203804098134705,-0.016272570814048648,0.41039581570685124,0.744898214897296,0.04038995315090688,0.00760496759285597,-0.06531637418392516
2017-08-10,717231.0,-0.06636880504914869,0.06866255394240675,0.8802101415025285,0.5126423704496877,-0.012559851458023075,0.612862522674006,0.86842872101178,-0.15560939612322855,-0.004197962629957495,0.09226196063621722
2017-08-11,786287.0,-0.06803296073924178,0.06724424698289219,0.9101867384301152,0.5188881413529666,-0.031905490741628184,0.6105671338836837,0.5941151259018653,0.09192390128656669,-0.0016641556900930943,0.0062457709032788244
2017-08-14,813324.0,-0.05907016303961686,0.0677608566435309,0.8479130088378063,0.45236953538811103,-0.022031670526381775,0.6038393063526959,0.5346368728821478,0.03380768841251225,0.008962797699624922,-0.06651860596485554
2017-08-15,864541.0,-0.06572088140364124,0.06712851672877655,0.92198519214242,0.4433022841021999,-0.030177012091753053,0.5931945390675515,0.49972644443699027,0.06106917611324825,-0.00665071836402438,-0.009067251285911127
2017-08-16,957313.0,-0.06131797392712895,0.06569159799975624,0.8820302241795526,0.42062418456659423,-0.028219532981743067,0.5536068140723045,0.7774197153908909,0.10193167146341686,0.0044029074765122925,-0.022678099535605678
2017-08-17,577660.0,-0.08310760344574274,0.07420362919388157,0.9581051137347228,0.54269639580376,-0.03562125760774293,0.0,0.6574628674306685,-0.5051449414201219,-0.02178962951861379,0.12207221123716572
2017-08-18,640682.0,-0.07600228812822704,0.07275160024447104,0.9531827021829863,0.5255602623454382,-0.031132615660966145,0.0,0.5365251403972642,0.10354777367843226,0.007105315317515695,-0.017136133458321767
2017-08-21,697901.0,-0.07285379916808964,0.07186658547938686,0.9492879362545691,0.49952070565882556,-0.03160736714379364,0.0,0.36292110199011035,0.08554402491368229,0.003148488960137405,-0.02603955668661262
2017-08-22,780372.0,-0.07210719998679053,0.07095700462304258,0.9291735223713818,0.4559030821198095,-0.03772780591354752,0.0,0.48461631119517357,0.11169347017677822,0.0007465991812991013,-0.04361762353901605
2017-08-23,889887.0,-0.06661898243008281,0.06952963102679802,0.9417982283143815,0.4079304451014567,-0.03909074923055189,0.0,0.6389260658937596,0.13132375930425333,0.005488217556707725,-0.047972637018352804
2017-08-24,704132.0,-0.08491377562506656,0.0734223051268164,0.9599265478631848,0.5457400032948367,-0.046616633107572025,0.0,0.5411826191679969,-0.23412864979103531,-0.018294793194983755,0.13780955819338003
2017-08-25,790698.0,-0.08088220892391762,0.07263888886886193,0.9856051235743609,0.49765776567033176,-0.0490237753565923,0.0,0.42811794136320064,0.11595026108724404,0.004031566701148945,-0.048082237624504975
2017-08-28,832811.0,-0.07859727224660262,0.0724175615654759,0.9801827785656049,0.47647425406244637,-0.04996969403323959,0.0,0.3112254761284373,0.0518906259975811,0.002284936677314997,-0.021183511607885397
2017-08-29,857148.0,-0.0753861220042128,0.07247174141241934,0.9298942539678096,0.47368832453671944,-0.04730783484509704,0.0,0.40237041911081867,0.028803873469939845,0.0032111502423898264,-0.0027859295257269268
2017-08-30,983890.0,-0.07375063969384366,0.07094920018928216,0.9833202898698025,0.5002784864161645,-0.0018354873502752778,0.0,0.5485003404852169,0.13790350304867616,0.0016354823103691407,0.026590161879445018
2017-08-31,755773.0,-0.09085739015280143,0.07394887263787968,0.9780211783167697,0.6426651917970079,-0.05533649858583878,0.0,0.35772646019373544,-0.26377303564471255,-0.01710675045895778,0.14238670538084341
2017-09-01,815342.0,-0.0869356510669734,0.07385233565696059,0.962771450507885,0.611602247891069,-0.05614253002882541,0.5285597945402052,0.31681184092074244,0.0758665905810183,0.003921739085828033,-0.03106294390593889
2017-09-04,848322.0,-0.08301181463265399,0.0737375227959683,0.9602143997208608,0.6006268846027806,-0.05391457037787606,0.5111526047892192,0.292930043073267,0.039652623576927226,0.003923836434319414,-0.010975363288288409
2017-09-05,877724.0,-0.08530596398849334,0.07312185230375105,0.9812492309655427,0.5889562094690358,-0.05818885950438135,0.5007621985954582,0.3408053100974794,0.03407191272049381,-0.0022941493558393533,-0.011670675133744757
2017-09-06,966796.0,-0.07501324742446511,0.0725035596563138,0.9156792125743176,0.5600767897260642,0.00020288475577023846,0.4638744885167088,0.6013605765849259,0.09665531804112248,0.010292716564028234,-0.02887941974297159
2017-09-07,842547.0,-0.08464051746185712,0.07283834315070123,0.9593423274903359,0.6404627872391688,-0.051099254069123634,0.543752455352639,0.37407408726160085,-0.13755806443973917,-0.009627270037392013,0.0803859975131046
2017-09-08,932044.0,-0.08562699515194765,0.07160841103337226,0.9867699378999275,0.6061226723201909,-0.05748848957817909,0.5080586324250786,0.3879720270716833,0.10095057685098396,-0.0009864776900905259,-0.034340114918977926
2017-09-11,972755.0,-0.07979840579831356,0.07185831321856143,0.9567702042138051,0.5863316045664119,-0.05411949875900479,0.4885618680962832,0.42614224547804946,0.04275222804662526,0.005828589353634089,-0.019791067753779035
2017-09-12,1034314.0,-0.07961857857419549,0.07173782781671052,0.9768339208402864,0.5574177667516828,-0.057524021356505695,0.4711673631025008,0.37368826101164637,0.06136143209852207,0.00017982722411806484,-0.028913837814729115
2017-09-13,1081160.0,-0.07114763825789977,0.07155299299625378,0.9261432165451922,0.5415322431462504,-0.05059205079712281,0.4850077694328314,0.5240741425875911,0.044296133770682644,0.008470940316295722,-0.015885523605432383
2017-09-14,908874.0,-0.08438954239835357,0.07253602337695272,0.9723713077940397,0.6254134236428812,-0.01455147405096091,0.6353344908095071,0.26992080310362054,-0.173583347079175,-0.0132419041404538,0.08388118049663085
2017-09-15,948894.0,-0.08484849861055742,0.0719771925637684,0.9702611672115115,0.6101640436128798,-0.017051324098026455,0.6381766561913133,0.32381699114969636,0.04309062514044726,-0.0004589562122038482,-0.015249380030001425
2017-09-18,1025345.0,-0.0836645235168136,0.07207485087071577,0.9669525866903335,0.5728754711828702,-0.021781354964506616,0.6405541549429704,0.39600232116994766,0.07748732445746498,0.001183975093743822,-0.0372885724300096
2017-09-19,1063512.0,-0.07727200881110813,0.07234465170165387,0.9268122973694702,0.5591446076772053,-0.016654469399988936,0.6325156650794725,0.39773975281896207,0.036547497768301795,0.006392514705705468,-0.013730863505664881
2017-09-20,1142401.0,-0.06964622978268843,0.0715072215450391,0.930121734837417,0.45519217857827504,-0.0018223871275014902,0.5912004628847489,0.678646114630502,0.07155554886055882,0.007625779028419696,-0.10395242909893027
2017-09-21,566552.0,-0.07611711153797941,0.06681658266321337,0.9423671613550036,0.5748104322286393,-0.054681030473302306,0.0,0.5778798768692017,-0.7013185989761741,-0.00647088175529098,0.11961825365036421
2017-09-22,620286.0,-0.0633288019632249,0.06551175456599038,0.8429434164240367,0.4707925053926737,-0.043032896701143075,0.0,0.7626304640117623,0.09061179404114306,0.012788309574754506,-0.10401792683596556
2017-09-25,666204.0,-0.0526716893308853,0.06457322988309556,0.7770172499714803,0.415671476004347,-0.03249744337449412,0.0,0.8183694483971876,0.07141526794445063,0.010657112632339608,-0.05512102938832669
2017-09-26,704964.0,-0.04535421994522022,0.06385678789504735,0.7322544129913017,0.362502198693834,-0.025057960304259996,0.0,0.7854443631164144,0.056550807734183195,0.007317469385665076,-0.05316927731051302
2017-09-27,800878.0,-0.048385846060804934,0.06087019470906672,0.844408261932529,0.37974697769198307,-0.0025835989882517785,0.0,0.699554738674305,0.1275618881764089,-0.003031626115584711,0.01724477899814908
2017-09-28,641141.0,-0.05828880312673387,0.06246043886248143,0.82546896860441,0.42161864550855427,-0.028791476673999394,0.0,0.4661657888046467,-0.2224592243252559,-0.009902957065928933,0.0418716678165712
2017-09-29,676774.0,-0.059814501674189294,0.061480197414244285,0.8820389081140824,0.46771595835537416,-0.03194016615778994,0.0,0.3688129272105607,0.054087989948614634,-0.0015256985474554272,0.04609731284681989
2017-09-30,711652.0,-0.06147259599981249,0.06124647609382329,0.8769876287848555,0.4430311444357635,-0.036974404705728325,0.0,0.31669833008268083,0.050251636404503586,-0.001658094325623194,-0.024684813919610638
2017-10-02,772084.0,-0.06438390645325874,0.060952214207574545,0.9213375746680413,0.47421135524113955,-0.044448436526531854,0.39849031970614596,0.523041534340823,0.08150432451278888,-0.002911310453446253,0.03118021080537603
2017-10-03,827414.0,-0.061063292273943214,0.06065883320217532,0.9141844348778242,0.44289678443922875,-0.006624097962146691,0.37515681388035493,0.4154425716751227,0.06921182196219533,0.003320614179315527,-0.0313145708019108
2017-10-05,926954.0,-0.060006661838151135,0.059869988086861295,0.9721658248413622,0.4072176181342332,-0.0017369776588735952,0.3409165934879185,0.5019321347121863,0.1135987675387149,0.0010566304357920789,-0.03567916630499557
2017-10-06,729937.0,-0.07195919978352329,0.06314068988992527,0.9632899825601388,0.5718575712698493,-0.05058574112701164,0.4458288866025424,0.41292878700490593,-0.2389457128482544,-0.011952537945372155,0.16463995313561608
2017-10-11,879421.0,-0.07083491800156781,0.06282123026425335,0.9709467934015676,0.5375900734687937,-0.06025547894549388,0.45016095817589075,0.823188211334503,0.18630550733131912,0.0011242817819554773,-0.034267497801055535
2017-10-12,799905.0,-0.08127904857878011,0.06420078998797783,0.9893387339746595,0.5843768947562523,-0.01973964284914076,0.5812415224307886,0.44207374625736806,-0.09477076576312626,-0.010444130577212302,0.04678682128745859
2017-10-13,858744.0,-0.07855526829560815,0.06413866613602959,0.9866630800331647,0.555482192597561,-0.011571144964281355,0.591277493641877,0.30485802520890976,0.0709778859959993,0.002723780283171967,-0.028894702158691277
2017-10-16,921180.0,-0.07857661536941955,0.06440092911765381,0.9887285872467921,0.5767797824529408,-0.016169166927319845,0.5988851255997742,0.37193165288000174,0.07018460028627516,-2.1347073811406325e-05,0.021297589855379773
2017-10-17,940829.0,-0.07345220175734717,0.06487579808089151,0.955176764321678,0.5190496891571157,-0.0021588805528226507,0.5864827721084278,0.33298293313662736,0.02110594460035564,0.005124413612072387,-0.057730093295825124
2017-10-18,1015553.0,-0.06961619303797956,0.06424685643452387,0.9668879910748134,0.4881340511031921,-0.0018917416336141635,0.5436811274251565,0.618227704511729,0.07642716919821346,0.003836008719367609,-0.03091563805392361
2017-10-19,590887.0,-0.08389866921108514,0.07192757954938855,0.9615307156867556,0.5816560526801233,-0.02418986848867466,0.0,0.5535813108090041,-0.5415637729262812,-0.014282476173105588,0.09352200157693125
2017-10-20,661487.0,-0.07553168077099741,0.07104297304228845,0.9328588468102925,0.4900852170942135,-0.021333074840989896,0.0,0.447003493643866,0.11286553328538318,0.008366988440087736,-0.09157083558590984
2017-10-23,710239.0,-0.07356668594022854,0.07042587280043103,0.937918081096645,0.47146101523571643,-0.01725257354071319,0.0,0.44258059610919703,0.07111120205343013,0.001964994830768868,-0.018624201858497058
2017-10-24,757063.0,-0.07215684698978021,0.06977970447540764,0.9350965507494092,0.5068257199202708,-0.022690338037450575,0.0,0.34699490002813504,0.06384494011429176,0.0014098389504483277,0.03536470468455438
2017-10-25,823276.0,-0.06966950908618232,0.06879007261038075,0.969289764307474,0.4843272486990997,-0.004703936628476457,0.0,0.5518173735175081,0.08384502967745355,0.002487337903597897,-0.0224984712211711
2017-10-26,670719.0,-0.08205366356359016,0.06974503776190276,0.9513507146808127,0.54555186300075,-0.021869142859272106,0.0,0.36944234470769427,-0.2049412315853676,-0.012384154477407844,0.06122461430165027
2017-10-27,744693.0,-0.07540007643091104,0.06907968899737467,0.9422003429601191,0.5136452202451212,-0.019526365869806273,0.0,0.5794978601920523,0.10462178159778901,0.00665358713267912,-0.03190664275562882
2017-10-30,824081.0,-0.0734365359362784,0.0686167358889016,0.945691018237285,0.5179430177373341,-0.023879622975828574,0.0,0.535113659943622,0.1012967731349903,0.00196354049463264,0.004297797492212929
2017-10-31,901156.0,-0.07266852284087702,0.06803840808263893,0.9304992698267559,0.48937475864334257,-0.02721932961514939,0.0,0.4586309140703718,0.08940955752654745,0.0007680130954013792,-0.02856825909399152
2017-11-01,973914.0,-0.07025338793496369,0.06727773831469464,0.9766170318939865,0.4688535127331571,-0.02834997168334208,0.3652016502483792,0.5046431204397924,0.07764462048068843,0.00241513490591333,-0.02052124591018545
2017-11-02,781868.0,-0.0827132377275215,0.06836456906826548,0.9425516839159551,0.5845628673893803,-0.026742339767029888,0.47202085262473975,0.31711235144551253,-0.2196370757129884,-0.012459849792557806,0.11570935465622323
2017-11-03,834221.0,-0.08096872876493219,0.06813118105096423,0.9824351101206994,0.5609280993885314,-0.02784708867978858,0.444225211304918,0.2971514742496293,0.06481242692184885,0.0017445089625893057,-0.02363476800084896
2017-11-06,891469.0,-0.0772638021789563,0.06778516029287679,0.9360202093398649,0.5473022617724228,-0.026533001921902,0.4174850723917489,0.3700453969795921,0.06637230857864829,0.00370492658597589,-0.013625837616108583
2017-11-07,957890.0,-0.07843637717462679,0.0676178556971049,0.9697376525488313,0.5247022100658739,-0.031395694230992754,0.39557673636847657,0.38844543736754744,0.0718622849874091,-0.0011725749956704862,-0.022600051706548885
2017-11-08,1013355.0,-0.07413879430018726,0.06738324893818619,0.9753462508202949,0.5057625412614533,-0.0017552470239827755,0.40328710076922697,0.34219301232046023,0.0562889382512477,0.004297582874439529,-0.018939668804420662
2017-11-09,857922.0,-0.08006997699948695,0.06742752144793283,0.9403722016686832,0.6056669487435921,-0.022643943603763095,0.5316473991808113,0.4711943510016062,-0.16650870081795155,-0.005931182699299695,0.0999044074821388
2017-11-10,909497.0,-0.07633570199009757,0.06706303868920349,0.9422076158579963,0.5221457574901291,-0.021678668961218395,0.5428714993012621,0.37727337198473443,0.05837851317249765,0.0037342750093893873,-0.08352119125346291
2017-11-13,950681.0,-0.07042221789498447,0.06697120460220002,0.8971179607039586,0.5080053140853767,-0.017214655295060277,0.5477094840435435,0.25472477097996066,0.04428687045419899,0.005913484095113095,-0.0141404434047524
2017-11-14,967783.0,-0.07037836141996384,0.06651625919042209,0.9126477733128191,0.5047102501283862,-0.01751444253769474,0.5438863877542797,0.36740467646156216,0.01782931870094373,4.385647502062884e-05,-0.0032950639569905293
2017-11-15,1006657.0,-0.0661298176908823,0.0655459214287262,0.9182114662690469,0.4666405737008733,-0.012289935234439997,0.49035868225224677,0.5536076339805912,0.03938233041348127,0.004248543729081539,-0.03806967642751291
2017-11-16,628804.0,-0.08002590005014312,0.07002665967354725,0.9421775306772857,0.5475108300837781,-0.05882707265102072,0.0,0.4107623361174547,-0.4705706165877732,-0.01389608235926082,0.08087025638290479
2017-11-17,735844.0,-0.07739199911701043,0.06934073708204284,0.9680747549752393,0.5325150439495328,-0.06556378274731722,0.0,0.4929346437560135,0.15719853732325895,0.0026339009331326907,-0.014995786134245348
2017-11-20,775248.0,-0.07195230726984478,0.06898611190961623,0.9323313313933089,0.5144934266196107,-0.06231392792007162,0.0,0.32201695457453616,0.05216483842308861,0.005439691847165654,-0.018021617329922024
2017-11-21,878601.0,-0.07387186900306857,0.06818096732085606,0.9564091094820061,0.5126832316375692,-0.07229081085493971,0.0,0.5715677537357685,0.12514789155113348,-0.0019195617332237874,-0.0018101949820414909
2017-11-22,989149.0,-0.07048899255061447,0.06761439294631555,0.9701763839421563,0.46206385488940493,-0.0020873007293078505,0.0,0.664942288775503,0.11851410778917604,0.003382876452454095,-0.0506193767481643
2017-11-23,746733.0,-0.08886197950795621,0.07066840065729607,0.979490661320713,0.6436892436787982,-0.07872905145021869,0.0,0.28341455379633684,-0.2811372859838617,-0.01837298695734174,0.18162538878939327
2017-11-24,788174.0,-0.08574662975125596,0.07034281031676676,0.9791721117418235,0.6177734865651493,-0.0418358425257207,0.0,0.19426294193921648,0.05401118614448386,0.0031153497567002475,-0.025915757113648907
2017-11-27,823945.0,-0.07508769779718702,0.07024924058788877,0.9266079653374922,0.5584608195935409,-0.03264182726517617,0.0,0.4608086704816462,0.04438490244373838,0.010658931954068945,-0.05931266697160842
2017-11-28,846681.0,-0.07034261238591799,0.07002063374773296,0.9124936073916858,0.4978285800673453,-0.028679181139191212,0.0,0.48626814585422373,0.02722022022609849,0.004745085411269029,-0.060632239526195564
2017-11-29,918116.0,-0.06695366132998132,0.06890581703939219,0.928840146561001,0.46387820275433606,-0.0012647535130745347,0.0,0.522619146164537,0.0809997439582677,0.003388951055936673,-0.03395037731300926
2017-11-30,830938.0,-0.0636247273151022,0.06797631353258937,0.8466961433945733,0.47925115953296155,-0.015192548795315397,0.0,0.5769407585162792,-0.09976856112617227,0.0033289340148791174,0.01537295677862549
2017-12-01,906093.0,-0.06517074954224612,0.06662710700081921,0.9113634030943844,0.4562147594121133,-0.01890217039593911,0.5783059796290226,0.7172784692079069,0.08658676661442222,-0.0015460222271439228,-0.023036400120848233
2017-12-04,949687.0,-0.06842649042686182,0.06567711994180156,0.9302012136630279,0.4906100641579805,-0.02357594654453865,0.5605088834531798,0.42945096647632325,0.04699050684044437,-0.0032557408846156932,0.03439530474586716
2017-12-05,962570.0,-0.061114695236890115,0.065802670820791,0.8779247223578545,0.44306388106838984,-0.015789946862120763,0.5538682900983825,0.45809759290233437,0.013474334168169122,0.007311795189971701,-0.04754618308959063
2017-12-06,922400.0,-0.051151232146377505,0.06643470396568459,0.7483336947094535,0.37631287944492625,0.0005849573596872215,0.5585320901994796,1.06043473547268,-0.04262782183531755,0.00996346309051261,-0.06675100162346359
2017-12-07,865038.0,-0.05801156665868491,0.06819224790042303,0.8073356314982695,0.4422060071349467,0.0042720186640092805,0.6115615730176015,0.5406213368661261,-0.0642055323520534,-0.0068603345123074075,0.06589312769002043
2017-12-08,929486.0,-0.059828077668487696,0.06629378912464347,0.8146104406091108,0.421529748699819,-0.0383339327718486,0.5756837650056053,0.4275761012000181,0.07185830858405673,-0.0018165110098027834,-0.02067625843512766
2017-12-11,988330.0,-0.06389162467069216,0.06521591131845543,0.8911406109295478,0.45648012303582813,-0.006978838146144084,0.5532049011969686,0.4334837554258193,0.0613849048898949,-0.0040635470022044665,0.034950374336009116
2017-12-12,1008330.0,-0.06071614205994755,0.06503974955747592,0.8852082155643489,0.45078991996667755,-0.004144291831685076,0.5431951841163112,0.3913609631767378,0.020034125929496938,0.003175482610744615,-0.005690203069150579
2017-12-13,1109502.0,-0.05946381825882025,0.06388899884639816,0.908127249883281,0.4211754462813046,-0.006752175117231918,0.5307254966642692,0.47588647879859614,0.09561576897857016,0.001252323801127296,-0.029614473685372955
2017-12-14,950416.0,-0.07199448291623811,0.06646221602734981,0.924595124661201,0.5576831618996313,-0.013096400553804788,0.6875599737378159,0.4365572549283682,-0.15476676150130686,-0.01253066465741786,0.1365077156183267
2017-12-15,975752.0,-0.0675566494009758,0.06610602981684176,0.8935549196927088,0.47295419327862,-0.008715676780308601,0.6879350490698456,0.44050537431642467,0.026308672280471512,0.004437833515262307,-0.08472896862101131
2017-12-18,1019017.0,-0.06729558085481059,0.06548166028038448,0.9332631349624196,0.45969694323058397,-0.010138466399911672,0.6873369139082076,0.29699308254916257,0.043385260342157395,0.00026106854616521347,-0.013257250048036018
2017-12-19,1039022.0,-0.06336962436281592,0.06556523182066147,0.8973938954131866,0.45682478330583953,-0.00643334409697216,0.682910467728306,0.377958310796114,0.019441448974887976,0.0039259564919946754,-0.002872159924744433
2017-12-20,1131543.0,-0.063582544804631,0.0642307611008347,0.9406863018020526,0.4350607975127768,-0.009950002475125008,0.6515943273918888,0.5461268374246494,0.08530230192183375,-0.00021292044181508984,-0.021763985793062712
2017-12-21,511192.0,-0.05777008132358314,0.057723945476855436,0.8863205996963959,0.43262022879857276,-0.046617542046549776,0.0,0.5819652889716584,-0.7945922135142567,0.005812463481047865,-0.002440568714204061
2017-12-22,585045.0,-0.05868569450089017,0.05652560140801924,0.9325692895418302,0.4767684537086891,-0.022517217457652783,0.0,0.42162226837251837,0.1349435138617494,-0.0009156131773070328,0.04414822491011633
2017-12-25,651303.0,-0.053158470618416276,0.05614621805904177,0.9099620299614772,0.37251478958334294,-0.021144234872164214,0.0,0.3524688201958228,0.10728620436366754,0.005527223882473897,-0.10425366412534615
2017-12-26,660980.0,-0.04579486828842945,0.0562240084764734,0.8446594450664165,0.38212956519107993,-0.011697471960513961,0.0,0.7406910950406972,0.014748610493828807,0.007363602329986826,0.009614775607736992
2017-12-27,774490.0,-0.04737374734211061,0.053827126799930354,0.8950431897119395,0.34251830236671876,-0.0034968202489445988,0.0,0.6616018282999135,0.15848116600987794,-0.001578879053681162,-0.03961126282436117
2017-12-28,664857.0,-0.06034466586514428,0.05668838666909048,0.9214026474866024,0.48188407431974095,-0.034789224462604684,0.0,0.642984882463447,-0.15263276827975503,-0.01297091852303367,0.1393657719530222
2017-12-29,766831.0,-0.06194129938100484,0.05575544304370688,0.9472921673745585,0.48755723229759884,-0.04161099554067238,0.0,0.5611040763871048,0.1426944581680356,-0.0015966335158605557,0.00567315797785789
2018-01-02,866600.0,-0.06371933350644247,0.05547736987800232,0.9803346411262405,0.4594968843757212,-0.04768395804954462,0.46213477959843063,0.4963870297715209,0.12231107119980322,-0.0017780341254376372,-0.028060347921877615
2018-01-03,984357.0,-0.06506646754218073,0.05559202571420108,0.9946025679707667,0.48427958555686607,-0.055692829838625335,0.4192208721022962,0.5842047143465227,0.1274111268267184,-0.0013471340357382594,0.02478270118114484
2018-01-04,790539.0,-0.07784969364686249,0.0585203467195274,0.986262537332124,0.6295008848393311,-0.0597891162294224,0.5409827978126316,0.43684372308007574,-0.21927364483659595,-0.012783226104681758,0.14522129928246502
2018-01-05,865538.0,-0.07512564749983372,0.058920046497808756,0.9807218169508445,0.5782160921877492,-0.0624827662273203,0.5122963983094907,0.39910090602607856,0.0906362876136022,0.002724046147028772,-0.05128479265158192
2018-01-08,924687.0,-0.07436045559210434,0.05920354992979609,0.9931641733905635,0.544762714302245,-0.06557039140691201,0.4926456195447757,0.3451578750431227,0.06610402296163187,0.0007651919077293762,-0.033453377885504176
2018-01-09,968742.0,-0.07159276628743588,0.05943518359923493,0.9907932142923502,0.51973590491586,-0.06549676634395762,0.47847827388510045,0.3521185207206872,0.04654302069777749,0.002767689304668461,-0.02502680938638502
2018-01-10,997478.0,-0.06393485198729029,0.05941564108655542,0.948437960536473,0.4666248278157513,-0.058266527191630724,0.49757789144221726,0.6201861093678257,0.029231770814012847,0.007657914300145591,-0.05311107710010865
2018-01-11,846698.0,-0.07207723127847666,0.060176062314021755,0.9644855662821927,0.5530401630805789,-0.028682542002542055,0.6661111754131934,0.4132417934139445,-0.1638860148492416,-0.008142379291186372,0.08641533526482759
2018-01-12,925201.0,-0.07318486139217172,0.06060985619737264,0.9554583274337144,0.5573902319604065,-0.03527760116722212,0.6811730640152789,0.42020382597943584,0.08866693267036929,-0.0011076301136950517,0.004350068879827584
2018-01-15,986125.0,-0.07493522100215778,0.06099912179781421,0.9859672962352642,0.5819292686018507,-0.014266664597843537,0.6823536569907466,0.3774207123843326,0.06377211021117013,-0.0017503596099860685,0.02453903664144419
2018-01-16,1014749.0,-0.07580257987798567,0.06121811397542773,0.9777905669283734,0.5703311853473125,-0.016940482117874356,0.6777084776629492,0.30153269429188895,0.028613448838868294,-0.0008673588758278811,-0.01159808325453815
2018-01-17,1138576.0,-0.07160547106848844,0.06119783963670842,0.9890819760824047,0.5267430544820899,-0.004979645245710929,0.6374506400978064,0.5245886089290482,0.11513706752322683,0.004197108809497224,-0.04358813086522262
2018-01-18,566515.0,-0.07990875469884862,0.07140860674423183,0.9460949842457834,0.5684668543639622,-0.03356073257902892,0.0,0.892957821063873,-0.698030079283841,-0.008303283630360175,0.04172379988187225
2018-01-19,652943.0,-0.07958307801091617,0.06994251413944352,0.9852866176680047,0.5089494795104627,-0.026980006008510582,0.0,0.49438924990389665,0.14198627753959414,0.0003256766879324441,-0.059517374853499505
2018-01-22,750307.0,-0.0791176636471143,0.06916914478905987,0.9842317877881986,0.5068378676994884,-0.020608184510295113,0.0,0.610780653785717,0.13899262007655366,0.00046541436380187484,-0.002111611810974301
2018-01-23,822109.0,-0.07717603691252206,0.06914487772302755,0.985797503737339,0.4870461216213422,-0.022492448754166672,0.0,0.5558496501072242,0.09139053356179616,0.0019416267345922361,-0.019791746078146155
2018-01-24,845589.0,-0.07006516387181187,0.06856795427732844,0.9633793722482199,0.44931521105407,-0.004677120844751137,0.0,0.7852502811649631,0.02816043628530096,0.007110873040710189,-0.03773091056727218
2018-01-25,697731.0,-0.08923100718201031,0.07292027002301749,0.9652702832466954,0.6276186667927898,-0.2118897182953533,0.0,0.7377341697588325,-0.19219978429445028,-0.019165843310198438,0.17830345573871975
2018-01-26,756264.0,-0.08268209325847097,0.07288045301455962,0.9314604423851989,0.5382763162070389,-0.21055700585802584,0.0,0.504105709117451,0.0805568799080909,0.006548913923539346,-0.08934235058575091
2018-01-29,815257.0,-0.08467719608203116,0.07199643940171635,0.9811053446949858,0.556785160998311,-0.019765973581801877,0.0,0.4589166361037072,0.07511287938538658,-0.001995102823560191,0.018508844791272128
2018-01-30,837739.0,-0.07261274718025905,0.07216714317408604,0.9054323601981047,0.5092648187561998,-0.006931617311168092,0.0,0.6292950429668429,0.027203195166602967,0.012064448901772107,-0.04752034224211121
2018-01-31,950377.0,-0.06881409663359347,0.07070269143770204,0.9594034788299801,0.4610128401676387,-0.009347258908895095,0.0,0.7627941332755317,0.12615215185646456,0.0037986505466655746,-0.04825197858856106
2018-02-01,790308.0,-0.08672080886312535,0.07158265963902033,0.9658386350637979,0.6159914868633495,-0.03227974283730206,0.4742859745820617,0.43963239648339636,-0.18443600508095237,-0.01790671222953187,0.15497864669571076
2018-02-02,843537.0,-0.08090408011545658,0.07093784682283892,0.9585412376694799,0.5385501762222641,-0.024826918012660126,0.44636809055204457,0.44376358120627785,0.06518102297493833,0.005816728747668767,-0.07744131064108539
2018-02-05,860170.0,-0.06815901462969304,0.07101700809567281,0.8832230838090145,0.45285583082413944,-0.008792965627497984,0.42042386970017553,0.781822197937617,0.019526278258311436,0.01274506548576354,-0.08569434539812465
2018-02-06,662031.0,-0.03097844552987318,0.07591463393852835,0.602648516459199,0.3517418368626243,-0.15417147251057284,0.43224713042138513,1.6357783850000982,-0.26181766149596086,0.03718056909981986,-0.10111399396151516
2018-02-07,716075.0,-0.04629679355005222,0.07262035114895335,0.7054344866110394,0.4103606465803163,-0.1659985177519112,0.4113996438920504,1.0244820724086163,0.07847252744306132,-0.015318348020179041,0.05861880971769201
2018-02-08,597536.0,-0.06257357436217853,0.07484850076834425,0.7745558426605259,0.5452407888395009,-0.16417502175044552,0.5457478712579661,0.31872389278637603,-0.18097037704157515,-0.01627678081212631,0.1348801422591846
2018-02-09,626576.0,-0.052067677850332325,0.07649223349718953,0.7001720461683818,0.4853345803222594,-0.1515414467182491,0.5459976124205204,0.5594500906514134,0.047455542800866723,0.010505896511846205,-0.05990620851724149
2018-02-12,689540.0,-0.06072481489010469,0.07366512269453063,0.7791078110044377,0.5489601763494504,-0.15555858360305885,0.5740667691504481,0.45168083069872667,0.09575463276606477,-0.008657137039772368,0.06362559602719098
2018-02-21,819313.0,-0.07801698372636093,0.0714712329991142,0.9066473984911749,0.5677622593563144,-0.17867849369635747,0.5720927167028962,0.6597173485590977,0.1724414756219943,-0.017292168836256235,0.018802083006864034
2018-02-22,398538.0,-0.07650162024410878,0.0718344158836764,0.8994048246340374,0.5788682635031038,-0.024608014345765095,0.0,0.41775188313285055,-0.7206633329506058,0.0015153634822521467,0.011106004146789417
2018-02-23,464371.0,-0.08032848718193836,0.07025612878143797,0.9162846086426586,0.5888158390597173,-0.036550852050340144,0.0,0.5991653225545953,0.15288095043180583,-0.003826866937829576,0.00994757555661352
2018-02-26,494494.0,-0.08009309739051859,0.07064627198566792,0.9277604986107011,0.5595679624019705,-0.04029824577592811,0.0,0.45933014354066987,0.06285121581420938,0.00023538979141976557,-0.029247876657746863
2018-02-27,531295.0,-0.07551913368159811,0.07036654607283638,0.9151977714828862,0.5451641743287627,-0.02916840414702271,0.0,0.5801936777120056,0.07178240501263389,0.004573963708920478,-0.014403788073207746
2018-03-01,636738.0,-0.06561000574256738,0.0685600465483254,0.8978041203760416,0.4815622752215197,-0.003318254851985891,0.42677050843518055,0.9461850871158938,0.18104084544751942,0.009909127939030732,-0.06360189910724307
2018-03-02,479424.0,-0.07442303989678725,0.07185673785451696,0.8798057669203043,0.5377953544253103,-0.018523728824649477,0.5756449405953811,0.5333003771192097,-0.28377288465574146,-0.00881303415421987,0.05623307920379067
2018-03-05,520695.0,-0.06697111770766777,0.07149073644341053,0.8596452817868426,0.5190044075706508,-0.013426791569966845,0.5528265107212476,0.6129980122720594,0.08257907433910283,0.007451922189119484,-0.01879094685465954
2018-03-06,572143.0,-0.07506124493763319,0.07068706639702332,0.9046497116979496,0.5561249547752922,-0.02636600849008841,0.5312150983233213,0.6336108280622152,0.0942245024704853,-0.008090127229965424,0.03712054720464142
2018-03-07,651836.0,-0.06578190252408474,0.0699098271338449,0.8599141501850158,0.5079038285703766,0.0004355384483663016,0.4778165059923048,0.9082177112034315,0.13040403640939857,0.009279342413548455,-0.04822112620491559
2018-03-08,561182.0,-0.0812986947882323,0.07143991408523082,0.9365891992259195,0.5813550684091792,-0.029865363791249155,0.5688582313759173,0.4482021875256156,-0.14974772295735406,-0.015516792264147566,0.07345123983880253
2018-03-09,584560.0,-0.08289858942538852,0.07134822024400109,0.9370877241001779,0.6143749144655809,-0.03357809885483609,0.55418947584508,0.40645955932667305,0.04081415389591214,-0.0015998946371562212,0.033019846056401736
2018-03-12,676640.0,-0.08426231915496504,0.07181115790559235,0.9660528493733743,0.608367817450934,-0.04563674207651269,0.5061746275715299,0.5576259162922677,0.14627994624121676,-0.0013637297295765183,-0.006007097014646856
2018-03-13,719379.0,-0.08688273112730265,0.07246766403283955,0.9572770403361789,0.6256618555726536,-0.05368149442618397,0.494223489982332,0.5067884939649336,0.06124896611878583,-0.0026204119723376024,0.01729403812171959
2018-03-14,752677.0,-0.08111879152706347,0.07187013640513093,0.9487070815236814,0.5686781979521096,-0.003514874805232382,0.5048314217121023,0.6322924707411014,0.0452478450679763,0.0057639396002391735,-0.056983657620544026
2018-03-15,599126.0,-0.09226620801839543,0.07423102994337896,0.9559892243034019,0.65838404609381,-0.04705289763986775,0.6915373393910463,0.30099511621929276,-0.22816425833176623,-0.011147416491331955,0.08970584814170035
2018-03-16,621828.0,-0.09041094672604487,0.07401209667171463,0.9551821403989528,0.6403362344571167,-0.047852226665578534,0.6931643476974341,0.46059842914760996,0.03719160058808235,0.0018552612923505574,-0.018047811636693223
2018-03-19,657275.0,-0.088561971593827,0.07373905114498402,0.9485481723783804,0.6151945532691796,-0.049507101539798426,0.6953786466851775,0.36806511734053476,0.055438972995865754,0.0018489751322178644,-0.025141681187937137
2018-03-20,673259.0,-0.08413333322918756,0.07389583745220533,0.9501276626082978,0.6025482021034996,-0.0009844843808465287,0.6857910551511379,0.38562425455879534,0.02402759943032251,0.004428638364639442,-0.012646351165680025
2018-03-21,741915.0,-0.07825520188250934,0.07344982396434459,0.9378783283799357,0.5605776942102532,-0.001005351886782968,0.6505664395517007,0.5789854632943127,0.09710458175591619,0.005878131346678223,-0.04197050789324641
2018-03-22,348863.0,-0.07764882211433066,0.07122119398150814,0.9221098253469127,0.5834095332551746,-0.09139147943273751,0.0,0.994590999905407,-0.7545553863581773,0.0006063797681786776,0.022831839044921476
2018-03-23,404137.0,-0.0653281328714832,0.06786655050545468,0.8548289317731363,0.5005035421156687,-0.057591332796837924,0.0,0.9398298101881293,0.1470746343964251,0.01232068924284746,-0.08290599113950592
2018-03-26,456241.0,-0.06456869603753984,0.0655857388885091,0.8731985946024141,0.4806012611755629,-0.05904493060456362,0.0,0.7145017655142787,0.1212672492871345,0.000759436833943361,-0.01990228094010582
2018-03-27,509835.0,-0.07078002553131267,0.0650934570829257,0.9147959633999235,0.5534417997979738,-0.07161236357480216,0.0,0.7675973599301735,0.11106596528493284,-0.00621132949377283,0.07284053862241091
2018-03-28,539006.0,-0.06264283545028643,0.06491616732793773,0.884802766574027,0.503224453902183,-0.0014412378079196042,0.0,0.9160732904642991,0.05563955861278025,0.008137190081026244,-0.050217345895790855
2018-03-29,423465.0,-0.07659696514640557,0.06659198547261035,0.9122288736967636,0.6270128582055188,-0.05955419180668864,0.0,0.4253244069757831,-0.24125583652370253,-0.013954129696119144,0.12378840430333582
2018-03-30,464070.0,-0.07715337175372165,0.06644984662443444,0.9340724459672032,0.5885405219040231,-0.06475387439461144,0.0,0.454278449371862,0.09156453686792965,-0.0005564066073160817,-0.03847233630149571
2018-03-31,475306.0,-0.07731128156344465,0.06635711572854615,0.9311390977601798,0.5804260834073207,-0.06589043993812893,0.0,0.14354542126545847,0.02392340422974648,-0.00015790980972299473,-0.008114438496702348
2018-04-02,488897.0,-0.07503258311536735,0.06566784434195459,0.9110405668269594,0.5876227508043617,-0.06321206215496133,0.5191359325174832,0.3964454680638253,0.028193026195166837,0.002278698448077293,0.007196667397040946
2018-04-03,506609.0,-0.06956264169480822,0.06472409994123329,0.9129900968991865,0.5400101458916048,-0.05743457718086076,0.50332899731351,0.4761107678702905,0.035587669563632573,0.005469941420559135,-0.04761260491275687
2018-04-09,613702.0,-0.06628304927514708,0.0634204739794799,0.9028616494650498,0.5179321559975363,-0.003995949889521677,0.4411391848160834,0.8506506415165667,0.1917699654058076,0.003279592419661137,-0.022077989894068506
2018-04-10,533218.0,-0.07415677397830735,0.06644260538891092,0.9086508707507999,0.5515680265857492,-0.10315378716192103,0.5395654310244591,0.7537123652989959,-0.14057912213667656,-0.007873724703160265,0.033635870588212935
2018-04-11,616478.0,-0.07145729725474072,0.06591932564630988,0.9398324027783636,0.5409163019604917,-0.0021888059252671566,0.5431645573726881,0.763094546764037,0.14509229047294525,0.0026994767235666295,-0.010651724625257541
2018-04-12,536573.0,-0.08040133037287577,0.06576250186404099,0.9385228105029512,0.6337161951868618,-0.10545499023759308,0.7039414953790072,0.44627664828457636,-0.1388200167312572,-0.008944033118135047,0.09279989322637017
2018-04-13,569281.0,-0.07939480370885514,0.06545200879920468,0.9361844150779668,0.6167885455513182,-0.1062789376392449,0.7080721120149803,0.3539763315480404,0.05917154116471224,0.0010065266640206239,-0.016927649635543607
2018-04-16,590322.0,-0.0769323383317785,0.06558080666285412,0.9332567649520093,0.6055407049034256,-0.10539456207694509,0.7050203109489397,0.3559260877961519,0.0362939896565635,0.0024624653770766447,-0.011247840647892637
2018-04-17,573851.0,-0.06821904906152967,0.06573853696995838,0.8806711149758387,0.5403702354792446,-0.0934697445527245,0.6767418720190432,0.6710365582703524,-0.028298369996498707,0.008713289270248822,-0.06517046942418103
2018-04-18,632919.0,-0.06732506598169609,0.06411018759641916,0.9043163501174716,0.5400185489770413,-0.09659850901880451,0.636432150085556,0.9376002300452349,0.09797267113019537,0.0008939830798335852,-0.00035168650220329667
2018-04-19,307447.0,-0.08205365854642778,0.0722190345742052,0.9550914466558463,0.5615732142450569,-0.015606286265337777,0.0,0.8766519107358342,-0.7220397372033247,-0.01472859256473169,0.021554665268015638
2018-04-20,354204.0,-0.062516341618331,0.07064469126145204,0.7847652765073234,0.4604013506340979,0.006551397204663134,0.0,0.9024319318810629,0.14157030367204193,0.01953731692809678,-0.10117186361095903
2018-04-23,378074.0,-0.05529416848944091,0.06895997627865441,0.7516517930352259,0.4119193597020689,0.009616598096872764,0.0,0.769878383596862,0.06521692531571865,0.0072221731288900914,-0.048481990932028984
2018-04-24,400170.0,-0.04458831283391074,0.06760111401665865,0.6632081365419696,0.3717020266386786,0.001937709721631542,0.0,1.1423295099582678,0.05679951316560583,0.010705855655530172,-0.040217333063390315
2018-04-25,464973.0,-0.042506831071508995,0.06283894585003112,0.8006529411385177,0.3498525720848307,-0.005678993406231236,0.0,1.3172678843717807,0.1500898825643553,0.002081481762401742,-0.021849454553847847
2018-04-26,358959.0,-0.05367473794408478,0.0662993123931002,0.7669288135970961,0.4106457840589037,0.0010888032507736511,0.0,0.8157338303260261,-0.2587711635472889,-0.011167906872575788,0.06079321197407295
2018-04-27,384858.0,-0.05724045149546315,0.06449016062928782,0.8540734504674451,0.4681025209297975,-0.014538401259116762,0.0,0.6520482879399675,0.06966625924587788,-0.0035657135513783647,0.05745673687089381
2018-04-30,452129.0,-0.06030010540954673,0.06157308062326069,0.9137945143974396,0.4654003614012815,-0.06172709769672757,0.0,0.747675995125285,0.16109310225998463,-0.003059653914083582,-0.0027021595285159905
2018-05-02,506615.0,-0.0527311927421905,0.0605924915710093,0.8953130088923541,0.38581368494813617,-0.0017713849291963735,0.3499402899637792,0.8081857031473604,0.11378380894434059,0.00756891266735623,-0.07958667645314532
2018-05-03,391978.0,-0.054654807658655,0.0648540259848413,0.8371005515615673,0.39635642816688693,-0.020370585247732165,0.48773400547989937,0.5979978468179337,-0.2565456305217726,-0.0019236149164644986,0.01054274321875076
2018-05-04,422965.0,-0.05429573296492549,0.06311124507119724,0.8467461846724906,0.4572056789568877,-0.021783829421893275,0.45669499840412325,0.5451562185996477,0.07608371753959808,0.0003590746937295053,0.06084925079000075
2018-05-07,494788.0,0.018416930662856414,0.26869153502393545,0.8366472105224864,0.38709710017219495,-0.028751776299846044,0.39438304890175185,1.0755980339054303,0.1568399546949646,0.0727126636277819,-0.07010857878469273
2018-05-08,509753.0,-0.05935893095242671,0.06111704656679136,0.9003066190880682,0.43111075363950774,-0.03660706101550959,0.41408289897263967,0.7211845737053043,0.029796906673984935,-0.07777586161528313,0.044013653467312785
2018-05-09,586328.0,-0.05404386997693424,0.06063586239493332,0.9377430380264972,0.38218710346427254,-0.0003129861211677021,0.4036324378163758,0.8660817835750638,0.13995306527565532,0.005315060975492468,-0.0489236501752352
2018-05-10,436580.0,-0.07119836666529576,0.06533869284245747,0.9291905263640112,0.5355879792936002,-0.014889114617651411,0.6239681158092446,0.44553117412616244,-0.2949077254045456,-0.01715449668836152,0.1534008758293277
2018-05-11,475173.0,-0.07370696876881197,0.06524532353321888,0.9660123786494603,0.5589143322537266,-0.02384938548556126,0.642233460234483,0.5338939712483664,0.08470731370618623,-0.002508602103516208,0.023326352960126306
2018-05-14,515404.0,-0.07622584766943233,0.06576261831012875,0.9769986263203235,0.5822849648043088,-0.013913858071160634,0.6532060286687724,0.6261612249807917,0.08127211089810515,-0.0025188789006203582,0.02337063255058225
2018-05-15,539969.0,-0.06770215033874587,0.06598750264720858,0.916682253981247,0.5091662669523621,-0.006871894750490326,0.6463945152406897,0.6620454137181949,0.04656067135253572,0.008523697330686461,-0.07311869785194669
2018-05-16,607338.0,-0.06545262082182823,0.06569795888856775,0.9398209893008506,0.4704925428673984,-0.004365193341267837,0.6149442320421248,0.8303119514998238,0.11757374248311514,0.002249529516917634,-0.03867372408496372
2018-05-17,277244.0,-0.08628056621270039,0.07640378353298272,0.9138664858391886,0.5824111612875301,-0.2431102262269691,0.0,0.64290300240943,-0.78418748810798,-0.020827945390872155,0.11191861842013173
2018-05-18,307874.0,-0.08128586524632073,0.07511142251563324,0.9165340366513574,0.549903531964375,-0.24290267421548095,0.0,0.5230711264998019,0.10479262348579077,0.0049947009663796615,-0.032507629323155096
2018-05-21,358234.0,-0.08134652710557921,0.07495402601425538,0.9653215496016571,0.5515445211788942,-0.015155660119275605,0.0,0.7407923312695054,0.15149579579775718,-6.066185925848733e-05,0.0016409892145191618
2018-05-22,383179.0,-0.07558245397808876,0.07460413275633332,0.9110076491665775,0.486169649171797,-0.0035406304022496116,0.0,0.6881979440418186,0.06731583876316627,0.005764073127490457,-0.06537487200709718
2018-05-23,434631.0,-0.06577972894131845,0.07269000336829969,0.860520763590264,0.44835274060064745,0.0012694994938535764,0.0,0.9804799933736894,0.1259951523121572,0.009802725036770307,-0.037816908571149555
2018-05-24,344762.0,-0.08560268118760743,0.07438465761082597,0.9588411715908366,0.5588899008591434,-0.08566663588411005,0.0,0.58802594253427,-0.23164307133765583,-0.01982295224628898,0.11053716025849591
2018-05-25,383820.0,-0.07996285581534636,0.07393567353470332,0.9389479443489136,0.5153743942473035,-0.040421118046480076,0.0,0.5084544838726487,0.1073193687907068,0.00563982537226107,-0.043515506611839894
2018-05-28,412775.0,-0.07876176651650774,0.07364347032777359,0.9383174853128218,0.534659318030404,-0.012538485971220759,0.0,0.5060941190721338,0.07272895762779363,0.001201089298838623,0.019284923783100538
2018-05-29,436266.0,-0.07477891031443501,0.07301277822627111,0.9438576464817336,0.5180486217124415,-0.010408496076292573,0.0,0.5449496408154658,0.055349498743950676,0.0039828562020727265,-0.016610696317962526
2018-05-30,461158.0,-0.06264281698338227,0.07172011716260301,0.8899336019325264,0.42352946278715753,-0.0019563503761608203,0.0,1.097901370029361,0.05548856840391991,0.012136093331052741,-0.09451915892528395
2018-05-31,374128.0,-0.08009405435453264,0.07314683505038573,0.9376977932686139,0.5537463114228286,-0.03447920727984277,0.0,0.5175341059744258,-0.20914273261472793,-0.01745123737115037,0.13021684863567107
2018-06-01,419977.0,-0.07945908550553808,0.07195777398071088,0.9581762810820592,0.565585734456887,-0.04101531818198423,0.5761767906337728,0.5186236389135596,0.11560196302212589,0.0006349688489945549,0.011839423034058383
2018-06-04,489347.0,-0.08252778594749362,0.07178922125882804,0.9834657206440419,0.5661381391936601,-0.02785903956073632,0.5381252975904623,0.7113868073166894,0.15287190139848938,-0.0030687004419555353,0.0005524047367730933
2018-06-05,503683.0,-0.07941708671510994,0.07221097809798514,0.9797888751456769,0.5460478118181475,-0.05406342820026111,0.5215621730334357,0.6026528590403091,0.02887525266223534,0.0031106992323836763,-0.02009032737551253
2018-06-06,634794.0,-0.0717839571821827,0.07136353799415782,0.9861277831863565,0.48875855789437206,-0.0046269225653308155,0.42032690920204036,0.8658572702325479,0.23135343487785498,0.007633129532927246,-0.057289253923775485
2018-06-07,435893.0,-0.09584257355979989,0.0764352983451723,0.9846521967547082,0.6283743946335454,-0.040149310107316594,0.6288401052551887,0.5033918874586194,-0.3759037364254052,-0.024058616377617192,0.13961583673917333
2018-06-08,448495.0,-0.08738700361723316,0.0766584035117642,0.9509738124170838,0.5679929542135363,-0.03194752438506265,0.6180559426526494,0.4890132554432045,0.028500732778352855,0.008455569942566729,-0.060381440420009036
2018-06-11,482249.0,-0.08328589103333112,0.07612729815040128,0.9286551138519727,0.5430327486422989,-0.0313232393627183,0.5900520270648565,0.46978428156408825,0.07256304500572597,0.004101112583902042,-0.02496020557123746
2018-06-12,514257.0,-0.08073399218755903,0.07549163244228331,0.9260058686610002,0.5293326099596116,-0.030937325871550847,0.567912541783583,0.7271169862539547,0.06426256232639815,0.002551898845772088,-0.013700138682687268
2018-06-13,573309.0,-0.07723153735980265,0.0742976687617622,0.9621356022668404,0.5418962548991905,-0.0020772902326188225,0.5504780144738701,0.6723006267126453,0.10870169788142725,0.0035024548277563794,0.012563644939578844
2018-06-14,449586.0,-0.08296249224134387,0.07533596431116195,0.9305427660113972,0.564608328551156,-0.028507406042139083,0.764236430849715,0.556325152473609,-0.24309767907361923,-0.005730954881541225,0.02271207365196548
2018-06-15,482218.0,-0.0855169123022785,0.0741004922803542,0.9514223857259579,0.5964045307309143,-0.02592746586912964,0.7683703221364611,0.49885736326723595,0.07006913465490783,-0.00255442006093462,0.031796202179758315
2018-06-19,491008.0,-0.07049807334658602,0.07437520030123894,0.8764297119395204,0.4888026264337852,-0.009555042602889419,0.7622991886079249,0.7011922412669447,0.018064126981277795,0.015018838955692476,-0.10760190429712907
2018-06-20,574682.0,-0.06634067488510119,0.0711545056169693,0.9225397698205269,0.4435687910879408,-0.0025111096469072614,0.698233109789414,1.024408281449567,0.15735642339332934,0.004157398461484829,-0.04523383534584441
2018-06-21,218208.0,-0.07435241105375606,0.06859265431604156,0.9548733318668426,0.49696161460624727,-0.008323683149819905,0.0,0.7161836412963778,-0.9683681079958966,-0.008011736168654873,0.05339282351830649
2018-06-22,250537.0,-0.06742882403057175,0.06585570801676174,0.9318304282401402,0.4798612580177778,-0.004521399578687801,0.0,0.8212519508096608,0.13815787787024725,0.0069235870231843105,-0.01710035658846948
2018-06-25,261465.0,-0.05761350372145339,0.06510008705106078,0.8429655976899394,0.40552655231101675,-0.02655736914613316,0.0,0.7463943548849751,0.04269381712644993,0.009815320309118365,-0.07433470570676104
2018-06-26,296438.0,-0.05205402802328494,0.06308883261023437,0.830055525944717,0.3888098017123311,-0.0039256500316043885,0.0,1.1923134011159162,0.12553765899762226,0.005559475698168448,-0.01671675059868566
2018-06-27,336670.0,-0.04644739712435198,0.060193554417659036,0.8769388421896813,0.321935426381917,-9.625241682353902e-05,0.0,1.2476579439807527,0.12726513177571874,0.005606630898932957,-0.06687437533041407
2018-06-28,276697.0,-0.054711401983298394,0.06180006025486832,0.8971582633711244,0.4119957932323083,-0.0004017164932779149,0.0,0.8548484443271882,-0.1961801774413967,-0.008264004858946412,0.09006036685039126
2018-06-29,328163.0,-0.06467699556110121,0.0587896367060287,0.9677233569902762,0.43149593342332926,-0.017247536428742105,0.0,0.8778229111752391,0.17058739149740987,-0.009965593577802814,0.019500140191020976
2018-07-02,348289.0,-0.058231241700498815,0.058972517098333135,0.9177866656713247,0.4270677512066129,-0.011870542979456222,0.3991713777925803,0.8303018470293348,0.05952215873937483,0.006445753860602393,-0.00442818221671637
2018-07-03,370373.0,-0.05160366457149064,0.05817827340102599,0.8957240403593134,0.3463940406023117,-0.006133045656288139,0.3999130606172696,1.3159733565891683,0.061478011042980896,0.006627577129008175,-0.08067371060430117
2018-07-04,427113.0,-0.049083166821498526,0.05578242282535189,0.932261485836301,0.3290300224999005,-0.0020397561246313645,0.3610777475749977,0.9972396063805129,0.14253800927412286,0.0025204977499921136,-0.017364018102411227
2018-07-05,297705.0,-0.05513182395258813,0.05984623403063429,0.8960145110092206,0.41923044624712386,-0.03880676340793887,0.5157051443543105,0.9182546480576409,-0.3609455519084399,-0.006048657131089603,0.09020042374722337
2018-07-06,333002.0,-0.052653350707604844,0.057917772830729894,0.9142317463558778,0.4051417108605954,-0.0385132020621064,0.4615647954066342,1.0123182443348688,0.1120454326560818,0.0024784732449832855,-0.01408873538652844
2018-07-09,370867.0,-0.057834937281416414,0.05656566297745804,0.9541452865852179,0.40362447993485534,-0.015883913479871836,0.4407375150660479,0.8211973564647165,0.10769501179987984,-0.00518158657381157,-0.0015172309257400762
2018-07-10,395978.0,-0.05827214859171492,0.05616277694827513,0.9551161933238715,0.4594724959467445,-0.05177053962623024,0.43595603796170496,0.7718711645596472,0.065515146387364,-0.00043721131029850896,0.05584801601188916
2018-07-11,437541.0,-0.04883086856748927,0.0551520925304057,0.9172054733156436,0.36281628464532467,-0.002513852413260853,0.43111616968466954,1.1242717825300943,0.09981176153681659,0.009441280024225653,-0.09665621130141983
2018-07-12,351984.0,-0.06294523570789247,0.05913473769616721,0.9175189781353698,0.5119295195236148,-0.040823662414628537,0.7388943815627983,0.8821480521841902,-0.2175846956729206,-0.014114367140403199,0.1491132348782901
2018-07-13,383357.0,-0.06878872399752797,0.059083675973446666,0.9704009578539065,0.5426299767579567,-0.024348937000554183,0.742581979721252,0.7711976043218202,0.0853809498942848,-0.005843488289635504,0.030700457234341894
2018-07-16,402868.0,-0.0633254279525361,0.05961877033702658,0.9502417665339515,0.46430840870955253,-0.010857457164119122,0.7354642215316183,0.5439498793649533,0.04964229495446304,0.005463296044991878,-0.07832156804840412
2018-07-17,411698.0,-0.06014866016400529,0.059285125856743386,0.9187462654664341,0.46540911056162526,-0.016605451902265367,0.7238509781441737,0.6244115832479147,0.021681105989515004,0.003176767788530807,0.0011007018520727274
2018-07-18,495913.0,-0.05768921553215501,0.05781153752723621,0.9393462159693333,0.46894717420192655,-0.003916085463999797,0.6594624460338809,1.060700163133453,0.18611043725636023,0.0024594446318502786,0.003538063640301292
2018-07-19,231545.0,-0.06773498268694507,0.0671837610956667,0.9165302640955322,0.46902330000647824,-0.003265229276684267,0.0,0.9188581053358958,-0.7616262690288522,-0.01004576715479006,7.61258045516855e-05
2018-07-20,284838.0,-0.06661193590859515,0.06449762081648852,0.9650643523687148,0.437080024434942,-0.012084583854352071,0.0,1.2256686256749452,0.20714635851820162,0.0011230467783499148,-0.031943275571536256
2018-07-23,309683.0,-0.06390558554004028,0.06418039432158355,0.9511823380682827,0.4083369122618936,-0.01341842294934903,0.0,0.7685245880464863,0.08362859603821526,0.0027063503685548773,-0.02874311217304837
2018-07-24,341511.0,-0.06373983004747824,0.0630147226353804,0.9647683383551335,0.4416812342794229,-0.013222814288533558,0.0,0.8186442017973067,0.09783069568489822,0.00016575549256203637,0.03334432201752929
2018-07-25,393297.0,-0.0563132341947049,0.06129623965721992,0.9680775597067864,0.41125663302796617,-0.0014399327362644154,0.0,0.7694744684042848,0.1411851623169671,0.007426595852773339,-0.03042460125145674
2018-07-26,271293.0,-0.0767916071719873,0.06606905935450122,0.9866380629061569,0.5394647115848916,-0.04637436073024115,0.0,0.6206536843928888,-0.3713656340071303,-0.020478372977282396,0.12820807855692545
2018-07-27,321517.0,-0.07254204384118026,0.06516749434709078,0.9769841097049301,0.536064967015741,-0.051985503504042185,0.0,0.8055748218601194,0.16985100178166412,0.004249563330807032,-0.003399744569150598
2018-07-30,346328.0,-0.06574613306253334,0.06462138222628117,0.9585508535261371,0.4424187475456792,-0.04835619393231916,0.0,0.6170941997181862,0.07433588347188369,0.006795910778646927,-0.0936462194700618
2018-07-31,370311.0,-0.06442086177982488,0.06412425340066358,0.9687181855251397,0.4805798369478627,-0.00972280377770407,0.0,0.7466237837925419,0.06695689023241158,0.0013252712827084567,0.03816108940218349
2018-08-01,445218.0,-0.05969731516019699,0.06201371645787113,0.9570906836650809,0.41955850841610176,-0.004336766644470691,0.4004622454617738,0.7858397459222224,0.1842208567284782,0.004723546619627893,-0.061021328531760954
2018-08-02,322551.0,-0.06233765796898346,0.0670151677236702,0.891319512263177,0.4150289411596926,-0.021022400288386756,0.5391271457846976,1.0928473326698724,-0.32230278658294154,-0.002640342808786472,-0.004529567256409184
2018-08-03,362618.0,-0.06522394844630398,0.06463398080563894,0.9596958783071993,0.4530773430993497,-0.028370668417415645,0.5158762113298292,0.5619605204374851,0.11708867529889311,-0.002886290477320523,0.03804840193965714
2018-08-06,400041.0,-0.06211349759577595,0.06359883677304297,0.9529673208496129,0.4184296109648761,-0.02939922533358741,0.4883099482303064,0.681625133423824,0.09821710328835032,0.0031104508505280307,-0.03464773213447364
2018-08-07,413554.0,-0.05753015620301022,0.06325157124911755,0.8990700126222936,0.410120564666283,-0.025806122671949816,0.4830614623483269,0.5825647920223236,0.033221056585095,0.004583341392765734,-0.008309046298593081
2018-08-08,508754.0,-0.05529167454222356,0.06080140560623628,0.9659049363739646,0.40313982789324504,-0.0022798582424775615,0.46765823954209695,0.9594479846841499,0.20717650069344806,0.002238481660786662,-0.006980736773037954
2018-08-09,365641.0,-0.0663434461835396,0.0654230495180894,0.9536840780984627,0.4483003820687505,-0.02974863235362124,0.7275688448505502,0.5893540385241262,-0.33031262142134743,-0.011051771641316044,0.04516055417550546
2018-08-10,390201.0,-0.060552328805222946,0.06506430731610406,0.9027296188374709,0.4323335921742897,-0.02582740939284467,0.7244881484158164,0.5724690608173736,0.06501001326162914,0.005791117378316654,-0.01596678989446082
2018-08-13,393800.0,-0.045535890629508156,0.06576131993648561,0.7305256475368207,0.3600863382427628,-0.00455115490672553,0.6821635347892331,1.5930980192991366,0.009181175230985161,0.01501643817571479,-0.07224725393152687
2018-08-14,418792.0,-0.0508818099825231,0.06407027337323248,0.8562747139391392,0.3446221513304934,-0.011477028851012872,0.6846095436398021,0.9096735372213414,0.061531210412153925,-0.005345919353014941,-0.015464186912269418
2018-08-15,451869.0,-0.04281028042003609,0.061970610048314355,0.8120694272012464,0.2940210547747245,-0.0015629738493480039,0.6081253637669325,1.4477890716114625,0.0760179381993975,0.00807152956248701,-0.05060109655576889
2018-08-16,257159.0,-0.05910569348568064,0.06768849218460067,0.8539852775909068,0.415089497159345,-0.026572693492076804,0.0,1.0992226599107946,-0.563697744180299,-0.016295413065644554,0.1210684423846205
2018-08-17,283998.0,-0.0586678076520413,0.06564605015166228,0.8670906133141782,0.41528813583194246,-0.027215516660804906,0.0,0.8179529433305869,0.09927262524660918,0.000437885833639344,0.00019863867259745094
2018-08-20,313192.0,-0.05637027335497276,0.06406185797386316,0.8591694551584971,0.39489195126312293,-0.00925783130277913,0.0,0.7554694883649646,0.09784922512337424,0.0022975342970685403,-0.02039618456881953
2018-08-21,352739.0,-0.058359132239309296,0.06288290262419263,0.906103379552587,0.41047630117452283,-0.008543207131076258,0.0,0.8748848298600381,0.11891198568268457,-0.0019888588843365376,0.015584349911399897
2018-08-22,418861.0,-0.05395672997648001,0.06057200806177483,0.9612090884565524,0.37155524147628927,-0.005016567631106472,0.0,1.1323613322796824,0.17181071595112485,0.004402402262829286,-0.03892105969823356
2018-08-23,286156.0,-0.07179623638315273,0.06852724129431359,0.9593927787640308,0.5166936915528593,-0.04263320056005948,0.0,0.8595067026377221,-0.3810020059810224,-0.01783950640667272,0.14513845007657
2018-08-24,302561.0,-0.06556752755147581,0.0679476522317409,0.9374076632480723,0.448041882463371,-0.03786999218269371,0.0,0.73080139211597,0.05574579337519836,0.006228708831676921,-0.06865180908948826
2018-08-27,348199.0,-0.06618587858730479,0.06745704247706703,0.9705168596118886,0.44667273599292356,-0.04606497214784888,0.0,0.7919178400856981,0.14049124538302316,-0.0006183510358289818,-0.0013691464704474465
2018-08-28,385804.0,-0.06835432193668607,0.06799605962643536,0.9560165265264228,0.4793859057967258,-0.05364641864316544,0.0,0.7923090481176971,0.10255531306696675,-0.00216844334938128,0.03271316980380223
2018-08-29,508431.0,-0.06306536875335216,0.06598848151163414,0.9781445269859627,0.42944076974063344,-0.0044659387706009746,0.0,0.9768011785276665,0.2760000445818811,0.0052889531833339165,-0.049945136056092354
2018-08-30,358067.0,-0.07903707532585863,0.07263123460223085,0.9372435884904222,0.5719460324464416,-0.06253521126760564,0.0,0.8731131324584505,-0.3506093933379617,-0.015971706572506475,0.14250526270580816
2018-08-31,380332.0,-0.0746790248294078,0.07172568279460373,0.9473381151204737,0.5583490213813195,-0.060009363752876466,0.0,0.6002965829853917,0.060324435762908024,0.004358050496450827,-0.013597011065122122
2018-09-03,407104.0,-0.06393734588268242,0.07108751773183616,0.894653454645496,0.46695193365822985,-0.014977809638989315,0.5876655596604308,0.6939406146832259,0.06802412556527493,0.010741678946725383,-0.09139708772308963
2018-09-04,443638.0,-0.06452392639949044,0.0695214878317102,0.9418264440827883,0.43146890031963,-0.020086413861059027,0.5571479449461048,0.6142102344704466,0.08594023351027147,-0.0005865805168080163,-0.03548303333859987
2018-09-05,496782.0,-0.057737454167594786,0.06784256503325882,0.8533219802649854,0.40115583897967316,0.00044292336698159573,0.5040802605569445,0.8995333969427234,0.11314238351221029,0.00678647223189565,-0.030313061339956815
2018-09-06,386971.0,-0.06819662480902185,0.07096106458509897,0.9313927917079058,0.446630367650289,-0.011378303415321755,0.6521806543642805,0.7180227975739785,-0.2498015432573535,-0.010459170641427061,0.045474528670615855
2018-09-07,400767.0,-0.06151066900262878,0.07020197642769353,0.8673743097610332,0.44572282648022415,-0.004332077378148225,0.6175333797443402,0.8779914513919559,0.03503045623010692,0.006685955806393064,-0.0009075411700648628
2018-09-10,427085.0,-0.05046800015474838,0.06919522891928566,0.7840125501949261,0.3227647892105787,-0.030375356616755833,0.5717878174133955,1.0862451268482856,0.06360284559844409,0.011042668847880403,-0.12295803726964544
2018-09-11,446180.0,-0.05238943115716031,0.0678435168791336,0.8259446860011654,0.37578107490250573,-0.023464747077369452,0.5508427092204939,0.8439956968039805,0.043739401394486066,-0.001921431002411933,0.05301628569192701
2018-09-12,483564.0,-0.04918275552937221,0.06613818237511379,0.8497634232490425,0.3130319874928655,-0.0021049058201532134,0.5678400377199295,1.096421569843909,0.08046121623786817,0.0032066756277881053,-0.06274908740964025
2018-09-13,392796.0,-0.06030070463629458,0.06955791687422858,0.8686875630098067,0.39414097903237305,-0.021182541998260418,0.7827065448731657,0.5301606941007546,-0.20789328115330186,-0.011117949106922376,0.08110899153950757
2018-09-14,433377.0,-0.06657094091522699,0.06843323964686392,0.9296824704587461,0.4725100778306186,-0.006269702083337103,0.7841048325130314,0.8733989113404727,0.09831762580633807,-0.006270236278932403,0.07836909879824555
2018-09-17,450686.0,-0.06271758763180312,0.06767250166566434,0.9089698814695819,0.4213066303368643,-0.002642075021632606,0.7670329231438296,0.4943242079851604,0.03916284748752119,0.0038533532834238715,-0.05120344749375433
2018-09-18,465057.0,-0.055945728018163686,0.06757184604125094,0.8512999481783954,0.412136576806714,-0.005595615698950063,0.7613432331950707,0.7067993815811825,0.031389112297194544,0.006771859613639429,-0.009170053530150268
2018-09-19,555842.0,-0.05661337576188615,0.0648717930813588,0.9425790062643701,0.40519248275589104,-0.005274806650290564,0.717007710824299,0.6906243141036481,0.1783241024838862,-0.0006676477437224659,-0.006944094050822969
2018-09-20,228222.0,-0.05332733144087938,0.06277547954001331,0.8383240879494527,0.36185380901052483,0.006332508879268728,0.0,0.9677506988809143,-0.8901652417620358,0.0032860443210067716,-0.04333867374536621
2018-09-21,280817.0,-0.057908277797825244,0.05958184992250843,0.9652371473237019,0.4060900871385992,-0.0065992794654957665,0.0,1.0227942040545979,0.20738437218767203,-0.004580946356945864,0.04423627812807435
2018-09-25,313970.0,-0.05396187721582174,0.05855813196301975,0.9406663056979966,0.37320763130235374,-0.007181990827819007,0.0,0.8690671083224512,0.11159422831296162,0.003946400582003504,-0.03288245583624544
2018-09-26,367604.0,-0.0488661652850308,0.056375799234994306,0.9523971447535935,0.33974059041794974,-0.002204262911431276,0.0,0.9424244567523749,0.15770883187254015,0.00509571193079094,-0.033467040884404
2018-09-27,276523.0,-0.06464390996592062,0.06069385274786999,0.9691020276794335,0.43064772188931844,-0.03934951274176002,0.0,0.7768684702538307,-0.2847122716720989,-0.01577774468088982,0.0909071314713687
2018-09-28,303951.0,-0.058513077243346596,0.06006334556163796,0.9506598102983704,0.4062858816059167,-0.036918721391488885,0.0,0.9165786590601774,0.09457250406107498,0.006130832722574024,-0.024361840283401714
2018-10-01,348419.0,-0.05709676251364823,0.05837424283505117,0.9609378363407277,0.364888252362816,-0.0408802186069237,0.49812151461315257,0.5670270565038072,0.13653927430446444,0.001416314729698366,-0.0413976292431007
2018-10-02,345438.0,-0.0477869731142295,0.05899105002256751,0.8686421297020015,0.31871710697722894,-0.029271138307799704,0.4894829173397252,0.9815046404854127,-0.008592601476314243,0.009309789399418733,-0.04617114538558709
2018-10-03,397177.0,-0.039366768170545574,0.05666181193859156,0.8090624582994483,0.2894779909209244,-0.001283144052710239,0.4439154331695944,1.2093676119211334,0.13956884812480297,0.008420204943683923,-0.029239116056304526
2018-10-04,299528.0,-0.042630782883639196,0.05969669426428035,0.8035542587003552,0.2910646083170855,-0.01109347872125055,0.5662609171763575,1.0691988728933521,-0.2821741228228305,-0.0032640147130936215,0.0015866173961611163
2018-10-05,331261.0,-0.02699499778806158,0.05823223378846822,0.6356045535091664,0.20377889338014435,0.007880484391163955,0.5132025804426117,1.7691789857544353,0.10069868196199572,0.015635785095577615,-0.08728571493694118
2018-10-08,372583.0,-0.025484116373109947,0.05647897201213983,0.6229511276681974,0.2380301838784915,-0.04360492084396128,0.48255288083460596,0.9440661543870762,0.1175532474948966,0.0015108814149516342,0.03425129049834716
2018-10-09,407133.0,-0.027722338429993502,0.055174615059745004,0.6543365435864938,0.24253990710652293,-0.04460089635543907,0.465270562690816,0.7211869339994548,0.08868008159684848,-0.002238222056883555,0.00450972322803142
2018-10-11,416750.0,0.021568841947791424,0.06265056681048276,0.37991601679664067,0.145624475104979,-0.0006230809158780382,0.4675152969406119,1.927745650869826,0.02334660824291568,0.049291180377784925,-0.09691543200154393
2018-10-12,354578.0,-0.024582691581875857,0.06975616447066382,0.6403245548229163,0.3597967160963173,0.05516628325640238,0.6660086074150117,1.0247110649842912,-0.16155817165263286,-0.04615153352966728,0.2141722409913383
2018-10-15,384240.0,-0.013986058249740741,0.070333421422972,0.5849599208827816,0.326155527795128,0.07058595391228462,0.6710077035186341,0.6391057672288153,0.08033900737829747,0.010596633332135116,-0.033641188301189284
2018-10-16,429137.0,-0.025838678602419958,0.06898612795344547,0.6333082442203771,0.334955969771891,0.0018935788640530582,0.6869041821143365,1.0484577186306472,0.1105088579102933,-0.011852620352679217,0.008800441976762996
2018-10-17,473834.0,-0.026122962207966734,0.06618709111386227,0.6448144286817746,0.32326088883448634,0.0020903604919864094,0.6407011738288092,1.1452280756551874,0.09908083411956703,-0.0002842836055467757,-0.011695080937404678
2018-10-18,221909.0,-0.04708568994243302,0.062309977607536,0.7789003600575011,0.44691292376604824,0.004648508649521377,0.0,0.9442879738992109,-0.7585896614600927,-0.020962727734466287,0.1236520349315619
2018-10-19,254874.0,-0.04481154563866155,0.060199753751401144,0.7948280326749688,0.4462557969820382,-0.07251145750791899,0.0,1.1066134639076564,0.13850191746867857,0.002274144303771472,-0.0006571267840100314
2018-10-22,289993.0,-0.049507103519904117,0.05835607305736211,0.8233440117520078,0.43207249830168315,-0.0776276583372435,0.0,1.0079588127989296,0.12908747936314668,-0.004695557881242568,-0.014183298680355061
2018-10-23,312533.0,-0.03218063694857004,0.05815251762735736,0.69199092575824,0.33034271580921054,-0.05884278582535407,0.0,1.1658096904966835,0.07485327884300652,0.017326466571334076,-0.10172978249247261
2018-10-24,372568.0,-0.03123753722504007,0.05530439183112773,0.7669016125915269,0.3171931030040154,-0.0009631739656126292,0.0,1.6456029503338987,0.17570950789373185,0.0009430997235299714,-0.013149612805195166
2018-10-25,261215.0,-0.022252314879561485,0.06579733924779466,0.6533353750741726,0.3547652317056831,-0.05470029272780941,0.0,1.0379916926669601,-0.35507574848270096,0.008985222345478584,0.037572128701667706
2018-10-26,292621.0,-0.024232734123867495,0.06529727115744663,0.6494749180680812,0.3898455681581295,-0.051551345848640295,0.0,1.0028364334753828,0.11353443333338653,-0.00198041924430601,0.0350803364524464
2018-10-29,323273.0,-0.029617125260312814,0.06370423196838496,0.7259003999715411,0.39484584236852444,-0.05425626712846976,0.0,0.7110027747445657,0.09961891113402821,-0.005384391136445319,0.0050002742103949505
2018-10-30,353448.0,-0.03097812788710992,0.06227787245314268,0.7378199904936511,0.3771304406871732,-0.055228209625964864,0.0,0.7778343631877956,0.08923920661235663,-0.0013610026267971073,-0.017715401681351217
2018-10-31,458828.0,-0.05156637719916149,0.05593404116698529,0.8944484643482961,0.4914455961711142,-0.015520096142368933,0.0,1.238453189430462,0.260939038071772,-0.020588249312051568,0.114315155483941
2018-11-01,309860.0,-0.058083035969446827,0.0645800241258055,0.8367811269605628,0.5356257664751823,-0.08580622748797828,0.5304718259859291,0.5903343445426967,-0.3925548295955963,-0.006516658770285337,0.04418017030406812
2018-11-02,345203.0,-0.06121195133711701,0.0624407171255964,0.8729037696659646,0.562115624719368,-0.09151383069249863,0.5079127354049646,0.699006092067566,0.10801206721749956,-0.003128915367670182,0.026489858244185704
2018-11-05,367854.0,-0.05889231844625939,0.061635310629188395,0.8494674517607529,0.4890771882322878,-0.08997240594106459,0.4986625128447699,0.5935969161678275,0.06355347053106009,0.002319632890857619,-0.07303843648708025
2018-11-06,397757.0,-0.05255321180962291,0.06059042341719331,0.8471378253556819,0.48139693330349936,-0.08396480389213179,0.47015137382874467,0.5923365270755763,0.0781551457406735,0.006339106636636477,-0.0076802549287884325
2018-11-07,478109.0,-0.05455169088506722,0.05777569540352306,0.9043732705303602,0.4852429048606071,-0.010935221303244314,0.41227418852186426,1.009767647126492,0.1839974739111998,-0.001998479075444308,0.0038459715571077524
2018-11-08,358404.0,-0.06084028713130767,0.06381566184502126,0.8558023905983192,0.5118916083525854,-0.09505083300570816,0.5475999151795181,0.6156404504414014,-0.28817789821579787,-0.006288596246240452,0.026648703491978287
2018-11-09,379768.0,-0.050763965080823974,0.06389499691674533,0.8141918223757663,0.44678856565060776,-0.08443633322855215,0.5311479640201386,0.6589128099260602,0.05789969820477836,0.0100763220504837,-0.06510304270197764
2018-11-12,419526.0,-0.049520225794107205,0.061891796047244006,0.8241396242425976,0.4248604377321072,-0.08454808716322804,0.4977164704928896,0.568810991452258,0.09956496257499836,0.001243739286716769,-0.021928127918500573
2018-11-13,434737.0,-0.045664161578428605,0.06177119498049429,0.7824891831153088,0.3890145076218495,-0.028216501088397572,0.4754552752583746,1.0098956380524318,0.035615748012086,0.0038560642156785993,-0.03584593011025766
2018-11-14,488399.0,-0.04571923973407546,0.05988692141222173,0.8098603805495097,0.41244760943408976,-0.004277013198691115,0.4681602542183747,0.7594651094699211,0.11639144418776226,-5.5078155646856586e-05,0.02343310181224023
2018-11-15,402435.0,-0.058279090647152774,0.06526400990960592,0.8530843490253084,0.5115211152111521,-0.08410556802754998,0.6736839489607017,0.6103122243343646,-0.19359910159804272,-0.012559850913077313,0.09907350577706231
2018-11-16,423610.0,-0.054733383715297936,0.06522919856241126,0.7893534146974812,0.4927692925096197,-0.04053142310624891,0.6751186232619627,0.5051084724156654,0.05127962749082471,0.003545706931854839,-0.01875182270153236
2018-11-19,445526.0,-0.05651629477150564,0.06462816481518541,0.8598173843950746,0.46734197330795507,-0.03344189307018541,0.6724949834577556,0.44461153782270846,0.05044238597441009,-0.0017829110562077033,-0.025427319201664633
2018-11-20,453747.0,-0.04822196640842998,0.06516218442435465,0.7732194372634971,0.4224534817861055,-0.025040050328458907,0.6621465265886055,0.64277890542527,0.018284167387358607,0.008294328363075656,-0.044888491521849594
2018-11-21,503879.0,-0.046398290483619056,0.06273633914396684,0.8133936917394851,0.4006795282200687,-0.004262168532220834,0.6282639284431382,0.880282766299052,0.10479638589566775,0.001823675924810926,-0.021773953566036786
2018-11-22,221874.0,-0.0515031668050277,0.06467026499786645,0.8062098308048712,0.46831535015369086,-0.05298253885087656,0.0,0.5179876867050668,-0.8202265067053549,-0.005104876321408644,0.06763582193362216
2018-11-23,257918.0,-0.04700419487334068,0.062151434888229155,0.7827681666266022,0.3895617987112183,-0.048338212324020025,0.0,0.7934382245519894,0.15053205176849715,0.004498971931687024,-0.07875355144247254
2018-11-26,307582.0,-0.0520221942130584,0.05877070554935585,0.8526019077839405,0.4274762502357095,-0.05789443502338887,0.0,1.1219447171811094,0.1761000134182371,-0.005017999339717721,0.03791445152449119
2018-11-27,331715.0,-0.051330368643279646,0.05769148408123371,0.8575524169844595,0.4065357309738782,-0.013153185214273666,0.0,0.9886589391495711,0.07553444815230748,0.000691825569778752,-0.020940519261831325
2018-11-28,422453.0,-0.052446116442457884,0.05484064227970468,0.9265078008677888,0.38468184626455487,-0.008529679866373985,0.0,1.1072450663150695,0.24180203148944912,-0.0011157477991782377,-0.021853884709323312
2018-11-29,284037.0,-0.06364056888039221,0.06378382187201244,0.8615814136890616,0.4815921869333925,-0.06933080838735262,0.0,0.7241591764453222,-0.3969736866403366,-0.011194452437934328,0.09691034066883764
2018-11-30,306519.0,-0.06230150935599237,0.06264288583510486,0.8573922008097378,0.4657068566712015,-0.06958211089569921,0.0,0.5571693761235029,0.0761752323015994,0.0013390595243998396,-0.015885330262191022
2018-12-03,388661.0,-0.07037242160344351,0.06157754318489719,0.9526631177298468,0.5392462840367312,-0.09251154335180867,0.493417142445473,1.1750059820769256,0.2374277547091559,-0.008070912247451136,0.07353942736552976
2018-12-04,395458.0,-0.06436217158127217,0.062404498452908665,0.9164993501206197,0.47241679268089154,-0.008284788873748838,0.4930940833160538,0.7028812162100653,0.01733708850220772,0.006010250022171343,-0.06682949135583971
2018-12-05,403328.0,-0.05199339134319106,0.06174276324768506,0.8652089614408124,0.42366758568708346,-0.0016880547437968518,0.47546909711202795,1.341072278641701,0.01970553981636769,0.012368780238081106,-0.04874920699380808
2018-12-06,305624.0,-0.04755166730784982,0.06546666543426366,0.7288498285474962,0.45213399471245713,-0.07070106311798374,0.6147684736800775,1.0565858702196163,-0.2773945384546117,0.004441724035341238,0.028466409025373673
2018-12-07,349390.0,-0.05291888186367244,0.06304800893443455,0.7906207962448839,0.4360828873178969,-0.07795198793551394,0.5482956009044334,0.6301468273276282,0.13383318855796666,-0.005367214555822619,-0.016051107394560227
2018-12-10,391010.0,-0.044578533314663195,0.06304621331751209,0.750627861180021,0.3861231170558298,-0.06711970098076825,0.5110201785120585,0.6781923735965832,0.11254435830777965,0.008340348549009245,-0.049959770262067105
2018-12-11,416863.0,-0.04876410031666863,0.06137858432177381,0.8182112588548276,0.43665904625740354,-0.02132884998928619,0.49885933748017935,0.6816628004884099,0.06402449554248868,-0.004185567002005432,0.05053592920157374
2018-12-12,497289.0,-0.051943788788079565,0.058270747263355335,0.8918697176088753,0.4269529388343599,-0.006769249575966918,0.46343876498374187,0.977805662300996,0.17641371538267414,-0.003179688471410938,-0.00970610742304362
2018-12-13,369144.0,-0.06447612616362747,0.06355688889882742,0.867935006393169,0.49923336150662073,-0.03638997196401983,0.7078592635936112,0.531126064625187,-0.29798453421343396,-0.012532337375547903,0.07228042267226081
2018-12-14,384248.0,-0.057037223425978625,0.0629006057439101,0.8230908163477754,0.45358986904290977,-0.028049469212699574,0.7113739043534384,0.7417397097707731,0.040101365642843945,0.007438902737648842,-0.045643492463710966
2018-12-17,414806.0,-0.05571678147676464,0.06234774777791771,0.8240358143324832,0.4229977387019474,-0.029377176877107947,0.7141410683548454,0.732720838174954,0.07652276359261023,0.0013204419492139838,-0.030592130340962365
2018-12-18,412653.0,-0.05030471709689053,0.06272706840826704,0.8117377069838339,0.43176954971852866,-0.0019364490750934937,0.7092763169054872,0.8231880054185963,-0.005203894957199751,0.0054120643798741125,0.008771811016581255
2018-12-19,471325.0,-0.052280658778359954,0.06014769884183254,0.8633363390441839,0.39374317084814087,-0.008505388313242657,0.668252267543627,0.6841160558001379,0.13294083119677502,-0.0019759416814694244,-0.03802637887038779
2018-12-20,217617.0,-0.05280537483026344,0.06564621856734794,0.7823699435246327,0.4169251483110235,0.023306582652162566,0.0,0.9254515961528741,-0.7728112403624596,-0.000524716051903483,0.02318197746288264
2018-12-21,253141.0,-0.053772317151601974,0.06297845782431669,0.8156916501080426,0.41463848211076043,0.023079220434302217,0.0,0.8853366305734749,0.15121000880949964,-0.0009669423213385375,-0.0022866662002630767
2018-12-22,263623.0,-0.051321263207975025,0.06269048743109691,0.8017547786042948,0.4246025574399806,-0.06698624115710294,0.0,0.2676852930131286,0.04057340649657171,0.002451053943626949,0.009964075329220168
2018-12-24,285955.0,-0.04946700660448427,0.061644213366511755,0.8085677816439649,0.4139707296602612,-0.06636098633774912,0.0,0.6097497858054589,0.08131440354659603,0.001854256603490756,-0.010631827779719383
2018-12-25,316065.0,-0.04126992182330421,0.06148924707635672,0.7812918228845332,0.38297818486703683,-0.008091662826739343,0.0,1.0290035277553669,0.10011343285402496,0.008197084781180058,-0.030992544793224386
2018-12-26,357998.0,-0.036249456755489275,0.05938763420831155,0.7260236090704417,0.37788199934077843,-0.0030583427137279573,0.0,1.1861826043720916,0.1245795111560355,0.005020465067814936,-0.005096185526258401
2018-12-27,287230.0,-0.05819230271995215,0.06310486760162845,0.8535041604289245,0.47904118650558786,-0.06654109915822748,0.0,0.9452564147199108,-0.22024411124956877,-0.021942845964462873,0.10115918716480943
2018-12-28,322549.0,-0.06427380154918061,0.0613607257237964,0.9058313620566177,0.5133173564326661,-0.07477941199147564,0.0,0.671187943537261,0.11597177413556992,-0.006081498829228461,0.034276169927078215
2019-01-02,369142.0,-0.045486357468541405,0.060087381196721454,0.8237263708816661,0.3957853617307161,-0.0004333200057775599,0.398280336564249,1.5482172172226407,0.13492633118414155,0.018787444080639204,-0.11753199470194997
2019-01-03,289911.0,-0.04989290380855584,0.06438399757649718,0.7695879080131489,0.48491088644446056,-0.051875075059889864,0.5382479450590009,0.7215248817740617,-0.24160741453664691,-0.0044065463400144375,0.08912552471374446
2019-01-04,319965.0,-0.039824977600866764,0.06262184674972561,0.7119184910849624,0.3551794727548326,-0.04076840845360141,0.5039644961167628,0.8881002609660431,0.09863763548547944,0.010067926207689079,-0.12973141368962798
2019-01-07,380999.0,-0.05403669929947455,0.05863776928452309,0.8614064603844105,0.47492775571589424,-0.06155177627394337,0.42915335735789334,0.9885012821555962,0.17458513563945033,-0.014211721698607786,0.11974828296106166
2019-01-08,404939.0,-0.04949593993522795,0.05809166277300765,0.8545706884246763,0.40726627961248485,-0.05893178301058177,0.410313652179711,0.7106650631329657,0.06093968802732519,0.0045407593642465965,-0.06766147610340939
2019-01-09,529061.0,-0.0552973268341722,0.05607413576904905,0.9204193845322184,0.4299069483481111,-0.009068308566886785,0.3812887360814726,1.2031920704795855,0.2673672986409894,-0.005801386898944244,0.022640668735626257
2019-01-10,347640.0,-0.066969069518413,0.06351386756246849,0.897638361523415,0.5298268323553101,-0.07413979871799226,0.6652283971924979,0.47619951674145666,-0.4199362755503966,-0.011671742684240802,0.09991988400719903
2019-01-11,397940.0,-0.0651443664713222,0.06252105528644238,0.9016836709051615,0.4855329949238579,-0.07781216058364238,0.6758355530984571,0.6639518520379957,0.13513377858184228,0.0018247030470908004,-0.044293837431452265
2019-01-14,412473.0,-0.06024936712262983,0.06181355987966383,0.8893163916183605,0.4801550646951437,-0.07295055118240001,0.6605256586491722,0.5242427989225962,0.03586950893593688,0.004894999348692371,-0.0053779302287141895
2019-01-15,457890.0,-0.0635397296184581,0.06112119338849275,0.9389438511432877,0.48706894669025314,-0.01081374336633345,0.6666601148747516,0.9179737491537269,0.10445823150810263,-0.0032903624958282654,0.00691388199510945
2019-01-16,498865.0,-0.057204864829301275,0.06010416322838511,0.9071612560512363,0.42074108225672274,-0.0014144068760042483,0.6141260661702064,0.6901686829102062,0.08570653747137236,0.006334864789156819,-0.06632786443353039
2019-01-17,257841.0,-0.06049205621225836,0.06414230687993651,0.8661810961018612,0.41123405509597,-0.029537804610206164,0.0,0.875434861019,-0.6599924021926658,-0.0032871913829570845,-0.009507027160752746
2019-01-18,309505.0,-0.06046272074707938,0.06238080433454636,0.8909484499442658,0.4337571283177978,-0.03416611936080094,0.0,0.7249220529555258,0.1826311312091633,2.933546517897706e-05,0.022523073221827783
2019-01-21,360360.0,-0.05911391871106309,0.06177416671376947,0.8902819402819403,0.3866744366744367,-0.00903998220316704,0.0,0.7975857475857476,0.15212928470022824,0.0013488020360162903,-0.047082691643361096
2019-01-22,380487.0,-0.05913321301344928,0.06125336866109555,0.8968926665037176,0.38145587102844514,-0.009566776422838208,0.0,0.5820461671489433,0.054348479363229174,-1.9294302386188567e-05,-0.005218565645991546
2019-01-23,419933.0,-0.05369943455029436,0.0602564138626598,0.8862389952682928,0.3766672302486349,-0.00471238219044523,0.0,0.7849109262668093,0.09864316359614556,0.005433778463154917,-0.004788640779810227
2019-01-24,310332.0,-0.06938744527039284,0.06598082474169782,0.8971424152198291,0.4766121444130802,-0.03818117021965928,0.0,0.5399797636080069,-0.30245248259831037,-0.015688010720098476,0.09994491416444529
2019-01-25,385921.0,-0.06660975154176459,0.06568788683915817,0.9241917387237284,0.4604439768760964,-0.006982218963429876,0.0,0.753405489724581,0.2179899931617193,0.0027776937286282527,-0.016168167536983802
2019-01-28,422289.0,-0.06479288731804758,0.06444726775062726,0.9615168758835774,0.4954971595281904,-0.011317913221675524,0.0,0.4923808102981607,0.09005722846132969,0.0018168642237170046,0.035053182652094006
2019-01-29,414479.0,-0.05870148872793113,0.06401135431121628,0.8979731180590573,0.43294352669254654,-0.003180759576261183,0.0,0.724157315569667,-0.018667603925377918,0.006091398590116454,-0.06255363283564386
2019-01-30,470271.0,-0.05508252904879959,0.061929755192994165,0.9044125621184381,0.40804132085542166,-0.003248001965313052,0.0,0.6650888530230442,0.1262868144393554,0.0036189596791315407,-0.02490220583712488
2019-02-11,398817.0,-0.06733264762554146,0.06595610470237435,0.9643595934977697,0.5458543642823651,-0.00042481945173300506,0.428331791272689,0.8300774540704132,-0.16480645921853743,-0.012250118576741874,0.13781304342694345
2019-02-12,385370.0,-0.07522123567942084,0.06683602817404578,0.9369385266107896,0.5420842307392895,-0.019582599670817435,0.49267197757998804,0.7122479694838726,-0.03429875331625354,-0.007888588053879375,-0.003770133543075649
2019-02-13,441483.0,-0.06781373029728682,0.06636955421873882,0.9208893660684556,0.48216579120826847,-0.018886922258185335,0.5046196569290323,0.7758192274674223,0.13593560245987213,0.007407505382134014,-0.059918439531020995
2019-02-14,395063.0,-0.07623805071646349,0.06677201087975974,0.9371163586567206,0.5461913669465377,-0.018734246472151384,0.6630841156980026,0.511624728207906,-0.11109426835216674,-0.008424320419176665,0.06402557573826922
2019-02-15,432721.0,-0.07116092288802948,0.06687062763983673,0.9381241030594771,0.5200880012756487,-0.01637194255612151,0.6540149426535805,0.4820057265535992,0.09104793266946665,0.005077127828434003,-0.026103365670889
2019-02-18,484076.0,-0.0716430889355567,0.06708870111386397,0.9313434254125386,0.5326250423487221,-0.014319959626545642,0.6480346061362265,0.6380485708855634,0.11214874065920633,-0.0004821660475272105,0.012537041073073407
2019-02-19,517403.0,-0.06878551591608319,0.06690142345748903,0.9540880126323195,0.5071424015709225,-0.00514762230281729,0.6546657054559019,0.43602375711002833,0.06658014877408114,0.0028575730194735083,-0.025482640777799603
2019-02-20,620793.0,-0.06874641082909545,0.06590010187399417,0.9819633919841235,0.47176434012625784,-0.007053811842538171,0.620118139218709,0.7642080371395941,0.1821756250752422,3.910508698773407e-05,-0.035378061444664655
2019-02-21,305890.0,-0.08162291154190605,0.07639578977364407,0.9650299127137206,0.5379613586583413,-0.03096361946716575,0.0,0.7370198437346759,-0.7077721328314333,-0.012876500712810601,0.06619701853208343
2019-02-22,342771.0,-0.07777402133655022,0.0749330626131575,0.9670771447992975,0.5092233590356243,-0.031281846609292674,0.0,0.5283702530260728,0.11383702551134789,0.003848890205355837,-0.028737999622716948
2019-02-25,390679.0,-0.07700129192101805,0.07389736994075392,0.9568750815887211,0.4839830141881186,-0.037622234006003286,0.0,0.752817530504583,0.13082366522424138,0.000772729415532164,-0.025240344847505702
2019-02-26,419910.0,-0.070977584933602,0.07264313289914971,0.9386559024552881,0.4532780833988236,-0.037679653179746975,0.0,0.674134933676264,0.07215415166426808,0.006023706987416055,-0.030704930789295037
2019-02-27,465646.0,-0.06614408239546737,0.07098736053576264,0.9486841935719409,0.4174931170889474,-0.0037702723124176662,0.0,0.6987217757695761,0.10338528618729548,0.004833502538134624,-0.03578496630987621
2019-03-04,369689.0,-0.07379531195134716,0.07479355242610092,0.9311745818782815,0.4852889861478161,-0.033805222862487216,0.5642201958943869,0.6553129792879961,-0.23076357714250584,-0.007651229555879782,0.06779586905886875
2019-03-05,403699.0,-0.06602478914983034,0.07373621870887155,0.9361578800046569,0.38872774022229434,-0.02962176597194055,0.532297578146094,0.5450248824000059,0.08800743912342668,0.007770522801516813,-0.09656124592552179
2019-03-06,474550.0,-0.06353833199202805,0.07055790048890581,0.9621156885470445,0.412335897165736,-0.005517927229015673,0.4759077020335054,0.7344895163839427,0.16169743580761953,0.0024864571578022965,0.02360815694344165
2019-03-07,417223.0,-0.069787079873872,0.07372045471077407,0.9417505746327504,0.4150610105387287,-0.030225918570010002,0.5607864379480517,0.6073418771256618,-0.12874613553513115,-0.006248747881843958,0.0027251133729926935
2019-03-08,439483.0,-0.0627472579979459,0.07245131556885043,0.876796144560768,0.4051442262840656,-0.02360436448849068,0.5181884168443376,0.6980998127345085,0.05197818501721585,0.007039821875926111,-0.00991678425466308
2019-03-11,471797.0,-0.060795178067719974,0.07109807944355748,0.9075301453803225,0.38584391168235493,-0.02441689397753044,0.4933329376829442,0.48081908108784077,0.07094977226823573,0.0019520799302259195,-0.019300314601710666
2019-03-12,516602.0,-0.06291936045850526,0.07051177596845538,0.9011521442038551,0.41884661693140945,-0.03319337196048078,0.4682540911572158,0.7858757805815696,0.0907239437947105,-0.0021241823907852814,0.03300270524905452
2019-03-13,558326.0,-0.06162693439156531,0.06888897720785063,0.9541880550072896,0.39311262595687824,-0.035988478134290625,0.48918015639608403,0.683195838990124,0.07767026905491115,0.001292426066939946,-0.025733990974531218
2019-03-14,434930.0,-0.07153288266955059,0.07372454502438505,0.9351343894419791,0.4675189110891408,-0.03369038473617325,0.7348699790770928,0.4431379762260594,-0.24975792257692753,-0.009905948277985278,0.07440628513226255
2019-03-15,485863.0,-0.07324427254632616,0.07268872149131832,0.9699915408252944,0.47748027736213705,-0.04207585992850049,0.7326386244682143,0.6855986152475081,0.11074159255756122,-0.0017113898767755764,0.009961366272996264
2019-03-18,518608.0,-0.07442526236660069,0.07226190148370831,0.9887043778730756,0.44296848486718293,-0.04876958345620064,0.7269151266467159,0.5458458026100639,0.06522160797582544,-0.0011809898202745223,-0.03451179249495412
2019-03-19,549977.0,-0.07098091981517247,0.07207955565061527,0.9855903065037265,0.42089578291455826,-0.04873519831968587,0.7201701162048595,0.5229364137045731,0.058728160037391675,0.0034443425514282117,-0.022072701952624674
2019-03-20,626133.0,-0.06760938520696116,0.07039580365019107,0.9884768890954477,0.4699432868096714,-0.004886481240688578,0.6656285485671575,0.5348464303909872,0.12968634942725998,0.00337153460821131,0.04904750389511314
2019-03-21,288432.0,-0.06832230037888506,0.07366692940846285,0.97735341432296,0.41256864702945584,-0.038602014223034886,0.0,0.777486547955844,-0.7751034523378717,-0.0007129151719239002,-0.057374639780215564
2019-03-22,326264.0,-0.0643137783369959,0.072263826538992,0.9573995292156046,0.4248675918887772,-0.0412695846535458,0.0,0.809838045263958,0.12324751333392747,0.004008522041889159,0.01229894485932137
2019-03-25,346545.0,-0.05297254457900053,0.07237650009151479,0.821933659409312,0.3074290496183757,-0.02666926221530075,0.0,0.8893996450677402,0.060305810733822796,0.011341233757995374,-0.11743854227040151
2019-03-26,382006.0,-0.05624320259781181,0.07024196156644646,0.9381815992418967,0.3531907875792527,-0.03401772861580432,0.0,0.7415668863839835,0.09742363496207496,-0.0032706580188112816,0.045761737960877014
2019-03-27,429617.0,-0.05172947223076612,0.06757425464066791,0.9066540662962592,0.33738422827774506,-0.004050195870128226,0.0,0.8726144449591148,0.11745779881680818,0.004513730367045693,-0.01580655930150765
2019-03-28,332076.0,-0.06592335936739198,0.07248434635090599,0.9540466640166709,0.45039388573699995,-0.022423516503958685,0.0,0.5460346426721594,-0.25753025572436883,-0.014193887136625859,0.1130096574592549
2019-03-29,408518.0,-0.06979213110857659,0.07123028191840404,0.9785909066430365,0.46926940795754407,-0.03204949892115816,0.0,0.8955859962106932,0.2071721185948281,-0.0038687717411846068,0.018875522220544116
2019-04-01,461264.0,-0.06353309022434213,0.07061982691008187,0.9344410142564779,0.42872411460681953,-0.0415902836047104,0.49131083284193,0.8517269936522252,0.12143457022086324,0.006259040884234457,-0.04054529335072454
2019-04-02,507692.0,-0.06363578763901567,0.07049500876708513,0.929132229777109,0.4012334249899545,-0.045864007558253705,0.4657410398430544,0.548787453810578,0.09590441729455357,-0.00010269741467354432,-0.027490689616865016
2019-04-03,562046.0,-0.059545218544932936,0.06811436976249559,0.9690185500830892,0.36825099724933547,-0.04711902978033289,0.43657102799414993,0.6266052956519573,0.10170873258573465,0.004090569094082737,-0.03298242774061905
2019-04-08,474819.0,-0.07273534976605836,0.07321667020454396,0.9749399244764847,0.5024082861048105,-0.05560539860396252,0.5527306194570983,0.6738525627660225,-0.1686500182938655,-0.013190131221125424,0.134157288855475
2019-04-09,522223.0,-0.07079104196866164,0.07247395104838189,0.9751964199202257,0.5375347313312512,-0.06004644476390586,0.5219168822514519,0.5333755885895489,0.09516102093846257,0.0019443077973967243,0.035126445226440706
2019-04-10,597860.0,-0.06521999244559676,0.07072197977759541,0.9755728765931824,0.4844629177399391,-0.06147694085648503,0.5282055999732379,0.5325878968320342,0.13526191310684155,0.005571049523064878,-0.05307181359131208
2019-04-11,494090.0,-0.07090677890863926,0.0741842006978024,0.9583375498390981,0.4618065534619199,-0.028566617663249416,0.7316703434596936,0.5473112186038981,-0.19063892600052057,-0.005686786463042506,-0.022656364278019203
2019-04-12,525599.0,-0.06736843708219913,0.07375342659241102,0.9575950486968202,0.436553341996465,-0.02825465280926942,0.7360307002106168,0.3596924651683127,0.06182087775222733,0.003538341826440139,-0.025253211465454894
2019-04-15,547540.0,-0.07038548604287488,0.07345074804672565,0.9616649011944333,0.513146071519889,-0.034536025598587705,0.733632246045951,0.42842714687511413,0.04089695380161018,-0.0030170489606757556,0.076592729523424
2019-04-16,576086.0,-0.071114237089505,0.0732876043306447,0.9694021378752478,0.48917869901368893,-0.03915225776342102,0.7346802387143586,0.581626701568863,0.05082143672379935,-0.0007287510466301161,-0.02396737250620007
2019-04-17,683470.0,-0.06640430424671384,0.07159753794445281,0.9365707346335611,0.4611307006891305,-0.004297434088127439,0.6760018727961725,0.6552021303056462,0.17092580836052917,0.004709932842791156,-0.028047998324558454
2019-04-18,309772.0,-0.07166116990932846,0.0872496985150136,0.9168517490283176,0.43117518691166407,-0.06039215400081377,0.0,0.9899248479526878,-0.7913462204597383,-0.005256865662614615,-0.029955513777466414
2019-04-19,353234.0,-0.06557269219094305,0.0847419727756838,0.8875051665468217,0.3854951675093564,-0.006245156584765432,0.0,0.705444549505427,0.13129418383022973,0.006088477718385402,-0.04568001940230765
2019-04-22,379612.0,-0.06433407717470549,0.08353465714435374,0.8783652782314574,0.367662244607652,-0.007982555054692808,0.0,0.5590734750218644,0.07201895162200778,0.0012386150162375653,-0.017832922901704407
2019-04-23,409450.0,-0.06403972491732042,0.08244772033609074,0.9392233483941873,0.3477762852607156,-0.002329108045943662,0.0,0.8049945048235437,0.07566511725668867,0.0002943522573850693,-0.019885959346936433
2019-04-24,440436.0,-0.05875499983387679,0.07765304138361556,0.9498496943937371,0.32110227138562697,-0.002506429299469315,0.0,0.8737092335776367,0.07295034966068847,0.005284725083443631,-0.02667401387508861
2019-04-25,328044.0,-0.07527133233940202,0.08474475572432469,0.9521954371974491,0.4156271719647364,-0.048900982439994745,0.0,0.5624580848910512,-0.29461739964809475,-0.016516332505525227,0.09452490057910945
2019-04-26,360095.0,-0.06627316041340514,0.08300416413970343,0.9129257557033561,0.4096252377844735,-0.04131214237519021,0.0,0.8163179161054722,0.0932201397977046,0.008998171925996876,-0.006001934180262902
2019-04-29,412535.0,-0.06093673805284983,0.08042246979909158,0.8678221241834027,0.3467681530051996,-0.0401369039021634,0.0,0.5532379070866714,0.13595316513365852,0.005336422360555308,-0.06285708477927393
2019-04-30,427739.0,-0.06230824100462261,0.07934924137098713,0.9183450655656837,0.38352593520815265,-0.006175389073217463,0.0,0.6479512038883525,0.0361921458259058,-0.0013715029517727753,0.03675778220295306
2019-05-02,495464.0,-0.05925039649727032,0.07594129201773646,0.9665263268370659,0.3484652769928794,-0.004951615204339288,0.37797700741123474,0.9021503075904607,0.14698150075959582,0.003057844507352289,-0.035060658215273266
2019-05-03,418256.0,-0.0737870637621308,0.08089620001725277,0.9596993229027199,0.4702215867793887,-0.04472662058524002,0.4761366244596611,0.8172554607704372,-0.16940101199447,-0.014536667264860484,0.12175630978650931
2019-05-06,437574.0,-0.059593692133288856,0.08046483535659348,0.8045153505464219,0.3737059331678756,-0.027265919802663574,0.45812365451329373,1.229835410696248,0.04515214910058596,0.014193371628841947,-0.0965156536115131
2019-05-07,504096.0,-0.06123344506106308,0.07677931451838399,0.8982475560210753,0.37346259442645846,-0.017032639977282438,0.4379284898114645,0.7510136958039738,0.14152089177178695,-0.0016397529277742268,-0.00024333874141713174
2019-05-08,528607.0,-0.056942183335433806,0.07705282043726717,0.9149141044291884,0.33827966712510427,-0.0021705080050641312,0.4450357259741169,0.9764683403738506,0.04747851848637907,0.0042912617256292765,-0.035182927301354194
2019-05-09,396596.0,-0.06093390108183627,0.08459515239433413,0.7764526117257864,0.3688236895984831,-0.003136858129605291,0.6564085366468648,0.8567005214374326,-0.28732711430379787,-0.003991717746402466,0.03054402247337884
2019-05-10,454741.0,-0.059766687906193196,0.08165927324871736,0.8029119872630794,0.37362366709841427,-0.019881470999226103,0.6780958831510684,0.9578771212624329,0.13680989580223724,0.0011672131756430768,0.004799977499931163
2019-05-13,501475.0,-0.04489785977271079,0.07974877217156869,0.6777645944463832,0.33384914502218455,-0.0055207803536369005,0.6663183608355352,0.6844109875866194,0.09782572960238411,0.014868828133482406,-0.039774522076229724
2019-05-14,534564.0,-0.042273960488808895,0.07805275401546849,0.7153119177497923,0.2777141745422438,-0.011336359531335383,0.6735938072896791,0.8449427945016874,0.06389770565927222,0.002623899283901894,-0.05613497047994076
2019-05-15,576945.0,-0.04478551166618829,0.0755066736308548,0.7640347000147327,0.32159391276464827,-0.005748666519580503,0.6152544869961608,0.8463441055906542,0.07629547997084885,-0.0025115511773793966,0.043879738222404485
2019-05-16,299521.0,-0.05751451416915773,0.08972825803746039,0.7133723511873958,0.3517683234230655,0.0024239565959973675,0.0,0.8174284941623459,-0.655562409382016,-0.01272900250296944,0.03017441065841725
2019-05-17,347914.0,-0.04549033481026175,0.08550991754800032,0.6415723425904103,0.3003817035244342,0.011160320913395472,0.0,0.9530027535540392,0.14977079083805656,0.012024179358895985,-0.0513866198986313
2019-05-20,386191.0,-0.044400028310826886,0.08236283792163579,0.6616622344901875,0.28078593234953686,0.009769762877209098,0.0,0.6847000577434482,0.10437674293837773,0.0010903064994348607,-0.01959577117489736
2019-05-21,415024.0,-0.048764503485963395,0.08009582809793232,0.780311500057828,0.2955949535448552,-0.006163696306560329,0.0,0.7966093527121323,0.072004284148532,-0.004364475175136509,0.01480902119531835
2019-05-22,463016.0,-0.0451947118643298,0.07704221751047975,0.8038728683242048,0.2771480899148194,-0.0006904320651185403,0.0,0.8352519135407848,0.10942526084073378,0.0035697916216335945,-0.018446863630035837
2019-05-23,336579.0,-0.04875182990439841,0.08733138496475319,0.7333107531961293,0.29896695872291495,0.01858974794269108,0.0,0.8922689769712311,-0.3189287195059105,-0.003557118040068606,0.02181886880809558
2019-05-24,390122.0,-0.04775250378273534,0.08198109327867259,0.7589138782227098,0.33799683176032114,-0.0027381132192388913,0.0,0.5949626014426257,0.14762661949972156,0.0009993261216630703,0.03902987303740618
2019-05-27,413713.0,-0.047394602719040356,0.08023693417962131,0.7687358144414123,0.3286553722024689,-0.0033026486022528223,0.0,0.5195654958872455,0.0587129859922797,0.0003579010636949806,-0.00934145955785226
2019-05-28,430217.0,-0.04452497189734616,0.07945975352828878,0.7689491582155052,0.26937568715322735,-0.0011937189630645273,0.0,0.5111490247944642,0.039117235846166665,0.002869630821694197,-0.059279685049241526
2019-05-29,475254.0,-0.04284542968314573,0.07613732514676458,0.8203928846469467,0.2622534476301094,-0.005026315840563567,0.0,0.839229128003131,0.09955966539912531,0.0016795422142004274,-0.007122239523117968
2019-05-30,374375.0,-0.060113468847591056,0.08301151410884246,0.8152173622704507,0.40271385642737895,-0.017624017744406917,0.0,0.6310570951585976,-0.23859142908623632,-0.017268039164445324,0.14046040879726956
2019-05-31,435402.0,-0.06427501832286067,0.07878021513185252,0.8627727938778417,0.41188373043761856,-0.028431707797978545,0.0,0.7998148837166572,0.1510117733974461,-0.004161549475269616,0.00916987401023961
2019-06-03,467725.0,-0.061700973173361935,0.07728928458940784,0.91254476455182,0.39111871291891603,-0.02857790471873045,0.5050403549094019,0.6659041103212358,0.07161077410432348,0.002574045149498737,-0.020765017518702522
2019-06-04,482085.0,-0.05407605037733377,0.07721280586339883,0.8297603119781781,0.3822707613802545,-0.0075864502470007755,0.49122042793283344,0.5360320275470093,0.03023993067925801,0.007624922796028166,-0.008847951538661525
2019-06-05,526437.0,-0.05335454292874664,0.07494748116187412,0.8620252755790342,0.3585709211168668,-0.0011107266369836388,0.4576597009708664,0.715555707520558,0.08801121924402722,0.000721507448587129,-0.023699840263387728
2019-06-06,387142.0,-0.06180089003677804,0.08333452636389305,0.8414302762293938,0.3939588058128542,-0.020097605963955045,0.6261810911758476,0.5659447954497316,-0.3073401155009261,-0.008446347108031403,0.035387884695987415
2019-06-10,444019.0,-0.06690041852470459,0.07969016996102356,0.9016753787563144,0.44678943919066527,-0.03468234897747302,0.5500597947385134,0.8087964704213108,0.13707580351558946,-0.005099528487926545,0.052830633377811076
2019-06-11,484471.0,-0.06507378820097036,0.078145059184823,0.9238261939311125,0.415430438560822,-0.02901272276145017,0.5233811724540788,0.7000460295869103,0.08719021970881968,0.0018266303237342296,-0.03135900062984326
2019-06-12,531199.0,-0.06153324257227956,0.07618785019157026,0.9298511480631553,0.38861895447845346,-0.0061852018621545435,0.5276120625227081,0.6226178889643994,0.0920791416120803,0.0035405456286908,-0.026811484082368553
2019-06-13,406516.0,-0.07098431334300186,0.08207484850144853,0.8913080911944425,0.4912106780544923,-0.0247144922692053,0.7848522567377422,0.509116492339785,-0.2675134270234629,-0.009451070770722297,0.10259172357603885
2019-06-14,424914.0,-0.06494826848269164,0.08121457007732671,0.871392799484131,0.39794405456162896,-0.021346987601511547,0.796356439185341,0.3326602559576761,0.04426350690025238,0.006036044860310216,-0.09326662349286335
2019-06-17,443581.0,-0.06322291600350091,0.08054832676571796,0.8671539132649956,0.44880867304956706,-0.0029001361753528965,0.7905207842536087,0.5607431337230404,0.04299362767218007,0.0017253524791907282,0.05086461848793811
2019-06-18,456561.0,-0.06489445056166589,0.07983287604865907,0.8943295638479852,0.43884825904972175,-0.006316044494328432,0.7872595337753334,0.39824689362429117,0.0288418933393757,-0.0016715345581649749,-0.009960413999845319
2019-06-19,608058.0,-0.06668264294348542,0.07446861309873905,0.9566883422305109,0.44695900719997106,-0.016272340362345927,0.7340483966989991,0.8332511043354417,0.2865479556345445,-0.0017881923818195283,0.008110748150249314
2019-06-20,213468.0,-0.07593917769091686,0.07753360272880896,0.9843067813442764,0.5013069874641632,-0.01251830086388428,0.0,0.6588013191672757,-1.0467833336220878,-0.009256534747431447,0.054347980264192186
2019-06-21,257993.0,-0.06846142743633403,0.07395988041019355,0.9867980914210851,0.45149674603574513,-0.014232994593553983,0.0,0.6747198567402991,0.18944551423946443,0.007477750254582832,-0.04981024142841811
2019-06-24,289191.0,-0.06135511579007019,0.0719653171905807,0.9597255792884287,0.40937995995726006,-0.012008961496180248,0.0,0.7701449906808995,0.11415491669781375,0.007106311646263838,-0.04211678607848507
2019-06-25,292504.0,-0.05602099618353557,0.07196903228949947,0.9243189836720181,0.34905163690069196,-0.005297607483897848,0.0,0.8869109482263491,0.011390972323669146,0.005334119606534619,-0.0603283230565681
2019-06-26,318594.0,-0.05109842850473083,0.06974260042274874,0.9241793630765175,0.3498684846544505,-0.00023937930354700487,0.0,1.052803882056787,0.08543922311482177,0.004922567678804744,0.0008168477537585095
2019-06-27,257778.0,-0.07338412244235852,0.07298352464725325,0.9663353738488156,0.5571460714258005,-0.05326761896806165,0.0,0.8225411012576713,-0.2118188155141727,-0.022285693937627693,0.20727758677135005
2019-06-28,279867.0,-0.06783509153369063,0.07118854784829756,0.9507158757552695,0.4268884863167147,-0.04946774853389724,0.0,0.517778087448681,0.08221574092828376,0.005549030908667887,-0.1302575851090858
2019-07-01,358225.0,-0.06640747409174703,0.0689804357763506,0.9431558378114313,0.48562216484053317,-0.06383025590475289,0.4275915974596971,0.9402665922255565,0.24684679028165313,0.0014276174419435989,0.058733678523818444
2019-07-02,375376.0,-0.06106931772988299,0.0689338542630013,0.9431476706022761,0.4481133583393717,-0.00599349109811953,0.4155300285580325,0.4574559907932313,0.04676690969994368,0.005338156361864042,-0.03750880650116145
2019-07-03,365326.0,-0.0554688434509852,0.06841309695146426,0.885220323765623,0.4340178361244478,-0.050612587574007994,0.4275195305015247,1.194549525629164,-0.0271380846569258,0.005600474278897795,-0.014095522214923939
2019-07-04,301609.0,-0.06709583026525705,0.07114336600142894,0.9545703211774185,0.4948592382853297,-0.0534433318794717,0.5632756316953407,0.5634977736075515,-0.1916586291083071,-0.01162698681427185,0.06084140216088191
2019-07-05,324420.0,-0.06460744332344323,0.06992121629308705,0.943224832007891,0.46631218790456813,-0.054306013593887426,0.5233801861784108,0.47757536526724614,0.07290749608459102,0.0024883869418138166,-0.02854705038076155
2019-07-08,350561.0,-0.0586784753050834,0.06844259493483033,0.9543816910608995,0.4368540710461232,-0.05127046046867234,0.4912497397029333,0.7243903343497993,0.07749575579985013,0.005928968018359834,-0.029458116858444905
2019-07-09,367755.0,-0.053717330478197434,0.06748990734878915,0.9338499816453889,0.3370396051719215,-0.046976579916619854,0.4864189473970442,0.5432665769330125,0.0478822271603665,0.004961144826885963,-0.09981446587420173
2019-07-10,467504.0,-0.05223174959541469,0.06320287291420416,0.9410935521407303,0.36314127793558987,-0.004489520747364417,0.46217358568055034,0.8526857524213697,0.23999094925968478,0.001485580882782743,0.02610167276366837
2019-07-11,362823.0,-0.06611758074666058,0.0681353539917386,0.9632327608778937,0.5167368110621432,-0.05933736773084508,0.7585461781640084,0.6203823903115293,-0.2534927927999533,-0.013885831151245885,0.15359553312655333
2019-07-12,386356.0,-0.061684559045693324,0.06740713271537527,0.9572751555560157,0.43339044818768185,-0.05768013783737591,0.7572472020623466,0.43316009069355726,0.06284411217696828,0.004433021700967252,-0.08334636287446134
2019-07-15,420481.0,-0.06118301773577106,0.0664827309346395,0.9616581962086277,0.4547577655114024,-0.0621922818424796,0.7662795703016307,0.8018174424052454,0.08464006986887718,0.0005015413099222626,0.021367317323720547
2019-07-16,453221.0,-0.05849805600171604,0.06575849307266254,0.9354663618852612,0.42488101831115505,-0.007904611865644506,0.7600199461190016,0.5294436930327588,0.0749805711505438,0.0026849617340550247,-0.029876747200247356
2019-07-17,459049.0,-0.05488950581164959,0.06506836344173193,0.9336693904136596,0.375001361510427,-0.002630101362333326,0.6932310058403351,0.8523861287139282,0.012777092937092505,0.003608550190066444,-0.049879656800728034
2019-07-18,200566.0,-0.07064253246318457,0.08275203763833122,0.9171095798889144,0.41511522391631683,-0.05549258839478188,0.0,0.693701823838537,-0.8280135885382993,-0.015753026651534975,0.04011386240588982
2019-07-19,268282.0,-0.061119968840932244,0.07723144311239709,0.9198716276157178,0.38411820397939483,-0.0067312352676629494,0.0,0.955856151363118,0.2908952964645177,0.009522563622252324,-0.030997019936922
2019-07-22,315634.0,-0.06054814122306719,0.07356897297490204,0.945861345735884,0.34413909781582463,-0.013205683569783355,0.0,0.7196087873929932,0.16254464837295224,0.0005718276178650547,-0.0399791061635702
2019-07-23,339159.0,-0.05798163750329776,0.07316778105665009,0.9072087133173526,0.3295710861277454,-0.0043170619862870074,0.0,0.6816920677322436,0.07188570949598372,0.0025665037197694293,-0.014568011688079252
2019-07-24,381023.0,-0.05389892042058827,0.07036562658658813,0.9368410830842233,0.30381368053897007,-0.0032700059255140745,0.0,0.7535188164494007,0.11639071678817459,0.004082717082709492,-0.025757405588775317
2019-07-25,265539.0,-0.0723934103159924,0.07784894075171435,0.9700420653839925,0.42036009776341704,-0.04948265351540615,0.0,0.5625388361031712,-0.3610980182090362,-0.018494489895404136,0.11654641722444697
2019-07-26,298913.0,-0.06360222276339285,0.07572900099066736,0.9319902446531265,0.38867496562544956,-0.02680687992449482,0.0,0.36106827070083936,0.11839083860137478,0.008791187552599555,-0.031685132137967476
2019-07-29,334287.0,-0.05945937629745948,0.07320658376314217,0.9339130746933024,0.3668374779755121,-0.007875447948828329,0.0,0.5404727075836033,0.11184734429181731,0.004142846465933367,-0.02183748764993748
2019-07-30,349200.0,-0.053794181864185435,0.07283691790871313,0.8731615120274914,0.3122537227949599,-0.0028529485084342054,0.0,0.7267983963344788,0.04364491852256336,0.005665194433274047,-0.054583755180552196
2019-07-31,398734.0,-0.05110327876216841,0.06905215236093107,0.9430196572150857,0.3022165152708322,-0.002199779929618062,0.0,1.0632276154027498,0.13264970393671227,0.002690903102017028,-0.010037207524127678
2019-08-01,316074.0,-0.05866045309493771,0.07332298266194133,0.9155925511114485,0.31674544568676954,-0.03091294523260424,0.5164233692110075,0.7506786385466695,-0.23231816451526122,-0.007557174332769305,0.014528930415937336
2019-08-02,356636.0,-0.04445646893096833,0.06941479172686184,0.7668743480747877,0.29974820264919977,-0.03308737098352088,0.4668737872789062,1.1237704550297782,0.12073929039592812,0.014203984163969383,-0.016997243037569776
2019-08-05,394293.0,-0.034514081188215244,0.06709804148968362,0.704854004509337,0.23668439459995486,-0.021433484819267434,0.42403745438037194,0.8737208116806537,0.10037863396320468,0.009942387742753085,-0.06306380804924491
2019-08-06,423324.0,-0.03860995354391751,0.06644234522991337,0.7085093214653552,0.2544882879307575,-0.018735419322253977,0.39689221494647126,1.6207751037030738,0.0710435555513591,-0.004095872355702267,0.01780389333080265
2019-08-07,477854.0,-0.036796927292871956,0.06314722858614828,0.7537406823004515,0.24206766083364376,-0.0034834751564097877,0.36964219196658393,0.9785457482829484,0.12116740320742991,0.0018130262510455547,-0.012420627097113751
2019-08-08,370430.0,-0.05960917933622605,0.06674879928191964,0.8728315741165672,0.4147450260508058,-0.028061392216296333,0.5102907431903464,0.7437599546473018,-0.25464075349207427,-0.022812252043354096,0.17267736521716207
2019-08-12,408285.0,-0.053439413818896116,0.06532378518413316,0.8731474337778757,0.3697784635732393,-0.026007509291124498,0.4756824277159337,0.635823015785542,0.09730096694506685,0.0061697655173299365,-0.04496656247756653
2019-08-13,420483.0,-0.043475349978969145,0.06530942087312377,0.8050931904500301,0.31028840642784605,-0.015696741956215843,0.4629081318388615,0.6601075429922256,0.029438590576123858,0.00996406383992697,-0.05949005714539324
2019-08-14,485837.0,-0.04396595448039081,0.06231476937501711,0.8504333758029956,0.31613071873900095,-0.02183888535664036,0.4631882709633066,0.9549108034176071,0.14446912616393348,-0.0004906045014216667,0.005842312311154896
2019-08-15,384569.0,-0.04748369360871594,0.06740583914941348,0.809043370630498,0.3660955511234655,-0.012310293372892467,0.6926975393232424,0.6795139493822955,-0.2337499500159339,-0.003517739128325127,0.04996483238446453
2019-08-16,427162.0,-0.053302955551046485,0.06559304366330852,0.8823092878111817,0.34648447193336485,-0.021196845950777643,0.6976978289267304,0.6693549519854294,0.10504010569678535,-0.005819261942330546,-0.019611079190100633
2019-08-19,460397.0,-0.05569583651366062,0.06454320411727685,0.8876469655536418,0.38010238989393935,-0.027529495888451883,0.705080615208179,0.6246978151464931,0.07492582837479667,-0.0023928809626141342,0.033617917960574506
2019-08-20,474787.0,-0.05666834584307322,0.0645183364413233,0.9109095236390213,0.36770593971612536,-0.03064861012116893,0.6992398696678721,0.5217371158014015,0.030777121657704853,-0.0009725093294125978,-0.012396450177813989
2019-08-21,530174.0,-0.05373967282719964,0.06258694360630784,0.9223707688419274,0.3392791800427784,-0.0024511201048850184,0.6503185746566221,0.6368154605846382,0.1103389721424648,0.00292867301587358,-0.028426759673346957
2019-08-22,258627.0,-0.06426168600801231,0.07452454247777031,0.9177541401323142,0.489040200752435,-0.05031254214238101,0.0,0.8235451054994258,-0.7178183853134339,-0.010522013180812674,0.14976102070965658
2019-08-23,291624.0,-0.06100498749888692,0.07178854791593038,0.9214948015252516,0.44950689929498255,-0.05106323619700315,0.0,0.47070885798151046,0.1200784320341679,0.00325669850912539,-0.03953330145745243
2019-08-26,335393.0,-0.04406222064504428,0.06859345221808265,0.7974078170981506,0.2819289609502882,-0.0342428512241455,0.0,0.9786399835416959,0.13983767729462748,0.01694276685384264,-0.16757793834469437
2019-08-27,377747.0,-0.04428090309195918,0.06581567366212564,0.806386285000278,0.25916023158357315,-0.03727942868310408,0.0,0.5911390427984868,0.11892168079184096,-0.00021868244691489874,-0.022768729366715035
2019-08-28,439660.0,-0.04443230881991954,0.06233161749507657,0.9021562116180685,0.2896943092389574,-0.003286280139808362,0.0,0.7726697902924987,0.15177704157108174,-0.00015140572796035895,0.03053407765538424
2019-08-29,319256.0,-0.05975755565293645,0.06918695033685673,0.9217712431403012,0.39675683464053924,-0.04419910097367441,0.0,0.4882758663893553,-0.3200084121473772,-0.015325246833016913,0.10706252540158184
2019-08-30,380720.0,-0.06390290430278146,0.0664285184872822,0.9636530783778104,0.43382275688169786,-0.058207486308691214,0.0,0.6375998108846397,0.17607090802826164,-0.004145348649845011,0.03706592224115862
2019-09-02,424380.0,-0.05921587748255644,0.06521586827035976,0.9453414392761205,0.45296668080493896,-0.05969524722962716,0.490671096658655,0.5571586785428154,0.10856508346309823,0.004687026820225024,0.019143923923241102
2019-09-03,444884.0,-0.05182814265982983,0.06483560035151295,0.8985713129714712,0.37296688574999326,-0.052869757278932616,0.4944772120372951,0.7154741460695372,0.04718429375156852,0.007387734822726609,-0.0799997950549457
2019-09-04,555487.0,-0.051102070118481745,0.06091982514424367,0.9633258744129025,0.38145087103748604,-0.005377529601747533,0.41265232129644797,0.6833679276022662,0.22203163243808888,0.0007260725413480856,0.008483985287492779
2019-09-05,401962.0,-0.06951611711909757,0.06719364971402901,0.9713629646583508,0.5532761803354546,-0.07036673102827673,0.6035645160487807,0.6688741721854304,-0.32348764967776766,-0.018414047000615823,0.17182530929796852
2019-09-06,450846.0,-0.06558511009771421,0.06627059597878882,0.9450211380382658,0.49595870873868236,-0.07241128541533703,0.5536790833233521,0.45533286310624915,0.11476826098829385,0.003931007021383354,-0.057317471596772196
2019-09-09,472849.0,-0.06452355758986744,0.06600765039809517,0.9743343012251269,0.48397268472599075,-0.07417180038403348,0.5423380402623248,0.4395335508798792,0.04765028084757539,0.001061552507846772,-0.01198602401269161
2019-09-10,489907.0,-0.0592441082234996,0.06550178205326784,0.9393272600718096,0.459848501858516,-0.07007712780302,0.531055894281976,0.47674762761095474,0.03543947854906726,0.005279449366367844,-0.024124182867474753
2019-09-11,537953.0,-0.05834034252441953,0.06402104822656572,0.9452387104449645,0.43650839385596885,-0.003739452381062769,0.5308047357297013,0.6763527668774038,0.0935556185780495,0.0009037656990800655,-0.023340108002547155
2019-09-12,429926.0,-0.07019377749481813,0.0680019326025054,0.9692993677981793,0.5029051511190298,-0.07643003264819825,0.7652130831817568,0.5915576168922093,-0.22415809489618077,-0.011853434970398598,0.06639675726306093
2019-09-16,490550.0,-0.06927854293521363,0.06701103135987561,0.9625542758128631,0.5192375904596881,-0.009004297067478517,0.7568790133523596,0.5759229436346958,0.13191410975475115,0.0009152345596045025,0.01633243934065831
2019-09-17,524279.0,-0.06412058334170838,0.06669243317037715,0.9508353376732618,0.4997301055354115,-0.006850889696077944,0.7431424871108704,0.43265131733294676,0.06649677476238836,0.005157959593505249,-0.01950748492427662
2019-09-18,618228.0,-0.061148359883099274,0.06461044938202536,0.9415361323007045,0.438519445900218,-0.007269350241777994,0.6816287842025919,0.5912220087087612,0.1648333360860459,0.002972223458609105,-0.061210659635193454
2019-09-19,275490.0,-0.053225118091584055,0.051673188604244615,0.9172129659878762,0.40890050455551924,-0.04540739992840559,0.0,0.7644088714653889,-0.8083059911642945,0.007923241791515219,-0.02961894134469878
2019-09-20,322085.0,-0.053450978815860944,0.05073758363967795,0.9579551981619758,0.3803561171740379,-0.048463405640965185,0.0,0.41190058524923545,0.1562641555708364,-0.0002258607242768898,-0.02854438738148135
2019-09-23,366109.0,-0.05006645781085081,0.050024481758727285,0.9557945857654414,0.3632497425630072,-0.047533569862496905,0.0,0.5234725177474469,0.12811561740679167,0.0033845210050101326,-0.017106374611030706
2019-09-24,383665.0,-0.04898527035976557,0.05032269903832719,0.9495419180795747,0.3552943322951012,-0.04744545938316602,0.0,0.6209036529263811,0.04683867272451536,0.0010811874510852429,-0.007955410267905971
2019-09-25,417873.0,-0.04534925351311486,0.0483916053118818,0.9308426244337394,0.351479995118134,-0.006776908298838813,0.0,0.9285668133619545,0.08540778261287407,0.0036360168466507067,-0.0038143371769672196
2019-09-26,344751.0,-0.052366861508979776,0.05103115896100722,0.9309153563006344,0.42280950599128064,-0.05261134346150054,0.0,0.5304002018848386,-0.19235514128670594,-0.0070176079958649135,0.07132951087314665
2019-09-27,374810.0,-0.04592492920310003,0.0504561584091242,0.899589125156746,0.3037112136815987,-0.03967614924910068,0.0,0.5666017448840746,0.08359681358296456,0.006441932305879743,-0.11909829230968194
2019-10-01,430705.0,-0.050910779209479395,0.05007000632462652,0.9580942872731917,0.4201135347859904,-0.05175675737281915,0.4849792781602257,0.7453059518696091,0.13900417009645594,-0.004985850006379362,0.11640232110439169
2019-10-02,492158.0,-0.046490681724901145,0.04878010576167849,0.9043071533938288,0.3903543171095461,-0.004373449471495761,0.45422811373583283,0.5988788153397893,0.1333764021485795,0.00442009748457825,-0.029759217676444294
2019-10-03,378993.0,-0.0513578275002314,0.05105025747039242,0.9160749670838247,0.400949357903708,-0.03456354456776489,0.5857522434451296,0.6886222172968894,-0.2612820678949834,-0.004867145775330255,0.010595040794161903
2019-10-04,419249.0,-0.0503631315380616,0.05001411556046367,0.9093068796824799,0.37066516556986423,-0.036209162805384,0.5449172210309386,0.5836674625341981,0.10094728023391752,0.000994695962169799,-0.030284192333843774
2019-10-07,459393.0,-0.0502181088539934,0.04970487573488167,0.9437409799452756,0.3395698236586104,-0.048930687165868236,0.49896058494578716,0.4758126484295581,0.09144103738412568,0.00014502268406819951,-0.03109534191125385
2019-10-08,500795.0,-0.053677587771152994,0.05054109367980179,0.9759083057937878,0.3996924889425813,-0.046954292835546974,0.4689323974879941,0.6745953933246138,0.08629078283757785,-0.0034594789171595933,0.06012266528397092
2019-10-09,492899.0,-0.04502008817644295,0.05053548669287884,0.8448627406426062,0.33669778189852284,-0.044991900796697015,0.5032268274027742,0.8232335630626153,-0.01589255081030494,0.008657499594710044,-0.06299470704405846
2019-10-14,452358.0,-0.05996484695686551,0.053379745232139064,0.9615724713611785,0.5156225821141662,-0.06026502333524597,0.7124445682401991,0.6968971478342375,-0.08583038316423774,-0.014944758780422562,0.1789248002156434
2019-10-15,509683.0,-0.06000776478687736,0.05374593783556948,0.9751002093458091,0.48227231436010226,-0.06405802840223895,0.7034960946313689,0.554244500993755,0.11931506210111031,-4.29178300118474e-05,-0.03335026775406397
2019-10-16,592083.0,-0.05926631843702108,0.052773014896689834,0.9806361608085353,0.5069390609086901,-0.005628501016319287,0.6360881835823694,0.7291916842739954,0.14985786392217193,0.0007414463498562826,0.02466674654858786
2019-10-17,291458.0,-0.06351470965972725,0.06082987303331443,0.9508265341833129,0.47668274674224076,-0.03458336908950477,0.0,0.502130667197332,-0.7087509146822999,-0.00424839122270617,-0.03025631416644936
2019-10-18,344881.0,-0.05654556346494534,0.05997035861272852,0.9306050492778669,0.41697571046244936,-0.034008275329107995,0.0,0.576743862375718,0.16830351691701395,0.006969146194781908,-0.0597070362797914
2019-10-21,367822.0,-0.05469928315377208,0.05931886646710414,0.9270380782008689,0.39944592764978715,-0.03434771529351799,0.0,0.3699316517228442,0.06439969550433666,0.0018462803111732595,-0.01752978281266221
2019-10-22,418711.0,-0.05654591995758593,0.058285710183264894,0.9580259415205237,0.4408649402571225,-0.04180991460574468,0.0,0.7526575609429893,0.12958181897536747,-0.0018466368038138475,0.041419012607335326
2019-10-23,454912.0,-0.05192312815188337,0.05700882986739482,0.94111828221722,0.3454778066966798,-0.039117696516000944,0.0,0.7632926807822172,0.08292304917842941,0.004622791805702554,-0.09538713356044265
2019-10-24,370126.0,-0.06451563237881107,0.061238845583803846,0.9772699026817895,0.4679001204995056,-0.04594819498698777,0.0,0.56810653669291,-0.2062605054440354,-0.012592504226927696,0.12242231380282576
2019-10-25,404294.0,-0.058620202061921305,0.060663677767004306,0.924156678061015,0.43575714702666873,-0.043919505104407564,0.0,0.4038125720391596,0.08829884786356246,0.0058954303168897645,-0.032142973472836844
2019-10-28,431251.0,-0.05661607815082342,0.06034284475334976,0.9450714317184192,0.40415210631395637,-0.04551649047018924,0.0,0.37539623096526153,0.06454795111185696,0.002004123911097881,-0.03160504071271236
2019-10-29,450530.0,-0.05574151039177984,0.060128967275242654,0.931172174993896,0.3831553947572859,-0.04710394596020606,0.0,0.5975584311810535,0.04373438032254384,0.0008745677590435846,-0.02099671155667049
2019-10-30,525368.0,-0.05352490009989882,0.058598023617897246,0.9692139605000685,0.4223363432869912,-0.007054307978362595,0.0,0.5486592255333405,0.15367430191419196,0.00221661029188102,0.03918094852970533
2019-10-31,398378.0,-0.06363918078652608,0.0634919608950316,0.9518070777000738,0.4356189347805351,-0.049187803896745264,0.0,0.5384810406197129,-0.27669766611801627,-0.010114280686627265,0.013282591493543883
2019-11-01,433958.0,-0.06351012651194321,0.06253351375619545,0.9472829167799649,0.5004216997958327,-0.05259251916526386,0.549643053014347,0.4050507191940234,0.08554645192175236,0.00012905427458287377,0.06480276501529764
2019-11-04,529845.0,-0.0645826282184149,0.062386363827319824,0.9760005284564354,0.4608442091555077,-0.065489298554537,0.4930649529579405,0.9528277137653465,0.19963675571937856,-0.0010725017064716902,-0.03957749064032501
2019-11-05,559874.0,-0.06776994930183555,0.0637795051359287,0.9629738119648349,0.5057048550209512,-0.07248607226192316,0.4738191092995924,0.587848337304465,0.05512724746958675,-0.0031873210834206522,0.04486064586544347
2019-11-06,631808.0,-0.06239399289673066,0.06298514264182536,0.9771481209481362,0.45708981209481364,-0.004554164696513374,0.43335475334278767,0.6931029679902755,0.12087379210980664,0.005375956405104895,-0.04861504292613755
2019-11-07,474904.0,-0.07002608785867526,0.06765926219222625,0.9514491349830703,0.5428865623368091,-0.06949173570808231,0.5836716473224062,0.5597089095901487,-0.28547287217724104,-0.007632094961944599,0.08579675024199546
2019-11-08,502111.0,-0.0643723524135112,0.06751722167655856,0.906998651692554,0.501667957881823,-0.06732046350718601,0.5532461945665401,0.4745882882470211,0.055708532441677505,0.0056537354451640515,-0.04121860445498615
2019-11-11,497451.0,-0.05349035600473739,0.0681073993670263,0.816484437663207,0.4089528415864075,-0.05489320293193134,0.5419528757606277,0.849152981901735,-0.009324151501505895,0.010881996408773818,-0.09271511629541546
2019-11-12,544872.0,-0.05682981883539666,0.06604601444753082,0.906565211646038,0.40949617524849874,-0.010448449138352411,0.5038008926867228,0.6216432483225418,0.09105384540779937,-0.003339462830659272,0.0005433336620912499
2019-11-13,555539.0,-0.05299367262981558,0.0653701642955101,0.8888196868266675,0.37148247017761127,-0.001554784122192232,0.5327168749628739,0.8281776796948549,0.019387908942555043,0.0038361462055810785,-0.03801370507088747
2019-11-14,456076.0,-0.063234766391897,0.06742190959738209,0.9247932362150167,0.4566497688981661,-0.021869940141933664,0.7511993615099238,0.5184442943719907,-0.19727935134228147,-0.010241093762081419,0.08516729872055484
2019-11-15,504278.0,-0.06382019423212926,0.06635316795729929,0.9390237131106255,0.46822982561206317,-0.010897480391476422,0.755936209789045,0.5986638322512582,0.1004682410108888,-0.0005854278402322582,0.011580056713897058
2019-11-18,534102.0,-0.06637523596038244,0.06562848935666964,0.9500881854027883,0.4935798780008313,-0.017222740431284134,0.7546180317617234,0.5168132678776713,0.05745912865122982,-0.002555041728253188,0.02535005238876814
2019-11-19,582344.0,-0.0648945132802017,0.0656717252601146,0.9612617284629017,0.45219492258871047,-0.004838543632682435,0.7609368345857431,0.6670026650914236,0.08647450645741905,0.0014807226801807488,-0.04138495541212084
2019-11-20,629616.0,-0.06055960479805903,0.06415269401311799,0.9669608142105665,0.4309340931615461,-0.002682440332897773,0.6961560697313919,0.6155879139030774,0.07804877132765498,0.0043349084821426645,-0.021260829427164396
2019-11-21,285608.0,-0.06007028355826261,0.07465340450647959,0.935803618946248,0.34437060586538193,-0.039648667144823624,0.0,1.000661746169575,-0.790489868463295,0.0004893212397964197,-0.08656348729616414
2019-11-22,322900.0,-0.05704132510778565,0.07184554873791855,0.9282285537318055,0.32181480334468876,-0.02306601653006879,0.0,0.554955094456488,0.12272243648662418,0.0030289584504769596,-0.02255580252069317
2019-11-25,360281.0,-0.051550342461420824,0.07084871645413118,0.892550536941998,0.29395111038328414,-0.005326261635520413,0.0,0.7402194398261357,0.10954160476642372,0.005490982646364828,-0.027863692961404618
2019-11-26,398990.0,-0.04780958406074283,0.06921020193727044,0.8337000927341537,0.26848291937141283,-0.0066356736996860954,0.0,0.7938294192836913,0.10205207138849559,0.0037407584006779945,-0.02546819101187131
2019-11-27,443917.0,-0.050174078874658745,0.06659905882813773,0.9212690660641516,0.28790066611551257,-0.004074708133790517,0.0,0.5646573571185605,0.10670125410125131,-0.0023644948139159155,0.01941774674409974
2019-11-28,313282.0,-0.06253690916384864,0.07515142088041157,0.9212658244010189,0.3934474371333176,-0.04451032445330494,0.0,0.6212262434483947,-0.34853386463325897,-0.0123628302891899,0.10554677101780502
2019-11-29,347032.0,-0.05033887615553159,0.07259142454032143,0.807821757071394,0.3240450448373637,-0.03390640380797538,0.0,1.0498340210701032,0.10231325132797942,0.012198033008317052,-0.06940239229595391
2019-12-02,389236.0,-0.048578849544963526,0.06978258346606453,0.8956314421071021,0.29990802495144336,-0.008939539226433868,0.5066977360778551,0.6793898817170045,0.11476884874973337,0.0017600266105680662,-0.02413701988592032
2019-12-03,412544.0,-0.048551312628407436,0.0686390571577681,0.8982217654359292,0.2798659052125349,-0.011410405165640736,0.4880667274278622,0.8294145594166925,0.05815702328806438,2.7536916556089586e-05,-0.02004211973890846
2019-12-04,441743.0,-0.04674521065915255,0.06656023397012668,0.9262580278578268,0.28211426100696557,-0.005253477920536653,0.45920591837335284,0.9455248866422331,0.06838539825455747,0.001806101969254889,0.0022483557944306676
2019-12-05,374708.0,-0.058755624352673196,0.07070869489405493,0.904819219232042,0.3885558888521195,-0.04266191734981217,0.5599827065341546,0.7211775569243251,-0.16458120902208684,-0.012010413693520648,0.10644162784515393
2019-12-06,419043.0,-0.05488151215201012,0.06890878810671186,0.9311860596645213,0.3509520502669177,-0.018057407464830866,0.5259985252110165,0.6793885114415465,0.11182648396946249,0.0038741122006630754,-0.037603838585201776
2019-12-09,461539.0,-0.05458981367261299,0.06749720547294755,0.9443362316077298,0.33224494571423,-0.022363017193547274,0.48499910083438236,0.6377597559469514,0.09659301745979043,0.00029169847939713306,-0.018707104552687703
2019-12-10,456440.0,-0.053378949574746766,0.06771213107687782,0.9220620453947945,0.342984839190255,-0.019594352863472553,0.49248093944439575,0.5546402593988257,-0.011109300848163528,0.001210864097866221,0.010739893476024998
2019-12-11,543209.0,-0.05333555914015381,0.06451997823771201,0.9809925829653043,0.3790364298087845,-0.0043390306791775135,0.4863321483996031,0.8522612843307088,0.17403688802381545,4.339043459295616e-05,0.03605159061852947
2019-12-12,440921.0,-0.0694140390007996,0.07121144845275297,0.9451012766459298,0.4909881815563332,-0.036870945775834274,0.8115852953250129,0.8892227859412457,-0.20862842351262856,-0.016078479860645783,0.11195175174754873
2019-12-13,496663.0,-0.07064807953289029,0.0711151243708128,0.9599849394861304,0.4975305186816815,-0.0274763094067354,0.8113489428445445,0.6623424736692687,0.11904600661614317,-0.0012340405320906966,0.0065423371253482965
2019-12-16,534111.0,-0.06666544796979224,0.07092913523026079,0.9423602958935502,0.46046046608289287,-0.0033308849332943646,0.8123517396196671,0.5471503114521139,0.07269195483395485,0.003982631563098055,-0.03707005259878865
2019-12-17,567165.0,-0.0730615328979615,0.0712701324467059,0.9597542161452135,0.5044775329930443,-0.008019337009723904,0.8077790413724402,0.8257808574224432,0.060046584157166905,-0.00639608492816926,0.04401706691015145
2019-12-18,633271.0,-0.06893029091952126,0.07076506183424595,0.9838647277389932,0.5006103232265492,-0.0018519358710492595,0.7636146294398448,0.5420001863341287,0.11024818390519009,0.004131241978440239,-0.0038672097664951277
2019-12-19,220305.0,-0.06398859197941907,0.0823873503574234,0.8705794239803908,0.40147522752547604,-0.21789847656607508,0.0,0.9586436985088854,-1.055885500716185,0.004941698940102185,-0.09913509570107315
2019-12-20,264473.0,-0.053091093463340885,0.07831183201655809,0.8089823913972315,0.3207435163513856,-0.004940179344899431,0.0,1.203370476381332,0.18272621681887813,0.010897498516078186,-0.08073171117409045
2019-12-23,298528.0,-0.053990017882839234,0.07468329651380237,0.8872903044270554,0.32488409797405937,-0.0060080367785343425,0.0,0.6583972022724837,0.12112456408573635,-0.0008989244194983481,0.004140581622673778
2019-12-24,312139.0,-0.04874382929296187,0.07399562298828168,0.7997110261774402,0.2848698816873252,-0.002202668919990769,0.0,0.5715850951018616,0.044584870640074215,0.005246188589877361,-0.04001421628673418
2019-12-25,356684.0,-0.04726679748425721,0.07016093764928308,0.934922788799049,0.28393199582824014,-0.00484088696574736,0.0,0.7224686276928598,0.13340163431920793,0.0014770318087046624,-0.0009378858590850525
2019-12-26,251816.0,-0.06359263323916503,0.0779992210860154,0.9270300536899959,0.4168678717793945,-0.2167325916735342,0.0,0.4851359722972329,-0.3481515736522809,-0.01632583575490782,0.13293587595115436
2019-12-27,306369.0,-0.06053102785826211,0.0748228222045094,0.9055583299876946,0.3534332781710943,-0.0075746862075211085,0.0,0.7137569401603948,0.1960915957276299,0.0030616053809029223,-0.06343459360830017
2019-12-30,328981.0,-0.05446504614740951,0.07415395340799799,0.890191226848967,0.33497071259434436,-0.0002795898574424749,0.0,0.6171936981163045,0.0712097405246741,0.006065981710852597,-0.018462565576749967
2019-12-31,319829.0,-0.05384790109825105,0.07446838607374875,0.7882774857814645,0.32536136497941087,0.0002383901496523233,0.0,0.7749922614897335,-0.028213520373288503,0.0006171450491584615,-0.009609347614933483
2020-01-02,421661.0,-0.048443314424888466,0.06865029737889622,0.9662833413571565,0.2667379719727459,-3.966784788700384e-05,0.30707606347278976,1.1185810402195129,0.27641519570346595,0.005404586673362584,-0.05862339300666497
2020-01-03,320519.0,-0.06437904164315603,0.07509523739233573,0.946702067584137,0.42272064994586905,-0.03389062155513889,0.4160658182510241,1.49693777903962,-0.274260116693144,-0.01593572721826756,0.15598267797312315
2020-01-06,346585.0,-0.05166902084673928,0.07414079551245935,0.8227072723862833,0.31933580506946346,-0.0002810925129002051,0.4113017008814577,0.9366850844670138,0.07818654181674134,0.012710020796416747,-0.10338484487640559
2020-01-07,361652.0,-0.0461171710232267,0.0728565918615166,0.7436181743775785,0.29341466382046827,-0.015178042342293807,0.40589848804928497,1.4916190149646622,0.04255432469713405,0.005551849823512582,-0.025921141248995194
2020-01-08,396276.0,-0.042132479326287206,0.07040985765836066,0.7861364301648346,0.28840252753131657,-0.001447055538160824,0.42340944190412744,1.9373895971494615,0.09142851469210278,0.003984691696939491,-0.005012136289151703
2020-01-09,322439.0,-0.06670346966341156,0.07290230488721894,0.9315653503453366,0.41126228526946185,-0.022607832670460848,0.6935451356690723,0.7475150338513641,-0.20619696712246594,-0.024570990337124357,0.12285975773814528
2020-01-10,385311.0,-0.06481012632317604,0.06960524669968916,0.9669825154226067,0.43021870644751903,-0.026998706823067598,0.6975819532792991,0.6360550308711664,0.17813682934864694,0.001893343340235526,0.01895642117805718
2020-01-13,453623.0,-0.06314449469745075,0.06784572729111032,0.9717849403579625,0.4363579448132039,-0.017618476037320585,0.6991201945227645,0.9651847459233769,0.16321565618838818,0.0016656316257252918,0.006139238365684863
2020-01-14,506310.0,-0.06281465893869183,0.06731044128215158,0.9473978392684324,0.4119294503367502,-0.03939388217057571,0.691163516422745,0.676737571843337,0.10988267332106716,0.00032983575875891735,-0.024428494476453677
2020-01-15,528513.0,-0.05586751735509399,0.06694970860362809,0.871851780372479,0.3435317579700026,-0.0034634812783453928,0.6428470066015406,0.9274587380064445,0.04291827300990292,0.006947141583597841,-0.06839769236674759
2020-01-16,248833.0,-0.07748878899003464,0.0805207828614955,0.9484513709998272,0.4739443723300366,-0.22101147516393982,0.0,0.6774985632934538,-0.7532854142008958,-0.021621271634940653,0.13041261436003398
2020-01-17,287146.0,-0.07264035788672654,0.07750927580527846,0.9446727448754292,0.42684557681458213,-0.2225165814881198,0.0,0.5952059231192495,0.14320880848603146,0.0048484311033080985,-0.047098795515454484
2020-01-20,321685.0,-0.06966861350816092,0.07542602242065478,0.9610675039246468,0.4665962043614095,-0.22433988436062913,0.0,0.5851593950603852,0.11358200865384482,0.0029717443785656217,0.039750627546827344
2020-01-30,334272.0,-0.026393536201610085,0.07839119463387603,0.5772125694045568,0.26107780490139765,-0.0019033877500275187,0.0,2.3478335008615736,0.03838222694844795,0.043275077306550835,-0.20551839946001182
2020-01-31,314175.0,-0.05165934794597048,0.07520332864651086,0.7434550807670884,0.39008514363014246,-0.11266539656027352,0.0,0.896707249144585,-0.06200487731262605,-0.025265811744360392,0.1290073387287448
2020-02-03,360434.0,-0.04464015672226664,0.07263809045800232,0.7326833761520833,0.35089364488366803,-0.10171097638732818,0.3886730996520861,1.3476447837884329,0.137358705405914,0.007019191223703834,-0.03919149874647443
2020-02-04,420618.0,-0.055241979194710564,0.06920437103142721,0.865462248405917,0.38046636140155676,-0.11733553018712484,0.3635483978336638,1.1535193453442316,0.15441619745146085,-0.010601822472443921,0.02957271651788873
2020-02-05,509625.0,-0.050309524259812125,0.06539337315863325,0.8681481481481481,0.3366828550404709,-0.0020408480665514706,0.32964238410596025,1.2738896247240619,0.1919501027808348,0.004932454934898439,-0.043783506361085855
2020-02-06,398362.0,-0.07146264675568237,0.07178626103115084,0.9117461002806493,0.48058298733312915,-0.131891251506424,0.4576089084802265,0.7661298015372953,-0.2463140215041868,-0.021153122495870244,0.14390013229265824
2020-02-07,435314.0,-0.06030871977453062,0.07205066815448948,0.8814510904772187,0.42727548390357306,-0.12165961554524696,0.4316746072949641,0.6324653009092287,0.0887064701333884,0.011153926981151752,-0.05330750342955609
2020-02-10,476745.0,-0.056741855935251384,0.07060473086470363,0.8415547095407399,0.35798173027509467,-0.11871968978933078,0.40211853296835837,0.8720573891703112,0.09091414697993372,0.003566863839279233,-0.0692937536284784
2020-02-11,505735.0,-0.0615714035471729,0.07088267138001304,0.8882853668423186,0.39821250259523266,-0.12551740220369623,0.3872067387070304,0.7128417056363511,0.059031059937074915,-0.004829547611921517,0.040230772320138
2020-02-12,610641.0,-0.06183743089433007,0.06850721274944212,0.9314163313632724,0.38956440854773916,-0.002054493769847454,0.39039959648959044,0.9077543106342352,0.18849640842934257,-0.00026602734715716614,-0.008648094047493504
2020-02-13,475097.0,-0.07498065147994513,0.07448170254108395,0.9128893678554064,0.5261472920266809,-0.02474435581396539,0.6408480794448291,0.5044275169070737,-0.25099023140214527,-0.013143220585615067,0.1365828834789417
2020-02-14,498267.0,-0.07518108032844784,0.07479754054491568,0.944680261787355,0.5062707343653101,-0.026718687847524958,0.6358538695117276,0.5361482899730465,0.04761708421598776,-0.00020042884850270115,-0.019876557661370753
2020-02-17,511537.0,-0.07051781255423172,0.0749123526755189,0.9136914827275446,0.43498710748196123,-0.02240062702373702,0.6235971200519219,0.5549236907594172,0.02628384111261184,0.0046632677742161205,-0.07128362688334888
2020-02-18,509146.0,-0.06344647074800136,0.07557963156656321,0.8313725336151123,0.41283246848644595,-0.012789102565203048,0.5992681863355501,0.9299081206569432,-0.004685106685583307,0.007071341806230355,-0.022154638995515286
2020-02-19,598962.0,-0.06500827519539247,0.07243998289470595,0.9323579793041963,0.4021724249618507,-0.013508135156188872,0.5740597901035458,1.0223419849673268,0.16246334468215728,-0.0015618044473911102,-0.010660043524595264
2020-02-20,332944.0,-0.09035700156189146,0.0819287266786496,0.9397856696621654,0.553840886155029,-0.13007064338098895,0.0,0.8384863520592052,-0.5872238493675752,-0.025348726366498986,0.15166846119317834
2020-02-21,384755.0,-0.08256791299136301,0.0796114780687031,0.9160140868864602,0.5293862327974945,-0.12718684619235265,0.0,0.8256214993957194,0.14463246041571587,0.0077890885705284435,-0.024454653357534495
2020-02-24,413261.0,-0.07138963702679653,0.07920025550566702,0.8464578075356736,0.46478133673392846,-0.11572475459194609,0.0,0.9349974955294595,0.07147258653054678,0.011178275964566484,-0.06460489606356606
2020-02-25,459130.0,-0.07178715769141673,0.07669359279254839,0.8808681637009126,0.46301483240040947,-0.11613546697076227,0.0,1.06860801951517,0.1052540397442705,-0.0003975206646202045,-0.0017665043335189923
2020-02-26,517248.0,-0.0611579951502261,0.07447398401922296,0.8466576961148231,0.4205216839891116,-0.0029404510557461405,0.0,1.3424914161098738,0.11918905565499749,0.010629162541190632,-0.042493148411297865
2020-02-27,407701.0,-0.07057395074565725,0.07603465072803842,0.8028359018005843,0.5372981670390801,-0.09671923111324043,0.0,0.8096080215648233,-0.2379883874098443,-0.009415955595431152,0.11677648304996846
2020-03-02,454378.0,-0.06304925783557268,0.07599173624447875,0.7799101188877983,0.5216251667114165,-0.0868773533050563,0.39702186285427554,1.0128043171104235,0.10839538813580596,0.007524692910084577,-0.01567300032766361
2020-03-03,506292.0,-0.07137951148544315,0.0741795539001297,0.8634799680816604,0.5209286340688772,-0.09955401440007339,0.3819297954540068,0.8499364003381448,0.10818412720055903,-0.008330253649870473,-0.000696532642539216
2020-03-04,595207.0,-0.07023276933301512,0.07195299257635997,0.8994719484145852,0.5214387599608203,-0.10466233920130619,0.3481192257483531,0.8765017884534289,0.16179566625993758,0.0011467421524280347,0.0005101258919431029
2020-03-05,485570.0,-0.09111473156359613,0.075295463335939,0.9382890211504006,0.6342895977922853,-0.11418502416885368,0.45659328212204214,0.47322940049838336,-0.20358578560771434,-0.020881962230581017,0.11285083783146499
2020-03-06,524435.0,-0.07435570605838614,0.07502040246131676,0.8639945846482405,0.5415294555092623,-0.0990839803882948,0.42946027629734856,0.603722100927665,0.07699803401195204,0.016759025505209996,-0.09276014228302298
2020-03-09,525276.0,-0.04861277153204448,0.07628794820751038,0.6817101866447354,0.4485489533121635,-0.07083854088856978,0.4228767352782156,0.8575015801216884,0.0016023461313441345,0.02574293452634166,-0.09298050219709886
2020-03-10,573677.0,-0.052278253669775614,0.0732895744131233,0.7792346564355901,0.4448879770323719,-0.07302558994650821,0.38858277393027785,0.9749667495820818,0.08814268142647208,-0.0036654821377311367,-0.0036609762797916168
2020-03-11,617966.0,-0.04336139164405343,0.07252334508171702,0.6904651712230123,0.4178903046445921,-0.0636833046471601,0.39882938543544466,0.9846706776748235,0.07436691959854969,0.008916862025722186,-0.02699767238777978
2020-03-12,466255.0,-0.025117284934824305,0.08266663267000039,0.6544423116105994,0.39731691885341713,-0.021331143161983146,0.561418108116803,1.0451684164244888,-0.2817007450019009,0.018244106709229123,-0.02057338579117496
2020-03-13,485582.0,-0.009646944482068797,0.08979297580586136,0.5659105980040446,0.36525859690021456,0.007022501029236183,0.578878541626337,0.9715887326960225,0.0406154767518494,0.015470340452755508,-0.03205832195320257
2020-03-16,512715.0,0.024742243754592223,0.0942879249357452,0.4261802365836771,0.2073744672966463,0.04962352473870024,0.5812566435544113,0.631138156675736,0.054371963724081596,0.03438918823666102,-0.15788412960356826
2020-03-17,552684.0,0.04321921755096159,0.10099059911207967,0.3863111651504295,0.19571581590927184,0.08055082667435065,0.5742141983484234,0.8843769676704952,0.07506627438633018,0.01847697379636937,-0.011658651387374458
2020-03-18,610756.0,0.05663707967728331,0.10468402808172311,0.33871464218116565,0.14656425806705134,0.10645027970412224,0.5888947468383446,1.0333029884274572,0.09991112445312034,0.01341786212632172,-0.0491515578422205
2020-03-19,269549.0,0.1300725786017771,0.10962187767224944,0.11000226303937317,0.05774460302208504,0.17493382358023069,0.0,0.4671247157288656,-0.81794734207255,0.07343549892449378,-0.0888196550449663
2020-03-20,337104.0,0.0289004812062044,0.11575457499378049,0.3925465138354929,0.2735149983387916,0.10460261920774006,0.0,0.7125723812235987,0.22364129608082806,-0.1011720973955727,0.21577039531670658
2020-03-23,362327.0,0.05867379883149399,0.12320881602690904,0.3564597725259227,0.21680139763252532,0.147352708596034,0.0,0.6491622208667861,0.07215563091473243,0.02977331762528959,-0.0567136007062663
2020-03-24,435672.0,0.002720147114225412,0.11195678551058307,0.5115545639839145,0.3615472190087956,0.09847269218425891,0.0,0.9392203308911291,0.18434254765673153,-0.05595365171726858,0.1447458213762703
2020-03-25,546064.0,-0.033719145612215125,0.09830944301043315,0.6931202203404729,0.418771426059949,0.05757018066823916,0.0,1.1887837323097659,0.22584651833660985,-0.03643929272644054,0.057224207051153386
2020-03-26,385734.0,-0.02414244054208299,0.10472586537664368,0.5822665360066782,0.37054809791203264,0.04761943888681186,0.0,0.5002514686286404,-0.34758817225075944,0.009576705070132134,-0.048223328147916356
2020-03-27,412580.0,-0.02326091293421259,0.10307686222283606,0.5872170245770517,0.3836928595666295,0.051663484181744046,0.0,0.560623394250812,0.06728211362277214,0.0008815276078703999,0.013144761654596882
2020-03-30,450099.0,-0.020162147066418334,0.10134927020702608,0.6198103083988189,0.3599896911568344,0.059252728354637796,0.0,0.7043050528883645,0.08703743220305249,0.0030987658677942564,-0.02370316840979514
2020-03-31,476939.0,-0.029106823247354086,0.09799232182958435,0.6521337110196482,0.38948167375702136,0.05067335801385653,0.0,0.6508631082800945,0.05792104154316924,-0.008944676180935751,0.029491982600186983
2020-04-01,521513.0,-0.025288847129851445,0.0950859460766586,0.666591245088809,0.3445724267659675,0.05550398763197695,0.3220149833273571,0.7141662815692035,0.08934560211108611,0.0038179761175026403,-0.044909246991053864
2020-04-06,439277.0,-0.03588066057175144,0.10030426779994336,0.6930547240124113,0.3750025610264139,0.03882982948932345,0.39892140949787946,0.7529053421872759,-0.1716040086320021,-0.010591813441899994,0.030430134260446384
2020-04-07,485157.0,-0.04854710113160412,0.09435274802108919,0.7123529084399483,0.42009287715110777,0.020368352975424164,0.3767646349532213,0.6852977489761046,0.09934235630431054,-0.01266644055985268,0.045090316124693886
2020-04-08,551305.0,-0.05563458880097359,0.08888951576675538,0.8172644906177161,0.4697436083474665,0.006168205676564398,0.36603150706052,0.8660850164609427,0.12781564513218946,-0.007087487669369473,0.04965073119635871
2020-04-09,434077.0,-0.058721809918188476,0.09837878544191196,0.772676276328854,0.5140170983489104,0.007961910898143465,0.5352022797798547,0.47720796079958167,-0.2390662573083766,-0.0030872211172148847,0.04427349000144393
2020-04-10,457455.0,-0.061645156069057544,0.09644781612836269,0.7861210392279022,0.504106414838618,0.004173225788349777,0.5487534292990567,0.30303527122886403,0.05245658150382049,-0.0029233461508690675,-0.00991068351029245
2020-04-13,471971.0,-0.055489730534923926,0.09615981177790224,0.7735856652209564,0.41012053706689605,0.009978988476337936,0.5510126681512212,0.39740153526381916,0.031239023797922982,0.006155425534133618,-0.0939858777717219
2020-04-14,531040.0,-0.06961273459948142,0.09162079762587752,0.8815607110575474,0.5385658330822537,-0.012865651015103174,0.5854850858692378,0.8205690720096415,0.11791980495163124,-0.014123004064557493,0.12844529601535765
2020-04-15,597225.0,-0.07360826799978902,0.08864535692201304,0.893844028632425,0.5275666624806397,-0.02366277695193253,0.5706509272049898,0.7636301226505923,0.11745657883995264,-0.003995533400307602,-0.010999170601614039
2020-04-16,308057.0,-0.052378476598762574,0.08172627311496929,0.8661254248402082,0.48731241296253613,-0.016912952460994557,0.0,0.5186702460908209,-0.6620090960253808,0.021229791401026446,-0.040254249518103524
2020-04-17,352410.0,-0.06665400330511854,0.0782172683163618,0.8863482875060299,0.5859992622229789,-0.03746706627511087,0.0,0.8557163531114327,0.1345104397176673,-0.01427552670635597,0.0986868492604428
2020-04-20,369257.0,-0.06480119652723641,0.07782162153487837,0.8900359370303068,0.5723926696040968,-0.0365278731541715,0.0,0.4274421337984114,0.04669760807386858,0.0018528067778821322,-0.013606592618882085
2020-04-21,378952.0,-0.0408519743604978,0.08091667416018544,0.7891922987607929,0.34343399691781545,-0.00859412815573235,0.0,1.1115048871624902,0.025916669407465065,0.023949222166738615,-0.2289586726862814
2020-04-22,431458.0,-0.04454322871899753,0.07761740632606286,0.8664389117828386,0.3425594148213731,-0.010452339698129753,0.0,1.129820283781967,0.12976062292256607,-0.003691254358499735,-0.0008745820964423667
2020-04-23,340746.0,-0.05843592862913254,0.08539402028635547,0.8735333650284963,0.5176142933446027,-0.016062300619977266,0.0,0.612887605430438,-0.2360328392115072,-0.01389269991013501,0.17505487852322965
2020-04-24,365516.0,-0.055885884818248535,0.08407174091436032,0.8687116295866665,0.5033404830431499,-0.014241313726399807,0.0,0.35947263594480133,0.07017272218520532,0.0025500438108840076,-0.014273810301452805
2020-04-27,423059.0,-0.0685721918674234,0.07957749925752429,0.9017702022649323,0.5851146057642078,-0.034755428790974485,0.0,0.7992265854171641,0.14620159534379518,-0.012686307049174866,0.08177412272105788
2020-04-28,439072.0,-0.07035655246236822,0.07949232943908459,0.9201406603017273,0.5709314189927848,-0.03919156447872374,0.0,0.6059598425770717,0.03715175951346694,-0.0017843605949448144,-0.01418318677142305
2020-04-29,522135.0,-0.07369213750671652,0.07700841482216021,0.9346835588497228,0.6238195102799085,-0.05311996969983901,0.0,0.8294119336953086,0.17326276639696303,-0.003335585044348305,0.052888091287123684
2020-04-30,392502.0,-0.10118075450623083,0.08375042071054493,0.935399055291438,0.7620343335830135,-0.07206422043387362,0.0,0.5638136875735665,-0.2853845423848451,-0.027488616999514312,0.13821482330310508
2020-05-04,414492.0,-0.07721443426321606,0.08379432877413781,0.8814573019503392,0.5702401976395202,-0.04855006492246616,0.31917383206431005,0.6908142979840383,0.05451204127633069,0.023966320243014774,-0.19179413594349337
2020-05-05,448108.0,-0.07698978699106555,0.08218928712068964,0.8904326635543217,0.648602569023539,-0.05333000451988523,0.305716479063083,0.651438938827247,0.07798060076329527,0.00022464727215050495,0.0783623713840188
2020-05-06,482071.0,-0.07423139478839255,0.08107145280451034,0.9075758550089095,0.620703174428663,-0.05336251204178566,0.29229304397070144,0.9597175519788579,0.0730571313166486,0.0027583922026730018,-0.027899394594876004
2020-05-07,397618.0,-0.09165521612241616,0.08461820133894364,0.9265299860670292,0.7576467866142881,-0.0592939909175757,0.3623855056863623,0.4457821325996308,-0.19259966071968826,-0.017423821334023606,0.13694361218562512
2020-05-08,423096.0,-0.09248028783703174,0.08442354669579634,0.9381889689337645,0.7177307277780929,-0.06434207653681812,0.34656673662714843,0.4098455196929302,0.06210735826408431,-0.0008250717146155856,-0.0399160588361952
2020-05-11,455745.0,-0.09491228782918328,0.08502669166844906,0.9464547060307847,0.6875862598602288,-0.07384371203440221,0.3327584504492644,0.5367058333059057,0.07433433891999464,-0.0024319999921515317,-0.03014446791786407
2020-05-12,464832.0,-0.08394521234187749,0.08642886508582215,0.8924234992427371,0.6541266522098307,-0.06245432911713522,0.3328858598375327,0.6482019310202396,0.019742607412155166,0.010967075487305786,-0.03345960765039813
2020-05-13,512740.0,-0.0829042004529971,0.08469228954981518,0.9327612435152319,0.6029781175644576,-0.06749421983549508,0.34230604204860166,0.7909388774037523,0.09809284409698904,0.0010410118888803943,-0.051148534645373056
2020-05-14,414416.0,-0.08736399567000606,0.08929474290491564,0.8856752635033397,0.700030886838346,-0.05388057375650224,0.47309225512528474,0.5042300490328558,-0.2128985938421568,-0.004459795217008969,0.0970527692738884
2020-05-15,440267.0,-0.08780498048798924,0.08830827829518234,0.9231148371329216,0.6774866160761538,-0.05685848808867755,0.4916879984191411,0.5128524281856237,0.06051106081588564,-0.0004409848179831727,-0.02254427076219223
2020-05-18,459906.0,-0.08059450996866606,0.08820064030379539,0.8819824051001727,0.6634073049710159,-0.05032796272071727,0.4996260105325871,0.5332437498097438,0.04364075972077153,0.007210470519323178,-0.014079311105137937
2020-05-19,485910.0,-0.08695981077475462,0.08821047233267616,0.921213805025622,0.6661748060340392,-0.06081153249776261,0.5053157992220781,0.6516988742771295,0.055001300791223784,-0.006365300806088561,0.00276750106302337
2020-05-20,528270.0,-0.08559711049076756,0.08722405501309079,0.9398054025403676,0.6235977814375224,-0.06488934523918655,0.4951842807655176,0.7071611107956158,0.08358409507438047,0.0013627002839870644,-0.0425770245965168
2020-05-21,325521.0,-0.09346654218980752,0.08710483130737368,0.9347231054217701,0.6981362185542561,-0.07342725631818137,0.0,0.5898974259725179,-0.4841805409442159,-0.007869431699039961,0.07453843711673369
2020-05-22,347194.0,-0.07648451672469485,0.08717451517952222,0.8809051999746539,0.6398123239456903,-0.05652960138375651,0.0,0.6957119074638387,0.0644567258343045,0.01698202546511267,-0.058323894608565796
2020-05-25,388124.0,-0.07784507831895364,0.0849994965835496,0.9037833269779761,0.6214534530201689,-0.061739387996519235,0.0,0.7831466232441179,0.11144117466400694,-0.0013605615942587912,-0.018358870925521464
2020-05-26,430250.0,-0.08052897771560445,0.08390791539179614,0.9070586868099942,0.5945589773387565,-0.07249202297673674,0.0,0.7795444509006392,0.10304155889675748,-0.002683899396650813,-0.026894475681412344
2020-05-27,477661.0,-0.07628434626660685,0.08272009896544257,0.9423607956270242,0.5489939517775159,-0.07396142958566132,0.0,0.8112071113195342,0.10453484077403807,0.004244631448997602,-0.045565025561240646
2020-05-28,366123.0,-0.08919141243753514,0.08896394414052067,0.895644359955534,0.6687779789852044,-0.06799863671957451,0.0,0.6367996547608318,-0.26593193334793774,-0.012907066170928294,0.11978402720768855
2020-05-29,391756.0,-0.08541055354486697,0.08772157192253376,0.8979288128324774,0.6352729760361041,-0.06782573093429445,0.0,0.5238311602119686,0.06766985449132967,0.0037808588926681735,-0.033505002949100304
2020-06-01,439673.0,-0.08838089926981883,0.08548776692554609,0.9348083689469219,0.6441036861485695,-0.07934095253912354,0.6593058932433877,0.6031618953176565,0.11539207178853772,-0.0029703457249518617,0.00883071011246539
2020-06-02,465118.0,-0.08715017933047284,0.08491687030828625,0.939004725682515,0.6079403506207027,-0.08338747637700816,0.6303690676344498,0.559896628382475,0.056259868038104344,0.001230719939345995,-0.03616333552786677
2020-06-03,547434.0,-0.08791238690897735,0.08332535380279146,0.9659045656645368,0.5953082928718347,-0.09895266498000022,0.5488369374207667,0.7759565536667434,0.16295076964324196,-0.000762207578504509,-0.012632057748867997
2020-06-04,405718.0,-0.11150871782306775,0.08849455076827033,0.9425660187618,0.7440463573220809,-0.10473149405392501,0.7515219931085138,0.44361107961687674,-0.2995835694913538,-0.0235963309140904,0.14873806445024618
2020-06-05,434480.0,-0.1129937513743567,0.09012183768742964,0.9598255385748481,0.7294674093168846,-0.11145181803927029,0.707328300497146,0.44649235868164244,0.06849157673897999,-0.0014850335512889556,-0.014578948005196324
2020-06-08,486523.0,-0.11433981655156128,0.0920021711085747,0.9735942596752877,0.7096478480976234,-0.12147124282534849,0.659516610725495,0.6010137239143885,0.11313426324651665,-0.0013460651772045779,-0.019819561219261206
2020-06-09,504573.0,-0.11208655745174885,0.09249217797685885,0.9665380430581898,0.6913013577817283,-0.12349371966063749,0.6423629484732636,0.5369431182405717,0.036428350073366644,0.0022532590998124297,-0.01834649031589508
2020-06-10,557742.0,-0.10836410288541251,0.09336642027844151,0.9737925420714237,0.6552868530610928,-0.1297047139288201,0.6180850644204668,0.7432307410953451,0.1001839628195107,0.003722454566336339,-0.0360145047206355
2020-06-11,434781.0,-0.119213489950197,0.09463200640612804,0.9342910568769105,0.7363983246738013,-0.11579374415405308,0.8526982549835435,0.6551229239548186,-0.24905403382579472,-0.010849387064784485,0.08111147161270849
2020-06-12,467813.0,-0.1092263851760839,0.09478208621429916,0.9129716361024598,0.7038239638488029,-0.10760686407802666,0.8470670973230757,0.5888057835075127,0.07322618737746289,0.00998710477411309,-0.03257436082499843
2020-06-15,484505.0,-0.09930393557119514,0.09507835236268576,0.8818133971785637,0.6617227892385011,-0.09784491069549084,0.8444866410047368,0.6286870104539685,0.035059107777360765,0.009922449604888764,-0.04210117461030172
2020-06-16,537314.0,-0.10561731596800246,0.09471565459563422,0.9303721846071384,0.6578574167060601,-0.11394032474955784,0.8445620251845289,0.6833750842151889,0.1034549024072664,-0.0063133803968073166,-0.0038653725324410138
2020-06-17,570464.0,-0.10347435825417131,0.09382381556958871,0.9491676950692769,0.6355370365176418,-0.11570328897689475,0.804075279071072,0.7499684467380939,0.05986741116717198,0.002142957713831148,-0.02232038018841831
2020-06-18,168134.0,-0.09512304333822873,0.10191499797799106,0.9381326798862811,0.5550989092033735,-0.012844281380944289,0.0,1.0872339919350043,-1.2216887842475987,0.008351314915942584,-0.08043812731426836
2020-06-19,195086.0,-0.08818106609472866,0.09867955926829335,0.9273653670688824,0.5144551633638498,-0.012975049048213672,0.0,0.6683462677998421,0.1486792064596969,0.006941977243500069,-0.04064374583952368
2020-06-22,242282.0,-0.07835731905564276,0.09368499426823236,0.9379111943933103,0.4414566496892051,-0.014942629048996237,0.0,1.0168976647047656,0.21666185000879778,0.009823747039085895,-0.07299851367464466
2020-06-23,262502.0,-0.07662713574197481,0.09263298420781278,0.9625526662653999,0.4770058894789373,-0.009675897061407035,0.0,1.3810713823132776,0.08015636405992588,0.001730183313667949,0.03554923978973218
2020-06-24,315424.0,-0.07134156820951829,0.08794040907435309,0.9707695039058537,0.43704347164451657,-0.005202960035744053,0.0,1.1510474789489702,0.18365906443275648,0.005285567532456528,-0.03996241783442073
2020-06-29,223324.0,-0.08555900546628985,0.09620317725444458,0.9299090111228528,0.5149827156955813,-0.029683035567314886,0.0,1.1129032258064515,-0.34529413368417394,-0.014217437256771562,0.07793924405106473
2020-06-30,262541.0,-0.08143595167000507,0.09274570966233864,0.9643827059392628,0.5226993117265494,-0.019037555372748538,0.0,1.0132093653943575,0.161783628512552,0.004123053796284776,0.0077165960309680814
2020-07-01,353447.0,-0.069463858641565,0.08699395096504138,0.9766443059355434,0.44151739864817074,-0.0002922222734892399,0.3282359165589183,1.1853601813001666,0.2973262845060596,0.011972093028440073,-0.08118191307837863
2020-07-02,245622.0,-0.09809192349751308,0.09634534072013969,0.9877453973992558,0.6101652132138,-0.06820249484546559,0.5115909812638934,0.8162949572920992,-0.3639397760089871,-0.028628064855948085,0.16864781456562927
2020-07-03,288347.0,-0.09305685738252925,0.09501394286855899,0.9864226088705622,0.5671708046208215,-0.01756295154318188,0.44380902176891035,0.7186064013150821,0.16037084717593153,0.005035066114983833,-0.04299440859297854
2020-07-06,340996.0,-0.09318822150938295,0.09438853918995593,0.9836596323710542,0.6037900737838567,-0.030264015779874143,0.404488615702237,1.0486134734718295,0.16770613102502807,-0.00013136412685370302,0.03661926916303526
2020-07-07,370122.0,-0.08424027841829566,0.0942562181559094,0.9262837658934081,0.4986490940824917,-0.015957204888459975,0.40168376913558235,1.0774123126968946,0.08196193400966045,0.00894794309108729,-0.10514097970136504
2020-07-08,430977.0,-0.07916398050574452,0.09135734406197864,0.9805697287790299,0.4902396183555039,-0.0016589716347896744,0.3981511774410235,1.00962000292359,0.15222204339158374,0.005076297912551139,-0.008409475726987803
2020-07-09,273637.0,-0.10977508228768178,0.10235930939571304,0.9688711687381458,0.6447519889488629,-0.0568119094309788,0.7770878938155293,0.6242723023567719,-0.4542523138874408,-0.030611101781937253,0.15451237059335898
2020-07-10,299149.0,-0.0961434136661777,0.10163372405682068,0.9251810970452852,0.5648890686580934,-0.030949967201383544,0.7813865331323187,0.8593911395324738,0.08913936650259835,0.013631668621504084,-0.07986292029076947
2020-07-13,350000.0,-0.09470246693648124,0.09822314158269163,0.9863685714285715,0.5870971428571429,-0.01732456786847869,0.7905028571428572,0.7663914285714286,0.1569913774576186,0.0014409467296964545,0.022208074199049466
2020-07-14,386423.0,-0.08786747148329804,0.09670657364272527,0.977051055449598,0.4960884833459706,-0.017119324171247285,0.7842493847415914,0.8711774402662368,0.09899946989295572,0.006834995453183196,-0.09100865951117226
2020-07-15,417368.0,-0.08401433405988479,0.09505691949513079,0.9576752410342911,0.4850515612121677,-0.01662316589976931,0.7127235437311916,1.2555873952962373,0.07703570225829104,0.0038531374234132554,-0.011036922133802918
2020-07-16,168624.0,-0.10472798274762504,0.11870159819236131,0.9424399848182939,0.5524777018692476,-0.1363526444882026,0.0,1.1197338457159123,-0.9062969424431255,-0.020713648687740255,0.06742614065707991
2020-07-17,197010.0,-0.09606991097209912,0.11488818849010796,0.9275315973808436,0.5024770316227603,-0.014904494990789274,0.0,1.081929851276585,0.15558310467941006,0.008658071775525925,-0.050000670246487355
2020-07-20,232617.0,-0.0848308437396209,0.10912078441616155,0.9283328389584596,0.4451308373850578,-0.014336475957202555,0.0,1.175571862761535,0.16613883538722796,0.011239067232478223,-0.05734619423770243
2020-07-21,302777.0,-0.07965344972024481,0.10281683749499733,0.9174540998820915,0.42854642195411147,-0.01190154506333907,0.0,1.5683456801540407,0.2636032366922674,0.005177394019376086,-0.016584415430946353
2020-07-22,353799.0,-0.07588626598369169,0.0979841250799899,0.9798925378534139,0.4268553613775053,-0.0018655893763223075,0.0,1.1447545075028476,0.15573239431557973,0.0037671837365531174,-0.0016910605766061737
2020-07-23,205884.0,-0.10652247709142897,0.1170120835072319,0.977157039886538,0.5544335645314837,-0.08161095106436467,0.0,0.8449078121660741,-0.5414160518767765,-0.030636211107737274,0.12757820315397844
2020-07-24,235235.0,-0.09042031088157858,0.1133793860529525,0.9148170977958212,0.47779879694773314,-0.008455759246556505,0.0,1.344910408740196,0.1332721110879529,0.016102166209850388,-0.0766347675837506
2020-07-27,309595.0,-0.0914748670341912,0.10522510959572573,0.9685718438605274,0.5026599266784024,-0.014958334326318878,0.0,1.1143009415526737,0.2746799772371187,-0.001054556152612629,0.024861129730669285
2020-07-28,325544.0,-0.08651704752682231,0.10672532057165807,0.904919150713882,0.48362126164205144,-0.014835465605443132,0.0,1.9871691691445703,0.05023263745002815,0.004957819507368899,-0.019038665036350988
2020-07-29,383772.0,-0.074999304662121,0.10162385679051955,0.908698393838008,0.4346096119570995,-0.01124075729389351,0.0,1.4747402103332188,0.16455099708400134,0.011517742864701308,-0.04901164968495192
2020-07-30,250418.0,-0.11616018013103313,0.11337182272329237,0.9870216997180714,0.6485356483958821,-0.041100627843293824,0.0,0.778793856671645,-0.4269171046220226,-0.04116087546891213,0.21392603643878255
2020-07-31,274036.0,-0.10631275550088037,0.11134283284351347,0.9701900480228876,0.6253886350698449,-0.03670014528456822,0.0,0.6975178443708125,0.09012796299251846,0.009847424630152757,-0.02314701332603719
2020-08-03,305871.0,-0.08814297671188165,0.10942525069157068,0.9214309300325955,0.47760657270548695,-0.025016322984920625,0.41265108493449854,0.782284034772829,0.10990395982100765,0.018169778788998725,-0.14778206236435792
2020-08-04,326030.0,-0.09507732534178626,0.10692688436188204,0.9802962917522927,0.5410207649602797,-0.01651623298966476,0.3921234242247646,1.03617151795847,0.06382595723269269,-0.0069343486299046075,0.06341419225479278
2020-08-05,379684.0,-0.08869289989905413,0.10335524066151079,0.9909661718692386,0.5033290841857966,-0.004085203440006846,0.34259278768660256,1.0238040054360995,0.1523499261468988,0.006384425442732128,-0.03769168077448315
2020-08-06,284516.0,-0.11287532002765112,0.11411866180561285,0.9803877462075946,0.6277256815082456,-0.07073992333604373,0.48518888217182865,0.8574069648104149,-0.2885498368186372,-0.02418242012859699,0.12439659732244901
2020-08-07,310614.0,-0.10033811096150293,0.11203012076914809,0.9543484839704585,0.552875916732665,-0.010045311863009054,0.44424269350383433,0.636101399164236,0.08776149274815914,0.012537209066148192,-0.07484976477558059
2020-08-10,348627.0,-0.09547908180917006,0.10961711518167798,0.9377500882031512,0.5406982247502345,-0.015045757716767527,0.40979040636554254,0.7353073628835403,0.11545159900542501,0.004859029152332869,-0.01217769198243046
2020-08-11,360303.0,-0.08508097736505536,0.10993716825419592,0.8803229504056308,0.47634907286367306,-0.006274554603648341,0.40298026938437925,0.7950058700593667,0.03294276135962271,0.010398104444114695,-0.06434915188656148
2020-08-12,380586.0,-0.07543416003653027,0.10780637941147464,0.8680272001597537,0.4253335645557115,-0.0016061119069323837,0.42956913811858555,1.2120361757920681,0.054766826046222405,0.009646817328525098,-0.05101550830796159
2020-08-13,274436.0,-0.10862292942905953,0.11539106138259787,0.9674787564313719,0.6204433820635776,-0.03628655353349841,0.6954663382355084,0.5854151787666341,-0.32699408757862614,-0.033188769392529266,0.19510981750786616
2020-08-14,309134.0,-0.10221071483774216,0.1122223849359424,0.9651995574734581,0.5645512949077099,-0.03872154654854132,0.7085341631784274,0.5749674898264183,0.11905675727201981,0.0064122145913173695,-0.05589208715586769
2020-08-17,342858.0,-0.10278872594371048,0.11025902710369388,0.9860146182967876,0.6061751512287886,-0.03520423954412244,0.7273681815795461,0.8087283948456796,0.10354152742392664,-0.0005780111059683207,0.04162385632107868
2020-08-18,365563.0,-0.09182113319067228,0.1102909083782845,0.9350262471858476,0.5240081736937272,-0.009488709725034017,0.7285064407502948,0.8399892768141196,0.06412226367988261,0.0109675927530382,-0.08216697753506141
2020-08-19,390842.0,-0.0834599404548804,0.1086797146014086,0.870901796633934,0.4733703133235425,0.0016715393813426793,0.6549270549224495,1.1552059399962133,0.0668647552890711,0.00836119273579189,-0.050637860370184695
2020-08-20,188636.0,-0.09180713221366367,0.13291519258526335,0.766507983629848,0.4578341355838758,-0.06977797622514281,0.0,1.9373131321698933,-0.7284841540928255,-0.008347191758783276,-0.015536177739666701
2020-08-21,239966.0,-0.09521286226471479,0.12091733023685201,0.9340114849603693,0.48853587591575476,-0.0878691353951192,0.0,1.0154771926022854,0.24067801448592796,-0.0034057300510511174,0.030701740331878946
2020-08-24,270205.0,-0.09013038386611277,0.11650360574406626,0.9314483447752632,0.5090912455357969,-0.019540401656344075,0.0,0.842423345237875,0.11868368352648417,0.005082478398602014,0.02055536962004212
2020-08-25,318583.0,-0.0865727101379277,0.11097305181991023,0.9579293308180286,0.5016086859625278,-0.02024180432269318,0.0,1.0390416312232604,0.16470210744300928,0.003557673728185079,-0.007482559573269043
2020-08-26,367537.0,-0.08312712624061976,0.10597408353444057,0.9836234175062647,0.4605114587102795,-0.010386268836751977,0.0,0.933788979068774,0.14294095624793357,0.0034455838973079383,-0.04109722725224835
2020-08-27,233440.0,-0.10823497303273918,0.12436973410347565,0.9264222069910898,0.5930988690884167,-0.02323222614752629,0.0,0.9135452364633311,-0.45389890908260533,-0.02510784679211943,0.1325874103781372
2020-08-28,246502.0,-0.09968940000217572,0.1232443578320168,0.9223089467833933,0.5244825599792293,-0.09654053586930478,0.0,0.8718265977557992,0.05444502226561809,0.00854557303056347,-0.06861630910918737
2020-08-31,282803.0,-0.0808906449913043,0.12014132746626591,0.8214163216090352,0.4079164648182657,-0.00726286488053407,0.0,1.2005070667567175,0.1373804351297352,0.018798755010871415,-0.11656609516096361
2020-09-01,326716.0,-0.08147319391289258,0.11343754120663996,0.9308604414843472,0.4348547362235091,-0.016002166369630588,0.4361127095091762,0.9714675742846999,0.1443407498324092,-0.0005825489215882801,0.026938271405243408
2020-09-02,358790.0,-0.07744364051304765,0.10991966039301307,0.9129964603249812,0.4171437331029293,-0.015709279892909156,0.4094874439086931,1.179887956743499,0.09364596711396445,0.004029553399844926,-0.017711003120579827
2020-09-03,257889.0,-0.10453468917087638,0.12143469386593689,0.9554692134988308,0.5901647608079446,-0.05941148944542107,0.5943913854410231,0.8826743288779281,-0.3302079993293052,-0.02709104865782873,0.17302102770501526
2020-09-04,295578.0,-0.09011522860198556,0.11775794655467983,0.9111334402425079,0.5208303730318224,-0.05047891469739951,0.5214427325443707,0.706199378844163,0.1364035016189682,0.014419460568890818,-0.06933438777612211
2020-09-07,325535.0,-0.08211757495105944,0.11487421736304618,0.9078040763665965,0.4239544135039243,-0.04772485596838438,0.4850538344571244,0.8157893928456234,0.09653722134387799,0.007997653650926126,-0.09687595952789813
2020-09-08,356506.0,-0.08058456809470901,0.11126694447597978,0.9257487952516928,0.45524619501495067,-0.012915799348682366,0.48123453742714006,0.7747555440862145,0.09088108725750921,0.0015330068563504246,0.03129178151102635
2020-09-09,382247.0,-0.07504785432486358,0.10851337745658163,0.938746412659877,0.3837152417154353,-0.008611596230503338,0.4845636460194586,1.2998610845866678,0.06971592650427993,0.005536713769845436,-0.07153095329951537
2020-09-10,269587.0,-0.10436657664848212,0.12038647815361007,0.9454313449832522,0.578013776628695,-0.0151082396044675,0.820929792608694,0.5942015008142084,-0.3491758382205514,-0.02931872232361854,0.1942985349132597
2020-09-11,301882.0,-0.09701614928640372,0.11613884899499219,0.9530412545299156,0.5459219165104247,-0.013880616442949134,0.8151562531055181,0.5542099230825289,0.11314505425280608,0.007350427362078402,-0.032091860118270366
2020-09-14,328228.0,-0.09679499693432679,0.11351461092548916,0.9627179887151615,0.5297506611258028,-0.02250735465466358,0.8156738608528218,0.7785716026664392,0.08367227630621343,0.0002211523520769254,-0.01617125538462183
2020-09-15,355587.0,-0.09387565175307976,0.11130630435389459,0.9645009519470622,0.533948091465661,-0.02690794159890697,0.810960468183595,0.7149783316037988,0.08006145619123295,0.002919345181247035,0.004197430339858199
2020-09-16,438409.0,-0.08617042761911438,0.10576520928930469,0.970509273304152,0.4950194909319836,-0.036739525120291994,0.7580022307936196,0.8597679335962537,0.20938231957893194,0.007705224133965377,-0.038928600533677415
2020-09-17,168651.0,-0.07716305259547464,0.10466458438949909,0.9116815198249639,0.43952896810573316,-0.009534877578510903,0.0,1.142353143473801,-0.955320773690417,0.009007375023639741,-0.055490522826250444
2020-09-18,198869.0,-0.07041377898695018,0.09880156290030638,0.9196053683580648,0.3984582815823482,-0.0291729640980396,0.0,0.7286555471189577,0.1648148255684987,0.006749273608524453,-0.04107068652338497
2020-09-21,227101.0,-0.060067959027793674,0.09432636585576157,0.8401724342913506,0.34084394168233517,-0.02306504354785266,0.0,1.1997657429954074,0.13274853595011393,0.01034581995915651,-0.05761433990001302
2020-09-22,251037.0,-0.04911162107002867,0.09069316649532272,0.7534546700287209,0.3118823121691225,-0.011506851048316724,0.0,1.2515565434577374,0.10020548617814917,0.010956337957765003,-0.028961629513212683
2020-09-23,280241.0,-0.04592845233346353,0.08641027142125321,0.768938163937468,0.2683939894590727,-0.006665670683445701,0.0,1.5341723730646122,0.11004960862632274,0.0031831687365651423,-0.043488322710049765
2020-09-24,182429.0,-0.05450221082987754,0.0965862635643232,0.7375143206398106,0.3434267578071469,-0.021556735848041186,0.0,1.4890779426516618,-0.4292888910222974,-0.008573758496414008,0.07503276834807415
2020-09-25,221575.0,-0.05077567833682358,0.08895375543992697,0.7703441272706758,0.3474579713415322,-0.010864953637360175,0.0,1.032986573395013,0.19440007639392576,0.0037265324930539565,0.004031213534385347
2020-09-28,264566.0,-0.0601498862818882,0.08289896106738091,0.90580422276483,0.39740934209233236,-0.02108361229775746,0.0,0.9650332998193267,0.1773296149573138,-0.00937420794506462,0.04995137075080014
2020-09-29,298173.0,-0.054732788957547955,0.08080566038797879,0.8805458576061548,0.35358332243362073,-0.005432424346693443,0.0,0.9224577678059381,0.11958310739001732,0.005417097324340245,-0.043826019658711635
2020-09-30,353772.0,-0.05225702378456549,0.07624482627911207,0.9338896238255148,0.3164241375801364,-0.0012472424436363871,0.0,1.1987240369503522,0.17097878286460677,0.0024757651729824665,-0.03715918485348435
2020-10-05,232918.0,-0.06607407225821935,0.0896154684443764,0.9090667101726788,0.40439983170042676,-0.01181675895023071,0.45142496500914486,0.947445023570527,-0.41796617754353527,-0.013817048473653858,0.08797569412029038
2020-10-06,279943.0,-0.06515730305456147,0.08527285314729686,0.9615957534212322,0.395748420214115,-0.02001144500689922,0.38690733470742256,1.0555505942281107,0.1838995507243375,0.0009167692036578801,-0.008651411486311766
2020-10-07,368488.0,-0.0548481647083891,0.07884582068816524,0.9071611558585354,0.3421685373743514,-0.0036378984761936684,0.3096654436508109,1.018508065391546,0.2748221356314815,0.010309138346172364,-0.053579882839763615
2020-10-08,234623.0,-0.08175978309018124,0.09257820526912638,0.9614189572207328,0.5240236464455744,-0.06884278108726571,0.5095621486384541,0.7948325611726046,-0.4514281760191512,-0.026911618381792138,0.18185510907122304
2020-10-12,280254.0,-0.07499349509794566,0.08982097171222447,0.9655705181728004,0.48281915690766236,-0.012033890324955943,0.44178852041362476,1.1030707857871789,0.17771636419144166,0.006766287992235581,-0.04120448953791206
2020-10-13,316016.0,-0.06829329539139807,0.08747662966508324,0.9380411118424383,0.41281454103589693,-0.011363908449208426,0.4137163941066275,0.962441775099995,0.12009651039552871,0.006700199706547588,-0.07000461587176543
2020-10-14,351792.0,-0.06242465957361775,0.08490163160563674,0.9601980715877564,0.38374664574521306,-0.001494661866616731,0.42438998044298903,0.8927661800154637,0.10724724663510088,0.00586863581778032,-0.029067895290683876
2020-10-15,239257.0,-0.08030779618955401,0.0942255437097273,0.9450423603071174,0.49572217322795153,-0.025555394447380753,0.7755593357770096,0.9060884321043898,-0.3855018038483262,-0.01788313661593626,0.11197552748273848
2020-10-16,264205.0,-0.07035898011402882,0.09235756730093893,0.8980867129690959,0.4650252644726633,-0.027479202564317795,0.7819685471508866,0.7327302662705096,0.0991870289626462,0.009948816075525196,-0.030696908755288244
2020-10-19,300565.0,-0.07380860237337165,0.08914606885437698,0.9744481227022441,0.4505015554039892,-0.008393023425165458,0.7856337231547252,0.8473175519438391,0.12893871977494165,-0.0034496222593428383,-0.014523709068674118
2020-10-20,330940.0,-0.06484653518163767,0.0875747911391384,0.942361153079108,0.41237686589714145,-0.004849028600483529,0.7926119538284886,0.6575058923067626,0.0962730533228342,0.00896206719173398,-0.03812468950684772
2020-10-21,367748.0,-0.06290602175375312,0.08473622637283272,0.9400513395042257,0.3976473019567747,-0.0059989516395193565,0.72664433253206,0.9385394346128327,0.10546083092583203,0.001940513427884552,-0.01472956394036673
2020-10-22,160851.0,-0.08519060879236787,0.10759820590877647,0.9717999888095193,0.47322055815630615,-0.0400270031113964,0.0,1.0264530528252855,-0.8269194503514861,-0.022284587038614745,0.07557325619953142
2020-10-23,209643.0,-0.06830519913165654,0.09925966039950673,0.9316886325801481,0.3771793000481771,-0.01541381304646472,0.0,0.7547258911578254,0.2649276134396654,0.016885409660711323,-0.09604125810812902
2020-10-26,242718.0,-0.06141825623063913,0.09503004379825868,0.9415576924661542,0.3362502987005496,-0.016192541190159226,0.0,0.8534018902594781,0.14649419154129895,0.0068869429010174135,-0.0409290013476275
2020-10-27,270215.0,-0.055392547709428,0.09167949106011399,0.9073145458246211,0.3125881242714135,-0.013592999151068597,0.0,0.6239290934996207,0.10731766279997323,0.0060257085212111275,-0.023662174429136096
2020-10-28,278236.0,-0.05200448638411667,0.09097963248696869,0.8271934616656363,0.30451846633792895,-0.0034196384953590897,0.0,1.1296848718354202,0.02925173600544717,0.003388061325311331,-0.008069657933484575
2020-10-29,213492.0,-0.06412837872342422,0.09946492011204151,0.8215249283345512,0.4151584134300114,0.0029290265823573858,0.0,0.7665954696194706,-0.2648703131837902,-0.012123892339307552,0.11063994709208247
2020-10-30,230952.0,-0.05564974006522982,0.09713118387274236,0.7127281859433995,0.35362326370847624,0.012247396451873671,0.0,0.6997211541792234,0.0786105354815696,0.008478638658194405,-0.061535149721535176
2020-11-02,251266.0,-0.059327672768229915,0.09340631153885007,0.7906282584989612,0.35949949455955044,-0.007251826855188215,0.3332126113361935,0.6489258395485262,0.0843022422155304,-0.0036779327030000974,0.005876230851074193
2020-11-03,283003.0,-0.06565863869058623,0.0897911906046007,0.915944353946778,0.41181188891990544,-0.01853092137961576,0.3156680317876489,0.7599954770797482,0.11894535935602413,-0.006330965922356317,0.05231239436035501
2020-11-04,349213.0,-0.06549545493940107,0.08428989711477052,0.9698837099420697,0.44072815158656753,-0.013047972085577286,0.2741220974018722,1.4732555775415004,0.21022455292833975,0.00016318375118516693,0.028916262666662085
2020-11-05,210288.0,-0.08916461622003855,0.10158262931088785,0.9641253899414137,0.5475728524689949,-0.07112115676378605,0.4739642775622004,0.7667674807882523,-0.507204031482452,-0.02366916128063748,0.10684470088242737
2020-11-06,251492.0,-0.0812816643349456,0.09747986614857834,0.9524080288836225,0.5091255387845339,-0.07503971548221655,0.42870548566157174,0.7369260254799358,0.1789331601490911,0.007882951885092943,-0.03844731368446097
2020-11-09,312906.0,-0.07559279876779802,0.09294759032828777,0.954398445539555,0.4515157906847424,-0.009710172637987347,0.3817120796660978,1.087473554358178,0.21849164605766447,0.00568886556714758,-0.057609748099791525
2020-11-10,342169.0,-0.0676657927590815,0.09185933206225204,0.9073031162963331,0.41786660977470197,-0.010069012331711646,0.38119175027544866,1.0340358127124316,0.08940194111006505,0.007927006008716528,-0.03364918091004043
2020-11-11,427185.0,-0.06784798942218279,0.08586941963533297,0.9813172278989196,0.3993656144293456,-0.004689270776546017,0.3869400845067125,1.1901213759846436,0.22191240761350883,-0.00018219666310129168,-0.018500995345356375
2020-11-12,263945.0,-0.087991324073682,0.1011261256222026,0.9651594082100438,0.5302998730796189,-0.03190039465185479,0.7556384852904962,0.6043721229801663,-0.481476426561402,-0.020143334651499215,0.1309342586502733
2020-11-13,290210.0,-0.08513309418283801,0.0988974117861305,0.9727955618345336,0.5268667516625891,-0.020592421042797793,0.7677199269494503,0.7076151752179456,0.09486405074160764,0.0028582298908439857,-0.003433121417029783
2020-11-16,360965.0,-0.0853654590065333,0.09455138353092961,0.9851730777222169,0.531727452800133,-0.04071996180589632,0.7876802460072306,1.0526311415234164,0.2181762018738702,-0.00023236482369529132,0.004860701137543888
2020-11-17,405015.0,-0.07791281343217216,0.09406818377423071,0.8954680690838611,0.5021986839993581,0.0005142348898441451,0.7900324679332864,0.8240879967408614,0.1151431027336649,0.00745264557436115,-0.02952876880077493
2020-11-18,503412.0,-0.07605523305695762,0.08893722079564809,0.989912834815221,0.47655200908997003,-0.012581598151204298,0.7424753482237213,1.1475749485510873,0.21748481686164034,0.0018575803752145376,-0.025646674909388045
2020-11-19,190728.0,-0.09437771527172671,0.12083283017854042,0.9588890986116354,0.4825825259007592,-0.12551931399905125,0.0,0.9247881800260056,-0.9705605910133741,-0.018322482214769092,0.006030516810789144
2020-11-20,237994.0,-0.07844430369366422,0.11312751450392013,0.9564022622419053,0.4040522029967142,-0.001198561725928915,0.0,0.7301318520634974,0.22139713396367355,0.015933411578062495,-0.07853032290404499
2020-11-23,300144.0,-0.0724821816731026,0.10517344041282682,0.9587664587664587,0.34892584892584894,-0.01282676695001661,0.0,1.2299696145849992,0.2320168962233904,0.005962122020561622,-0.05512635407086525
2020-11-24,315108.0,-0.06580258980054574,0.10509160872822443,0.9201670538355103,0.3435964812064435,-0.007759034643694873,0.0,0.871644007768765,0.04865307771335914,0.006679591872556859,-0.005329367719405453
2020-11-25,340369.0,-0.05979422038291645,0.1028301227305247,0.8230332374569952,0.316444799614536,-0.002826295980079774,0.0,1.5700372243065615,0.07711488601554528,0.006008369417629285,-0.027151681591907506
2020-11-26,230058.0,-0.09445033132149173,0.11728051346097604,0.9556372740787106,0.48499943492510583,-0.1333024211196866,0.0,1.048835511045041,-0.3916988721762138,-0.034656110938575284,0.16855463531056986
2020-11-27,277174.0,-0.08472430129765669,0.1106135335667371,0.9670567946488487,0.4209774365560983,-0.022866369223824234,0.0,0.8998787765086191,0.1863140167771764,0.009726030023835042,-0.06402199836900752
2020-11-30,305690.0,-0.06944318219500091,0.1089019972127949,0.8386044685792796,0.3671202852563054,-0.012598658154368336,0.0,1.1867251136772548,0.09792604872986388,0.015281119102655782,-0.053857151299792905
2020-12-01,340264.0,-0.07411666948349038,0.10413087494995238,0.9479345449415748,0.3625890485035149,-0.02417384252974475,0.39814085533585686,0.9315825359132909,0.10715027034832758,-0.004673487288489472,-0.004531236752790491
2020-12-02,419118.0,-0.06911183543855433,0.09702839520304642,0.9683812196087975,0.34280322009553393,-0.013520488035719147,0.35047170486593276,1.2243401619591618,0.20843071628443255,0.0050048340449360545,-0.019785828407980988
2020-12-03,260353.0,-0.09587523712930918,0.11424431465578444,0.954646191900996,0.5116898979462499,-0.14145219069205395,0.5802237731080494,0.873041601210664,-0.47611410069314886,-0.02676340169075485,0.16888667785071593
2020-12-04,309760.0,-0.0918923558183855,0.10961087306075454,0.9803719008264463,0.5024309142561983,-0.016447266006436312,0.5099334969008265,0.9372255940082644,0.17375940159581837,0.003982881310923683,-0.009258983690051514
2020-12-07,348226.0,-0.09094812821817985,0.10636900085189863,0.9893890749111209,0.5074807739801164,-0.01799868131251492,0.4737469344621022,1.0902747066560223,0.11705389018827006,0.000944227600205641,0.0050498597239180265
2020-12-08,395304.0,-0.08628296873803505,0.10373686168739951,0.9868860421346609,0.4806553943294275,-0.025096793961170927,0.4286017849553761,1.0556280735838748,0.12680339487200243,0.004665159480144801,-0.026825379650688874
2020-12-09,458334.0,-0.07717228649061023,0.10027466510564385,0.944132444898262,0.4279433775369054,-0.0027894099709939724,0.43636300165381575,1.0252239633105988,0.147943086828473,0.009110682247424826,-0.052712016792522076
2020-12-10,312794.0,-0.0936746371612038,0.11322680443000219,0.9396248009872312,0.5082162701330588,-0.017508696802482016,0.8329923208245682,0.8621680722776013,-0.3820533490754485,-0.01650235067059358,0.08027289259615339
2020-12-11,338880.0,-0.0903143846633891,0.11087008956195578,0.9593809017941454,0.4813119688385269,-0.018349157778636327,0.8304266997167139,1.0664630547686498,0.08010123551153292,0.0033602524978147003,-0.026904301294531918
2020-12-14,365981.0,-0.0823364654713344,0.1094137964640915,0.9389093969359065,0.45398804855989794,-0.02188789709416261,0.8322426574057123,0.6562444498484894,0.07693535707251442,0.007977919192054705,-0.027323920278628955
2020-12-15,356536.0,-0.076502842431012,0.11119631774311976,0.8564184261897817,0.40604034375210357,-0.004870448348511469,0.8183184867727242,1.1262733636995983,-0.026146202962340936,0.005833623040322394,-0.04794770480779437
2020-12-16,451633.0,-0.07622745665131885,0.10257759032557481,0.9828776905142007,0.3887382011500488,-0.021284270779882597,0.7625727083716203,1.134124388607564,0.23643468659893863,0.00027538577969316025,-0.01730214260205476
2020-12-17,162342.0,-0.07113450956420726,0.08143034529816773,0.9608480861391384,0.44062534649074175,-0.018159146583930252,0.0,1.1253095317293123,-1.0231646820424185,0.005092947087111582,0.05188714534069294
2020-12-18,196614.0,-0.06382293898128037,0.07707018480486662,0.932888807511164,0.38947379128648013,-0.017541101869759546,0.0,0.7719948732033324,0.19153719467783503,0.007311570582926891,-0.05115155520426162
2020-12-21,245872.0,-0.0633943259832354,0.07327818509598194,0.9762966096180127,0.37383679312813173,-0.02676128400774136,0.0,1.6240564196004426,0.22356865955540606,0.0004286129980449749,-0.015636998158348403
2020-12-22,257392.0,-0.050132864677989636,0.07371606962490458,0.8309582271399266,0.2912483682476534,-0.00899032689917656,0.0,1.754910797538385,0.04578913933497475,0.013261461305245761,-0.08258842488047835
2020-12-23,323142.0,-0.046964577315363513,0.06739750772628748,0.9377394458163903,0.2855029677355466,-0.012169648086316043,0.0,1.429040483750178,0.2274916404493883,0.0031682873626261224,-0.0057454005121067575
2020-12-24,194216.0,-0.07062993191328526,0.07888181966154235,0.9636332742925403,0.4426772253573341,-0.019627066135958215,0.0,1.0162499485109362,-0.5091209133445336,-0.023665354597921746,0.1571742576217875
2020-12-25,230343.0,-0.06503690511976616,0.07575746691000501,0.9579192769044425,0.4274494992250687,-0.009170061305858068,0.0,0.9347494822937966,0.17059856062819811,0.005593026793519099,-0.015227726132265418
2020-12-28,264959.0,-0.06595713031319243,0.07384371344713864,0.9790684596484739,0.41010495963526433,-0.01954488930868936,0.0,1.0630399420287666,0.14000559465417872,-0.0009202251934262717,-0.017344539589804364
2020-12-29,313380.0,-0.057682458441045165,0.071980419651384,0.9541866105048185,0.3540844980534814,-0.015343368769455523,0.0,0.9112068415342396,0.16784141464107982,0.008274671872147268,-0.05602046158178292
2020-12-30,402769.0,-0.05939660684910603,0.06762373739824812,0.9953347948824264,0.3707584248042923,-0.029800445270532494,0.0,1.131797630900094,0.2509466849353714,-0.0017141484080608685,0.016673926750810864
2020-12-31,224824.0,-0.0830444232228764,0.0830388132944994,0.9827820873216383,0.5018992634238337,-0.049721941852485685,0.0,0.8581690566843397,-0.5830453227248729,-0.02364781637377037,0.13114083861954146
2021-01-04,291020.0,-0.07634806261366318,0.07983702835071746,0.9851247336952786,0.49848120404095936,-0.01355721334610116,0.3946429798639269,1.3106143907635215,0.2580741194453715,0.00669636060921322,-0.003418059382874372
2021-01-05,340035.0,-0.07239369722886861,0.07795251614439977,0.9961298101666005,0.47913303042333877,-0.02000195999608001,0.3600335259605629,1.0469010543032335,0.15565656015646567,0.0039543653847945726,-0.01934817361762059
2021-01-06,429312.0,-0.059538978213068375,0.07552364949680172,0.9024299344066786,0.3840656678592725,0.0011259329659423223,0.310489806946929,2.335117583482409,0.23313537383203453,0.012854719015800237,-0.09506736256406628
2021-01-07,317416.0,-0.08665981564111666,0.08239692948989098,0.991604077929279,0.5606648688156867,-0.027211778624950722,0.45648927590291605,1.015487562063664,-0.3019707109210259,-0.027120837428048286,0.17659920095641418
2021-01-08,350448.0,-0.09355066731644562,0.08271529812023679,0.9875188330365703,0.6007253572569967,-0.04293534316911274,0.43290017349221566,0.903646190019632,0.09899911958223129,-0.006890851675328963,0.04006048844131005
2021-01-11,383837.0,-0.09231716039904268,0.08244338828958715,0.9867808470783171,0.6221208481725315,-0.03582241134387065,0.4113647199201744,0.8244332880884334,0.09100564732243654,0.0012335069174029406,0.02139549091553483
2021-01-12,402205.0,-0.08531477066234741,0.08378255827563647,0.9752414813341456,0.5591476983130493,-0.006496480804092819,0.4090128168471302,1.0665481533049066,0.046743925583060175,0.007002389736695272,-0.06297314985948221
2021-01-13,512245.0,-0.0827444325758852,0.08171226558475414,0.9897822331111089,0.5593768606819003,-0.017119869524247933,0.3723452644730549,1.339169733233121,0.2418411173250803,0.0025703380864622177,0.00022916236885095476
2021-01-14,319138.0,-0.10338870760300276,0.09225802303468117,0.9823430616222449,0.6549486429068303,-0.04502333008004622,0.7753542354718022,0.630711479046682,-0.4731794150919093,-0.020644275027117562,0.09557178222493001
2021-01-15,385256.0,-0.08214260311952833,0.09254301337412227,0.8784626326390763,0.5260294453558153,-0.0010495383376055711,0.7915515916689162,1.2445568660838506,0.1882844372608421,0.02124610448347443,-0.128919197551015
2021-01-18,407732.0,-0.07966048689792239,0.09070667478875744,0.8935281017923538,0.5027885964309889,-0.01357929797591595,0.7905241678357352,1.0790715469965566,0.05670204744886398,0.0024821162216059345,-0.023240848924826363
2021-01-19,444489.0,-0.08808612031502125,0.08965082237355929,0.9662421342260439,0.5401258523832986,-0.01746951793653484,0.7933379678687211,1.1016178128142653,0.0863152119109003,-0.008425633417098857,0.037337255952309634
2021-01-20,478659.0,-0.0807588768060832,0.08854561179632325,0.9503404302436599,0.5198586049776563,-0.0067176256375670595,0.7320409728010964,1.5433951936556087,0.07406313635758544,0.0073272435089380555,-0.02026724740564223
2021-01-21,246034.0,-0.09780960200589281,0.09465288190254818,0.9892128730175505,0.610452213921653,-0.13332924759978637,0.0,1.769787915491355,-0.6655187063345345,-0.017050725199809616,0.0905936089439967
2021-01-22,281333.0,-0.08289548415119526,0.09247826791193699,0.9669821883675218,0.520084739436895,-0.1260394668091639,0.0,0.885075693217646,0.13406928332885926,0.014914117854697553,-0.09036747448475801
2021-01-25,309024.0,-0.07668961834230335,0.090009478083657,0.9395872165268717,0.46776302164233197,-0.0907118409385359,0.0,1.0444916899658279,0.09387992269148349,0.006205865808891903,-0.05232171779456307
2021-01-26,328158.0,-0.06026332862751313,0.09034676042648593,0.8145618878710865,0.38317822512326377,-0.07400607324292652,0.0,1.6812541519633835,0.06007625593298549,0.016426289714790224,-0.0845847965190682
2021-01-27,392449.0,-0.058973980658151993,0.08553093424007126,0.8993678159455114,0.37477481150416997,-0.006461186705686517,0.0,1.8433427018542536,0.1789113927567847,0.0012893479693611362,-0.008403413619093802
2021-01-28,270372.0,-0.0752012907432185,0.09262411128442326,0.868610654949477,0.5273549036142796,-0.05941146402281283,0.0,1.07568831091977,-0.37260780396302806,-0.01622731008506651,0.15258009211010964
2021-01-29,297698.0,-0.056091489840971745,0.09075663967581393,0.7729007248956997,0.35512499244200496,-0.04216520866596074,0.0,1.2192255238530323,0.09628076131525809,0.01910980090224676,-0.17222991117227465
2021-02-01,356384.0,-0.06856839384582797,0.0837799474315162,0.9041848118883002,0.48328768968303853,-0.02661178487601301,0.3903177471491425,1.1462691927808206,0.17992925138418236,-0.012476904004856224,0.12816269724103357
2021-02-02,414301.0,-0.0775588841195386,0.0820655584314682,0.953948940504609,0.5349612962556209,-0.07995215751219065,0.3477616515528565,1.3391447281083078,0.15058396157962584,-0.008990490273710627,0.05167360657258241
2021-02-03,442505.0,-0.07336445430618992,0.08190235645459536,0.9392006869978871,0.5007197658783517,-0.0013518209002163495,0.3491463373295217,1.21121117275511,0.06585900102885844,0.00419442981334868,-0.03424153037726929
2021-02-04,250485.0,-0.09774283284926998,0.09687635045835417,0.9297961953809609,0.6558915703535142,-0.07679887331261115,0.7377527596462862,0.8206519352456235,-0.5690527253266673,-0.02437837854308006,0.15517180447516254
2021-02-05,289803.0,-0.09805313809975023,0.09466298387409885,0.9579265915121652,0.6730710172082415,-0.08241786057814005,0.7509239034792601,0.8981929103563455,0.14580234330736808,-0.00031030525048025837,0.017179446854727276
2021-02-17,400389.0,-0.09936479410439734,0.09304144154754877,0.983730821775823,0.6428498285417431,-0.003806924336385742,0.6969946726808179,1.3652847605703453,0.32323519273634105,-0.0013116560046471104,-0.030221188666498366
2021-02-18,181074.0,-0.11002433855740368,0.12015090297292468,0.974502137247755,0.5915040259783293,-0.025846128742957886,0.0,1.476026375956791,-0.7935307870435935,-0.010659544453006334,-0.05134580256341381
2021-02-19,217481.0,-0.0959599194256639,0.11405669732134523,0.9536557216492475,0.4973032126944423,-0.020890524545662537,0.0,1.1004271637522358,0.18320570289849236,0.01406441913173978,-0.09420081328388702
2021-02-22,277179.0,-0.08420078755760466,0.10622092847197365,0.9622951233679319,0.43806709743523137,-0.02499427184134706,0.0,1.2675094433560985,0.2425520164791255,0.011759131868059242,-0.05923611525921091
2021-02-23,310441.0,-0.07898206591704596,0.10330571370038108,0.9554697994143815,0.43809612776662876,-0.026965226169770373,0.0,1.2526985804065829,0.11333036034488764,0.005218721640558699,2.903033139739497e-05
2021-02-24,345183.0,-0.06476275526012339,0.0997808015586608,0.8911910493853985,0.3524681111178708,-0.006940927788568474,0.0,1.7120020394978894,0.10608084396804074,0.01421931065692257,-0.08562801664875797
2021-02-25,239761.0,-0.10142318072987497,0.11143367336371683,0.973360971967918,0.640049883008496,-0.051797390984052005,0.0,0.9429348392774471,-0.36443211734595415,-0.03666042546975158,0.28758177189062517
2021-02-26,265144.0,-0.07177606297209227,0.11008871495152708,0.8028354403644812,0.4039993362097577,-0.02217653474407344,0.0,1.2381649217029238,0.1006304807891567,0.0296471177577827,-0.23605054679873827
2021-03-02,290812.0,-0.06740568112636293,0.10730690047806415,0.7997022131136267,0.37483322558904036,-0.059377132078500594,0.4606309230705748,1.3299038554117437,0.09240393565615079,0.00437038184572934,-0.029166110620717334
2021-03-03,401004.0,-0.06858616091500096,0.09456206587140074,0.9551799982045067,0.38624053625400245,-0.025397042758545818,0.34859502648352636,1.4728830635105885,0.32129439203664134,-0.001180479788638028,0.01140731066496209
2021-03-04,274281.0,-0.07796997588188419,0.10721736447977327,0.8831709086666594,0.4462029816137465,-0.03183685067843722,0.5115337919870497,1.1682034118294742,-0.37981827400035506,-0.00938381496688323,0.05996244535974404
2021-03-05,314330.0,-0.07198399522176094,0.10222107355018774,0.8817739318550568,0.40520472115292844,-0.03501872883584778,0.46353513823052206,1.0123087201348901,0.13629026113644116,0.00598598066012325,-0.04099826046081806
2021-03-08,341855.0,-0.06666867728253982,0.10080156815895634,0.8665867107399337,0.3869447572801334,-0.026555441144214598,0.42736247824369983,1.2642085094557634,0.0839432810956744,0.0053153179392211175,-0.01825996387279505
2021-03-09,371244.0,-0.06533763390317757,0.09744274597295186,0.8924804171919277,0.3659264526834104,-0.028580548019345176,0.4117696178254733,1.1861309543049854,0.08247285781922464,0.001331043379362254,-0.021018304596722992
2021-03-10,418349.0,-0.06390003711369227,0.09305727348231228,0.922961450846064,0.37604488118771645,-0.03215690119264669,0.422654291034519,1.146640723415139,0.11945648402558895,0.001437596789485296,0.010118428504306054
2021-03-11,272208.0,-0.0959054254670573,0.10916458784004031,0.944101569388115,0.5333568447657674,-0.035820504389488916,0.8262064303767707,0.9810218656321636,-0.42974953245595415,-0.03200538835336503,0.15731196357805094
2021-03-12,297644.0,-0.09378159635979409,0.10694546508897079,0.9646120869226325,0.5289674913655239,-0.04030592094335472,0.8208900565776566,0.668926637190738,0.08933166155286543,0.002123829107263206,-0.00438935340024349
2021-03-15,326384.0,-0.08754670613483513,0.10460263846902242,0.959492499632335,0.4860256630226972,-0.03996041682949392,0.8135509093583019,0.7234392617285161,0.09217646078796093,0.006234890224958961,-0.04294182834282673
2021-03-16,348940.0,-0.08597512295822994,0.10323014387465411,0.9680088267323895,0.47094342866968536,-0.04371685191587649,0.808514357769244,0.9860663724422537,0.06682538537114624,0.0015715831766051902,-0.015082234353011814
2021-03-17,437221.0,-0.06755905392885271,0.09733906414379015,0.9290153034735295,0.3920900414207003,-0.0009755905035946366,0.757747226231128,1.2498095928603612,0.22553880043395402,0.01841606902937723,-0.07885338724898505
2021-03-18,174029.0,-0.06554399493451488,0.08088642835053567,0.9429520367295106,0.3855104609001948,-0.01767207929350978,0.0,1.4947968442041268,-0.92121683609186,0.0020150589943378344,-0.006579580520505501
2021-03-19,204342.0,-0.05318300549908702,0.07912146839298181,0.8670366346614988,0.3237024204519873,-0.016816176983044384,0.0,1.298920437306085,0.16057310873041786,0.012360989435427856,-0.06180804044820748
2021-03-22,246796.0,-0.05428452803806032,0.07374265985758874,0.9188317476782444,0.30574239452827434,-0.017864974347127194,0.0,1.1476158446652296,0.18876702372019416,-0.0011015225389732972,-0.017960025923712986
2021-03-23,271371.0,-0.049774855601063865,0.07278405897442582,0.8984047669058226,0.2825578267390399,-0.01097753126392742,0.0,1.0486197861967566,0.09492480389409685,0.004509672436996452,-0.023184567789234445
2021-03-24,309386.0,-0.04193292738746928,0.06954642980473873,0.8459367909343022,0.2684801510087722,-0.0020034780178791456,0.0,1.5563050687490707,0.13110279990786822,0.007841928213594584,-0.014077675730267691
2021-03-25,210868.0,-0.06301902120192981,0.0777065313539565,0.9338922928087714,0.40938406965495,-0.0660106325349592,0.0,1.084597947531157,-0.3833573429520083,-0.021086093814460534,0.1409039186461778
2021-03-26,263742.0,-0.065066259448721,0.07282847677862002,0.9820658067353701,0.4036899697431581,-0.0800864473429217,0.0,1.1503249387659151,0.2237390072822869,-0.0020472382467911915,-0.005694099911791928
2021-03-29,318945.0,-0.06397336662863938,0.07003994009071283,0.9790371380645566,0.44959475771684776,-0.010680403035451147,0.0,0.9509821442568468,0.19004732155006998,0.0010928928200816257,0.04590478797368969
2021-03-30,341427.0,-0.06381174751527488,0.06984376552520838,0.9856894738846078,0.4633084085324242,-0.015397253985224957,0.0,0.9894882361383254,0.06811521922241681,0.00016161911336450008,0.013713650815576461
2021-03-31,367812.0,-0.0539698242818107,0.0685587824400381,0.9242982828183963,0.3827172577294922,-0.0018945745058314145,0.0,1.0570943851750352,0.07443804471620474,0.009841923233464181,-0.080591150802932
2021-04-01,233998.0,-0.07375669403583338,0.08067370996817255,0.979298968367251,0.47360661202232496,-0.09481947079525532,0.48161095393977726,0.8999991452918401,-0.4522593697527686,-0.019786869754022676,0.09088935429283274
2021-04-06,300087.0,-0.06603648360130336,0.07722181179037213,0.9497012533032088,0.44667046556498613,-0.014329263011003013,0.40096038815410195,1.08029004921906,0.24875986430170016,0.007720210434530014,-0.026936146457338828
2021-04-07,348895.0,-0.06282282327765322,0.07379625555654507,0.9896616460539704,0.4052537296321243,-0.003886922432823403,0.3581650639877327,1.0066037059860415,0.15069858472191555,0.0032136603236501415,-0.041416735932861826
2021-04-08,263495.0,-0.08001509477316608,0.08078026304043129,0.988644945824399,0.5423973889447617,-0.1138124732666762,0.48860889200933605,1.0079963566671095,-0.28073662486692896,-0.017192271495512862,0.13714365931263744
2021-04-09,293517.0,-0.07085843116594787,0.08012215240545853,0.9415400130145783,0.4975691356889039,-0.050676096617440214,0.4507916066190374,0.8219046937656082,0.10790116675687678,0.009156663607218216,-0.044828253255857875
2021-04-12,334263.0,-0.06627939898491844,0.07707655363253088,0.94171655253498,0.4726009160451501,-0.05099141740363122,0.4117745607500681,0.8683850740285344,0.1299925490436742,0.004579032181029424,-0.024968219643753786
2021-04-13,356300.0,-0.060762664561996055,0.0767545944928444,0.8995677799607072,0.3954308167274768,-0.0074241110353636675,0.4022228459163626,1.453396014594443,0.06384496434192499,0.005516734422922387,-0.07717009931767327
2021-04-14,381066.0,-0.06211639327462354,0.07459908358198417,0.9425742522292726,0.4363574813811781,-0.05134421560100022,0.4381629429022794,2.096153947085282,0.06719951585906969,-0.0013537287126274833,0.04092666465370126
2021-04-15,309323.0,-0.08266176176612984,0.07902327567583448,0.9890405821746201,0.5882621078936904,-0.06305246964729194,0.7375946825809914,0.9174810796481347,-0.2085865500831492,-0.020545368491506302,0.1519046265125123
2021-04-16,341705.0,-0.08004548284871661,0.07807162226715493,0.9912526887227286,0.564088907098228,-0.06753440360957441,0.7478526799432259,0.8153933948874029,0.09956175334523643,0.0026162789174132284,-0.02417320079546237
2021-04-19,385613.0,-0.07668779387845905,0.07732033348251578,0.9859677967288447,0.5320152588216683,-0.01525086773776474,0.7713718157842189,0.8813266150259457,0.12088648412809455,0.0033576889702575663,-0.032073648276559674
2021-04-20,417672.0,-0.07595082406493595,0.07678234472052616,0.988361680936237,0.5149567124442146,-0.018695014451158953,0.7674490988143806,0.8472868662491141,0.07986215963894061,0.0007369698135231001,-0.017058546377453743
2021-04-21,464080.0,-0.06484262115177032,0.07524950341656333,0.9600736941906568,0.43494440613687296,-0.00012265937143762784,0.7001379072573695,1.1915510256852266,0.10536051565782678,0.011108202913165624,-0.08001230630734163
2021-04-22,236649.0,-0.06861778727592828,0.08850485801141747,0.9064056894387891,0.4429091185680058,-0.06416166139380264,0.0,1.6548981825403868,-0.6734789204641736,-0.003775166124157958,0.007964712431132837
2021-04-23,279371.0,-0.07287489387635439,0.0830725783798309,0.986598465839332,0.47726857834206127,-0.07515894260609812,0.0,0.9784014804686242,0.16596261689831948,-0.004257106600426108,0.03435945977405547
2021-04-26,345139.0,-0.07457357846234806,0.07894092007062017,0.9890363013162813,0.49727211355424916,-0.08947553221577842,0.0,1.1218755342050595,0.21140658684830171,-0.0016986845859936761,0.020003535212187895
2021-04-27,377659.0,-0.07154365873908934,0.07958025427540388,0.9766773729740321,0.5015000304507505,-0.09069726470370942,0.0,0.9525391954117338,0.09004443762532865,0.0030299197232587227,0.004227916896501371
2021-04-28,412924.0,-0.06660023584821244,0.07841456307735191,0.980483091319468,0.44374751770301557,-0.0038440236049119836,0.0,1.0638253044143717,0.08927188459134427,0.004943422890876903,-0.05775251274773496
2021-04-29,272291.0,-0.08606088632364815,0.09220979734284158,0.9663007591143299,0.5578810904510249,-0.08918371506023337,0.0,1.0573577532860066,-0.41639220930456133,-0.019460650475435715,0.11413357274800928
2021-05-03,309358.0,-0.06265629446101932,0.09018760282432435,0.8471253369882144,0.4017966239761053,-0.07097463470432308,0.4577091912929357,1.3487739124250868,0.12762783496585683,0.023404591862628832,-0.15608446647491953
2021-05-04,320618.0,-0.04924507268344913,0.08967357875858151,0.6819330168611868,0.3568951212969952,-0.05514303362864048,0.4110499098615798,2.0383041501101,0.03575120100980378,0.01341122177757019,-0.04490150267911014
2021-05-05,373812.0,-0.042810761841545766,0.08479495351756962,0.6823884733502402,0.33070901950713194,0.003357983879777704,0.3613126384385734,1.544792569526928,0.15350261390688402,0.006434310841903365,-0.026186101789863248
2021-05-06,276731.0,-0.07207195996386333,0.08974247150516716,0.8864240002023626,0.4936707488499662,-0.05851117664919425,0.5202705876826232,1.3713678626536239,-0.3007070820228357,-0.02926119812231756,0.16296172934283426
2021-05-07,324352.0,-0.07831197657190528,0.08459261227351474,0.9645169445540647,0.5638318863456985,-0.0743419149551634,0.4788316397000789,1.0591086227308604,0.15878343060648703,-0.006240016608041951,0.07016113749573227
2021-05-10,362278.0,-0.06959826878279073,0.0836766677940111,0.9448821071111135,0.4585622091322134,-0.07168936869655329,0.4382849634810836,0.7675127940421445,0.11058252708113692,0.008713707789114553,-0.10526967721348507
2021-05-11,334903.0,-0.0404601560283094,0.0893653200751836,0.6262708903772137,0.2769160025440202,-0.011043150478830088,0.4301096138284817,2.192915560625017,-0.07857093524178538,0.029138112754481325,-0.1816462065881932
2021-05-12,386027.0,-0.012328170342620607,0.08737762206952118,0.4706147497454841,0.22945545259787528,0.012427707316582381,0.37009069313804477,2.292622018667088,0.14206637754718265,0.028131985685688796,-0.04746054994614493
2021-05-13,261839.0,-0.030345588475314513,0.10845460792171176,0.5296308036617922,0.3049622096020837,-0.042762968966375436,0.7001898112962546,0.9614037633813145,-0.38817750414565033,-0.018017418132693905,0.07550675700420842
2021-05-14,295126.0,-0.044259204333813744,0.10313594813702691,0.6654852503676396,0.41194608404545857,-0.052257869260868506,0.7273672939693555,0.9859992003415491,0.11967257273523657,-0.01391361585849923,0.10698387444337487
2021-05-17,303193.0,-0.019922995947825352,0.10839055788929666,0.5059252687232225,0.29958145471696246,-0.023048882074835686,0.7219262977707269,1.3679207633421615,0.02696718263578113,0.024336208385988392,-0.11236462932849611
2021-05-18,373404.0,-0.0670228381088416,0.09584866605831178,0.7787784812160555,0.48798888067615775,-0.07097618106798098,0.7570888367558998,1.412001478291609,0.2082913769925696,-0.04709984216101625,0.1884074259591953
2021-05-19,422258.0,-0.06206380839321967,0.09257036274783598,0.7958001979832235,0.45661893913199986,-0.07020912856280359,0.7323745198433186,1.3216801102643407,0.12295555820736404,0.0049590297156219335,-0.0313699415441579
2021-05-20,153838.0,-0.10024292473012432,0.11795284949020282,0.8738998166902846,0.5994357700958151,-0.01510750288610907,0.0,0.9460211391203733,-1.0097164009544048,-0.03817911633690465,0.1428168309638152
2021-05-21,185595.0,-0.10252855354747627,0.11103973150567203,0.9216088795495568,0.6044774913117271,-0.030797334815354627,0.0,1.2511651714755248,0.18766677965805378,-0.002285628817351948,0.005041721215912065
2021-05-24,226437.0,-0.0960034757733147,0.10330208395985778,0.9309918432058365,0.6148862597543687,-0.03294653234824463,0.0,1.1261542945720002,0.19889988020398697,0.006525077774161572,0.010408768442641603
2021-05-25,276307.0,-0.09598595808108612,0.0980987373796692,0.9427050346172916,0.5992320136659585,-0.08409844254555543,0.0,1.3314429239939631,0.1990458058514495,1.751769222857469e-05,-0.015654246088410262
2021-05-26,337517.0,-0.08630508656268103,0.09415183954900681,0.9550422645377863,0.5734496336480829,-0.00863330186995781,0.0,1.2193696910081566,0.20010331302492546,0.00968087151840509,-0.025782380017875584
2021-05-27,218832.0,-0.10738513266754326,0.10634531340393963,0.9433218176500695,0.6422186883088397,-0.08442614903012424,0.0,0.9573097170432112,-0.433311567275215,-0.021080046104862235,0.06876905466075678
2021-05-28,262277.0,-0.10637123662045048,0.10183276581149847,0.9558367679971939,0.6900871978862043,-0.06347394264429917,0.0,0.8295237477933635,0.18109688503311183,0.0010138960470927882,0.04786850957736466
2021-05-31,299852.0,-0.1046589530562348,0.09964427309213726,0.9862165334898549,0.6760501847578139,-0.07431439212628232,0.0,1.073459573389539,0.13388782242163444,0.001712283564215683,-0.014037013128390452
2021-06-01,330347.0,-0.10066518990568225,0.09885807593004728,0.985645397112733,0.6564128022957678,-0.0793817640676876,0.5371291399649459,0.9651881203703984,0.09685459756328463,0.00399376315055254,-0.01963738246204605
2021-06-02,375501.0,-0.09001661834734588,0.09680094894157905,0.9751185749172439,0.5943259804900652,-0.07952442872256638,0.48640083515090504,1.2006545921315788,0.12811751715926256,0.010648571558336373,-0.062086821805702574
2021-06-03,261639.0,-0.11696564779881247,0.10509532056313875,0.9836989133882945,0.7103298820130026,-0.08385402895485139,0.7137315155615179,0.7011492934921781,-0.3612954432763402,-0.026949029451466586,0.11600390152293738
2021-06-04,277536.0,-0.10753133977342992,0.10507615050551919,0.9639181943964026,0.6499589242476652,-0.07857804764684584,0.680978323532803,0.5406073446327684,0.058984963461895745,0.009434308025382546,-0.06037095776533741
2021-06-07,305964.0,-0.09679684180516646,0.10268451945905979,0.94361101306036,0.6084375939653031,-0.0751531704393198,0.6192558601665555,1.2773332810395994,0.09751679347055386,0.010734497968263465,-0.04152133028236216
2021-06-08,334207.0,-0.08885684254535424,0.09996567166973104,0.9360695616788398,0.5626542831239322,-0.07473613875678498,0.5812834560616624,0.7366841508406466,0.08829311351093239,0.007939999259812217,-0.04578331084137088
2021-06-09,357212.0,-0.08002733888737068,0.09893277500346702,0.9082225681108137,0.5056745014165258,-0.06873776244797025,0.5773182311904416,1.229505167799514,0.06656888157938567,0.008829503657983559,-0.05697978170740636
2021-06-10,287690.0,-0.10559075262693049,0.1027778440463782,0.9826445131912823,0.6624109284299072,-0.07921222526431859,0.87612012930585,0.7613333796795162,-0.21644593153842173,-0.02556341373955981,0.15673642701338142
2021-06-11,316616.0,-0.10048072055525754,0.10083629150959537,0.9822908507466458,0.6126853980847462,-0.08211684768716687,0.8642488061247694,0.5912019607347702,0.095806171600616,0.005110032071672946,-0.04972553034516103
2021-06-15,349744.0,-0.09773447697556317,0.10065653198871963,0.9573602406331488,0.6129340317489363,-0.09045327088546684,0.857521501441054,0.8041653323573814,0.09951177516253473,0.0027462435796943713,0.00024863366419014543
2021-06-16,391938.0,-0.0839410207572147,0.09707882136662295,0.9330200184723094,0.5209369849312901,-0.08711995590442723,0.7931739203649557,1.0571110736902265,0.11390220572838317,0.013793456218348474,-0.0919970468176462
2021-06-17,145026.0,-0.06285285924767425,0.06597374748014542,0.9774040516872836,0.4114848372016052,-0.022460971754297288,0.0,1.297174299780729,-0.9941906273248051,0.021088161509540446,-0.10945214772968492
2021-06-18,169057.0,-0.05507215055127339,0.06324781016016087,0.9556244343623749,0.3565661285838504,-0.018393005415006214,0.0,0.76727375973784,0.1533228994728848,0.007780708696400865,-0.05491870861775483
2021-06-21,204598.0,-0.04298857479278584,0.06143624902035978,0.8474276385888425,0.3067576418146805,-0.00955167268554491,0.0,1.6502849490219846,0.1908111421345744,0.01208357575848755,-0.04980848676916988
2021-06-22,231457.0,-0.04084744096916247,0.059507877219277215,0.826334913180418,0.2874140769127743,-0.004424454849184856,0.0,1.1239193457100023,0.12334703283445236,0.0021411338236233673,-0.019343564901906196
2021-06-23,309529.0,-0.04677165050734732,0.055086709096417254,0.9711755602867582,0.28512998782020427,-0.019421793408322507,0.0,1.524151210387395,0.2906576761173376,-0.005924209538184851,-0.002284089092570052
2021-06-24,186104.0,-0.06681513411386206,0.06579138513237134,0.9771794265571938,0.46321949017753516,-0.023435256055275855,0.0,0.8832803163822379,-0.5087461300127298,-0.020043483606514735,0.1780895023573309
2021-06-25,221836.0,-0.0626130008745691,0.06337051691239254,0.9808056402026722,0.42193782794496837,-0.028737375728375647,0.0,0.9707712003462017,0.17563271289387572,0.004202133239292957,-0.041281662232566796
2021-06-28,239074.0,-0.06320548292394682,0.06312825530184031,0.9669474723307427,0.42539548424337237,-0.02222560779763716,0.0,0.8296468875745585,0.0748347573074124,-0.0005924820493777155,0.0034576562984039994
2021-06-29,264318.0,-0.05865041517061894,0.06275978355132823,0.9412752820466257,0.3915510861916328,-0.022626758774623945,0.0,1.06554983012886,0.10037979627899851,0.004555067753327875,-0.033844398051739555
2021-06-30,330538.0,-0.05555566287500778,0.06067959775410673,0.9734917014080076,0.36184039354022834,-0.0003075110416739246,0.0,1.380404068518597,0.223568706271438,0.0030947522956111598,-0.02971069265140447
2021-07-01,220504.0,-0.06726782828301414,0.06739395613589748,0.9681683778979067,0.4678735986648768,-0.017722765234611804,0.4415656858832493,0.9699053078402206,-0.40480579467753586,-0.011712165408006361,0.10603320512464848
2021-07-02,237943.0,-0.06444718094330482,0.06625170619407089,0.9653152225533006,0.447132296390312,-0.017512556358924236,0.4219245785755412,0.6312730359792051,0.07611531387752457,0.0028206473397093257,-0.020741302274564832
2021-07-05,282357.0,-0.06590574949504825,0.06479163219921177,0.9756230587518637,0.4556182421544357,-0.02898155232366395,0.38539154332989795,1.0501138629465534,0.1711410785469898,-0.001458568551743436,0.008485945764123703
2021-07-06,293707.0,-0.06311983502282552,0.06510161418309321,0.9643590380889798,0.44132417681567004,-0.02864221487439056,0.3801782048095551,0.7226964287538261,0.039410444028165514,0.0027859144722227336,-0.014294065338765649
2021-07-07,315773.0,-0.05858427283897712,0.06376996060665881,0.9609782977011967,0.3828478052271727,-0.02524776353182978,0.35894455827445665,1.362215895595887,0.07244092925174606,0.004535562183848402,-0.05847637158849733
2021-07-08,226427.0,-0.07184496303891307,0.06948272092801978,0.9661877779593423,0.46475464498491786,-0.04847675120857442,0.5124300547196227,0.8711681910726194,-0.33260100384746316,-0.013260690199935948,0.08190683975774515
2021-07-09,254110.0,-0.05788369527455755,0.06767765724762151,0.9091023572468616,0.3809806776592814,-0.014805101271241128,0.44686946597930033,0.8367439297941837,0.115344646967662,0.013961267764355516,-0.08377396732563647
2021-07-12,291815.0,-0.05837783362451454,0.06585341794791574,0.931689597861659,0.3866833438993883,-0.01764478372186895,0.40681938899645326,0.9932320134331682,0.13835279570290027,-0.0004941383499569921,0.005702666240106902
2021-07-13,311750.0,-0.05537713580897202,0.06666691133997062,0.872532477947073,0.35499599037690455,-0.019471612862739462,0.3968917401764234,1.3076375300721732,0.06608154472068861,0.003000697815542519,-0.03168735352248375
2021-07-14,325559.0,-0.05612205677605315,0.06532768921518906,0.9122770373419258,0.35670953652026205,-0.01937436084221733,0.43872846396505705,1.556092751237103,0.04334212026355644,-0.0007449209670811266,0.0017135461433575028
2021-07-15,244161.0,-0.07708011885491263,0.07026840709742053,0.9817702253840703,0.5525862033658119,-0.057346074317726425,0.8231822445026028,0.909502336572999,-0.2877158610610291,-0.02095806207885948,0.19587666684554983
2021-07-16,262011.0,-0.06832548916850607,0.06976468617605261,0.943113075405231,0.5024636370228731,-0.050027241865858274,0.8158550595204018,0.8094545648846804,0.07055864384991395,0.008754629686406556,-0.05012256634293877
2021-07-19,279324.0,-0.0611476433405536,0.06879227723137715,0.9058906502842577,0.39689392963010695,-0.010638447376927096,0.8144162334779682,0.9681158797668658,0.06398591075533488,0.007177845827952473,-0.10556970739276617
2021-07-20,299706.0,-0.047820691801602075,0.06795842845017791,0.7966507177033493,0.3219421699932601,-0.018754342867770446,0.7998705397956665,1.3643070208804629,0.07042959577431773,0.013326951538951526,-0.07495175963684686
2021-07-21,325545.0,-0.04642907291768692,0.06571621107538998,0.8301402263895928,0.31740926753597815,-0.003367358218983152,0.7046614139366294,2.075396642553257,0.08269870679881919,0.0013916188839151536,-0.00453290245728194
2021-07-22,219164.0,-0.052251395846966475,0.06132056430442179,0.95923600591338,0.30228504681425783,-0.015497660241982847,0.0,1.2984112354218758,-0.39568039293165036,-0.005822322929279554,-0.015124220721720316
2021-07-23,253120.0,-0.050228568285734285,0.05997947163550308,0.958557206068268,0.28657553729456386,-0.01553071430359887,0.0,0.7522716498103666,0.14404337656988098,0.0020228275612321905,-0.015709509519693965
2021-07-26,279588.0,-0.04182072293128552,0.06050624719835921,0.9236340615477059,0.2619497260254374,-0.005950506677944167,0.0,0.9313561383178105,0.09945340640440747,0.008407845354448766,-0.02462581126912644
2021-07-27,309052.0,-0.034286208263256845,0.059977410749721564,0.7728505235364922,0.23456570415334635,0.0017446570240540193,0.0,0.9804854846433609,0.1001924565453951,0.007534514668028673,-0.027384021872091074
2021-07-28,314516.0,-0.03435407644742529,0.06022940030037322,0.7159063449872185,0.23500871179844587,0.00961645079549589,0.0,1.9162618117997177,0.01752540172116035,-6.786818416844309e-05,0.0004430076450995246
2021-07-29,184674.0,-0.07520437935899042,0.06934281425826408,0.9594474587651753,0.5609019136424185,-0.08060824659925614,0.0,1.0818577601611488,-0.5324428407682102,-0.040850302911565134,0.32589320184397264
2021-07-30,204352.0,-0.062461770303160934,0.06940394870707,0.8863235984967116,0.42587300344503604,-0.014344762488976648,0.0,0.9658921860319449,0.10125188861027468,0.012742609055829489,-0.13502891019738245
2021-08-02,237570.0,-0.06981812885161835,0.06755936338179773,0.9763522330260554,0.49260428505282655,-0.028753467921440956,0.4032158942627436,1.086896493665025,0.1506183197981148,-0.007356358548457419,0.06673128160779052
2021-08-03,262276.0,-0.06664151291938346,0.06698324640525655,0.9740654882642712,0.45304564657078805,-0.031546517669148844,0.37975643978099405,0.9385304030868246,0.09893506751176595,0.003176615932234894,-0.0395586384820385
2021-08-04,318934.0,-0.06002599590157481,0.06504224193145443,0.9758037713131871,0.3987408053076812,-0.0013555463634872256,0.32073093492697546,1.2570155580778468,0.19558680042487886,0.006615517017808645,-0.05430484126310686
2021-08-05,210999.0,-0.07300504667015108,0.0732962849827229,0.9720377821695837,0.4723008165915478,-0.03426210808084018,0.5032867454348124,0.5267750084123621,-0.4131307906987338,-0.012979050768576264,0.07356001128386663
2021-08-06,243176.0,-0.06395899612840043,0.07022244283785219,0.9435059380859954,0.4051263282560779,-0.018616614592486203,0.44696845083396386,0.6832129815442314,0.14193206688353577,0.009046050541750644,-0.0671744883354699
2021-08-09,266233.0,-0.0594507028212385,0.06857931356901957,0.924998028043105,0.3886107281967299,-0.016308124322639617,0.4110084024144265,0.8554123643575364,0.09058640420801467,0.004508293307161931,-0.01651560005934799
2021-08-10,274400.0,-0.04988530292447305,0.06739173210955052,0.866938775510204,0.3237244897959184,-0.007137068191211515,0.40497813411078715,0.9639686588921282,0.030215030631836726,0.009565399896765449,-0.06488623840081154
2021-08-11,281179.0,-0.04855711588046628,0.06686409678381652,0.8505044829094633,0.320866778813496,-0.007382519948128552,0.47644738760718264,1.9761539802047805,0.02440458135299295,0.001328187044006772,-0.002857710982422379
2021-08-12,207351.0,-0.06874170136774731,0.07414568413819568,0.9194554161783642,0.4523874975283457,-0.024386844553465292,0.7562780020351964,0.6398811676818534,-0.30457846776051767,-0.020184585487281026,0.13152071871484966
2021-08-13,222768.0,-0.05658141191611071,0.07404202423045321,0.8067675788264024,0.38492961287078936,-0.028389287314709466,0.7494433670904259,1.0682683329742153,0.07171786172272476,0.012160289451636594,-0.06745788465755631
2021-08-16,239784.0,-0.05184671815957134,0.07410626854307907,0.7983601908384212,0.3762511260134121,-0.02128091195265136,0.74736846495179,1.340623227571481,0.07360764693189736,0.004734693756539371,-0.008678486857377266
2021-08-17,244643.0,-0.04362950977663225,0.07678452124637151,0.7080807544053989,0.3180879894376704,-0.009684683603259359,0.7263441014049042,1.3335472504833574,0.02006148692367482,0.008217208382939094,-0.05816313657574168
2021-08-18,335550.0,-0.050095917164238696,0.06826444895276096,0.87288630606467,0.30933988973327375,-0.007504336968323977,0.6888660408284906,2.024911339591715,0.3159709715817467,-0.006466407387606447,-0.008748099704396661
2021-08-19,158776.0,-0.06534645004545037,0.08936366273724726,0.779475487479216,0.4152264825918275,-0.08399184142066751,0.0,2.091008716682622,-0.7482765727142908,-0.01525053288121167,0.10588659285855373
2021-08-20,187974.0,-0.06402840314109404,0.08550755016117928,0.8045314777575622,0.4332673667634886,-0.02092407633365445,0.0,1.496893187355698,0.16880925150361925,0.0013180469043563292,0.01804088417166111
2021-08-23,244039.0,-0.07426751155595238,0.07940396335766138,0.9416363777920742,0.48058302156622507,-0.032364423504226525,0.0,1.5602629087973643,0.26102439319277515,-0.010239108414858339,0.04731565480273647
2021-08-24,266889.0,-0.07227579730311898,0.07981552398239707,0.9539921090790553,0.4360726744077126,-0.018950895816747138,0.0,1.0400391173858796,0.08950479303700476,0.0019917142528333986,-0.04451034715851249
2021-08-25,346151.0,-0.07100742138279866,0.07711037284047528,0.9796100545715598,0.44255541656675845,-0.00269038933793897,0.0,1.4138251803403716,0.26004225441749185,0.001268375920320322,0.006482742159045873
2021-08-26,202415.0,-0.09207342574763476,0.0910382740235537,0.9637378652767828,0.5771756045747598,-0.12110885594153842,0.0,0.961391201244967,-0.5365550507016614,-0.021066004364836105,0.13462018800800135
2021-08-27,233760.0,-0.0891296891876495,0.08841709540260337,0.9846552019164956,0.5323536960985626,-0.12841016785076986,0.0,1.0054072553045859,0.1439749026632029,0.002943736559985255,-0.04482190847619716
2021-08-30,276241.0,-0.0879615780332253,0.08569040027851596,0.9855343703505273,0.5525682284671718,-0.022793064359998505,0.0,0.9804952921543145,0.16697872511333856,0.001168111154424209,0.02021453236860915
2021-08-31,299533.0,-0.08637365486736157,0.08596774548937701,0.9872100903740155,0.55263693816708,-0.028032125253497853,0.0,1.2967185585561525,0.08095092200940357,0.0015879231658637305,6.87096999082426e-05
2021-09-01,344118.0,-0.0770312525276456,0.08426870708777337,0.967769776646383,0.5044781150651811,-0.009957084787160841,0.4205069191382026,1.1859885271912542,0.13876002668505372,0.009342402339715963,-0.048158823101898895
2021-09-02,233776.0,-0.09401280770092693,0.09429708073982176,0.9495884949695435,0.568043768393676,-0.3533397691422975,0.6574413113407707,1.0679881596057765,-0.38662122988045766,-0.01698155517328133,0.06356565332849484
2021-09-03,273554.0,-0.09191374235389611,0.09194353538294907,0.9690774033646008,0.5690942190572976,-0.360618190869171,0.5857709995101515,0.8368731584988705,0.15713565102849003,0.002099065347030818,0.0010504506636216382
2021-09-06,299154.0,-0.08416138445838012,0.09057983670924152,0.9375338454441525,0.5248868475768333,-0.3598280681097209,0.5462771682812197,1.0022296208641703,0.0894594480068811,0.007752357895515996,-0.044207371480464275
2021-09-07,318731.0,-0.07590926489686858,0.0876772708995788,0.9329842406292453,0.4636386168901048,-0.01313166028549173,0.5339612400425437,1.0371849616133981,0.06338899588778091,0.008252119561511534,-0.06124823068672852
2021-09-08,318431.0,-0.06910403795466999,0.08602421219163937,0.8862139678611693,0.44802484682709914,-0.07356421271197289,0.5718727133978789,1.806363073946946,-0.0009416758129603409,0.0068052269421985945,-0.015613770063005683
2021-09-09,261144.0,-0.0868332220728768,0.08774998170378834,0.964058144165671,0.5473608430597678,-0.017586927664925533,0.8588096988634623,0.8180505774591796,-0.19833383172309915,-0.017729184118206814,0.0993359962326687
2021-09-10,294188.0,-0.08824066735065542,0.08586862029147217,0.9811243150638367,0.5891368784586727,-0.027157749804430087,0.8441302840360586,0.8476688376140428,0.11914703943944183,-0.0014074452777786128,0.04177603539890484
2021-09-13,326113.0,-0.08099652781178879,0.08504328302682268,0.9657664674514662,0.4900724595462309,-0.025581913883222396,0.8407545850671393,0.6996255899028864,0.10302492831648458,0.0072441395388666285,-0.09906441891244178
2021-09-14,342375.0,-0.07720364255107241,0.08495576299241164,0.9404979919678715,0.4807389558232932,-0.024944221073823325,0.8217276378240234,0.8393953997809419,0.04866268051049438,0.003792885260716375,-0.00933350372293773
2021-09-15,379279.0,-0.06895114410899648,0.08253369810845324,0.9406110014000247,0.41683562759868065,-0.0002304944105105955,0.7539120278212081,1.2434672101540027,0.10236545443258294,0.008252498442075928,-0.06390332822461253
2021-09-16,144226.0,-0.05961331606714145,0.06336731382969624,0.9137880825925977,0.4149875889229404,-0.02770463055669703,0.0,1.081725902403173,-0.9668905682862317,0.009337828041855033,-0.0018480386757402378
2021-09-17,177380.0,-0.054147600990190295,0.06092278101205636,0.8922482805276807,0.3817454053444582,-0.016020915922460133,0.0,1.352052091554854,0.20691281021871255,0.005465715076951157,-0.03324218357848219
2021-09-22,232501.0,-0.035817789657201456,0.055350050692088634,0.7887664999290326,0.26266553692242184,-0.007433613260686922,0.0,1.828456651799347,0.2706002021451255,0.01832981133298884,-0.11907986842203638
2021-09-23,168356.0,-0.057863662489608385,0.05811522359688492,0.9043574330585189,0.4356779681151845,-0.06313421422138843,0.0,1.0126517617429733,-0.32281374108579897,-0.02204587283240693,0.17301243119276266
2021-09-24,198411.0,-0.05977502984431031,0.05686247571796415,0.9470795470009223,0.4092867834948667,-0.07301136314258416,0.0,0.8980852876100619,0.1642598518545917,-0.0019113673547019247,-0.02639118462031781
2021-09-27,226918.0,-0.05760105165650839,0.05598325216020635,0.9676799548735666,0.4084647317533206,-0.012346819901153827,0.0,0.9109502110894684,0.13424808187847326,0.00217397818780192,-0.0008220517415460926
2021-09-28,245524.0,-0.05050271494951239,0.05560918285078178,0.8903365862400417,0.3855997784330656,-0.004739998510020049,0.0,0.9149573972401883,0.0788059833898469,0.007098336706996,-0.02286495332025501
2021-09-29,269832.0,-0.03560921482458542,0.05421029773448012,0.7860742980817694,0.30810281953215335,-0.003290328475164639,0.0,1.7669512882089597,0.09440484098502466,0.014893500124926969,-0.07749695890091224
2021-09-30,202773.0,-0.05582101376657047,0.05672856168872268,0.8889299857476094,0.4304567176103327,-0.05519826959563079,0.0,0.9488344108929689,-0.2857124163566116,-0.02021179894198505,0.12235389807817937
2021-10-01,221725.0,-0.04042528172030324,0.05729576464307855,0.7413823429924455,0.33913180741910026,-0.0947981671473288,0.546614048934491,1.2379073176231818,0.08935074850355917,0.015395732046267228,-0.09132491019123246
2021-10-04,248386.0,-0.03294549940591844,0.05665349773982349,0.7171418678991569,0.2930197354118187,-0.08583129930797417,0.5117599220567987,1.0483924214730298,0.11354611249994839,0.0074797823143848,-0.04611207200728157
2021-10-05,283115.0,-0.03591447256234455,0.053584950417910296,0.7713720572912067,0.29496494357416597,-0.08874139999696251,0.466884481571093,1.2308002048637479,0.13086918776276413,-0.002968973156426108,0.0019452081623472783
2021-10-06,322119.0,-0.03082596666217619,0.050748174480438474,0.7581825350258755,0.2642532728587882,-0.005682857972471478,0.4125059372467939,1.4812351956885499,0.12906786696416717,0.00508850590016836,-0.03071167071537778
2021-10-07,246109.0,-0.05374665353909322,0.05491264305513981,0.8877895566598539,0.41796114729652306,-0.1025412442128868,0.5578463201264481,0.9426920592095372,-0.26914651526127287,-0.02292068687691703,0.15370787443773487
2021-10-08,281246.0,-0.045764014385902115,0.05326399782628092,0.8267886476607668,0.38369256807207924,-0.0985809861884579,0.5071609907340905,0.7088420813096008,0.1334552039671486,0.007982639153191105,-0.03426857922444382
2021-10-12,308295.0,-0.03463208179039084,0.051747257967193774,0.7671386172334939,0.2981430123745114,-0.08885708662660874,0.4828330008595663,0.9093303491785465,0.09182738559580983,0.011131932595511276,-0.08554955569756784
2021-10-13,329772.0,-0.0282432238266779,0.05085040579444592,0.6877024125759615,0.27731281006270997,-0.0212864089102085,0.4948873767330155,1.3083554698397681,0.06734438979085589,0.006388857963712937,-0.020830202311801438
2021-10-14,246935.0,-0.036285607986513535,0.05602042234798244,0.7123818008787738,0.3340636199809667,-0.02363296410386584,0.7677242999169822,0.6700832202806406,-0.2892763624808108,-0.008042384159835634,0.056750809918256706
2021-10-15,291276.0,-0.051921917846509645,0.052771053483496186,0.9068237685219517,0.38203628173965587,-0.04655152584530653,0.783899119735234,0.9013238303190102,0.16514612718068555,-0.01563630985999611,0.047972661758689195
2021-10-18,298319.0,-0.04613339673994233,0.053155886581782,0.8883644689074447,0.3430019542838371,-0.018285039741497644,0.7784686862050355,0.6995866840529769,0.023892112478012706,0.005788521106567315,-0.03903432745581875
2021-10-19,331820.0,-0.051078062526197725,0.052669583712095736,0.9269664275812187,0.3999427400397806,-0.011873493772731947,0.784461455005726,0.8058043517569766,0.10642926945538456,-0.004944665786255395,0.05694078575594347
2021-10-20,359244.0,-0.04827526710574185,0.05183060648754657,0.9012899310774849,0.37032212089833094,-0.005200197538817952,0.7189403302490787,1.0591826168286735,0.07940917014307658,0.0028027954204558753,-0.029620619141449644
2021-10-21,149920.0,-0.0502166295099944,0.0558992623003534,0.9087113127001067,0.3202441302027748,-0.011220574190725419,0.0,1.508864727854856,-0.8739000048681742,-0.0019413624042525501,-0.05007799069555613
2021-10-22,172224.0,-0.04905227044166254,0.05470071622152669,0.9147041062801933,0.30885939241917504,-0.028938807750015783,0.0,0.8268301746562616,0.13869413661432972,0.0011643590683318578,-0.011384737783599774
2021-10-25,200798.0,-0.04692389069588881,0.05390752645122292,0.9137441607984144,0.28871303499038836,-0.02925494132911577,0.0,1.0242781302602615,0.15350347250416796,0.002128379745773734,-0.020146357428786676
2021-10-26,234714.0,-0.048043212211130254,0.05379787388452209,0.9223267465937268,0.29748545037790675,-0.013756916910194317,0.0,1.1614773724618046,0.1560683240871512,-0.0011193215152414462,0.008772415387518384
2021-10-27,267353.0,-0.04674989865840371,0.05204095647046136,0.9664675541325514,0.3334505316940524,-0.004366147277673482,0.0,1.2005849943707383,0.13020213088157995,0.0012933135527265424,0.035965081316145675
2021-10-28,175239.0,-0.058651621093283576,0.05828884630251892,0.9438538224938513,0.36643098853565703,-0.02004679129871967,0.0,0.7114112726048425,-0.42241912610763777,-0.011901722434879865,0.03298045684160461
2021-10-29,199549.0,-0.052060107258958245,0.05698255512286889,0.9110193486311633,0.3337375782389288,-0.011032288029782067,0.0,0.9463490170334103,0.12990906373711475,0.006591513834325331,-0.03269341029672823
2021-11-01,235144.0,-0.05141346041921746,0.0553865222558447,0.9453994148266595,0.3573469873779471,-0.015715738705338156,0.39152179090259587,0.8938054979076651,0.1641382722303888,0.0006466468397407846,0.023609409139018322
2021-11-02,254095.0,-0.048008410265379976,0.055600647375607756,0.9106043015407623,0.33727149294555187,-0.0038655874819890634,0.373655522540782,1.4115980243609674,0.07751012040290739,0.003405050153837484,-0.020075494432395258
2021-11-03,299360.0,-0.04702998546113193,0.053003305366974895,0.9568679850347408,0.310475681453768,-0.007134613857130212,0.33489444147514696,1.0589991982896847,0.16393864968566518,0.0009784248042480487,-0.02679581149178384
2021-11-04,206669.0,-0.05896354708807901,0.05781351680866107,0.9334636544426111,0.4347531560127547,-0.03389336290595513,0.5168651321678627,0.8205633162206233,-0.3705283828959054,-0.01193356162694708,0.12427747455898669
2021-11-05,245091.0,-0.0631236882213118,0.05687752373913764,0.9764332431627436,0.46624315050328247,-0.017164925506882867,0.44807438869644334,0.8887352044750725,0.17051109052376567,-0.004160141133232792,0.03148999449052775
2021-11-08,281759.0,-0.061476601536350865,0.057227201103999245,0.9839011353674594,0.4543279895229611,-0.018104769943670163,0.4039658005600531,0.8975400963234538,0.13942252546813982,0.0016470866849609342,-0.01191516098032136
2021-11-09,318457.0,-0.05983667672951707,0.05802601626096582,0.9579943289046873,0.43407744216644634,-0.0023578559473154126,0.37384325042313404,0.8997509867894252,0.12243536242676534,0.0016399248068337952,-0.02025054735651477
2021-11-10,362402.0,-0.0546682885913855,0.056875517007682896,0.9714598705305159,0.3831960088520483,-0.003396992536867316,0.40235705100965224,0.8667557022312239,0.12926663486884848,0.005168388138131572,-0.05088143331439804
2021-11-11,245813.0,-0.06450831399112184,0.061470154602286366,0.9455195616179779,0.48171984394641454,-0.014468970670138193,0.7219349668243746,0.6584314092419847,-0.3881830086567497,-0.009840025399736337,0.09852383509436624
2021-11-12,270769.0,-0.06386410143294304,0.06181867343725514,0.9502306394011131,0.47867739660005393,-0.01245167149690074,0.7189597036588383,0.8113041005432675,0.09669497459687193,0.0006442125581788,-0.0030424473463606105
2021-11-15,307719.0,-0.06281215218563942,0.06207622456365899,0.9430811877069665,0.4734904247056568,-0.007625406377396171,0.7389858929737845,0.8154485098417712,0.12792097002041203,0.0010519492473036185,-0.005186971894397152
2021-11-16,338575.0,-0.060508342379570354,0.062198107155023365,0.9244746363434985,0.46263014103226757,-0.00526362492108523,0.7459794727903714,0.6694174112087425,0.0955586046635073,0.0023038098060690626,-0.010860283673389204
2021-11-17,377637.0,-0.06038762790706427,0.062102856476400355,0.9782277689950931,0.4301776573799707,-0.003605035791407807,0.6851182484767118,0.806576156467719,0.1091877832176067,0.0001207144725060838,-0.03245248365229686
2021-11-18,181573.0,-0.06645765982119238,0.06668590527693932,0.9398423774459859,0.4814592477956524,-0.06397322627130086,0.0,0.8449383994316335,-0.7322756400596759,-0.00607003191412811,0.0512815904156817
2021-11-19,213934.0,-0.05770345204858776,0.06528093249071787,0.905994372096067,0.4203025232080922,-0.06276184441734378,0.0,0.7555788233754336,0.16400977953901297,0.008754207772604619,-0.06115672458756022
2021-11-22,240855.0,-0.053234121668735465,0.06354486181491413,0.9066699881671545,0.3915260218803845,-0.061984301998366687,0.0,0.6197297128978015,0.11852753643137959,0.004469330379852296,-0.028776501327707704
2021-11-23,246061.0,-0.04688671927175672,0.0636539632017935,0.8204144500753878,0.34083418339354876,-0.0009124810654518312,0.0,1.018527926002089,0.021384380003425463,0.0063474023969787435,-0.05069183848683573
2021-11-24,278431.0,-0.04399253062041778,0.060585319953285456,0.8366740772399625,0.3152953514515266,-0.002410086540925005,0.0,1.2167359238015882,0.12359080016277879,0.00289418865133894,-0.025538831942022167
2021-11-25,202893.0,-0.060927640815055244,0.06417065799881241,0.9288442676681797,0.43556948736526147,-0.0540489254958737,0.0,0.5179577412724934,-0.31649152635289646,-0.016935110194637462,0.12027413591373487
2021-11-26,213797.0,-0.04682751436889412,0.06370955972666033,0.8110590887617694,0.3488496096764688,-0.03853848638322932,0.0,1.34292342736334,0.052348220204006424,0.014100126446161126,-0.08671987768879269
2021-11-29,251389.0,-0.04473375494275208,0.060909996898313945,0.8260663752192817,0.3189519032256781,-0.036246926233647225,0.0,1.285529597555979,0.16197457353964317,0.002093759426142039,-0.02989770645079065
2021-11-30,283862.0,-0.0463075823044651,0.05933452273813479,0.8622041696317224,0.32726817960840127,-0.04175866548540941,0.0,1.236879187774341,0.12148666434634237,-0.0015738273617130205,0.008316276382723142
2021-12-01,377158.0,-0.047201541859255694,0.054649027646052444,0.9256942713663769,0.34121508757602914,-0.010576032398517343,0.3783957916841218,1.375309551964959,0.2841759932210923,-0.0008939595547905951,0.013946907967627875
2021-12-02,241672.0,-0.07014698952903392,0.06193637417715705,0.9692682644245093,0.5407163428117449,-0.05782154801612205,0.6118209805024992,0.8283748220728921,-0.44508276288558335,-0.022945447669778227,0.1995012552357157
2021-12-03,267031.0,-0.06456191893854672,0.061726665280454875,0.9335919799573832,0.5051773015118095,-0.05634469750479454,0.5675408473173527,0.549767629975546,0.09978332162094894,0.005585070590487198,-0.03553904129993535
2021-12-06,296311.0,-0.05976550681831539,0.06059184318221535,0.9308969292398864,0.46271991252434097,-0.055868287407261574,0.5285730195639041,0.7442045688482709,0.10404482189684927,0.004796412120231332,-0.042457388987468536
2021-12-07,311789.0,-0.061848102553722965,0.060565249928272114,0.9562396364207846,0.46213625240146383,-0.06163538410017,0.5068620124507279,0.9634239822444025,0.05091709854997539,-0.0020825957354075747,-0.0005836601228771388
2021-12-08,349752.0,-0.056211680368472065,0.06089835328329863,0.9044780301470756,0.4131298748827741,0.0009858448825230681,0.5130263729728494,1.1207712893707542,0.1148976549231655,0.0056364221852509,-0.04900637751868975
2021-12-09,250090.0,-0.07342294081684629,0.06535608346949127,0.977200207925147,0.5716102203206845,-0.06777447064103614,0.857195409652525,0.7293334399616138,-0.3354034788217106,-0.017211260448374226,0.15848034543791045
2021-12-10,265349.0,-0.06706796506357612,0.06537508070984863,0.9515845169945996,0.5054249309400073,-0.06317982571778924,0.8503631067009862,0.5155775978051548,0.05922508758150791,0.006354975753270167,-0.06618528938067725
2021-12-13,288181.0,-0.06156966885222601,0.0653838872342903,0.913703540483238,0.4609741794219605,-0.009432900335441974,0.835266724732026,0.7334175396712482,0.08254281429290344,0.005498296211350111,-0.04445075151804678
2021-12-14,302628.0,-0.053127702360671845,0.06444612924752081,0.7970049037101656,0.4116043459296562,3.579673590592414e-05,0.7910801379911971,0.952661353212525,0.04891557351586506,0.008441966491554168,-0.04936983349230428
2021-12-15,347379.0,-0.05403472717993301,0.06181497304487424,0.9282627907847049,0.38439859634577794,-0.0034031517375325837,0.7272892143739259,1.0880220162992005,0.13791207446172926,-0.0009070248192611652,-0.02720574958387828
2021-12-16,154122.0,-0.05969839237093134,0.057434066283707425,0.948962510219177,0.36397788764744815,-0.04417808873850637,0.0,1.1686910369707115,-0.812671906354927,-0.0056636651909983265,-0.020420708698329793
2021-12-17,183465.0,-0.05569931402223586,0.05617899013560917,0.964718066116153,0.35082985855612786,-0.04561885722401959,0.0,0.8957621344670645,0.17427941703256344,0.003999078348695478,-0.01314802909132029
2021-12-20,201620.0,-0.047069937387829455,0.05545681197125566,0.8963991667493304,0.28597361372879676,-0.009570940471817835,0.0,1.2161789505009424,0.09436082401835932,0.008629376634406404,-0.0648562448273311
2021-12-21,241467.0,-0.04693128683530083,0.05443956034025776,0.898826754794651,0.27518045944166286,-0.010639559689633149,0.0,1.3170205452504897,0.18034808016718884,0.00013865055252862413,-0.0107931542871339
2021-12-22,283656.0,-0.04408967327280335,0.05235608026284682,0.9458040725385678,0.2668020419099191,-0.0015050348267191538,0.0,0.9237668161434978,0.16102941858506448,0.002841613562497479,-0.008378417531743787
2021-12-23,183062.0,-0.06345925988086107,0.06100247088529642,0.9524204914182081,0.46869912925675455,-0.05274853371045085,0.0,0.795588379893151,-0.4379373431014404,-0.019369586608057716,0.20189708734683548
2021-12-24,207207.0,-0.05812655033385625,0.0601787417714168,0.9516280820628646,0.41764515677559155,-0.0535385410240935,0.0,0.549006549006549,0.12389340032184393,0.005332709547004821,-0.051053972481163
2021-12-27,233309.0,-0.056822754884855796,0.05961605148727106,0.9432726555769387,0.4056894504712634,-0.008252008151171109,0.0,0.8201312422581212,0.11864546162442302,0.0013037954490004514,-0.011955706304328129
2021-12-28,260716.0,-0.05750147417752495,0.0598494242820603,0.954249067951334,0.39015250310682886,-0.00806789761502158,0.0,0.9154252136424308,0.11106793705925,-0.000678719292669154,-0.015536947364434561
2021-12-29,319866.0,-0.05108031681989194,0.058032122788488655,0.9206949159960733,0.35773730249541996,-0.002645728802933678,0.0,0.9061794626499847,0.20447046581138117,0.00642115735763301,-0.0324152006114089
2021-12-30,197075.0,-0.07050473517565256,0.0644808041460823,0.9634910567043004,0.5362628440948878,-0.06689997826425831,0.0,0.5498211340860079,-0.4843177911475358,-0.01942441835576062,0.17852554159946782
2022-01-03,234198.0,-0.06340970326342589,0.06371625840294945,0.9516007822440841,0.45886386732593787,-0.0695388360806567,0.5062767401941947,1.0828358909982152,0.17258254447153298,0.007095031912226671,-0.07739897676894991
2022-01-04,288606.0,-0.06250843167142929,0.06323917291152843,0.9804716464661164,0.4399388786095923,-0.006820015815311664,0.4292114509053866,1.319366194743006,0.2088955247269464,0.0009012715919965997,-0.01892498871634557
2022-01-05,319003.0,-0.057168422690582754,0.062187257864367414,0.945245029043614,0.3783412695178415,-0.002700546379559743,0.4024162782168193,1.2036846048469763,0.1001380709848867,0.005340008980846536,-0.06159760909175077
2022-01-06,228446.0,-0.06731392082342594,0.06584046843456783,0.9401871777137705,0.473542981711214,-0.074473320876833,0.5857357975188885,1.190416991323989,-0.3339006485751632,-0.010145498132843184,0.09520171219337248
2022-01-07,246134.0,-0.055347188274000994,0.06509741920187198,0.8388276304777073,0.4052182957250928,-0.06437949648206687,0.5439394801205847,1.2971470824835252,0.07457624452173661,0.011966732549424944,-0.06832468598612118
2022-01-10,276154.0,-0.054927706915460506,0.06247130234488722,0.89173794332148,0.39507303895652424,-0.013124349621533193,0.4925403941279141,1.0538757360023754,0.11508257804778665,0.0004194813585404883,-0.010145256768568589
2022-01-11,300491.0,-0.05338159948301345,0.0613003425994702,0.8983796519696098,0.3599375688456559,-0.015759333472220582,0.4579704550219474,1.1547400754099124,0.08445912231985808,0.0015461074324470553,-0.035135470110868317
2022-01-12,335659.0,-0.05330277299814829,0.05955792905291857,0.9588391790477836,0.34593739479650476,-0.004103312036744855,0.46878528506609385,1.2181589053175992,0.1106779602268908,7.882648486515903e-05,-0.01400017404915116
2022-01-13,236899.0,-0.07073046856817167,0.06463062897751155,0.9739467030253399,0.5019438663734334,-0.023698630954285815,0.8234015339870577,0.7132786546165243,-0.3484618737049914,-0.017427695570023376,0.1560064715769286
2022-01-14,265314.0,-0.06355439985346693,0.06387779660156445,0.9548082649238261,0.41972530661781887,-0.021916142350324685,0.8188146875023558,1.3971068243665996,0.11328014023447608,0.007176068714704734,-0.08221855975561448
2022-01-17,304497.0,-0.06290732516777488,0.063120683200481,0.9705218770628282,0.4043685159459699,-0.012169211635459032,0.8109472342913067,1.0675113383711499,0.13774720468473767,0.0006470746856920562,-0.015356790671848974
2022-01-18,304807.0,-0.0557713358571849,0.06402295257351988,0.884743460616062,0.3776356842198506,-0.0042788802653515035,0.7955854032223669,1.3652048673422854,0.0010175545433757094,0.00713598931058998,-0.026732831726119288
2022-01-19,347176.0,-0.047102207064472476,0.060943257660480456,0.839620250247713,0.3581929626471876,-0.0015065181873941125,0.7133989676705763,1.4746871903587806,0.1301530665449846,0.008669128792712422,-0.019442721572663024
2022-01-20,167496.0,-0.05071769077873402,0.054803733890666215,0.9493540144242251,0.3783015713808091,-0.06687129630239508,0.0,1.3833524382671825,-0.7288723855900692,-0.0036154837142615415,0.020108608733621525
2022-01-21,180847.0,-0.03792917537482768,0.0548853567241187,0.7805161268917925,0.3305390744662615,-0.05024218824199822,0.0,1.7916913191814074,0.07669189954468614,0.01278851540390634,-0.04776249691454759
2022-01-24,225110.0,-0.04155330602552947,0.05161645403879748,0.873950513082493,0.3043934076673626,-0.054980143465132136,0.0,1.458593576473724,0.21893780169842536,-0.0036241306507017942,-0.026145666798898903
2022-01-25,223690.0,-0.03148072553134506,0.0540158980711998,0.7629755465152667,0.2268451875363226,-0.03960879311591581,0.0,1.5603290267781305,-0.006328006856049839,0.010072580494184413,-0.07754822013104001
2022-01-26,315362.0,-0.03389022319275723,0.051719352892776474,0.7753375485949481,0.23336356314330833,0.0014484225772868342,0.0,1.42811435746856,0.34346002057267455,-0.0024094976614121716,0.006518375606985732
2022-02-07,270516.0,-0.050552303113072114,0.055517455744814176,0.9520878617161277,0.4126299368614056,-0.11174673050172335,0.34495556639903,1.7827670082361118,-0.15338993908270027,-0.016662079920314883,0.17926637371809725
2022-02-08,205141.0,-0.04944857656009267,0.061143633461701805,0.8915477647081763,0.35651088763338384,-0.05379772199018629,0.47562408294782615,1.3944896437084737,-0.2766336986729083,0.0011037265529794463,-0.056119049228021745
2022-02-09,299944.0,-0.047373873922716705,0.0578509108785988,0.9703344624329875,0.3165524231189822,-0.0028515141231483243,0.4376716987170939,1.3230102952551144,0.3798982429780562,0.0020747026373759622,-0.03995846451440166
2022-02-10,231134.0,-0.0668094181350979,0.06494997103903137,0.9799856360379693,0.4847620860626303,-0.07296577335103782,0.7946818728529771,1.011478190140784,-0.2605981616484456,-0.019435544212381195,0.16820966294364814
2022-02-11,265860.0,-0.0610052938808549,0.0641224679199964,0.9687843225757917,0.41185962536673437,-0.07159326610212247,0.7924659595275709,0.8485142556232603,0.13997222552275446,0.0058041242542430024,-0.07290246069589595
2022-02-14,259555.0,-0.05070361891405812,0.06804060438664551,0.7912157346227197,0.3639768064572056,-0.05543328664210412,0.7585791065477452,1.3121496407312516,-0.024001228240804195,0.010301674966796778,-0.04788281890952878
2022-02-15,285438.0,-0.048379842744837906,0.06768491253583697,0.8151612609393283,0.3602568683917348,-0.053020280406265496,0.7406757334342309,1.1125358221400095,0.09505621644199103,0.002323776169220214,-0.0037199380654707737
2022-02-16,373603.0,-0.05519119354028963,0.06299352576743289,0.9595667058348033,0.38768157643273743,-0.0017261361810101405,0.6804147718299907,1.2093264775711117,0.2691688936603942,-0.006811350795451726,0.02742470804100261
2022-02-17,182102.0,-0.07481415730172992,0.07488963343990068,0.9623342961636885,0.5159525979945305,-0.06944002732561994,0.0,1.359963097604639,-0.718626766651397,-0.019622963761440293,0.1282710215617931
2022-02-18,217894.0,-0.06682114342083964,0.07141399070429048,0.95173341165888,0.46582742067243704,-0.06759139661096891,0.0,1.0224466942641834,0.179441736355054,0.007993013880890285,-0.050125177322093484
2022-02-21,241845.0,-0.06319995237108766,0.07042418383991542,0.9494304203105295,0.4338274514668486,-0.01764345286801472,0.0,1.0501643614711902,0.10428831907912262,0.003621191049751976,-0.03199996920558845
2022-02-22,249943.0,-0.053198181716165714,0.07100771693776264,0.8512300804583445,0.3666836038616805,-0.009421073398003021,0.0,1.6704528632528217,0.03293586678248239,0.01000177065492195,-0.06714384760516812
2022-02-23,332210.0,-0.04974811340540231,0.06479436049841356,0.9277806206917312,0.33019174618464225,-0.003086554794516694,0.0,1.0802203425544084,0.28453440720781487,0.0034500683107634017,-0.03649185767703822
2022-02-24,209412.0,-0.052305112373126295,0.07344263233797327,0.7798884495635399,0.3866779363169255,-0.033791713911410004,0.0,1.782648558821844,-0.4614636956893765,-0.002556998967723982,0.05648619013228323
2022-02-25,245286.0,-0.05471176234281388,0.06925889182355546,0.8649127956752526,0.38679337589589297,-0.03694614489541803,0.0,0.9923844002511354,0.1581212732791144,-0.002406649969687584,0.00011543957896748003
2022-03-01,294714.0,-0.05970921709399728,0.06705067895066094,0.8955869079853689,0.46805038104738833,-0.05018647074434657,0.39748705524678163,1.072242920254891,0.18358051788967167,-0.004997454751183399,0.08125700515149537
2022-03-02,359070.0,-0.05289923467927765,0.06467265745466028,0.9131701339571672,0.353763890049294,-0.0037833844500659852,0.34821344027626927,1.0627259308769879,0.19751196099986856,0.006809982414719626,-0.11428649099809435
2022-03-03,234741.0,-0.07634391879143664,0.07397754403620334,0.9420510264504284,0.5633528015983573,-0.05210099027567139,0.5786590327211693,0.6787651070754577,-0.4250345768581081,-0.023444684112158984,0.20958891154906334
2022-03-04,254512.0,-0.06471509890001187,0.07313142736841176,0.8890425598792985,0.4401285597535676,-0.041525620583970246,0.5448544665870372,0.8567768906770604,0.08086520746072345,0.011628819891424766,-0.1232242418447897
2022-03-07,252194.0,-0.038979793143437656,0.07501473141891747,0.6530686693577167,0.30785427091841994,-0.010401840885422509,0.4949245422174992,1.3404442611640246,-0.00914935355053359,0.025735305756574213,-0.1322742888351477
2022-03-08,280671.0,-0.024885194934675947,0.0744574202035615,0.5831097619632951,0.22161890612140192,0.010386175539739417,0.4439860192182306,1.4742955275037322,0.10698453227948868,0.01409459820876171,-0.08623536479701802
2022-03-09,367904.0,-0.034690422704992466,0.06631199645704158,0.774340588849265,0.2709810167869879,-0.0009027137833110821,0.4101450378359572,1.3183085804992607,0.27063886968637085,-0.009805227770316519,0.04936211066558596
2022-03-10,251637.0,-0.06874276829884608,0.0738954744804654,0.8692163712013734,0.4976573397393865,-0.024849138425532935,0.8143714954478077,0.8667087908375954,-0.37983446173360313,-0.03405234559385362,0.2266763229523986
2022-03-11,263577.0,-0.059856990466908025,0.07319358463319575,0.838570891997405,0.4508397925463906,-0.015334143462340077,0.8002101852589566,0.6949733853864336,0.04635797256956131,0.008885777831938058,-0.046817547192995856
2022-03-14,287903.0,-0.05779607109503534,0.07121698273753813,0.849636856858039,0.3984918531588764,-0.01523717722950313,0.7999638767223683,0.7923050471860315,0.08827807244137276,0.0020609193718726868,-0.0523479393875142
2022-03-15,299940.0,-0.04025279473843588,0.07108678212060734,0.7276188571047543,0.3109655264386211,0.0043684117863223015,0.7898813095952524,1.3174734946989397,0.040958836804872334,0.017543276356599455,-0.08752632672025534
2022-03-16,350888.0,-0.04077903576613763,0.06665812587061583,0.7936663550762636,0.30594662684389323,-0.008313051957902995,0.7365683636943983,1.7626735596543626,0.15688462957373517,-0.0005262410277017474,-0.005018899594727844
2022-03-17,170119.0,-0.06952961767823475,0.060705325514834894,0.9428694031824781,0.5374002903849658,-0.08300101672262272,0.0,1.4285294411558969,-0.7239688920627341,-0.028750581912097117,0.2314536635410726
2022-03-18,193932.0,-0.06564399820746859,0.058557757474861,0.9463007652166738,0.5027947940515232,-0.026151833240531386,0.0,0.7656910669719283,0.13100938998997158,0.003885619470766155,-0.034605496333442676
2022-03-21,222152.0,-0.0637958822766924,0.057936853250395715,0.9545761460621557,0.46655893262270876,-0.031910507529458454,0.0,1.056965501098347,0.13585425011283725,0.0018481159307761896,-0.03623586142881441
2022-03-22,239063.0,-0.05903926069768721,0.05761722557152106,0.9485156632352142,0.42583335773415376,-0.02048496245097442,0.0,0.7565244307985761,0.07336528325459213,0.0047566215790051936,-0.040725574888554994
2022-03-23,321603.0,-0.0558349267478735,0.055688887055466395,0.9696426961191282,0.41872743724405553,-0.007408902978167986,0.0,1.2591766867846381,0.2965907500975753,0.0032043339498137105,-0.007105920490098228
2022-03-24,181521.0,-0.06909354799219969,0.06480985487286117,0.9341949416320977,0.5076657797169474,-0.0959971885512565,0.0,0.7851873887869723,-0.571946516128282,-0.01325862124432619,0.08893834247289184
2022-03-25,200386.0,-0.06328691514119872,0.06363053617274272,0.9326300240535766,0.42063816833511325,-0.021324380054251524,0.0,0.7019901589931432,0.09887415699969715,0.00580663285100097,-0.08702761138183412
2022-03-28,222203.0,-0.05399297400252304,0.06253739831851371,0.8912975972421614,0.3641715008348222,-0.012557641234222983,0.0,1.3645855366489201,0.10334587197359646,0.009293941138675675,-0.05646666750029106
2022-03-29,248274.0,-0.05117062367232145,0.061439519195329355,0.8726407114720027,0.33653544068247176,-0.008471302082324272,0.0,0.884643579271289,0.11094159652502533,0.0028223503302015965,-0.027636060152350428
2022-03-30,331985.0,-0.04871234392444412,0.0581341396226742,0.9240839194541922,0.3143726373179511,-0.0022862863404538025,0.0,1.1801918761389822,0.29055681218336993,0.0024582797478773302,-0.022162803364520645
2022-03-31,193314.0,-0.06920207396400446,0.06683370902052159,0.9171244710677965,0.49616685806511684,-0.09571158173043504,0.0,0.6621455248973174,-0.5407739773008959,-0.020489730039560346,0.18179422074716572
2022-04-01,221405.0,-0.06212975143899498,0.0641256629697862,0.9266728393667713,0.41846390099591246,-0.09222896935648683,0.5100065490842574,0.8778934531740475,0.13567779370667843,0.007072322525009479,-0.07770295706920438
2022-04-06,296775.0,-0.048650820066127004,0.059625501295410506,0.9214927133350181,0.329461713419257,-0.006991011556570115,0.3979310925785528,1.2481239996630444,0.29298067236089764,0.013478931372867979,-0.08900218757665546
2022-04-07,206676.0,-0.04961131457874205,0.06418324287316622,0.7809760204377867,0.39700787706361645,-0.010398384504468727,0.5661712051713793,1.0296067274381158,-0.3618219262979885,-0.0009604945126150469,0.06754616364435945
2022-04-08,237370.0,-0.053033514181279516,0.0611587602364354,0.848519189451068,0.39775456039095086,-0.01646211007061804,0.5147912541601719,0.6594051480810549,0.13846775555125213,-0.003422199602537465,0.0007466833273344076
2022-04-11,256583.0,-0.0402111511083439,0.06042435942978022,0.7470759949022344,0.32257787928272724,-0.0028372213883203212,0.4925189899564663,1.0923560797090999,0.07783209381970302,0.01282236307293562,-0.07517668110822362
2022-04-12,286218.0,-0.03686198529136134,0.05820479131253802,0.7226938906707475,0.305641154644362,-0.011236007959550154,0.4655402525347812,1.0875137133234107,0.10930155921385953,0.003349165816982559,-0.016936724638365264
2022-04-13,392144.0,-0.043793566854703744,0.05292530557546099,0.9299135011628381,0.30308254110734834,-0.017434753332774666,0.40982139214166224,1.3213360398221061,0.31487536104744684,-0.006931581563342407,-0.002558613537013643
2022-04-14,234513.0,-0.05837477898942142,0.06139195006146953,0.8818786165372495,0.43364760162549626,-0.02584129911021049,0.8092898901127017,0.48373864135463707,-0.5141180958239033,-0.014581212134717678,0.13056506051814792
2022-04-15,247323.0,-0.04543882601268939,0.0608724638059056,0.8190503915931797,0.3807167145797196,-0.012007635769557878,0.7977017907756254,0.8659647505488773,0.05318415120079578,0.01293595297673203,-0.05293088704577664
2022-04-18,265208.0,-0.039752760826808044,0.05914197652279943,0.7540081747156948,0.3478892039455823,-0.011768242491953518,0.7983394166088504,0.9980694398359024,0.06981924911848125,0.005686065185881349,-0.0328275106341373
2022-04-19,289843.0,-0.04187256486337069,0.05779490117631633,0.7815472514430226,0.34573199973778906,-0.01726552661621583,0.7972281545526371,0.8898852137191514,0.08882497330223948,-0.0021198040365626447,-0.0021572042077932507
2022-04-20,352532.0,-0.0459993270743745,0.05472439532665376,0.9094068056233193,0.3280354691205337,-0.00868161652539412,0.7463294112307535,1.0846447982027163,0.19580200120241642,-0.004126762211003811,-0.017696530617255346
2022-04-21,137711.0,-0.05266504741842248,0.06294288012787953,0.8963917188895586,0.37851006818627414,-0.02498547695433495,0.0,1.0819614990814097,-0.9399841119244581,-0.006665720344047978,0.05047459906574042
2022-04-22,179218.0,-0.04422393338327773,0.05717314863372559,0.8861051903268645,0.3075249137921414,-0.013221075483301425,0.0,1.2737113459585532,0.26344565557555555,0.008441114035144748,-0.07098515439413272
2022-04-25,211474.0,-0.025686494503714075,0.05420476768791036,0.6957734756991403,0.19589642225521814,-0.02532353843654689,0.0,1.7167122199419313,0.1654991175625664,0.018537438879563654,-0.11162849153692328
2022-04-26,231710.0,-0.028212662919726617,0.052790721653135364,0.7271330542488456,0.24481463898839065,-0.014706704019696315,0.0,0.9540675844806008,0.09138453027709303,-0.0025261684160125426,0.04891821673317251
2022-04-27,280354.0,-0.014125714511443828,0.0500556860781914,0.6760559863601019,0.14665744023627272,-0.00020547924199632028,0.0,2.139930231065011,0.1905665005826762,0.01408694840828279,-0.09815719875211792
2022-04-28,175709.0,-0.042338266902437825,0.05660791363492428,0.8440318936423291,0.3759909850946736,-0.03772249622092927,0.0,1.0135052843053003,-0.46722387278944844,-0.028212552390993996,0.22933354485840088
2022-04-29,216321.0,-0.04748459664685964,0.05376708731667893,0.8725042876096172,0.3951072711387244,-0.047744178281576066,0.0,0.9754161639415498,0.207934198067095,-0.005146329744421814,0.0191162860440508
2022-05-03,243750.0,-0.039575654693996,0.05261479717429329,0.8265805128205128,0.33115897435897435,-0.030238379528332304,0.3633805128205128,0.9119384615384616,0.11937969425297723,0.007908941952863638,-0.06394829677975006
2022-05-04,283393.0,-0.040524161726031106,0.050529316791981485,0.8902866337559502,0.3253185505640577,-0.003973842542148609,0.31871994015377936,1.1100203604182177,0.15069151700299876,-0.000948507032035105,-0.0058404237949166715
2022-05-05,183644.0,-0.05182233821520964,0.05880001814626262,0.8735270414497615,0.4300222168979112,-0.05367235022268646,0.5025048463331228,0.9235967415216397,-0.43383552599025776,-0.011298176489178531,0.10470366633385353
2022-05-06,211314.0,-0.03713557503588881,0.056534444724547384,0.8108407393736335,0.3093169406664963,-0.055350373593690994,0.4356407999469983,0.918543021285859,0.14034607804378219,0.014686763179320828,-0.12070527623141492
2022-05-09,228168.0,-0.018228744746733028,0.05513738199386851,0.6373198695697907,0.2088636443322464,-0.0030481801890719362,0.4034527190491217,1.010211773780723,0.07673702079035927,0.018906830289155782,-0.10045329633424988
2022-05-10,256867.0,-0.022147365437291743,0.05242191378564166,0.7177644461919982,0.20862158237531486,-0.02251940952701148,0.37002417593540626,1.4038510201777574,0.1184762414883771,-0.0039186206905587155,-0.00024206195693154964
2022-05-11,302340.0,-0.020836372558523542,0.050531090657297474,0.7577131706026328,0.21839650724350068,-0.0003904724716907726,0.3876728186809552,1.259065952239201,0.16299377070734522,0.001310992878768201,0.00977492486818582
2022-05-12,201238.0,-0.012394431059869551,0.06203360880654701,0.6153112235263718,0.23481151671155548,-0.007471498423480605,0.7761555968554646,1.0567040022262197,-0.40706392472886144,0.008441941498653991,0.016415009468054798
2022-05-13,238244.0,-0.02912792594037068,0.05754303691519296,0.7551166031463542,0.3256913080707174,-0.0525841084248011,0.7955415456422827,0.8356768690921912,0.1688070713948573,-0.01673349488050113,0.09087979135916191
2022-05-16,266532.0,-0.030967268036726583,0.05491319430841422,0.8008344213827984,0.3266924797022496,-0.025220991834496442,0.7958781684750799,0.9996210586346105,0.11219895285781512,-0.0018393420963559032,0.0010011716315322383
2022-05-17,285807.0,-0.037035754811454935,0.05380843483194466,0.8389402638843695,0.3525455989531397,-0.03463421044600523,0.7874999562641922,0.9750216054890188,0.0698224464036592,-0.006068486774728352,0.025853119250890066
2022-05-18,387882.0,-0.04185499520704403,0.04957130174100322,0.8884042054026741,0.3459866660479218,-0.0059434762279360065,0.7455334354262378,1.1883304716382816,0.3053844118089071,-0.004819240395589092,-0.006558932905217918
2022-05-19,157617.0,-0.04836410332521402,0.05899937547932782,0.8729642107133114,0.4549255473711592,-0.06368911482417328,0.0,1.2584683124282279,-0.9005331300301922,-0.006509108118169994,0.10893888132323742
2022-05-20,192051.0,-0.04986960991174214,0.0549109856508616,0.9032340367923104,0.437826410692993,-0.07091115742791043,0.0,0.9237598346272604,0.19759292212896007,-0.0015055065865281214,-0.017099136678166205
2022-05-23,226185.0,-0.047197321354728934,0.053087196133818036,0.9039989389216792,0.4005261180007516,-0.040628456445460315,0.0,1.2408647788314875,0.1635922867301609,0.0026722885570132082,-0.03730029269224139
2022-05-24,239679.0,-0.03557581013619145,0.05311011639518063,0.7812031926034404,0.31353602109488105,0.0022783038694833557,0.0,1.1929747704221063,0.05794727960464385,0.01162151121853748,-0.08699009690587056
2022-05-25,335656.0,-0.03679498607767114,0.04819370283638103,0.8830111781109231,0.2853427318445075,0.0028545649753508595,0.0,1.3202236813880879,0.33678629789792325,-0.0012191759414796888,-0.028193289250373565
2022-05-26,178950.0,-0.045273770527494706,0.058402508836982156,0.8355965353450685,0.399066778429729,-0.06067006787598084,0.0,1.0478401788208997,-0.6289803887763998,-0.008478784449823563,0.1137240465852215
2022-05-27,220013.0,-0.055897964847697455,0.05523914216946952,0.944076031870844,0.45105516492207276,-0.07784353094941543,0.0,0.9080645234599773,0.20658019830361773,-0.01062419432020275,0.051988386492343774
2022-05-30,277318.0,-0.06027250686280161,0.0543529366719207,0.9710512840854182,0.4667746053267368,-0.09696326807789224,0.0,1.1332477516785784,0.23147822664744488,-0.004374542015104156,0.015719440404664053
2022-05-31,299283.0,-0.0654190900114014,0.05453499101747786,0.9816561582181413,0.5206409986534484,-0.018311173939196013,0.0,1.1557388825960713,0.07622475188429156,-0.005146583148599795,0.05386639332671156
2022-06-01,363259.0,-0.04996549535844963,0.05388883247252906,0.8996088190519712,0.3949633732405804,0.001493845010731576,0.33310392860190663,1.3090797475079765,0.19372646442091934,0.015453594652951777,-0.12567762541286798
2022-06-02,200134.0,-0.06239695562780902,0.06187778428510564,0.9215175832192432,0.48545474532063515,-0.09379631078436756,0.6149429881979074,0.7103740493869107,-0.5961289362700679,-0.012431460269359387,0.09049137208005475
2022-06-06,236387.0,-0.05808671620584824,0.060272154995123436,0.9339769107438226,0.4179417649870763,-0.09670985597941939,0.5336080241299226,1.0475195336460974,0.16648315028184868,0.004310239421960779,-0.06751298033355885
2022-06-07,253916.0,-0.05153843166232218,0.060568478674016366,0.8880614061343122,0.3743324564029049,-0.09161817926370208,0.5037768395847445,1.0301950251264198,0.07153321118086176,0.006548284543526059,-0.04360930858417139
2022-06-08,334048.0,-0.049757746062052854,0.05674291706249594,0.9504292796244851,0.3561883322157295,-0.004229624648555919,0.4733750838202893,1.2688835137465275,0.2742811915649366,0.0017806856002693244,-0.018144124187175426
2022-06-09,217867.0,-0.06545207851300083,0.06206602602505472,0.9428917642414868,0.47080558322279187,-0.037382064261966885,0.85147360545654,0.5679382375485962,-0.42739991036161484,-0.01569433245094798,0.11461725100706238
2022-06-10,237384.0,-0.05411159510596767,0.0609636453398862,0.8894070367000303,0.4252266370100765,-0.027953623667385075,0.8451538435614869,0.8175192936339433,0.08579429824137641,0.011340483407033163,-0.045578946212715354
2022-06-13,251040.0,-0.03573399200752955,0.05935545667145235,0.7249840662842575,0.31173119821542383,-0.016861448399537515,0.8186902485659656,1.0826920012746972,0.055933205879073356,0.018377603098438118,-0.11349543879465268
2022-06-14,279740.0,-0.03581252276605804,0.056939397078102465,0.7674948166154286,0.29631800958032456,-0.015414987004101044,0.8178594409094159,1.1667047973117894,0.10824831136643454,-7.853075852849029e-05,-0.015413188635099273
2022-06-15,331992.0,-0.03224523009380157,0.05450587365390343,0.7049416853418154,0.2716722089688908,4.687719736873319e-05,0.7524277693438396,1.2422949950601219,0.17125027188946618,0.0035672926722564724,-0.024645800611433732
2022-06-16,136050.0,-0.04340687245105681,0.055157929852186205,0.8377140757074605,0.42144799705990443,-0.015065084625481728,0.0,1.5656082322675486,-0.8920884070113679,-0.011161642357255239,0.1497757880910136
2022-06-17,170860.0,-0.038165572798900815,0.05205343770168532,0.8211869366732998,0.3736275313121854,-0.04099797586639442,0.0,1.1623200280931758,0.22782204249421767,0.005241299652155994,-0.04782046574771903
2022-06-20,189468.0,-0.02441869378828082,0.053235360668353146,0.6914254649861719,0.24651656216353157,-0.023919185714341484,0.0,1.2653851837777355,0.10337563710427844,0.013746879010619995,-0.12711096914865383
2022-06-21,228839.0,-0.04221324727201421,0.04990090154235368,0.8936020520977631,0.3449892719335428,-0.04632568359375,0.0,1.415715852630015,0.18879855469761964,-0.01779455348373339,0.09847270977001121
2022-06-22,246543.0,-0.023691626180857676,0.051434988385072385,0.6501583902199616,0.2560243040767736,-0.0031112052255216627,0.0,1.919539390694524,0.07451772093477338,0.018521621091156536,-0.08896496785676916
2022-06-23,156934.0,-0.03744571361562165,0.05738675239832425,0.8054723641785719,0.4197879363299221,-0.0116259149049448,0.0,1.4834707584079931,-0.4517110856627955,-0.013754087434763973,0.1637636322531485
2022-06-24,185904.0,-0.04435335320079186,0.05424890755001205,0.875860659264997,0.458930415698425,-0.032889595198950294,0.0,0.9822327652982185,0.16940507664315696,-0.006907639585170211,0.0391424793685029
2022-06-27,228664.0,-0.052005178338044245,0.05148539662201556,0.9111491096106077,0.46022548367911,-0.035246311264271135,0.0,1.2135403911415876,0.2070232657416895,-0.007651825137252384,0.0012950679806849608
2022-06-28,237437.0,-0.043607248704910034,0.0512698195918852,0.8845335815395242,0.3875259542531282,-0.028492375608163756,0.0,0.913353858076037,0.03764864794611178,0.00839792963313421,-0.07269952942598179
2022-06-29,272441.0,-0.031614212688597716,0.04949107393730905,0.783387962898389,0.29160075025418347,-0.0026331796382313977,0.0,1.4873568956214374,0.13751975177103581,0.011993036016312318,-0.09592520399894472
2022-06-30,155391.0,-0.024240504290622373,0.06098517993947308,0.7273522919602808,0.3027588470374732,0.011754564530717992,0.0,1.271457162898752,-0.5614775557008524,0.007373708397975343,0.011158096783289717
2022-07-01,166126.0,-0.0009606546665295195,0.0642021480777886,0.5750815645955479,0.201437463130395,-0.023919548660399248,0.5157290249569604,1.5622118151282762,0.06680201538038233,0.023279849624092852,-0.10132138390707818
2022-07-04,194052.0,-0.002328952142626845,0.06486056035591566,0.6021427246305114,0.23474635664667204,-0.015267572901851656,0.46185043184301117,1.2075526147630533,0.1553796278049333,-0.0013682974760973253,0.03330889351627703
2022-07-05,216081.0,-0.014445296745599684,0.06214135565282501,0.6830586678143844,0.26516908011347595,-0.02433585147604056,0.4261596345814764,1.825533017710951,0.10752717300543146,-0.01211634460297284,0.030422723466803914
2022-07-06,248213.0,0.004110162010873726,0.06348402963775573,0.5030356991777224,0.14736939644579453,0.001036072334866578,0.3837027069492734,1.8807838429091144,0.1386339111248649,0.01855545875647341,-0.11779968366768143
2022-07-07,187163.0,-0.030848187454523456,0.07341549834612728,0.7503192404481654,0.4548014297697729,-0.07925841240434228,0.5520909581487794,1.2963833663704898,-0.28230735357851167,-0.03495834946539718,0.3074320333239784
2022-07-08,224690.0,-0.037883372453544534,0.06764399754152049,0.7949263429614135,0.44246294895188926,-0.08742281982200606,0.4974676220570564,1.1099603898704882,0.18274177948254788,-0.0070351849990210776,-0.012338480817883635
2022-07-11,246951.0,-0.029839195976607346,0.06580201978347322,0.768136188960563,0.3734222578568218,-0.023745984283705,0.46843300897748946,0.8985021320018951,0.09446826196300862,0.008044176476937188,-0.06904069109506744
2022-07-12,250227.0,-0.006137219836552791,0.06797216886687542,0.6152053935026995,0.23380770260603373,-0.010796652765253545,0.45066279817925325,1.2917510900102707,0.013178569498466075,0.023701976140054554,-0.13961455525078809
2022-07-13,351633.0,-0.029025546118261854,0.05797448349597836,0.8103733153600486,0.3173336973492249,-0.0017229006162791105,0.38355899474736443,1.1259466546086403,0.34021951218243807,-0.022888326281709063,0.08352599474319117
2022-07-14,201543.0,-0.0368365037717493,0.0712454393119179,0.7893501634886848,0.4626357650724659,-0.030371533924529737,0.856120033938167,1.0638325320155004,-0.5565852599380268,-0.0078109576534874485,0.145302067723241
2022-07-15,227974.0,-0.04165976831767674,0.06652523726358034,0.8328362006193689,0.45145499048137067,-0.037841686471091984,0.8575670909840596,1.0191907849140691,0.12322882924020107,-0.004823264545927436,-0.011180774591095233
2022-07-18,255302.0,-0.047872580057881385,0.06321289371512775,0.8686026744796359,0.4330048334913162,-0.048889782630553436,0.8574825109086494,0.9951390901755568,0.11321557077340394,-0.006212811740204646,-0.018450156990054478
2022-07-19,276368.0,-0.04371854467335118,0.06293788200561806,0.8502105887801772,0.3952121808603022,-0.02001350203619412,0.8459590111735078,0.787392172755167,0.07928615281329776,0.004154035384530207,-0.037792652631014
2022-07-20,322302.0,-0.041772325899243117,0.06067943680940493,0.8308729080179459,0.3587753101128755,-0.002254768475594582,0.781745071392669,1.2650030095996923,0.15375568324990851,0.001946218774108062,-0.036436870747426686
2022-07-21,129021.0,-0.06432515524955618,0.06587889645611253,0.9477061873648476,0.5121181823114067,-0.042690641798938334,0.0,1.2470683067097603,-0.9155138123904578,-0.02255282935031306,0.1533428721985312
2022-07-22,157978.0,-0.05917390847591308,0.0627542465923863,0.941991922925977,0.5134195900695033,-0.04343731102869963,0.0,0.8806099583486309,0.20248060101540055,0.005151246773643099,0.0013014077580966177
2022-07-25,185341.0,-0.05329791724748567,0.06027303963693344,0.939230931094577,0.3875613059172013,-0.022517579619625416,0.0,0.9382705391683438,0.15974158880758083,0.005875991228427406,-0.12585828415230205
2022-07-26,197203.0,-0.0452694648923118,0.06019935114547253,0.910092645649407,0.35453314604747393,-0.013965224039257707,0.0,1.083188389628961,0.06203628340120382,0.008028452355173868,-0.03302815986972735
2022-07-27,254480.0,-0.047276806045175084,0.055327784669546715,0.9652349889971708,0.34513910719899404,-0.01485029410404659,0.0,1.3429464005029865,0.25498859240632576,-0.0020073411528632804,-0.009394038848479891
2022-07-28,161947.0,-0.0611480570678142,0.06461450546553038,0.9245555644747974,0.5013553816989509,-0.03974643933950672,0.0,0.882603567833921,-0.45195312623100214,-0.013871251022639114,0.15621627449995684
2022-07-29,190761.0,-0.06218443424126166,0.06174429059165262,0.9616745561199617,0.5107700211259115,-0.02667120886769192,0.0,0.9386614664423022,0.16375221439553478,-0.0010363771734474628,0.009414639426960636
2022-08-01,211906.0,-0.05765222684096392,0.06044730217434544,0.9323992713750436,0.47055770011231396,-0.025477099045568274,0.4750172246184629,0.7983303917774862,0.10512144451100092,0.004532207400297743,-0.04021232101359756
2022-08-02,221534.0,-0.0462949053849109,0.061324919099378865,0.8464885751171378,0.4070571560121697,-0.00998356979581927,0.4849594193216391,1.0984137874998872,0.04443329646035288,0.011357321456053018,-0.06350054410014427
2022-08-03,277257.0,-0.047037678281887506,0.0571681162745566,0.9040709522212244,0.39086840007646334,-0.011979411275074403,0.4059374515341362,1.2136645783514934,0.2243687973061217,-0.0007427728969766068,-0.016188755935706345
2022-08-04,191220.0,-0.060593789524139643,0.06331217799574834,0.9251385838301432,0.5108461458006485,-0.04776155949449745,0.6116619600460202,0.9190356657253426,-0.37152027622559736,-0.013556111242252138,0.11997774572418513
2022-08-05,237435.0,-0.07071114788681758,0.061029200311216045,0.9630846336892203,0.5755722618821993,-0.06890378051667867,0.5218986248868112,0.9567376334575779,0.21646930414851084,-0.010117358362677936,0.06472611608155088
2022-08-08,259272.0,-0.06515403725196656,0.06038745847684069,0.9614998920053072,0.5263044216112808,-0.06793489658404794,0.4789101792711901,0.5959147150482891,0.08798380187698207,0.005557110634851023,-0.04926784027091857
2022-08-09,278427.0,-0.06298876911658084,0.06034612671919149,0.9628412474364915,0.49343274897908607,-0.06978474819073133,0.46124118709751566,0.8734425899787018,0.07127820283356812,0.0021652681353857145,-0.032871672632194704
2022-08-10,309959.0,-0.053314171081177475,0.05925628636743837,0.9062843795469724,0.419755516052123,-0.0026119517880022203,0.47005571704644805,0.9229898147819551,0.10728412415144639,0.009674598035403367,-0.07367723292696304
2022-08-11,227898.0,-0.07279771305075973,0.0654606906963548,0.9634529482487779,0.5550728834829617,-0.0788170695197018,0.8503804333517626,0.8422934821718489,-0.30754187023352664,-0.019483541969582255,0.13531736743083866
2022-08-12,252689.0,-0.07231700777483789,0.06560158334215652,0.9617514019209383,0.5515198524668664,-0.08430718354473843,0.8406776709710355,0.5963654927598748,0.10326132313509007,0.00048070527592183887,-0.003553031016095276
2022-08-15,280770.0,-0.07244711633721163,0.06553341182757728,0.970609395590697,0.5387007158884496,-0.02707015148517744,0.8381130462656267,0.7636891405776971,0.10537634526790463,-0.0001301085623737347,-0.012819136578416823
2022-08-16,299263.0,-0.0681079198544452,0.06571088493990991,0.9607836585211001,0.5093112078673274,-0.027273310908740744,0.8321108857426411,0.6101656402562294,0.06378695659541123,0.0043391964827664276,-0.029389508021122168
2022-08-17,344221.0,-0.06353019428405102,0.0648056278692755,0.9752281237925635,0.4613721998367328,-0.0042320139407519,0.779987275616537,0.8140206437143579,0.13996110752374769,0.004577725570394181,-0.04793900803059464
2022-08-18,119384.0,-0.05683068005777168,0.0683431398351251,0.9155917040809489,0.4448921128459425,-0.025769057905689285,0.0,0.900941499698452,-1.058938704327268,0.006699514226279339,-0.016480086990790288
2022-08-19,152548.0,-0.05100947183677697,0.06343200581417412,0.9387733696934736,0.38508535018485984,-0.02652903085124203,0.0,0.9358562550803682,0.24513411199198032,0.00582120822099471,-0.059806762661082646
2022-08-22,171114.0,-0.04148643945567142,0.06265872976558796,0.8360625080355786,0.29991117033089054,-0.016079878571138018,0.0,0.801524130112089,0.11485070042467349,0.00952303238110555,-0.0851741798539693
2022-08-23,180403.0,-0.03496664363236349,0.06275753068735636,0.754183688741318,0.28016718125530066,-0.006352060064030662,0.0,0.9553832253343902,0.052863236156182936,0.006519795823307931,-0.019743989075589885
2022-08-24,213385.0,-0.031807017333663555,0.058701969916041485,0.8035991283361061,0.25719708508095696,-0.004591487664565963,0.0,1.1716709234482274,0.16790480866094626,0.0031596262986999316,-0.0229700961743437
2022-08-25,153924.0,-0.05368978504520907,0.06548847167402633,0.9371832852576596,0.4005288324108001,-0.013160491682916664,0.0,0.9580962033211196,-0.32663907175723494,-0.021882767711545514,0.14333174732984316
2022-08-26,181538.0,-0.05167999689343981,0.06269971279922817,0.9204298824488537,0.401409071378995,-0.018224373692602103,0.0,0.6658495741938327,0.16500602407629117,0.0020097881517692623,0.0008802389681948908
2022-08-29,197557.0,-0.03223005215604003,0.06108442358748679,0.7284530540552853,0.2635543159695683,-0.008454267297950846,0.0,1.1893681317290705,0.08456215211494644,0.019449944737399777,-0.1378547554094267
2022-08-30,230039.0,-0.03254165901343001,0.05819663149354113,0.7776724816226813,0.27365359786818755,-0.003586420153501191,0.0,1.081086250592291,0.1522217094690781,-0.00031160685738997745,0.01009928189861925
2022-08-31,304641.0,-0.03780379617241588,0.052370806955695744,0.9076453924455342,0.2742769358031256,-0.0030101805578374163,0.0,1.3991550710508434,0.2808851743946086,-0.005262137158985873,0.000623337934938073
2022-09-01,172008.0,-0.04189111507821309,0.06329911175587204,0.8195723454723036,0.39023184968141017,0.013386155523697596,0.5670317659643738,0.9803904469559556,-0.5715930468009116,-0.004087318905797208,0.11595491387828455
2022-09-02,192453.0,-0.03482803647771466,0.06101055868958987,0.7628511896411072,0.32207344130774784,-0.025423497789142546,0.5257023792822143,0.7262968101302656,0.11231098071306533,0.007063078600498429,-0.06815840837366233
2022-09-05,218523.0,-0.034244329065610216,0.05868827521192981,0.7934633882932232,0.3005862083167447,-0.024629802675106283,0.4750712739620086,0.8717343254485798,0.12703930408097008,0.0005837074121044436,-0.021487232991003136
2022-09-06,240153.0,-0.03444017261151019,0.057158036020094845,0.8012475380278405,0.2869670585002061,-0.0188864361049792,0.46309227867234637,0.9714307129205132,0.09438494807142384,-0.00019584354589997216,-0.013619149816538612
2022-09-07,254310.0,-0.019732064754480878,0.056810017645110795,0.6878298140065274,0.2030474617592702,-0.0006974299187024746,0.43268845110298454,1.3632377806613976,0.05727777506323761,0.01470810785702931,-0.08391959674093591
2022-09-08,186862.0,-0.04298485767049075,0.06348114419541755,0.8155644272243688,0.4050208175016857,-0.02629150089622323,0.6192965932078218,0.7578854983891856,-0.30818361878063705,-0.02325279291600987,0.20197335574241554
2022-09-12,241835.0,-0.04736308943002768,0.058563766489928955,0.8946926623524304,0.4029855066470941,-0.04102197342820468,0.5016354125746894,0.8805880042177517,0.2578852989233571,-0.00437823175953693,-0.002035310854591632
2022-09-13,277769.0,-0.046646625915460864,0.05665789734261156,0.8806706291918824,0.37976520058033836,-0.013052547902199563,0.45637562146963845,0.6221536600556578,0.13853415758963727,0.0007164635145668133,-0.023220306066755736
2022-09-14,305464.0,-0.032639821021725385,0.055480014116875295,0.7897199015268574,0.28272398711468455,-0.0039779483446590325,0.45322853102165883,1.226160856925857,0.09504209904003602,0.01400680489373548,-0.09704121346565381
2022-09-15,212106.0,-0.04365884151206497,0.06284536814874803,0.7933344648430501,0.3924547160382073,-0.0456740404252477,0.8182559663564444,0.6692267074010164,-0.3647457823471534,-0.011019020490339586,0.10973072892352276
2022-09-16,221664.0,-0.038401660144492686,0.06263619425992621,0.7664167388479861,0.37066460949906166,-0.03857775433738775,0.8130233145661903,0.5070827919734373,0.04407657212652971,0.005257181367572285,-0.02179010653914565
2022-09-19,238078.0,-0.02884051790692453,0.061155096076508285,0.7202429455892606,0.3134560942212216,-0.029508487641483838,0.8091423819084502,0.6785045237275179,0.07143562923161362,0.009561142237568154,-0.057208515277840044
2022-09-20,254193.0,-0.0350900291102072,0.05933602582270338,0.780694196929105,0.32596098240313465,-0.03775439368217026,0.8134055619155524,0.7680266569103005,0.06549546993223743,-0.006249511203282668,0.012504888181913032
2022-09-21,279284.0,-0.027911615485684133,0.058369430893277806,0.752731986078687,0.29613583305882185,-0.0016998832543474451,0.7397774308589107,1.1060963034044198,0.09413536423385338,0.007178413624523067,-0.029825149344312796
2022-09-22,133923.0,-0.031486214421551986,0.05697862072545045,0.7398281101827169,0.31447174869141226,0.036078638368652216,0.0,1.1547680383503953,-0.7349641773139499,-0.0035745989358678537,0.018335915632590405
2022-09-23,159302.0,-0.02387223818189989,0.055143577674984984,0.7275991512975355,0.2913083326009717,-0.02963371151647709,0.0,0.8614392788540006,0.1735367638410512,0.007613976239652095,-0.023163416090440536
2022-09-26,175657.0,-0.007006558115544311,0.05626548997520868,0.5767433122505793,0.17348013458046077,-0.005674910855489768,0.0,1.4112047911554906,0.09773145813113437,0.01686568006635558,-0.11782819802051095
2022-09-27,201175.0,-0.013154142795296024,0.05414923623198171,0.6848664098421772,0.19172859450726978,-0.016387988650853225,0.0,1.0107468621846651,0.1356419461360634,-0.0061475846797517135,0.018248459926809013
2022-09-28,210015.0,0.00554095969164897,0.05757264827956218,0.44760136180748994,0.11038259171963907,0.0025196660941164684,0.0,2.5151203485465325,0.04300378070580102,0.018695102486944993,-0.08134600278763071
2022-09-29,149386.0,-0.018259637689821202,0.0661939786149455,0.706036710267361,0.29639323631397857,0.09352118253971775,0.0,1.0952900539541859,-0.34064539659616244,-0.02380059738147017,0.1860106445943395
2022-09-30,166196.0,-0.018088292638877446,0.0671505317173115,0.7059255337071891,0.28803942333148813,0.10245534683394197,0.0,1.0734133192134587,0.10663425460119846,0.000171345050943756,-0.008353812982490438
2022-10-03,194117.0,-0.014330281206433626,0.06566094349670512,0.7043947722249984,0.2663187665171005,-0.022591665864690524,0.438879644750331,1.21498374691552,0.15529325531643146,0.0037580114324438207,-0.021720656814387618
2022-10-04,234793.0,-0.031450731051306455,0.060157082847538464,0.8015485981268606,0.31817813989343807,-0.04246449016390064,0.39211986728735526,1.0910206011252466,0.1902432048435969,-0.017120449844872827,0.05185937337633756
2022-10-05,317941.0,-0.038402484510778406,0.05423422675365029,0.8918101157132927,0.3798503495931635,-0.007349238448479678,0.31105456672778914,1.5699233505587515,0.30316155607224715,-0.0069517534594719516,0.06167220969972542
2022-10-06,183050.0,-0.04674072690206209,0.0659829249754868,0.8287680961485933,0.4220923245015023,-0.1361966016534636,0.574586178639716,0.8406719475553127,-0.5521064914090648,-0.008338242391283682,0.04224197490833881
2022-10-07,196662.0,-0.03470882543964419,0.06528115252452193,0.782520263192686,0.38787869542667114,-0.1242333392690852,0.5572861050940192,0.7023878532710945,0.07172717957031871,0.0120319014624179,-0.034213629074831164
2022-10-11,203881.0,0.0034870328314789453,0.06871064347940206,0.539378362868536,0.18209151416757816,0.12925119200856394,0.49388123464177636,1.543503318112036,0.03604997116923592,0.03819585827112313,-0.20578718125909298
2022-10-12,261402.0,-0.0038267561791269417,0.0638559227621547,0.6237404457502238,0.18646758632298147,-0.013854955646406597,0.43624379308498024,1.6828256861079869,0.2485229619644631,-0.007313789010605887,0.00437607215540331
2022-10-13,180957.0,0.0059932420495788855,0.0811810574184635,0.5474781301635195,0.2400183469000923,0.15528154913888592,0.7717855623159093,1.0645015114087877,-0.36780001828921094,0.009819998228705827,0.053550760577110834
2022-10-14,234167.0,-0.02378645850547545,0.07254620300745275,0.7213185461657706,0.3522998543774315,-0.08593157283754271,0.8062237633825432,0.9506506040560796,0.25777510204527054,-0.029779700555054335,0.1122815074773392
2022-10-17,244520.0,-0.014721433925980689,0.0724495034447621,0.6789465074431539,0.30790937346638314,-0.074506114043984,0.7998282349092098,1.0146286602322918,0.043262569134201456,0.00906502457949476,-0.04439048091104836
2022-10-18,273496.0,-0.02473956166985524,0.06795619477019965,0.7600147716968438,0.3197267967356012,-0.08569199401433025,0.7947209465586333,1.1823463597273818,0.11198989136604354,-0.010018127743874552,0.011817423269218086
2022-10-19,290858.0,-0.016228923798998412,0.06759112590238323,0.6660397857373701,0.2808243197711598,0.0017908938748962822,0.7274649485315858,1.7172640945065978,0.061548179039004225,0.008510637870856829,-0.038902476964441435
2022-10-20,125497.0,-0.028474152355238026,0.08207246676654303,0.777644087109652,0.3945114225838068,0.14320142745691755,0.0,1.5700933090034024,-0.8405533216619183,-0.012245228556239614,0.11368710281264699
2022-10-21,156619.0,-0.023001637794491128,0.07757991177782003,0.7580306348527318,0.33138380400845363,0.1545182226660009,0.0,1.1015585593063422,0.22153425051815212,0.005472514560746898,-0.06312761857535315
2022-10-24,189637.0,-0.025081450120369744,0.07222699797107043,0.7701503398598375,0.3523943112367312,0.15112569203654358,0.0,1.3478593312486487,0.1912956140396087,-0.002079812325878616,0.021010507228277575
2022-10-25,198660.0,-0.014592698969456844,0.07352896983056564,0.662871237289842,0.2862478606664653,-0.0052202252939338445,0.0,1.6605104198127454,0.04648310232579611,0.0104887511509129,-0.06614645057026591
2022-10-26,249422.0,-0.021100680744121653,0.06640955363250159,0.7654697660992213,0.26172911772016905,-0.002282181309681386,0.0,1.6740985157684567,0.2275514202764004,-0.006507981774664809,-0.024518742946296246
2022-10-27,172125.0,-0.03744353017898377,0.07714651020259097,0.8381292665214234,0.4066463326071169,0.14494633837651238,0.0,0.9076949891067538,-0.37092528401479186,-0.016342849434862115,0.14491721488694786
2022-10-28,183725.0,-0.027988123480355676,0.07666911383415423,0.7575779017553409,0.3502898353517485,0.15729699212256087,0.0,0.8209552320043544,0.06521911736611585,0.009455406698628092,-0.0563564972553684
2022-10-31,211120.0,-0.03733695731411038,0.07227528878161951,0.8270225464190981,0.395628078817734,0.14287920616228122,0.0,1.0649630541871922,0.13898661778013377,-0.009348833833754705,0.04533824346598547
2022-11-01,243505.0,-0.03856508702165928,0.06820799821965595,0.8673702798710499,0.3530974723311636,-0.010524491052916973,0.42535060881706743,1.1999096527792037,0.14271078399766246,-0.0012281297075489028,-0.042530606486570366
2022-11-02,285880.0,-0.04019774912376402,0.06417478967917738,0.9212746606967959,0.3563103400027984,-0.007646465656552581,0.37944242339443124,0.9857002938295788,0.16043466615904656,-0.0016326621021047344,0.003212867671634756
2022-11-03,184475.0,-0.04123682424604018,0.07709633719573293,0.8245778560780593,0.43866106518498443,0.13963624043244582,0.5963518091882369,0.7766580837511858,-0.43805818940734653,-0.0010390751222761618,0.08235072518218606
2022-11-04,210510.0,-0.04240518066144864,0.07287306281795887,0.868571564296233,0.40485012588475605,0.13612723396774795,0.5348201985653889,0.7875350339651322,0.13201920498787523,-0.00116835641540846,-0.03381093930022838
2022-11-07,256642.0,-0.04680815771801264,0.06724389529450187,0.8992721378418186,0.41703618269807746,-0.016918826987544322,0.45512425869499146,1.23878398703252,0.19814895973293467,-0.004402977056563999,0.012186056813321411
2022-11-08,286149.0,-0.048939511053665535,0.06556078146146456,0.8788218725209593,0.4187119297988111,-0.01107002223594078,0.4300277128349217,1.1359990774037303,0.10883053651313723,-0.002131353335652897,0.0016757471007336489
2022-11-09,392031.0,-0.05442890066638994,0.060165435868109525,0.9478306562491231,0.4447326869558785,-0.017509592112508354,0.39576972229236973,1.2742844315883182,0.3148282641179492,-0.005489389612724403,0.026020757157067365
2022-11-10,217949.0,-0.06007019019759076,0.0743957285372597,0.8961913108112448,0.4951341827675282,-0.03730516537616191,0.8068401323245347,0.5797227791822858,-0.5870798278307561,-0.00564128953120082,0.05040149581164971
2022-11-11,295701.0,-0.07275432116202661,0.06873956900037119,0.9430032363772866,0.5948272072126912,-0.0719297293747091,0.7829361415754428,1.1256573362957853,0.30508771819302716,-0.012684130964435852,0.09969302444516304
2022-11-14,328728.0,-0.07445992883312855,0.06953722607613419,0.9331453359616461,0.5638095933416076,-0.026448158364432928,0.7730707454187048,0.8198084738750578,0.10588185244203174,-0.0017056076711019358,-0.031017613871083594
2022-11-15,385488.0,-0.08326624140394911,0.07215906357015979,0.9423873116672893,0.6022003278960694,-0.02380741232656247,0.7472139210559083,1.4586420329556302,0.15927940301358667,-0.008806312570820568,0.038390734554461736
2022-11-16,421083.0,-0.0764000204962175,0.07343725187051071,0.9136678517061957,0.5529503684546752,-0.0025692440506694947,0.695435341725978,1.538364170484204,0.08831989978043353,0.006866220907731618,-0.04924995944139421
2022-11-17,180864.0,-0.0762537186725245,0.07430591236415905,0.9446821921443737,0.5242447363765039,-0.04370278282490192,0.0,1.1075283085633405,-0.8450845962726419,0.00014630182369299027,-0.028705632078171228
2022-11-18,211912.0,-0.06847070780014396,0.07239468680196873,0.9288714183245875,0.46186624636641627,-0.034814915418762804,0.0,1.28324021291857,0.15842572653487785,0.00778301087238055,-0.06237849001008766
2022-11-21,227887.0,-0.06239581304014349,0.07114076618914578,0.8877075041577625,0.4375940707455888,-0.031100966892027904,0.0,0.8068779702220837,0.07267879790523679,0.00607489476000047,-0.024272175620827452
2022-11-22,247722.0,-0.06564685131066668,0.0711206788108563,0.9347413633024115,0.4487247801971565,-0.016654976551003342,0.0,1.3268583331314943,0.08345725760666411,-0.003251038270523192,0.011130709451567689
2022-11-23,301567.0,-0.06141728136109667,0.07014678425253808,0.9423279072312288,0.39816690818292455,-0.0005845895619960295,0.0,1.1219529988360795,0.19668506403297492,0.004229569949570008,-0.05055787201423195
2022-11-24,213343.0,-0.0840930315596698,0.07826781656305552,0.9516834393441547,0.5596293292960163,-0.019209956709956733,0.0,0.976554187388384,-0.3460910145427345,-0.022675750198573125,0.16146242111309173
2022-11-25,228380.0,-0.0796848329751825,0.07757377348599609,0.9493869866012786,0.5331114808652246,-0.018845607574782597,0.0,0.5206673088711796,0.06810970911447356,0.004408198584487294,-0.026517848430791635
2022-11-28,236322.0,-0.06550061531046154,0.07733991362679808,0.8900440923824273,0.4274210610946082,-0.003906746436562303,0.0,1.1923942756070107,0.03418437357463766,0.014184217664720958,-0.10569041977061644
2022-11-29,277993.0,-0.06718607575803022,0.07454503213468763,0.9545743957581666,0.40283388430643935,-0.014251878360041381,0.0,1.497102445025594,0.16240065166936546,-0.0016854604475686763,-0.024587176788168852
2022-11-30,347532.0,-0.06711751728769749,0.07134074110428278,0.9777516890530944,0.42295961235224383,-0.005346263831903508,0.0,1.3274835123096578,0.22326081357859273,6.855847033272744e-05,0.02012572804580448
2022-12-01,234664.0,-0.092938340316805,0.08149459086352952,0.9691772065591654,0.6164856987011216,-0.0674624320579772,0.5313554699485221,0.9807469403061398,-0.3927020433070947,-0.0258208230291075,0.19352608634887775
2022-12-02,248768.0,-0.08655475303044097,0.08090787708129975,0.9521562258811422,0.5747202212503216,-0.0648387381201121,0.5093822356573192,0.5079150051453564,0.05836603144075525,0.006383587286364026,-0.04176547745079995
2022-12-05,277742.0,-0.0801822455953014,0.08007481978598055,0.9381800375888415,0.5236514463062842,-0.06546672594277714,0.4834666705071613,0.8319555558755968,0.11017188999488248,0.006372507435139563,-0.05106877494403739
2022-12-06,274442.0,-0.06651789522870469,0.08047436955526603,0.843821280999264,0.40868380204196153,-0.049486451108298746,0.4850350893813629,0.9462290757245612,-0.011952679861094495,0.013664350366596717,-0.11496764426432271
2022-12-07,311156.0,-0.05699236948256351,0.07723238923339351,0.7972881769916055,0.36287264266155883,-0.002051263122854974,0.44353957500417796,1.77094447801103,0.12555444876963406,0.009525525746141177,-0.0458111593804027
2022-12-08,221976.0,-0.07819383194880439,0.0798868092693165,0.9010703859876743,0.532877428190435,-0.038001682122772995,0.6378076909215411,0.6630041085522759,-0.3377251262131118,-0.021201462466240877,0.1700047855288762
2022-12-09,251307.0,-0.0808401115256579,0.0773781398766142,0.9526793921379031,0.5119554966634435,-0.04797071557921129,0.5880934474566963,0.7029927538827012,0.12410603139473508,-0.002646279576853511,-0.02092193152699151
2022-12-12,259670.0,-0.07297209198377996,0.07733307089701026,0.9239534794161821,0.4567104401740671,-0.041922068572374904,0.5771055570531829,0.6978280124773751,0.03273629477591733,0.007868019541877935,-0.05524505648937644
2022-12-13,264313.0,-0.06694908283454903,0.07722209071447092,0.8822872881772746,0.42464804984998844,-0.036009188209566,0.5753481667568375,0.6509479291597462,0.017722412840363688,0.006023009149230929,-0.03206239032407865
2022-12-14,350895.0,-0.06527474551407718,0.07236471724285089,0.9488906937972897,0.45426124624175324,-0.050162286557896674,0.4869120392140099,1.141495319112555,0.2833530264827555,0.0016743373204718554,0.029613196391764796
2022-12-15,237220.0,-0.08713175980974676,0.08076561690065316,0.9544262709720934,0.5234971756175701,-0.04982513388981902,0.8180844785431245,0.7240536211112047,-0.39149905281271025,-0.02185701429566958,0.06923592937581691
2022-12-16,254810.0,-0.07355821641587798,0.08049098484185815,0.904709391311173,0.4840626349044386,-0.03638009298932099,0.7981201679682901,0.7646913386444802,0.07153018879457385,0.013573543393868778,-0.039434540713131516
2022-12-19,267433.0,-0.06769465505127507,0.08041607575995363,0.874211484745712,0.4492788848047922,-0.03002219863482547,0.7799561011543078,0.6162066760646592,0.048350898278467724,0.005863561364602907,-0.034783750099646404
2022-12-20,256677.0,-0.05488644777535292,0.0822805544262988,0.7425168597108428,0.382843028397558,-0.011999268879459013,0.7347288615653136,1.519563498092934,-0.04105058256469363,0.012808207275922155,-0.0664358564072342
2022-12-21,315703.0,-0.05422816172186375,0.07737491956061243,0.8370367085520252,0.3741427860995936,-0.002416680717135966,0.6882798072872288,1.1804797547061636,0.20698341310174762,0.0006582860534891655,-0.0087002422979644
2022-12-22,158137.0,-0.06769509359511909,0.0748692026532859,0.9468878251136673,0.44764982262215675,-0.030668271141471193,0.0,1.0108703213036798,-0.6913401522808265,-0.013466931873255338,0.07350703652256313
2022-12-23,174732.0,-0.05691460810141359,0.07347908522449666,0.9005162191241444,0.36190852276629354,-0.019032864501111635,0.0,0.8384554632236797,0.09979162558637,0.0107804854937055,-0.0857412998558632
2022-12-26,198202.0,-0.0544345834556229,0.0711665550704279,0.9075185921433689,0.3336293276556241,-0.019959916360579144,0.0,0.5729407372276768,0.12603334114556297,0.002480024645790689,-0.028279195110669453
2022-12-27,217199.0,-0.05347670779743525,0.0707741791936377,0.8954415075575854,0.3646609791021137,-0.015942430538447017,0.0,1.1062942278739774,0.09152727133528415,0.0009578756581876541,0.031031651446489616
2022-12-28,221458.0,-0.046478979868802235,0.07032416987574479,0.853850391496356,0.28698443948739716,-0.005157657816568073,0.0,1.635854202602751,0.019418971255317885,0.006997727928633013,-0.07767653961471654
2022-12-29,154288.0,-0.06017140643252034,0.07902694742468465,0.875583324691486,0.36844731929897334,-0.013135941589007327,0.0,0.9427434408379135,-0.36141196948490517,-0.013692426563718108,0.08146287981157618
2022-12-30,181756.0,-0.05749957564793614,0.07521969527030223,0.8943583705627325,0.36913774510882724,-0.016812506144921913,0.0,0.8271528862871101,0.16384414248034673,0.002671830784584203,0.0006904258098539007
2023-01-03,222208.0,-0.055235873287637995,0.07092446440532525,0.9258352534562212,0.37888824884792627,-0.015756335014046607,0.3053760440668203,1.684174287154378,0.20094875190940087,0.002263702360298145,0.009750503739099026
2023-01-04,259603.0,-0.04798767859364496,0.06781549329082873,0.8537651722052518,0.28844042634330114,6.127135958333696e-05,0.26827501993428426,1.1457225070588553,0.155539660845756,0.007248194693993036,-0.09044782250462513
2023-01-05,172712.0,-0.0695855368061311,0.0774696989498426,0.9460141738848488,0.4540854138681736,-0.05601336964768311,0.41930497012367407,0.7500868497846125,-0.4075280736093738,-0.021597858212486137,0.16564498752487244
2023-01-06,214223.0,-0.06349225873763266,0.07305279887830336,0.9326589581884298,0.4246089355484705,-0.01205982743050682,0.34049565172740553,0.867348510664121,0.2153920611389175,0.006093278068498437,-0.02947647831970307
2023-01-09,276672.0,-0.07037346446298681,0.0707264929562966,0.9756209518852649,0.5140346692111959,-0.023875066854389893,0.2926642377978256,1.2969942748091603,0.25581516051209086,-0.006881205725354153,0.08942573366272538
2023-01-10,301387.0,-0.0668135425929977,0.07136367007488864,0.9701712416262148,0.47714068622734224,-0.027221582710484915,0.2963001058439813,0.8261670211389344,0.08556246416658375,0.003559921869989116,-0.03689398298385366
2023-01-11,313759.0,-0.061228738395828784,0.07153744585553844,0.9368018128563643,0.44374822714248835,-0.003487117189915012,0.3223971264569303,1.1533501827836015,0.04023002208179349,0.005584804197168912,-0.03339245908485389
2023-01-12,161427.0,-0.08918118961461995,0.08584879660663317,0.9352586618099822,0.5614550230134984,-0.049664531579647564,0.7362151312977383,0.5479566615250236,-0.6645721472031259,-0.027952451218791162,0.11770679587101002
2023-01-13,176152.0,-0.08890454356966435,0.08558341155835496,0.9492540533175894,0.583490394659158,-0.05559381899646043,0.7380557700168037,0.6898019891911531,0.08729423059206631,0.0002766460449556002,0.022035371645659607
2023-01-16,189684.0,-0.09015367510937226,0.08500351726020752,0.9676040150987959,0.6001349613040636,-0.06210285917943381,0.7399675249362097,0.6392737394825078,0.07401227100077534,-0.0012491315397079178,0.016644566644905656
2023-01-17,200645.0,-0.08879329306131103,0.08544896456480044,0.9641506142689825,0.5888061003264472,-0.06247467844555621,0.7242144085324828,0.5307084651997309,0.056177647705975886,0.0013603820480612289,-0.011328860977616428
2023-01-30,273316.0,-0.09245503426734246,0.0872406114348295,0.9626403137759956,0.619601486923561,-0.006055317539509275,0.6725585037099914,1.0392000468322382,0.30909145755601486,-0.003661741206031424,0.030795386597113783
2023-01-31,138214.0,-0.07609674175826954,0.1064340107733517,0.8150838554705022,0.40608766116312384,-0.01082200036684755,0.0,1.3775883774436744,-0.6818254262822254,0.01635829250907292,-0.21351382576043715
2023-02-01,191645.0,-0.06865976738255346,0.09442735189385566,0.9616060946019985,0.3586683712071799,-0.007790466098534732,0.2494925513318897,1.337514675572021,0.32684149359806014,0.007436974375716082,-0.04741928995594391
2023-02-02,174915.0,-0.08692280545648892,0.09790673536520532,0.9601006203012892,0.49527484778320896,-0.07022435165782204,0.3578423805848555,1.0903467398450677,-0.0913445606206782,-0.018263038073935464,0.13660647657602903
2023-02-03,200888.0,-0.08123427289404564,0.09559567494341936,0.973751543148421,0.4665485245509936,-0.07067128297354419,0.3565867548086496,0.7425729759866194,0.13844739718694576,0.0056885325624432825,-0.028726323232215356
2023-02-06,221044.0,-0.06845474037347189,0.09630233307945477,0.8468947358896871,0.4004361122672409,-0.05800236733749886,0.3746041512097139,0.7725249271638226,0.0956142378962408,0.012779532520573747,-0.0661124122837527
2023-02-07,245734.0,-0.06546453590439677,0.09405708650159818,0.9114082707317669,0.37255324863470257,-0.05849719269835352,0.37859229898996477,0.8297590077075211,0.10588787336827288,0.0029902044690751223,-0.027882863632538335
2023-02-08,327936.0,-0.06115845628542632,0.08466767050594648,0.971253537275566,0.3253927595628415,-0.0011633885403987687,0.36262563427010147,1.1852526102654177,0.2885688173022931,0.004306079618970449,-0.047160489071861045
2023-02-09,215255.0,-0.08554896017646192,0.09748608689813351,0.9612552553947643,0.4758124085387099,-0.07043595271660275,0.675877447678335,0.48260435297670207,-0.4209950955523869,-0.0243905038910356,0.15041964897586835
2023-02-10,241910.0,-0.0777812701044599,0.09442397608450193,0.9513496754991526,0.432024306560291,-0.06971671269964996,0.6748584184200735,0.6168037699971064,0.1167423843162041,0.007767690072002023,-0.04378810197841887
2023-02-13,262026.0,-0.07097493742137172,0.09165531569807933,0.941085999099326,0.38211475197117845,-0.015715105492181136,0.6730820605588759,0.6399097799455016,0.07987797932071139,0.0068063326830881815,-0.04990955458911256
2023-02-14,281937.0,-0.07322371817800792,0.0902471208921511,0.9711318486044754,0.3979364184197179,-0.016256049386501492,0.6601545735394787,0.679634102654139,0.07323990624565901,-0.002248780756636204,0.01582166644853944
2023-02-15,302363.0,-0.06165933737292543,0.09237978813106389,0.8477988378207651,0.35049923436399294,-0.0021311627310244274,0.5802727185535267,1.4482889771565965,0.06994464059775396,0.011564380805082493,-0.047437184055724946
2023-02-16,185223.0,-0.08482062323826499,0.10735523752594707,0.9571381523892821,0.41857652667325335,-0.3569338606475676,0.0,0.9647128056450873,-0.49006777775617394,-0.02316128586533956,0.0680772923092604
2023-02-17,209834.0,-0.07614966891783967,0.10329376146388182,0.9016079377031367,0.40425765128625485,-0.35399264843633926,0.0,0.6900931212291621,0.12475623737002017,0.00867095432042532,-0.014318875386998497
2023-02-20,241534.0,-0.07317967313359944,0.09879135289303848,0.9599518080270273,0.37233267366085104,-0.00972463271393964,0.0,0.9299270496079227,0.14069350799663916,0.0029699957842402314,-0.031924977625403805
2023-02-21,256113.0,-0.07198079032965085,0.09823487344904482,0.9572024848406758,0.36265632748044807,-0.3574503630405449,0.0,0.6349853385029265,0.05860850340589607,0.0011988828039485866,-0.009676346180402973
2023-02-22,286034.0,-0.05968549947107764,0.09493840576081695,0.8950264653852339,0.2986812756525448,-0.001217347427842852,0.0,1.185848535488788,0.11049193153445103,0.012295290858573213,-0.06397505182790325
2023-02-23,234335.0,-0.08053375447050033,0.10168588804200325,0.9545053022382487,0.4490835769304628,-0.3596069523630824,0.0,1.0089785990142317,-0.1993589693801372,-0.020848254999422694,0.15040230127791798
2023-02-24,254702.0,-0.06941124022768799,0.09980421024393954,0.9051165675966424,0.3726551028260477,-0.35499642345516813,0.0,0.7155577891025591,0.08334251883712973,0.01112251424281234,-0.07642847410441511
2023-03-01,326955.0,-0.0638552497065352,0.09074504210691607,0.936541725925586,0.36423055160496093,-0.0031086342331854144,0.3612790751020783,1.2439234757076663,0.24972831241865912,0.005555990521152798,-0.008424551221086762
2023-03-02,230729.0,-0.08235622949217682,0.10185163891027935,0.943193096663185,0.4624472866436382,-0.35892175768268164,0.5313289616823199,0.6275630718288555,-0.34857868509103085,-0.018500979785641622,0.09821673503867728
2023-03-03,262573.0,-0.07505702046668081,0.09817997534881391,0.9489932323582394,0.4090671927425897,-0.35932016181009996,0.48810426052945277,0.7027683729857982,0.12928527695090608,0.007299209025496009,-0.05338009390104853
2023-03-06,297072.0,-0.07456837289120175,0.09511538024640884,0.9601780039855657,0.3914269941293693,-0.36562351912740243,0.444043868153175,0.9543881617924275,0.12344539505665608,0.000488647575479062,-0.01764019861322036
2023-03-07,323867.0,-0.07288305933461181,0.0934166614715681,0.9653962892174874,0.4200119184727064,-0.3693990814667021,0.42169779570008675,0.7505086964710823,0.08635840402439854,0.0016853135565899346,0.028584924343337093
2023-03-08,356656.0,-0.06628234568537444,0.09055883448686564,0.9640493921313534,0.38754149656812165,-0.007472405204131949,0.42695762863936115,0.8613706204297699,0.09643879410906209,0.006600713649237366,-0.03247042190458477
2023-03-09,233350.0,-0.08710907240061269,0.10367704966527742,0.9555860295693165,0.4648425112491965,-0.36591112864014563,0.7638568673666166,0.4395500321405614,-0.42423225940275167,-0.020826726715238247,0.07730101468107486
2023-03-10,243160.0,-0.07245579472499523,0.1030392107981175,0.8649202171409771,0.3850098700444152,-0.35592740013654345,0.7512995558480013,0.9129379832209245,0.04118019048469712,0.014653277675617457,-0.07983264120478129
2023-03-13,276590.0,-0.06937424173434219,0.09772121237911549,0.9034310712607108,0.3496547235981055,-0.03602007391798068,0.7538739650746592,0.8982031165262663,0.1288166024066406,0.003081552990653047,-0.035355146446309715
2023-03-14,289526.0,-0.05721011367627058,0.09669274852069529,0.7730290198462314,0.303116127739823,-0.023464202150722424,0.7382722104405132,0.7956729274745619,0.045708837710479955,0.012164128058071606,-0.04653859585828252
2023-03-15,337694.0,-0.05389163230996585,0.09083310914123155,0.751493956066735,0.3100736169431497,0.0008064940643726093,0.6764348789140464,1.2480026295995783,0.15389505698700212,0.0033184813663047277,0.006957489203326728
2023-03-16,166777.0,-0.03828590787199009,0.06256407138371232,0.7920456657692607,0.2962818614077481,-0.014527183282176392,0.0,1.138502311469807,-0.7054825692559046,0.015605724437975761,-0.013791755535401629
2023-03-17,210455.0,-0.04667251539245125,0.057276619558905534,0.8968425554156471,0.3293720747903352,-0.02931218355577181,0.0,0.9737045924306859,0.23261426281810493,-0.008386607520461158,0.03309021338258711
2023-03-20,231983.0,-0.0430515216614458,0.05597937339628183,0.8906212955259653,0.31674303720531244,-0.02723546154759049,0.0,0.7748024639736533,0.09739223957258858,0.0036209937310054466,-0.012629037585022762
2023-03-21,262955.0,-0.044472495143295765,0.05432991548168422,0.9388298378049477,0.32072788119640244,-0.0202050478778093,0.0,0.9527295544865091,0.12531882175700382,-0.0014209734818499617,0.0039848439910900035
2023-03-22,356651.0,-0.048152543781206265,0.05144600994753041,0.9868526935295289,0.3497032112625508,-0.0038361824464513417,0.0,1.195381479373393,0.3047747977130175,-0.0036800486379105005,0.02897533006614833
2023-03-23,209628.0,-0.062374051188692464,0.06136308426744208,0.9810330681015895,0.4720123265975919,-0.029245553597937457,0.0,0.9930352815463583,-0.5314231812783632,-0.014221507407486199,0.12230911533504113
2023-03-24,234709.0,-0.059949662446386554,0.061100385128354445,0.9755143603355645,0.45771572457809456,-0.02605766995293668,0.0,0.6720705213690144,0.11301191763640084,0.0024243887423059107,-0.01429660201949734
2023-03-27,254105.0,-0.052017589435874846,0.060221388662733785,0.9450935636843038,0.39739477774935555,-0.014548672767621063,0.0,0.6214517620668621,0.0794011184774348,0.007932073010511707,-0.06032094682873901
2023-03-28,261027.0,-0.04454775275924084,0.05988048569662507,0.9152233293873814,0.3328659487332728,-0.006463085008546976,0.0,0.7238982940462098,0.026876282823224074,0.007469836676634006,-0.06452882901608276
2023-03-29,292422.0,-0.04547823496923155,0.05751502084326791,0.9451853827687383,0.3158209710623688,-0.004423656415823762,0.0,1.174624344269583,0.1135741141952149,-0.0009304822099907087,-0.017044977670904016
2023-03-30,191965.0,-0.06171811621790694,0.06471885261103542,0.9687807673273774,0.46280311515119943,-0.022046849634340226,0.0,0.7256739509806475,-0.4208849006993969,-0.01623988124867539,0.14698214408883065
2023-03-31,219968.0,-0.05595073964767207,0.06281885447767635,0.9600760110561536,0.3974805426243817,-0.023195021949753092,0.0,0.7714894893802735,0.1361690174833985,0.005767376570234871,-0.06532257252681772
2023-04-06,268888.0,-0.04701990826787563,0.059284467994909266,0.9572982059444824,0.348710243670227,-0.0038435825706149007,0.355099520990152,1.0387112849959834,0.2008128547965562,0.008930831379796438,-0.04877029895415469
2023-04-07,197448.0,-0.057637549022537655,0.0657565899656711,0.9548539362262469,0.4258690895830801,-0.021248381902566837,0.5023601150682712,0.5690916089299461,-0.30881967748918626,-0.010617640754662025,0.0771588459128531
2023-04-10,222006.0,-0.05422716791856022,0.06391402410092446,0.9529922614704107,0.3759988468780123,-0.023694001764909323,0.46340189003900795,0.7435880111348342,0.11722914999934453,0.003410381103977435,-0.04987024270506779
2023-04-11,262600.0,-0.04883752716743488,0.06164250553391725,0.9456816450875857,0.34794744859101295,-0.026007485289571086,0.41787890327494287,0.9431111957349582,0.1679275533346125,0.005389640751125344,-0.028051398286999374
2023-04-12,296653.0,-0.046776935601127244,0.05962673596341631,0.9549911849871736,0.32273733958530676,-0.0020692940487554434,0.4183170235932217,0.8313821198504651,0.1219311437125139,0.0020605915663076332,-0.025210109005706194
2023-04-13,203193.0,-0.05250558234933064,0.06706532634465646,0.9291757097931523,0.38346301299749497,-0.019282798346827223,0.7575900744612265,0.6473205277740867,-0.37840683928915375,-0.005728646748203399,0.06072567341218821
2023-04-14,238431.0,-0.053240969323562815,0.06483972448538776,0.9395212870809584,0.3675780414459529,-0.02695827785426097,0.7620653354639287,0.8667329332175766,0.1599236940025559,-0.0007353869742321717,-0.01588497155154206
2023-04-17,254332.0,-0.05266474330551944,0.06376084101766444,0.9585541732853121,0.34549329223220043,-0.029038027255842147,0.7587169526445748,0.5946243492757498,0.06456053984403631,0.0005762260180433715,-0.022084749213752475
2023-04-18,271517.0,-0.04492006335318369,0.06397244285793491,0.8816354040446823,0.29672911825042264,-0.023279964510404927,0.743725070621729,0.8046899457492532,0.06538425237638812,0.007744679952335756,-0.04876417398177779
2023-04-19,270292.0,-0.04159754638601564,0.0638759757293567,0.823879360099448,0.2617206576591242,-0.017150408326448097,0.6681255827031507,1.2799120950675567,-0.004521896414983573,0.0033225169671680446,-0.03500846059129842
2023-04-20,130390.0,-0.04740982633199823,0.07684860620452122,0.8837410844389907,0.2663854590075926,-0.006845128957340241,0.0,1.038415522662781,-0.728972896664672,-0.0058122799459825875,0.0046648013484683615
2023-04-21,155202.0,-0.03949205135820878,0.07299858018351722,0.8048156595920156,0.227838558781459,-0.0130096859640364,0.0,1.1932771484903546,0.17419753482864486,0.007917774973789447,-0.03854690022613358
2023-04-24,183386.0,-0.03714954626712585,0.06795745265045076,0.8305323198063101,0.19841754550510945,-0.0017194742133261887,0.0,0.8729837610286499,0.16686572676674594,0.0023425050910829345,-0.02942101327634955
2023-04-25,184958.0,-0.025626954027496124,0.07002518742267047,0.5939348392608051,0.19150834243449863,-0.004601603176947355,0.0,1.9344013235437234,0.008535551245989481,0.011522592239629724,-0.006909203070610825
2023-04-26,225279.0,-0.026435476631160162,0.06357173390917091,0.724372888729087,0.17737117085924564,-0.004854100553964513,0.0,1.6080637786921994,0.19721086176260982,-0.0008085226036640379,-0.014137171575252988
2023-04-27,153820.0,-0.04545319803316761,0.0728237424998829,0.8738525549343389,0.2940319854375244,-0.02670020874036183,0.0,1.0180990768430633,-0.3815565464104633,-0.019017721402007446,0.11666081457827876
2023-04-28,191779.0,-0.049135299615627355,0.06868272033404631,0.9116274461750243,0.3182517376772222,-0.024338893317876864,0.0,1.044608638067776,0.2205605797749719,-0.0036821015824597472,0.0242197522396978
2023-05-02,232917.0,-0.04481207358345357,0.0648110575746535,0.9141367955108473,0.26299926583289324,-0.015123608382449194,0.3092217399331092,1.0723777139496045,0.19433849952330817,0.004323226032173784,-0.055252471844328965
2023-05-03,265714.0,-0.03731102945310196,0.06226859789288793,0.8887412782164282,0.22209593773756747,-0.003433973643078958,0.27902933228960464,0.9317875610618936,0.13173837545535072,0.00750104413035161,-0.040903328095325764
2023-05-04,184204.0,-0.05323343629837932,0.07130996615838095,0.9244804673079846,0.3391511584981868,-0.03901779931232119,0.4414236390089249,0.8042116349264945,-0.3663767032705092,-0.015922406845277362,0.1170552207606193
2023-05-05,216349.0,-0.0491254397185168,0.06869676652334727,0.9154283125875322,0.29585530785906106,-0.040065736298378285,0.40367184502817205,0.9332513670042385,0.16084900540813152,0.004107996579862522,-0.04329585063912572
2023-05-08,244887.0,-0.04764012310009796,0.06725484014211322,0.8823253173912866,0.2890026828700584,-0.04455981915428253,0.3916255252422546,0.7905237926063858,0.1239040351380396,0.0014853166184188443,-0.006852624989002631
2023-05-09,262545.0,-0.04649574936694848,0.06638986589240095,0.9336570873564531,0.2702965205964692,-0.04626868518600946,0.3883410462968253,0.7761145708354759,0.06962561625270958,0.0011443737331494758,-0.018706162273589233
2023-05-10,273713.0,-0.04181563692252377,0.06544297442351783,0.8753584959428307,0.24570261551332964,-0.04102863104919141,0.4104920117056917,1.1578478187006098,0.041657616267539055,0.0046801124444247125,-0.02459390508313955
2023-05-11,206831.0,-0.043740420016512106,0.07262103549813502,0.8499499591453892,0.2662995392373484,-0.033171249864643926,0.7329655612553244,0.9314464466158361,-0.28017807749034773,-0.0019247830939883373,0.02059692372401875
2023-05-12,229552.0,-0.04126932947688195,0.07031583870356464,0.8714191120094793,0.2551273785460375,-0.0066028656282011156,0.7263452289677285,0.9523724472015055,0.10422754866793404,0.0024710905396301552,-0.011172160691310884
2023-05-15,249292.0,-0.03802923432137019,0.06864285324239079,0.8138809107392134,0.2401521107777225,-0.004849742004064517,0.715093143783194,0.7988543555348747,0.0824953168070035,0.0032400951555117616,-0.01497526776831501
2023-05-16,282799.0,-0.04358008794797508,0.06617100431678347,0.9036276648785887,0.2398806219258201,-0.01747491052003647,0.6996135064126818,1.1631582855667806,0.12611149778523512,-0.0055508536266048875,-0.00027148885190239613
2023-05-17,377742.0,-0.04609397220875521,0.06138161958420456,0.9421192242324126,0.292024715281859,-0.014146681159338481,0.6664231141890496,1.4944883015391457,0.2894750249525213,-0.0025138842607801345,0.05214409335603892
2023-05-18,191723.0,-0.062004905381585824,0.08007834614820031,0.9765338535282674,0.3513558623639313,-0.024958576265628585,0.0,1.125832581380429,-0.6781598009120522,-0.015910933172830613,0.059331147082072266
2023-05-19,221496.0,-0.05961807237360759,0.07665605928260645,0.9649790515404342,0.34851193701014915,-0.029361505342839433,0.0,0.6528740925344024,0.14435290864264338,0.002386833007978234,-0.0028439253537821396
2023-05-22,233973.0,-0.05704103856246274,0.07669760877944559,0.9525757245494139,0.3346240805563035,-0.017359366511978003,0.0,0.6468695105845547,0.05480119345361345,0.002577033811144852,-0.01388785645384566
2023-05-23,253798.0,-0.054762323327365275,0.07570972358306255,0.9298970047045289,0.32463612794427066,-0.005437968671913818,0.0,0.9951930275258276,0.08133295094359205,0.002278715235097463,-0.009987952612032835
2023-05-24,296197.0,-0.049193423876423635,0.07160141170915153,0.962838921393532,0.308531146500471,-0.003670946549730991,0.0,1.1446165896346012,0.15448609846212058,0.00556889945094164,-0.016104981443799682
2023-05-25,197721.0,-0.06979490848923209,0.08293218208629533,0.9676412722978338,0.45053889065906,-0.06702676160078569,0.0,1.123714729340839,-0.4041678274074503,-0.020601484612808453,0.14200774415858902
2023-05-26,251999.0,-0.06563981363914592,0.07672302154781965,0.9803213504815496,0.4194659502617074,-0.030599725538547284,0.0,1.0131786237246974,0.24256817316632073,0.004155094850086166,-0.03107294039735259
2023-05-29,275882.0,-0.06468176153742482,0.07647632757895118,0.9570939749603091,0.44525920502243715,-0.008192927513930304,0.0,0.8094475174168666,0.09054811881601132,0.0009580521017211047,0.025793254760729745
2023-05-30,297207.0,-0.05947307974045988,0.0753414726085402,0.9409468821393844,0.3719427873502307,-0.007383860903798167,0.0,0.7784675327297136,0.07445562766349312,0.005208681796964938,-0.07331641767220648
2023-05-31,344065.0,-0.05082183233609833,0.07226041821997663,0.8743260721084679,0.3368985511458591,-0.0017467923199042668,0.0,1.3060090389897259,0.1464017272832212,0.008651247404361552,-0.03504423620437158
2023-06-01,212656.0,-0.0679241750755547,0.08378634117489797,0.9402274095252426,0.4224663305996539,-0.09160552667197586,0.5122451282822963,0.6066652245880672,-0.48115475633333027,-0.017102342739456378,0.08556777945379479
2023-06-02,252448.0,-0.06754777797292856,0.08178016485635181,0.9635528901001394,0.4093120167321587,-0.01837024321074332,0.431645328939029,1.0015409113956142,0.17152945023370236,0.00037639710262614423,-0.01315431386749516
2023-06-05,275139.0,-0.06475664360050289,0.08323149482139416,0.9432686751060373,0.3818651663341075,-0.012829034552778618,0.4182504116101316,0.74339879115647,0.08607113760022678,0.0027911343724256743,-0.027446850398051226
2023-06-06,298255.0,-0.06239998434446423,0.08148662296269324,0.9579520879784077,0.3700122378501618,-0.009644629469873545,0.39146703324336557,0.7600207875810967,0.08067240078394278,0.0023566592560386596,-0.011852928483945702
2023-06-07,361055.0,-0.059512541587764305,0.07738436393509475,0.9789256484469125,0.3578457575715611,-0.0013284104930246787,0.336884962124884,1.1308858761130576,0.19108147600188907,0.002887442756699922,-0.012166480278600678
2023-06-08,221215.0,-0.0710143348089818,0.09148374663803427,0.8981488597066203,0.40726442601089435,-0.10360476380284322,0.5921207874692042,0.9050697285446285,-0.4898952220147841,-0.011501793221217492,0.049418668439333235
2023-06-09,258770.0,-0.0712049510486883,0.08732369990485798,0.9533369401398926,0.4250995092166789,-0.022882319499715864,0.5416470224523708,0.6631139622058199,0.1568045569945351,-0.0001906162397065092,0.01783508320578453
2023-06-12,295411.0,-0.06785045651833149,0.08463783048854708,0.9663756596741488,0.41122368496772294,-0.009163468564826305,0.5112064208848012,0.6873271476011388,0.13242797076935808,0.0033544945303568136,-0.013875824248955948
2023-06-13,331586.0,-0.07132472717373799,0.08330951547822411,0.9671276833159421,0.4301025978177607,-0.012580881242521658,0.4922101656885393,1.1529708733179327,0.11551959578040538,-0.0034742706554064945,0.018878912850037788
2023-06-14,369406.0,-0.06548988771389672,0.08160267356788162,0.9502688099272887,0.3908545069652361,-0.0022125356912056082,0.4837441730778601,0.9164550657000698,0.10800910736047342,0.005834839459841271,-0.03924809085252462
2023-06-15,260874.0,-0.08712206495686882,0.09070314502681912,0.978430200019933,0.523524766745632,-0.019323933457090825,0.8425025107906499,0.6577619847129266,-0.3478587780521831,-0.021632177242972103,0.13267025978039587
2023-06-16,289369.0,-0.07836104825877065,0.08855894972754846,0.961934415918775,0.4755865348395993,-0.025386794193503204,0.826664224571395,0.5771143418956419,0.10366515814774324,0.008761016698098173,-0.04793823190603269
2023-06-19,313885.0,-0.07223323385046794,0.08694126694490836,0.9565414084776271,0.4393615496121191,-0.01010503306596533,0.8204820236710897,0.6228650620450165,0.08132398650275618,0.006127814408302706,-0.03622498522748019
2023-06-20,320506.0,-0.06624998026722874,0.08692627386125956,0.9059268781239664,0.4037085109171123,-0.004940962739985233,0.7963407861319289,0.9233056479441882,0.0208743201472803,0.005983253583239201,-0.0356530386950068
2023-06-21,357827.0,-0.0625590750943644,0.08393022434869392,0.964018925346606,0.3770425373155184,-0.005952657768683478,0.7501697747794325,0.8369659081064313,0.11014863244472828,0.003690905172864342,-0.026665973601593895
2023-06-26,148977.0,-0.04302251421024952,0.06024650313874695,0.9105566631090706,0.28983668619988323,-0.009334530729387835,0.0,1.224591715499708,-0.8762576977648031,0.01953656088411488,-0.08720585111563517
2023-06-27,174369.0,-0.03283703725915851,0.05819673980592238,0.7299233235265443,0.231738439745597,-0.011126309369430265,0.0,1.6465885564521217,0.15738181176724098,0.01018547695109101,-0.05809824645428624
2023-06-28,222047.0,-0.03356513462851485,0.05340879927570249,0.8710948582957662,0.21006363517633656,-0.002103848513459572,0.0,1.421613442199174,0.24171532779473992,-0.0007280973693563411,-0.021674804569260436
2023-06-29,171713.0,-0.04785643136056264,0.05596575402234957,0.9488099328530746,0.29995399299994757,-0.03200864109359414,0.0,1.2530443239591644,-0.25706459268521975,-0.014291296732047792,0.08989035782361102
2023-06-30,200375.0,-0.0452645023267413,0.05385401159991856,0.9576943231441049,0.2861983780411728,-0.03047730075421773,0.0,0.9557729257641921,0.15436613243870845,0.0025919290338213413,-0.013755614958774753
2023-07-03,243753.0,-0.04619095591239965,0.0528946699746469,0.9649399186881803,0.31180744442119684,-0.04004869996839189,0.2791637436257195,1.1675876809721317,0.19596480656480786,-0.0009264535856583489,0.025609066380024026
2023-07-04,268166.0,-0.04505913104030447,0.05219449898470216,0.9488674925232878,0.28340654669122856,-0.008212583215339797,0.27221198809692504,0.9737625202300068,0.09545077425055304,0.0011318248720951773,-0.02840089772996829
2023-07-05,286729.0,-0.040252698966259284,0.050747375283806885,0.9387330894328791,0.2826745812247802,-0.0033084297241567917,0.28281408577437234,1.1129707842597016,0.06693132705777494,0.004806432074045186,-0.000731965466448381
2023-07-06,183748.0,-0.03812194259895697,0.05936451545807558,0.8265613775388031,0.26087902997583645,-0.003708946991946682,0.44151773080523327,1.3537507891242353,-0.44497226512288357,0.002130756367302311,-0.021795551248943723
2023-07-07,216158.0,-0.032990069440590644,0.055203382327586134,0.7986195283079969,0.22482628447709546,-0.009854052487336618,0.3885953793058781,1.0485478215009392,0.16244436808348972,0.005131873158366329,-0.03605274549874099
2023-07-10,243749.0,-0.030829455792576038,0.052709479388283076,0.8146330856741977,0.2094818850538874,-0.009175634127594146,0.3633902087803437,1.205453150577028,0.12012938554197916,0.002160613648014606,-0.01534439942320806
2023-07-11,296359.0,-0.03851171532700143,0.04945780612319446,0.9136182805313825,0.24673116051815536,-0.011770581652899459,0.3325999885274279,1.3036452410758572,0.1954325499627938,-0.00768225953442539,0.037249275464267956
2023-07-12,334430.0,-0.03841120363883169,0.048058615905989234,0.9565080883891995,0.2549053613611219,-0.00365699152754706,0.3496187542983584,1.1301438268097959,0.12085603283701118,0.00010051168816974099,0.00817420084296655
2023-07-13,225198.0,-0.04574185888355429,0.058247367415097694,0.8953454293555005,0.3128002912992123,-0.027043501705604545,0.7829865274114335,1.344967539676196,-0.3954475748738169,-0.007330655244722602,0.05789492993809037
2023-07-14,251424.0,-0.0526659124557251,0.05661985162324881,0.9674334987908871,0.3669379215985745,-0.016414878518558718,0.7920922425862288,0.9154694858088329,0.11016074176198387,-0.00692405357217081,0.05413763029936225
2023-07-17,271590.0,-0.05152933423932905,0.0556916324435922,0.9675135314260466,0.3477153061600206,-0.01928489716048365,0.7896461578114069,0.7410545307264627,0.0771528191620483,0.0011365782163960461,-0.019222615438553914
2023-07-18,275790.0,-0.04489107377942135,0.056054636958876414,0.9233619783168353,0.2914318865803691,-0.00742458023056769,0.763519344428732,1.3277965118387178,0.01534613038831445,0.006638260459907702,-0.056283419579651495
2023-07-19,285664.0,-0.03973471744916902,0.055853023021375375,0.8669975915761174,0.26321482580934247,-0.0009604800998337382,0.6964475747731601,1.7525974571524587,0.035176588453177615,0.005156356330252333,-0.028217060771026647
2023-07-20,137618.0,-0.049193670591352934,0.0636275538228447,0.9477975264863608,0.31886817131479894,-0.027083773912911724,0.0,1.0825836736473426,-0.7303345640996195,-0.009458953142183917,0.055653345505456475
2023-07-21,166474.0,-0.04241038623315153,0.06026429373404203,0.8960498336076504,0.24850126746518975,-0.019417874779075528,0.0,1.2747936614726625,0.19035741017336782,0.006783284358201407,-0.0703669038496092
2023-07-24,186669.0,-0.04033628490988638,0.0576653689021667,0.9040547707439371,0.22996855396450402,-0.013714650036017018,0.0,1.3472081598980012,0.11449785391226186,0.0020741013232651456,-0.01853271350068572
2023-07-25,227995.0,-0.04127277644175128,0.05485049516631769,0.9079497357398189,0.2584881247395776,-0.005749789666658733,0.0,1.5151735783679467,0.1999867039064558,-0.000936491531864897,0.028519570775073583
2023-07-26,255508.0,-0.036636827861546484,0.05277575166018038,0.9194389216775991,0.24070087825038747,-0.0007312433175722388,0.0,1.5346799317438202,0.11393002141875641,0.004635948580204795,-0.01778724648919014
2023-07-27,168749.0,-0.05133532763838716,0.06097525583994139,0.9430159586130881,0.3311130732626564,-0.025624905027427536,0.0,1.186211473845771,-0.4148413164990181,-0.014698499776840679,0.09041219501226891
2023-07-28,202573.0,-0.048337255964523415,0.05753607658566715,0.9382889131325497,0.3239177975347159,-0.0169392925316878,0.0,1.0926283364515508,0.18268791160231146,0.0029980716738637475,-0.007195275727940487
2023-07-31,216662.0,-0.038333683395498606,0.0569900210098175,0.8436735560458225,0.2368943331087131,-0.008482143638275597,0.0,1.7927186124008825,0.06723822011661085,0.010003572569024809,-0.08702346442600278
2023-08-01,246839.0,-0.03879197006578027,0.054183183781212896,0.9207216039604763,0.24147723819979824,-0.012366909179003738,0.2846713849918368,1.1386369252832818,0.13039776670932213,-0.0004582866702816657,0.004582905091085138
2023-08-02,243207.0,-0.025564076792207555,0.054683418060664915,0.6947291813146825,0.18263454588066955,-0.005548212265734098,0.28239318769607785,2.378122340228694,-0.014823369664870967,0.013227893273572718,-0.0588426923191287
2023-08-04,178614.0,-0.03933328519628871,0.059573517077326485,0.8524919659153258,0.27537035170815277,-0.02634103711302993,0.3993248009674494,1.0542958558679612,-0.3086858797442602,-0.013769208404081155,0.09273580582748323
2023-08-07,232360.0,-0.04142811229651071,0.05425004096785098,0.9126872095024962,0.2577207781029437,-0.017415862555895556,0.3482914443105526,1.2649380271991737,0.26306084029606325,-0.002094827100221998,-0.01764957360520908
2023-08-08,251263.0,-0.033981985796380516,0.05313039287630615,0.8624270187015199,0.22140943951158745,-0.010491750049031023,0.35089129716671374,1.3196053537528407,0.0782123062039517,0.0074461265001301916,-0.03631133859135624
2023-08-09,296945.0,-0.030950775636185337,0.049928467060667225,0.8810284732862989,0.1979962619340282,-0.010132215513776854,0.3626631194328916,1.6454562292680464,0.16704673714033724,0.0030312101601951795,-0.023413177577559258
2023-08-10,185983.0,-0.03152222552113116,0.06065127556694206,0.7574885876666146,0.20438964851626223,-0.008097531064581887,0.761300764048327,1.2261497018544705,-0.46789166478192,-0.0005714498849458231,0.00639338658223404
2023-08-11,213757.0,-0.028409541080387672,0.05726884459022396,0.77663421548768,0.16553843850727695,-0.006098938332956827,0.7636334716523904,0.9414241404959838,0.139184584131959,0.003112684440743488,-0.03885121000898528
2023-08-14,220698.0,-0.019628063302914313,0.05680190774501301,0.6132361870066788,0.14344941956882257,-0.011813103358249477,0.7410579162475419,1.3402477593815985,0.03195539532775449,0.00878147777747336,-0.022089018938454386
2023-08-15,243921.0,-0.023295161584412392,0.055620884891081565,0.7086269734873176,0.15816186388215855,0.002746918832194911,0.7224019252134912,1.1405742023032048,0.10004915123000302,-0.003667098281498079,0.014712444313335987
2023-08-16,278175.0,-0.025058316064638462,0.053749153188974774,0.7542697941943022,0.16818189988316706,-0.008924543284460462,0.6718037206794284,1.5881585332973847,0.13140600966734617,-0.0017631544802260701,0.010020036001008509
2023-08-17,155979.0,-0.04516757489765881,0.06544423247580315,0.9034934189858891,0.2467383429820681,-0.03128114279763583,0.0,1.5480417235653519,-0.5785290292403058,-0.02010925883302035,0.07855644309890103
2023-08-18,191454.0,-0.0343297186087049,0.06143714082121772,0.8207350068423747,0.18250859214223783,-0.023277137176452856,0.0,1.3841758333594492,0.20492618808518515,0.01083785628895391,-0.06422975083983026
2023-08-21,212541.0,-0.033158700415367656,0.05941029236288404,0.825313704179429,0.17625305235225203,-0.02328786941847172,0.0,1.1312029208482128,0.10448734004154403,0.0011710181933372449,-0.006255539789985803
2023-08-22,232965.0,-0.034672921655183306,0.05752603556623779,0.8614341210053013,0.2052497156225184,-0.008371655003373446,0.0,1.124357736140622,0.09175331675989717,-0.0015142212398156496,0.02899666327026637
2023-08-23,307290.0,-0.037199713509741064,0.05207920871409102,0.9388395326889909,0.21447492596570014,-0.004638985576314147,0.0,1.5280972371375574,0.27690369942646953,-0.0025267918545577583,0.009225210343181744
2023-08-24,197773.0,-0.055665058403960035,0.06337977165253583,0.9505999302230335,0.3578698811263418,-0.045964818760147796,0.0,1.2875063835811764,-0.4406720187618056,-0.01846534489421897,0.14339495516064169
2023-08-25,216038.0,-0.03927989976430893,0.06246322185949013,0.8345568835112341,0.26037086068191706,-0.004949768165430801,0.0,1.0048278543589553,0.08833440978219187,0.016385158639651107,-0.09749902044442477
2023-08-28,241548.0,-0.03861384864425755,0.05980406562122855,0.8840023514994949,0.23695083378872936,-0.012675310704416742,0.0,0.7591286203984301,0.11161389296995416,0.0006660511200513794,-0.0234200268931877
2023-08-29,259017.0,-0.04272220314945069,0.05827434554108813,0.9228390414528777,0.24238563491971568,-0.013453724061803563,0.0,1.0369705463347965,0.06982548550426237,-0.004108354505193139,0.005434801130986322
2023-08-30,329326.0,-0.040284554382016495,0.05465094474672472,0.9377698693695609,0.23746075317466583,-0.0011854194602572976,0.0,1.0872357481644328,0.24015444501420546,0.002437648767434193,-0.004924881745049847
2023-08-31,183984.0,-0.04899213756170114,0.06709313910726877,0.9091986259674755,0.3226421862770676,-0.03814419541062519,0.0,0.8276426210974868,-0.5821993443190525,-0.008707583179684647,0.08518143310240175
2023-09-01,212099.0,-0.04476527940589676,0.06410151595868296,0.8990895760941824,0.28894525669616544,-0.0387469104724919,0.4353910202311185,0.7452840418861003,0.14220434949602279,0.004226858155804383,-0.033696929580902146
2023-09-04,242994.0,-0.047860488819095624,0.061313657698322435,0.9416076117105772,0.29651760948830014,-0.011298004906582504,0.40085351901693045,0.9810324534762175,0.13598360487535466,-0.0030952094131988656,0.007572352792134696
2023-09-05,259908.0,-0.04563102185824006,0.06008766338839574,0.9364775228157656,0.2800452467796297,-0.01141105587850122,0.38738322791141483,0.6295073641442357,0.06729097056567213,0.002229466960855561,-0.01647236270867042
2023-09-06,293438.0,-0.03967173839882079,0.05769706783420828,0.9030664058506397,0.26037868306081696,-0.002279820482060102,0.3505646848738064,1.0083731486719512,0.12133865109813335,0.005959283459419276,-0.019666563718812757
2023-09-07,207695.0,-0.0447328657987433,0.06461269438326936,0.9014323888394039,0.2527407978044729,-0.03725463531807294,0.5043982763186403,0.6804111798550759,-0.3455957159316636,-0.00506112739992251,-0.007637885256344068
2023-09-08,240248.0,-0.0395764383431836,0.06119378928256373,0.8734640871099864,0.22575838300422896,-0.010618954369022271,0.46487379707635446,0.6090040291698579,0.14560106574411158,0.005156427455559699,-0.026982414800243937
2023-09-11,246445.0,-0.03152686153146421,0.061095312961700524,0.7734545233216337,0.20818032421027005,-0.0020051177664388575,0.45277851041814604,0.8987481993954026,0.02546712170074983,0.008049576811719389,-0.017578058793958906
2023-09-12,277003.0,-0.03660571154275828,0.05809169680968403,0.8856041270311152,0.20330826741948643,-0.010421349314626238,0.43537795619542025,0.9960108735284455,0.1168894915989096,-0.005078850011294073,-0.004872056790783619
2023-09-13,317222.0,-0.0340534585828705,0.05524746679127342,0.886760691250922,0.1883003070404953,-0.004915716361175715,0.44630574172030946,1.1344295162378397,0.1355735077746516,0.0025522529598877852,-0.015007960378991131
2023-09-14,243539.0,-0.05242865070989684,0.0627851896062358,0.9633652105001663,0.3083366524458095,-0.03614801910568821,0.811697510460337,0.9672660231010228,-0.26432475025948676,-0.018375192127026346,0.12003634540531419
2023-09-15,261610.0,-0.05480982996099728,0.06165241851263276,0.9748862811054624,0.3633958946523451,-0.018965871832027914,0.803975383204006,0.7267764993692901,0.07157775118336751,-0.002381179251100436,0.05505924220653563
2023-09-18,274693.0,-0.04169422098994697,0.061817290297690924,0.8377352171333088,0.25694866632932034,-0.005883254762178658,0.7780649670723316,0.6048461373242129,0.048799265280040416,0.01311560897105031,-0.10644722832302478
2023-09-19,276245.0,-0.03971703107813833,0.06213033922796836,0.8354033557168455,0.267150536661297,-0.002183175125268111,0.734047675071042,0.8160437292982679,0.005634042688479113,0.0019771899118086397,0.01020187033197667
2023-09-20,291486.0,-0.03466243462162648,0.06148448893132646,0.7852795674577853,0.23408328358823408,-0.002101634436565414,0.6672498850716673,1.3616468715478616,0.053703824072286466,0.005054596456511851,-0.033067253073062935
2023-09-21,151640.0,-0.026362060999880473,0.05337375631633052,0.7567594302294909,0.1721775257188077,-0.013279057552797235,0.0,1.3485360063307834,-0.6534826865448036,0.008300373621746005,-0.06190575786942637
2023-09-22,189011.0,-0.029103341179240242,0.04897799457107497,0.8115929760701758,0.17576225722312458,-0.014957955224026653,0.0,0.8860701229028999,0.2202959237760922,-0.002741280179359769,0.0035847315043168737
2023-09-25,228459.0,-0.03227280816356305,0.045314943714967255,0.9068191666776095,0.1952078928823115,-0.009252849005879416,0.0,0.9725289876958229,0.18955154873814095,-0.00316946698432281,0.019445635659186916
2023-09-26,230982.0,-0.022977065739051544,0.046115898755540376,0.7482964040488004,0.13377232857971616,-0.001601738011694498,0.0,1.1517910486531417,0.010983022245421026,0.009295742424511508,-0.061435564302595336
2023-09-27,267786.0,-0.02495607774660668,0.04335902428087585,0.8676368443458583,0.12881554674254816,-0.006766251633930853,0.0,1.3575952439634633,0.14784836866348172,-0.001979012007555136,-0.004956781837167995
2023-09-28,166908.0,-0.03814851223808343,0.050636253837557085,0.9090157452009491,0.25385841301795004,-0.02163052610595495,0.0,1.073136098928751,-0.4727453916582771,-0.013192434491476751,0.12504286627540187
2023-10-02,229082.0,-0.03956134031402242,0.04668447352654942,0.9572816720650248,0.2649095083856436,-0.009500939464200497,0.2962650928488489,1.1525741874088755,0.3166372556490238,-0.0014128280759389891,0.011051095367693553
2023-10-03,240901.0,-0.032533044532084596,0.04641501270330731,0.8960361310247779,0.2137434049671857,-0.0033024721745144037,0.2807709390994641,1.0244166690881316,0.05030604265023442,0.007028295781937824,-0.0511661034184579
2023-10-04,268252.0,-0.0231076878435206,0.04467622675209616,0.7676065788885078,0.14511727778357664,-0.004509204602854422,0.2608778312929633,1.6399691335013347,0.10754077650235594,0.009425356688563997,-0.06862612718360905
2023-10-05,198476.0,-0.04075730654760902,0.04955073834596865,0.9381940385739334,0.26496402587718415,-0.02756370673266273,0.4187307281484915,1.0060359942763861,-0.30125865119818585,-0.017649618704088422,0.11984674809360751
2023-10-06,218779.0,-0.04198810993559902,0.04835200375255885,0.9562389443228098,0.24638105119778406,-0.031510413986926555,0.4084807042723479,0.7170615095598755,0.09739390186305741,-0.0012308033879899968,-0.018582974679400094
2023-10-11,280163.0,-0.04044775301321128,0.04801965912451522,0.9181298030075349,0.2869579494794102,-0.0013213747815952193,0.40901189664588117,1.412888211505445,0.24730948876749181,0.0015403569223877353,0.04057689828162617
2023-10-12,208136.0,-0.0527954045225866,0.056211720893348645,0.9695823884383288,0.3593563823653765,-0.04908560666258166,0.7769823576892032,0.9394626590306339,-0.2971798644560728,-0.01234765150937532,0.07239843288596626
2023-10-13,228307.0,-0.0481892966602582,0.0553211949285784,0.9404924071535258,0.3239716697254136,-0.04662992616744632,0.7564288436184611,0.6492573596078964,0.09249950228522508,0.004606107862328401,-0.0353847126399629
2023-10-16,253791.0,-0.03982834324374035,0.05362246008843205,0.9120969616731878,0.2777718674027054,-0.003137115487165776,0.7219168528434814,0.7887434936621078,0.10581987918249958,0.008360953416517852,-0.046199802322708206
2023-10-17,270190.0,-0.03934133443896894,0.05414471328197107,0.8635959880084385,0.2795625300714312,-0.002556699544240426,0.6804507938857841,0.850416373662978,0.06261432156010116,0.00048700880477140635,0.001790662668725851
2023-10-18,292389.0,-0.02884729764323967,0.05282379853359109,0.6940411574990851,0.2103328100578339,-0.002488305087735454,0.5908464408715787,1.6705211208355992,0.07895969225021915,0.010494036795729272,-0.06922972001359731
2023-10-19,167863.0,-0.044759091672996,0.06026499883835321,0.8747073506371267,0.29789769037846336,-0.015360976567414641,0.0,0.7896856365011944,-0.554936936937743,-0.01591179402975633,0.08756488032062945
2023-10-20,206799.0,-0.04279665833575621,0.056159820708941516,0.8824945962021093,0.28906812895613615,-0.014641694524327509,0.0,1.055948046170436,0.2085991365014408,0.001962433337239791,-0.008829561422327215
2023-10-23,227770.0,-0.03233984333110203,0.055149336433716084,0.8010712560916714,0.2082451595908153,-0.015467013222278059,0.0,0.7154058919085042,0.096589040839131,0.010456815004654181,-0.08082296936532085
2023-10-24,265531.0,-0.034605227833451824,0.05279727200583004,0.8698155770889274,0.19295675457856146,-0.018992308899701826,0.0,1.24626503120163,0.15339524682283212,-0.002265384502349796,-0.015288405012253842
2023-10-25,327206.0,-0.03431661332002923,0.05100926657028809,0.8669645422149961,0.22197942580515026,-0.00971276168493096,0.0,1.3393275184440383,0.20885834727417318,0.00028861451342259564,0.029022671226588803
2023-10-26,204850.0,-0.03720364114819677,0.05971814476428173,0.7595850622406639,0.2574225042714181,-0.02325158923809889,0.0,0.9012399316573102,-0.46831193797589776,-0.002887027828167542,0.03544307846626785
2023-10-27,246451.0,-0.03919930865971896,0.05552323233615508,0.8318326969661312,0.2821169319661921,-0.026936504817903884,0.0,0.6598877667365927,0.18488518676845267,-0.0019956675115221922,0.02469442769477398
2023-10-30,262483.0,-0.039668000161737105,0.05485686455928848,0.8354102932380383,0.2767264927633409,-0.00926829509934568,0.0,0.8006956641001512,0.06302312726844228,-0.0004686915020181426,-0.005390439202851205
2023-10-31,262079.0,-0.031365220677639014,0.05566486629918115,0.7876479992673965,0.23969108551238366,-7.936870010949448e-05,0.0,1.0992868562532672,-0.0015403330011647398,0.008302779484098091,-0.03703540725095722
2023-11-01,319005.0,-0.030337095277377137,0.051575508861053755,0.7999811915173743,0.20622560774909485,-0.0024042058638680253,0.3116252096362126,1.2099747652858106,0.1965607916145906,0.001028125400261877,-0.033465477763288815
2023-11-02,250132.0,-0.05347640950257492,0.05737165418185291,0.9151128204308125,0.3543928805590648,-0.04250485608604049,0.4317080581452993,1.0201213759135177,-0.24321799812390665,-0.023139314225197785,0.14816727280996997
2023-11-03,295057.0,-0.05275993350726765,0.05655185653598372,0.9639730628319274,0.34274733356605674,-0.01257901639542891,0.41196107870682613,0.7121708686796111,0.1651797794948635,0.0007164759953072683,-0.011645546993008071
2023-11-06,355426.0,-0.05110748257848921,0.055312280394231826,0.9402125899624676,0.37202118021754177,-0.020983389151294718,0.3900193007827227,0.8291683782278167,0.1861485120367412,0.0016524509287784428,0.029273846651485025
2023-11-07,367409.0,-0.051113455342045006,0.05545678670409151,0.9516424475176166,0.3723098780922623,-0.005091414718054299,0.3892664578167655,0.5909735471912773,0.03315859889171513,-5.972763555794902e-06,0.00028869787472052266
2023-11-08,422316.0,-0.04805040154235143,0.054104579190639976,0.952104585192131,0.3478722094355885,-0.0024389471728702983,0.4051871110732248,0.9289607781850557,0.13927818003707948,0.0030630537996935783,-0.024437668656673794
2023-11-09,268140.0,-0.060647340741819586,0.06319530619489365,0.9490862982024315,0.417255911091221,-0.020641181441150458,0.7568508987842172,0.5409748638770792,-0.45424461680627815,-0.012596939199468159,0.06938370165563251
2023-11-10,288458.0,-0.05416992951107002,0.06235844245274987,0.9201582206075061,0.35527529137690755,-0.01694393043799336,0.7374002454430107,0.6392923753198039,0.0730402625876021,0.006477411230749568,-0.061980619714313456
2023-11-13,321818.0,-0.05565480575881385,0.06369903991883172,0.9180375243149855,0.3557227998433897,-0.008271726420769565,0.7257518224586568,0.8819860915175658,0.10943667359652132,-0.0014848762477438285,0.0004475084664821716
2023-11-14,347952.0,-0.05506702407483026,0.06359013630948257,0.9375546052329057,0.3726232353887893,-0.012752051199742653,0.7237636225686301,0.661160160022072,0.0780783708690933,0.0005877816839835875,0.01690043554539955
2023-11-15,423434.0,-0.05505898321768262,0.06155825292991245,0.9592569326034281,0.3723154021642098,-0.004599276772776495,0.678089147305129,1.0451617017055788,0.19633311856467195,8.040857147638414e-06,-0.00030783322457950124
2023-11-16,194718.0,-0.06465815205639726,0.07569969803674235,0.951771279491367,0.3943240994669214,-0.009969029501758153,0.0,0.7434597725942131,-0.776845299763421,-0.009599168838714638,0.0220086973027116
2023-11-17,241398.0,-0.05961599049663104,0.07161344084021368,0.9728581015584222,0.34617933868549033,-0.012141937770753009,0.0,0.6991731497361204,0.21489466559708603,0.005042161559766216,-0.04814476078143104
2023-11-20,259263.0,-0.05745508639912535,0.0709977616221384,0.9714768401198782,0.32738956195060614,-0.012229183746870431,0.0,0.6352738339061108,0.07139596687549066,0.0021609040975056892,-0.01878977673488419
2023-11-21,296088.0,-0.0600850160901845,0.06945172759110481,0.9762435492150983,0.37068371565210345,-0.02392531306160184,0.0,1.1501479289940828,0.13281371693681443,-0.0026299296910591435,0.04329415370149731
2023-11-22,316770.0,-0.05248547053270227,0.06829591134032331,0.9502604413296714,0.3072986709600025,-0.0034811724376178077,0.0,0.9629510370300218,0.0675192510492586,0.007599545557482226,-0.06338504469210093
2023-11-23,220400.0,-0.06622095750493998,0.07670861777196711,0.9390970961887477,0.4091016333938294,-0.014140292751184558,0.0,0.6216243194192378,-0.36273188120777355,-0.013735486972237705,0.10180296243382686
2023-11-24,243602.0,-0.06138540374218845,0.07447332337958394,0.9328905345604716,0.3698450751635865,-0.013733686113948651,0.0,0.4027676291656062,0.10009166870390374,0.004835553762751528,-0.03925655823024288
2023-11-27,256183.0,-0.05083214619252658,0.0739399459569143,0.8183915404222762,0.298802028237627,0.0036516581842542806,0.0,0.9368966715199681,0.050356286867803135,0.010553257549661868,-0.07104304692595947
2023-11-28,302300.0,-0.0537261756791483,0.07033712702691935,0.9315448230234866,0.3064273900099239,-0.008145318244071165,0.0,1.1365894806483625,0.1655278689349462,-0.0028940294866217214,0.00762536177229689
2023-11-29,349240.0,-0.04919143676441889,0.06701586644011115,0.9501803917077082,0.3108464093460085,-0.0040620452075236235,0.0,1.0101878364448518,0.14433946315719481,0.004534738914729414,0.004419019336084573
2023-11-30,256154.0,-0.06558530724286543,0.07339247693548172,0.9731841001897296,0.40241026882266134,-0.016281544237216616,0.0,0.6183467757677023,-0.30998053882923315,-0.016393870478446544,0.09156385947665285
2023-12-01,289536.0,-0.060149434494986026,0.07101776356119059,0.9678105658709107,0.36059764588859416,-0.016535394690437966,0.4539919042882405,0.5184571175950486,0.12250081550017278,0.0054358727478794056,-0.04181262293406718
2023-12-04,318144.0,-0.05475516092533777,0.0693702771098518,0.9552781130557232,0.326943145242406,-0.015583061829419709,0.4235660581371957,0.5536800945483806,0.09422446885866087,0.005394273569648257,-0.03365450064618819
2023-12-05,316027.0,-0.05090727857479688,0.06943692679816729,0.9237280358956671,0.2962784825347201,-0.007387461110652582,0.4346558996541435,0.7036012745746407,-0.00667645749736856,0.003847882350540892,-0.030664662707685864
2023-12-06,356896.0,-0.04793104260017538,0.0674056916891926,0.9191725320541558,0.26377432081054425,-0.0006174859107226371,0.38826436833139066,0.9874361158432708,0.12161676983728853,0.0029762359746214953,-0.03250416172417586
2023-12-07,251000.0,-0.059775872140448286,0.074888386478606,0.901605577689243,0.37095617529880476,-0.027706881404546913,0.5709760956175299,0.5573545816733068,-0.3519914836803437,-0.011844829540272904,0.10718185448826051
2023-12-08,297351.0,-0.05700411911149965,0.07138590065567217,0.9294705583636846,0.34206375630147534,-0.013460085975659286,0.4867647998493363,0.6523267115294719,0.16946032005535194,0.002771753028948637,-0.028892418997329417
2023-12-11,321435.0,-0.05551496899277875,0.06983287724966877,0.9674428733647549,0.3161790097531383,-0.012535063616854414,0.4591068178636427,0.5039868091527059,0.07788208675601993,0.0014891501187208958,-0.025884746548337056
2023-12-12,337637.0,-0.054191154775220504,0.06955373302937591,0.9549960460494554,0.3018359954625826,-0.008631780056078231,0.4523408275751769,0.5851550629818415,0.04917600792971477,0.0013238142175582487,-0.014343014290555678
2023-12-13,369704.0,-0.0514155326868378,0.06775423892108999,0.9588752082747279,0.2798373834202497,-0.003945862740305284,0.45475299158245513,0.7091078268019821,0.09073133159463076,0.0027756220883827024,-0.021998612042332888
2023-12-14,282391.0,-0.06984071045830718,0.07687030488600734,0.9615072718323177,0.4343906144317631,-0.014337983505456009,0.7661681852466969,0.7852445722420333,-0.26941005004464813,-0.018425177771469382,0.15455323101151336
2023-12-15,322404.0,-0.06367599787395506,0.07545809000636328,0.9495167553752435,0.3837514422897979,-0.009837686935572076,0.7756479448145804,0.5001550849245047,0.1325127820805463,0.006164712584352125,-0.05063917214196517
2023-12-18,356153.0,-0.058215288539366486,0.07420382985869005,0.9540450312084975,0.3489174596311136,-0.008612607161895713,0.7774271169974701,0.4914236297321657,0.09955499630258657,0.005460709334588573,-0.034833982658684315
2023-12-19,357450.0,-0.05582503341768652,0.07545135839816201,0.9085074835641348,0.32904182403133303,-0.004355234673471098,0.7458273884459365,0.6847391243530564,0.0036350784068748254,0.0023902551216799656,-0.01987563559978056
2023-12-20,401703.0,-0.05310056588718789,0.07221232988524763,0.9394328645790547,0.3168510068383856,-0.007666485211395457,0.6893724965957436,0.8295108575240911,0.11671751738438374,0.0027244675304986324,-0.012190817192947456
2023-12-21,188765.0,-0.04357181133187214,0.06366069219503356,0.8725452281937859,0.2537069901729664,-0.013893274752133866,0.0,0.9282070299049082,-0.755210154427024,0.009528754555315745,-0.06314401666541919
2023-12-22,218654.0,-0.04477331866623609,0.06268732382307872,0.9037840606620505,0.25911714398090135,-0.011174298715151743,0.0,0.4910863739058055,0.14698771659866772,-0.0012015073343639437,0.00541015380793497
2023-12-25,253891.0,-0.04265546623697515,0.062176295983500565,0.9470008783296769,0.24136341973524073,-0.011635436618566253,0.0,0.49907637529491,0.14941446928709645,0.0021178524292609358,-0.01775372424566063
2023-12-26,282865.0,-0.046213523260723345,0.0605598366137166,0.9726972230569353,0.24285436515652342,-0.01981384349581705,0.0,0.8254220211054744,0.10806471096926629,-0.0035580570237481943,0.0014909454212826967
2023-12-27,356091.0,-0.04539064196779154,0.05821883563095329,0.9717768772589029,0.2284809220115083,-0.005114160355476072,0.0,0.8651496387159462,0.23021656413959946,0.0008228812929318083,-0.014373443145015125
2023-12-28,206720.0,-0.06454476588394827,0.0707921867866485,0.9770123839009288,0.4261029411764706,-0.028495782052520346,0.0,0.45692240712074306,-0.5438210955706122,-0.01915412391615673,0.19762201916496228
2023-12-29,231446.0,-0.06145027120872487,0.06869136426915261,0.9750006480993406,0.39550478297313413,-0.01287225730460595,0.0,0.49223576989881007,0.11298136438329998,0.0030944946752233943,-0.030598158203336445
2024-01-02,263673.0,-0.052369592863905426,0.06666066197660737,0.9566887773871424,0.3085147133001862,-0.00861219149355641,0.37579122625373096,0.8972515198749966,0.13036311406108503,0.009080678344819446,-0.08699006967294792
2024-01-03,265255.0,-0.04075976062401431,0.06648168581010484,0.7775423648941584,0.2589696706942376,-0.0005302030660658819,0.38705773689468626,1.6570733822171118,0.0059819284191835465,0.011609832239891114,-0.04954504260594861
2024-01-04,216085.0,-0.053130917084102676,0.06888308140208745,0.8723095078325659,0.32850035865515886,-0.008527235585894966,0.4912511280283222,0.45482564731471414,-0.20501977866322818,-0.012371156460088364,0.06953068796092127
2024-01-05,237001.0,-0.04870274177375987,0.06684408706530295,0.8786038877473091,0.3045345800228691,-0.006800562128049581,0.4644917110054388,0.5687359968945279,0.09239251174093432,0.0044281753103428065,-0.02396577863228977
2024-01-08,272158.0,-0.04655613968037157,0.06427511909728062,0.8696418991909112,0.2694280528222577,-0.009825490278648763,0.41625085428317377,0.8825608653796692,0.13831841946657875,0.0021466020933883015,-0.035106527200611415
2024-01-09,282351.0,-0.043435689966124166,0.06423882560520307,0.8259188031917719,0.26742246352943677,-0.0077266161367604,0.41754412061582924,0.9951903836005539,0.036768197814042836,0.0031204497142474016,-0.0020055892928209085
2024-01-10,309525.0,-0.03880702355269386,0.0620427342971377,0.832620951457879,0.2319941846377514,-0.0008949004416102246,0.43515063403602294,1.006448590582344,0.09188788649062118,0.004628666413430307,-0.03542827889168537
2024-01-11,223451.0,-0.058033625637160566,0.06828802715599001,0.8973868991411987,0.3829788186224273,-0.031080652846457002,0.7390345086842306,0.5547166940403041,-0.3258467136631982,-0.019226602084466707,0.15098463398467588
2024-01-12,251139.0,-0.0545314875109016,0.06597914089560428,0.9054268751567857,0.37216043704880564,-0.029283102730969346,0.7315868901285743,0.44622698983431486,0.11681442006653597,0.0035021381262589635,-0.010818381573621638
2024-01-15,280440.0,-0.051915843541698974,0.06399922982621145,0.902435458565112,0.3423513050919983,-0.00836732809705687,0.7209420909998574,0.9952217943232063,0.11035322762867317,0.0026156439692026287,-0.029809131956807344
2024-01-16,289490.0,-0.04058242308543853,0.06367829912486096,0.756706621990397,0.25301392103354176,0.0030628003783967905,0.6887595426439601,1.155780855988117,0.031760955763349585,0.011333420456260443,-0.08933738405845654
2024-01-17,310271.0,-0.03112973562328489,0.061931976365760304,0.6713195883598532,0.22425879311956323,0.0022264577296424726,0.5955632334314196,1.6135894105475537,0.06932535504082793,0.00945268746215364,-0.028755127913978523
2024-01-18,179102.0,-0.04148617137174891,0.06488766099741596,0.8497671717792096,0.23778628937700305,-0.019026816556273363,0.0,0.7553181985684135,-0.5494906331927876,-0.01035643574846402,0.01352749625743982
2024-01-19,251940.0,-0.05183332751635268,0.05869525680929511,0.9710486623799317,0.2803524648725887,-0.027232952823060486,0.0,1.2434587600222275,0.34123548797400005,-0.01034715614460377,0.04256617549558564
2024-01-22,285391.0,-0.051798064486362656,0.05797187482257783,0.9717755640507234,0.3345935926500836,-0.01768724284455314,0.0,0.8603880290548755,0.12466920593319486,3.526302999002501e-05,0.0542411277774949
2024-01-23,316624.0,-0.049715431015825054,0.05696850672634814,0.9660259487594118,0.31554146242862197,-0.004172962848378647,0.0,0.7072142351811612,0.10385478014919691,0.0020826334705376023,-0.019052130221461627
2024-01-24,362859.0,-0.044767665948510185,0.05506900256154953,0.9316483813271822,0.2730206498943116,-0.004242040789155022,0.0,0.8658817887939944,0.13629937904785905,0.004947765067314869,-0.04252081253431039
2024-01-25,261050.0,-0.05476378413140933,0.062440014020937594,0.9775100555449148,0.34628615207814595,-0.022364522497280936,0.0,0.558797165294005,-0.32930236919784583,-0.009996118182899145,0.07326550218383437
2024-01-26,291028.0,-0.05052146863971409,0.0606175569344541,0.9500426075841499,0.2875565237709086,-0.02195217234980984,0.0,0.4074144068611955,0.10870752261736172,0.0042423154916952435,-0.058729628307237325
2024-01-29,292818.0,-0.05530513239815412,0.06211831105650278,0.9763402523068937,0.37962147135763513,-0.012121108433229666,0.0,0.9906358215683462,0.006131773133533969,-0.0047836637584400335,0.09206494758672651
2024-01-30,304400.0,-0.04895433205118216,0.0620433867307431,0.9160939553219448,0.3157490144546649,-0.0019201946477416243,0.0,0.5431701708278581,0.03879137038007485,0.006350800346971962,-0.06387245690297022
2024-01-31,304986.0,-0.04318009979953996,0.062021726102191456,0.8329562668450355,0.2446112280563698,0.0005835805911380554,0.0,1.059678149160945,0.0019232479270225866,0.005774232251642197,-0.0711377863982951
2024-02-01,193923.0,-0.06565398327826075,0.06991210170777541,0.9505937923815122,0.4236836270065954,-0.04274851389489498,0.5125281683967348,0.5502596391351207,-0.45280470085623925,-0.022473883478720785,0.1790723989502256
2024-02-02,217520.0,-0.06663586750398558,0.06763694167332134,0.9642975358587716,0.4540042294961383,-0.047615356205699566,0.49129275468922395,0.47534479588083856,0.11482962726589996,-0.00098188422572483,0.03032060248954288
2024-02-05,240848.0,-0.06511207546977893,0.0660996465682935,0.9675646050621138,0.4323847405832724,-0.027413134454055466,0.4656505347771208,0.5337723377399853,0.10187522879393285,0.0015237920342066474,-0.02161948891286586
2024-02-15,345170.0,-0.0656076364015776,0.06615368705976689,0.966358605904337,0.5266651215343164,-0.007754000226339319,0.4490743691514326,1.1880146015007098,0.35987102017320005,-0.000495560931798672,0.09428038095104402
2024-02-16,261721.0,-0.06887041232190849,0.07298219397909424,0.9728222037971733,0.48247179248130645,-0.016512380926789305,0.7764069371582716,0.454327318021863,-0.2767579984198356,-0.0032627759203308904,-0.04419332905300999
2024-02-19,293043.0,-0.06398969657815899,0.07149585774683118,0.9638619588251554,0.45819555491856145,-0.012653065604910974,0.758035510146975,0.7298894701460196,0.1130403050568809,0.0048807157437495,-0.024276237562744996
2024-02-20,323128.0,-0.06386371951295589,0.07071566200440434,0.9735584659948998,0.4457583372533485,-0.008167156895157901,0.7272133643633483,0.918038671981382,0.09772917362388966,0.00012597706520310614,-0.01243721766521294
2024-02-21,360771.0,-0.05592843541408642,0.06878942239954619,0.9260611301906195,0.38712923156240386,-0.0014087365223645065,0.6636675342530303,0.91259275274343,0.1101948784656539,0.007935284098869462,-0.05862910569094465
2024-02-22,186914.0,-0.06580919115656406,0.08184745737826847,0.9654333008763388,0.38346512299774227,-0.01871235966260676,0.0,1.1316220293824968,-0.6575947899947199,-0.009880755742477633,-0.0036641085646615945
2024-02-23,235822.0,-0.05647849882477131,0.07734492041494692,0.9208004342258144,0.3106453172307927,-0.010015781513129873,0.0,0.8419994741796779,0.23242866513421134,0.009330692331792748,-0.07281980576694957
2024-02-26,267721.0,-0.05405680024612048,0.07440432957613101,0.9323213345236272,0.3184733360476018,-0.013091056863371087,0.0,0.7073259101826155,0.12686811031381673,0.0024216985786508285,0.007828018816809112
2024-02-27,270943.0,-0.04980348094024307,0.07446849383067233,0.91136143026393,0.2782061171537925,-0.00818959596189961,0.0,1.3488962623134755,0.011963073182236883,0.004253319305877412,-0.0402672188938093
2024-02-29,350100.0,-0.04592907405675527,0.06808853681751256,0.9558811768066267,0.25690659811482436,-0.008792746471855795,0.0,1.1289774350185662,0.256310361307138,0.0038744068834878007,-0.02129951903896815
2024-03-01,226663.0,-0.06088766383613703,0.08033296262896947,0.9511521509906777,0.3146918553094241,-0.015099865705037963,0.41083899886615816,0.6670960853778517,-0.4347544950600053,-0.014958589779381762,0.05778525719459976
2024-03-04,309961.0,-0.062458040419710016,0.07571314470550186,0.986614445043086,0.36298114924135616,-0.01581481986044264,0.33346775884708074,1.223263571868719,0.31298215021266884,-0.0015703765835729869,0.04828929393193204
2024-03-05,353419.0,-0.05993866880800311,0.0739944297010058,0.9552316089400966,0.3580056533463113,-0.004483435223336052,0.3311055715736845,0.8804365356701253,0.13120783876797049,0.0025193716117069068,-0.004975495895044868
2024-03-06,437905.0,-0.05598909459023361,0.07016237738456958,0.9509299962320594,0.342010253365456,-0.015356843398147135,0.2891243534556582,1.3029447026181478,0.21434766999290567,0.003949574217769501,-0.015995399980855307
2024-03-07,309424.0,-0.07718450477093505,0.08024911086356415,0.9748532757640002,0.513809529965355,-0.035215644536883195,0.4987525208128652,0.8583852577692745,-0.3472894872542174,-0.021195410180701445,0.17179927659989902
2024-03-08,340754.0,-0.07460001960960319,0.07966482917372465,0.9616468185259748,0.47219988613486563,-0.0194750451344734,0.4713517669638507,1.1194380696925055,0.09644830469924592,0.002584485161331862,-0.04160964383048937
2024-03-11,373050.0,-0.06678025621841288,0.07832434338584891,0.9526873073314569,0.428132958048519,-0.01653040036337694,0.44385471116472325,0.6350971719608631,0.09055164959833562,0.00781976339119031,-0.04406692808634666
2024-03-12,390052.0,-0.07082414927840418,0.07747417035743825,0.9793360885215304,0.46260242224113707,-0.01579498406943658,0.4421231015351799,0.9744444330499523,0.044567604651403414,-0.0040438930599912964,0.03446946419261809
2024-03-13,447076.0,-0.06367109935014735,0.07618058438960473,0.9512051642226378,0.4079060383469477,-0.003939582035987543,0.44132093872182804,1.2131650994461791,0.13644853896384035,0.007153049928256827,-0.05469638389418935
2024-03-14,306122.0,-0.08258182779005113,0.08458272569994393,0.970884157296764,0.5242191021880166,-0.021964176804802005,0.792641495874194,0.6895453446665055,-0.3787448872267891,-0.01891072843990378,0.11631306384106888
2024-03-15,329457.0,-0.06639310189405605,0.08395922868576938,0.8797324081746631,0.41592377760982463,-0.0041915407087513845,0.7874957885247543,0.6854946168999293,0.07346212936189289,0.016188725895995085,-0.10829532457819196
2024-03-18,367608.0,-0.0699295519038431,0.08142989333932465,0.9595710648299275,0.4204777915605754,-0.01407706798592534,0.7851162107462297,0.7014374007094514,0.10957130836249185,-0.0035364500097870566,0.004554013950750779
2024-03-19,394128.0,-0.06461582222052263,0.08043366772128666,0.9488288068850729,0.3941181545081801,-0.012952480712285719,0.7671898469532741,0.8317881500426257,0.06965857660417996,0.005313729683320473,-0.0263596370523953
2024-03-20,406048.0,-0.059890018719622545,0.07986774777438624,0.8783222673181496,0.3584650090629679,-0.009322978399702864,0.7103051855938214,1.4057722239735204,0.029795649579961392,0.004725803500900086,-0.0356531454452122
2024-03-21,212821.0,-0.06525107021239866,0.08236260967433776,0.967216581070477,0.3453042697854065,-0.019757820773114054,0.0,1.368173253579299,-0.6460199424054558,-0.005361051492776117,-0.013160739277561395
2024-03-22,244186.0,-0.0604914351234213,0.07955994863313896,0.9739706617086975,0.3281023482099711,-0.02117959723023488,0.0,0.8018395813027774,0.137478793166796,0.004759635088977365,-0.01720192157543543
2024-03-25,272373.0,-0.054265441044600154,0.07824992379109148,0.9320967937350618,0.2751741178457483,-0.009520979583751199,0.0,0.7757340118146806,0.10924222044417498,0.006225994078821143,-0.052928230364222784
2024-03-26,282184.0,-0.049582001682551675,0.07853983042647784,0.8907166954894679,0.2682256967085306,-0.006284752085435774,0.0,2.345076262296941,0.035386890013590744,0.004683439362048479,-0.00694842113721772
2024-03-27,340178.0,-0.04600948041680976,0.07332807535248648,0.9485034305569437,0.23286338328757297,-0.004956406199567054,0.0,1.279391965382829,0.18690966959464994,0.0035725212657419167,-0.03536231342095761
2024-03-28,207102.0,-0.06235279979489701,0.08798134089566802,0.9138492143967707,0.34242547150679375,-0.056910488396276215,0.0,0.874776680090004,-0.4962575845029029,-0.01634331937808725,0.10956208821922078
2024-03-29,239929.0,-0.061786313975297796,0.08356009783419999,0.959996498964277,0.32520870757599124,-0.014508892825378372,0.0,0.7254354413180566,0.14713162071598873,0.0005664858195992134,-0.017216763930802514
2024-04-01,268250.0,-0.052880628264767124,0.08089166098510894,0.9232432432432433,0.2916943150046598,-0.010994282063441885,0.3029189189189189,0.833968313140727,0.11157633526946142,0.008905685710530672,-0.03351439257133143
2024-04-02,313259.0,-0.05525334851788322,0.07705718610876104,0.9649140168359089,0.3016066577496576,-0.01302465435097333,0.27346700334228224,1.2131495024883563,0.15511094289813165,-0.0023727202531160993,0.009912342744997804
2024-04-03,337243.0,-0.04733147101969527,0.07534389855431017,0.8816461720480484,0.2660158995145933,0.0006097081268192639,0.2687557636481706,1.420130291807391,0.07377341434787432,0.00792187749818795,-0.0355907582350643
2024-04-08,243610.0,-0.06173702649539198,0.0853282031500416,0.9530314847502155,0.33794589713065964,-0.010662317499032792,0.4037724231353393,0.9631131726940602,-0.3252351528605164,-0.014405555475696705,0.07192999761606633
2024-04-09,322623.0,-0.059885910653006184,0.07938327915688877,0.956949752497497,0.342722000601321,-0.014242986699493199,0.3506910542645751,1.7014441003896188,0.28091587297564935,0.0018511158423857935,0.004776103470661375
2024-04-10,373559.0,-0.05139377458920774,0.07646525898862686,0.9166878592136717,0.294309600357641,0.0017564450746092586,0.36162426818789,1.060520560339866,0.14659149841984842,0.008492136063798443,-0.04841240024368004
2024-04-11,256865.0,-0.06784775145636768,0.08658899525838547,0.945006131625562,0.40179471706927766,-0.012201480059479963,0.7008467482919043,0.6912930917018667,-0.374525302239455,-0.016453976867159936,0.10748511671163669
2024-04-12,285756.0,-0.06259871421154044,0.08392473200603473,0.9325193521745825,0.35520164056047815,-0.011408347667912322,0.6940081748064783,0.6634121418272932,0.1065876447774663,0.00524903724482724,-0.046593076508799514
2024-04-15,297839.0,-0.049358246135433125,0.08313333216966297,0.7722796544441796,0.29751644344763445,0.0024562623442707654,0.6781919090515346,0.858524236248443,0.041414772221632035,0.013240468076107313,-0.0576851971128437
2024-04-16,279085.0,-0.032767044425495,0.08538842567956766,0.6090689216546931,0.21828833509504272,-0.015172374982162506,0.6190945410896322,2.166906139706541,-0.06503667713114503,0.016591201709938122,-0.07922810835259173
2024-04-17,378333.0,-0.04178307550552104,0.07402656196443576,0.8311831111745472,0.2646715988296025,-0.005606696175246784,0.6256631063111069,1.6910869524995176,0.30425836526944394,-0.009016031080026035,0.04638326373455978
2024-04-18,212280.0,-0.06232858142245507,0.083834685868729,0.9083992839645751,0.36751460335406066,-0.03946564735089553,0.0,1.1615083851516865,-0.5778686022300423,-0.020545505916934034,0.10284300452445816
2024-04-19,209808.0,-0.034483379376433754,0.08651481277646764,0.6482736597269885,0.24491439792572256,0.0651852398100694,0.0,2.5887716388316937,-0.011713331170625452,0.027845202046021318,-0.1226002054283381
2024-04-22,239908.0,-0.030560481183169466,0.08213243106313656,0.6503618053587208,0.22591993597545726,-0.021184655060320856,0.0,1.293245744201944,0.13406268972858548,0.003922898193264288,-0.0189944619502653
2024-04-23,274954.0,-0.037518429896642606,0.07704675607265259,0.7309768179404555,0.26845217745513794,-0.015269948691992719,0.0,1.078936840344203,0.1363482944300003,-0.00695794871347314,0.04253224147968068
2024-04-24,387568.0,-0.04998697812738478,0.0674529478253672,0.9106685794492837,0.35984136977253023,-0.0015766148380618183,0.0,1.3401467613425257,0.3432875063212215,-0.012468548230742171,0.09138919231739229
2024-04-25,216020.0,-0.05587215025941221,0.08409354312714025,0.8299694472734006,0.3713267290065735,0.04746739505937847,0.0,0.7576150356448477,-0.5845203212785481,-0.005885172132027432,0.011485359234043258
2024-04-26,265371.0,-0.06155831514342338,0.0776140838751969,0.9078987530664616,0.4439633569606325,-0.04077978142701144,0.0,0.9798923017209868,0.20575785090960075,-0.00568616488401117,0.07263662795405901
2024-04-29,298102.0,-0.0717010693508159,0.07556823150307147,0.9398628657305218,0.536779357401158,-0.05833079619350967,0.0,0.9903858410879498,0.11630686291959158,-0.010142754207392517,0.09281600044052551
2024-04-30,309944.0,-0.06467811307603527,0.07571080551000138,0.9082382623957876,0.472669256381798,-0.019444417206789244,0.0,0.6722859613349508,0.03895592618007804,0.007022956274780626,-0.06411010101935999
2024-05-02,345391.0,-0.05325099172092881,0.07385673209237985,0.8732653717091644,0.3978447614442762,-0.0011096583795030535,0.2511298788908802,1.1640430700278814,0.10828547262769384,0.011427121355106463,-0.0748244949375218
2024-05-03,245372.0,-0.06604300992251133,0.0828132482101869,0.9086203804835108,0.45153073700340707,-0.06543527106312153,0.38020638051611433,0.8821748202728917,-0.3419016822898193,-0.012792018201582524,0.05368597555913085
2024-05-06,288901.0,-0.06350638848457862,0.07971506601312676,0.9167742583099401,0.39722603936988793,-0.01575330684962617,0.3391127064288459,0.8035382362816328,0.16330864253405686,0.0025366214379327068,-0.05430469763351914
2024-05-07,311166.0,-0.06452588330127597,0.07823546332540061,0.9444733679129468,0.4289960985454709,-0.01711717076935515,0.344713111329644,0.8909906609333925,0.0742424629652838,-0.0010194948166973444,0.031770059175582954
2024-05-08,364291.0,-0.05986449680295841,0.07496204451418491,0.9646271799193502,0.39795657866925066,-0.004855435928873164,0.36823308838263913,1.07517616411056,0.15762646695899996,0.004661386498317557,-0.031039519876220223
2024-05-09,247297.0,-0.06793944488704978,0.08610453946316779,0.8945478513690016,0.4466370396729439,-0.02727378400711644,0.6956695794934835,0.6309174797915058,-0.38736295535698595,-0.008074948084091371,0.04868046100369322
2024-05-10,282172.0,-0.06749890500523775,0.08263471721277771,0.9455580284365565,0.42506698042328794,-0.0342288607184178,0.7236260153381625,0.7871333796407864,0.13192677064615843,0.00044053988181202985,-0.021570059249655937
2024-05-13,299808.0,-0.06893157951662582,0.08314405459506115,0.9642804728359483,0.4379302753762408,-0.041121964012348355,0.7191602625680436,0.7199074074074074,0.060625455683791074,-0.0014326745113880657,0.012863294952952853
2024-05-14,330146.0,-0.06785205267561623,0.08160007310606816,0.9681504546473378,0.4161249871269075,-0.01362108277720453,0.7106674016950076,0.8019815475577472,0.09639271109342396,0.0010795268410095926,-0.02180528824933331
2024-05-15,380497.0,-0.06461423556187128,0.07993862994568228,0.9275211105475207,0.4171386370983214,-0.00223244579308568,0.6690171013174874,1.6775401645742278,0.14194331204577715,0.003237817113744948,0.0010136499714138991
2024-05-16,188162.0,-0.07903779292243139,0.10119489460402874,0.9485124520360115,0.4274773865073713,-0.10815958873952902,0.0,1.0582423656211137,-0.7041749990025057,-0.014423557360560113,0.010338749409049941
2024-05-17,209160.0,-0.07226627728453396,0.0980829117031342,0.9320185503920444,0.38338592465098487,-0.012158447903353409,0.0,0.6788965385350928,0.1057962154144576,0.006771515637897435,-0.04409146185638646
2024-05-20,231864.0,-0.06811235592157756,0.09470481589259618,0.9294543353000034,0.36818997343270193,-0.012769590294678945,0.0,1.228784977400545,0.10305148356338734,0.004153921362956392,-0.015195951218282933
2024-05-21,246742.0,-0.06288934803088567,0.09292986788133091,0.9163660827909315,0.32473595901792157,-0.011148127656067874,0.0,0.9420406740644074,0.06219226342545525,0.005223007890691897,-0.04345401441478036
2024-05-22,320896.0,-0.06160154624008967,0.08540397473167084,0.980049611088951,0.33212629637016355,-0.0024049001871303544,0.0,1.5766011418029517,0.2627738267870008,0.0012878017907959963,0.007390337352241982
2024-05-23,197107.0,-0.08767484974632493,0.10093966689271548,0.9820097713424688,0.5015296260406784,-0.037368164561912276,0.0,0.7701603697484107,-0.48737035460071887,-0.02607330350623526,0.16940332967051486
2024-05-24,229769.0,-0.07773807938714686,0.0965881304841461,0.9688078026191522,0.4253794027914993,-0.02621521385705028,0.0,0.674681963189116,0.15332772790682014,0.009936770359178074,-0.07615022324917914
2024-05-27,273101.0,-0.07457619315585821,0.09297530998072587,0.9715746189138816,0.4393246454608368,-0.023104719963566,0.0,1.107388841490877,0.17276723373347558,0.0031618862312886437,0.013945242669337554
2024-05-28,301490.0,-0.06964496531277113,0.09112033558769664,0.9479319380410627,0.40635178612889317,-0.011821994371960298,0.0,0.8806361736707685,0.09889515798598225,0.004931227843087083,-0.03297285933194366
2024-05-29,307892.0,-0.06091247934158822,0.09101580310491421,0.8576578800358567,0.3348284463383264,0.0017311021350259193,0.0,1.3143309991815313,0.021012224009734126,0.00873248597118291,-0.07152333979056674
2024-05-30,208344.0,-0.07392919617438598,0.1022360326221236,0.8724273317206159,0.39788522827631223,-0.026421424719908937,0.0,0.9836424375071996,-0.39055851237345074,-0.013016716832797759,0.0630567819379858
2024-05-31,239652.0,-0.060513153966350826,0.0979289319831056,0.8058893729240733,0.3538172016089997,-0.05545517143016376,0.0,1.065248777393888,0.13999731131706028,0.013416042208035155,-0.04406802666731252
2024-06-03,289081.0,-0.06662564315971506,0.090781343024639,0.926501568764464,0.3765968707732435,-0.024922968914544152,0.4361441948796358,1.1347822928521765,0.18751905458415585,-0.006112489193364233,0.022779669164243788
2024-06-04,283335.0,-0.060989534775381035,0.09185440219844226,0.8867030193940035,0.33018511655813787,-0.06352222402234053,0.4475973670743113,1.1258192598867065,-0.020076982506939345,0.005636108384334024,-0.04641175421510563
2024-06-05,346519.0,-0.05916479747699715,0.0852984488109685,0.9276749615461202,0.3531783249980521,-0.06911279001791026,0.3814192006787507,1.5806001979689426,0.20130770802956732,0.001824737298383887,0.022993208439914203
2024-06-06,267400.0,-0.08726712582871322,0.09332134103449052,0.9816566940912491,0.5907629020194465,-0.08687056846872765,0.5378683620044876,0.9511480927449514,-0.25919198651361697,-0.028102328351716076,0.2375845770213944
2024-06-07,281270.0,-0.08162096559696017,0.09250150388967267,0.9697265972197533,0.5191061968926655,-0.08501910937590074,0.5225263981228001,0.49468837771536245,0.05056939743362143,0.0056461602317530585,-0.07165670512678102
2024-06-11,307846.0,-0.07282546841598173,0.09087781670755038,0.9365851757047355,0.4711609051278886,-0.08223706550808274,0.5000877061907577,0.8537937800068865,0.09028459583042725,0.00879549718097844,-0.047945291764776854
2024-06-12,377174.0,-0.07015717075877734,0.08583703983530437,0.9624258299882813,0.45390721523752964,-0.0929277389953993,0.477204155111434,1.324120962738683,0.2031069615015415,0.002668297657204388,-0.01725368989035897
2024-06-13,271782.0,-0.09258237966232617,0.09680727372444765,0.9822578390033189,0.5931113907469957,-0.0677678957190826,0.8376676895452974,0.9634854405369009,-0.3277063450749367,-0.022425208903548835,0.13920417550946607
2024-06-14,307998.0,-0.08998037383231963,0.09418287457749354,0.9914415028669017,0.5692764238728822,-0.022427295251840507,0.8351807479269346,0.7179949220449483,0.1250930150875007,0.00260200583000654,-0.02383496687411346
2024-06-17,330715.0,-0.08443325158446367,0.09298623198266052,0.9784829838380479,0.5352947401841465,-0.022071403900957076,0.8323722842931225,0.5599322679648641,0.07116368784390481,0.0055471222478559595,-0.033981683688735775
2024-06-18,360975.0,-0.08524389501894115,0.0927810773644781,0.9808851028464575,0.5555620195304384,-0.03328275644481826,0.8174056375095228,0.8765620887873121,0.08755172656737997,-0.0008106434344774816,0.02026727934629191
2024-06-19,436165.0,-0.08462023804029097,0.0907964790049,0.9836667316267926,0.5697453945181296,-0.004719610987550804,0.7619570575355656,1.477484438228652,0.18921190826823064,0.0006236569786501889,0.014183374987691177
2024-06-20,163407.0,-0.07896040407919333,0.07752064511608348,0.9838073032367034,0.5376269070480457,-0.0387121305984337,0.0,1.167306174154106,-0.9817765909599192,0.005659833961097635,-0.032118487470083834
2024-06-21,188288.0,-0.06819626508897736,0.0749507921538505,0.9609162559483345,0.4486053280081577,-0.03239914696308799,0.0,0.8797958446634943,0.14172868437332298,0.010764138990215971,-0.089021579039888
2024-06-24,191432.0,-0.05348710973770705,0.074003839618369,0.8374044046972293,0.37445150236115177,-0.013750509562236779,0.0,1.2470328889631828,0.01655994863809873,0.014709155351270306,-0.07415382564700596
2024-06-25,217618.0,-0.05336784793041103,0.07084567180090155,0.887500114880203,0.34816053819077464,-0.016435150072324878,0.0,1.6823194772491246,0.12820857797184715,0.00011926180729602415,-0.02629096417037713
2024-06-26,269480.0,-0.05023951430207302,0.06631274273768116,0.9207288110434911,0.31972688140121713,-0.0037713128771474924,0.0,1.9381215674632626,0.21375294394359656,0.0031283336283380106,-0.028433656789557504
2024-06-27,174532.0,-0.06854066860249804,0.07473919309686368,0.9518942085119061,0.44010267458116564,-0.024272264273346944,0.0,0.826696537024729,-0.43438607017340836,-0.018301154300425018,0.12037579317994851
2024-06-28,200112.0,-0.06679214236300289,0.0731216181185,0.9564144079315583,0.4081564323978572,-0.0448175927232467,0.0,1.0266650675621651,0.13676910388750052,0.0017485262394951462,-0.03194624218330844
2024-07-01,224506.0,-0.0615212286990855,0.07132789868794162,0.9524066171950861,0.38693843371669356,-0.030729138884154517,0.30395178748006735,0.9607894666512253,0.11502522307652896,0.005270913663917388,-0.02121799868116364
2024-07-02,238251.0,-0.05332409352531607,0.07022608055632718,0.8998870938631947,0.3359314336561022,-0.023137437787841164,0.29803442587859025,1.1222744080822327,0.05942230691419503,0.00819713517376943,-0.05100700006059139
2024-07-03,287063.0,-0.05627813296182378,0.06713915142516816,0.9747860225804091,0.38174895406234866,-0.0031256972186344267,0.26239536269041985,1.4569763431720564,0.1863769640681916,-0.0029540394365077105,0.04581752040624648
2024-07-04,199432.0,-0.0759204176275071,0.07777953339296072,0.9590135986200811,0.5228749649003169,-0.06472645587018055,0.4163775121344619,0.9398040434834931,-0.36422837776916595,-0.019642284665683324,0.14112601083796827
2024-07-05,212844.0,-0.07336206229830045,0.07720477648199445,0.9570812426002142,0.4909182311927985,-0.0660787490888961,0.40586532859747043,0.4609855105147432,0.06508617691514829,0.00255835532920666,-0.03195673370751845
2024-07-08,251961.0,-0.07301026963427067,0.0756170513103696,0.970007263028802,0.48783740340767023,-0.03677629967145701,0.3685371942483162,1.3824957037001757,0.16871481061835247,0.00035179266402977916,-0.0030808277851282484
2024-07-09,264655.0,-0.07046394425855702,0.07564747215162063,0.9770871511968412,0.4784304094009182,-0.01673969292152999,0.36933366080368785,1.4158621601707884,0.04915277737311108,0.002546325375713643,-0.009406994006752045
2024-07-10,316091.0,-0.06472116062874295,0.07345852414007269,0.9864785773717063,0.43757968433141087,-0.008625788725659334,0.3706116276641853,1.5732210028124811,0.17760305581079372,0.005742783629814077,-0.04085072506950732
2024-07-11,219370.0,-0.09229174605859373,0.08320558308216494,0.9842184437252132,0.6220631809272006,-0.02829147811626298,0.7726215982130646,0.7717600401148744,-0.36527034487611054,-0.02757058542985079,0.18448349659578972
2024-07-12,237296.0,-0.07454496263917554,0.08133349498967997,0.9274197626592947,0.5150613579664217,-0.08014950079295291,0.7475389387094599,0.8434824017261142,0.07854850506201139,0.017746783419418197,-0.10700182296077887
2024-07-15,259389.0,-0.06968067373224943,0.0794811186143915,0.9155476909198154,0.46450697600900576,-0.03682510754057067,0.7477302429941131,0.8148263804556092,0.08902055843232226,0.004864288906926112,-0.05055438195741596
2024-07-16,286715.0,-0.06879371723288663,0.07775338954106294,0.931827773224282,0.44500287742183003,-0.016553980143558134,0.7433235094082974,1.1965819716443158,0.10015982558651082,0.0008869564993627954,-0.019504098587175722
2024-07-17,299983.0,-0.060270827701449016,0.0767161634801505,0.8897237510125574,0.4206605040952321,-0.007144353638353196,0.6813252750989223,1.775217262311531,0.045237115365477365,0.008522889531437615,-0.024342373326597944
2024-07-18,152381.0,-0.061684841267654146,0.08340431565721035,0.875804726311023,0.4254598670437916,-0.059767583094108345,0.0,1.031559052637796,-0.6773418428195725,-0.00141401356620513,0.004799362948559482
2024-07-19,179814.0,-0.040686392668291375,0.0790516553304781,0.749163024013703,0.2511706541203688,-0.038009974962023185,0.0,0.9700357035603457,0.16553901973556684,0.02099844859936277,-0.17428921292342275
2024-07-22,187030.0,-0.018728331249878816,0.080106268054401,0.5153397850612201,0.17126664171523284,-0.011546484946976299,0.0,1.7086884457038978,0.039346048494996566,0.02195806141841256,-0.07990401240513598
2024-07-23,227510.0,-0.043354517742028274,0.07180384105118998,0.825229660234715,0.2818645334271021,-0.03811848981105148,0.0,1.201846072700101,0.19592516167401364,-0.024626186492149458,0.11059789171186926
2024-07-26,245266.0,-0.01746718617897499,0.07280882702057856,0.5824574135836195,0.1864628607307984,-0.005389432986078524,0.0,1.5645951742190112,0.07514914240002035,0.025887331563053284,-0.0954016726963037
2024-07-29,173739.0,-0.04109054881272022,0.08004247296365989,0.7389993035530307,0.32141315421407973,0.006113833433568638,0.0,1.175395276823281,-0.34478916278068183,-0.023623362633745232,0.13495029348328133
2024-07-30,192782.0,-0.04350933311846541,0.07582326336578986,0.8006971605232853,0.3424074861760953,0.003439141416073044,0.0,1.4962340882447531,0.10400584373392441,-0.0024187843057451863,0.020994331962015556
2024-07-31,258354.0,-0.03838229392258145,0.06788147168908883,0.8155902366520356,0.27397679153409665,-0.0044753562604309405,0.0,1.8884437632086208,0.2927707206632224,0.005127039195883962,-0.06843069464199864
2024-08-01,174887.0,-0.06720398548283216,0.07988644594471798,0.88528020950671,0.5360204017451269,-0.05044143431925474,0.3566245632894383,0.829592822794147,-0.39019068641086463,-0.02882169156025071,0.26204361021103023
2024-08-02,173737.0,-0.02977336084111794,0.08345227030021242,0.6508170395482827,0.3140609081542792,-0.0063818017209467115,0.35863402729412847,1.32474947765876,-0.006597389572693402,0.03743062464171422,-0.2219594935908477
2024-08-05,161017.0,0.0464291397805522,0.09948506920996995,0.21597098443021545,0.11977617270226125,0.0841677222594257,0.35285094120496596,0.9407950713278722,-0.07603271202951234,0.07620250062167014,-0.1942847354520179
2024-08-06,194797.0,-0.007866520686357365,0.09755727266080011,0.5258448538735196,0.30366997438358906,-0.053705620500833606,0.29140592514258434,1.0214171676155177,0.19044804120683168,-0.05429566046690956,0.1838938016813278
2024-08-07,263609.0,-0.04782289476259925,0.08456562853551135,0.7561919357836796,0.45268181283643577,-0.004474230909384591,0.23098604372384857,1.7754211730252003,0.30250895400670075,-0.03995637407624189,0.1490118384528467
2024-08-08,149621.0,-0.04676378256171558,0.10527610378899302,0.6746579691353487,0.4896037320964303,-0.08960666216261537,0.41342458612093225,0.6304529444396174,-0.5663615146654966,0.0010591122008836718,0.03692191925999455
2024-08-09,182970.0,-0.07204768338016275,0.09440837350030032,0.8070011477291359,0.5901951139531071,-0.06842423960128552,0.3589604853254632,0.7936219052303657,0.20121677495610157,-0.02528390081844717,0.10059138185667676
2024-08-12,211865.0,-0.08015840945546537,0.0884588557325023,0.8497109008094778,0.6165388336912657,-0.08144209916199951,0.35342317041512283,0.6987657234559743,0.1466270744042788,-0.008110726075302624,0.026343719738158633
2024-08-13,240212.0,-0.07553275499767105,0.08508418473770345,0.8626088621717483,0.5703170532696118,-0.08242443650537679,0.34308027908680666,0.7357500874227766,0.1255725873852782,0.004625654457794323,-0.046221780421653924
2024-08-14,298339.0,-0.0718687106674322,0.08123526020053128,0.9024029711167497,0.5228314099061806,-0.005776935386850424,0.34916320025206227,1.149638498486621,0.21670855707372993,0.0036640443302388553,-0.047485643363431196
2024-08-15,187064.0,-0.07206580379484473,0.09189933171640896,0.819275755891032,0.5315506992259333,-0.08655653278782482,0.7417835607064962,0.6123839969208399,-0.4667796195486691,-0.00019709312741253426,0.008719289319752743
2024-08-16,216666.0,-0.08169288798178223,0.0875857582408084,0.8905504324628691,0.582463330656402,-0.10511858744758795,0.7538192425207462,0.5828279471629143,0.14690619300266938,-0.009627084186937501,0.05091263143046865
2024-08-19,239943.0,-0.07778645488817462,0.08584355504746527,0.9017474983641949,0.5405825550234847,-0.018279195149585314,0.7407175870936014,0.7727001829601197,0.10204439784063801,0.003906433093607609,-0.041880775632917255
2024-08-20,251449.0,-0.07476428286630551,0.08544672711744848,0.8922922739800119,0.5344980493062211,-0.10830126933314299,0.7265330146471054,0.6710903602718643,0.04683879054188189,0.0030221720218691073,-0.0060845057172636
2024-08-21,276594.0,-0.06320132593196351,0.08348199225497809,0.8624301322516035,0.4500784543410197,-0.0017038487014729986,0.6774080421122657,1.1602384722734405,0.09531054134513184,0.011562956934342006,-0.08441959496520146
2024-08-22,127478.0,-0.07483688952258045,0.09722269613190074,0.8875178462166021,0.48707227913836115,-0.015749364639125463,0.0,0.6869969720265457,-0.7746069263308364,-0.011635563590616946,0.03699382479734148
2024-08-23,142588.0,-0.0729706833808874,0.09419222427378304,0.9036314416360423,0.4795845372682133,-0.016158912900729017,0.0,0.7981877857884254,0.11201555227603421,0.0018662061416930553,-0.007487741870147835
2024-08-26,169803.0,-0.06854952238194972,0.08981248150104168,0.9094833424615584,0.43804290854696326,-0.019789461567653377,0.0,1.0308062872858548,0.1746795885990835,0.004421160998937676,-0.04154162872125006
2024-08-27,182668.0,-0.06372937546208324,0.08822425848852941,0.8929259640440581,0.3979295771563711,-0.01735406806400719,0.0,0.8277530820942913,0.0730313559576441,0.004820146919866486,-0.040113331390592144
2024-08-28,228649.0,-0.061286551061640826,0.08180971426562667,0.952989079331202,0.3802115906914091,-0.025509305492104395,0.0,1.503719675135251,0.22451777907455117,0.0024428244004424116,-0.017717986464962032
2024-08-29,136401.0,-0.07812750739068482,0.09846218732937816,0.9024567268568412,0.47163143965220194,-0.03161223051232209,0.0,0.944868439380943,-0.5165889998371043,-0.01684095632904399,0.09141984896079286
2024-08-30,157900.0,-0.07306858901696493,0.09484145748244888,0.9013869537682078,0.43811906269791007,-0.034492855022590585,0.0,0.68068397720076,0.1463628445008105,0.005058918373719884,-0.03351237695429188
2024-09-02,173691.0,-0.0691454072301367,0.09307829226746761,0.8913645496888152,0.4305404425099746,-0.03306034153208215,0.3916322664962491,0.8782953636054833,0.09531593717159481,0.003923181786828239,-0.007578620187935481
2024-09-03,182166.0,-0.06361914223328921,0.09180170020145885,0.8497249761206811,0.36075337878638164,-0.0041738694318042,0.3789016611222731,0.9611508184842397,0.04764050085626259,0.0055262649968474825,-0.06978706372359295
2024-09-04,197956.0,-0.02877657733051452,0.09533402268571825,0.5062236052456102,0.2638818727393966,0.0003437199985776296,0.3462082482976015,1.9023267796884156,0.08312642448784224,0.034842564902774695,-0.09687150604698502
2024-09-05,142542.0,-0.06407646703984671,0.1040261819806927,0.7425390411247211,0.45268061343323374,-0.35811845640703976,0.5112177463484446,0.9117032172973579,-0.3284080906528555,-0.03529988970933219,0.18879874069383712
2024-09-06,163793.0,-0.07391471046646667,0.09758378924143792,0.8361590544162449,0.5003266317852412,-0.0669548532110048,0.4684998748420262,0.7964626082921736,0.13896674233862605,-0.009838243426619958,0.047646018352007435
2024-09-09,182560.0,-0.06283194642229656,0.094702763159015,0.7914329535495179,0.471921560035057,-0.05412486686807494,0.43581836108676597,1.050892857142857,0.1084754506506993,0.011082764044170107,-0.028405071750184196
2024-09-10,202512.0,-0.05729418599690976,0.09161806088937997,0.7945553843722841,0.4527188512285692,-0.05051632922017013,0.4246563166627163,1.157170933080509,0.10372025793632567,0.005537760425386798,-0.019202708806487778
2024-09-11,245816.0,-0.0502204322863114,0.08571871781759127,0.7895173625801413,0.3331923064405897,-0.001474014549950109,0.40233345266378107,1.4457317668500016,0.19378414453535697,0.00707375371059836,-0.11952654478797947
2024-09-12,172779.0,-0.08638868798002965,0.09691864369510701,0.8968914046267197,0.5596455587773977,-0.0763511251197857,0.829082238003461,0.9535128690407978,-0.3525699673783702,-0.036168255693718246,0.22645325233680802
2024-09-13,188001.0,-0.0837038842494424,0.09459355200289532,0.908255807149962,0.5240982760729996,-0.08086756910152515,0.821655203961681,0.5705076036829592,0.08443396075766074,0.002684803730587243,-0.03554728270439811
2024-09-16,201775.0,-0.08207405662856071,0.09364956350534577,0.9222103828521868,0.5078181142361541,-0.08467154353668283,0.8065568083261058,0.6774129599801759,0.07070593324569607,0.0016298276208816936,-0.016280161836845553
2024-09-18,221522.0,-0.06961038678316182,0.09167257542159808,0.8695524598008324,0.4436489378030173,-0.008249518885696805,0.7388882368342647,1.6564901003060644,0.0933686921416701,0.012463669845398886,-0.0641691764331368
2024-09-19,112669.0,-0.06922895603094957,0.07019698112212727,0.9585689053776992,0.5313440254195919,-0.056376513029943176,0.0,1.5846328626330224,-0.676067590692476,0.00038143075221225287,0.08769508761657463
2024-09-20,142159.0,-0.06317724349708656,0.06899096711768003,0.936929775814405,0.47981485519734945,-0.029757999081203357,0.0,1.0254925822494532,0.2324918328345067,0.00605171253386301,-0.05152917022224246
2024-09-23,159297.0,-0.06368818912984049,0.06849318064987177,0.9435394263545452,0.46049831446919903,-0.021786782724036557,0.0,0.8836073497931537,0.1138242348528209,-0.0005109456327539313,-0.019316540728150422
2024-09-24,183324.0,-0.06331099936668276,0.06837833929797023,0.9579978617093233,0.45822150945866336,-0.019248583928693996,0.0,1.2942167964914577,0.14048469482462878,0.00037718976315773145,-0.0022768050105356763
2024-09-25,249543.0,-0.06047922937587939,0.06616307284717544,0.9746857255062253,0.4320497870106555,-0.002706312385772458,0.0,1.3121546186428792,0.3083761658597268,0.0028317699908033678,-0.02617172244800786
2024-09-26,127002.0,-0.07931085069871802,0.08164743044601384,0.9457961291948158,0.5416371395726052,-0.020071473536898976,0.0,0.9836065573770492,-0.6754284106652246,-0.018831621322838624,0.10958735256194968
2024-09-27,145819.0,-0.0712226323144305,0.08077242921026473,0.8982368552794904,0.4772080455907666,-0.018524904273316323,0.0,0.9544092333646507,0.13816329221882917,0.008088218384287513,-0.06442909398183855
2024-09-30,145148.0,-0.05115140448742456,0.08262268876740789,0.7062377711025988,0.3892234133436217,-0.2440788425767193,0.0,1.6295160801388928,-0.0046122150586729305,0.020071227827005947,-0.08798463224714492
2024-10-01,162916.0,-0.05727161076910194,0.0785568009551223,0.8008237373861377,0.4006911537233912,-0.017435605185974867,0.35081268874757543,0.9603783544894301,0.11548081902523855,-0.006120206281677386,0.011467740379769498
2024-10-04,202555.0,-0.051204874867670384,0.07339588563981246,0.8233121868134581,0.3763126064525684,-0.004605269942531631,0.3191824442743946,1.9667497716669546,0.21777672405543846,0.006066735901431558,-0.02437854727082278
2024-10-07,156499.0,-0.07654523036455278,0.07736314268185958,0.9626579083572419,0.5086550073802388,-0.030946289757630918,0.44271209400699046,1.1923271075214539,-0.25796183442348664,-0.025340355496882398,0.1323424009276704
2024-10-08,173073.0,-0.06926686253318806,0.0759723501528231,0.9441507340833059,0.4526875942521364,-0.02703902767587485,0.429957301254384,0.9842436428559047,0.10066385062993533,0.007278367831364721,-0.05596741312810244
2024-10-09,225456.0,-0.05860080918200788,0.07283167948666974,0.8826334184940743,0.4062877013696686,0.0018058985625188928,0.4178021432119793,1.6203072883400753,0.2644115471393782,0.010666053351180184,-0.04639989288246782
2024-10-11,153733.0,-0.0872583355084964,0.08041468946701676,0.9601842154904933,0.589944904477243,-0.12670009658696935,0.812545126940865,1.0215633598511706,-0.3829076864850265,-0.028657526326488526,0.18365720310757444
2024-10-14,177762.0,-0.08236015078823625,0.08016272133931625,0.9533983641048143,0.5452008865786838,-0.04244951859149548,0.8137003409052553,0.8568647967507116,0.14522824548541635,0.004898184720260157,-0.044744017898559196
2024-10-15,198667.0,-0.08291209991617876,0.08293464624178618,0.946518546109822,0.5462457277756245,-0.05547131122907234,0.7870808941595736,1.2957864164657442,0.1111844792950425,-0.0005519491279425137,0.0010448411969407045
2024-10-16,224696.0,-0.06649098028771859,0.08088343341798043,0.8946665717235732,0.42301153558585824,-0.004822914973634296,0.7434845302097055,2.0176104603553244,0.12311832127152478,0.01642111962846017,-0.12323419218976628
2024-10-17,89295.0,-0.07223300992553222,0.08600551850691171,0.9152472142897139,0.4806540119827538,-0.04571212431421401,0.0,0.9354499132090263,-0.9228028822462431,-0.005742029637813631,0.05764247639689557
2024-10-18,124886.0,-0.06726842777955333,0.08250282998780811,0.8896273401342024,0.4605239978860721,-0.020746131840780113,0.0,1.2343817561616195,0.33545582590381606,0.004964582145978891,-0.020130014096681692
2024-10-21,136890.0,-0.06544342159158055,0.08171561525409025,0.9025860179706333,0.42982686828840677,-0.023044677016446302,0.0,0.8612243407115202,0.0917763624301422,0.0018250061879727802,-0.03069712959766535
2024-10-22,146032.0,-0.06424702460881132,0.08033648753257777,0.9190930754903035,0.41519666922318393,-0.022749956129970883,0.0,1.2461035937328804,0.06464809216710066,0.0011963969827692295,-0.014630199065222838
2024-10-23,163356.0,-0.05355913002290831,0.07812127604441604,0.8553894561571047,0.356362790469894,-0.0014896232058952963,0.0,1.622021841866843,0.1121060925438151,0.01068789458590301,-0.05883387875328994
2024-10-24,93376.0,-0.07129466806140392,0.09160041404585283,0.861870287868403,0.46910340986977384,-0.029859627155651935,0.0,1.0598869088416725,-0.5592975154180166,-0.017735538038495605,0.11274061939987984
2024-10-25,113957.0,-0.06843708222454079,0.08576906997258925,0.9125635107979325,0.41212036118886947,-0.03633860063515992,0.0,0.8524706687610238,0.19918683135655257,0.00285758583686313,-0.05698304868090437
2024-10-28,127194.0,-0.05634204873140921,0.08432495477773949,0.8088667704451468,0.36117269682532194,-0.03009172745836186,0.0,1.4769250121861095,0.1098922957252988,0.012095033493131575,-0.05094766436354753
2024-10-29,134773.0,-0.048689756666674695,0.08388624449552297,0.7469671224948617,0.3059514887996854,-0.018606779289898734,0.0,1.8074614351539255,0.057878401698060244,0.007652292064734514,-0.055221208025636515
2024-10-30,163933.0,-0.040702064691812465,0.07878691087363085,0.7197391617307071,0.2734287788303758,-0.0008952504400662198,0.0,2.035642610090708,0.19586592608479414,0.00798769197486223,-0.032522709969309616
2024-11-01,100296.0,-0.07185634697225364,0.08824522318663375,0.8730756959400175,0.4943866156177714,-0.047413354123427176,0.3176397862327511,1.417763420275983,-0.49133199395130234,-0.031154282280441176,0.2209578367873956
2024-11-04,126701.0,-0.0713441165720618,0.08106284518422321,0.9211845210377188,0.5163416231916086,-0.0420367344077327,0.27370738983906995,1.0088791722243708,0.23370416614204892,0.0005122304001918404,0.02195500757383717
2024-11-05,148793.0,-0.07184996051306249,0.07735257957437992,0.9516240683365481,0.5068988460478652,-0.0478989076371058,0.26421941892427736,1.2981995120738208,0.16072609832590956,-0.000505843941000686,-0.00944277714374342
2024-11-06,198820.0,-0.06220416960377639,0.07314662162689274,0.9094205814304396,0.4611155819334071,0.0014049819574817324,0.21555175535660395,2.1851373101297655,0.28984381450231744,0.009645790909286099,-0.045783264114458044
2024-11-07,136403.0,-0.08531252293512936,0.0831218979750085,0.9493706150157988,0.6019808948483538,-0.10290223941232401,0.35674435313006314,1.2119968035893638,-0.37678615348160704,-0.023108353331352978,0.1408653129149467
2024-11-08,162530.0,-0.07995577372439898,0.08067532105806402,0.9379437642281425,0.548175721405279,-0.015024694434762176,0.32373715621731375,0.9366824586230235,0.1752488608126921,0.0053567492107303855,-0.05380517344307478
2024-11-11,172084.0,-0.07617993061023894,0.07952120582634573,0.943812324213756,0.5193161479277563,-0.022509481658027908,0.3201517863369052,0.8260733130331699,0.057120129576553325,0.0037758431141600435,-0.02885957347752277
2024-11-12,176364.0,-0.05568362901405241,0.07961123348323723,0.7803690095484339,0.42331201378966227,-0.06447588675719929,0.3191694450114536,1.2541845274545826,0.024567311420909732,0.020496301596186525,-0.096004134138094
2024-11-13,221078.0,-0.04468422391920864,0.0732985553738882,0.7715964501216765,0.33838735649861135,0.0017397025314269676,0.2983743294221949,1.7929509042057554,0.22596553931258967,0.010999405094843769,-0.08492465729105092
2024-11-14,116975.0,-0.06840290754732334,0.08844641845038032,0.826185082282539,0.48583030562085916,-0.03149319976157128,0.7342338106432998,1.0906347510151742,-0.6365553436728568,-0.023718683628114696,0.1474429491222478
2024-11-15,140131.0,-0.06408591500240886,0.08248992912238073,0.8429184120572892,0.47582619120679936,-0.032659610065088884,0.7410351742298278,0.9589669666240874,0.18061746263502698,0.00431699254491448,-0.010004114414059795
2024-11-18,159854.0,-0.05403695914741544,0.07896556800374986,0.8122036358176836,0.392664556407722,-0.02424052648432984,0.7018779636418232,1.0211067599184256,0.13168319926495542,0.010048955854993415,-0.08316163479907734
2024-11-19,194304.0,-0.057775986693229295,0.07351574767927528,0.8907536643610013,0.40845273386034253,-0.03714855922411675,0.7105772397891963,1.5944756669960474,0.19516304424079323,-0.0037390275458138514,0.01578817745262051
2024-11-20,199109.0,-0.051298936128232844,0.0735027724544957,0.8231019190493649,0.37674841418519506,-0.03033978656897196,0.6615371479943146,1.8170650246849716,0.024428470570819982,0.0064770505649964505,-0.031704319675147474
2024-11-21,102062.0,-0.06291229539422184,0.08389679422279317,0.8855205659305129,0.44135917383551176,-0.029068535347668845,0.0,1.1047108620250436,-0.6682719417041625,-0.011613359265988998,0.06461075965031671
2024-11-22,139962.0,-0.06474256991459626,0.07591924578414494,0.9405624383761306,0.4390191623440648,-0.04384849670280544,0.0,1.1586287706663236,0.3157904854347606,-0.001830274520374417,-0.0023400114914469694
2024-11-25,157494.0,-0.061252437991162485,0.0742730609135884,0.9076536248999962,0.4453122023696141,-0.08490232639616668,0.0,0.9053614740879018,0.11801640510747724,0.0034901319234337744,0.006293040025549312
2024-11-26,160403.0,-0.05172004632125037,0.0738877671829238,0.8485751513375684,0.3860526299383428,-0.07402344749007439,0.0,1.1012512234808576,0.018302036197454186,0.009532391669912113,-0.059259572431271335
2024-11-27,178151.0,-0.03660023414159922,0.07137471981417921,0.7015397050816442,0.2623560911810767,-0.05976239748052137,0.0,1.8754483556084445,0.10494210678395,0.015119812179651151,-0.12369653875726605
2024-11-28,112474.0,-0.059503194966029745,0.08624675172637222,0.8087202375660153,0.3623681917598734,-0.040311405495338404,0.0,1.233378380781336,-0.4599094214602797,-0.022902960824430524,0.10001210057879667
2024-11-29,128302.0,-0.05596851602870477,0.08259872569167342,0.829667503234556,0.35677542049227606,-0.03874227961819199,0.0,1.3104550201867469,0.13166477614155347,0.003534678937324974,-0.0055927712675973296
2024-12-02,174156.0,-0.062032784369259845,0.07430212978281105,0.9437573210225315,0.433525115413767,-0.03241114785505339,0.34250327292772,1.2403764441075817,0.30556458931159725,-0.006064268340555075,0.07674969492149092
2024-12-03,198714.0,-0.06372393291458892,0.0731293154312181,0.9447145143271234,0.44699920488742617,-0.018563054718149563,0.3174059200660245,1.141484746922713,0.1319151557763476,-0.00169114854532907,0.01347408947365919
2024-12-04,235016.0,-0.06261769011603491,0.07069625905260106,0.9833117745174796,0.43891054226095244,-0.0109794184816987,0.2712623821356844,1.3400279129931578,0.16778699188028234,0.001106242798554008,-0.00808866262647373
2024-12-05,128912.0,-0.08090881200781873,0.08654160335821412,0.9609888916470151,0.5360866327417153,-0.054493006256677634,0.52783294030036,0.5926601092217947,-0.6005235958980162,-0.01829112189178382,0.09717609048076287
2024-12-06,143730.0,-0.07199977528850669,0.08447481102839176,0.9279760662353023,0.4616155291170945,-0.051448976362539645,0.49303555277255967,0.7971752591664927,0.10880653852830058,0.008909036719312036,-0.07447110362462078
2024-12-09,161917.0,-0.06993734177594008,0.08129187523408885,0.9612826324598406,0.4409790201152442,-0.020334504205471893,0.4646701705194637,0.6591525287647375,0.11914731869633677,0.0020624335125666166,-0.020636509001850323
2024-12-10,168548.0,-0.060048984143512806,0.07986101866729327,0.9071718442224174,0.3555070365711845,-0.005408846153180935,0.44483470584047274,1.0631867479887036,0.040136717435032665,0.00988835763242727,-0.08547198354405972
2024-12-11,191757.0,-0.04764850811707935,0.07650516749746436,0.8704349776018607,0.28227391959615555,-0.000158490160729996,0.4553627768477813,1.9155285074338877,0.12900836975354757,0.012400476026433453,-0.07323311697502893
2024-12-12,140732.0,-0.07230460266173636,0.08727739679191455,0.9383722252224086,0.4168916806412188,-0.04542062238575417,0.8206093852144501,0.8588451809112355,-0.3093715729296793,-0.024656094544657003,0.13461776104506323
2024-12-13,152730.0,-0.06866783200081392,0.08554709328870869,0.9433772015975905,0.39769527925096576,-0.044329223369799386,0.8168925554900806,0.7399266679761671,0.0818142840639755,0.0036367706609224393,-0.019196401390253026
2024-12-16,167432.0,-0.06491931855096775,0.08370956256165124,0.928143962922261,0.36998901046394955,-0.045134744508439795,0.8133630369343973,1.1849049166228678,0.09190564210532237,0.003748513449846169,-0.02770626878701621
2024-12-17,184042.0,-0.05895716554542361,0.08259230825183325,0.9055922017800284,0.3373414764021256,-0.0007824308009249936,0.808375262168418,1.0358179111289814,0.09458669374332551,0.005962153005544139,-0.03264753406182397
2024-12-18,222751.0,-0.057652137414959725,0.07890516271037863,0.9605433870106083,0.3557739359194796,-0.007280089879997398,0.7676553640612164,1.8064161328119739,0.19089056324766318,0.0013050281304638825,0.018432459517354005
2024-12-19,88875.0,-0.05539171913156591,0.08290224388506617,0.8872911392405063,0.31368776371308016,-0.040652356397649636,0.0,1.4021490857946555,-0.9188236675552606,0.0022604182833938155,-0.04208617220639943
2024-12-20,101954.0,-0.03857088962607119,0.08099406310455541,0.7494164034760774,0.2175392824214842,-0.022667451494319257,0.0,1.2286325205484827,0.13729084304646832,0.016820829505494718,-0.09614848129159595
2024-12-23,155090.0,-0.048946023321200696,0.06882969633896634,0.9509833000193436,0.2955961054871365,-0.017509112927589165,0.0,1.4659036688374492,0.4194838624014885,-0.010375133695129504,0.07805682306565229
2024-12-24,160944.0,-0.0456126825074896,0.06912906297610479,0.8957587732378964,0.27671115419027736,-0.0052006380556604,0.0,1.0281091559797197,0.03705088482062102,0.0033333408137110956,-0.01888495129685913
2024-12-25,195436.0,-0.04360913961787685,0.06761707856956709,0.9009343212100125,0.2817137067889232,-0.0008669202110410668,0.0,1.3176180437585705,0.19417648170868063,0.0020035428896127486,0.0050025525986458486
2024-12-26,97038.0,-0.07436177621102748,0.0929053279094508,0.9256064634473093,0.4308003050351409,-0.01922575616403699,0.0,0.5620993837465735,-0.7001303057349659,-0.030752636593150626,0.14908659824621767
2024-12-27,119880.0,-0.06860581518278594,0.08856720874020518,0.9299799799799799,0.40367033700367033,-0.011844122276986169,0.0,0.7277861194527862,0.21138858808276595,0.005755961028241538,-0.027129968031470553
2024-12-30,127393.0,-0.06428848864024594,0.08761134477460257,0.8995313714254315,0.37507555360184625,-0.025450405774853246,0.0,0.659314091041109,0.0607855541251201,0.004317326542539995,-0.028594783401824087
2024-12-31,134738.0,-0.05746593225635623,0.08760295184944258,0.8743190488206742,0.306884472086568,-0.014547364673910601,0.0,0.8429990054772967,0.056055355446659405,0.006822556383889712,-0.06819108151527825
2025-01-02,148524.0,-0.049902564457896606,0.08495088220191836,0.8212477444722739,0.2701314265707899,-0.005783972186478192,0.3206417817995745,2.006578061458081,0.09741440932564416,0.007563367798459626,-0.03675304551577807
2025-01-03,120744.0,-0.06419908592498823,0.08985648264755565,0.9041857152322269,0.3421867753263102,-0.017823234373567587,0.41930033790498905,1.0967832770158352,-0.20707395948875984,-0.014296521467091622,0.07205534875552028
2025-01-06,173329.0,-0.06697368806455506,0.08197287993158792,0.9665895493541184,0.38968089586855054,-0.023259586600990034,0.3271985645794991,1.6196424141372765,0.3615189207377316,-0.0027746021395668313,0.04749412054224034
2025-01-07,193571.0,-0.06250054302933099,0.08258446852003233,0.9269931962948995,0.3734805316912141,-0.00639585104732221,0.3198206342892272,1.0536598974019868,0.11045284763903851,0.0044731450352240715,-0.016200364177336446
2025-01-08,201670.0,-0.05306704936993328,0.08313858762975251,0.8221004611494025,0.31649228938364654,-0.0003131497697517194,0.35149005801557,1.5840680319333564,0.04098832791785334,0.009433493659397711,-0.05698824230756755
2025-01-09,127763.0,-0.07362781072671257,0.09852598290506696,0.8370811580817608,0.39889482870627646,-0.01218007957149414,0.7051963400984635,0.9572020068407912,-0.45645571299281507,-0.02056076135677929,0.08240253932262992
2025-01-10,141396.0,-0.06699216742044722,0.09501322558953504,0.848553000084868,0.3542391581091403,-0.02224331279609737,0.7142069082576593,0.8163314379473252,0.1013874793602696,0.006635643306265343,-0.044655670597136154
2025-01-13,151933.0,-0.04642809999121589,0.09327434438945288,0.6399004824495008,0.27514101610578345,-0.021714818307984718,0.6924828707390758,1.5260015928073558,0.07187516967715091,0.020564067429231336,-0.07909814200335685
2025-01-14,170029.0,-0.05690250214987433,0.08794020136523101,0.8128319286709914,0.3135641567026801,-0.03498275250992211,0.7037858247710684,1.2215916108428562,0.11252937654068162,-0.010474402158658441,0.038423140596896665
2025-01-15,183653.0,-0.04500677158699009,0.08704347266937162,0.7508290090551203,0.26385629420700996,-0.000647136498720613,0.6665341704192145,1.7209901281220563,0.07707909681585434,0.01189573056288424,-0.04970786249567016
2025-01-16,108722.0,-0.08914746893071561,0.0994925674900836,0.9435808759956587,0.49794889718732177,-0.2703614750858845,0.0,1.118963963135336,-0.5242539419998824,-0.04414069734372552,0.23409260298031181
2025-01-17,132315.0,-0.08021040901961654,0.09472960178628838,0.9320636360201036,0.4348940029475116,-0.02799713842357554,0.0,1.083376790235423,0.1963912778258301,0.008937059911099068,-0.06305489423981014
2025-01-20,148468.0,-0.07683531274013668,0.09236026037672146,0.9339386265053748,0.4544413611013821,-0.01146783273348051,0.0,0.8089622006088855,0.11518400342750468,0.003375096279479864,0.019547358153870487
2025-01-21,161117.0,-0.07356898574515958,0.09074191679154896,0.9472060676402863,0.4221404321083436,-0.012875960139072884,0.0,0.9892624614410646,0.08176136232819609,0.0032663269949771007,-0.03230092899303849
2025-01-22,212588.0,-0.06687559642854302,0.08466619035940151,0.9092752177921614,0.41246918922987186,-0.001080108699487048,0.0,1.3904500724405893,0.2772252111539437,0.00669338931661656,-0.009671242878471764
2025-02-03,137404.0,-0.060761877753309976,0.09540770558663644,0.8342697446944776,0.32346947687112454,-0.0019700626269293364,0.24353002823789702,1.7839728101074204,-0.4364305288424699,0.00611371867523304,-0.08899971235874732
2025-02-04,120245.0,-0.07100057648546851,0.09620936344141526,0.877001122707805,0.3777870181712337,-0.012896398870577919,0.3026986569088112,1.3787766643103663,-0.13339416336619614,-0.010238698732158533,0.054317541300109184
2025-02-05,188647.0,-0.058610799044180005,0.08412708778563628,0.9098580947483925,0.3505277051848161,-0.0004999658917915761,0.21526978960704385,1.6456556425493116,0.45034621573917377,0.012389777441288503,-0.02725931298641765
2025-02-06,125937.0,-0.08569761026740134,0.09693298977772137,0.9578757632784646,0.4809706440521848,-0.022155888937495094,0.3426951571023607,0.6664681547122768,-0.40409576190919516,-0.02708681122322134,0.13044293886736874
2025-02-07,149798.0,-0.08180651467612213,0.09203974411697237,0.9670956888609995,0.4960413356653627,-0.020370751337300375,0.2991762239816286,0.7695162819263275,0.17350593794934888,0.0038910955912792172,0.015070691613177867
2025-02-10,163442.0,-0.06942555089842017,0.09015509504241101,0.9379229329058626,0.3697641976970424,-0.019445091935623937,0.29562780680608414,0.8119332852020901,0.08717046748186164,0.012380963777701953,-0.1262771379683203
2025-02-11,176413.0,-0.06963619996718307,0.08861039472978705,0.9440290681525738,0.4027084171801398,-0.016423587872930412,0.30132699971090565,0.9608815676849212,0.07636964966138216,-0.00021064906876289147,0.03294421948309739
2025-02-12,203789.0,-0.05838965123935691,0.08526775655182611,0.8588834529832327,0.3224560697584266,0.00044010777273273405,0.32460535161367887,1.5278596980209922,0.14425730784477153,0.011246548727826156,-0.08025234742171317
2025-02-13,141184.0,-0.08199601126373487,0.09545879638983652,0.9488256459655485,0.47349558023572075,-0.01706923379692049,0.6502790684496826,0.7141814936536718,-0.36702114065617764,-0.023606360024377965,0.15103951047729414
2025-02-14,148662.0,-0.07141725715796417,0.09445648118329882,0.9088805478198867,0.36342844842663224,-0.006591481478761985,0.649197508441969,0.8064670191440987,0.051611268533761745,0.010578754105770707,-0.1100671318090885
2025-02-17,174742.0,-0.07501690784443035,0.08988062681317535,0.9694692747021323,0.44679012486980807,-0.02149852820615583,0.6768893568804294,1.0445113367135548,0.1616353276559881,-0.0035996506864661854,0.08336167644317583
2025-02-18,194741.0,-0.07385300713371716,0.08746622663708792,0.9742324420640749,0.44158138245156386,-0.028146154987025773,0.6850740213925162,0.8778634185918733,0.10835987020855775,0.0011639007107131921,-0.0052087424182442055
2025-02-19,230098.0,-0.062116308485863365,0.08469388237477664,0.9440195047327661,0.38682213665481663,-0.02559218575771649,0.6445297221184018,1.4137671774635157,0.16683483454115589,0.011736698647853795,-0.054759245796747236
2025-02-20,115359.0,-0.08243678940945022,0.10595216579926661,0.8777208540295945,0.4303088619006753,-0.007981280223574583,0.0,0.9717057186695447,-0.6904563001473285,-0.020320480923586855,0.04348672524585867
2025-02-21,137892.0,-0.080240953962772,0.09995804556330294,0.9717169959098425,0.4297131088097932,-0.030772958565543962,0.0,1.0267745772053491,0.17842176508037966,0.0021958354466782154,-0.0005957530908821118
2025-02-24,153711.0,-0.07014521366937088,0.09654884175360454,0.9316964953711836,0.3455510666120187,-0.011258498190772848,0.0,0.7866580791225092,0.10860344590977711,0.010095740293401129,-0.08416204219777451
2025-02-25,156159.0,-0.06094368955802663,0.09610625323621554,0.8327794107288085,0.30518253831031195,-0.012270181037992378,0.0,1.2007249021830313,0.01580050298247926,0.009201524111344249,-0.04036852830170673
2025-02-26,210907.0,-0.05470958365310467,0.08535359591193435,0.934255382704225,0.28146054896233885,-0.01720111697229576,0.0,1.630154523083634,0.3005425590639863,0.0062341059049219605,-0.023721989347973094
2025-02-27,120559.0,-0.0731482727305042,0.10300226930193904,0.8327955606798331,0.3925215039938951,-0.27125021363647017,0.0,1.1325243241898157,-0.5592780183609829,-0.018438689077399532,0.11106095503155627
2025-03-03,139000.0,-0.058889237086024664,0.0968864719970222,0.7726330935251798,0.31597841726618703,-0.011260642680582245,0.48135971223021584,1.2150359712230216,0.14233467347193418,0.014259035644479535,-0.0765430867277081
2025-03-04,177218.0,-0.04798353972375147,0.08743929341247789,0.7683079596880678,0.24529111038382106,-0.02641426604026753,0.38463925786319675,1.5687401956911826,0.2429066800168176,0.010905697362273196,-0.07068730688236596
2025-03-05,240816.0,-0.04790980910634782,0.07804177183465898,0.8527381901534782,0.25915636834761807,0.0012285817968773483,0.2931740415919208,1.5922073284167164,0.3066525432624978,7.373061740365006e-05,0.013865257963797006
2025-03-06,129874.0,-0.07098008543037808,0.0970803797623306,0.8406763478448342,0.4076566518317754,-0.0314953315873836,0.5551996550502795,0.6625113571615566,-0.6174684067315184,-0.02307027632403026,0.14850028348415734
2025-03-07,142853.0,-0.06512071759595393,0.09362853854996149,0.8144386187199428,0.3836391255346405,-0.025516841505186627,0.5256662443210853,0.665152289416393,0.09525137982782717,0.005859367834424145,-0.024017526297134884
2025-03-10,159939.0,-0.05760308397259798,0.08970057967884765,0.8037876940583597,0.3468322297876065,-0.020443783491361,0.4811584416558813,0.9114787512739232,0.11297636303325298,0.007517633623355953,-0.036806895747033996
2025-03-11,173058.0,-0.0447202576355354,0.0878841305571624,0.7127437044227947,0.276930277710363,-0.025875024749570597,0.45903685469611344,1.442163898808492,0.07883430588670315,0.01288282633706258,-0.06990195207724353
2025-03-12,225192.0,-0.04707549434148605,0.07873070683099866,0.8094736935592739,0.3041182635262354,-0.0035173145599586286,0.41202618210238373,1.9567968666737716,0.2633265732295875,-0.0023552367059506488,0.027187985815872395
2025-03-13,143014.0,-0.0534705718915379,0.09302879294659755,0.7100144041842057,0.36481743046135345,-0.043788999748653135,0.8214440544282378,1.2836505516942398,-0.45401084409014736,-0.00639507755005185,0.060699166935118065
2025-03-14,160315.0,-0.05354946640775224,0.08736598568091425,0.746149767644949,0.38284003368368524,-0.044066268967887456,0.8324174281882544,0.799288899978168,0.11419810221969406,-7.889451621433813e-05,0.01802260322233179
2025-03-17,182245.0,-0.05563357314553787,0.08258567230950181,0.8176794973799006,0.426832011852177,-0.05057410879426083,0.8256797168646602,0.9566901698263327,0.12821130588477025,-0.0020841067377856334,0.04399197816849176
2025-03-18,208530.0,-0.055300931831578054,0.07804057421530158,0.8547451206061478,0.39078310075288925,-0.0121980076033813,0.8130293003404786,0.8562892629357887,0.13473098011032825,0.00033264131395981805,-0.03604891109928776
2025-03-19,216198.0,-0.04248082400983955,0.07793639543590289,0.7438690459671228,0.3116125033534075,-0.007323493693089045,0.7464870165311428,1.600010175857316,0.03611173868801387,0.012820107821738501,-0.07917059739948173
2025-03-20,102246.0,-0.047200904103127043,0.05381424427679425,0.934960780861843,0.3902744361637619,-0.061547302931636794,0.0,1.3497447332902999,-0.7488129801152077,-0.00472008009328749,0.07866193281035438
2025-03-21,115456.0,-0.039678140238373884,0.05342486238663326,0.91217433481153,0.32046840354767187,-0.031928353692855516,0.0,0.9941709395787139,0.12150783064679338,0.00752276386475316,-0.06980603261609003
2025-03-24,129869.0,-0.03488112964438781,0.052448196038798266,0.8648176239133281,0.30610076307663875,-0.027441528880010724,0.0,1.29502036667719,0.11763674508454969,0.004797010593986073,-0.014367640471033116
2025-03-25,148023.0,-0.03777162673495782,0.05034467386217021,0.896880890131939,0.2901711220553563,-0.012265418649057391,0.0,1.4473561541111855,0.13084141701069818,-0.0028904970905700086,-0.01592964102128247
2025-03-26,187171.0,-0.03263239364053306,0.047451025608263774,0.8738479785864263,0.2598212329901534,-0.0027084103576369145,0.0,1.724781082539496,0.23465497041773098,0.00513923309442476,-0.030349889065202862
2025-03-27,110764.0,-0.03648226643447936,0.056989964837424405,0.8121230724784226,0.28644685999061065,-0.10257765208803293,0.0,0.9640226066230906,-0.524620825741799,-0.0038498727939463018,0.02662562700045723
2025-03-28,124793.0,-0.02650935917386314,0.05648953610632994,0.7512039938137556,0.2640372456788442,-0.08808497381600333,0.0,1.4097825999855762,0.11925455284736586,0.009972907260616223,-0.022409614311766468
2025-03-31,144410.0,0.0035027098060254713,0.059395172657940185,0.44381275534935255,0.1243819680077557,-0.04812064225281343,0.0,1.5082265771068486,0.1460001115198235,0.03001206897988861,-0.13965527767108848
2025-04-01,178555.0,-0.028113652502964968,0.05585766203268121,0.7421914816163087,0.3015653440116491,-0.07425551581589807,0.3107109854106578,1.4099633166251295,0.21224020087030127,-0.03161636230899044,0.1771833760038934
2025-04-02,231101.0,-0.02804293380313993,0.05254455329541081,0.7740338639815492,0.27816409275598114,-0.004611652992597581,0.25554194919104634,1.6535757093218981,0.25795816739331023,7.071869982503906e-05,-0.023401251255667943
2025-04-07,107052.0,0.05886433638424369,0.08038249378087048,0.24875761312259462,0.08631319358816276,0.0399145190265362,0.571507304861189,0.6657885887232373,-0.7695401466824379,0.08690727018738362,-0.1918508991678184
2025-04-08,120845.0,0.07300274711064186,0.10073612533730834,0.2637759112913236,0.15260043857834416,0.007586694438500574,0.5231081136993669,0.7814886838512144,0.12119403497029246,0.014138410726398175,0.06628724499018139
2025-04-09,158536.0,0.1008127136218752,0.11517469037134014,0.22248574456274917,0.0449740122117374,-0.00527606176718165,0.4313972851592067,2.2524537013675126,0.271472964174972,0.02780996651123334,-0.10762642636660676
2025-04-10,110623.0,0.006450956901640783,0.11961332465647706,0.5514223985970368,0.3769559675655153,-1.5789448752911994e-06,0.8867685743471069,0.484429097023223,-0.3598536727962909,-0.09436175672023442,0.3319819553537779
2025-04-11,134572.0,-0.039617245355733084,0.11656893147643317,0.6579303272597569,0.5099872187379246,-0.027076462060846684,0.8774856582349969,0.9096320185476919,0.1959713477279159,-0.04606820225737387,0.13303125117240933
2025-04-14,168374.0,-0.048249569214159,0.11148642857529545,0.7064392364616865,0.5400299333626332,-0.07754230621598113,0.8814603204770333,1.0124069036787153,0.2240883237923761,-0.008632323858425918,0.030042714624708533
2025-04-15,196013.0,-0.061605087702161734,0.10325808134422516,0.764801314198548,0.5364491130690311,-0.0431908678107753,0.871171810033008,0.9029962298418982,0.15199328797270972,-0.013355518488002732,-0.0035808202936020717
2025-04-16,232336.0,-0.04309335516035689,0.1000079302674954,0.7198583086564286,0.4383005646994009,-0.024039449352784015,0.8154138833413677,1.3479572687831416,0.17000361622675975,0.018511732541804847,-0.09814854836963022
2025-04-17,71596.0,-0.07678826233597015,0.10471741300068498,0.8624224817028884,0.6274512542600146,-0.1209350355478358,0.0,1.174898038996592,-1.1771453933041283,-0.03369490717561326,0.1891506895606137
2025-04-18,83955.0,-0.08030167120224854,0.10064200822203707,0.877493895539277,0.6275742957536775,-0.19567023098185454,0.0,0.8107200285867429,0.15924173452717838,-0.003513408866278392,0.00012304149366293426
2025-04-21,93623.0,-0.0667727884098995,0.09817354413088873,0.8461595975347938,0.5577582431667432,-0.18351111157634703,0.0,1.089069993484507,0.10899513878203138,0.01352888279234904,-0.06981605258693435
2025-04-22,106859.0,-0.051601809604625945,0.09429627734613404,0.7757044329443472,0.44930235169709615,-0.01561343512067781,0.0,1.4891024621229845,0.13223412865382045,0.015170978805273558,-0.10845589146964701
2025-04-23,180377.0,-0.0654099171478384,0.07999171767751284,0.9587807758195336,0.4793626681894033,-0.004538895287675482,0.0,2.263830754475349,0.5235388965963672,-0.013808107543212461,0.03006031649230717
2025-04-24,75887.0,-0.07230661567325161,0.10519080019996416,0.8571560346304373,0.5540079328475233,-0.22993242400331437,0.0,1.0172097987797646,-0.865803713309182,-0.006896698525413206,0.07464526465811994
2025-04-25,103188.0,-0.07784601624177126,0.09504459718440998,0.9075764623793464,0.5527193084467186,-0.043915959206410005,0.0,1.3906268170717526,0.3073071754822916,-0.005539400568519648,-0.0012886244008046832
2025-04-28,120290.0,-0.07830196734928895,0.09066556705960788,0.9472857261617758,0.5721922021780697,-0.02667460633979235,0.0,0.8449247651508853,0.1533529267892213,-0.0004559511075176853,0.019472893731351082
2025-04-29,135778.0,-0.07694068074989968,0.08844604492965648,0.9594632414676899,0.5331497002459897,-0.011497763760816126,0.0,1.3772776149302537,0.12111570504921154,0.0013612865993892637,-0.03904250193207992
2025-04-30,177987.0,-0.06357191151996908,0.08322653148187541,0.9293150623360134,0.4375937568474102,-0.0017311563165460786,0.0,1.8149696326136178,0.2706893148619365,0.013368769229930605,-0.09555594339857953
2025-05-02,112505.0,-0.10418811224154874,0.09865936317431966,0.9657081907470779,0.6634905115328208,-0.29284901989836265,0.3698502288787165,1.1865783742944758,-0.4587128488158356,-0.04061620072157966,0.2258967546854106
2025-05-05,127724.0,-0.09093451190045573,0.09863948983143132,0.9179715636841941,0.579217688140052,-0.02595773922843203,0.3482744041840218,1.4893833578653972,0.12687402076411125,0.013253600341093005,-0.08427282339276876
2025-05-06,144025.0,-0.08513074872740738,0.09567730188136353,0.9291164728345773,0.5185905224787364,-0.025464134887458134,0.31994445408783195,1.1485714285714286,0.1201152097530418,0.005803763173048357,-0.06062716566131565
2025-05-07,176531.0,-0.07608912146743936,0.0916490159918427,0.9409168927837037,0.4782502789878265,-0.004696179250081256,0.2760478329585172,1.9141057378024255,0.2035096027262302,0.009041627259968016,-0.040340243490909866
2025-05-08,105154.0,-0.10913726796056131,0.10542035008543656,0.9281529946554578,0.7050801681343554,-0.28444171850813404,0.5018734427601422,0.7849820263613367,-0.5180705560255436,-0.033048146493121947,0.22682988914652885
2025-05-09,121985.0,-0.11214156787222854,0.1019093190869656,0.9669057671025126,0.6922244538262902,-0.2971564959952264,0.43941468213304913,0.9145140795999508,0.14847214403537912,-0.0030042999116672298,-0.012855714308065203
2025-05-12,147000.0,-0.10521963000388942,0.10044718524811605,0.9680612244897959,0.6438775510204081,-0.30429152740665444,0.3960136054421769,1.0358231292517006,0.18653450042422293,0.006921937868339112,-0.04834690280588205
2025-05-13,181211.0,-0.09262815957923844,0.10030115810000897,0.9170800889570722,0.5544751698296461,-0.31083434051534586,0.35530403783434783,0.9449040069311465,0.20922951138935098,0.012591470424650988,-0.08940238119076205
2025-05-14,249076.0,-0.0856440345008167,0.09502357523366944,0.9799619393277554,0.5022603542693796,-0.003804365540445276,0.32492090767476595,1.4143514429330806,0.3180959726097363,0.006984125078421735,-0.052214815560266414
2025-05-15,138927.0,-0.11972741189406792,0.11160833185542883,0.9545804631209196,0.6500032391111878,-0.033605227735529986,0.787579088298171,0.5865598479777149,-0.583809455458491,-0.03408337739325122,0.1477428848418082
2025-05-16,157298.0,-0.11493970940907915,0.10986775030048558,0.9684293506592582,0.6146677007972129,-0.038623968752532156,0.7905249907818281,0.6564291980826202,0.12419348010589992,0.004787702484988776,-0.03533553831397496
2025-05-19,166078.0,-0.10019953783759329,0.11071238589631997,0.8998362215344597,0.5307686749599586,-0.024337211360617617,0.7705837016341719,0.8251002540974722,0.05431546209057103,0.014740171571485855,-0.08389902583725428
2025-05-20,178872.0,-0.09511348277491644,0.10946506012985335,0.8943043069904736,0.49885951965651415,-0.02443692589855162,0.7620085871461156,1.012634733217049,0.07421290873169895,0.005086055062676856,-0.03190915530344446
2025-05-21,243824.0,-0.08154198449487789,0.10160572383200965,0.9703966795721504,0.43016274033729246,-0.004765659003362233,0.7524402847955902,1.4505955115165037,0.30977618730000245,0.01357149828003855,-0.06869677931922169
2025-05-22,85742.0,-0.08795643130875763,0.10159035125374612,0.9334281915513983,0.5359567073312962,-0.030961249524709578,0.0,0.9026264841034732,-1.045103866314296,-0.006414446813879746,0.10579396699400373
2025-05-23,101379.0,-0.08176047777277606,0.09730566196345557,0.9408457372828692,0.49681886781286067,-0.03012344219350982,0.0,0.9336647629193423,0.16752318188386894,0.006195953535981569,-0.039137839518435524
2025-05-26,115868.0,-0.07311284542290965,0.09400334932242409,0.9008268029136604,0.44429868471018746,-0.024914366586694103,0.0,1.1654641488590465,0.13358564301970155,0.008647632349866416,-0.0525201831026732
2025-05-27,123814.0,-0.06610341489030526,0.09288084730719874,0.840325003634484,0.4230054759558693,-0.015772941629711323,0.0,1.3130906036474066,0.06632882734199086,0.007009430532604388,-0.02129320875431817
2025-05-28,158193.0,-0.056491398396320024,0.08618896721193818,0.856289469192695,0.3594090762549544,-0.0027025356639192033,0.0,2.336228530971661,0.24503536708821017,0.009612016493985236,-0.06359639970091491
2025-05-29,96261.0,-0.08896159820245357,0.10219081755652615,0.8977986931363688,0.5609436843581512,-0.20364636277187276,0.0,1.1830024620562845,-0.4967525542149147,-0.03247019980613355,0.20153460810319684
2025-06-02,118214.0,-0.0697629523715924,0.09648366793675178,0.8576226166105537,0.4355744666452366,-0.023935482611529668,0.4223696008932952,1.159177423993774,0.2054332889224888,0.019198645830861172,-0.12536921771291465
2025-06-03,142699.0,-0.06678316397631698,0.09079865458141484,0.8846803411376394,0.43965970329154375,-0.006007971816066049,0.3676900328663831,1.4188256399834618,0.18824097547520324,0.0029797883952754206,0.0040852366463071665
2025-06-04,216933.0,-0.06326958349286897,0.08127508885876057,0.9778687428837475,0.3948684616909368,-0.005462554740034875,0.25386179142869,1.7973844458888228,0.4188510333554607,0.003513580483448006,-0.044791241600606935
2025-06-05,113415.0,-0.09538927095624788,0.1002461752895995,0.9611162544636953,0.5748357800996341,-0.215665648416129,0.502649561345501,0.7330070978265661,-0.6485348924268752,-0.03211968746337891,0.17996731840869729
2025-06-06,128548.0,-0.08773882803772981,0.09712517799825793,0.9596104178983726,0.5317857920776675,-0.030500455664785875,0.4582568379126863,0.5617434732551265,0.12524871776394697,0.0076504429185180745,-0.04304998802196658
2025-06-09,148818.0,-0.08335527303419066,0.0942151330614855,0.9624440591863888,0.5066994583988496,-0.03626798909055362,0.41092475372602777,0.8660578693437622,0.14642170738262905,0.004383555003539152,-0.025086333678817963
2025-06-10,184554.0,-0.08601472095216278,0.09092111798214202,0.9751238120008237,0.5615212891619797,-0.028870423439471216,0.39050901091279516,1.4642652015128363,0.2152180207592007,-0.002659447917972124,0.054821830763130186
2025-06-11,241812.0,-0.07767219622709842,0.086647690793581,0.9872504259507386,0.49942517327510627,-0.0031197012919389477,0.3688650687310803,1.2866772534034705,0.270218461156718,0.00834252472506436,-0.06209611588687347
2025-06-12,128743.0,-0.10755094204913002,0.10280872789326558,0.9556558414826437,0.6574338022261405,-0.057781335276397616,0.8290237139106592,0.6141382444094048,-0.6303423956070748,-0.029878745822031594,0.15800862895103418
2025-06-13,145357.0,-0.09825323051561866,0.10214168430228182,0.928018602475285,0.5778325089262987,-0.04860927062309295,0.8049560736669029,1.1630193248347174,0.12137461632620905,0.00929771153351136,-0.07960129329984178
2025-06-16,160811.0,-0.09218611918045659,0.100036649838064,0.9269452960307442,0.5448943169310557,-0.047614728411466745,0.8101435847050263,0.801705107237689,0.10103697690537494,0.006067111335162065,-0.03293819199524295
2025-06-17,178096.0,-0.09087359239086158,0.09832505120474214,0.9594432216332764,0.5604280837301231,-0.009526107766260727,0.8012701015182823,0.9716388913844218,0.10209296838552362,0.0013125267895950088,0.015533766799067372
2025-06-18,235325.0,-0.07849390516917756,0.09356397233861065,0.9791352384999469,0.47234250504621267,-0.00477395397269631,0.7821480930627855,1.7225369170296398,0.2786448066824132,0.012379687221684019,-0.08808557868391043
2025-06-19,79093.0,-0.07358843061959253,0.08704028651273396,0.9305753985814168,0.5418810767071676,-0.045606380803054014,0.0,0.8185427281807492,-1.0903431621508606,0.004905474549585037,0.0695385716609549
2025-06-20,97165.0,-0.07361596892554446,0.08104015457080849,0.9470282509133947,0.5376730304121855,-0.04743501465589273,0.0,1.1627540781145473,0.20578618903424406,-2.7538305951937958e-05,-0.00420804629498206
2025-06-23,115411.0,-0.05991571779444784,0.07788886553800065,0.8902877542002062,0.450017762604951,-0.03368393734222597,0.0,1.2060808761729818,0.172089105838527,0.013700251131096623,-0.08765526780723448
2025-06-24,153319.0,-0.0641106423833374,0.07440074078986873,0.954023963109595,0.46752196400967916,-0.05357487304382935,0.0,1.64954767510876,0.2840210480296026,-0.004194924588889558,0.017504201404728137
2025-06-25,204231.0,-0.05945407561685172,0.07165687013700066,0.9779955050898248,0.4313889664154805,-0.0013646530344025853,0.0,1.432201771523422,0.2867309879725699,0.004656566766485681,-0.036132997594198635
2025-06-26,92833.0,-0.09725715776872924,0.0944680406584162,0.9791130309265025,0.6309178848038952,-0.29309267066032263,0.0,0.8024624864003103,-0.788449526128856,-0.037803082151877526,0.1995289183884147
2025-06-27,110129.0,-0.09488294847446903,0.09081270193796082,0.9857803121793534,0.6220341599397071,-0.29583951872624015,0.0,0.7699788429932171,0.17085022592914534,0.0023742092942602155,-0.008883724864188092
2025-06-30,132272.0,-0.07467289640047708,0.08876823321237298,0.9281934196201767,0.4834961291883392,-0.011503404472138379,0.0,0.8392857142857143,0.18320800255266434,0.020210052073991944,-0.13853803075136795
2025-07-01,161864.0,-0.07570257196057259,0.08597234944465591,0.9452626896653981,0.49671946819552215,-0.024551160518087478,0.31325680818464885,1.6419648593881282,0.20189606796657245,-0.0010296755600955054,0.013223339007182977
2025-07-02,195922.0,-0.06937863524650333,0.08292869134163697,0.9693296311797552,0.43889404967282897,-0.003443214422701346,0.27577301170874124,1.433784873572136,0.19096014436317965,0.006323936714069264,-0.057825418522693184
2025-07-03,126122.0,-0.09859034051509044,0.09357559163332677,0.9736445663722427,0.6406336721587035,-0.29995945048137695,0.47706982128415343,0.7617307051902127,-0.4404669283758498,-0.029211705268587115,0.20173962248587451
2025-07-04,141032.0,-0.09028705391371886,0.09196811895437229,0.9337880764649158,0.6044656531850927,-0.11298370107550726,0.45661268364626467,0.7934369504793238,0.11173712251921941,0.008303286601371584,-0.03616801897361077
2025-07-07,150760.0,-0.0840242819058271,0.0912965898854726,0.9244892544441496,0.5597638630936588,-0.1082861616712858,0.44432873441231097,0.8268638896258954,0.06670235341549358,0.0062627720078917565,-0.044701790091433935
2025-07-08,161736.0,-0.08127109402562482,0.08971282879857813,0.9269488549240738,0.5317245387545135,-0.01620005482448783,0.431715882672998,0.9988870752337142,0.0702762079130892,0.0027531878802022763,-0.028039324339145244
2025-07-09,208710.0,-0.07292814429395147,0.08452761066574288,0.9677926309232907,0.47841502563365434,-0.0056381206382914995,0.39251593119639694,1.634933639978918,0.2549803522916356,0.00834294973167335,-0.05330951312085919
2025-07-10,148593.0,-0.09487337940912162,0.09348043599488956,0.9745815751751429,0.580727221336133,-0.11868066495543828,0.6432402603083591,0.9392838155229385,-0.33973470375524606,-0.021945235115170145,0.10231219570247863
2025-07-11,188668.0,-0.07998134415129463,0.09006980760580972,0.9780354909152585,0.4841732567261009,-0.0022429753729830137,0.5708970254627176,1.188182415671974,0.23877783179949574,0.014892035257826994,-0.09655396461003207
2025-07-14,150782.0,-0.08974000054461538,0.0944408999542047,0.9585295327028425,0.5364234457693889,-0.027193049559650184,0.8197662851003436,0.7311814407555278,-0.2241537715936559,-0.009758656393320755,0.05225018904328804
2025-07-15,179678.0,-0.08409288819097048,0.09174940278240994,0.9648315319627333,0.48076002626921494,-0.014711021311143657,0.8210242767617627,1.3201170983648527,0.17533127497455325,0.005647112353644901,-0.055663419500174005
2025-07-16,237325.0,-0.07175040359103362,0.08739372597358099,0.9361677025176446,0.40535552512377543,-0.0018617448324647068,0.7780511956178237,1.6295501948804383,0.278264149739055,0.012342484599936865,-0.0754045011454395
2025-07-17,94837.0,-0.0580594780373801,0.07812816371602774,0.9606060925588115,0.36070310111032616,-0.013554112614046931,0.0,1.1613716165631558,-0.917270881293657,0.013690925553653518,-0.044652424013449266
2025-07-18,135732.0,-0.05358931284726053,0.07245026553567635,0.958042318686824,0.3551483806324227,-0.0035551271365297232,0.0,1.3410839006277075,0.3585227248630396,0.004470165190119564,-0.005554720477903452
2025-07-21,100799.0,-0.0633253853059864,0.0823601755739899,0.9504062540302979,0.3814819591464201,-0.014590909558296894,0.0,0.9884125834581692,-0.29755391838410716,-0.009736072458725868,0.02633357851399737
2025-07-22,115461.0,-0.048335235953158175,0.0847773515604688,0.7336676453521103,0.30141779475320674,0.0005254933895717517,0.0,2.3853682195719768,0.13580437565028447,0.014990149352828226,-0.08006416439321334
2025-07-23,176936.0,-0.04747872369937874,0.07501616817487211,0.9603359406791157,0.26421983089930823,-0.002944850628273321,0.0,2.008517203960754,0.4268552746629979,0.0008565122537794317,-0.03719796385389851
2025-07-24,102045.0,-0.0744748207496864,0.09608544822572733,0.9599392424910579,0.4341222009897594,-0.01171101060891866,0.0,1.0158165515213877,-0.5503741928012857,-0.02699609705030765,0.16990237009045117
2025-07-25,137762.0,-0.06045124857982567,0.08852595496911368,0.9600034842699728,0.3265632032055284,-0.002755476498841447,0.0,1.2277043016216374,0.3001136661112245,0.01402357216986072,-0.107558997784231
2025-07-28,119020.0,-0.07250288731494024,0.093349993241179,0.9532347504621073,0.41874474878171736,-0.01763893361716451,0.0,1.272475214249706,-0.1462360123596529,-0.01205163873511457,0.09218154557618896
2025-07-29,131713.0,-0.0643006367196619,0.09104986840107956,0.9001920843045106,0.39137366850652555,-0.008685637837520965,0.0,1.4467136880945692,0.10133376684864537,0.008202250595278349,-0.027371080275191806
2025-07-30,188717.0,-0.057907205174427996,0.0830446005332134,0.9764886046302135,0.32840178680246085,-0.0026306681692561673,0.0,1.840496616627013,0.3596232253413749,0.006393431545233898,-0.0629718817040647
2025-07-31,128062.0,-0.08344917342717417,0.09686350655759325,0.9643063516109385,0.5051927972388375,-0.24392121149307722,0.0,1.0803282784901063,-0.38773401675881125,-0.025541968252746176,0.17679101043637663
2025-08-01,168043.0,-0.06739403989478206,0.09099890723518012,0.9282326547371804,0.4025636295471992,-0.005734310018016275,0.2581125069178722,1.8418500026778861,0.27170537738607337,0.016055133532392116,-0.10262916769163827
2025-08-04,139962.0,-0.08028566553695117,0.09737681052289693,0.9489718637916006,0.48058044326317145,-0.01620860483837161,0.3210157042625856,0.9922264614681128,-0.18284894183951472,-0.012891625642169113,0.07801681371597224
2025-08-05,175060.0,-0.07522233556416265,0.0939674664948717,0.9807837312921284,0.427070718610762,-0.015240110242390359,0.2707757340340455,1.2773220610076546,0.22375781510981874,0.005063329972788522,-0.05350972465240944
2025-08-06,198828.0,-0.06069691081589138,0.09129897493032542,0.8713108817671555,0.33827227553463296,-0.002019843598597082,0.24274750035206308,1.2602701832739855,0.12731135707086771,0.014525424748271266,-0.08879844307612905
2025-08-07,169707.0,-0.08102516539847703,0.10019828001899969,0.9787751831097127,0.45660461854843937,-0.012655095428759755,0.3090385193303753,1.6108763928417802,-0.1583667087223013,-0.020328254582585643,0.11833234301380641
2025-08-08,205564.0,-0.07093888989023298,0.09723856396079007,0.9641376894787025,0.38797162927360823,-0.0008850493271376214,0.2690548928800763,0.8193798525033567,0.19168400032056887,0.01008627550824405,-0.06863298927483114
2025-08-11,169913.0,-0.08488026353693102,0.10447621001287029,0.9677482005496931,0.4561393183570415,-0.005614136852354457,0.3509619628868892,1.344099627456404,-0.19047087962530007,-0.01394137364669805,0.06816768908343329
2025-08-12,185019.0,-0.08054004297864208,0.10357543296074495,0.966608834768321,0.4267399564369065,-0.006555080725678453,0.3369437733421973,0.9163004880579833,0.08517198115933766,0.004340220558288949,-0.029399361920135036
2025-08-13,236016.0,-0.07112708399199016,0.09693512605382129,0.9744805436919531,0.38774913565182023,-0.015183409779721213,0.29221323978035385,1.9262634736628026,0.2434410768302282,0.009412958986651912,-0.038990820785086255
2025-08-14,158098.0,-0.08788777700404496,0.11135881877754288,0.9204670520816203,0.47952535768953436,-0.26561900478997935,0.52478209718023,0.8501182810661742,-0.4006845054236603,-0.016760693012054795,0.09177622203771413
2025-08-15,205376.0,-0.07362148131822135,0.10343504514819238,0.9395206840137115,0.3927625428482393,-0.0014169195314631677,0.4849154721096915,1.348813882829542,0.2616273515733578,0.014266295685823605,-0.08676281484129506
2025-08-18,187496.0,-0.08559458796558463,0.10586344260857304,0.9778768613730426,0.45599906131330803,-0.019708755471250505,0.7313489354439562,1.0984714340572599,-0.09108493363781811,-0.011973106647363271,0.06323651846506873
2025-08-19,204914.0,-0.07419270897284067,0.10369551601588237,0.9508037518178358,0.38682081263359264,-0.010409181431827008,0.7243819358364972,0.8003503908956928,0.08883286707385452,0.01140187899274396,-0.06917824867971539
2025-08-20,188761.0,-0.05527059552831279,0.10817501095995155,0.6169547734966438,0.3297238306641732,0.020086821663427346,0.6317565598826028,2.7589597427434693,-0.08210871434670253,0.018922113444527877,-0.057096981969419425
2025-08-21,126494.0,-0.0734416691331401,0.11122838258754476,0.9299018135247522,0.3497636251521811,-0.010939344707669996,0.0,1.4499422897528738,-0.40028678836406684,-0.01817107360482731,0.02003979448800791
2025-08-22,168996.0,-0.05281962661904852,0.10039036748832754,0.7742313427536747,0.25976946199910056,0.0014950890972951214,0.0,1.691253047409406,0.28968016979125544,0.020622042514091575,-0.08999416315308056
2025-08-25,157495.0,-0.07751056630384831,0.10827157673951003,0.9630337471030826,0.4084701101622274,-0.011425450357493316,0.0,1.3689006000190482,-0.0704813342738877,-0.02469093968479979,0.14870064816312684
2025-08-26,174985.0,-0.07185690500910245,0.10518490204771751,0.9696259679401091,0.3668657313484013,-0.012552920991890537,0.0,1.0990827785238735,0.1053065442340948,0.005653661294745857,-0.041604378813826115
2025-08-27,238661.0,-0.061356168627747724,0.09620468508946682,0.9762005522477489,0.30847939127046314,-0.0008115856916219855,0.0,1.4642233125646837,0.31034387902978544,0.01050073638135473,-0.05838634007793814
2025-08-28,133472.0,-0.08375994782491004,0.12183428448262235,0.8906736993526733,0.4121988132342364,-0.009755966736052502,0.0,1.3010294293934308,-0.5811524169793714,-0.02240377919716232,0.10371942196377326
2025-08-29,179875.0,-0.06471988220018807,0.11147773418903596,0.7902988186240445,0.32056150104239056,0.0027606868291716324,0.0,1.573131341209173,0.29837044719299755,0.019040065624721977,-0.09163731219184584
2025-09-01,146268.0,-0.0794538505351317,0.11740673079951026,0.9027811961604726,0.3702655399677305,-0.007134094641307431,0.37311647113517654,1.7764514452922033,-0.2068216097458322,-0.014733968334943628,0.04970403892533992
2025-09-02,167354.0,-0.07044986794270158,0.11233204631050331,0.8899996414785425,0.33282144436344513,-0.0006986781741764592,0.3355043799371392,1.9060434767020806,0.13467077391178073,0.009003982592430113,-0.037444095604285355
2025-09-03,228573.0,-0.059084989078829246,0.0990989683454075,0.9495172220690983,0.2606082083185678,-0.004161773919826639,0.25053265258801344,1.8437523242027711,0.3117443047754467,0.011364878863872337,-0.07221323604487734
2025-09-04,160179.0,-0.08016981409876942,0.11407374386612021,0.927955599672866,0.3790759088269998,-0.4292768565561821,0.3847570530469038,1.7220547013029173,-0.3555636942495308,-0.02108482501994017,0.11846770050843203
2025-09-05,217621.0,-0.07220234828215517,0.1038041549616716,0.9794780834570194,0.3600433781666291,-0.0038612623690629233,0.2974575063987391,1.419904329085888,0.30646307777879755,0.007967465816614241,-0.019032530660370695
2025-09-08,175916.0,-0.08524693033769566,0.11356887676206474,0.9523465745014666,0.4445303440278315,-0.014151408419146971,0.40291957525182476,1.1759703494849814,-0.21274840929819483,-0.013044582055540488,0.08448696586120236
2025-09-09,209604.0,-0.0830040791585065,0.10809580748721748,0.9827675044369383,0.449065857521803,-0.014289978990294938,0.34963550313925307,1.2410879563367112,0.1752134278542563,0.0022428511791891675,0.004535513493971521
2025-09-10,292439.0,-0.07008235302796932,0.09791405915684456,0.9373031640786625,0.38676099972985817,-0.015583550559906678,0.2790906821593563,1.5281648480537822,0.33303606168015776,0.012921726130537173,-0.062304857791944834
2025-09-11,177473.0,-0.0952492943914943,0.11821612217564505,0.931279687614454,0.5052486857155737,-0.4527221323532036,0.5466747054481527,1.2387180021749786,-0.49943761324530556,-0.025166941363524972,0.11848768598571552
2025-09-12,231544.0,-0.08326339586048798,0.10944090118888691,0.9773520367619113,0.4565784472929551,-0.0029299727101148587,0.4834804615969319,1.2107849911895796,0.26595143559197254,0.011985898531006317,-0.048670238422618584
2025-09-15,183570.0,-0.09580359698530151,0.11542306842008677,0.9641063354578635,0.5191371139075013,-0.02197249218761088,0.7669444898403879,0.8607724573732092,-0.2321738541185212,-0.012540201124813535,0.06255866661454618
2025-09-16,217208.0,-0.08993713610984364,0.11131619506314785,0.9755211594416412,0.48837059408493244,-0.02456686867236524,0.7570485433317373,1.2221603255865345,0.16825935365144673,0.005866460875457877,-0.03076651982256884
2025-09-17,242644.0,-0.07670917500867157,0.10931629782391211,0.8899251578444141,0.4151472939780089,-0.0015036411702848973,0.7026425545243237,1.3313290252386212,0.11073992877849648,0.013227961101172067,-0.07322330010692352
2025-09-18,141148.0,-0.06152250775816147,0.07431005458134844,0.9824156204834642,0.3914826990109672,-0.01045272369977368,0.0,1.6079717743078188,-0.5417863632968043,0.0151866672505101,-0.023664594967041708
2025-09-19,185675.0,-0.044592216067580216,0.06955125873146614,0.8088811094654639,0.29477312508415243,0.0028004130052072806,0.0,1.625943180288138,0.27418884827966217,0.016930291690581252,-0.09670957392681478
2025-09-22,151085.0,-0.061705814113114696,0.07549196529212183,0.9672965549194162,0.4153886884866135,-0.010842097942087792,0.0,1.2607671178475692,-0.20615524120975337,-0.01711359804553448,0.12061556340246105
2025-09-23,190590.0,-0.062444998905525496,0.07395068892998222,0.978702974972454,0.3977963167007713,-0.024664185402194505,0.0,1.5260244503908915,0.23228193160094435,-0.0007391847924108005,-0.017592371785842165
2025-09-24,225274.0,-0.05330212443169088,0.07306349565298464,0.924163463160418,0.3363637170734306,-0.0036924455838571735,0.0,2.114473929525822,0.167192915145721,0.00914287447383462,-0.06143259962734071
2025-09-25,136554.0,-0.06564450722285753,0.0890955625155379,0.8955504781991007,0.41337492859967484,-0.008601724956145973,0.0,1.1929126938793444,-0.5005972983024414,-0.012342382791166652,0.07701121152624424
2025-09-26,162969.0,-0.048871284455780165,0.08466341322514515,0.7374715436678141,0.33106296289478365,-0.0011852861887575727,0.0,2.675723603875584,0.176839857880573,0.016773222767077364,-0.08231196570489119
2025-09-30,155073.0,-0.06593261150876413,0.0862729290183577,0.8939144789873157,0.4248386243898035,-0.00466837641660478,0.0,1.4907430693931245,-0.04966402487971955,-0.017061327052983966,0.09377566149501987
2025-10-01,208810.0,-0.05411690175976741,0.07997172488459449,0.8295531823188544,0.32625832096163976,0.0006577400298888314,0.24946123269958334,2.4812173746468082,0.29752877379128684,0.01181570974899672,-0.09858030342816376
2025-10-02,160620.0,-0.0760024734288314,0.08827105032860635,0.9542522724442785,0.4557776117544515,-0.014344696548955427,0.3497447391358486,1.1447702652222638,-0.26238342082165467,-0.02188557166906399,0.12951929079281171
2025-10-03,221010.0,-0.06882053338162918,0.08188362772293183,0.9892810280077825,0.40302701235238225,-0.004150059825731911,0.2679019048911814,1.7417220940228948,0.31916662260251627,0.007181940047202226,-0.05275059940206922
2025-10-07,181885.0,-0.0851020227535838,0.09166092896899451,0.9685735492206614,0.5195590620446986,-0.015138569635766652,0.3527778541386041,1.5067927536630288,-0.19483333013070592,-0.01628148937195463,0.11653204969231634
2025-10-08,223195.0,-0.06785708079582976,0.08769043982253749,0.9353704160039428,0.4155872667398463,-0.0005054744957079249,0.3117498151840319,1.6519276865521182,0.20467120959042084,0.017244941957754042,-0.10397179530485229
2025-10-09,151746.0,-0.09733011650728608,0.09655250902558174,0.9698048053984949,0.5691418554690074,-0.04768602354706186,0.5387226022432222,0.9137242497331066,-0.3858377583736754,-0.02947303571145632,0.1535545887291611
2025-10-13,198947.0,-0.07150555110493391,0.08994328896394793,0.9172694235148054,0.4224944331907493,-0.0157268281667039,0.4712360578445516,1.7210463088159158,0.2708303871447537,0.025824565402352173,-0.1466474222782581
2025-10-14,166733.0,-0.07618588528332035,0.0970799929194775,0.8170188265070502,0.46932520856699034,-0.02960271561947747,0.7293697108550797,2.287471586308649,-0.1766447270205358,-0.004680334178386439,0.04683077537624103
2025-10-15,255960.0,-0.06940283246483023,0.085415729472044,0.9744647601187686,0.40324660103141113,-0.010108261159837761,0.7374785122675418,1.8770745428973277,0.4286274516981692,0.006783052818490121,-0.0660786075355792
2025-10-16,124675.0,-0.08037001379138159,0.09123902003072765,0.960008020854221,0.5089633045919391,-0.023432908213182335,0.0,1.6775696811710448,-0.7193108308390723,-0.010967181326551362,0.10571670356052792
2025-10-17,175362.0,-0.055091880752737306,0.08450024110145794,0.8440825264310398,0.34311310318084876,-0.011074862731696888,0.0,1.9318723554703985,0.34114205737191483,0.025278133038644283,-0.1658502014110903
2025-10-20,147047.0,-0.07778949866691047,0.08984928300995555,0.9570749488258856,0.4990921270070114,-0.024870497384666623,0.0,1.4261358613232504,-0.17610014523627981,-0.022697617914173164,0.15597902382616263
2025-10-21,167936.0,-0.06939285336599332,0.08848584715299865,0.9230540205792683,0.43926853086890244,-0.027111519323907318,0.0,1.2426936451981707,0.1328306908736927,0.008396645300917147,-0.05982359613810895
2025-10-22,211097.0,-0.05583831257013687,0.08251574250581414,0.8598937929008938,0.35602116562528124,-0.005385745767192973,0.0,1.9147121939203304,0.22873478903750133,0.013554540795856454,-0.0832473652436212
2025-10-23,119972.0,-0.0820134941070376,0.09691799581930191,0.935985063181409,0.5130197045977395,-0.019332230626908142,0.0,0.9994415363584837,-0.5650593612567612,-0.026175181536900724,0.15699853897245825
2025-10-27,190039.0,-0.06445289330062216,0.08816032434512501,0.8313398828661486,0.41487273664879315,0.0037997930243416356,0.0,1.472750330195381,0.45997093203252604,0.01756060080641543,-0.09814696794894634
2025-10-28,129834.0,-0.07249663892833533,0.10031167866420136,0.8895204645932498,0.4376126438375156,-0.0017571221409197202,0.0,1.190327649151994,-0.38097260283708145,-0.008043745627713164,0.02273990718872243
2025-10-29,204061.0,-0.056830099865493665,0.08686809131900991,0.8945462386247249,0.3070699447714164,0.00018590027687115374,0.0,1.7268316826831194,0.45216225733690685,0.015666539062841663,-0.13054269906609917
2025-10-30,120177.0,-0.08145447510624178,0.10365855604881555,0.925401699160405,0.45240769864449937,-0.017234802755843215,0.0,1.8295846959068707,-0.5294533127165604,-0.024624375240748113,0.14533775387308295
2025-10-31,172051.0,-0.056911789977232626,0.09380888736787026,0.7675979796688192,0.32233465658438487,0.005902593918185373,0.0,1.8953914827580194,0.35882528845242945,0.024542685129009152,-0.1300730420601145
2025-11-03,128666.0,-0.07926648851512648,0.10152603028611269,0.9446706977756362,0.4423313074161006,-0.01180853508026758,0.2981828921393375,1.4885284379711812,-0.2905710450543282,-0.022354698537893854,0.11999665083171573
2025-11-04,150594.0,-0.0639531979604376,0.09699730199438088,0.8603530021116379,0.3773988339508878,-0.004145599603934569,0.2666108875519609,1.762354409870247,0.15736757449853656,0.015313290554688885,-0.0649324734652128
2025-11-05,196364.0,-0.04565459040649274,0.08965383768828526,0.7520624961805626,0.2583722067181357,-0.0006155053963154966,0.19067649874722453,2.477837078079485,0.2653826057952937,0.018298607553944857,-0.11902662723275209
2025-11-06,142349.0,-0.07540764553392032,0.10086190551206978,0.8878530934534138,0.4448573576210581,-0.2831399902148609,0.31341983435078574,1.263521345425679,-0.32168829096913854,-0.029753055127427583,0.1864851509029224
2025-11-07,183240.0,-0.05899294445753594,0.09549005188363366,0.8445972495088409,0.3274939969438987,-0.00547567013761685,0.2595503165247762,1.8817779960707268,0.25251498025770225,0.016414701076384382,-0.11736336067715941
2025-11-10,149355.0,-0.08269981884894363,0.10160654246895465,0.9214221150949081,0.4687154765491614,-0.2823698730261135,0.34549228348565497,1.3100331425128051,-0.20447074651038477,-0.023706874391407694,0.1412214796052627
2025-11-11,162467.0,-0.07400413118741225,0.09976311600341138,0.8711553730911508,0.4203930644377012,-0.003057410576589148,0.3247182504754812,1.3064068395427995,0.08414888171564883,0.008695687661531379,-0.04832241211146021
2025-11-12,227994.0,-0.05861096768991888,0.08994266716323238,0.8417721518987342,0.33235523741852857,0.0018932203674872916,0.24421695307771257,1.5596463064817496,0.33884440859489473,0.015393163497493374,-0.08803782701917262
2025-11-13,154675.0,-0.07627279395979795,0.10285087870321208,0.8939453693227736,0.42917084208824957,-0.2832455787003523,0.4213156618716664,1.2083982544043963,-0.38799317140164824,-0.017661826269879076,0.096815604669721
2025-11-14,193717.0,-0.053906184286806845,0.09609165528756156,0.6694353102722012,0.33409045153497113,9.124920156944327e-05,0.41996830427892234,1.8590572845955697,0.2250721897292216,0.02236660967299111,-0.09508039055327844
2025-11-17,161867.0,-0.07724535593848932,0.09793935545010782,0.8679162522317705,0.48817238844236316,-0.08916392899704928,0.7466932728721728,1.1403745049948415,-0.1796233207631417,-0.02333917165168247,0.15408193690739203
2025-11-18,167779.0,-0.05521313316908766,0.09765850833186834,0.7038902365611907,0.3966288987298768,-0.06563432964121851,0.7175272233116182,1.6043724184790706,0.03587262683129744,0.022032222769401658,-0.09154348971248638
2025-11-19,199139.0,-0.04796042383550326,0.09554419478536649,0.7010781413987215,0.3283485404667092,-0.059447436655665875,0.6868418541822546,2.080622078045988,0.17135543614005222,0.007252709333584399,-0.06828035826316758
2025-11-20,130541.0,-0.08709319218664904,0.10822155515703444,0.9460092997602286,0.49436575482032463,-0.015545628366287034,0.0,1.9794317494120621,-0.4223157196895446,-0.039132768351145784,0.16601721435361544
2025-11-21,162371.0,-0.054127739012959086,0.10708812138150557,0.6869391701720134,0.3121062258654563,0.0005697005554012868,0.0,2.3777275498703587,0.21819648668829394,0.03296545317368996,-0.18225952895486836
2025-11-24,120624.0,-0.08637153512570342,0.11755881267523612,0.8621087014192864,0.47943195384003184,-0.019024880547414358,0.0,1.0622927443958086,-0.2972055708838841,-0.03224379611274433,0.16732572797457557
2025-11-25,158249.0,-0.08205387006447336,0.1075400420411224,0.9305903986755051,0.4537911771954325,-0.01531537590614207,0.0,1.197302984537027,0.2714914724196493,0.004317665061230061,-0.02564077664459935
2025-11-26,227311.0,-0.07303406326230964,0.0971232849391888,0.9806300618975764,0.4210179005855414,-0.005820601148359361,0.0,1.722028410415686,0.36214938199123736,0.009019806802163716,-0.0327732766098911
2025-11-27,147933.0,-0.09406679062308769,0.11529612167300649,0.9539656466102898,0.49705609972081954,-0.020124821581061214,0.0,1.3636849114125988,-0.4295596553196255,-0.021032727360778047,0.07603819913527815
2025-11-28,209391.0,-0.07191060300755403,0.10514710567569195,0.8564408212387352,0.3819696166501903,0.004471072680993116,0.0,1.4454011872525563,0.3474438490094709,0.02215618761553366,-0.11508648307062924
2025-12-01,136805.0,-0.09247988183863427,0.11932315525091393,0.864083915061584,0.4662256496473082,-0.012527370364044499,0.39491977632396474,1.0332370892876723,-0.42564676334195006,-0.020569278831080243,0.08425603299711792
2025-12-02,160981.0,-0.08653993276190186,0.11357670382888102,0.9235748318124499,0.4334859393344556,-0.02047106634784812,0.33323187208428323,1.0766550089762146,0.16272979136996035,0.005939949076732412,-0.03273971031285261
2025-12-03,208306.0,-0.07533314281032774,0.10581606972913428,0.9462953539504383,0.3780880051462752,-0.003347600694274533,0.26759190805833727,1.5867953875548473,0.2577218068627296,0.01120678995157412,-0.0553979341881804
2025-12-04,137815.0,-0.10043270449131889,0.12063416602488086,0.9493959293255451,0.49630301491129414,-0.028627079502556274,0.426789536697747,0.9571599608170374,-0.4130959463946233,-0.025099561680991145,0.11821500976501892
2025-12-05,188553.0,-0.08136652861106358,0.11051167145502398,0.97393836215812,0.39530529877541065,-0.006464769347937049,0.32818889118709327,1.572427911515595,0.3134669284105591,0.019066175880255304,-0.10099771613588349
2025-12-08,148469.0,-0.10369810959132715,0.1199543781421796,0.9830604368588729,0.5050414564656595,-0.02133213302251502,0.44495483905731165,0.9664441735311748,-0.23900295223494616,-0.02233158098026357,0.1097361576902488
2025-12-09,160059.0,-0.093572060922811,0.11831906749830758,0.9403657401333259,0.466159353738309,-0.0064791750938522075,0.4260803828588208,0.7411517003105105,0.07516631502044646,0.010126048668516144,-0.03888210272735043
2025-12-10,214491.0,-0.0781704945984935,0.10888989735671384,0.9807078152463273,0.3806266929614762,-0.0035467398197158717,0.33875547225757724,1.333622389750619,0.2927252821835964,0.015401566324317509,-0.0855326607768328
2025-12-11,142527.0,-0.09528484623811265,0.12417091754959579,0.8732310369263367,0.49349947729202187,-0.0008831479317389368,0.5541195703270257,1.7498719540858925,-0.40873632400080595,-0.01711435163961915,0.11287278433054565
2025-12-12,190543.0,-0.07836276623541358,0.11380813922968096,0.9016809853943729,0.38318384826522095,-0.003476130593566551,0.49068189332591594,1.4524700461313194,0.2903464354351577,0.01692208000269907,-0.11031562902680092
2025-12-15,152304.0,-0.08727868088963597,0.1185700373044852,0.8734110725916587,0.44099301397205587,-0.013167574193650222,0.7936561088349616,0.8857088454669608,-0.2239993673712526,-0.008915914654222395,0.05780916570683492
2025-12-16,169331.0,-0.07120128464128365,0.11455682903167881,0.8053634597327128,0.3756902162037666,-0.0013313161436426801,0.7654948001251985,1.5235072136820782,0.10597685577892513,0.01607739624835232,-0.06530279776828929
2025-12-17,204609.0,-0.060979369388353674,0.10771283266373184,0.780840529986462,0.32546955412518513,-0.00454747418453727,0.7137076081697286,1.9806606747503777,0.18924546153198918,0.01022191525292998,-0.050220662078581446
2025-12-18,104906.0,-0.03927711121946159,0.06482011714520834,0.8367109602882581,0.282605380054525,-0.01705697392616201,0.0,1.8023563952490802,-0.6680361297225268,0.021702258168892083,-0.04286417407066012
2025-12-19,170186.0,-0.03463702060496868,0.05747948336169493,0.8209899756736747,0.24493789148343578,0.00013178631841381794,0.0,1.8874525519137884,0.48382724548949874,0.004640090614492914,-0.03766748857108923
2025-12-22,123952.0,-0.05434500752771033,0.0674711750240393,0.9438411643216729,0.38885213631083,-0.012420762752205716,0.0,1.2644814121595456,-0.3169975626972903,-0.01970798692274165,0.1439142448273942
2025-12-23,143265.0,-0.05414315255753055,0.06652840957785493,0.9670889610162985,0.3732453844274596,-0.010966614118380957,0.0,1.0830837957630963,0.14480166826526464,0.0002018549701797781,-0.015606751883370407
2025-12-24,185883.0,-0.0450562517249279,0.06261998466532025,0.9413071663358134,0.3062733009473701,-0.0025370101064501327,0.0,1.3330966252965575,0.26042138137653126,0.009086900832602648,-0.06697208348008948
2025-12-26,143516.0,-0.04735282542468371,0.07133780396720475,0.9615722288804036,0.31328214275760197,-0.0019617579760765613,0.0,1.5536804258758605,-0.2586709162892955,-0.002296573699755812,0.0070088418102318695
2025-12-29,123578.0,-0.06100738468942907,0.07867874756112155,0.9625256922753241,0.36737930699639093,-0.02120344078228753,0.0,1.4997896065642753,-0.14957399158869222,-0.013654559264745354,0.054097164238788964
2025-12-30,140796.0,-0.054487456450571736,0.07714922946588017,0.9231512258870991,0.3358405068325805,-0.007215280663723678,0.0,1.0669621296059548,0.13043949857613235,0.006519928238857331,-0.03153880016381044
2025-12-31,204512.0,-0.04722560277553618,0.0697648069756266,0.9539586919104991,0.2785557815678298,-0.002195859630708785,0.0,1.5718588640275388,0.3733146192383838,0.007261853675035554,-0.0572847252647507
2026-01-02,173103.0,-0.059959512337408157,0.07854507490958416,0.9671062893190759,0.34935847443429635,-0.011918646151372059,0.23302889031385937,2.011923536853781,-0.1667398604133563,-0.012733909561871974,0.07080269286646657
2026-01-05,159167.0,-0.07878618749646694,0.08430986461745403,0.9692838339605572,0.47663774526126645,-0.020097631492932755,0.2872014927717429,1.8379375121727495,-0.08393282756319387,-0.018826675159058788,0.1272792708269701
2026-01-06,180618.0,-0.08248472933128644,0.08336029373398328,0.9845696442215062,0.5207841964809709,-0.018847931240863036,0.25894429126665114,1.292163571737036,0.12643033829914785,-0.003698541834819491,0.0441464512197044
2026-01-07,224275.0,-0.06415659029633933,0.08075895824068535,0.9220599710177237,0.3961921747854197,-0.00116541653537805,0.21735815405194517,1.6735793111135882,0.21648867365487945,0.018328139034947108,-0.12459202169555117
2026-01-08,144213.0,-0.0836402038076073,0.09247051278330623,0.9353456345821806,0.5057935137608953,-0.011875608314078634,0.3582756062213531,1.2729781642431681,-0.4415816040921161,-0.01948361351126797,0.10960133897547564
2026-01-09,183026.0,-0.06829291510153819,0.08769891463257426,0.8658059510670615,0.4137226404991641,0.00036448923964371716,0.2897129369597762,2.2794193174740203,0.2383368458990116,0.015347288706069107,-0.09207087326173125
2026-01-12,158093.0,-0.08846487882603282,0.09172668526785965,0.9639073203747162,0.5306876332285427,-0.018558727319301194,0.3393192614473759,0.981460279708779,-0.14644475179184369,-0.020171963724494632,0.11696499272937866
2026-01-13,177702.0,-0.082840756871147,0.09066151720679029,0.9513736480174675,0.4913844526229305,-0.023031065658174255,0.3148529560725259,1.4277329461683042,0.11692452256089858,0.005624121954885819,-0.03930318060561222
2026-01-14,227179.0,-0.07351135595640342,0.08656201952970757,0.9628178660879747,0.41546533790535217,-0.007814030091352175,0.2630480810286162,1.3101387012003751,0.24563026297635737,0.009329400914743588,-0.07591911471757834
2026-01-15,150382.0,-0.09725077873744013,0.09578271327611484,0.9501270098815018,0.570965940072615,-0.026308495328552728,0.43651500844515967,0.8997752390578659,-0.4125595294953044,-0.023739422781036718,0.15550060216726286
2026-01-16,226371.0,-0.08045833514129445,0.09133954370650658,0.9729073070313777,0.45602131015015174,-0.00027699331713826325,0.3630146971122626,1.30616112487907,0.4089965227494208,0.01679244359614568,-0.11494462992246329
2026-01-19,177172.0,-0.1022490576282239,0.09696635973907591,0.9780778001038539,0.5911317815456167,-0.020205573513185637,0.6747285124060235,1.130534170184905,-0.24505423411026506,-0.02179072248692944,0.135110471395465
2026-01-20,199152.0,-0.09956814291398242,0.09547264037576264,0.9848808949947778,0.5675212902707479,-0.02392916370565612,0.6548766771109504,1.1200741142443962,0.1169473401171146,0.002680914714241478,-0.023610491274868806
2026-01-21,229442.0,-0.08048680341948691,0.09336476860206643,0.8974817165122341,0.4675865796148918,-0.007884755893244555,0.5976717427498017,2.3270151062142066,0.14158192199051456,0.019081339494495503,-0.09993471065585613
2026-01-22,157993.0,-0.09553115016244666,0.09830306101429716,0.9544030431727988,0.5378023076971764,-0.007751508217707537,0.0,1.3384263859791257,-0.37309954600107886,-0.01504434674295975,0.0702157280822846
2026-01-23,214117.0,-0.0789501320237532,0.09328429349654091,0.9669012736027499,0.4342859277871444,-0.0019245023154412788,0.0,1.511000994783226,0.30397186634392526,0.016581018138693462,-0.10351637991003199
2026-01-26,162390.0,-0.10476846853147835,0.09903225655984697,0.9707309563396761,0.5800726645729417,-0.03319931188740699,0.0,0.7472319724120944,-0.2765217451149855,-0.02581833650772515,0.1457867367857973
2026-01-27,188183.0,-0.09715358821245297,0.09780099916033093,0.9685731442266304,0.5397405716775692,-0.00983726675479113,0.0,0.9930652609428057,0.1474140441575642,0.00761488031902538,-0.04033209289537254
2026-01-28,248428.0,-0.08689910794987749,0.09287211321872585,0.9911000370328626,0.48489300722945883,-0.006213300768020291,0.0,1.2312903537443445,0.2777381714892506,0.010254480262575486,-0.05484756444811034
2026-01-29,165889.0,-0.10685941395401508,0.10272344678994154,0.9136591335169902,0.5891710722229925,-0.07795208239911955,0.0,1.0908740181687755,-0.4038341751287007,-0.01996030600413759,0.10427806499353365
2026-01-30,213724.0,-0.07987001979888374,0.09707675110057637,0.7927654357956991,0.47782186371207724,0.004249347004015469,0.0,1.694447043850948,0.25336657299642695,0.026989394155131338,-0.11134920851091523
2026-02-02,167699.0,-0.09778382829988339,0.09506426330632117,0.8952826194550951,0.6259130942939433,-0.08297582566168826,0.44993112660182827,1.0212762151235248,-0.24251475720937243,-0.017913808500999648,0.14809123058186602
2026-02-03,202988.0,-0.09802405494212305,0.09267020298360396,0.9499970441602459,0.5903600212820462,-0.09924908434010371,0.38543657753167676,1.2553205115573334,0.19097615821186942,-0.0002402266422396604,-0.03555307301189703
2026-02-04,259275.0,-0.08179937957657997,0.0901990586302902,0.9320836949185228,0.4823372866647382,-0.008975277339817178,0.3046649310577572,1.5405380387619323,0.24474241048176282,0.016224675365543076,-0.10802273461730805
2026-02-05,179122.0,-0.09713401624762091,0.09605397886386433,0.900313752637867,0.5918647625640625,-0.08808673364302744,0.4569957905784884,0.8927825727716305,-0.36982213654866136,-0.015334636671040944,0.10952747589932432
2026-02-06,229791.0,-0.08156416283224804,0.09080837679814853,0.9167809009056055,0.4889704122441697,-0.008901636476447039,0.36766017816189495,1.9368861269588453,0.24910306222970924,0.01556985341537287,-0.1028943503198928
2026-02-09,185765.0,-0.10941248496832282,0.09562256193108871,0.9557613113342126,0.6326164778079832,-0.018658450554272732,0.4723871558151428,0.8417032271956504,-0.21268776611817053,-0.02784832213607477,0.14364606556381354
2026-02-10,214123.0,-0.11065683028471562,0.09585088910054647,0.9722822863494347,0.6418320311222989,-0.03848973950630985,0.4299865030846756,1.0091722981650733,0.1420681822234009,-0.0012443453163928087,0.009215553314315672
2026-02-11,296371.0,-0.09840883085467834,0.09373263872002652,0.9685630510407564,0.6091689132877374,-0.10729456392976078,0.40972632275087645,1.4340404425534212,0.3250614316174012,0.012247999430037279,-0.03266311783456155
2026-02-23,245680.0,-0.11286108641480236,0.1000724951372955,0.9004436665581244,0.6862829697167047,-0.1117232982542995,0.7251628134158254,1.3487544773689353,-0.18758217174691083,-0.014452255560124014,0.07711405642896729
2026-02-24,136375.0,-0.10419689002179869,0.11332965076446633,0.9872483959670028,0.5477396883593034,-0.0691862613044879,0.0,1.9367186067827682,-0.5886214319793321,0.00866419639300367,-0.13854328135740124
2026-02-25,212604.0,-0.08847636389409971,0.10458944050119612,0.9842665236778235,0.4973236627721021,-0.011664337488955345,0.0,2.2276015503000886,0.44402283625306715,0.015720526127698975,-0.05041602558720132
2026-02-26,132163.0,-0.12629619821935936,0.11849094875695963,0.9782314263447409,0.6675922913372124,-0.09641505496761349,0.0,1.0511035615111644,-0.4753952711333991,-0.03781983432525965,0.17026862856511032
2026-03-02,191136.0,-0.09007766342829884,0.11160402232954139,0.8785001255650426,0.49080759249958145,-0.002709495829758435,0.3337414197220827,1.988945044366315,0.36894920727699265,0.03621853479106052,-0.17678469883763098
2026-03-03,144462.0,-0.09990535649493677,0.12029967691998836,0.8503689551577578,0.5568177098475724,-0.05313100442406338,0.4458542730960391,1.5500062300120447,-0.27996871936014855,-0.00982769306663793,0.06601011734799095
2026-03-04,185249.0,-0.05330350649889384,0.11165067144256588,0.6390695766238954,0.3587981581546999,-0.010018008533949296,0.3264956895853689,2.442550297167596,0.24868436886121792,0.04660184999604293,-0.1980195516928725
2026-03-05,139691.0,-0.10477869245132646,0.11574931191749731,0.8916537214280089,0.5954642747206333,-0.10313741538457888,0.4505300985747113,1.4379738136315152,-0.282268025628559,-0.05147518595243261,0.23666611656593345
2026-03-06,202941.0,-0.08134879444239994,0.10377992387451569,0.8995717967290986,0.47654737091075733,-0.10117817089162529,0.31913216156419844,1.7481386215698158,0.373482455981188,0.023429898008926517,-0.11891690380987602
2026-03-09,123788.0,-0.08234049489565516,0.1258843641764037,0.7669887226548615,0.5381458622806734,-0.11243764485173346,0.5392929847804311,0.8377064012666817,-0.49434487138428373,-0.0009917004532552232,0.061598491369916075
2026-03-10,157726.0,-0.09293299497408591,0.11431936874074294,0.8553440777043734,0.5673699960691325,-0.09983775719847543,0.43619948518316576,1.3255962872322888,0.2422889253664593,-0.010592500078430753,0.029224133788459117
2026-03-11,265533.0,-0.08930291267763879,0.10057169935576735,0.9578093871571518,0.5625440152448095,-0.13525720528612883,0.28614522488730215,1.8102571055198413,0.5208797763577024,0.0036300822964471235,-0.004825980824323062
2026-03-12,143094.0,-0.11800088010191243,0.12337775092707357,0.9051602443149258,0.6331781905600514,-0.15132753218553108,0.582309530797937,0.789739611723762,-0.6182373697812729,-0.028697967424273635,0.07063417531524196
2026-03-13,200843.0,-0.09626918534821272,0.11756300527436289,0.9136987597277475,0.5033185124699392,-0.14671476201425615,0.4986432188326205,1.6014150356248413,0.33902175135624013,0.02173169475369971,-0.12985967809011223
2026-03-16,153013.0,-0.1302099753062985,0.12498718498248011,0.9144582486455399,0.6904576735310072,-0.1602311883538462,0.8234725154071876,0.8723572506911178,-0.2720006232152592,-0.033940789958085776,0.18713916106106798
2026-03-17,177964.0,-0.12750498152173348,0.12061482412479013,0.9519228608033086,0.7133071857229552,-0.05427766466872974,0.8072643905508979,0.7659695219257827,0.1510583975431743,0.002704993784565013,0.022849512191947974
2026-03-18,235303.0,-0.11316057470874319,0.11524010035329292,0.9643820945759297,0.6355210090819071,-0.0043256518901219065,0.7577038966779004,1.4578394665601373,0.2792927626869446,0.01434440681299029,-0.07778617664104803
2026-03-19,90186.0,-0.07279658099239775,0.0821120105374479,0.8671190650433549,0.5258465837269642,-0.15404361216847418,0.0,1.3561084869048412,-0.9589998409541547,0.04036399371634544,-0.10967442535494287
2026-03-20,133740.0,-0.05717843240705857,0.07317607853672525,0.8597876476745925,0.39036189621653955,-0.0013081372816740044,0.0,2.6852848811126067,0.394023412246689,0.015618148585339178,-0.1354846875104247
2026-03-23,85779.0,-0.06416549003859487,0.08074077842347033,0.8232667669243054,0.538301915387216,-0.10153564061425624,0.0,0.9822917030974947,-0.4441233953341239,-0.0069870576315363,0.1479400191706764
2026-03-24,108397.0,-0.058122254610671886,0.0781726302096931,0.8165355129754513,0.4542837901417936,-0.1874216551822261,0.0,1.5414171978929305,0.23402619205411668,0.006043235427922983,-0.08401812524542235
2026-03-25,161604.0,-0.06038082658899837,0.07118730237295752,0.8432031385361749,0.4411153189277493,-0.20751479330640077,0.0,1.9863122199945547,0.3993484849100799,-0.002258571978326483,-0.013168471214044297
2026-03-26,93998.0,-0.07113483004762162,0.0826192183106509,0.8762314091789187,0.4761271516415243,-0.20510222385401244,0.0,1.3467414200302135,-0.5418753928079951,-0.010754003458623256,0.035011832713775004
2026-03-27,145885.0,-0.050671440870752295,0.07147609202078609,0.9153374233128835,0.34449737807176883,-0.19970017446536192,0.0,1.7317338999897178,0.43954513465157063,0.02046338917686933,-0.13162977356975547
2026-03-30,93540.0,-0.06399734378792168,0.07989628656351222,0.8427410733376096,0.5113320504596964,-0.18507074201000306,0.0,1.0504810776138551,-0.44442948780173985,-0.01332590291716939,0.1668346723879276
2026-03-31,107685.0,-0.03919057201894557,0.07732912860128077,0.7032455773784649,0.3685285787249849,-0.16464368585685019,0.0,1.3745089845382366,0.1408211463988156,0.024806771768976117,-0.14280347173471153
2026-04-01,174499.0,-0.06206811129445882,0.06805500917179823,0.9483836583590737,0.47399125496421185,-0.20120139310477037,0.20977197577063478,1.755763643344661,0.4827087122704796,-0.022877539275513253,0.10546267623922695
2026-04-02,102522.0,-0.07474775887036648,0.08034598001153342,0.8542166559372623,0.6056456175259944,-0.18642852252656616,0.38289342775209223,0.9795263455648544,-0.5318416012728449,-0.012679647575907664,0.1316543625617826
2026-04-07,161660.0,-0.07377954513679304,0.07141419428650533,0.9520351354695039,0.5526846467895583,-0.11826185035007708,0.23035382902387727,1.3141222318446122,0.4554179546115069,0.0009682137335734475,-0.05296097073643613
2026-04-08,165481.0,-0.08087441509871231,0.0791889990441201,0.975683008925496,0.5837044736253709,-0.004642508438962967,0.2546213764722234,1.606540932191611,0.023361020295601165,-0.00709486996191927,0.031019826835812614
2026-04-09,102641.0,-0.1012424433181735,0.08787647725023603,0.963611032628287,0.6647343654095342,-0.23984170348892586,0.4732416870451379,0.9374421527459788,-0.47761892155104313,-0.020368028219461196,0.08102989178416331
2026-04-10,152627.0,-0.08259457124660634,0.08453678106457536,0.9843867729824998,0.5277047966611412,-0.0033268554284664464,0.38699574780346857,1.5361305666756209,0.39675957330785927,0.018647872071567165,-0.137029568748393
2026-04-13,109778.0,-0.10606109580518204,0.0885046816809548,0.9686458124578695,0.6647233507624478,-0.04109986973059698,0.7480369472936289,0.8022463517280329,-0.3295368916570176,-0.023466524558575702,0.1370185541013066
2026-04-14,141290.0,-0.10443035884535727,0.08977255693793283,0.9764597636067662,0.6647108783353387,-0.06326075624612226,0.7395852501946352,1.258609951164272,0.25235437107661873,0.001630736959824769,-1.247242710911145e-05
2026-04-15,182791.0,-0.09075035499174954,0.0900795666442738,0.9487228583464175,0.5569749057666953,-0.0033260588843678773,0.7223167442598377,2.0263470302148354,0.2575289078946259,0.013680003853607736,-0.10773597256864342
2026-04-16,87010.0,-0.09776169428567892,0.10830448092849376,0.9595793586944029,0.5384783358234686,-0.27555786084355216,0.0,1.4488794391449258,-0.7423203690944096,-0.007011339293929386,-0.01849656994322668
2026-04-17,117638.0,-0.07270720214641241,0.10304000106708852,0.8868902905523726,0.39595198830309936,-0.00011792087563577969,0.0,1.8396691545248984,0.30158905794328206,0.025054492139266513,-0.14252634752036925
2026-04-20,89547.0,-0.09516851101046586,0.11272929287835516,0.901113381799502,0.5303918612572169,-0.27216251609900755,0.0,1.007694283448915,-0.2728484854131814,-0.022461308864053453,0.13443987295411758
2026-04-21,109730.0,-0.09519212635617018,0.10692132940333741,0.9617606853185091,0.5389957167593183,-0.2846716842471675,0.0,1.4635924542057779,0.20325917589467402,-2.3615345704317003e-05,0.00860385550210141
2026-04-22,150251.0,-0.07782760678421356,0.10040754959648192,0.9263166301721786,0.42948799009657174,-0.0020716253850802113,0.0,2.0107020918329996,0.31428442596450523,0.017364519571956616,-0.10950772666274661
2026-04-23,92956.0,-0.10297534200634749,0.11615805319753197,0.8958324368518439,0.565622445027755,-0.2867398575866088,0.0,2.393853005723138,-0.48018096604929283,-0.025147735222133927,0.1361344549311833
2026-04-24,158437.0,-0.08978622578175667,0.10282677426044237,0.9890745217341909,0.5000284024564969,-0.30905877880634125,0.0,2.2478777053339813,0.5332307750440624,0.013189116224590819,-0.06559404257125812
2026-04-27,108707.0,-0.13116906420480345,0.11383112468103375,0.9695327807776868,0.730495736245136,-0.32099221968148217,0.0,1.1362101796572437,-0.3767008484841412,-0.04138283842304678,0.23046733378863904
2026-04-28,124520.0,-0.11574573603525024,0.11007456189413815,0.953356890459364,0.6563764857051076,-0.03850362825716391,0.0,1.1406360424028268,0.13581015609556601,0.015423328169553219,-0.07411925054002833
2026-04-29,162852.0,-0.09098734598569312,0.10532231207659125,0.9087392233438951,0.5252929039864417,-8.905059345865052e-05,0.0,1.9107410409451526,0.26837546731382744,0.024758390049557114,-0.13108358171866596
2026-04-30,107556.0,-0.11678588148329239,0.11404693652154575,0.9184052958458849,0.6371192681021979,-0.18307852490698517,0.0,0.8232455651009707,-0.4148301707240094,-0.025798535497599265,0.1118263641157562
2026-05-04,172115.0,-0.10448948192316826,0.10907265733086206,0.9854748278767104,0.5939923888098074,-0.00012627397915843108,0.2456671411556227,1.5571739825116928,0.47015121588488107,0.012296399560124127,-0.04312687929239045
2026-05-05,118434.0,-0.13430383320655404,0.11775823359522708,0.9831467315129101,0.6906040495128088,-0.16603894745284997,0.370999881790702,0.7148876167316818,-0.3738070146592012,-0.029814351283385776,0.09661166070300142
2026-05-06,167420.0,-0.10521723648537759,0.11550132155838688,0.9239696571496834,0.5567435192927965,-0.0033751551149339143,0.2790347628718194,2.27824035360172,0.34614978184300504,0.029086596721176444,-0.13386053022001232
2026-05-07,118801.0,-0.14365113801785614,0.12595152059401035,0.9756315182532134,0.6808107675861315,-0.358512397403716,0.4166294896507605,0.9797981498472235,-0.3430558008303759,-0.038433901532478554,0.12406724829333493
2026-05-08,157089.0,-0.10871885266852092,0.12354045957218343,0.9335153957310823,0.5201509972054058,-0.0024983210724753846,0.3334479180591894,2.0668156268102793,0.2793626993124736,0.03493228534933522,-0.16065977038072565
2026-05-11,114778.0,-0.1458620472579765,0.12788875965008767,0.9585896251894962,0.70377598494485,-0.3563062603882359,0.460323406924672,0.7407952743557128,-0.3138126958240406,-0.03714319458945557,0.18362498773944425
2026-05-12,135272.0,-0.13267160996769728,0.1250761032071612,0.9626160624519486,0.6411969956827724,-0.021440477804360647,0.4142985983795612,0.923716659766988,0.16428773834616095,0.013190437290279217,-0.06257898926207761
2026-05-13,179861.0,-0.09989080392476188,0.11884434260297953,0.9146618777833994,0.4930307292853926,-0.009051468899926252,0.3267134064638804,1.7214404456774954,0.28489676411469134,0.0327808060429354,-0.14816626639737984
2026-05-14,133181.0,-0.13456609275524256,0.12377389317914557,0.9756196454449209,0.6494545017682702,-0.16171178453597757,0.476088931604358,0.9201687928458263,-0.30047522506160185,-0.03467528883048068,0.15642377248287764
2026-05-15,164781.0,-0.10905836664161477,0.12503915930474746,0.8431008429369891,0.5411606920700809,-0.1499151372425579,0.47185051674646955,2.0424017332095326,0.2129082142774692,0.025507726113627796,-0.10829380969818936
2026-05-18,138277.0,-0.13962138268899796,0.12079290357951392,0.9370755801760234,0.7144355171141983,-0.14408309534767594,0.7572915235360906,0.7115500047007094,-0.1753583998599737,-0.030563016047383193,0.1732748250441174
2026-05-19,151637.0,-0.11590695825905153,0.12173422934482665,0.8640767095102119,0.6058481768961401,-0.1288235932492291,0.7539188984218891,0.7723049123894564,0.09223058704748865,0.023714424429946424,-0.10858734021805816
2026-05-20,185323.0,-0.09681533325212612,0.11623045287711078,0.8681814993282,0.5228924634287163,-0.12545520056810433,0.7422877894271084,1.783248706312762,0.20061074187819727,0.01909162500692542,-0.08295571346742381
2026-05-21,91369.0,-0.11041059665887819,0.1271729902024768,0.9671332727730412,0.5567314953649487,-0.03307394736199609,0.0,1.382536746598956,-0.7071939961930891,-0.013595263406752073,0.03383903193623239
2026-05-22,145143.0,-0.08757888023647728,0.11470598021202467,0.9717588860640886,0.48604479720000276,-0.006339788733643936,0.0,2.045265703478638,0.4628132108952876,0.022831716422400908,-0.07068669816494594
2026-05-25,98585.0,-0.14332077196070123,0.1371952473133201,0.9907490997616271,0.7009382766140894,-0.5371685714547572,0.0,1.472445098138662,-0.38680034311636646,-0.055741891724223946,0.2148934794140866
2026-05-26,116693.0,-0.1289385870718581,0.13595462924895313,0.9553872126005845,0.6282639061468983,-0.5359028538987722,0.0,0.9695782951848011,0.16862743441319594,0.01438218488884313,-0.07267437046719105
2026-05-27,163864.0,-0.1091949065690198,0.1295291818367365,0.9248034955817019,0.5478567592637797,-0.005802498147177482,0.0,2.6573927159107553,0.3394902608669277,0.0197436805028383,-0.08040714688311856
2026-05-28,105568.0,-0.14243512172216843,0.1472535384594766,0.891349651409518,0.6370585783570779,-0.5370841434360824,0.0,1.4575155350106093,-0.43968152045218467,-0.033240215153148636,0.08920181909329816
2026-05-29,167787.0,-0.11528745665595891,0.13551888946301716,0.9073110550877005,0.5130194830350385,-0.5484312008108566,0.0,1.7981071239130564,0.46334002280337394,0.027147665066209525,-0.12403909532203938
2026-06-01,115079.0,-0.16933462908122585,0.14338989597798305,0.974686954179303,0.758583234126122,-0.5544567449183255,0.5036279425438177,0.9894854838849834,-0.37707646881118073,-0.05404717242526694,0.24556375109108353
2026-06-02,131646.0,-0.156036750966155,0.1416542496151341,0.9713246129772268,0.7021633775428042,-0.5566024420669262,0.4596569588137885,1.0379578566762377,0.13449765284950388,0.013297878115070855,-0.05641985658331783
2026-06-03,184170.0,-0.12879204135258995,0.13767459471652407,0.980072758864093,0.6022099147526742,-0.0012733764450326701,0.3461475810392572,1.6650323071075637,0.3357427422196473,0.027244709613565038,-0.09995346279013007
2026-06-04,121092.0,-0.16097658969787787,0.149109112882158,0.9188468272057609,0.6838602054636145,-0.5577687550927743,0.5497390413900175,0.777772272321871,-0.4193086568371225,-0.03218454834528792,0.08165029071094032
2026-06-05,149671.0,-0.1273821189463239,0.14495423823790612,0.8853017618643558,0.5588056470525352,-0.5518176456936554,0.45920719444648594,2.156463175899139,0.2118889646140154,0.03359447075155397,-0.12505455841107926
2026-06-08,120784.0,-0.14348873736428558,0.1426409357017343,0.8867565240429196,0.7145731222678501,-0.5356618588513193,0.5804162803020267,0.818369982779176,-0.21443572548713874,-0.016106618417961682,0.15576747521531487
2026-06-09,148950.0,-0.14701774608356044,0.13390112739371404,0.9576569318563276,0.7392614971466935,-0.1253665184039886,0.5083316549177577,0.878053037932192,0.20960685276202184,-0.003529008719274862,0.024688374878843455
2026-06-10,188761.0,-0.10226133970300462,0.13064447631802392,0.8136108624133163,0.5875631089049115,-0.06999426727809532,0.4127176694338343,1.7002611768320786,0.23687098541743445,0.04475640638055582,-0.15169838824178206
2026-06-11,132390.0,-0.14349980368705326,0.139794523054491,0.9217388020243221,0.7117456001208551,-0.5318597266338907,0.6110053629428205,0.9186569982627086,-0.354729552627159,-0.04123846398404864,0.1241824912159436
2026-06-12,180199.0,-0.1315238308165989,0.13434294411761533,0.9452161221760387,0.643305456745043,-0.0943882864558524,0.5092425596146483,1.4948973079761818,0.30830968381970614,0.011975972870454349,-0.06844014337581206
2026-06-15,150207.0,-0.17491495510299898,0.1364960573674339,0.9796480856418143,0.8082712523384397,-0.20699588232611899,0.8629225002829428,0.692750670741044,-0.1820474529978977,-0.04339112428640007,0.16496579559339664
2026-06-16,170780.0,-0.1649476877539283,0.13595153629547707,0.9791251903033142,0.7888687199906312,-0.12681276398905983,0.8543916149432018,0.6666295819182574,0.1283618357080858,0.009967267349070691,-0.01940253234780842
2026-06-17,219044.0,-0.13265291671926455,0.13012192746012455,0.9842680009495809,0.6427384452438779,-0.12811081885870146,0.8329376746224503,1.4546575117328024,0.24889644439868697,0.032294771034663744,-0.14613027474675333
2026-06-18,73261.0,-0.1084953220449067,0.09369905035376917,0.9795525586601329,0.717899018577415,-0.2295309177621101,0.0,1.1746768403379697,-1.0952442156069893,0.024157594674357852,0.0751605733335371
2026-06-22,134006.0,-0.08519762603912585,0.08971391461072274,0.9556139277345791,0.5461770368490964,-0.015531766800002789,0.0,1.706005701237258,0.6038561677967351,0.02329769600578084,-0.17172198172831865
2026-06-23,83196.0,-0.09487721030172316,0.10524239800355956,0.8670488965815665,0.5658324919467282,-0.23992556365994955,0.0,1.191667868647531,-0.4766853053195401,-0.00967958426259731,0.01965545509763189
2026-06-24,132347.0,-0.06604668657194485,0.09652893255377587,0.7706785949058158,0.4207499981110263,-0.22247608788192064,0.0,2.003573938207893,0.46422799149747185,0.028830523729778318,-0.14508249383570193
2026-06-25,90124.0,-0.10538448395767486,0.1057224191934271,0.9349895699258799,0.6349585016199902,-0.2260339688934837,0.0,0.908947672096223,-0.38424076140268504,-0.03933779738573001,0.21420850350896392
2026-06-26,110858.0,-0.061754829168178905,0.10252201056349178,0.7194248498078624,0.40626747731331975,-0.1968008443014142,0.0,2.3830485846758918,0.20706360321363704,0.04362965478949595,-0.2286910243066705
2026-06-29,82072.0,-0.09927739805413713,0.10674065443164107,0.8752071351983625,0.6347840920167658,-0.20444267653928128,0.0,0.9296349546739449,-0.30065319227136555,-0.03752256888595822,0.22851661470344603
2026-06-30,103194.0,-0.10231088914454889,0.1012567859468462,0.9429327286470144,0.6383704478942575,-0.2238635508762863,0.0,1.0688896641277594,0.22901380103699864,-0.0030334910904117607,0.003586355877491676
2026-07-01,136931.0,-0.09357703988367776,0.09786898371261606,0.9593152755767503,0.5887563809509899,-0.23860550811491266,0.2526820077265192,1.689807275196997,0.28286643749659923,0.008733849260871132,-0.04961406694326753
2026-07-02,87173.0,-0.11831605693032045,0.11096129223104155,0.954446904431418,0.6561205877966801,-0.23412892647979988,0.41918942791919517,0.9527032452708981,-0.4515824993778015,-0.024739017046642692,0.06736420684569022
2026-07-03,134789.0,-0.08710663036020924,0.10138428449568383,0.9334589617847153,0.49237697438218253,-0.2347258330479588,0.2783387368405434,2.0206099904294863,0.43581594283345737,0.031209426570111207,-0.1637436134144976
2026-07-06,86012.0,-0.11862383677601958,0.11137750811516743,0.9416476770683161,0.6696042412686601,-0.2310400355354012,0.47048086313537646,0.8150141840673394,-0.44922377137152303,-0.03151720641581034,0.1772272668864776
2026-07-07,101943.0,-0.09194128585017647,0.10987157773786815,0.8116594567552455,0.5480807902455294,-0.21282540489468682,0.4040983686962322,1.284727740011575,0.1699270121516534,0.02668255092584311,-0.12152345102313078
2026-07-08,128332.0,-0.07936244843141718,0.10108551081158615,0.8838169747218153,0.4577424181030452,-0.016058149651433262,0.30398497646728795,2.0785540628993546,0.2302068224005165,0.012578837418759287,-0.09033837214248414
2026-07-09,96041.0,-0.10041821167409022,0.10629203919648293,0.8969502608261055,0.6123218208889953,-0.11806098652375141,0.43112837225768164,0.9784050561739257,-0.2898454723282704,-0.02105576324267304,0.15457940278595012
2026-07-13,132516.0,-0.08189904613201818,0.10139259849887601,0.8440339279785083,0.5137266443297414,-0.11856452945008111,0.417376014971777,1.769590087234749,0.3219282092259519,0.018519165542072044,-0.09859517655925398
2026-07-14,101607.0,-0.09436350494731745,0.10635471263425099,0.8735618608954108,0.5724802425029771,-0.1059044949533896,0.7617486984164477,1.7341521745549027,-0.2655909624441488,-0.01246445881529927,0.05875359817323578
2026-07-15,151373.0,-0.07560965461330679,0.09331741632372598,0.8968838564341065,0.47092942598746146,-0.013841069311851695,0.765645128259333,1.8040601692507912,0.39863455915582513,0.018753850334010655,-0.10155081651551567
2026-07-16,67082.0,-0.08826584410279703,0.10037098745863696,0.9344533555946454,0.5740288005724338,-0.18465717683602278,0.0,1.3417757371575088,-0.8138312379080297,-0.012656189489490238,0.10309937458497231
2026-07-17,86671.0,-0.029238606883926026,0.10299773005646362,0.48579109506063156,0.22858857057147142,-0.12821905699080427,0.0,3.0386519135581684,0.256203589440819,0.059027237218871,-0.34544023000096236
2026-07-20,60816.0,-0.06758312247526796,0.11091778644248812,0.7795810313075506,0.4805149960536701,-0.05299684096707391,0.0,1.4505228887134964,-0.3542664288505666,-0.03834451559134193,0.2519264254821987
2026-07-21,85519.0,-0.09372058255511916,0.09592484449604342,0.9467720623487178,0.6798372291537553,-0.0911736000851856,0.0,1.4808522082812006,0.3408856612303435,-0.026137460079851196,0.19932223310008523
2026-07-22,134704.0,-0.07242689203347473,0.08899368122354497,0.8854599714930514,0.510140753058558,-0.0005751154804222169,0.0,2.2182637486637367,0.4543412051180731,0.021293690521644426,-0.16969647609519733
2026-07-23,74878.0,-0.10079057120219119,0.10606667529205487,0.936202890034456,0.6354202836614226,-0.24193119366183125,0.0,1.130278586500708,-0.5872196561843843,-0.02836367916871646,0.12527953060286456
2026-07-24,102035.0,-0.06415575144787326,0.09880112434308733,0.8260792865193316,0.38321164306365463,-0.22116310585492915,0.0,2.485049247807125,0.30945576927012475,0.03663481975431793,-0.25220864059776793
2026-07-27,74054.0,-0.0946892436201786,0.10455098560488947,0.8939152510330299,0.6322548410619278,-0.220794519160319,0.0,1.2647527479947065,-0.3205213348704312,-0.030533492172305332,0.24904319799827312
2026-07-28,87529.0,-0.05049035351478199,0.10235375654601837,0.6952438620342972,0.38926527208125306,-0.18275831567450318,0.0,1.2362988266745878,0.1671756102140627,0.044198890105396606,-0.2429895689806747
2026-07-29,113022.0,-0.01976658781412005,0.0955536313750827,0.6236927323883845,0.24578400665357186,-0.0009785415185825652,0.0,2.9671391410521846,0.25561232300345615,0.03072376570066194,-0.1434812654276812
2026-07-30,69875.0,-0.048420898377561646,0.10995318332157708,0.717695885509839,0.44698389982110914,-0.14858025757951387,0.0,1.2776672629695887,-0.4808745585528733,-0.028654310563441594,0.20119989316753728
2026-07-31,134151.0,-0.07861954449991074,0.08931518466754429,0.933656849371231,0.5384976630811548,-0.2114982113764574,0.0,1.803452825547331,0.6522580997107408,-0.030198646122349092,0.09151376326004562
2026-08-03,74566.0,-0.11187347752341727,0.10677251653028148,0.9170265268352868,0.7323445001743422,-0.21634447284299396,0.43708929002494434,0.8551752809591503,-0.587281391943371,-0.03325393302350653,0.1938468370931874
2026-08-04,94288.0,-0.10147384892452256,0.09881982502720128,0.9293017138978449,0.7009587646360088,-0.21587909409128003,0.34835822161886987,1.1587158493127439,0.23466928885292404,0.010399628598894706,-0.03138573553833335
2026-08-05,146151.0,-0.08761243519438433,0.09434826575455742,0.9442289139314818,0.5579708657484382,-0.23786638452779096,0.22266696772516095,2.028805824113417,0.43828640572361266,0.01386141373013823,-0.14298789888757057
2026-08-06,79558.0,-0.11313567748951409,0.11014900294720185,0.93178561552578,0.6581864803036778,-0.2341773149806179,0.41467859926091655,0.968211870584982,-0.6081540184098024,-0.025523242295129756,0.10021561455523953
2026-08-07,118001.0,-0.07970412706466087,0.10217221586406641,0.877272226506555,0.4823433699714409,-0.23121988897458534,0.2801077956966466,1.8957720697282225,0.39420678359666006,0.03343155042485321,-0.17584311033223687
2026-08-10,85342.0,-0.11484864521254354,0.10984050330987231,0.948255255325631,0.6673736261160976,-0.02067183692583552,0.40485341332520913,0.843078437346207,-0.3240263858516972,-0.035144518147882664,0.18503025614465674
2026-08-11,102705.0,-0.1058628115027427,0.1044750860309345,0.9657757655420866,0.6154325495350762,-0.02483825612711854,0.3441020398227934,0.8472031546662772,0.1851940880868046,0.008985833709800842,-0.05194107658102143
2026-08-12,137895.0,-0.0877171939984965,0.10050221711545881,0.978490880742594,0.5141810798070996,-0.033350930740253304,0.2662460567823344,1.5108016969433264,0.2946317247426933,0.01814561750424619,-0.1012514697279766
2026-08-13,82705.0,-0.120879687686154,0.1170886058007516,0.9638836829695907,0.628426334562602,-0.2612145459033478,0.4651472099631219,0.8541926122967173,-0.5112124662896438,-0.03316249368765749,0.1142452547555024
2026-08-14,116096.0,-0.08946145566966732,0.11317202562478972,0.8406663450937155,0.47433158765159866,-0.2578203362030219,0.4045789691289967,1.9288175303197355,0.33913737535843147,0.03141823201648668,-0.15409474691100333
2026-08-17,85059.0,-0.1225784427299743,0.11736683618932588,0.9489178099907123,0.6361937008429444,-0.2585690338740182,0.7547231921372224,0.8432617359715021,-0.31107230170347755,-0.03311698706030698,0.1618621131913457
2026-08-18,93656.0,-0.1055283843829421,0.11600452780820582,0.8927778252327667,0.5699154352097036,-0.2495919104242278,0.7444264115486461,1.208080635517212,0.09628336182823283,0.0170500583470322,-0.0662782656332408
2026-08-19,123586.0,-0.07612790384345257,0.10713275998695383,0.8685045231660544,0.40676937517194506,-0.016085877813519223,0.7431586101985662,2.231571537229136,0.27730877482243166,0.02940048053948953,-0.1631460600377585
2026-08-20,54070.0,-0.08788234426935397,0.12589497687697426,0.9317921213242094,0.42892546698723877,-0.04303536718732959,0.0,2.0081006103199557,-0.826657766605889,-0.011754440425901402,0.02215609181529371
2026-08-21,92338.0,-0.06360246576886526,0.10508852279694841,0.9670558166735256,0.3099049145530551,-0.004959502957370909,0.0,2.6881998743745803,0.5351762543643801,0.02427987850048871,-0.11902055243418369
2026-08-24,50982.0,-0.09091811908175747,0.13158624127287039,0.8621866541132164,0.46020163979443723,-0.03937061349813864,0.0,1.2638186026440705,-0.5939831285088353,-0.027315653312892207,0.15029672524138216
2026-08-25,62319.0,-0.08989076963478708,0.12211237779030662,0.9549736035558979,0.4683483367833245,-0.048029354346941444,0.0,1.737977181918837,0.2007937259711987,0.001027349446970388,0.008146696988887259
2026-08-26,112837.0,-0.0645036648743407,0.10179218637356138,0.9485009349770023,0.3586235011565355,-0.000711720167863028,0.0,2.4890860267465458,0.5936779442428062,0.02538710476044638,-0.10972483562678897
2026-08-27,61636.0,-0.09745629983069606,0.12953670473033407,0.9296190537997274,0.4814556428061523,-0.12996609912905255,0.0,1.7993542734765398,-0.6046981840438566,-0.032952634956355364,0.12283214164961676
2026-08-28,95937.0,-0.07265892269730119,0.11315198824469239,0.919770265903666,0.39292452338513817,-0.0071538879098322905,0.0,2.3625608472226567,0.44244561062194343,0.024797377133394874,-0.0885311194210141
2026-08-31,61681.0,-0.10489956646640035,0.12838294404903938,0.9575071740082035,0.5462946450284528,-0.1328565634195108,0.0,1.7262366044649082,-0.4417157842071351,-0.03224064376909916,0.15337012164331465
2026-09-01,82948.0,-0.09385233516207732,0.1194569626502663,0.9655567343395862,0.5179389497034287,-0.020207579674163645,0.28939817717123983,1.811194965520567,0.29623796360117893,0.01104723130432303,-0.028355695325024133
