frac,p,rep,sign,n_bars,SR_gross,SR_net,SR_of_SR,positive_years,yr_sr_min,n_years,beta,mean_exec_w,abs_exec_w,max_dd_pct,max_dd_days,turnover_ann,held_pct,start_date,end_date,mean_abs_w,beta_per_w,gate_srsr,gate_posyr,gate_nyr,gate_beta,gate_beta_raw,n_gates,passes,passes_old
0.05,0.52,0,1,2264,0.6690942471071356,0.5329672475864583,0.056960915326252005,0.5,-3.3657249896141472,10,0.005169140995592423,0.00441696113074205,0.04858657243816254,-3.661429344444409,751,24.153710247349824,4.858657243816254,2017-05-16,2026-09-01,0.04858657243816254,0.106,False,False,True,True,True,2,False,False
0.05,0.52,1,1,2264,-0.1992633869173628,-0.30976466647986545,-0.3927388448485258,0.4,-1.4925799492139245,10,-0.002639493511754924,0.00044169611307420494,0.04372791519434629,-10.025743522248641,2192,21.48233215547703,4.372791519434629,2017-05-16,2026-09-01,0.04372791519434629,-0.06,False,False,True,True,True,2,False,False
0.05,0.52,2,1,2264,0.27266190192359185,0.1250378888622033,-0.0927059742743129,0.2,-1.5837769472842351,10,0.003160223849646384,0.001325088339222615,0.04902826855123675,-6.256478318384581,1220,24.042402826855124,4.902826855123675,2017-05-16,2026-09-01,0.04902826855123675,0.064,False,False,True,True,True,2,False,False
0.05,0.52,3,1,2264,0.05906962215838675,-0.09195135439050738,-0.3155517087662875,0.4,-2.4092294469449747,10,0.017002144020297566,0.0066254416961130744,0.05079505300353357,-6.234324342239931,2257,24.93286219081272,5.079505300353357,2017-05-16,2026-09-01,0.05079505300353357,0.335,False,False,True,False,True,1,False,False
0.05,0.52,4,1,2264,-0.27063455292309024,-0.4110496162860081,-0.37399797598644197,0.4,-1.9350397293994617,10,-0.008231516449499649,0.00044169611307420494,0.05167844522968198,-13.460041186441268,1396,25.37809187279152,5.167844522968198,2017-05-16,2026-09-01,0.05167844522968198,-0.159,False,False,True,False,True,1,False,False
0.05,0.52,5,1,2264,0.11126319344391024,0.010032792063913184,0.30031243934216123,0.6,-1.317236902605767,10,-0.027083133438159802,-0.0088339222614841,0.04946996466431095,-8.62082558135031,1015,24.265017667844525,4.946996466431095,2017-05-16,2026-09-01,0.04946996466431095,-0.547,False,False,True,False,True,1,False,False
0.05,0.52,6,1,2264,0.6533052628867447,0.5147897654901842,0.6854192718899544,0.6,-0.45953237545462644,10,-0.0007220093556802313,-0.0017667844522968198,0.04770318021201413,-3.8496010359776593,426,23.708480565371026,4.770318021201414,2017-05-16,2026-09-01,0.04770318021201413,-0.015,True,False,True,True,True,3,False,False
0.05,0.52,7,1,2264,-0.3477479573572064,-0.4866858532941734,-0.4414425730620141,0.3,-1.93843101071738,10,0.018135682244883072,0.0017667844522968198,0.05035335689045936,-12.957469237673042,2212,25.26678445229682,5.035335689045936,2017-05-16,2026-09-01,0.05035335689045936,0.36,False,False,True,False,True,1,False,False
0.05,0.52,8,1,2264,-0.2678564237735968,-0.36867278943503395,-0.23159550320996558,0.4,-1.6469199159271801,10,-0.03385841543966452,-0.00044169611307420494,0.04726148409893993,-12.600503493392857,2119,23.151943462897528,4.726148409893993,2017-05-16,2026-09-01,0.04726148409893993,-0.716,False,False,True,False,True,1,False,False
0.05,0.52,9,1,2264,0.12377396474198832,0.040825281607239,-0.11107824547709813,0.4,-1.4878704056449237,10,0.030537941353488224,-0.00265017667844523,0.044169611307420496,-14.293343036390304,2015,21.037102473498233,4.41696113074205,2017-05-16,2026-09-01,0.044169611307420496,0.691,False,False,True,False,True,1,False,False
0.05,0.52,10,1,2264,0.05726990108709143,-0.07323181446915764,-0.26512411939770064,0.4,-2.119600909281492,10,0.013476554227241757,0.00530035335689046,0.04946996466431095,-7.71939199575228,2102,24.710247349823323,4.946996466431095,2017-05-16,2026-09-01,0.04946996466431095,0.272,False,False,True,False,True,1,False,False
0.05,0.52,11,1,2264,0.6147391384706633,0.5116143467423089,0.3671259492747252,0.6,-1.017508355790237,10,0.004858171268996413,-0.00044169611307420494,0.05167844522968198,-7.501900588311565,1022,25.60070671378092,5.167844522968198,2017-05-16,2026-09-01,0.05167844522968198,0.094,False,False,True,True,True,2,False,False
0.05,0.52,12,1,2264,0.17290499609879326,0.05618087762228769,0.07869262441450388,0.4,-2.2834688960872294,10,-0.005460444858207806,0.001325088339222615,0.05167844522968198,-9.39351447597069,1662,25.37809187279152,5.167844522968198,2017-05-16,2026-09-01,0.05167844522968198,-0.106,False,False,True,True,True,2,False,False
0.05,0.52,13,1,2264,-0.03205202744554208,-0.19503690027848725,-0.32067864559169756,0.4,-2.0090485950907535,10,-0.0013319051316340832,-0.005742049469964664,0.05786219081272085,-10.274167487011278,2263,28.272084805653712,5.786219081272085,2017-05-16,2026-09-01,0.05786219081272085,-0.023,False,False,True,True,True,2,False,False
0.05,0.52,14,1,2264,-0.17675997953864941,-0.31541121561582036,-0.5034986272261542,0.3,-2.796467504702462,10,0.0034576422024677547,0.003975265017667844,0.05167844522968198,-7.394145514409056,1172,25.71201413427562,5.167844522968198,2017-05-16,2026-09-01,0.05167844522968198,0.067,False,False,True,True,True,2,False,False
0.05,0.52,15,1,2264,0.3230671762550235,0.22376936434260947,0.007444946554302565,0.5,-2.1176535449686607,10,-0.027931793067799544,0.00530035335689046,0.046819787985865724,-6.235646799072043,1654,23.151943462897528,4.681978798586572,2017-05-16,2026-09-01,0.046819787985865724,-0.597,False,False,True,False,True,1,False,False
0.05,0.52,16,1,2264,0.18883453040796994,0.060275134693885776,0.027977354778475825,0.6,-1.1468453607296594,10,0.025967037291222593,0.007950530035335688,0.05742049469964664,-10.324110403637706,2152,27.82685512367491,5.742049469964664,2017-05-16,2026-09-01,0.05742049469964664,0.452,False,False,True,False,True,1,False,False
0.05,0.52,17,1,2264,-0.659555593579573,-0.7396344825229273,-0.342372999422134,0.5,-2.460312455518476,10,0.04664899371101909,0.0,0.05035335689045936,-29.798694139983713,1706,25.15547703180212,5.035335689045936,2017-05-16,2026-09-01,0.05035335689045936,0.926,False,False,True,False,True,1,False,False
0.05,0.52,18,1,2264,-0.22550730869986466,-0.35490212007832084,-0.2866273029878162,0.3,-2.4348507943104982,10,0.003084352792271394,0.00044169611307420494,0.0446113074204947,-10.234616301114793,2174,22.26148409893993,4.46113074204947,2017-05-16,2026-09-01,0.0446113074204947,0.069,False,False,True,True,True,2,False,False
0.05,0.52,19,1,2264,0.12763303069668383,0.019550211638194804,-0.07810532240582956,0.4,-2.133861025093627,10,0.03304302253833574,0.008392226148409895,0.04902826855123675,-9.849500699723265,2073,24.042402826855124,4.902826855123675,2017-05-16,2026-09-01,0.04902826855123675,0.674,False,False,True,False,True,1,False,False
0.05,0.52,20,1,2264,0.5190234861604528,0.4109050715733002,0.21393088366249594,0.6,-1.6453740726857053,10,0.004896181694405398,-0.006183745583038869,0.044169611307420496,-4.669030717834435,1759,21.92756183745583,4.41696113074205,2017-05-16,2026-09-01,0.044169611307420496,0.111,False,False,True,True,True,2,False,False
0.05,0.52,21,1,2264,-0.19972461972333758,-0.33254171102192487,-0.5206069417330895,0.3,-1.498249935321383,10,-0.023195289448225017,-0.00441696113074205,0.053003533568904596,-8.885755986072791,2263,26.045936395759718,5.30035335689046,2017-05-16,2026-09-01,0.053003533568904596,-0.438,False,False,True,False,True,1,False,False
0.05,0.52,22,1,2264,-0.33655244131392176,-0.4511988240327245,-0.48053124376990114,0.4,-1.3705783360814519,10,-0.024045483412552818,-0.001325088339222615,0.04991166077738516,-12.657240390193794,2118,25.26678445229682,4.991166077738516,2017-05-16,2026-09-01,0.04991166077738516,-0.482,False,False,True,False,True,1,False,False
0.05,0.52,23,1,2264,0.3701580110649019,0.22445342174475388,0.3206830162718912,0.6,-1.1545946259761677,10,0.0035267432876862448,-0.0035335689045936395,0.04858657243816254,-3.9568797678143945,691,23.708480565371026,4.858657243816254,2017-05-16,2026-09-01,0.04858657243816254,0.073,False,False,True,True,True,2,False,False
0.05,0.52,24,1,2264,0.21370809872078952,0.07941949380933999,-0.07308508747113987,0.5,-1.533099416670415,10,-0.014728833235358965,-0.00441696113074205,0.04770318021201413,-6.844405885845556,1954,23.708480565371026,4.770318021201414,2017-05-16,2026-09-01,0.04770318021201413,-0.309,False,False,True,False,True,1,False,False
0.05,0.52,25,1,2264,0.29079879769975464,0.18377065116465272,0.06349567885816974,0.5,-1.942962104362903,10,-0.025177370555763908,0.008392226148409895,0.04902826855123675,-6.491905099920289,1571,24.265017667844525,4.902826855123675,2017-05-16,2026-09-01,0.04902826855123675,-0.514,False,False,True,False,True,1,False,False
0.05,0.52,26,1,2264,0.24092265169674082,0.12812735998303826,0.05891948702772363,0.7,-2.536810496230673,10,-0.0026794533377806173,0.0017667844522968198,0.05123674911660778,-8.625673936224254,1585,25.15547703180212,5.123674911660777,2017-05-16,2026-09-01,0.05123674911660778,-0.052,False,True,True,True,True,3,False,False
0.05,0.52,27,1,2264,-0.09812621120330636,-0.19336822056300632,-0.4771016743702264,0.3,-1.5571430843645864,10,0.020219928190341265,-0.0017667844522968198,0.052120141342756186,-11.100815525167485,2166,25.15547703180212,5.212014134275619,2017-05-16,2026-09-01,0.052120141342756186,0.388,False,False,True,False,True,1,False,False
0.05,0.52,28,1,2264,-0.18834092467749888,-0.3150079828687133,-0.24655869395836438,0.4,-1.5127738181787438,10,-0.010811191992654203,0.003975265017667844,0.04991166077738516,-7.831584099069929,2127,23.931095406360424,4.991166077738516,2017-05-16,2026-09-01,0.04991166077738516,-0.217,False,False,True,False,True,1,False,False
0.05,0.52,29,1,2264,0.29798036907774467,0.1702719262296992,0.26461017887610455,0.6,-1.063488709171544,10,-0.005489981100967458,-0.0035335689045936395,0.053886925795053005,-5.844518234583152,446,26.26855123674912,5.3886925795053005,2017-05-16,2026-09-01,0.053886925795053005,-0.102,False,False,True,True,True,2,False,False
0.05,0.52,30,1,2264,0.5811189970385932,0.4427198104181445,0.08251107857497099,0.6,-2.3902634317820746,10,0.0035974226570881602,0.0035335689045936395,0.04858657243816254,-5.162406106205794,708,23.597173144876326,4.858657243816254,2017-05-16,2026-09-01,0.04858657243816254,0.074,False,False,True,True,True,2,False,False
0.05,0.52,31,1,2264,-0.05319500637366111,-0.2004004272338985,-0.5011106965262399,0.4,-1.885062888927724,10,-0.012491057527084215,0.0017667844522968198,0.05653710247349823,-8.828420194333175,1638,27.93816254416961,5.6537102473498235,2017-05-16,2026-09-01,0.05653710247349823,-0.221,False,False,True,False,True,1,False,False
0.05,0.52,32,1,2264,0.5294846574555575,0.41521095365496513,0.23592399253018306,0.6,-1.4671644006654907,10,-0.005987137264487408,0.0008833922261484099,0.05035335689045936,-3.5959321437558653,568,25.37809187279152,5.035335689045936,2017-05-16,2026-09-01,0.05035335689045936,-0.119,False,False,True,True,True,2,False,False
0.05,0.52,33,1,2264,-0.1922821657382742,-0.3052929027309565,-0.21982381623388475,0.4,-2.0268726451294454,10,0.005993045577559856,-0.0035335689045936395,0.04858657243816254,-13.966956654481288,1461,24.821554770318023,4.858657243816254,2017-05-16,2026-09-01,0.04858657243816254,0.123,False,False,True,True,True,2,False,False
0.05,0.52,34,1,2264,-0.790073195846936,-0.9377730096372854,-1.8468499466125885,0.0,-2.02128292522212,10,0.0030620541527603515,-0.003975265017667844,0.04726148409893993,-18.680797606401427,2219,23.263250883392228,4.726148409893993,2017-05-16,2026-09-01,0.04726148409893993,0.065,False,False,True,True,True,2,False,False
0.05,0.52,35,1,2264,-0.2983995034475332,-0.41415818939817584,-0.5584879325348295,0.2,-2.386932370266661,10,0.0018282513088924207,-0.0066254416961130744,0.0446113074204947,-12.84291588184095,1965,21.704946996466433,4.46113074204947,2017-05-16,2026-09-01,0.0446113074204947,0.041,False,False,True,True,True,2,False,False
0.05,0.52,36,1,2264,0.6224710492077133,0.5137949396664366,0.5518389340326413,0.8,-1.6164314401696858,10,-0.0011644452400100098,-0.00044169611307420494,0.04549469964664311,-8.029045836606347,1426,22.59540636042403,4.54946996466431,2017-05-16,2026-09-01,0.04549469964664311,-0.026,False,True,True,True,True,3,False,False
0.05,0.52,37,1,2264,0.10792050154410708,-0.04762527947050322,-0.15988307447090222,0.4,-1.5800236147399782,10,-0.007282552673594899,-0.007067137809187279,0.05565371024734982,-6.0739148033962165,2227,26.491166077738516,5.565371024734982,2017-05-16,2026-09-01,0.05565371024734982,-0.131,False,False,True,True,True,2,False,False
0.05,0.52,38,1,2264,0.02970422259744012,-0.07061901140684163,-0.1399450872045323,0.4,-1.5450013543469583,10,0.03989603415122073,0.001325088339222615,0.04902826855123675,-12.451658734436059,1879,24.37632508833922,4.902826855123675,2017-05-16,2026-09-01,0.04902826855123675,0.814,False,False,True,False,True,1,False,False
0.05,0.52,39,1,2264,0.6494809007411289,0.47238995597055494,0.27942052489858465,0.6,-1.933534323122918,10,0.0011395234848009287,0.004858657243816254,0.04902826855123675,-4.242104045258986,1368,24.37632508833922,4.902826855123675,2017-05-16,2026-09-01,0.04902826855123675,0.023,False,False,True,True,True,2,False,False
0.05,0.52,40,1,2264,0.3407996744762372,0.20674718316000681,0.36623507985437403,0.7,-1.0105784045467914,10,0.004070563973043813,-0.001325088339222615,0.04549469964664311,-3.6489578142359016,592,22.03886925795053,4.54946996466431,2017-05-16,2026-09-01,0.04549469964664311,0.089,False,True,True,True,True,3,False,False
0.05,0.52,41,1,2264,-0.4938185490863643,-0.622570392693165,-0.3374935850537377,0.3,-2.742345957125234,10,0.022839691478865144,0.0066254416961130744,0.054328621908127206,-15.818394344774406,1177,25.71201413427562,5.43286219081272,2017-05-16,2026-09-01,0.054328621908127206,0.42,False,False,True,False,True,1,False,False
0.05,0.52,42,1,2264,-0.16846350716810746,-0.25411707588723403,-0.285138105549105,0.5,-1.973253530751222,10,0.004916602151678983,0.001325088339222615,0.04726148409893993,-12.81525254089379,1870,23.151943462897528,4.726148409893993,2017-05-16,2026-09-01,0.04726148409893993,0.104,False,False,True,True,True,2,False,False
0.05,0.52,43,1,2264,-0.23406007325353273,-0.380743194138506,-0.38123745602849685,0.4,-2.4012218644991448,10,0.0005025403080650532,0.00044169611307420494,0.04372791519434629,-7.690278579287576,2161,21.816254416961133,4.372791519434629,2017-05-16,2026-09-01,0.04372791519434629,0.011,False,False,True,True,True,2,False,False
0.05,0.52,44,1,2264,0.3359213422046611,0.22071561749877672,-0.0008067548653164742,0.4,-1.4665947613081607,10,-0.01662668377870515,-0.007950530035335688,0.045936395759717315,-6.424333618794009,2126,22.59540636042403,4.593639575971731,2017-05-16,2026-09-01,0.045936395759717315,-0.362,False,False,True,False,True,1,False,False
0.05,0.52,45,1,2264,0.8475042871128428,0.7059186045954438,0.7733568301483159,0.9,-1.0018787240715485,10,0.009124083484149274,0.013692579505300354,0.0534452296819788,-5.01800378590103,482,26.491166077738516,5.34452296819788,2017-05-16,2026-09-01,0.0534452296819788,0.171,True,True,True,False,True,3,False,True
0.05,0.52,46,1,2264,0.06885765860061163,-0.0361889570687343,-0.011093376642443257,0.4,-1.7333831398156077,10,-0.005425253423523648,-0.00265017667844523,0.046819787985865724,-10.04362161281051,1054,22.26148409893993,4.681978798586572,2017-05-16,2026-09-01,0.046819787985865724,-0.116,False,False,True,True,True,2,False,False
0.05,0.52,47,1,2264,0.3260175766643547,0.2237867888829826,-0.011064755386707075,0.5,-2.125337619629704,10,-0.040602265361417894,0.001325088339222615,0.05167844522968198,-4.107172186241181,1352,25.48939929328622,5.167844522968198,2017-05-16,2026-09-01,0.05167844522968198,-0.786,False,False,True,False,True,1,False,False
0.05,0.52,48,1,2264,0.422450129381687,0.2882822988978986,0.31608486793128826,0.6,-1.688758931681468,10,-0.008361966577479714,0.002208480565371025,0.04902826855123675,-6.59110878577396,1331,23.931095406360424,4.902826855123675,2017-05-16,2026-09-01,0.04902826855123675,-0.171,False,False,True,False,True,1,False,False
0.05,0.52,49,1,2264,0.16747095124674874,0.045842146741301076,0.05475657111565705,0.5,-1.194876493402744,10,-0.0022081574799390083,0.0,0.04946996466431095,-5.410500238060731,1371,24.821554770318023,4.946996466431095,2017-05-16,2026-09-01,0.04946996466431095,-0.045,False,False,True,True,True,2,False,False
0.05,0.52,50,1,2264,0.2725879941565976,0.17049709629359638,0.1347338428329145,0.6,-2.2569573227524224,10,0.017727905017821507,-0.00044169611307420494,0.05079505300353357,-7.103959931917286,1030,24.710247349823323,5.079505300353357,2017-05-16,2026-09-01,0.05079505300353357,0.349,False,False,True,False,True,1,False,False
0.05,0.52,51,1,2264,0.32263105354543986,0.20849294373938035,0.117232928293619,0.5,-1.081962024020309,10,-0.0006219348754395715,-0.0017667844522968198,0.04770318021201413,-9.959056786908455,1060,23.37455830388693,4.770318021201414,2017-05-16,2026-09-01,0.04770318021201413,-0.013,False,False,True,True,True,2,False,False
0.05,0.52,52,1,2264,0.8038341240461491,0.6827804760290974,0.4076299469273812,0.8,-1.427496648174031,10,-0.006761117250107353,0.0035335689045936395,0.045936395759717315,-3.609845686464582,617,23.151943462897528,4.593639575971731,2017-05-16,2026-09-01,0.045936395759717315,-0.147,False,True,True,True,True,3,False,False
0.05,0.52,53,1,2264,0.34247347785862764,0.1872915085196718,0.13875300997117226,0.5,-1.2946538756087889,10,-0.005995562421746531,-0.012809187279151944,0.05609540636042403,-7.593750038914996,1562,27.82685512367491,5.609540636042403,2017-05-16,2026-09-01,0.05609540636042403,-0.107,False,False,True,True,True,2,False,False
0.05,0.52,54,1,2264,0.9066699293532037,0.772462961412881,0.7128997539915157,0.8,-0.5014394292722464,10,0.015607178790216253,0.004858657243816254,0.04991166077738516,-4.001234406155276,702,24.598939929328623,4.991166077738516,2017-05-16,2026-09-01,0.04991166077738516,0.313,True,True,True,False,True,3,False,True
0.05,0.52,55,1,2264,0.1310564310730321,-0.012836067629689989,-0.15209268862049347,0.5,-1.7412300309391897,10,-0.0066097519373475785,0.003975265017667844,0.054328621908127206,-7.710591802433026,1399,26.045936395759718,5.43286219081272,2017-05-16,2026-09-01,0.054328621908127206,-0.122,False,False,True,True,True,2,False,False
0.05,0.52,56,1,2264,-0.2888681014223616,-0.45141879957432285,-0.37732796486323805,0.4,-2.1099609133684725,10,-0.005251550811115152,0.00265017667844523,0.045936395759717315,-8.167007493633493,2244,22.59540636042403,4.593639575971731,2017-05-16,2026-09-01,0.045936395759717315,-0.114,False,False,True,True,True,2,False,False
0.05,0.52,57,1,2264,-0.7052557399589164,-0.8164706927175805,-0.6518918191857195,0.1,-2.51263633469156,10,0.023470640597780913,0.003975265017667844,0.04902826855123675,-21.22170737301334,2263,23.931095406360424,4.902826855123675,2017-05-16,2026-09-01,0.04902826855123675,0.479,False,False,True,False,True,1,False,False
0.05,0.52,58,1,2264,0.5140556598440889,0.4047992356721013,0.711573577324786,0.7,-0.580432495602856,10,0.028308378772181814,0.003975265017667844,0.04991166077738516,-5.747376519383327,558,24.598939929328623,4.991166077738516,2017-05-16,2026-09-01,0.04991166077738516,0.567,True,True,True,False,True,3,False,True
0.05,0.52,59,1,2264,-0.24532152831277246,-0.4029440282586059,-0.593920327718143,0.3,-2.5076288088442844,10,-0.019258376177461217,-0.007508833922261484,0.05874558303886926,-9.362491185380504,2073,28.60600706713781,5.874558303886926,2017-05-16,2026-09-01,0.05874558303886926,-0.328,False,False,True,False,True,1,False,False
0.05,0.55,0,1,2264,0.060949001804302114,-0.042586746650466335,-0.22648003239267908,0.4,-1.3314828880257052,10,-0.02817564824604858,-0.002208480565371025,0.04726148409893993,-6.204088331991648,1893,23.151943462897528,4.726148409893993,2017-05-16,2026-09-01,0.04726148409893993,-0.596,False,False,True,False,True,1,False,False
0.05,0.55,1,1,2264,-0.23920564434300998,-0.3478872031622662,-0.6587125433466375,0.1,-1.9978314460753646,10,-0.0014079497197005489,-0.00441696113074205,0.052120141342756186,-19.147578475545707,2059,25.934628975265017,5.212014134275619,2017-05-16,2026-09-01,0.052120141342756186,-0.027,False,False,True,True,True,2,False,False
0.05,0.55,2,1,2264,-0.13243564317817982,-0.26583493771009015,-0.3459016207617395,0.4,-1.4820974296553087,10,0.008951630682216409,0.003975265017667844,0.04726148409893993,-7.165302291769144,2028,23.37455830388693,4.726148409893993,2017-05-16,2026-09-01,0.04726148409893993,0.189,False,False,True,False,True,1,False,False
0.05,0.55,3,1,2264,0.16253696872310863,0.020257594356633088,0.030262930758102168,0.5,-1.8172276213409624,10,-0.0062882578233548125,0.006183745583038869,0.044169611307420496,-5.4917698704199385,1907,22.03886925795053,4.41696113074205,2017-05-16,2026-09-01,0.044169611307420496,-0.142,False,False,True,True,True,2,False,False
0.05,0.55,4,1,2264,0.4948076896678393,0.3891365414556674,0.2724514189829029,0.6,-1.2973597479051568,10,-0.014662072962461532,0.00441696113074205,0.05123674911660778,-4.841115182902409,800,25.60070671378092,5.123674911660777,2017-05-16,2026-09-01,0.05123674911660778,-0.286,False,False,True,False,True,1,False,False
0.05,0.55,5,1,2264,0.4288380281056931,0.2905661413987843,0.5497860863611904,0.8,-2.3018036028100255,10,0.004574572328407838,0.00441696113074205,0.052120141342756186,-8.285411684679564,283,25.60070671378092,5.212014134275619,2017-05-16,2026-09-01,0.052120141342756186,0.088,False,True,True,True,True,3,False,False
0.05,0.55,6,1,2264,0.2910808603980018,0.19410157828297012,0.1961315052677074,0.5,-0.7560258446479201,10,0.016215483749552013,0.003975265017667844,0.04814487632508834,-5.854262157226084,1448,23.708480565371026,4.814487632508834,2017-05-16,2026-09-01,0.04814487632508834,0.337,False,False,True,False,True,1,False,False
0.05,0.55,7,1,2264,0.39714032202814503,0.30130082620728715,0.35699839657229854,0.5,-0.5993988239068113,10,0.01815604811725653,-0.001325088339222615,0.04726148409893993,-5.445535601483712,729,23.151943462897528,4.726148409893993,2017-05-16,2026-09-01,0.04726148409893993,0.384,False,False,True,False,True,1,False,False
0.05,0.55,8,1,2264,0.3917635061019024,0.2535684128674207,0.18388592282888455,0.5,-1.9283624112452713,10,-0.007014555476367173,-0.00044169611307420494,0.054328621908127206,-8.265762535521908,1081,27.159010600706715,5.43286219081272,2017-05-16,2026-09-01,0.054328621908127206,-0.129,False,False,True,True,True,2,False,False
0.05,0.55,9,1,2264,0.0649171393778687,-0.061136356926480694,0.010154095948719058,0.4,-1.173790117785182,10,-0.0044099462841213025,0.0,0.046819787985865724,-5.823976876292514,1809,23.040636042402827,4.681978798586572,2017-05-16,2026-09-01,0.046819787985865724,-0.094,False,False,True,True,True,2,False,False
0.05,0.55,10,1,2264,0.06073212423632851,-0.037596340202528195,-0.3899750704565328,0.4,-1.63627568531518,10,-0.0043486581836703125,-0.0030918727915194345,0.04991166077738516,-8.576696261823274,734,24.265017667844525,4.991166077738516,2017-05-16,2026-09-01,0.04991166077738516,-0.087,False,False,True,True,True,2,False,False
0.05,0.55,11,1,2264,-0.3915621215402695,-0.5200780525306541,-0.5027332180717294,0.2,-1.590794964245904,10,-0.0020186165286085844,-0.0035335689045936395,0.052120141342756186,-13.72261079748172,2236,25.934628975265017,5.212014134275619,2017-05-16,2026-09-01,0.052120141342756186,-0.039,False,False,True,True,True,2,False,False
0.05,0.55,12,1,2264,0.20903127160117738,0.06256132571472747,-0.006773658488574835,0.5,-2.2260740866256374,10,0.011767634126625348,0.0030918727915194345,0.04991166077738516,-3.7772255570531725,884,24.042402826855124,4.991166077738516,2017-05-16,2026-09-01,0.04991166077738516,0.236,False,False,True,False,True,1,False,False
0.05,0.55,13,1,2264,-0.03912807612850551,-0.17898441698354178,-0.20037286406478513,0.2,-1.6835981296353828,10,0.007596949763154479,0.00265017667844523,0.046819787985865724,-6.638166518932814,1770,22.81802120141343,4.681978798586572,2017-05-16,2026-09-01,0.046819787985865724,0.162,False,False,True,False,True,1,False,False
0.05,0.55,14,1,2264,0.3068983992016004,0.19411602062788738,0.2177460552340571,0.7,-1.674651668898501,10,-0.01854544935085695,0.0017667844522968198,0.046819787985865724,-5.693450328959058,891,23.040636042402827,4.681978798586572,2017-05-16,2026-09-01,0.046819787985865724,-0.396,False,True,True,False,True,2,False,False
0.05,0.55,15,1,2264,0.295731608669083,0.139279424488089,0.15068742106919727,0.5,-1.1887713472304138,10,-0.0036902438617865485,0.0017667844522968198,0.05123674911660778,-9.834865770797943,1910,25.934628975265017,5.123674911660777,2017-05-16,2026-09-01,0.05123674911660778,-0.072,False,False,True,True,True,2,False,False
0.05,0.55,16,1,2264,0.4592029340751646,0.3407690461917484,0.07468927053847518,0.6,-2.3934637373557486,10,0.0033458183118472854,0.00044169611307420494,0.0534452296819788,-5.2605329168094555,1161,26.045936395759718,5.34452296819788,2017-05-16,2026-09-01,0.0534452296819788,0.063,False,False,True,True,True,2,False,False
0.05,0.55,17,1,2264,0.3928968583874704,0.3039930099508808,0.14531115874231432,0.4,-0.718960708049055,10,0.010129806225743016,0.006183745583038869,0.04328621908127209,-7.091420166955221,818,21.371024734982335,4.328621908127209,2017-05-16,2026-09-01,0.04328621908127209,0.234,False,False,True,False,True,1,False,False
0.05,0.55,18,1,2264,0.5089706091553943,0.3850531649571427,0.4776573628063774,0.7,-1.9904765718594981,10,-0.005326272330308922,0.00044169611307420494,0.0446113074204947,-4.433489040293739,1053,21.816254416961133,4.46113074204947,2017-05-16,2026-09-01,0.0446113074204947,-0.119,False,True,True,True,True,3,False,False
0.05,0.55,19,1,2264,0.22211458227450137,0.12564255888847853,0.08289820326961052,0.4,-1.1146953714718248,10,0.0578107790571631,-0.006183745583038869,0.05565371024734982,-6.473542845258645,708,27.604240282685513,5.565371024734982,2017-05-16,2026-09-01,0.05565371024734982,1.039,False,False,True,False,True,1,False,False
0.05,0.55,20,1,2264,0.38662581197852447,0.2909787218701146,0.2744540644033293,0.6,-1.2853746698695436,10,-0.01922991443933224,0.0008833922261484099,0.04858657243816254,-4.581197238977159,1164,23.485865724381625,4.858657243816254,2017-05-16,2026-09-01,0.04858657243816254,-0.396,False,False,True,False,True,1,False,False
0.05,0.55,21,1,2264,-0.0783712726017644,-0.22401468495961072,-0.4212578398675321,0.3,-2.6044004080248,10,0.0030720965732484408,0.0088339222614841,0.05123674911660778,-7.83944974671857,1107,25.48939929328622,5.123674911660777,2017-05-16,2026-09-01,0.05123674911660778,0.06,False,False,True,True,True,2,False,False
0.05,0.55,22,1,2264,0.5143936993715221,0.3999548964929482,0.29383549122893254,0.6,-1.4072769857251881,10,-0.0005084694919344788,0.0030918727915194345,0.055212014134275615,-6.0428415139721166,493,26.491166077738516,5.521201413427561,2017-05-16,2026-09-01,0.055212014134275615,-0.009,False,False,True,True,True,2,False,False
0.05,0.55,23,1,2264,0.19604137854222622,0.07410779497338227,0.2837727941987511,0.7,-2.0749928721555366,10,-0.015417197588677213,-0.0030918727915194345,0.04549469964664311,-6.464148531384424,1116,22.48409893992933,4.54946996466431,2017-05-16,2026-09-01,0.04549469964664311,-0.339,False,True,True,False,True,2,False,False
0.05,0.55,24,1,2264,0.20653221410798772,0.06784867004996065,0.08141301398381981,0.6,-1.866620127532323,10,-0.002938641665871574,-0.00044169611307420494,0.04637809187279152,-8.114587697552283,679,22.59540636042403,4.637809187279152,2017-05-16,2026-09-01,0.04637809187279152,-0.063,False,False,True,True,True,2,False,False
0.05,0.55,25,1,2264,-0.061286139777211666,-0.14147906534921814,0.21473829256119997,0.5,-1.2140732624847335,10,-0.051725561908823166,0.00530035335689046,0.045053003533568906,-10.719728876485398,1507,22.59540636042403,4.5053003533568905,2017-05-16,2026-09-01,0.045053003533568906,-1.148,False,False,True,False,True,1,False,False
0.05,0.55,26,1,2264,0.5641848235630921,0.41607106196720933,0.4306979349083539,0.7,-1.119337247563126,10,-0.00551231777159884,-0.0030918727915194345,0.04814487632508834,-4.232637443212991,767,24.265017667844525,4.814487632508834,2017-05-16,2026-09-01,0.04814487632508834,-0.114,False,True,True,True,True,3,False,False
0.05,0.55,27,1,2264,-0.11330241974020462,-0.23282706077833304,-0.2749282620315428,0.3,-2.2336861763387708,10,0.011820741894123927,0.00441696113074205,0.04858657243816254,-7.514653414543828,1072,24.487632508833922,4.858657243816254,2017-05-16,2026-09-01,0.04858657243816254,0.243,False,False,True,False,True,1,False,False
0.05,0.55,28,1,2264,0.10675695772264784,-0.030978583133261507,-0.17961249203199878,0.5,-2.387484041949174,10,0.003284780502792291,-0.004858657243816254,0.04814487632508834,-5.202116527080572,1791,23.597173144876326,4.814487632508834,2017-05-16,2026-09-01,0.04814487632508834,0.068,False,False,True,True,True,2,False,False
0.05,0.55,29,1,2264,0.5774716962942635,0.4446734252704363,0.3632776875442613,0.7,-1.385627759824323,10,-0.0006342051957504417,0.002208480565371025,0.05167844522968198,-6.980465450671708,748,25.82332155477032,5.167844522968198,2017-05-16,2026-09-01,0.05167844522968198,-0.012,False,True,True,True,True,3,False,False
0.05,0.55,30,1,2264,-0.23112972914173643,-0.33464250695461933,-0.8156747546438889,0.3,-1.2773999588165317,10,0.03813953317047374,0.009275618374558304,0.05079505300353357,-15.930807409851655,2069,25.04416961130742,5.079505300353357,2017-05-16,2026-09-01,0.05079505300353357,0.751,False,False,True,False,True,1,False,False
0.05,0.55,31,1,2264,0.3360249382079865,0.22451927640429606,0.04688968582688918,0.5,-2.0657032379125106,10,-0.004018121085722798,0.005742049469964664,0.04637809187279152,-7.201523036912327,1187,22.929328621908127,4.637809187279152,2017-05-16,2026-09-01,0.04637809187279152,-0.087,False,False,True,True,True,2,False,False
0.05,0.55,32,1,2264,0.6896260589283361,0.5477358491782933,0.27046522924099436,0.5,-1.2053066134723016,10,0.018320127601544077,-0.00044169611307420494,0.05079505300353357,-4.260100973338769,814,25.37809187279152,5.079505300353357,2017-05-16,2026-09-01,0.05079505300353357,0.361,False,False,True,False,True,1,False,False
0.05,0.55,33,1,2264,0.24178834348365263,0.1278038067798478,0.43812824009736057,0.7,-1.197601393158148,10,0.005450412186145726,-0.0008833922261484099,0.053003533568904596,-8.929367858119045,1099,26.26855123674912,5.30035335689046,2017-05-16,2026-09-01,0.053003533568904596,0.103,False,True,True,True,True,3,False,False
0.05,0.55,34,1,2264,-0.18238837696437457,-0.3046419009216051,-0.052709586883672006,0.5,-1.7547787261314123,10,-0.025601296264759946,0.00044169611307420494,0.0534452296819788,-13.173235061198715,1857,26.157243816254418,5.34452296819788,2017-05-16,2026-09-01,0.0534452296819788,-0.479,False,False,True,False,True,1,False,False
0.05,0.55,35,1,2264,-0.0010519256204609936,-0.11320132818327598,-0.1818439097672689,0.4,-1.6049608011247642,10,0.01924708526909562,0.01060070671378092,0.05035335689045936,-12.71460008235178,2224,24.710247349823323,5.035335689045936,2017-05-16,2026-09-01,0.05035335689045936,0.382,False,False,True,False,True,1,False,False
0.05,0.55,36,1,2264,-0.010479037746924009,-0.11578083063275095,-0.3558108786258796,0.3,-1.8466588618791642,10,-0.015241073925507734,0.0035335689045936395,0.04858657243816254,-10.204267358858086,2263,23.708480565371026,4.858657243816254,2017-05-16,2026-09-01,0.04858657243816254,-0.314,False,False,True,False,True,1,False,False
0.05,0.55,37,1,2264,0.20190754475974285,0.06479949343897501,0.1308772911973524,0.5,-1.753279556468784,10,0.006332514214954463,-0.0008833922261484099,0.05035335689045936,-7.376328542783692,1272,25.04416961130742,5.035335689045936,2017-05-16,2026-09-01,0.05035335689045936,0.126,False,False,True,True,True,2,False,False
0.05,0.55,38,1,2264,0.5851347895268387,0.4743108035260349,0.3769546393130607,0.6,-1.091607988389102,10,-0.04412552657068058,0.001325088339222615,0.054328621908127206,-9.0091046729631,1151,26.936395759717314,5.43286219081272,2017-05-16,2026-09-01,0.054328621908127206,-0.812,False,False,True,False,True,1,False,False
0.05,0.55,39,1,2264,0.33540170240445477,0.195371877087227,0.18337640321086812,0.6,-0.7636083906806141,10,-0.0014893232618816972,-0.001325088339222615,0.04637809187279152,-3.584567959415398,1015,22.59540636042403,4.637809187279152,2017-05-16,2026-09-01,0.04637809187279152,-0.032,False,False,True,True,True,2,False,False
0.05,0.55,40,1,2264,0.6678597980124995,0.5529316025282488,0.34730222731417215,0.7,-1.1018404170744909,10,0.007766038341628825,-0.007067137809187279,0.053003533568904596,-5.937593405587906,489,26.491166077738516,5.30035335689046,2017-05-16,2026-09-01,0.053003533568904596,0.147,False,True,True,True,True,3,False,False
0.05,0.55,41,1,2264,0.5022401716876659,0.39485354621674795,0.613314835434046,0.7,-1.071569541166881,10,-0.0022285528746564206,0.0030918727915194345,0.04107773851590106,-4.803418691996967,1243,20.369257950530038,4.107773851590106,2017-05-16,2026-09-01,0.04107773851590106,-0.054,True,True,True,True,True,4,True,True
0.05,0.55,42,1,2264,0.7141274575648595,0.5965396624920987,1.1016668826363716,0.9,-0.2677592401366836,10,-0.003994569668823258,-0.004858657243816254,0.04902826855123675,-4.031243857306856,533,24.487632508833922,4.902826855123675,2017-05-16,2026-09-01,0.04902826855123675,-0.081,True,True,True,True,True,4,True,True
0.05,0.55,43,1,2264,0.019609531772219052,-0.09196324986859294,-0.1737073408319271,0.5,-2.436688895771349,10,-0.006542577421136466,0.004858657243816254,0.04637809187279152,-10.214385144757191,1647,22.15017667844523,4.637809187279152,2017-05-16,2026-09-01,0.04637809187279152,-0.141,False,False,True,True,True,2,False,False
0.05,0.55,44,1,2264,0.7743427283055844,0.6335906004155333,0.7313746888880153,0.8,-0.516874122171249,10,-0.008002133117576145,-0.001325088339222615,0.06139575971731449,-4.7425895992594285,460,30.164310954063605,6.139575971731449,2017-05-16,2026-09-01,0.06139575971731449,-0.13,True,True,True,True,True,4,True,True
0.05,0.55,45,1,2264,0.46910804699835856,0.3250818303800655,0.4706783101820745,0.7,-1.433513037914444,10,-0.0016719437496538175,0.001325088339222615,0.05167844522968198,-3.435250979809499,611,25.60070671378092,5.167844522968198,2017-05-16,2026-09-01,0.05167844522968198,-0.032,False,True,True,True,True,3,False,False
0.05,0.55,46,1,2264,-0.6527191633262927,-0.7811107967919521,-0.5037341961623886,0.2,-2.1775156727589846,10,0.003166927492655056,-0.001325088339222615,0.05256183745583039,-23.54288083464829,1993,25.48939929328622,5.256183745583039,2017-05-16,2026-09-01,0.05256183745583039,0.06,False,False,True,True,True,2,False,False
0.05,0.55,47,1,2264,0.26468100132635847,0.15707325937374716,-0.06695692467434171,0.4,-2.1936779968743845,10,-0.00314288940672967,-0.001325088339222615,0.04991166077738516,-8.988548776141124,597,24.487632508833922,4.991166077738516,2017-05-16,2026-09-01,0.04991166077738516,-0.063,False,False,True,True,True,2,False,False
0.05,0.55,48,1,2264,0.03254793033675139,-0.0684264547144131,-0.2831895542539093,0.5,-1.5723962355678793,10,0.00929833474579928,-0.003975265017667844,0.04902826855123675,-5.369492744981454,1588,24.487632508833922,4.902826855123675,2017-05-16,2026-09-01,0.04902826855123675,0.19,False,False,True,False,True,1,False,False
0.05,0.55,49,1,2264,0.3808076652299009,0.2568362643688016,0.08719373981118989,0.5,-2.0099864025574212,10,-0.004993951056924421,0.002208480565371025,0.05256183745583039,-5.217194697356944,685,25.04416961130742,5.256183745583039,2017-05-16,2026-09-01,0.05256183745583039,-0.095,False,False,True,True,True,2,False,False
0.05,0.55,50,1,2264,0.7493819816358986,0.6371787160910984,0.964361285587911,0.9,-0.7999644470933777,10,0.002593929971108593,-0.00044169611307420494,0.05167844522968198,-4.891721253866435,1095,25.15547703180212,5.167844522968198,2017-05-16,2026-09-01,0.05167844522968198,0.05,True,True,True,True,True,4,True,True
0.05,0.55,51,1,2264,-0.16391580291821325,-0.25993160661125453,-0.26139309699756563,0.4,-2.01576848631514,10,0.022858466014747107,-0.0017667844522968198,0.04770318021201413,-14.543711754064553,1634,23.151943462897528,4.770318021201414,2017-05-16,2026-09-01,0.04770318021201413,0.479,False,False,True,False,True,1,False,False
0.05,0.55,52,1,2264,0.4572441930503714,0.3309452535432809,0.7097860893372866,0.7,-0.7698378689908,10,-0.011551385827438513,-0.0088339222614841,0.046819787985865724,-3.3990539107959625,399,22.81802120141343,4.681978798586572,2017-05-16,2026-09-01,0.046819787985865724,-0.247,True,True,True,False,True,3,False,True
0.05,0.55,53,1,2264,0.6796929865848349,0.5608195398031341,0.20484693340763424,0.6,-1.8048000345732453,10,-0.0013260311082024332,0.0017667844522968198,0.046819787985865724,-5.766489535135103,775,23.37455830388693,4.681978798586572,2017-05-16,2026-09-01,0.046819787985865724,-0.028,False,False,True,True,True,2,False,False
0.05,0.55,54,1,2264,0.03179419077372238,-0.08760893979642947,-0.07077635100122523,0.6,-1.819589108657264,10,-0.015370493047849527,0.007067137809187279,0.04770318021201413,-10.193831018636793,1167,23.819787985865727,4.770318021201414,2017-05-16,2026-09-01,0.04770318021201413,-0.322,False,False,True,False,True,1,False,False
0.05,0.55,55,1,2264,0.4368401916084989,0.30056252105192943,0.3806738189961124,0.8,-1.0329345087787565,10,0.001460624660371654,0.001325088339222615,0.055212014134275615,-7.774721679852763,906,27.159010600706715,5.521201413427561,2017-05-16,2026-09-01,0.055212014134275615,0.026,False,True,True,True,True,3,False,False
0.05,0.55,56,1,2264,0.39969943973716937,0.2645479135759088,0.11988827295167935,0.5,-1.9382471523405804,10,-0.008299095141960273,-0.008392226148409895,0.04991166077738516,-7.909746451050773,1363,24.265017667844525,4.991166077738516,2017-05-16,2026-09-01,0.04991166077738516,-0.166,False,False,True,False,True,1,False,False
0.05,0.55,57,1,2264,0.5729325955354483,0.4312438552694126,0.05887432849776185,0.6,-2.087263580606284,10,0.005045162269288488,-0.0008833922261484099,0.05918727915194346,-6.906393532509722,1537,27.93816254416961,5.918727915194346,2017-05-16,2026-09-01,0.05918727915194346,0.085,False,False,True,True,True,2,False,False
0.05,0.55,58,1,2264,0.4588787537260451,0.3392270077457481,0.1322522551345394,0.6,-1.5836918994877809,10,-0.033489640523011864,0.0017667844522968198,0.04946996466431095,-5.175489416162753,578,24.042402826855124,4.946996466431095,2017-05-16,2026-09-01,0.04946996466431095,-0.677,False,False,True,False,True,1,False,False
0.05,0.55,59,1,2264,-0.021162070865638743,-0.13906034841083284,-0.20825283707121808,0.4,-1.6288770591188033,10,-0.01902589953098973,0.0035335689045936395,0.04770318021201413,-11.875568408558571,937,22.929328621908127,4.770318021201414,2017-05-16,2026-09-01,0.04770318021201413,-0.399,False,False,True,False,True,1,False,False
0.05,0.6,0,1,2264,1.0485075590281658,0.9389295916527257,0.3750701014023906,0.6,-1.4761104904014342,10,-0.012749320436710255,0.001325088339222615,0.054328621908127206,-6.758527302660433,659,26.825088339222614,5.43286219081272,2017-05-16,2026-09-01,0.054328621908127206,-0.235,False,False,True,False,True,1,False,False
0.05,0.6,1,1,2264,0.29221203955258135,0.15356611640757437,0.039716582598827994,0.5,-1.4438751624097244,10,-0.007680564582861072,-0.007950530035335688,0.04151943462897526,-4.452059353045288,823,20.591872791519435,4.151943462897526,2017-05-16,2026-09-01,0.04151943462897526,-0.185,False,False,True,False,True,1,False,False
0.05,0.6,2,1,2264,0.6979493267195557,0.5604461889500105,0.8053567935028713,0.9,-1.3949836596053689,10,0.0010160885645395274,0.0008833922261484099,0.05123674911660778,-4.301894456190782,325,24.93286219081272,5.123674911660777,2017-05-16,2026-09-01,0.05123674911660778,0.02,True,True,True,True,True,4,True,True
0.05,0.6,3,1,2264,0.6201898636880734,0.5119242584466965,0.278205078445716,0.8,-2.851431245365091,10,0.018408218843015998,0.003975265017667844,0.05256183745583039,-6.92613802853084,349,26.045936395759718,5.256183745583039,2017-05-16,2026-09-01,0.05256183745583039,0.35,False,True,True,False,True,2,False,False
0.05,0.6,4,1,2264,0.41088360511316,0.29147780214262325,0.16614761348902343,0.6,-1.6337369042854786,10,0.005316409068437197,0.008392226148409895,0.04726148409893993,-3.681844889347821,531,23.485865724381625,4.726148409893993,2017-05-16,2026-09-01,0.04726148409893993,0.112,False,False,True,True,True,2,False,False
0.05,0.6,5,1,2264,0.723776689951641,0.6018853498638747,0.44570820797037686,0.8,-1.9637739495299193,10,-0.00030035106127288534,0.009275618374558304,0.04991166077738516,-2.8487243775085935,531,24.598939929328623,4.991166077738516,2017-05-16,2026-09-01,0.04991166077738516,-0.006,False,True,True,True,True,3,False,False
0.05,0.6,6,1,2264,0.128237060017008,-0.00020581234256796652,0.10988826368361716,0.5,-1.385433892177593,10,0.006326111936655739,0.007067137809187279,0.04328621908127209,-4.917770076934922,950,21.259717314487634,4.328621908127209,2017-05-16,2026-09-01,0.04328621908127209,0.146,False,False,True,True,True,2,False,False
0.05,0.6,7,1,2264,0.39330888265052744,0.2684627706928605,0.6807168983861519,0.8,-0.7223979567483734,10,-0.0055003244224931,0.0017667844522968198,0.05123674911660778,-7.814138336813269,907,25.37809187279152,5.123674911660777,2017-05-16,2026-09-01,0.05123674911660778,-0.107,True,True,True,True,True,4,True,True
0.05,0.6,8,1,2264,0.5879724105733317,0.4981274163006477,0.5521893507749914,0.8,-1.2870818605905903,10,0.04886190736156373,0.011925795053003533,0.055212014134275615,-10.169802190359118,563,26.936395759717314,5.521201413427561,2017-05-16,2026-09-01,0.055212014134275615,0.885,False,True,True,False,True,2,False,False
0.05,0.6,9,1,2264,0.5382047625913532,0.4074109703574112,0.2533153098349996,0.6,-1.8827045942592202,10,0.012982557283154436,0.007067137809187279,0.05653710247349823,-8.513277270599126,1113,28.272084805653712,5.6537102473498235,2017-05-16,2026-09-01,0.05653710247349823,0.23,False,False,True,False,True,1,False,False
0.05,0.6,10,1,2264,0.9146040524729475,0.7696160871355079,0.5633526476166777,0.6,-1.1568454066634721,10,0.002431727677122281,0.006183745583038869,0.04946996466431095,-2.3089485740475424,468,23.819787985865727,4.946996466431095,2017-05-16,2026-09-01,0.04946996466431095,0.049,False,False,True,True,True,2,False,False
0.05,0.6,11,1,2264,0.35141504087372794,0.21312714074639283,0.25694744760381555,0.6,-1.5111180489093832,10,-0.013746820098753441,0.00044169611307420494,0.04726148409893993,-8.021988748521466,713,23.040636042402827,4.726148409893993,2017-05-16,2026-09-01,0.04726148409893993,-0.291,False,False,True,False,True,1,False,False
0.05,0.6,12,1,2264,0.2937648899946642,0.19165174222881393,0.2179521333280711,0.5,-0.9956937885965739,10,0.0034636542803599983,0.001325088339222615,0.04637809187279152,-6.445097940876638,1071,23.37455830388693,4.637809187279152,2017-05-16,2026-09-01,0.04637809187279152,0.075,False,False,True,True,True,2,False,False
0.05,0.6,13,1,2264,0.02120536607110732,-0.09328860535870787,-0.10891989965251819,0.5,-2.1640112493762675,10,0.019923797425613815,0.011925795053003533,0.04549469964664311,-9.53250481436186,1693,22.59540636042403,4.54946996466431,2017-05-16,2026-09-01,0.04549469964664311,0.438,False,False,True,False,True,1,False,False
0.05,0.6,14,1,2264,0.19531517046685007,0.061810102328640065,0.12084059589406135,0.4,-1.1549798061575354,10,0.005586671038822198,0.007950530035335688,0.053886925795053005,-6.133984765293386,669,26.26855123674912,5.3886925795053005,2017-05-16,2026-09-01,0.053886925795053005,0.104,False,False,True,True,True,2,False,False
0.05,0.6,15,1,2264,0.5664875885964687,0.447884903603027,0.09380671449403251,0.6,-2.373489942417981,10,-0.026949530435876175,-0.001325088339222615,0.05167844522968198,-4.611611901012304,1092,25.26678445229682,5.167844522968198,2017-05-16,2026-09-01,0.05167844522968198,-0.521,False,False,True,False,True,1,False,False
0.05,0.6,16,1,2264,0.46304684086074815,0.35864061063260194,0.30594681763129067,0.7,-1.2001228098785637,10,0.00822089127642946,0.007067137809187279,0.05035335689045936,-5.833180752168128,680,24.042402826855124,5.035335689045936,2017-05-16,2026-09-01,0.05035335689045936,0.163,False,True,True,False,True,2,False,False
0.05,0.6,17,1,2264,0.33597556487031405,0.24419096559569897,0.3737498923631439,0.7,-1.6814726743415545,10,0.05253093107358004,0.011484098939929329,0.05035335689045936,-7.563124419396458,1324,25.15547703180212,5.035335689045936,2017-05-16,2026-09-01,0.05035335689045936,1.043,False,True,True,False,True,2,False,False
0.05,0.6,18,1,2264,-0.04457950290157775,-0.19980348593037298,-0.10254462078318906,0.6,-2.4180414873289346,10,0.0021227663665230488,-0.002208480565371025,0.05256183745583039,-10.056638245914526,1583,25.82332155477032,5.256183745583039,2017-05-16,2026-09-01,0.05256183745583039,0.04,False,False,True,True,True,2,False,False
0.05,0.6,19,1,2264,1.0757674888687017,0.9602004252719729,0.427738774824299,0.8,-2.991871980108239,10,0.013878580899307921,0.0008833922261484099,0.04946996466431095,-4.553279956514647,515,24.710247349823323,4.946996466431095,2017-05-16,2026-09-01,0.04946996466431095,0.281,False,True,True,False,True,2,False,False
0.05,0.6,20,1,2264,0.19542962342423725,0.0978272520880309,0.0008588639741683944,0.6,-1.5351717880103863,10,0.02000983098813635,-0.0030918727915194345,0.0446113074204947,-6.409794852968548,1504,21.816254416961133,4.46113074204947,2017-05-16,2026-09-01,0.0446113074204947,0.449,False,False,True,False,True,1,False,False
0.05,0.6,21,1,2264,-0.06076375193720608,-0.16532323601640647,0.008613931165938291,0.4,-1.6119935623467667,10,-0.023072594710097347,0.011042402826855124,0.04991166077738516,-10.760143979409529,603,24.487632508833922,4.991166077738516,2017-05-16,2026-09-01,0.04991166077738516,-0.462,False,False,True,False,True,1,False,False
0.05,0.6,22,1,2264,0.14070658942543157,0.030406116055447893,0.22416307967785315,0.5,-0.8014179136385083,10,0.009327379044293892,0.0035335689045936395,0.04946996466431095,-13.520317112265234,1032,24.487632508833922,4.946996466431095,2017-05-16,2026-09-01,0.04946996466431095,0.189,False,False,True,False,True,1,False,False
0.05,0.6,23,1,2264,0.4994910928158944,0.3723188262431501,0.2902284367857341,0.6,-1.8923349798754465,10,-0.019766175655995467,-0.00441696113074205,0.04946996466431095,-5.151459807032814,818,24.265017667844525,4.946996466431095,2017-05-16,2026-09-01,0.04946996466431095,-0.4,False,False,True,False,True,1,False,False
0.05,0.6,24,1,2264,0.8162095684253151,0.7169092362056787,0.8561180342250334,0.7,-0.6879146884524394,10,0.029369404306693363,0.00265017667844523,0.04946996466431095,-3.217391301484476,369,24.042402826855124,4.946996466431095,2017-05-16,2026-09-01,0.04946996466431095,0.594,True,True,True,False,True,3,False,True
0.05,0.6,25,1,2264,1.1250857948842328,1.0033934824353783,0.6831734717244572,0.6,-0.5684552314896303,10,-0.012856079302922761,0.00044169611307420494,0.04726148409893993,-2.097756544191254,347,23.37455830388693,4.726148409893993,2017-05-16,2026-09-01,0.04726148409893993,-0.272,True,False,True,False,True,2,False,False
0.05,0.6,26,1,2264,1.0474246993427951,0.9430144887896089,1.2405574931996284,0.9,-0.6395258912072332,10,0.012831844393718692,0.002208480565371025,0.04991166077738516,-2.6808884195906546,253,24.37632508833922,4.991166077738516,2017-05-16,2026-09-01,0.04991166077738516,0.257,True,True,True,False,True,3,False,True
0.05,0.6,27,1,2264,0.05127450119217821,-0.04766360180372109,-0.010093433541185285,0.5,-1.7313893525002841,10,0.010183433910427003,0.007508833922261484,0.0446113074204947,-11.323614579711602,1531,22.03886925795053,4.46113074204947,2017-05-16,2026-09-01,0.0446113074204947,0.228,False,False,True,False,True,1,False,False
0.05,0.6,28,1,2264,0.3703586808272627,0.24877081820380575,0.29301278066312453,0.6,-1.0542471171199481,10,0.017478393087085077,0.009275618374558304,0.04814487632508834,-5.476582631258857,510,23.263250883392228,4.814487632508834,2017-05-16,2026-09-01,0.04814487632508834,0.363,False,False,True,False,True,1,False,False
0.05,0.6,29,1,2264,0.3040246740441918,0.200928852143708,-0.05461504027260164,0.5,-2.689327121229619,10,0.033870002752799014,0.00265017667844523,0.054770318021201414,-7.27636259895135,1402,27.047703180212014,5.477031802120141,2017-05-16,2026-09-01,0.054770318021201414,0.618,False,False,True,False,True,1,False,False
0.05,0.6,30,1,2264,-0.2147645175071525,-0.34959890183127984,-0.30879945508366785,0.3,-1.3014997444331886,10,0.005069333241302795,0.0,0.04858657243816254,-11.94193532265262,1962,23.931095406360424,4.858657243816254,2017-05-16,2026-09-01,0.04858657243816254,0.104,False,False,True,True,True,2,False,False
0.05,0.6,31,1,2264,0.9092748338323846,0.772437113059703,0.6712127548144801,0.7,-1.312781091116,10,0.0008537725661712446,-0.00044169611307420494,0.04637809187279152,-5.25231783863241,430,21.92756183745583,4.637809187279152,2017-05-16,2026-09-01,0.04637809187279152,0.018,True,True,True,True,True,4,True,True
0.05,0.6,32,1,2264,0.7816706527599565,0.6673496178620623,0.26476020139743484,0.6,-1.999800442451019,10,0.007640573306561396,-0.0008833922261484099,0.04946996466431095,-3.4477849903806215,691,24.93286219081272,4.946996466431095,2017-05-16,2026-09-01,0.04946996466431095,0.154,False,False,True,False,True,1,False,False
0.05,0.6,33,1,2264,0.3761772589835889,0.2645755614116004,0.3805892148840581,0.6,-1.2026505948902397,10,-0.014430957771833315,0.0008833922261484099,0.045936395759717315,-6.999040806983459,599,22.929328621908127,4.593639575971731,2017-05-16,2026-09-01,0.045936395759717315,-0.314,False,False,True,False,True,1,False,False
0.05,0.6,34,1,2264,0.801711075428271,0.6785304513308877,0.30200225250228974,0.8,-2.0871296728357747,10,-0.006427936759622373,0.003975265017667844,0.05079505300353357,-3.9764384817080165,420,25.37809187279152,5.079505300353357,2017-05-16,2026-09-01,0.05079505300353357,-0.127,False,True,True,True,True,3,False,False
0.05,0.6,35,1,2264,0.764542037421296,0.6586806217734571,0.5718245949310121,0.7,-1.1522826226682388,10,0.006597438672680554,-0.001325088339222615,0.05079505300353357,-3.9017698661016786,645,24.821554770318023,5.079505300353357,2017-05-16,2026-09-01,0.05079505300353357,0.13,False,True,True,True,True,3,False,False
0.05,0.6,36,1,2264,0.9799442482177857,0.870590890572882,0.7112133589600873,0.7,-1.1136699765866604,10,-0.02224820094165015,-0.005742049469964664,0.04991166077738516,-2.647518424253809,308,24.821554770318023,4.991166077738516,2017-05-16,2026-09-01,0.04991166077738516,-0.446,True,True,True,False,True,3,False,True
0.05,0.6,37,1,2264,0.6021832055714751,0.501882223660339,0.2762523809019732,0.7,-1.3785551917229055,10,-0.021840357676723026,-0.0017667844522968198,0.04770318021201413,-4.868521517542823,454,23.485865724381625,4.770318021201414,2017-05-16,2026-09-01,0.04770318021201413,-0.458,False,True,True,False,True,2,False,False
0.05,0.6,38,1,2264,0.2862729393901628,0.15399546240697987,0.18293604492633986,0.6,-2.2811360032521844,10,-0.01674621970953615,0.001325088339222615,0.05167844522968198,-7.979687511658263,658,26.045936395759718,5.167844522968198,2017-05-16,2026-09-01,0.05167844522968198,-0.324,False,False,True,False,True,1,False,False
0.05,0.6,39,1,2264,0.18098265961887447,0.06251410614023131,0.008165142784352987,0.6,-2.518030518283248,10,0.000918808819744373,-0.0017667844522968198,0.04946996466431095,-5.390235152767994,775,24.598939929328623,4.946996466431095,2017-05-16,2026-09-01,0.04946996466431095,0.019,False,False,True,True,True,2,False,False
0.05,0.6,40,1,2264,0.24980356248024835,0.10743700130721033,0.19559492806174741,0.5,-1.7946704132020586,10,0.013280266516023502,0.0066254416961130744,0.04726148409893993,-5.294917764328055,1601,23.485865724381625,4.726148409893993,2017-05-16,2026-09-01,0.04726148409893993,0.281,False,False,True,False,True,1,False,False
0.05,0.6,41,1,2264,0.8193002552396519,0.6778945073453102,0.8291105356682845,0.7,-0.2924729351807058,10,0.0045275266622166336,0.009717314487632508,0.045936395759717315,-1.9540297510311055,982,22.48409893992933,4.593639575971731,2017-05-16,2026-09-01,0.045936395759717315,0.099,True,True,True,True,True,4,True,True
0.05,0.6,42,1,2264,-0.006494825945830959,-0.14214299857054466,-0.2831691336739107,0.3,-1.084097923163884,10,0.005051312816421631,0.0088339222614841,0.053886925795053005,-13.108832148484002,1576,26.26855123674912,5.3886925795053005,2017-05-16,2026-09-01,0.053886925795053005,0.094,False,False,True,True,True,2,False,False
0.05,0.6,43,1,2264,1.2462447964045251,1.1154968599615451,2.35671721876457,1.0,0.48362520584764274,10,0.003913390026428614,0.001325088339222615,0.05079505300353357,-2.34795486781296,235,24.93286219081272,5.079505300353357,2017-05-16,2026-09-01,0.05079505300353357,0.077,True,True,True,True,True,4,True,True
0.05,0.6,44,1,2264,0.6695509073789316,0.5271692313998442,0.5543596249147251,0.8,-0.6570108542876778,10,-0.0010180024759875617,0.0017667844522968198,0.04946996466431095,-2.7595006305446,535,24.153710247349824,4.946996466431095,2017-05-16,2026-09-01,0.04946996466431095,-0.021,False,True,True,True,True,3,False,False
0.05,0.6,45,1,2264,0.6921931774327293,0.5314060567398408,0.616739988488607,0.6,-0.37461501808793907,10,0.0012428238661609508,0.0066254416961130744,0.04902826855123675,-3.103505598292297,489,24.710247349823323,4.902826855123675,2017-05-16,2026-09-01,0.04902826855123675,0.025,True,False,True,True,True,3,False,False
0.05,0.6,46,1,2264,-0.09705892193089546,-0.2271211809195571,-0.09900716989352039,0.4,-1.4808531874490074,10,0.01559995879110476,0.007067137809187279,0.046819787985865724,-7.9937446379259685,1178,22.48409893992933,4.681978798586572,2017-05-16,2026-09-01,0.046819787985865724,0.333,False,False,True,False,True,1,False,False
0.05,0.6,47,1,2264,0.2707229145769002,0.12729633992508316,0.18888614506199647,0.6,-1.0038691243431843,10,0.0062234668943734585,0.0088339222614841,0.053003533568904596,-4.933367927753424,1029,26.26855123674912,5.30035335689046,2017-05-16,2026-09-01,0.053003533568904596,0.117,False,False,True,True,True,2,False,False
0.05,0.6,48,1,2264,1.0646896164664295,0.9395641930187141,2.9038301679303014,1.0,0.5056973337110803,10,0.014815788663389057,0.015017667844522967,0.05123674911660778,-3.3237154809538536,274,25.04416961130742,5.123674911660777,2017-05-16,2026-09-01,0.05123674911660778,0.289,True,True,True,False,True,3,False,True
0.05,0.6,49,1,2264,0.08295314068052542,-0.004693284854544262,0.2503510193415938,0.6,-2.0992436170466626,10,-0.05417548700822307,0.010159010600706713,0.04814487632508834,-13.231451480065177,650,24.042402826855124,4.814487632508834,2017-05-16,2026-09-01,0.04814487632508834,-1.125,False,False,True,False,True,1,False,False
0.05,0.6,50,1,2264,0.16747694324060422,0.08595054384323347,0.1088023506010614,0.5,-1.7717355336065268,10,-0.056303331276373714,0.00265017667844523,0.053886925795053005,-12.86162250256677,1067,26.26855123674912,5.3886925795053005,2017-05-16,2026-09-01,0.053886925795053005,-1.045,False,False,True,False,True,1,False,False
0.05,0.6,51,1,2264,0.8576915729381471,0.734106322192717,0.4437898363590636,0.7,-1.320285221581276,10,-0.012895429205394654,-0.0035335689045936395,0.04770318021201413,-3.110216488854152,520,23.597173144876326,4.770318021201414,2017-05-16,2026-09-01,0.04770318021201413,-0.27,False,True,True,False,True,2,False,False
0.05,0.6,52,1,2264,0.39639390502324107,0.2704367671029735,0.036798386217352916,0.6,-1.4297149440763592,10,0.008189544229885597,-0.007508833922261484,0.0534452296819788,-4.705332513925371,1273,26.26855123674912,5.34452296819788,2017-05-16,2026-09-01,0.0534452296819788,0.153,False,False,True,False,True,1,False,False
0.05,0.6,53,1,2264,0.3750974006962173,0.2449500133872705,0.15669818643080768,0.5,-1.5755792917490261,10,-0.008457031521476158,0.0066254416961130744,0.04902826855123675,-6.598445864387251,438,24.042402826855124,4.902826855123675,2017-05-16,2026-09-01,0.04902826855123675,-0.172,False,False,True,False,True,1,False,False
0.05,0.6,54,1,2264,0.30253953487407914,0.1937499629264085,0.3773440139975444,0.6,-1.2240816109951396,10,-0.012067357625604389,0.007067137809187279,0.04240282685512368,-7.70647422219069,1355,21.148409893992934,4.240282685512367,2017-05-16,2026-09-01,0.04240282685512368,-0.285,False,False,True,False,True,1,False,False
0.05,0.6,55,1,2264,-0.5740876272958746,-0.6919119441602416,-0.7410914945352413,0.2,-2.2004914306829604,10,0.008865670515447833,-0.0008833922261484099,0.04946996466431095,-19.13992216108949,1050,23.708480565371026,4.946996466431095,2017-05-16,2026-09-01,0.04946996466431095,0.179,False,False,True,False,True,1,False,False
0.05,0.6,56,1,2264,0.548239551121564,0.40776057636512547,0.23009610035488096,0.7,-1.9273437359590346,10,0.002546228105527074,0.003975265017667844,0.0534452296819788,-4.877890801871633,937,26.936395759717314,5.34452296819788,2017-05-16,2026-09-01,0.0534452296819788,0.048,False,True,True,True,True,3,False,False
0.05,0.6,57,1,2264,0.6352274938109117,0.5296680938790083,0.23585340290514564,0.6,-2.499289365539127,10,-0.011198843417783218,0.007067137809187279,0.053003533568904596,-5.592742799658238,516,26.379858657243815,5.30035335689046,2017-05-16,2026-09-01,0.053003533568904596,-0.211,False,False,True,False,True,1,False,False
0.05,0.6,58,1,2264,0.37055162573366063,0.23815607073779518,0.23337514854803004,0.6,-1.5660715460428052,10,-0.013942797511742386,0.0017667844522968198,0.05035335689045936,-5.539183909889185,567,24.93286219081272,5.035335689045936,2017-05-16,2026-09-01,0.05035335689045936,-0.277,False,False,True,False,True,1,False,False
0.05,0.6,59,1,2264,0.6081430320894298,0.4672993790501276,0.17748464911013134,0.5,-2.1467602850770704,10,-0.004863416212756771,0.00530035335689046,0.05035335689045936,-4.470277199529908,848,24.598939929328623,5.035335689045936,2017-05-16,2026-09-01,0.05035335689045936,-0.097,False,False,True,True,True,2,False,False
0.1,0.52,0,1,2264,0.5050013667197447,0.3341178688846721,0.23082657788888586,0.6,-1.2083194658157939,10,-0.019335226421567965,-0.0030918727915194345,0.10291519434628975,-6.767606601259433,523,49.86572438162544,10.291519434628976,2017-05-16,2026-09-01,0.10291519434628975,-0.188,False,False,True,False,True,1,False,False
0.1,0.52,1,1,2264,0.4382969538903022,0.2689429317301578,0.47333685627513766,0.6,-1.1269411071249233,10,0.01308792771997757,0.005742049469964664,0.10556537102473498,-8.423429877173593,564,50.75618374558304,10.556537102473499,2017-05-16,2026-09-01,0.10556537102473498,0.124,False,False,True,True,True,2,False,False
0.1,0.52,2,1,2264,-0.36709197808786054,-0.5249154028325039,-0.6412510384451358,0.2,-1.771073189846357,10,-0.017659746024065254,-0.00530035335689046,0.10070671378091872,-20.489369903124143,1884,48.53003533568905,10.070671378091872,2017-05-16,2026-09-01,0.10070671378091872,-0.175,False,False,True,False,True,1,False,False
0.1,0.52,3,1,2264,0.203604069424599,0.034261619461473755,-0.12790360643500592,0.5,-1.8767039634753446,10,0.004353919423156486,-0.002208480565371025,0.09319787985865724,-10.526466255490812,2083,44.30035335689046,9.319787985865723,2017-05-16,2026-09-01,0.09319787985865724,0.047,False,False,True,True,True,2,False,False
0.1,0.52,4,1,2264,0.5447931549163034,0.38527630389009676,0.1882081188982375,0.6,-1.3776653923191722,10,-0.021746797055454244,0.013692579505300354,0.09673144876325088,-8.502535668203135,1043,45.74734982332156,9.673144876325088,2017-05-16,2026-09-01,0.09673144876325088,-0.225,False,False,True,False,True,1,False,False
0.1,0.52,5,1,2264,0.5986557211672706,0.43960462022821517,0.20652111997192465,0.6,-1.676824438137468,10,0.011811176964926088,-0.0030918727915194345,0.10644876325088339,-8.547662093396534,909,51.312720848056536,10.644876325088338,2017-05-16,2026-09-01,0.10644876325088339,0.111,False,False,True,True,True,2,False,False
0.1,0.52,6,1,2264,0.04510245482695951,-0.12466634532788749,-0.2854446596871775,0.4,-2.229060622843803,10,-0.008794986639264753,0.00044169611307420494,0.09584805653710247,-9.406394690344436,2251,46.303886925795055,9.584805653710248,2017-05-16,2026-09-01,0.09584805653710247,-0.092,False,False,True,True,True,2,False,False
0.1,0.52,7,1,2264,-0.2682308133121268,-0.406496006821601,-0.16325907430340536,0.4,-2.014780850027169,10,0.02120389414170143,0.014575971731448763,0.09673144876325088,-25.35581305536026,1821,45.302120141342755,9.673144876325088,2017-05-16,2026-09-01,0.09673144876325088,0.219,False,False,True,False,True,1,False,False
0.1,0.52,8,1,2264,0.5476339025671648,0.3885243725713304,0.29926929095527927,0.7,-1.4085104726578122,10,0.009688484035747019,0.00530035335689046,0.09982332155477032,-10.363215649518427,743,47.63957597173145,9.982332155477032,2017-05-16,2026-09-01,0.09982332155477032,0.097,False,True,True,True,True,3,False,False
0.1,0.52,9,1,2264,0.37771856079769817,0.18576323806211337,0.2265021584097653,0.7,-2.2277945340320153,10,-0.005348641508222549,0.007950530035335688,0.10512367491166077,-10.123931494956425,1618,50.31095406360424,10.512367491166078,2017-05-16,2026-09-01,0.10512367491166077,-0.051,False,True,True,True,True,3,False,False
0.1,0.52,10,1,2264,0.09092032429500656,-0.07379920173197076,-0.18410091174448617,0.3,-2.6332148673938693,10,-0.022074386193846787,0.002208480565371025,0.1073321554770318,-10.219840190307163,1109,51.42402826855124,10.73321554770318,2017-05-16,2026-09-01,0.1073321554770318,-0.206,False,False,True,False,True,1,False,False
0.1,0.52,11,1,2264,0.1483006687474359,-0.027685259914003668,-0.10891466751711383,0.3,-1.753846884704254,10,-0.006130026218643176,-0.004858657243816254,0.09938162544169611,-12.679455077877378,1889,47.52826855123675,9.93816254416961,2017-05-16,2026-09-01,0.09938162544169611,-0.062,False,False,True,True,True,2,False,False
0.1,0.52,12,1,2264,0.21597870107584977,0.02366666178234973,0.01726412434668565,0.6,-1.2607167832943473,10,0.012802630234118834,0.001325088339222615,0.09584805653710247,-10.15954553833943,542,46.41519434628975,9.584805653710248,2017-05-16,2026-09-01,0.09584805653710247,0.134,False,False,True,True,True,2,False,False
0.1,0.52,13,1,2264,0.5435033749311441,0.38095640874033443,0.3655289133531563,0.7,-1.603030043866718,10,-0.026639053595620653,0.0,0.09982332155477032,-9.993736782511544,1694,47.30565371024735,9.982332155477032,2017-05-16,2026-09-01,0.09982332155477032,-0.267,False,True,True,False,True,2,False,False
0.1,0.52,14,1,2264,0.2641010210787243,0.11162111016324198,0.16669547940372653,0.7,-2.077396273432573,10,-0.02511063546474231,-0.004858657243816254,0.09496466431095406,-12.985999000635992,627,46.86042402826855,9.496466431095406,2017-05-16,2026-09-01,0.09496466431095406,-0.264,False,True,True,False,True,2,False,False
0.1,0.52,15,1,2264,0.015474404647351662,-0.12478950600462552,0.06097587552511391,0.6,-1.705659656988709,10,0.025500814312135894,0.0035335689045936395,0.09982332155477032,-19.710057172015446,513,46.86042402826855,9.982332155477032,2017-05-16,2026-09-01,0.09982332155477032,0.255,False,False,True,False,True,1,False,False
0.1,0.52,16,1,2264,0.4066611371924348,0.2532011833645921,0.07403065845126783,0.7,-2.6182804817725858,10,-0.03558628454672957,-0.0066254416961130744,0.09231448763250884,-9.96111827727162,1757,44.07773851590106,9.231448763250883,2017-05-16,2026-09-01,0.09231448763250884,-0.385,False,True,True,False,True,2,False,False
0.1,0.52,17,1,2264,-0.6285502608021937,-0.7784595428749262,-0.861948807283556,0.3,-2.443827201901852,10,0.03084224195243804,-0.011925795053003533,0.10203180212014135,-30.09815996205823,2216,48.75265017667844,10.203180212014134,2017-05-16,2026-09-01,0.10203180212014135,0.302,False,False,True,False,True,1,False,False
0.1,0.52,18,1,2264,0.07757625531075729,-0.09611735083969299,-0.003070264496339907,0.5,-1.7954864595679,10,-0.019307572447215756,-0.006183745583038869,0.09717314487632508,-14.066130231407556,1184,46.081272084805654,9.717314487632509,2017-05-16,2026-09-01,0.09717314487632508,-0.199,False,False,True,False,True,1,False,False
0.1,0.52,19,1,2264,0.7319771238571612,0.5497443909634923,0.40628158575327866,0.5,-0.9907227006945168,10,-0.013483041740599349,-0.00044169611307420494,0.11263250883392226,-5.483566088578283,662,53.20494699646643,11.263250883392226,2017-05-16,2026-09-01,0.11263250883392226,-0.12,False,False,True,True,True,2,False,False
0.1,0.52,20,1,2264,0.6183472862764802,0.4327293483331867,0.22935955346669162,0.5,-1.761620808355247,10,-0.002348590844996937,0.009717314487632508,0.10335689045936396,-11.678828657728259,915,49.75441696113074,10.335689045936396,2017-05-16,2026-09-01,0.10335689045936396,-0.023,False,False,True,True,True,2,False,False
0.1,0.52,21,1,2264,0.2713627835752647,0.09956886423037314,0.2721224399731003,0.7,-1.275087741293755,10,-0.015406970863497323,0.004858657243816254,0.10644876325088339,-8.847844864517713,1249,51.20141342756184,10.644876325088338,2017-05-16,2026-09-01,0.10644876325088339,-0.145,False,True,True,True,True,3,False,False
0.1,0.52,22,1,2264,-0.05901371505180995,-0.2483765457526382,-0.5942312343318301,0.3,-1.795414857395612,10,0.00825415098111287,0.007950530035335688,0.10865724381625441,-11.468212695219226,1731,51.98056537102473,10.86572438162544,2017-05-16,2026-09-01,0.10865724381625441,0.076,False,False,True,True,True,2,False,False
0.1,0.52,23,1,2264,0.21506008999200954,0.02491574495804039,-0.01831757335858934,0.6,-2.6904394816301456,10,-0.012047069236826463,-0.005742049469964664,0.10026501766784453,-15.899028706220605,710,48.53003533568905,10.026501766784452,2017-05-16,2026-09-01,0.10026501766784453,-0.12,False,False,True,True,True,2,False,False
0.1,0.52,24,1,2264,0.6149315395312207,0.4550170411763185,0.5310526586814995,0.6,-0.5660545245308584,10,-0.03873174710786379,-0.0017667844522968198,0.09717314487632508,-4.491602034270679,585,46.74911660777386,9.717314487632509,2017-05-16,2026-09-01,0.09717314487632508,-0.399,False,False,True,False,True,1,False,False
0.1,0.52,25,1,2264,0.2199281795747014,0.050587488110260155,-0.24094842878391548,0.4,-1.0016101405895723,10,0.006508624331234358,-0.006183745583038869,0.10600706713780919,-9.58413096362917,1977,50.867491166077734,10.60070671378092,2017-05-16,2026-09-01,0.10600706713780919,0.061,False,False,True,True,True,2,False,False
0.1,0.52,26,1,2264,-0.3750466947022758,-0.5132231392590334,-0.5007443427145256,0.2,-2.686359311482588,10,-0.04261800229410489,-0.007508833922261484,0.10114840989399293,-24.878419799152873,2226,48.08480565371025,10.114840989399292,2017-05-16,2026-09-01,0.10114840989399293,-0.421,False,False,True,False,True,1,False,False
0.1,0.52,27,1,2264,0.31232740019387045,0.19865948606545747,0.13059589705565902,0.8,-1.723663522383789,10,-0.10159854369815033,0.004858657243816254,0.10203180212014135,-9.519232916342684,1457,49.86572438162544,10.203180212014134,2017-05-16,2026-09-01,0.10203180212014135,-0.996,False,True,True,False,True,2,False,False
0.1,0.52,28,1,2264,0.20901914057721233,0.07530879241228786,-0.14972136980485173,0.4,-1.803586565333932,10,0.04451979526215783,0.003975265017667844,0.09231448763250884,-14.244913458478162,1495,43.409893992932865,9.231448763250883,2017-05-16,2026-09-01,0.09231448763250884,0.482,False,False,True,False,True,1,False,False
0.1,0.52,29,1,2264,0.22117242996198405,0.058128712814728915,0.26913094552840433,0.6,-1.6232485187409147,10,-0.0029092133916070553,0.0066254416961130744,0.09496466431095406,-9.302840516758696,856,44.74558303886926,9.496466431095406,2017-05-16,2026-09-01,0.09496466431095406,-0.031,False,False,True,True,True,2,False,False
0.1,0.52,30,1,2264,0.1741226557672665,0.03175137192606613,-0.1775029243387462,0.6,-2.962237455974335,10,0.05552245653558792,0.0,0.10070671378091872,-19.413812793364276,1356,47.63957597173145,10.070671378091872,2017-05-16,2026-09-01,0.10070671378091872,0.551,False,False,True,False,True,1,False,False
0.1,0.52,31,1,2264,0.30666250116318067,0.12798228636664594,0.020783493692756134,0.5,-1.3840489758626928,10,0.005484478032361406,0.007950530035335688,0.10247349823321555,-8.96091053673007,820,49.97703180212014,10.247349823321555,2017-05-16,2026-09-01,0.10247349823321555,0.054,False,False,True,True,True,2,False,False
0.1,0.52,32,1,2264,0.5069714446684841,0.33926416265949205,0.31124692993310016,0.8,-1.9547904621076084,10,0.005352700705788862,0.0030918727915194345,0.09496466431095406,-7.713139063066983,967,45.19081272084806,9.496466431095406,2017-05-16,2026-09-01,0.09496466431095406,0.056,False,True,True,True,True,3,False,False
0.1,0.52,33,1,2264,0.76110146265567,0.6056589297148074,0.21459269626540567,0.6,-1.8189034424961166,10,0.03359763944830572,0.0035335689045936395,0.09717314487632508,-8.783209270096783,1154,47.08303886925795,9.717314487632509,2017-05-16,2026-09-01,0.09717314487632508,0.346,False,False,True,False,True,1,False,False
0.1,0.52,34,1,2264,0.24636474012274315,0.07282398812886084,0.26885910981626043,0.5,-1.2225239685131548,10,0.015005368180395494,0.0008833922261484099,0.0980565371024735,-14.788495654086503,1499,47.08303886925795,9.80565371024735,2017-05-16,2026-09-01,0.0980565371024735,0.153,False,False,True,False,True,1,False,False
0.1,0.52,35,1,2264,0.3747867770024497,0.22382565217254846,0.13923955518993417,0.4,-1.028309572679263,10,0.02304294632954431,0.011042402826855124,0.09584805653710247,-11.509990742003302,1042,45.85865724381625,9.584805653710248,2017-05-16,2026-09-01,0.09584805653710247,0.24,False,False,True,False,True,1,False,False
0.1,0.52,36,1,2264,0.11874394134570619,-0.0522616753622183,-0.08041032614510667,0.5,-1.7973382282932049,10,0.0015048092511346961,0.004858657243816254,0.09938162544169611,-9.688082380736423,1159,48.64134275618375,9.93816254416961,2017-05-16,2026-09-01,0.09938162544169611,0.015,False,False,True,True,True,2,False,False
0.1,0.52,37,1,2264,-0.41566154127819777,-0.5795741346714387,-0.8340482264837918,0.2,-1.9808362971374904,10,-0.04422205672245526,-0.0066254416961130744,0.11086572438162544,-30.011734380528626,1793,53.65017667844523,11.086572438162543,2017-05-16,2026-09-01,0.11086572438162544,-0.399,False,False,True,False,True,1,False,False
0.1,0.52,38,1,2264,-0.03316381961804317,-0.2285560013744047,-0.4198265631002454,0.3,-1.5336107033491002,10,-0.017560442707708936,0.002208480565371025,0.09849823321554771,-14.61826775212478,2237,46.74911660777386,9.849823321554771,2017-05-16,2026-09-01,0.09849823321554771,-0.178,False,False,True,False,True,1,False,False
0.1,0.52,39,1,2264,-0.287484848900338,-0.42919120750122186,-0.714615780758789,0.4,-1.3260836429779317,10,0.015887010466796043,-0.01060070671378092,0.09187279151943463,-18.849735862935916,2263,43.07597173144876,9.187279151943462,2017-05-16,2026-09-01,0.09187279151943463,0.173,False,False,True,False,True,1,False,False
0.1,0.52,40,1,2264,0.14791738639591503,0.01275004779150464,0.23451646022484846,0.5,-0.9615481074754364,10,0.010342415890975036,-0.0035335689045936395,0.09982332155477032,-13.862236313907111,793,46.63780918727915,9.982332155477032,2017-05-16,2026-09-01,0.09982332155477032,0.104,False,False,True,True,True,2,False,False
0.1,0.52,41,1,2264,0.08986117818151437,-0.10233128977194667,-0.22181059219714366,0.4,-2.7442233171931996,10,0.0035508973730024357,0.0035335689045936395,0.09540636042402827,-14.958347858064949,1608,46.41519434628975,9.540636042402827,2017-05-16,2026-09-01,0.09540636042402827,0.037,False,False,True,True,True,2,False,False
0.1,0.52,42,1,2264,0.0351154051164502,-0.12413429994531483,-0.1488605284732483,0.4,-1.1663515460003506,10,0.03367715958083336,0.0066254416961130744,0.09231448763250884,-9.49398136824953,1343,44.18904593639576,9.231448763250883,2017-05-16,2026-09-01,0.09231448763250884,0.365,False,False,True,False,True,1,False,False
0.1,0.52,43,1,2264,-0.18259873000610724,-0.35840352863044206,-0.1251669918546711,0.5,-1.8953150183393304,10,-0.019728917163658044,-0.007067137809187279,0.08833922261484099,-20.542453672310153,1624,42.51943462897527,8.8339222614841,2017-05-16,2026-09-01,0.08833922261484099,-0.223,False,False,True,False,True,1,False,False
0.1,0.52,44,1,2264,-0.14829001436491682,-0.295132702855513,-0.3326481992419822,0.3,-2.0356158830574564,10,-0.005541428914918271,-0.005742049469964664,0.09673144876325088,-14.624695988383241,1811,45.63604240282686,9.673144876325088,2017-05-16,2026-09-01,0.09673144876325088,-0.057,False,False,True,True,True,2,False,False
0.1,0.52,45,1,2264,0.11086175250080027,-0.06177649809362708,-0.17524096216076457,0.4,-1.0381003360518921,10,0.01968531438252309,0.004858657243816254,0.10026501766784453,-7.869444885954291,2025,47.52826855123675,10.026501766784452,2017-05-16,2026-09-01,0.10026501766784453,0.196,False,False,True,False,True,1,False,False
0.1,0.52,46,1,2264,-0.028853708023807705,-0.214974849024922,-0.2949607355455981,0.3,-1.1265964556866916,10,-0.013582254074958248,-0.0030918727915194345,0.10468197879858657,-12.881962285619238,1114,50.42226148409894,10.468197879858657,2017-05-16,2026-09-01,0.10468197879858657,-0.13,False,False,True,True,True,2,False,False
0.1,0.52,47,1,2264,0.6046949702750023,0.4233876483859333,0.1556362918034181,0.5,-1.5416057884034011,10,0.03221249651806419,0.00441696113074205,0.10070671378091872,-8.027707434217602,1597,47.30565371024735,10.070671378091872,2017-05-16,2026-09-01,0.10070671378091872,0.32,False,False,True,False,True,1,False,False
0.1,0.52,48,1,2264,0.3951268088540667,0.23349619081134482,0.3897611551212347,0.6,-1.3587904355403562,10,-0.021251628700721725,0.001325088339222615,0.10909893992932862,-9.295274474686218,562,52.42579505300353,10.909893992932862,2017-05-16,2026-09-01,0.10909893992932862,-0.195,False,False,True,False,True,1,False,False
0.1,0.52,49,1,2264,-0.260263342353267,-0.39685119480007486,-0.23176831510207463,0.4,-1.8179707496098265,10,0.017772973190405487,0.00265017667844523,0.09982332155477032,-20.271797604085265,1248,48.418727915194346,9.982332155477032,2017-05-16,2026-09-01,0.09982332155477032,0.178,False,False,True,False,True,1,False,False
0.1,0.52,50,1,2264,-0.02652156994713014,-0.1904272933678588,-0.22362770851719435,0.5,-1.8198904364643238,10,-0.021485788721097732,0.0035335689045936395,0.09275618374558305,-13.918178128940081,2092,44.63427561837456,9.275618374558304,2017-05-16,2026-09-01,0.09275618374558305,-0.232,False,False,True,False,True,1,False,False
0.1,0.52,51,1,2264,0.08691406030280495,-0.04892163358707302,-0.022484587278541045,0.4,-1.8417239320969623,10,0.0210308170058471,0.002208480565371025,0.09231448763250884,-14.312762254053474,855,44.52296819787986,9.231448763250883,2017-05-16,2026-09-01,0.09231448763250884,0.228,False,False,True,False,True,1,False,False
0.1,0.52,52,1,2264,0.15759417281564064,0.01035350520083813,-0.10991973572383551,0.4,-1.431292305689827,10,-0.05817514395049429,-0.003975265017667844,0.10644876325088339,-11.896001902959306,885,51.53533568904594,10.644876325088338,2017-05-16,2026-09-01,0.10644876325088339,-0.547,False,False,True,False,True,1,False,False
0.1,0.52,53,1,2264,-0.36016379904876233,-0.5592461258320642,-0.40747748397664724,0.3,-1.51548252042436,10,-0.012152106798371365,-0.013250883392226149,0.0980565371024735,-23.09592024210463,1436,47.41696113074205,9.80565371024735,2017-05-16,2026-09-01,0.0980565371024735,-0.124,False,False,True,True,True,2,False,False
0.1,0.52,54,1,2264,0.2211673952017226,0.0767832854375137,-0.04040548600793999,0.5,-1.3911820392657983,10,-0.06579983213678506,-0.0035335689045936395,0.09982332155477032,-14.395935929668664,1603,46.74911660777386,9.982332155477032,2017-05-16,2026-09-01,0.09982332155477032,-0.659,False,False,True,False,True,1,False,False
0.1,0.52,55,1,2264,0.0646048305490366,-0.07364663685941422,-0.028788994669714164,0.4,-1.244439275721449,10,0.021331022663374746,0.002208480565371025,0.09673144876325088,-9.638514093696715,654,46.19257950530035,9.673144876325088,2017-05-16,2026-09-01,0.09673144876325088,0.221,False,False,True,False,True,1,False,False
0.1,0.52,56,1,2264,0.5630291780751481,0.40454844742284257,0.4044649870181019,0.7,-0.9065948457453223,10,-0.0260351734657842,0.0030918727915194345,0.10556537102473498,-9.65084111682486,1124,50.31095406360424,10.556537102473499,2017-05-16,2026-09-01,0.10556537102473498,-0.247,False,True,True,False,True,2,False,False
0.1,0.52,57,1,2264,0.7269814156870398,0.5689819585394199,0.22631538098951526,0.6,-2.0510941005216963,10,-0.023112646357810802,-0.003975265017667844,0.09938162544169611,-10.440265536399613,950,47.86219081272085,9.93816254416961,2017-05-16,2026-09-01,0.09938162544169611,-0.233,False,False,True,False,True,1,False,False
0.1,0.52,58,1,2264,0.1809542206259851,0.015261982085638063,-0.03137987172295104,0.6,-1.749404158518637,10,0.015083968823609831,-0.0017667844522968198,0.0989399293286219,-13.157326216772432,1321,46.74911660777386,9.89399293286219,2017-05-16,2026-09-01,0.0989399293286219,0.152,False,False,True,False,True,1,False,False
0.1,0.52,59,1,2264,0.17140744698473973,0.006600507031950993,-0.0006904113741124556,0.2,-1.0468663729775582,10,0.016887891945309146,0.0035335689045936395,0.10159010600706714,-11.535139692573926,1126,48.30742049469965,10.159010600706713,2017-05-16,2026-09-01,0.10159010600706714,0.166,False,False,True,False,True,1,False,False
0.1,0.55,0,1,2264,-0.04453389006823417,-0.21256194855872781,-0.18251197538975356,0.4,-1.0235150696591695,10,0.02009075409850576,-0.0017667844522968198,0.10600706713780919,-13.836634604121608,1538,51.20141342756184,10.60070671378092,2017-05-16,2026-09-01,0.10600706713780919,0.19,False,False,True,False,True,1,False,False
0.1,0.55,1,1,2264,0.5408596185381257,0.3861165292081883,0.2727135950920794,0.7,-1.463522484282833,10,0.001885298574684833,-0.0088339222614841,0.09540636042402827,-10.007700207597138,1444,44.52296819787986,9.540636042402827,2017-05-16,2026-09-01,0.09540636042402827,0.02,False,True,True,True,True,3,False,False
0.1,0.55,2,1,2264,0.45303479962599397,0.2573074730209214,0.26731824755238087,0.6,-1.3046645324259392,10,0.0012752871218753433,0.0035335689045936395,0.10512367491166077,-7.545301522074743,832,50.64487632508834,10.512367491166078,2017-05-16,2026-09-01,0.10512367491166077,0.012,False,False,True,True,True,2,False,False
0.1,0.55,3,1,2264,0.9127890004601006,0.7593012353307145,0.5159491661094369,0.7,-1.3272741330295932,10,0.008021192739375915,0.001325088339222615,0.09849823321554771,-5.023554494729948,483,47.30565371024735,9.849823321554771,2017-05-16,2026-09-01,0.09849823321554771,0.081,False,True,True,True,True,3,False,False
0.1,0.55,4,1,2264,0.1629182957471789,-0.04509029071244853,-0.14677800968233637,0.5,-1.7576218714211627,10,-0.0016323576003078673,-0.001325088339222615,0.10644876325088339,-9.685291176267118,1739,51.75795053003533,10.644876325088338,2017-05-16,2026-09-01,0.10644876325088339,-0.015,False,False,True,True,True,2,False,False
0.1,0.55,5,1,2264,0.12383987279530198,-0.0484129145523428,-0.13171609557169262,0.5,-2.5697281060144657,10,0.018278580044375617,0.002208480565371025,0.10644876325088339,-16.943737585832615,1757,50.867491166077734,10.644876325088338,2017-05-16,2026-09-01,0.10644876325088339,0.172,False,False,True,False,True,1,False,False
0.1,0.55,6,1,2264,0.8696263868486199,0.7073942879365133,0.33456611834391387,0.7,-1.6362027779903439,10,-0.0032890673641585294,-0.00044169611307420494,0.09938162544169611,-7.405476833359473,557,48.86395759717314,9.93816254416961,2017-05-16,2026-09-01,0.09938162544169611,-0.033,False,True,True,True,True,3,False,False
0.1,0.55,7,1,2264,0.1383216395933603,-0.03853116462110828,0.1396192837414973,0.6,-1.4954841594515471,10,-0.04959329700425324,-0.0030918727915194345,0.11439929328621908,-11.565971828101313,1042,54.87455830388692,11.439929328621908,2017-05-16,2026-09-01,0.11439929328621908,-0.434,False,False,True,False,True,1,False,False
0.1,0.55,8,1,2264,-0.05843658452214758,-0.21182319384876144,-0.04793647847345396,0.5,-2.068756626490143,10,-0.03975133641067089,0.005742049469964664,0.10556537102473498,-17.417728059828068,1710,50.64487632508834,10.556537102473499,2017-05-16,2026-09-01,0.10556537102473498,-0.377,False,False,True,False,True,1,False,False
0.1,0.55,9,1,2264,0.37820746965463503,0.21660231507377153,0.09529154479921043,0.7,-3.2905284027926536,10,0.011511075468543538,-0.002208480565371025,0.10644876325088339,-13.630570720355353,1224,49.08657243816254,10.644876325088338,2017-05-16,2026-09-01,0.10644876325088339,0.108,False,True,True,True,True,3,False,False
0.1,0.55,10,1,2264,0.7652463548644035,0.6420822248272264,0.26441053793207214,0.6,-1.628530804622446,10,-5.7955472346309435e-05,-0.007067137809187279,0.10777385159010601,-12.331859348446876,669,51.090106007067135,10.777385159010601,2017-05-16,2026-09-01,0.10777385159010601,-0.001,False,False,True,True,True,2,False,False
0.1,0.55,11,1,2264,-0.35148748932848295,-0.5257994030996409,-0.5513627115389212,0.3,-2.1290273033132388,10,-0.015932120938335435,-0.0088339222614841,0.09187279151943463,-17.76147333437776,1719,43.632508833922266,9.187279151943462,2017-05-16,2026-09-01,0.09187279151943463,-0.173,False,False,True,False,True,1,False,False
0.1,0.55,12,1,2264,-0.1296769256003432,-0.3131723079055942,-0.22814941649755388,0.3,-1.6995110530905726,10,-0.0066199041588892275,-0.0066254416961130744,0.10114840989399293,-15.927045764863646,1284,48.08480565371025,10.114840989399292,2017-05-16,2026-09-01,0.10114840989399293,-0.065,False,False,True,True,True,2,False,False
0.1,0.55,13,1,2264,0.4465400001984493,0.2919080973774608,0.2294839324856217,0.6,-2.166956485125468,10,0.01829130023636783,-0.002208480565371025,0.09673144876325088,-9.847706315437147,1699,46.081272084805654,9.673144876325088,2017-05-16,2026-09-01,0.09673144876325088,0.189,False,False,True,False,True,1,False,False
0.1,0.55,14,1,2264,0.3161822695940565,0.13625484248587824,0.29677988193927807,0.5,-0.9680841469165888,10,0.015878367045835607,0.007950530035335688,0.10600706713780919,-7.416448243007132,551,48.30742049469965,10.60070671378092,2017-05-16,2026-09-01,0.10600706713780919,0.15,False,False,True,True,True,2,False,False
0.1,0.55,15,1,2264,0.623642501851398,0.4507994829577843,0.34289750825246923,0.6,-0.7877293798102885,10,0.0020335213467835437,0.0017667844522968198,0.10159010600706714,-6.151650136485079,1292,47.41696113074205,10.159010600706713,2017-05-16,2026-09-01,0.10159010600706714,0.02,False,False,True,True,True,2,False,False
0.1,0.55,16,1,2264,0.9480074565139313,0.7534798397709488,1.8193989662221868,1.0,0.18347792220011566,10,-0.010890554405195948,0.0030918727915194345,0.1073321554770318,-5.215228433774311,326,51.42402826855124,10.73321554770318,2017-05-16,2026-09-01,0.1073321554770318,-0.101,True,True,True,True,True,4,True,True
0.1,0.55,17,1,2264,0.6319935130111958,0.45345250497927914,0.5844561712404999,0.7,-0.804135646821605,10,0.0286343237193219,0.020318021201413426,0.09982332155477032,-7.8090263911657205,518,47.30565371024735,9.982332155477032,2017-05-16,2026-09-01,0.09982332155477032,0.287,False,True,True,False,True,2,False,False
0.1,0.55,18,1,2264,0.2785425110509619,0.11502996327192748,-0.11337708312947858,0.4,-2.167083913510938,10,0.023475375129176163,0.00441696113074205,0.10247349823321555,-15.548731278015495,1872,48.30742049469965,10.247349823321555,2017-05-16,2026-09-01,0.10247349823321555,0.229,False,False,True,False,True,1,False,False
0.1,0.55,19,1,2264,0.5006995328415765,0.3411979443637816,0.2572686178345344,0.5,-1.419807031409264,10,-0.026701048727463702,-0.005742049469964664,0.10556537102473498,-8.75292938671274,970,49.97703180212014,10.556537102473499,2017-05-16,2026-09-01,0.10556537102473498,-0.253,False,False,True,False,True,1,False,False
0.1,0.55,20,1,2264,0.6958923284027344,0.5148364811420614,0.286342860851827,0.7,-1.7592010810374754,10,-0.007521883547621319,0.0017667844522968198,0.10247349823321555,-6.7944035829885925,821,48.30742049469965,10.247349823321555,2017-05-16,2026-09-01,0.10247349823321555,-0.073,False,True,True,True,True,3,False,False
0.1,0.55,21,1,2264,0.5699082701168143,0.4323929887153776,0.6244630249139359,0.9,-1.3300296048202904,10,-0.06769678701710927,-0.0030918727915194345,0.10821554770318022,-10.19625108491495,841,50.75618374558304,10.821554770318022,2017-05-16,2026-09-01,0.10821554770318022,-0.626,True,True,True,False,True,3,False,True
0.1,0.55,22,1,2264,0.07812208427040439,-0.0398741310080215,-0.2060224783090724,0.4,-2.3896351196556234,10,0.07032730881833937,-0.00265017667844523,0.09363957597173145,-16.739114357815684,2263,45.079505300353354,9.363957597173144,2017-05-16,2026-09-01,0.09363957597173145,0.751,False,False,True,False,True,1,False,False
0.1,0.55,23,1,2264,0.8221342936942528,0.6656451372224576,0.4604447369901568,0.8,-1.7524079031680315,10,-0.0199411268994395,0.0088339222614841,0.09363957597173145,-5.235110395169351,435,45.41342756183746,9.363957597173144,2017-05-16,2026-09-01,0.09363957597173145,-0.213,False,True,True,False,True,2,False,False
0.1,0.55,24,1,2264,0.8886756058720863,0.7181868628644146,0.455709347251322,0.7,-1.4821143250471083,10,-0.004618626157931787,0.004858657243816254,0.10203180212014135,-6.5594472201691945,1216,48.30742049469965,10.203180212014134,2017-05-16,2026-09-01,0.10203180212014135,-0.045,False,True,True,True,True,3,False,False
0.1,0.55,25,1,2264,0.7708996737926366,0.5570012692952866,0.7590995982718972,0.8,-0.7215393396867648,10,-0.004216289954720949,0.0,0.09982332155477032,-6.411179808202178,847,48.418727915194346,9.982332155477032,2017-05-16,2026-09-01,0.09982332155477032,-0.042,True,True,True,True,True,4,True,True
0.1,0.55,26,1,2264,0.6843534192470512,0.50376607835854,0.48372486191159214,0.6,-1.1705823575758576,10,0.019252071216702818,0.00265017667844523,0.10335689045936396,-5.8495200787967425,798,47.86219081272085,10.335689045936396,2017-05-16,2026-09-01,0.10335689045936396,0.186,False,False,True,False,True,1,False,False
0.1,0.55,27,1,2264,0.38922366081313803,0.22064711556794356,0.21658490206530412,0.7,-2.1092680690668515,10,0.005184930897896789,0.005742049469964664,0.09496466431095406,-8.89977640762314,881,43.52120141342756,9.496466431095406,2017-05-16,2026-09-01,0.09496466431095406,0.055,False,True,True,True,True,3,False,False
0.1,0.55,28,1,2264,-0.1584734425097972,-0.3616206134862371,-0.24373912962309907,0.5,-3.0483969159706543,10,0.014909811848326444,0.00441696113074205,0.09452296819787986,-13.122224258245899,1755,46.86042402826855,9.452296819787986,2017-05-16,2026-09-01,0.09452296819787986,0.158,False,False,True,False,True,1,False,False
0.1,0.55,29,1,2264,0.01386532225622578,-0.159611747249655,-0.07784991948860534,0.3,-1.964697624227524,10,0.006107178328264817,0.0,0.09540636042402827,-9.937548922340522,1696,44.96819787985866,9.540636042402827,2017-05-16,2026-09-01,0.09540636042402827,0.064,False,False,True,True,True,2,False,False
0.1,0.55,30,1,2264,-0.11304649256723634,-0.2751580826257173,-0.2133272866525642,0.4,-2.1327037325021263,10,0.02324339621481881,0.003975265017667844,0.09408127208480566,-16.026009329475755,1215,46.41519434628975,9.408127208480565,2017-05-16,2026-09-01,0.09408127208480566,0.247,False,False,True,False,True,1,False,False
0.1,0.55,31,1,2264,0.057550164583721655,-0.06356290818605517,-0.25092289886020647,0.6,-3.919072744225511,10,0.09421318138315629,0.007067137809187279,0.09717314487632508,-16.256811147982035,1740,47.63957597173145,9.717314487632509,2017-05-16,2026-09-01,0.09717314487632508,0.97,False,False,True,False,True,1,False,False
0.1,0.55,32,1,2264,0.4543945773573698,0.28754554025760287,0.4070418557626333,0.6,-1.207051767511778,10,0.01759242430325912,0.015901060070671377,0.10865724381625441,-10.138766173688706,1327,50.97879858657244,10.86572438162544,2017-05-16,2026-09-01,0.10865724381625441,0.162,False,False,True,False,True,1,False,False
0.1,0.55,33,1,2264,-0.16690796547065806,-0.35679711016414684,-0.3803675151211231,0.4,-1.8573013069983713,10,0.008277401679795404,0.001325088339222615,0.10644876325088339,-19.254714821493412,1582,52.20318021201413,10.644876325088338,2017-05-16,2026-09-01,0.10644876325088339,0.078,False,False,True,True,True,2,False,False
0.1,0.55,34,1,2264,0.5147525320744087,0.294532493121298,0.2144992816864772,0.6,-1.2830495412349776,10,-0.011450821849053223,-0.008392226148409895,0.09938162544169611,-4.816042423186887,937,48.196113074204945,9.93816254416961,2017-05-16,2026-09-01,0.09938162544169611,-0.115,False,False,True,True,True,2,False,False
0.1,0.55,35,1,2264,0.8692131511669532,0.6883734755902502,1.0120824451952317,0.8,-0.6235765129407349,10,-0.015972364663633616,0.0017667844522968198,0.10600706713780919,-8.582353829374506,290,50.53356890459364,10.60070671378092,2017-05-16,2026-09-01,0.10600706713780919,-0.151,True,True,True,False,True,3,False,True
0.1,0.55,36,1,2264,0.5724825208640182,0.4189177462127574,0.7369374077532732,0.7,-0.17275188556936932,10,-0.008293707765238835,-0.011484098939929329,0.0980565371024735,-5.481510994713476,541,46.19257950530035,9.80565371024735,2017-05-16,2026-09-01,0.0980565371024735,-0.085,True,True,True,True,True,4,True,True
0.1,0.55,37,1,2264,0.35589440528314886,0.16907141938812345,0.15123661059140478,0.5,-1.4099357821078815,10,-0.006891995515077104,-0.011484098939929329,0.09540636042402827,-7.177745467575539,1012,46.41519434628975,9.540636042402827,2017-05-16,2026-09-01,0.09540636042402827,-0.072,False,False,True,True,True,2,False,False
0.1,0.55,38,1,2264,-0.44936042568198076,-0.6150423083413697,-0.26385099134670725,0.5,-2.8345460782941503,10,-0.04991396432811415,-0.001325088339222615,0.10203180212014135,-24.48584112481588,1397,49.64310954063605,10.203180212014134,2017-05-16,2026-09-01,0.10203180212014135,-0.489,False,False,True,False,True,1,False,False
0.1,0.55,39,1,2264,0.6194207139705483,0.46818733870936874,0.6017217540828382,0.9,-1.5012782836576959,10,-0.011487099549442928,-0.00044169611307420494,0.09849823321554771,-7.42323025412589,861,46.74911660777386,9.849823321554771,2017-05-16,2026-09-01,0.09849823321554771,-0.117,True,True,True,True,True,4,True,True
0.1,0.55,40,1,2264,0.5806718988572156,0.4120102522704504,0.46518502197929074,0.7,-1.019073831651131,10,-0.0014518236608956085,-0.009717314487632508,0.10954063604240283,-6.499805616141835,444,50.53356890459364,10.954063604240282,2017-05-16,2026-09-01,0.10954063604240283,-0.013,False,True,True,True,True,3,False,False
0.1,0.55,41,1,2264,0.6638776522833737,0.4887392165173902,0.5783561291817073,0.7,-1.5953107349496474,10,0.012673913075045748,-0.0008833922261484099,0.09452296819787986,-5.806776264442441,481,45.19081272084806,9.452296819787986,2017-05-16,2026-09-01,0.09452296819787986,0.134,False,True,True,True,True,3,False,False
0.1,0.55,42,1,2264,0.2461676952518717,0.09842407424914823,0.07898894486114906,0.6,-0.9477047332677462,10,-0.03669444896460277,0.0008833922261484099,0.09452296819787986,-8.250518417120714,1082,44.52296819787986,9.452296819787986,2017-05-16,2026-09-01,0.09452296819787986,-0.388,False,False,True,False,True,1,False,False
0.1,0.55,43,1,2264,0.44696281402027926,0.2755387511141222,0.3679586396343624,0.7,-1.1581212594661705,10,-0.00035006893674721597,-0.004858657243816254,0.09938162544169611,-8.256961995180577,525,48.30742049469965,9.93816254416961,2017-05-16,2026-09-01,0.09938162544169611,-0.004,False,True,True,True,True,3,False,False
0.1,0.55,44,1,2264,0.590795206293861,0.41776815457091593,0.2020484085139783,0.6,-2.31840062115272,10,-0.008694367645642315,0.007067137809187279,0.10070671378091872,-9.14767012664128,504,47.41696113074205,10.070671378091872,2017-05-16,2026-09-01,0.10070671378091872,-0.086,False,False,True,True,True,2,False,False
0.1,0.55,45,1,2264,0.11943067511189517,-0.05723685145160068,-0.16396816609555023,0.5,-1.7164292345308085,10,0.007836710044628263,-0.005742049469964664,0.09761484098939929,-8.59672967450447,1798,47.63957597173145,9.76148409893993,2017-05-16,2026-09-01,0.09761484098939929,0.08,False,False,True,True,True,2,False,False
0.1,0.55,46,1,2264,-0.38118604460530986,-0.5634397866448035,-0.7779348264527087,0.2,-3.3874482752660637,10,0.024744623625817717,0.013692579505300354,0.09673144876325088,-21.658056510975175,2263,47.41696113074205,9.673144876325088,2017-05-16,2026-09-01,0.09673144876325088,0.256,False,False,True,False,True,1,False,False
0.1,0.55,47,1,2264,-0.38538049637714905,-0.5464805790011619,-0.7111946650641074,0.3,-2.1287521548443302,10,0.018761219864240463,0.00044169611307420494,0.08701413427561837,-17.14191414069616,1983,40.84982332155477,8.701413427561837,2017-05-16,2026-09-01,0.08701413427561837,0.216,False,False,True,False,True,1,False,False
0.1,0.55,48,1,2264,0.6195401313859957,0.41956058651888706,0.29004988449083263,0.6,-1.8373984510591002,10,0.009505477712453114,-0.007508833922261484,0.10114840989399293,-9.26156353318975,1353,48.53003533568905,10.114840989399292,2017-05-16,2026-09-01,0.10114840989399293,0.094,False,False,True,True,True,2,False,False
0.1,0.55,49,1,2264,0.2822198476837229,0.10592458096566444,0.17875853378204146,0.6,-1.1503560013003076,10,0.030205768485823726,0.002208480565371025,0.10114840989399293,-8.96946933333628,776,47.75088339222614,10.114840989399292,2017-05-16,2026-09-01,0.10114840989399293,0.299,False,False,True,False,True,1,False,False
0.1,0.55,50,1,2264,0.25314303454177395,0.0715411487550082,-0.08307022498110515,0.6,-2.308604789702213,10,-0.009549832874333117,0.003975265017667844,0.09496466431095406,-10.178449284640251,1207,46.97173144876325,9.496466431095406,2017-05-16,2026-09-01,0.09496466431095406,-0.101,False,False,True,True,True,2,False,False
0.1,0.55,51,1,2264,0.34461505161265066,0.20199391319975746,0.47890773089413663,0.7,-1.359448157639985,10,0.008114689536853343,-0.001325088339222615,0.10203180212014135,-11.917924783535595,684,48.75265017667844,10.203180212014134,2017-05-16,2026-09-01,0.10203180212014135,0.08,False,True,True,True,True,3,False,False
0.1,0.55,52,1,2264,0.6346658780714839,0.4692342415194048,0.3351588857540738,0.7,-1.0744932031756338,10,-0.03478369624784786,0.00044169611307420494,0.10468197879858657,-8.838362048326843,1050,50.867491166077734,10.468197879858657,2017-05-16,2026-09-01,0.10468197879858657,-0.332,False,True,True,False,True,2,False,False
0.1,0.55,53,1,2264,0.6968758384468235,0.5443438418806602,0.7394860058533334,0.8,-1.2394537804182193,10,-0.021161855450297327,-0.00441696113074205,0.0980565371024735,-6.464605953949262,526,47.75088339222614,9.80565371024735,2017-05-16,2026-09-01,0.0980565371024735,-0.216,True,True,True,False,True,3,False,True
0.1,0.55,54,1,2264,0.6630071664272991,0.5011730953357311,0.5736053136373334,0.6,-1.0100996063769923,10,0.006221221923543462,0.007508833922261484,0.09673144876325088,-6.522340637512841,488,47.63957597173145,9.673144876325088,2017-05-16,2026-09-01,0.09673144876325088,0.064,False,False,True,True,True,2,False,False
0.1,0.55,55,1,2264,0.4612960528397318,0.3261865905063273,0.14043722200027053,0.5,-1.330502022254741,10,0.03658770633449121,-0.00044169611307420494,0.10291519434628975,-7.9022776811037,588,47.973498233215544,10.291519434628976,2017-05-16,2026-09-01,0.10291519434628975,0.356,False,False,True,False,True,1,False,False
0.1,0.55,56,1,2264,0.5112238567726948,0.35674906190588723,0.5443645466356857,0.7,-0.9741451770616228,10,0.008464055067916474,-0.002208480565371025,0.10291519434628975,-6.557149149724604,542,50.08833922261484,10.291519434628976,2017-05-16,2026-09-01,0.10291519434628975,0.082,False,True,True,True,True,3,False,False
0.1,0.55,57,1,2264,-0.21099623426396896,-0.34385486224134243,-0.006202106139217572,0.4,-1.616619025496362,10,-0.0701093922596116,-0.001325088339222615,0.09849823321554771,-26.20517900812568,716,48.196113074204945,9.849823321554771,2017-05-16,2026-09-01,0.09849823321554771,-0.712,False,False,True,False,True,1,False,False
0.1,0.55,58,1,2264,0.07892292964008374,-0.07898217436085068,0.12685989077947762,0.6,-1.6320941562178783,10,-0.03074216603576773,0.0030918727915194345,0.09319787985865724,-15.649874730471502,847,42.96466431095406,9.319787985865723,2017-05-16,2026-09-01,0.09319787985865724,-0.33,False,False,True,False,True,1,False,False
0.1,0.55,59,1,2264,-0.19456174514653365,-0.3503533103873183,-0.321883352876657,0.3,-1.8122940122769962,10,0.03392914748024514,0.006183745583038869,0.09982332155477032,-25.779307694938463,2263,48.64134275618375,9.982332155477032,2017-05-16,2026-09-01,0.09982332155477032,0.34,False,False,True,False,True,1,False,False
0.1,0.6,0,1,2264,1.4366238943146494,1.2346856405938549,1.209566990967868,0.9,-0.9277649535890163,10,0.00018011295937495278,0.011484098939929329,0.10335689045936396,-4.557266414787442,347,49.197879858657245,10.335689045936396,2017-05-16,2026-09-01,0.10335689045936396,0.002,True,True,True,True,True,4,True,True
0.1,0.6,1,1,2264,0.554043570544531,0.37971925774256243,0.43596075826827535,0.6,-1.2521652370866407,10,0.0039941478286635084,0.012809187279151944,0.09231448763250884,-6.0114816610752975,972,43.409893992932865,9.231448763250883,2017-05-16,2026-09-01,0.09231448763250884,0.043,False,False,True,True,True,2,False,False
0.1,0.6,2,1,2264,0.9103190885905973,0.7502197422808828,0.2885195100556408,0.6,-2.7308069823758645,10,-0.010662333776341813,0.0030918727915194345,0.09408127208480566,-4.01611659631933,225,44.18904593639576,9.408127208480565,2017-05-16,2026-09-01,0.09408127208480566,-0.113,False,False,True,True,True,2,False,False
0.1,0.6,3,1,2264,0.4198214713939397,0.2673552328366877,0.1602470505656636,0.4,-1.1070433993858972,10,0.00921833566157513,-0.009717314487632508,0.10335689045936396,-14.842045064982212,1106,48.975265017667844,10.335689045936396,2017-05-16,2026-09-01,0.10335689045936396,0.089,False,False,True,True,True,2,False,False
0.1,0.6,4,1,2264,0.8734247281825654,0.7052003404069707,0.38622527947123375,0.7,-1.601947818682123,10,-0.004250094701250322,0.002208480565371025,0.09673144876325088,-10.638839589559208,439,46.86042402826855,9.673144876325088,2017-05-16,2026-09-01,0.09673144876325088,-0.044,False,True,True,True,True,3,False,False
0.1,0.6,5,1,2264,0.5531646322090338,0.37058655696768894,0.6102883147715353,0.6,-0.6374225485807307,10,-0.0010192528696902831,-0.00265017667844523,0.09717314487632508,-7.661372471978543,587,47.75088339222614,9.717314487632509,2017-05-16,2026-09-01,0.09717314487632508,-0.01,True,False,True,True,True,3,False,False
0.1,0.6,6,1,2264,0.4965427060415492,0.3436658119615763,0.6104967404757099,0.7,-0.7439542398815198,10,0.00906674474772329,0.013250883392226149,0.11130742049469965,-7.740710313712916,480,53.09363957597173,11.130742049469964,2017-05-16,2026-09-01,0.11130742049469965,0.081,True,True,True,True,True,4,True,True
0.1,0.6,7,1,2264,0.6697268640962399,0.4697070445558642,0.6312591618092722,0.7,-0.499894825760391,10,-0.008480505323614669,0.004858657243816254,0.10468197879858657,-4.864205098444102,925,49.53180212014134,10.468197879858657,2017-05-16,2026-09-01,0.10468197879858657,-0.081,True,True,True,True,True,4,True,True
0.1,0.6,8,1,2264,0.7957834635247004,0.6306214455397022,0.48383308540805126,0.6,-1.6780248618817035,10,-0.011518057082158827,0.001325088339222615,0.09673144876325088,-7.353852631790421,867,46.41519434628975,9.673144876325088,2017-05-16,2026-09-01,0.09673144876325088,-0.119,False,False,True,True,True,2,False,False
0.1,0.6,9,1,2264,0.6656896492797244,0.5135056019324267,0.3000175505819653,0.6,-1.139236643226734,10,-0.034125559664555376,0.006183745583038869,0.09982332155477032,-9.46576311029431,994,48.196113074204945,9.982332155477032,2017-05-16,2026-09-01,0.09982332155477032,-0.342,False,False,True,False,True,1,False,False
0.1,0.6,10,1,2264,0.3009732298094154,0.14189653956021395,0.1533390022023913,0.6,-1.3171138001196063,10,-0.024622097798700966,0.0017667844522968198,0.1068904593639576,-8.386250152471733,886,50.64487632508834,10.68904593639576,2017-05-16,2026-09-01,0.1068904593639576,-0.23,False,False,True,False,True,1,False,False
0.1,0.6,11,1,2264,0.8798905044907938,0.710306683132625,0.7457946731597948,0.8,-0.7915162610511635,10,0.008203883518206832,0.008392226148409895,0.09584805653710247,-5.157962835731919,431,46.86042402826855,9.584805653710248,2017-05-16,2026-09-01,0.09584805653710247,0.086,True,True,True,True,True,4,True,True
0.1,0.6,12,1,2264,0.47237525318005597,0.3139153808578914,0.2571674320057891,0.7,-1.4664493854041651,10,-0.003022098552668399,0.00530035335689046,0.10865724381625441,-10.783334142046499,1254,51.869257950530034,10.86572438162544,2017-05-16,2026-09-01,0.10865724381625441,-0.028,False,True,True,True,True,3,False,False
0.1,0.6,13,1,2264,0.22237065892342928,0.031027451052996154,0.0442697590594155,0.4,-1.0281425904592685,10,0.0082448358110329,0.003975265017667844,0.10203180212014135,-7.342523644198587,982,47.86219081272085,10.203180212014134,2017-05-16,2026-09-01,0.10203180212014135,0.081,False,False,True,True,True,2,False,False
0.1,0.6,14,1,2264,1.4102099050096182,1.256048134261228,0.5519127472876106,0.6,-1.5209914572023306,10,0.015080607422707552,0.006183745583038869,0.09452296819787986,-6.773614885795981,458,46.19257950530035,9.452296819787986,2017-05-16,2026-09-01,0.09452296819787986,0.16,False,False,True,False,True,1,False,False
0.1,0.6,15,1,2264,1.3080157167739401,1.1522710537997976,1.2120836012975922,0.9,-0.41492441612256303,10,-0.02851756868347937,0.00044169611307420494,0.10114840989399293,-2.485431517797445,186,48.418727915194346,10.114840989399292,2017-05-16,2026-09-01,0.10114840989399293,-0.282,True,True,True,False,True,3,False,True
0.1,0.6,16,1,2264,0.8576191995819336,0.686906101263661,0.4005379782816336,0.7,-1.6522060722002347,10,-0.035522313791037013,0.0088339222614841,0.10335689045936396,-4.755294512007444,397,48.196113074204945,10.335689045936396,2017-05-16,2026-09-01,0.10335689045936396,-0.344,False,True,True,False,True,2,False,False
0.1,0.6,17,1,2264,0.9643695985046429,0.8306372028527891,1.2537528940586624,0.9,-0.4906143916585507,10,0.05942341746393764,0.009275618374558304,0.09761484098939929,-3.134368581337024,310,46.41519434628975,9.76148409893993,2017-05-16,2026-09-01,0.09761484098939929,0.609,True,True,True,False,True,3,False,True
0.1,0.6,18,1,2264,0.7875072458489544,0.6237991716613941,0.8080334453566214,0.8,-0.6439129080703863,10,0.01353896173025324,-0.0030918727915194345,0.10203180212014135,-6.243665600156702,790,49.75441696113074,10.203180212014134,2017-05-16,2026-09-01,0.10203180212014135,0.133,True,True,True,True,True,4,True,True
0.1,0.6,19,1,2264,0.6965161442231431,0.5455682416356754,0.3530536372422354,0.8,-2.292709624772435,10,-0.024822361494415954,0.007508833922261484,0.10114840989399293,-8.84938110669768,1144,49.197879858657245,10.114840989399292,2017-05-16,2026-09-01,0.10114840989399293,-0.245,False,True,True,False,True,2,False,False
0.1,0.6,20,1,2264,0.5910915546362614,0.4167309164107319,0.6886014906174523,0.7,-0.4656422740956527,10,-0.009582143578131766,0.001325088339222615,0.09408127208480566,-5.628360131781674,692,44.96819787985866,9.408127208480565,2017-05-16,2026-09-01,0.09408127208480566,-0.102,True,True,True,True,True,4,True,True
0.1,0.6,21,1,2264,0.5975335068162875,0.4516697670447233,0.3792762411831902,0.7,-1.0027567005546016,10,-0.024903965396396777,0.00265017667844523,0.09363957597173145,-7.6637905612284065,597,44.63427561837456,9.363957597173144,2017-05-16,2026-09-01,0.09363957597173145,-0.266,False,True,True,False,True,2,False,False
0.1,0.6,22,1,2264,0.340324868371595,0.16388992071316708,0.23921622476460214,0.6,-1.5183774906296328,10,-0.02355392461513324,0.0066254416961130744,0.10026501766784453,-8.677001228768306,477,47.973498233215544,10.026501766784452,2017-05-16,2026-09-01,0.10026501766784453,-0.235,False,False,True,False,True,1,False,False
0.1,0.6,23,1,2264,0.840834757041388,0.6705778105871129,0.41185925003426144,0.5,-0.7099092495394782,10,-0.013551814723657123,0.008392226148409895,0.10026501766784453,-5.928532149500092,525,48.196113074204945,10.026501766784452,2017-05-16,2026-09-01,0.10026501766784453,-0.135,False,False,True,True,True,2,False,False
0.1,0.6,24,1,2264,-0.05027343553475255,-0.22036252318767532,-0.14209201043162487,0.4,-1.5568785047412157,10,0.021516589580780184,-0.00044169611307420494,0.09231448763250884,-17.303860487737605,1878,43.96643109540636,9.231448763250883,2017-05-16,2026-09-01,0.09231448763250884,0.233,False,False,True,False,True,1,False,False
0.1,0.6,25,1,2264,0.30894559149622314,0.1590005875124537,0.1153736588458804,0.6,-1.4526187434359514,10,-0.01928144024156154,0.0017667844522968198,0.0989399293286219,-10.83806080873226,1242,46.303886925795055,9.89399293286219,2017-05-16,2026-09-01,0.0989399293286219,-0.195,False,False,True,False,True,1,False,False
0.1,0.6,26,1,2264,0.5203778981463085,0.33694002149437735,0.44566376080743114,0.5,-0.9611759707675768,10,-0.0317987774249173,0.00265017667844523,0.10600706713780919,-16.29348560577924,452,50.97879858657244,10.60070671378092,2017-05-16,2026-09-01,0.10600706713780919,-0.3,False,False,True,False,True,1,False,False
0.1,0.6,27,1,2264,0.31213419355715544,0.1458538888836782,0.2711466303951984,0.7,-2.1884365097120915,10,-0.01801845933933586,-0.005742049469964664,0.10026501766784453,-14.440201379509613,628,47.63957597173145,10.026501766784452,2017-05-16,2026-09-01,0.10026501766784453,-0.18,False,True,True,False,True,2,False,False
0.1,0.6,28,1,2264,0.4380924058300354,0.24840624667868436,0.34923338948486493,0.7,-1.5688285377764561,10,-0.015862531907903106,0.002208480565371025,0.09761484098939929,-13.404731437460471,513,47.08303886925795,9.76148409893993,2017-05-16,2026-09-01,0.09761484098939929,-0.163,False,True,True,False,True,2,False,False
0.1,0.6,29,1,2264,0.9927750917410308,0.8189104801876802,0.39131246425672744,0.6,-1.4570546585282973,10,-0.0061011557601699205,0.001325088339222615,0.09319787985865724,-4.268007663384883,510,43.74381625441696,9.319787985865723,2017-05-16,2026-09-01,0.09319787985865724,-0.065,False,False,True,True,True,2,False,False
0.1,0.6,30,1,2264,0.7970698143864567,0.6250781525435775,0.37560136518712844,0.6,-1.3904436149962975,10,-0.02046705727344501,0.018109540636042403,0.10291519434628975,-7.272768287108267,1105,48.75265017667844,10.291519434628976,2017-05-16,2026-09-01,0.10291519434628975,-0.199,False,False,True,False,True,1,False,False
0.1,0.6,31,1,2264,0.5154732616425126,0.33766172755140333,0.22322266435981275,0.6,-1.319520289965077,10,0.03346940407808416,0.0030918727915194345,0.10909893992932862,-6.9631468801417,412,52.20318021201413,10.909893992932862,2017-05-16,2026-09-01,0.10909893992932862,0.307,False,False,True,False,True,1,False,False
0.1,0.6,32,1,2264,0.4835135573645988,0.2901624164207752,0.07390210426354428,0.6,-2.316695569155948,10,0.003615661919593563,0.0030918727915194345,0.10291519434628975,-13.101467072391564,987,49.64310954063605,10.291519434628976,2017-05-16,2026-09-01,0.10291519434628975,0.035,False,False,True,True,True,2,False,False
0.1,0.6,33,1,2264,0.5933971463602205,0.391477346654754,0.5103552007226436,0.7,-1.116432807673009,10,-0.007197181185178615,0.0035335689045936395,0.10335689045936396,-5.893230972471319,423,49.420494699646646,10.335689045936396,2017-05-16,2026-09-01,0.10335689045936396,-0.07,False,True,True,True,True,3,False,False
0.1,0.6,34,1,2264,0.4253417267371702,0.2695295421619229,0.6182742423684779,0.8,-1.4757966695862694,10,0.018595533298256788,0.008392226148409895,0.09319787985865724,-11.973722462388727,472,44.18904593639576,9.319787985865723,2017-05-16,2026-09-01,0.09319787985865724,0.2,True,True,True,False,True,3,False,True
0.1,0.6,35,1,2264,0.7557355601266142,0.5964951067590657,0.41671585291132207,0.8,-1.8425483763623818,10,0.002499213202605256,0.007950530035335688,0.09452296819787986,-4.762575763855953,491,45.19081272084806,9.452296819787986,2017-05-16,2026-09-01,0.09452296819787986,0.026,False,True,True,True,True,3,False,False
0.1,0.6,36,1,2264,0.2164234004788648,0.04959391352940341,0.043662361777054334,0.5,-2.136726370818146,10,-0.0016329313871450762,0.007067137809187279,0.09540636042402827,-9.78082598106114,1251,45.524734982332156,9.540636042402827,2017-05-16,2026-09-01,0.09540636042402827,-0.017,False,False,True,True,True,2,False,False
0.1,0.6,37,1,2264,1.0419294236512953,0.8620513074508673,0.7311151208998576,0.8,-0.8071345141476396,10,-0.00609195034435642,0.0,0.10159010600706714,-4.973141044659049,330,46.97173144876325,10.159010600706713,2017-05-16,2026-09-01,0.10159010600706714,-0.06,True,True,True,True,True,4,True,True
0.1,0.6,38,1,2264,0.08392322339098326,-0.08309645854834433,-0.3306366973614416,0.4,-1.5595678977600609,10,-0.006941465139560034,-0.00265017667844523,0.09363957597173145,-8.549953314712058,1542,44.63427561837456,9.363957597173144,2017-05-16,2026-09-01,0.09363957597173145,-0.074,False,False,True,True,True,2,False,False
0.1,0.6,39,1,2264,0.9130074681794802,0.7819033398706424,0.6988115926788024,0.8,-0.9293581344731007,10,0.00880218581456098,0.009275618374558304,0.09849823321554771,-8.41162347201974,583,46.97173144876325,9.849823321554771,2017-05-16,2026-09-01,0.09849823321554771,0.089,True,True,True,True,True,4,True,True
0.1,0.6,40,1,2264,1.2958498023225782,1.158838192165811,1.0785129028043468,0.9,-1.1138891261408645,10,-0.01818168513241532,-0.0035335689045936395,0.10070671378091872,-5.2019083896818055,528,48.418727915194346,10.070671378091872,2017-05-16,2026-09-01,0.10070671378091872,-0.181,True,True,True,False,True,3,False,True
0.1,0.6,41,1,2264,0.6766686002635133,0.5208315114467023,0.43125907865305796,0.7,-1.8884615164465204,10,0.024611621769238933,0.014134275618374558,0.10159010600706714,-12.150623512196992,894,49.53180212014134,10.159010600706713,2017-05-16,2026-09-01,0.10159010600706714,0.242,False,True,True,False,True,2,False,False
0.1,0.6,42,1,2264,0.9976480760190862,0.8596827550536114,0.4541136024109906,0.6,-1.379653844131018,10,0.060440257247927044,0.01987632508833922,0.10114840989399293,-6.579301527736647,1134,48.418727915194346,10.114840989399292,2017-05-16,2026-09-01,0.10114840989399293,0.598,False,False,True,False,True,1,False,False
0.1,0.6,43,1,2264,0.18236086667475723,0.037619349758240044,-0.08049960629465683,0.5,-1.580949447555412,10,-0.03874110817398781,-0.0035335689045936395,0.0989399293286219,-11.613927618768935,790,48.30742049469965,9.89399293286219,2017-05-16,2026-09-01,0.0989399293286219,-0.392,False,False,True,False,True,1,False,False
0.1,0.6,44,1,2264,0.659322842296916,0.5191750416668401,0.32737067495687194,0.5,-0.9262458019190226,10,-0.0022279047755584874,0.007508833922261484,0.10468197879858657,-11.500607020950666,809,49.86572438162544,10.468197879858657,2017-05-16,2026-09-01,0.10468197879858657,-0.021,False,False,True,True,True,2,False,False
0.1,0.6,45,1,2264,0.49320480061779065,0.30453573857910504,0.1110084837188233,0.5,-1.721310433724653,10,0.017359075915211096,0.016342756183745585,0.10291519434628975,-10.90337299029752,1793,48.30742049469965,10.291519434628976,2017-05-16,2026-09-01,0.10291519434628975,0.169,False,False,True,False,True,1,False,False
0.1,0.6,46,1,2264,0.9273204580372578,0.7466021302255488,0.9503665531712211,0.9,-0.14959945835140995,10,-0.007528790945928962,-0.0066254416961130744,0.10644876325088339,-4.7057900825420305,441,50.97879858657244,10.644876325088338,2017-05-16,2026-09-01,0.10644876325088339,-0.071,True,True,True,True,True,4,True,True
0.1,0.6,47,1,2264,0.936941775439028,0.7748669929658644,0.5770069051125661,0.7,-0.8216431105061384,10,-0.018293530341643955,0.010159010600706713,0.10644876325088339,-4.52702200818557,511,52.42579505300353,10.644876325088338,2017-05-16,2026-09-01,0.10644876325088339,-0.172,False,True,True,False,True,2,False,False
0.1,0.6,48,1,2264,1.1999240399819586,1.047458338255733,0.8083314263300261,0.9,-0.6974075756959285,10,-0.0055496871612077505,0.0066254416961130744,0.09408127208480566,-3.6489279302720306,272,45.85865724381625,9.408127208480565,2017-05-16,2026-09-01,0.09408127208480566,-0.059,True,True,True,True,True,4,True,True
0.1,0.6,49,1,2264,0.6911664496019772,0.5439863265560653,0.34885330292251016,0.7,-2.4514842042410336,10,-0.021883484338252296,0.007067137809187279,0.09363957597173145,-7.185862201323843,778,44.63427561837456,9.363957597173144,2017-05-16,2026-09-01,0.09363957597173145,-0.234,False,True,True,False,True,2,False,False
0.1,0.6,50,1,2264,0.5674636865332489,0.4097745801268327,0.33947438157590176,0.5,-0.8640717114329045,10,0.05009194762379441,0.007950530035335688,0.10335689045936396,-11.866826156898874,1195,49.420494699646646,10.335689045936396,2017-05-16,2026-09-01,0.10335689045936396,0.485,False,False,True,False,True,1,False,False
0.1,0.6,51,1,2264,0.5336506424699297,0.35296541876617543,0.468141735309487,0.7,-1.2457895655647435,10,0.008345041000362817,0.002208480565371025,0.09143109540636042,-9.668966996393102,757,43.52120141342756,9.143109540636042,2017-05-16,2026-09-01,0.09143109540636042,0.091,False,True,True,True,True,3,False,False
0.1,0.6,52,1,2264,0.33271617428014877,0.17569248475013394,0.26667050929772557,0.5,-0.8826054307716208,10,-0.021408028141941895,-0.002208480565371025,0.09143109540636042,-6.611667654525749,483,44.18904593639576,9.143109540636042,2017-05-16,2026-09-01,0.09143109540636042,-0.234,False,False,True,False,True,1,False,False
0.1,0.6,53,1,2264,0.07735197795251345,-0.10122351723535307,0.0914237084458682,0.4,-1.8773471210113262,10,-0.005161396310233725,-0.00265017667844523,0.10247349823321555,-17.44865469511808,1956,49.75441696113074,10.247349823321555,2017-05-16,2026-09-01,0.10247349823321555,-0.05,False,False,True,True,True,2,False,False
0.1,0.6,54,1,2264,0.8263680871528369,0.6847193312723624,0.8559860402586689,0.8,-0.9259151604778282,10,-0.01825442672259302,-0.006183745583038869,0.09363957597173145,-9.096273462348798,601,44.74558303886926,9.363957597173144,2017-05-16,2026-09-01,0.09363957597173145,-0.195,True,True,True,False,True,3,False,True
0.1,0.6,55,1,2264,0.6601390600029727,0.5170760738273475,0.569519011290138,0.8,-0.9589919127390376,10,0.01997816027757512,-0.009275618374558304,0.10026501766784453,-10.008021853187989,484,45.74734982332156,10.026501766784452,2017-05-16,2026-09-01,0.10026501766784453,0.199,False,True,True,False,True,2,False,False
0.1,0.6,56,1,2264,1.3201827420887309,1.1540406806586074,1.745769185639475,0.9,-0.046506245684660684,10,-0.0008293181311553508,0.0030918727915194345,0.10291519434628975,-5.130671635773046,243,49.97703180212014,10.291519434628976,2017-05-16,2026-09-01,0.10291519434628975,-0.008,True,True,True,True,True,4,True,True
0.1,0.6,57,1,2264,1.1707127316644708,1.0482460115042391,0.8953160499286072,0.7,-0.9019062267570402,10,0.02005202820860582,-0.00265017667844523,0.0980565371024735,-5.395862850988747,325,46.74911660777386,9.80565371024735,2017-05-16,2026-09-01,0.0980565371024735,0.204,True,True,True,False,True,3,False,True
0.1,0.6,58,1,2264,0.5111662669981599,0.37933354048140416,0.6275001056276853,0.8,-1.4769212752149867,10,-0.06079228906690885,-0.001325088339222615,0.10556537102473498,-11.630454236800498,503,50.19964664310954,10.556537102473499,2017-05-16,2026-09-01,0.10556537102473498,-0.576,True,True,True,False,True,3,False,True
0.1,0.6,59,1,2264,0.6568899181321209,0.5008434949210839,0.6275777641820669,0.8,-0.9994045110905584,10,-0.03371323788779863,0.006183745583038869,0.10159010600706714,-4.974090887146812,551,49.420494699646646,10.159010600706713,2017-05-16,2026-09-01,0.10159010600706714,-0.332,True,True,True,False,True,3,False,True
0.2,0.52,0,1,2264,-0.036853039315638186,-0.2765708253489558,-0.33568456176784034,0.5,-2.5844282235943603,10,-0.0165869865150199,-0.0008833922261484099,0.20936395759717313,-15.275798011989943,1481,92.16254416961131,20.936395759717314,2017-05-16,2026-09-01,0.20936395759717313,-0.079,False,False,True,True,True,2,False,False
0.2,0.52,1,1,2264,0.5320799578326264,0.29292316538097607,0.07503198203324361,0.5,-1.3432368193343993,10,-0.015147139153644816,-0.004858657243816254,0.19037102473498232,-12.312981444818808,1668,86.81978798586573,19.037102473498233,2017-05-16,2026-09-01,0.19037102473498232,-0.08,False,False,True,True,True,2,False,False
0.2,0.52,2,1,2264,-0.6636319665452736,-0.8787941223150986,-0.6147580338933265,0.3,-2.3028002349737093,10,-0.027945060165148226,-0.013250883392226149,0.20229681978798586,-52.411136243015434,1581,90.2703180212014,20.229681978798585,2017-05-16,2026-09-01,0.20229681978798586,-0.138,False,False,True,True,True,2,False,False
0.2,0.52,3,1,2264,0.1441811816276128,-0.07424355310231726,-0.09257358108389159,0.5,-1.0527369676964151,10,-0.034998154237068334,-0.00265017667844523,0.19964664310954064,-15.439162200832612,1579,91.7173144876325,19.964664310954063,2017-05-16,2026-09-01,0.19964664310954064,-0.175,False,False,True,False,True,1,False,False
0.2,0.52,4,1,2264,0.118302023266861,-0.0934964073378964,-0.14117431370325587,0.3,-1.9502905048821726,10,0.0021875515477155763,0.007508833922261484,0.1956713780918728,-18.91634835565045,1862,88.71201413427562,19.56713780918728,2017-05-16,2026-09-01,0.1956713780918728,0.011,False,False,True,True,True,2,False,False
0.2,0.52,5,1,2264,0.4895140997771671,0.26268349184872053,0.23501982653127587,0.6,-1.2763801873049876,10,0.026099474541440043,0.010159010600706713,0.20008833922261485,-14.58766210146376,997,90.82685512367492,20.008833922261484,2017-05-16,2026-09-01,0.20008833922261485,0.13,False,False,True,True,True,2,False,False
0.2,0.52,6,1,2264,0.09065246640853289,-0.1282787291651379,-0.08381237179798187,0.4,-2.32191876845902,10,0.08032381185332421,0.022084805653710248,0.196113074204947,-23.191838751241193,630,90.93816254416961,19.6113074204947,2017-05-16,2026-09-01,0.196113074204947,0.41,False,False,True,False,True,1,False,False
0.2,0.52,7,1,2264,-0.06283774106410962,-0.2475518355782588,-0.3226781982789048,0.4,-1.7434840321877532,10,0.05089275259064522,-0.008392226148409895,0.1974381625441696,-22.46002397050368,1539,89.8250883392226,19.74381625441696,2017-05-16,2026-09-01,0.1974381625441696,0.258,False,False,True,False,True,1,False,False
0.2,0.52,8,1,2264,0.35326842454570667,0.10828434577180394,-0.1172435055197533,0.6,-2.6062409299438594,10,-0.013673585452620153,-0.020318021201413426,0.20229681978798586,-15.094292990386935,676,90.7155477031802,20.229681978798585,2017-05-16,2026-09-01,0.20229681978798586,-0.068,False,False,True,True,True,2,False,False
0.2,0.52,9,1,2264,0.5942157369361688,0.39137937258893546,0.7063560797106101,0.7,-0.6314905267358296,10,-0.025208192635793495,0.0,0.20318021201413428,-9.271666534054985,711,91.27208480565372,20.318021201413426,2017-05-16,2026-09-01,0.20318021201413428,-0.124,True,True,True,True,True,4,True,True
0.2,0.52,10,1,2264,0.5463890089173661,0.3061048785650744,0.2256408081060886,0.6,-0.8725465011584269,10,0.017589737594570515,0.01987632508833922,0.20892226148409895,-13.23339757756126,1272,94.6113074204947,20.892226148409897,2017-05-16,2026-09-01,0.20892226148409895,0.084,False,False,True,True,True,2,False,False
0.2,0.52,11,1,2264,0.1636691970691175,-0.05379440401339818,0.013243274057394309,0.4,-1.1947658782288175,10,-0.010722099254968977,-0.0066254416961130744,0.20185512367491165,-13.506350757232994,1177,92.16254416961131,20.185512367491164,2017-05-16,2026-09-01,0.20185512367491165,-0.053,False,False,True,True,True,2,False,False
0.2,0.52,12,1,2264,-0.0810512221842615,-0.3019500865141198,-0.41175230887801284,0.3,-2.3682486189142535,10,-0.010443607959603602,0.019434628975265017,0.21024734982332155,-30.422831908076976,2200,92.0512367491166,21.024734982332156,2017-05-16,2026-09-01,0.21024734982332155,-0.05,False,False,True,True,True,2,False,False
0.2,0.52,13,1,2264,0.17349223129972483,-0.04627088218899925,-0.050777493552556494,0.5,-0.9084267639307207,10,-0.020807675932496626,-0.007067137809187279,0.2137809187279152,-13.990799934117781,830,96.83745583038869,21.37809187279152,2017-05-16,2026-09-01,0.2137809187279152,-0.097,False,False,True,True,True,2,False,False
0.2,0.52,14,1,2264,-0.6212236934370061,-0.8282959015068802,-0.8428019503580996,0.1,-2.017616331930406,10,0.04363627994516599,0.0008833922261484099,0.20141342756183744,-45.68978794332881,1627,91.27208480565372,20.141342756183743,2017-05-16,2026-09-01,0.20141342756183744,0.217,False,False,True,False,True,1,False,False
0.2,0.52,15,1,2264,0.4581288437078671,0.25692036524181944,0.16314667678842024,0.6,-1.354963805875558,10,-0.05925799303614231,0.01060070671378092,0.1978798586572438,-14.31352502600306,968,89.60247349823321,19.78798586572438,2017-05-16,2026-09-01,0.1978798586572438,-0.299,False,False,True,False,True,1,False,False
0.2,0.52,16,1,2264,0.1707672898256362,-0.04475510707766728,0.08941853803864101,0.5,-1.62067711427825,10,0.031742788889293834,0.010159010600706713,0.20362190812720848,-21.997259596174043,1022,91.16077738515901,20.362190812720847,2017-05-16,2026-09-01,0.20362190812720848,0.156,False,False,True,False,True,1,False,False
0.2,0.52,17,1,2264,0.5680683683157945,0.38095370473434387,0.18412908696735136,0.6,-1.2453286882565024,10,0.026291291336921905,0.00265017667844523,0.20318021201413428,-18.822840272457654,1601,90.2703180212014,20.318021201413426,2017-05-16,2026-09-01,0.20318021201413428,0.129,False,False,True,True,True,2,False,False
0.2,0.52,18,1,2264,0.4410031185650449,0.21841574785633217,0.5216107688212315,0.7,-0.7638766860713487,10,-0.02125599413502919,0.0030918727915194345,0.20273851590106007,-12.071632368971862,983,89.60247349823321,20.273851590106005,2017-05-16,2026-09-01,0.20273851590106007,-0.105,False,True,True,True,True,3,False,False
0.2,0.52,19,1,2264,0.06600682550448916,-0.1265466647149164,0.15317725556440773,0.8,-1.7008714997843797,10,-0.07359867802139607,-0.012367491166077738,0.20141342756183744,-28.496656777941215,815,92.273851590106,20.141342756183743,2017-05-16,2026-09-01,0.20141342756183744,-0.365,False,True,True,False,True,2,False,False
0.2,0.52,20,1,2264,0.01169375252176791,-0.1890769785053179,-0.2663366968153247,0.4,-3.1566311053286134,10,-0.020411414095127298,0.00265017667844523,0.20053003533568906,-30.697197659997915,1485,92.60777385159011,20.053003533568905,2017-05-16,2026-09-01,0.20053003533568906,-0.102,False,False,True,True,True,2,False,False
0.2,0.52,21,1,2264,-0.09063783598203627,-0.3051151270257594,-0.3871252199953262,0.4,-3.6802192198084716,10,-0.05087904902158367,-0.0066254416961130744,0.2053886925795053,-26.912893888460726,2263,95.2791519434629,20.53886925795053,2017-05-16,2026-09-01,0.2053886925795053,-0.248,False,False,True,False,True,1,False,False
0.2,0.52,22,1,2264,0.8112693160209001,0.6093986903047338,0.2002823298400402,0.6,-2.2318382534779344,10,-0.030334815008973236,0.0035335689045936395,0.21024734982332155,-10.947273455568839,552,95.7243816254417,21.024734982332156,2017-05-16,2026-09-01,0.21024734982332155,-0.144,False,False,True,True,True,2,False,False
0.2,0.52,23,1,2264,-0.3064701960098065,-0.5341203098833864,-0.5707707514015175,0.4,-2.3174807649650977,10,0.012540004377699594,0.005742049469964664,0.20273851590106007,-27.765081072434718,2213,92.273851590106,20.273851590106005,2017-05-16,2026-09-01,0.20273851590106007,0.062,False,False,True,True,True,2,False,False
0.2,0.52,24,1,2264,-0.3350487652975822,-0.5748204023690903,-0.6283883194988339,0.2,-2.2372674336538685,10,-0.012681843750199573,-0.015017667844522967,0.19964664310954064,-38.16129838818677,2263,90.93816254416961,19.964664310954063,2017-05-16,2026-09-01,0.19964664310954064,-0.064,False,False,True,True,True,2,False,False
0.2,0.52,25,1,2264,0.22010593532579614,0.016433188025324383,-0.246986843156212,0.4,-2.6460244811908296,10,-0.001290744619811096,0.0008833922261484099,0.20229681978798586,-27.32136365670063,2129,91.49469964664311,20.229681978798585,2017-05-16,2026-09-01,0.20229681978798586,-0.006,False,False,True,True,True,2,False,False
0.2,0.52,26,1,2264,0.18146228016617857,-0.0458089607361244,0.05202429551370991,0.4,-1.3705406263963527,10,-0.039918728064725066,-0.0030918727915194345,0.1956713780918728,-20.212719180877464,1107,90.7155477031802,19.56713780918728,2017-05-16,2026-09-01,0.1956713780918728,-0.204,False,False,True,False,True,1,False,False
0.2,0.52,27,1,2264,0.26773160218876746,0.04759993814666995,-0.12985803481643268,0.4,-2.124873998171303,10,-0.0285590562829268,-0.01678445229681979,0.19964664310954064,-21.73609347074531,1545,89.37985865724382,19.964664310954063,2017-05-16,2026-09-01,0.19964664310954064,-0.143,False,False,True,True,True,2,False,False
0.2,0.52,28,1,2264,-0.051344321164584206,-0.28631279893725775,-0.4688566022038327,0.4,-1.472034380245579,10,-0.002386616021979649,0.007508833922261484,0.20185512367491165,-18.606041276621074,2207,94.5,20.185512367491164,2017-05-16,2026-09-01,0.20185512367491165,-0.012,False,False,True,True,True,2,False,False
0.2,0.52,29,1,2264,0.6276983594696616,0.3933148618730915,0.2273953699445202,0.7,-1.5921873093341512,10,0.009987803881846826,0.005742049469964664,0.21687279151943462,-8.960229297899392,880,97.0600706713781,21.68727915194346,2017-05-16,2026-09-01,0.21687279151943462,0.046,False,True,True,True,True,3,False,False
0.2,0.52,30,1,2264,0.32150458427445033,0.10014023150410044,-0.01574894169629967,0.5,-1.1233724298638024,10,0.026071743510328423,0.00530035335689046,0.2067137809187279,-13.134028456249242,1056,95.94699646643109,20.671378091872793,2017-05-16,2026-09-01,0.2067137809187279,0.126,False,False,True,True,True,2,False,False
0.2,0.52,31,1,2264,0.10678896168350024,-0.12346101267906158,-0.13682460337646044,0.4,-2.9270871753330594,10,-0.009695653014320682,0.002208480565371025,0.20273851590106007,-14.84848032087798,2194,92.16254416961131,20.273851590106005,2017-05-16,2026-09-01,0.20273851590106007,-0.048,False,False,True,True,True,2,False,False
0.2,0.52,32,1,2264,-0.09673282194737931,-0.30462923944753717,-0.08121189874212881,0.4,-2.4673820237417425,10,-0.02650264450673658,0.009717314487632508,0.20053003533568906,-33.97906314109147,872,91.04946996466431,20.053003533568905,2017-05-16,2026-09-01,0.20053003533568906,-0.132,False,False,True,True,True,2,False,False
0.2,0.52,33,1,2264,-0.18292357406575283,-0.4042970349939168,-0.6557602749982392,0.4,-2.641981479825145,10,0.0194437121227036,-0.0066254416961130744,0.1956713780918728,-26.271150740068023,2263,88.82332155477032,19.56713780918728,2017-05-16,2026-09-01,0.1956713780918728,0.099,False,False,True,True,True,2,False,False
0.2,0.52,34,1,2264,0.469649803374514,0.24498157398254358,0.17027887069207479,0.5,-0.8272496201172449,10,-0.010056791027145457,-0.0030918727915194345,0.21068904593639576,-12.61298064427021,712,93.6095406360424,21.068904593639576,2017-05-16,2026-09-01,0.21068904593639576,-0.048,False,False,True,True,True,2,False,False
0.2,0.52,35,1,2264,-0.11442331759062982,-0.35493750689858655,-0.3875897500337563,0.4,-2.565067457366883,10,-0.03400754870662408,0.0035335689045936395,0.20318021201413428,-26.74693751640743,2031,93.6095406360424,20.318021201413426,2017-05-16,2026-09-01,0.20318021201413428,-0.167,False,False,True,False,True,1,False,False
0.2,0.52,36,1,2264,-0.29103918179661414,-0.496564794031812,-0.44617105758653236,0.4,-2.4221216526941722,10,0.030547239386135218,-0.00441696113074205,0.19169611307420495,-31.786038874252,2205,87.59893992932862,19.169611307420496,2017-05-16,2026-09-01,0.19169611307420495,0.159,False,False,True,False,True,1,False,False
0.2,0.52,37,1,2264,0.025492355808178074,-0.19815148158614157,-0.36246698408664585,0.4,-2.0238011694630678,10,-0.04448218312502706,-0.007067137809187279,0.20759717314487633,-26.42231323448633,1916,94.5,20.759717314487634,2017-05-16,2026-09-01,0.20759717314487633,-0.214,False,False,True,False,True,1,False,False
0.2,0.52,38,1,2264,0.40116992037024557,0.20719395820045386,0.12081029513047144,0.7,-1.6639860770510655,10,0.04061115370500033,0.008392226148409895,0.20008833922261485,-13.188981776283299,1726,89.49116607773853,20.008833922261484,2017-05-16,2026-09-01,0.20008833922261485,0.203,False,True,True,False,True,2,False,False
0.2,0.52,39,1,2264,0.3299255517149672,0.1317857909009965,-0.15766232222173393,0.4,-2.178677248989939,10,0.007352106383715273,-0.0066254416961130744,0.19390459363957596,-23.95529476935849,2203,87.59893992932862,19.390459363957596,2017-05-16,2026-09-01,0.19390459363957596,0.038,False,False,True,True,True,2,False,False
0.2,0.52,40,1,2264,-0.05045388993587211,-0.3006015561979576,-0.7313197219601132,0.2,-1.228727171312353,10,0.009072530083147375,-0.0035335689045936395,0.2049469964664311,-20.72629161749155,2035,92.71908127208481,20.49469964664311,2017-05-16,2026-09-01,0.2049469964664311,0.044,False,False,True,True,True,2,False,False
0.2,0.52,41,1,2264,0.0023270641434924807,-0.20930546886696308,-0.4121266664505248,0.4,-2.1611200065327965,10,0.047210730541963314,0.0008833922261484099,0.19964664310954064,-24.36426266564834,1557,89.60247349823321,19.964664310954063,2017-05-16,2026-09-01,0.19964664310954064,0.236,False,False,True,False,True,1,False,False
0.2,0.52,42,1,2264,0.7359017545222645,0.48326935149695144,0.2617606420535727,0.5,-1.0524273746888908,10,0.005216063785025191,0.001325088339222615,0.2053886925795053,-10.026583088774004,522,93.2756183745583,20.53886925795053,2017-05-16,2026-09-01,0.2053886925795053,0.025,False,False,True,True,True,2,False,False
0.2,0.52,43,1,2264,0.3889255088477962,0.18173947084771674,0.18549245297282732,0.6,-1.692093949438518,10,0.03707247277592926,0.009717314487632508,0.19964664310954064,-10.738666280250317,999,91.04946996466431,19.964664310954063,2017-05-16,2026-09-01,0.19964664310954064,0.186,False,False,True,False,True,1,False,False
0.2,0.52,44,1,2264,0.24218642637480925,0.040311231125086874,0.16497394110084906,0.5,-0.8568318622102243,10,-0.023773178495864022,0.01987632508833922,0.20273851590106007,-17.405176543203655,907,92.16254416961131,20.273851590106005,2017-05-16,2026-09-01,0.20273851590106007,-0.117,False,False,True,True,True,2,False,False
0.2,0.52,45,1,2264,-0.1725984635432649,-0.36810837908529476,-0.6399759451946091,0.1,-1.891758263361898,10,0.05922438348184674,-0.005742049469964664,0.20803886925795054,-28.10720869434705,1907,93.9434628975265,20.803886925795055,2017-05-16,2026-09-01,0.20803886925795054,0.285,False,False,True,False,True,1,False,False
0.2,0.52,46,1,2264,-0.4168932317759841,-0.6529015046558471,-0.6167172570443908,0.2,-1.8394554466703898,10,0.0001733526089681852,-0.00530035335689046,0.20848056537102475,-34.4388897321928,2064,95.3904593639576,20.848056537102476,2017-05-16,2026-09-01,0.20848056537102475,0.001,False,False,True,True,True,2,False,False
0.2,0.52,47,1,2264,0.3519231311864066,0.12923863027138047,0.06108759427264415,0.5,-2.403675495395689,10,-0.011252159726373832,0.0,0.19876325088339222,-21.025286595381164,1567,93.49823321554771,19.87632508833922,2017-05-16,2026-09-01,0.19876325088339222,-0.057,False,False,True,True,True,2,False,False
0.2,0.52,48,1,2264,0.6006470503284828,0.3945072515636674,0.168564621532764,0.5,-1.2776008574410522,10,0.06646344610301216,0.001325088339222615,0.20715547703180212,-17.13976697216088,899,92.8303886925795,20.715547703180214,2017-05-16,2026-09-01,0.20715547703180212,0.321,False,False,True,False,True,1,False,False
0.2,0.52,49,1,2264,0.22150199087371789,0.023157365884236912,-0.09630310616821178,0.3,-1.514891217290415,10,0.01285577755098234,-0.014134275618374558,0.18109540636042404,-13.501618553700713,1522,81.58833922261485,18.109540636042404,2017-05-16,2026-09-01,0.18109540636042404,0.071,False,False,True,True,True,2,False,False
0.2,0.52,50,1,2264,0.5710278273536141,0.3507409264970384,0.10286250252680745,0.5,-2.0141213653415253,10,0.019008169675213564,0.007950530035335688,0.19522968197879859,-14.743183625539801,1316,88.37809187279152,19.52296819787986,2017-05-16,2026-09-01,0.19522968197879859,0.097,False,False,True,True,True,2,False,False
0.2,0.52,51,1,2264,0.24414912885181556,0.014244972719229363,0.1339527440269341,0.6,-1.7226537289650423,10,-0.006612588631177056,-0.009717314487632508,0.19522968197879859,-13.69221128457481,1429,89.26855123674912,19.52296819787986,2017-05-16,2026-09-01,0.19522968197879859,-0.034,False,False,True,True,True,2,False,False
0.2,0.52,52,1,2264,0.5795880875978398,0.35647045910913255,0.15206393555981323,0.5,-1.5806011878093709,10,-0.038814825721308656,0.007067137809187279,0.1978798586572438,-17.40061528362834,1748,89.26855123674912,19.78798586572438,2017-05-16,2026-09-01,0.1978798586572438,-0.196,False,False,True,False,True,1,False,False
0.2,0.52,53,1,2264,0.04449632383908731,-0.199333040449805,-0.07202901846992124,0.4,-1.9663429827173793,10,0.036003986991145494,-0.004858657243816254,0.20097173144876326,-27.63986195969283,2051,90.15901060070671,20.097173144876326,2017-05-16,2026-09-01,0.20097173144876326,0.179,False,False,True,False,True,1,False,False
0.2,0.52,54,1,2264,0.44773950305801424,0.24952894913451185,0.18420906228813902,0.6,-1.801233625395926,10,0.039802709731354,0.007508833922261484,0.20980565371024734,-16.432381206406003,856,94.0547703180212,20.980565371024735,2017-05-16,2026-09-01,0.20980565371024734,0.19,False,False,True,False,True,1,False,False
0.2,0.52,55,1,2264,0.35662920790706665,0.1245855404635229,0.046143378766000796,0.6,-2.268914046480322,10,-0.028098439091157768,0.0008833922261484099,0.21201413427561838,-19.061296683248642,667,95.94699646643109,21.20141342756184,2017-05-16,2026-09-01,0.21201413427561838,-0.133,False,False,True,True,True,2,False,False
0.2,0.52,56,1,2264,0.06233992708385442,-0.1374368095438714,-0.1972375291795881,0.6,-2.4964101890749375,10,0.00405362939846214,0.01060070671378092,0.19522968197879859,-17.137954148362866,1295,87.37632508833923,19.52296819787986,2017-05-16,2026-09-01,0.19522968197879859,0.021,False,False,True,True,True,2,False,False
0.2,0.52,57,1,2264,0.27676709769585284,0.05541479388438292,-0.14481515834739161,0.7,-3.596966585502565,10,0.044128331254282414,-0.002208480565371025,0.2062720848056537,-19.419423373710533,1926,92.60777385159011,20.627208480565372,2017-05-16,2026-09-01,0.2062720848056537,0.214,False,True,True,False,True,2,False,False
0.2,0.52,58,1,2264,-0.004891806191376716,-0.2585407073765171,-0.2682996134325031,0.4,-1.6105802843800048,10,0.0004748206493101314,0.01678445229681979,0.2058303886925795,-20.59172902469774,1298,93.7208480565371,20.58303886925795,2017-05-16,2026-09-01,0.2058303886925795,0.002,False,False,True,True,True,2,False,False
0.2,0.52,59,1,2264,0.42914618774016583,0.21712187926162246,0.07234103529498016,0.5,-1.4281580379498893,10,0.040087943421472996,0.009717314487632508,0.1978798586572438,-17.627821346037013,1364,90.93816254416961,19.78798586572438,2017-05-16,2026-09-01,0.1978798586572438,0.203,False,False,True,False,True,1,False,False
0.2,0.55,0,1,2264,0.768311968470559,0.5774252667030799,0.45143019978463905,0.7,-1.6769966806282866,10,0.061349279288228975,0.00265017667844523,0.20141342756183744,-9.23328118406936,518,90.82685512367492,20.141342756183743,2017-05-16,2026-09-01,0.20141342756183744,0.305,False,True,True,False,True,2,False,False
0.2,0.55,1,1,2264,0.29753909027973396,0.08209613623110018,0.04363189628828772,0.6,-1.9614890915095395,10,-0.026250133171067728,0.003975265017667844,0.2124558303886926,-20.669817080796836,1194,95.94699646643109,21.24558303886926,2017-05-16,2026-09-01,0.2124558303886926,-0.124,False,False,True,True,True,2,False,False
0.2,0.55,2,1,2264,0.23479813234053493,0.053296197255520726,-0.07262037975250343,0.6,-1.9585519486825673,10,0.0737888059823834,-0.0017667844522968198,0.19876325088339222,-17.901751855269616,672,89.7137809187279,19.87632508833922,2017-05-16,2026-09-01,0.19876325088339222,0.371,False,False,True,False,True,1,False,False
0.2,0.55,3,1,2264,0.5606688908621307,0.3770384048527759,0.2736778233990983,0.5,-1.1334193000693407,10,0.10232118098950817,-0.003975265017667844,0.20715547703180212,-13.23984327602191,1045,92.0512367491166,20.715547703180214,2017-05-16,2026-09-01,0.20715547703180212,0.494,False,False,True,False,True,1,False,False
0.2,0.55,4,1,2264,1.1083183959827627,0.8713100218202082,0.7061035029724798,0.7,-0.398203529721757,10,0.010154722872596582,-0.011042402826855124,0.20097173144876326,-6.371689452106932,316,91.49469964664311,20.097173144876326,2017-05-16,2026-09-01,0.20097173144876326,0.051,True,True,True,True,True,4,True,True
0.2,0.55,5,1,2264,0.2878589830053556,0.07510768183502815,0.18899922079112835,0.6,-1.7641145290764912,10,-0.01700294730689626,-0.007067137809187279,0.20318021201413428,-14.053414592642127,391,91.9399293286219,20.318021201413426,2017-05-16,2026-09-01,0.20318021201413428,-0.084,False,False,True,True,True,2,False,False
0.2,0.55,6,1,2264,0.872653997779341,0.6776989311710337,1.489035603650106,1.0,0.16023048839431203,10,0.014036615599768782,0.01060070671378092,0.19699646643109542,-9.401841578456144,476,88.71201413427562,19.699646643109542,2017-05-16,2026-09-01,0.19699646643109542,0.071,True,True,True,True,True,4,True,True
0.2,0.55,7,1,2264,1.092451892803126,0.8764843694003278,0.6770173657289033,0.9,-1.6936239457748863,10,-0.025984679164726604,-0.013250883392226149,0.20141342756183744,-5.974726722758389,334,91.9399293286219,20.141342756183743,2017-05-16,2026-09-01,0.20141342756183744,-0.129,True,True,True,True,True,4,True,True
0.2,0.55,8,1,2264,0.23125883371825745,0.007868791119919987,-0.18424683375532314,0.3,-1.8397793155111253,10,-0.054495520307805426,-0.0017667844522968198,0.2049469964664311,-22.87966232171067,2070,94.2773851590106,20.49469964664311,2017-05-16,2026-09-01,0.2049469964664311,-0.266,False,False,True,False,True,1,False,False
0.2,0.55,9,1,2264,0.8265420274528643,0.6015351359257178,1.0641264468684644,0.9,-0.004305373346415575,10,-0.007779382985144519,0.004858657243816254,0.1956713780918728,-9.943047336688018,913,88.15547703180212,19.56713780918728,2017-05-16,2026-09-01,0.1956713780918728,-0.04,True,True,True,True,True,4,True,True
0.2,0.55,10,1,2264,-0.06720403229853945,-0.2808822784795457,-0.5381105583025806,0.2,-1.010262120940837,10,-0.010278072370777701,-0.006183745583038869,0.2040636042402827,-21.257057957157215,1026,90.49293286219081,20.406360424028268,2017-05-16,2026-09-01,0.2040636042402827,-0.05,False,False,True,True,True,2,False,False
0.2,0.55,11,1,2264,1.0421541602184443,0.8522203368519676,1.1920756569695732,0.8,-0.18834829220932753,10,0.05986217105349611,0.0017667844522968198,0.20141342756183744,-6.433775706950379,314,92.9416961130742,20.141342756183743,2017-05-16,2026-09-01,0.20141342756183744,0.297,True,True,True,False,True,3,False,True
0.2,0.55,12,1,2264,1.1449747139719948,0.9292632247167893,0.6206815819099191,0.8,-1.6530532180014084,10,0.03140031894609537,-0.00044169611307420494,0.19920494699646643,-10.09215296418204,537,92.16254416961131,19.920494699646643,2017-05-16,2026-09-01,0.19920494699646643,0.158,True,True,True,False,True,3,False,True
0.2,0.55,13,1,2264,0.47260596961255924,0.2962611683296252,-0.01542280211975582,0.7,-3.468493276016716,10,-0.018640583996843704,0.0,0.18462897526501768,-12.721383633464534,600,83.92579505300353,18.462897526501767,2017-05-16,2026-09-01,0.18462897526501768,-0.101,False,True,True,True,True,3,False,False
0.2,0.55,14,1,2264,1.203366246702898,0.9648788192438081,1.1421222740488268,0.8,-0.08426602067446046,10,-0.029329435951614333,-0.0008833922261484099,0.2058303886925795,-7.747628294544617,232,91.04946996466431,20.58303886925795,2017-05-16,2026-09-01,0.2058303886925795,-0.142,True,True,True,True,True,4,True,True
0.2,0.55,15,1,2264,0.6548088018524134,0.4681868497558989,0.5650704808818219,0.8,-0.6065883031547283,10,-0.00665790937159564,-0.007508833922261484,0.1965547703180212,-10.800714508886045,458,89.04593639575972,19.65547703180212,2017-05-16,2026-09-01,0.1965547703180212,-0.034,False,True,True,True,True,3,False,False
0.2,0.55,16,1,2264,0.5488737325381959,0.3349613740899821,0.2714579710078442,0.6,-1.2089542960527484,10,-0.026522622688248922,-0.001325088339222615,0.2053886925795053,-14.241711342700606,562,90.49293286219081,20.53886925795053,2017-05-16,2026-09-01,0.2053886925795053,-0.129,False,False,True,True,True,2,False,False
0.2,0.55,17,1,2264,0.4265151030846462,0.22224925542375096,0.23137453169984387,0.7,-2.0801908981543016,10,0.015311612290970493,0.008392226148409895,0.19390459363957596,-19.22823532995351,1440,89.15724381625442,19.390459363957596,2017-05-16,2026-09-01,0.19390459363957596,0.079,False,True,True,True,True,3,False,False
0.2,0.55,18,1,2264,0.5666754916535028,0.3559020257305199,0.18450328071955444,0.4,-1.3375458537855658,10,-0.047783719460848376,0.01678445229681979,0.20318021201413428,-9.032836977650973,1082,92.71908127208481,20.318021201413426,2017-05-16,2026-09-01,0.20318021201413428,-0.235,False,False,True,False,True,1,False,False
0.2,0.55,19,1,2264,0.490184418572136,0.25533908273737715,0.29277733195900013,0.5,-1.1032499555540993,10,-0.028797502565049933,-0.007067137809187279,0.2049469964664311,-17.870111366749892,1831,94.0547703180212,20.49469964664311,2017-05-16,2026-09-01,0.2049469964664311,-0.141,False,False,True,True,True,2,False,False
0.2,0.55,20,1,2264,0.2625710166884658,0.07154432860118967,-0.06518172203669342,0.4,-2.6174058263905002,10,-0.030360024366926412,0.00044169611307420494,0.2062720848056537,-22.994479646886916,1162,93.05300353356891,20.627208480565372,2017-05-16,2026-09-01,0.2062720848056537,-0.147,False,False,True,True,True,2,False,False
0.2,0.55,21,1,2264,0.7264699074242769,0.4865489019418949,0.4136291578361326,0.7,-1.8364458998221826,10,0.014035151097379465,0.009275618374558304,0.20980565371024734,-8.619004525665861,681,91.9399293286219,20.980565371024735,2017-05-16,2026-09-01,0.20980565371024734,0.067,False,True,True,True,True,3,False,False
0.2,0.55,22,1,2264,0.6008380074979103,0.4176717763563978,0.22036003443448732,0.5,-1.07752259843677,10,-0.07806324272645775,0.018992932862190812,0.19920494699646643,-13.506343089049908,835,89.15724381625442,19.920494699646643,2017-05-16,2026-09-01,0.19920494699646643,-0.392,False,False,True,False,True,1,False,False
0.2,0.55,23,1,2264,0.9025839186645703,0.6607164638727917,0.4561821744890703,0.7,-0.9945885874593938,10,-0.008232451307472077,0.00441696113074205,0.19699646643109542,-9.03554882921914,737,89.15724381625442,19.699646643109542,2017-05-16,2026-09-01,0.19699646643109542,-0.042,False,True,True,True,True,3,False,False
0.2,0.55,24,1,2264,0.17777139990312943,-0.01880031997185657,0.043123678456221774,0.6,-1.3496645161347598,10,0.007799509159942291,0.012809187279151944,0.20362190812720848,-27.114061975529463,726,93.16431095406361,20.362190812720847,2017-05-16,2026-09-01,0.20362190812720848,0.038,False,False,True,True,True,2,False,False
0.2,0.55,25,1,2264,0.30999436134745734,0.0718973075743836,-0.10005794215208326,0.4,-1.8076242264868838,10,-0.007678677855357008,0.013692579505300354,0.2053886925795053,-10.823406879681485,693,92.16254416961131,20.53886925795053,2017-05-16,2026-09-01,0.2053886925795053,-0.037,False,False,True,True,True,2,False,False
0.2,0.55,26,1,2264,0.8017652465275881,0.6104697245008285,0.5218987576116043,0.7,-1.2577240605434157,10,-0.03289447188313099,0.014575971731448763,0.21068904593639576,-10.422855067701525,738,95.2791519434629,21.068904593639576,2017-05-16,2026-09-01,0.21068904593639576,-0.156,False,True,True,False,True,2,False,False
0.2,0.55,27,1,2264,0.13215549309677196,-0.1162607800157042,-0.27778191944211444,0.5,-1.8873562896820744,10,0.010750345667121753,0.0035335689045936395,0.2040636042402827,-23.578515872108053,1913,91.8286219081272,20.406360424028268,2017-05-16,2026-09-01,0.2040636042402827,0.053,False,False,True,True,True,2,False,False
0.2,0.55,28,1,2264,1.1565745464324124,0.9266537823236902,0.7843091865353482,0.7,-0.7179718697878699,10,0.03793546349028455,0.022526501766784453,0.1974381625441696,-10.54195223434317,454,90.93816254416961,19.74381625441696,2017-05-16,2026-09-01,0.1974381625441696,0.192,True,True,True,False,True,3,False,True
0.2,0.55,29,1,2264,-0.2491756107968443,-0.4758874923942941,-0.6428617528685128,0.2,-1.6848220834750878,10,0.038301980285292817,0.0008833922261484099,0.20053003533568906,-24.463257476182292,1899,91.16077738515901,20.053003533568905,2017-05-16,2026-09-01,0.20053003533568906,0.191,False,False,True,False,True,1,False,False
0.2,0.55,30,1,2264,0.6522399365341153,0.424346654001657,0.6415507799423346,0.8,-0.7417657031725098,10,-0.018167646527201525,0.003975265017667844,0.2045053003533569,-8.359741105913928,637,91.16077738515901,20.45053003533569,2017-05-16,2026-09-01,0.2045053003533569,-0.089,True,True,True,True,True,4,True,True
0.2,0.55,31,1,2264,0.36410364826032904,0.16503480395961154,0.08762832778205766,0.7,-1.3351153110623968,10,0.04607817027207219,0.0035335689045936395,0.19257950530035337,-14.779070373078188,344,87.04240282685512,19.257950530035338,2017-05-16,2026-09-01,0.19257950530035337,0.239,False,True,True,False,True,2,False,False
0.2,0.55,32,1,2264,-0.11814462563852625,-0.3523095083559242,-0.3739242673909975,0.5,-3.0915419941877103,10,0.008732746689297688,0.0088339222614841,0.19876325088339222,-38.024062391607586,2234,93.2756183745583,19.87632508833922,2017-05-16,2026-09-01,0.19876325088339222,0.044,False,False,True,True,True,2,False,False
0.2,0.55,33,1,2264,1.0157524092528305,0.7987639968072673,0.9929003759715815,0.9,-0.5766849214942605,10,0.0491531046953144,0.006183745583038869,0.19346289752650175,-7.268207501411711,297,88.37809187279152,19.346289752650176,2017-05-16,2026-09-01,0.19346289752650175,0.254,True,True,True,False,True,3,False,True
0.2,0.55,34,1,2264,0.5938963945316685,0.38477585058049957,0.18924848742527126,0.6,-2.4113086547872675,10,-0.008596630005978552,0.00044169611307420494,0.1956713780918728,-14.204059772340925,894,87.82155477031802,19.56713780918728,2017-05-16,2026-09-01,0.1956713780918728,-0.044,False,False,True,True,True,2,False,False
0.2,0.55,35,1,2264,-0.7036724538108097,-0.9061750467970491,-0.5951358306443711,0.3,-1.9951269228698265,10,-0.052562383775193955,0.02120141342756184,0.196113074204947,-53.658947618926724,2127,88.26678445229682,19.6113074204947,2017-05-16,2026-09-01,0.196113074204947,-0.268,False,False,True,False,True,1,False,False
0.2,0.55,36,1,2264,0.39307051295493706,0.20931440857241854,0.19147103758247525,0.5,-1.5692282727524824,10,-0.08157972140077718,0.012367491166077738,0.196113074204947,-21.145407774733798,921,90.04770318021201,19.6113074204947,2017-05-16,2026-09-01,0.196113074204947,-0.416,False,False,True,False,True,1,False,False
0.2,0.55,37,1,2264,0.4975269621291328,0.24377811897993923,0.2478922789637672,0.5,-1.5146028112374834,10,-0.03398990619727274,-0.0017667844522968198,0.2058303886925795,-22.467131905431785,967,93.7208480565371,20.58303886925795,2017-05-16,2026-09-01,0.2058303886925795,-0.165,False,False,True,False,True,1,False,False
0.2,0.55,38,1,2264,0.20788084259891523,-0.010729038336069979,-0.0302070098061101,0.4,-1.0939821694691894,10,-0.004729442486001432,0.0088339222614841,0.19169611307420495,-17.05643454089926,1102,86.26325088339222,19.169611307420496,2017-05-16,2026-09-01,0.19169611307420495,-0.025,False,False,True,True,True,2,False,False
0.2,0.55,39,1,2264,0.24667990786868693,2.0456701423753446e-05,0.12230500017236025,0.6,-1.4553369158573666,10,-0.005443749733409261,0.016342756183745585,0.1894876325088339,-12.833842072815028,1604,86.48586572438163,18.948763250883392,2017-05-16,2026-09-01,0.1894876325088339,-0.029,False,False,True,True,True,2,False,False
0.2,0.55,40,1,2264,0.6330319450304832,0.40190533292962355,0.3221425195972645,0.7,-1.7809555244568793,10,0.0443778960730299,0.006183745583038869,0.19876325088339222,-10.799356616619193,621,90.04770318021201,19.87632508833922,2017-05-16,2026-09-01,0.19876325088339222,0.223,False,True,True,False,True,2,False,False
0.2,0.55,41,1,2264,0.7404625915457871,0.5532340425206762,0.8391752759863443,0.8,-1.2361517640721016,10,0.016215995639626894,0.007067137809187279,0.2058303886925795,-21.842257639226993,331,92.0512367491166,20.58303886925795,2017-05-16,2026-09-01,0.2058303886925795,0.079,True,True,True,True,True,4,True,True
0.2,0.55,42,1,2264,0.9727593789536689,0.7394388274768486,0.8413364985738873,0.9,-1.1295568242725664,10,0.015111325870756273,0.009717314487632508,0.1978798586572438,-7.277166621512503,604,90.04770318021201,19.78798586572438,2017-05-16,2026-09-01,0.1978798586572438,0.076,True,True,True,True,True,4,True,True
0.2,0.55,43,1,2264,0.16747666513337453,-0.08637915939520405,-0.11389296989137654,0.4,-1.3907086078146838,10,-0.0087627401627213,0.015459363957597174,0.2045053003533569,-18.76788457756279,840,94.2773851590106,20.45053003533569,2017-05-16,2026-09-01,0.2045053003533569,-0.043,False,False,True,True,True,2,False,False
0.2,0.55,44,1,2264,0.2645516164724591,0.04109740786166081,-0.09127700914409664,0.4,-1.4542248794972623,10,-0.01467839721268954,-0.003975265017667844,0.20715547703180212,-14.058855946211605,1451,94.8339222614841,20.715547703180214,2017-05-16,2026-09-01,0.20715547703180212,-0.071,False,False,True,True,True,2,False,False
0.2,0.55,45,1,2264,0.26082113268269785,0.0387592612412055,0.04706431044593706,0.4,-1.2489568246181204,10,0.05232019420229437,-0.014575971731448763,0.20803886925795054,-11.09135193815246,1014,92.71908127208481,20.803886925795055,2017-05-16,2026-09-01,0.20803886925795054,0.251,False,False,True,False,True,1,False,False
0.2,0.55,46,1,2264,0.7215007058611849,0.5037038443908515,0.7085125753344934,0.7,-1.1073084015113395,10,-0.021717701784441112,0.00441696113074205,0.20141342756183744,-10.598106604106501,498,90.60424028268551,20.141342756183743,2017-05-16,2026-09-01,0.20141342756183744,-0.108,True,True,True,True,True,4,True,True
0.2,0.55,47,1,2264,0.19112337984402666,0.002225771761088311,-0.06535346083944873,0.4,-1.6159035072667614,10,-0.0777559626104419,-0.0008833922261484099,0.1978798586572438,-23.600692199437887,1833,90.82685512367492,19.78798586572438,2017-05-16,2026-09-01,0.1978798586572438,-0.393,False,False,True,False,True,1,False,False
0.2,0.55,48,1,2264,0.9854056142522061,0.7863323561891595,0.8288068179229214,0.8,-0.6442010084514878,10,0.0026080064805546884,0.00044169611307420494,0.19125441696113074,-10.779512922824958,385,86.37455830388693,19.125441696113075,2017-05-16,2026-09-01,0.19125441696113074,0.014,True,True,True,True,True,4,True,True
0.2,0.55,49,1,2264,0.6595983047021688,0.4376705106768797,0.38805799720042705,0.5,-1.0238671889406559,10,-0.019705820962963312,-0.0017667844522968198,0.196113074204947,-10.555203287019497,638,90.15901060070671,19.6113074204947,2017-05-16,2026-09-01,0.196113074204947,-0.1,False,False,True,True,True,2,False,False
0.2,0.55,50,1,2264,0.08090617239438169,-0.13983090304117335,-0.2288389308012798,0.3,-1.6875263249211814,10,-0.013760559555877417,0.014134275618374558,0.2049469964664311,-19.585247841373054,1093,93.386925795053,20.49469964664311,2017-05-16,2026-09-01,0.2049469964664311,-0.067,False,False,True,True,True,2,False,False
0.2,0.55,51,1,2264,0.14426097497153864,-0.06533805979326447,-0.04649348271186097,0.5,-1.740788898989866,10,0.02180410623074113,0.015459363957597174,0.19302120141342757,-19.964238573077374,813,87.59893992932862,19.30212014134276,2017-05-16,2026-09-01,0.19302120141342757,0.113,False,False,True,True,True,2,False,False
0.2,0.55,52,1,2264,0.6079951828959128,0.40510469958326334,0.3328185981718276,0.8,-1.8232876155637503,10,-0.02872095202055442,-0.00044169611307420494,0.20097173144876326,-9.861162039138286,557,91.7173144876325,20.097173144876326,2017-05-16,2026-09-01,0.20097173144876326,-0.143,False,True,True,True,True,3,False,False
0.2,0.55,53,1,2264,0.15210024659077928,-0.032571459447299854,0.03663900688861967,0.5,-1.4877657621179101,10,-0.048209285714640296,0.003975265017667844,0.19478798586572438,-21.051773534760866,960,90.49293286219081,19.478798586572438,2017-05-16,2026-09-01,0.19478798586572438,-0.247,False,False,True,False,True,1,False,False
0.2,0.55,54,1,2264,0.06824861039809237,-0.14460061116535092,-0.19160370359971068,0.3,-0.9495697457493802,10,0.05251376022814962,-0.007508833922261484,0.20362190812720848,-14.172586785925398,1612,89.93639575971731,20.362190812720847,2017-05-16,2026-09-01,0.20362190812720848,0.258,False,False,True,False,True,1,False,False
0.2,0.55,55,1,2264,0.5760378332840433,0.359673009826279,0.2301978445592079,0.6,-1.5181075249556666,10,0.014873490654154439,0.012809187279151944,0.20273851590106007,-14.295839914012804,1170,90.15901060070671,20.273851590106005,2017-05-16,2026-09-01,0.20273851590106007,0.073,False,False,True,True,True,2,False,False
0.2,0.55,56,1,2264,0.6003240164815425,0.3619995606198004,0.3995764770280727,0.7,-0.7477669074258684,10,-0.017687095911622507,0.002208480565371025,0.1894876325088339,-13.401955707806248,817,87.37632508833923,18.948763250883392,2017-05-16,2026-09-01,0.1894876325088339,-0.093,False,True,True,True,True,3,False,False
0.2,0.55,57,1,2264,-0.28869729247592085,-0.4971447961516855,-0.22392527284450991,0.4,-1.8062815483144257,10,-0.04849769903904241,-0.00265017667844523,0.20936395759717313,-32.981990152750654,1884,94.2773851590106,20.936395759717314,2017-05-16,2026-09-01,0.20936395759717313,-0.232,False,False,True,False,True,1,False,False
0.2,0.55,58,1,2264,0.1778429101444554,-0.06709232781117438,0.09378602077909315,0.5,-0.9077160127761361,10,-0.0010234602698931232,0.00044169611307420494,0.20715547703180212,-17.550107068478006,1049,95.50176678445229,20.715547703180214,2017-05-16,2026-09-01,0.20715547703180212,-0.005,False,False,True,True,True,2,False,False
0.2,0.55,59,1,2264,0.5624650318426044,0.37456239081909687,0.3190869076497781,0.7,-2.1518412570307666,10,-0.05825343257583318,-0.005742049469964664,0.20362190812720848,-11.626054252617008,613,92.8303886925795,20.362190812720847,2017-05-16,2026-09-01,0.20362190812720848,-0.286,False,True,True,False,True,2,False,False
0.2,0.6,0,1,2264,1.0297712042951686,0.8220817731544378,0.866130899940464,0.8,-0.27260823373210574,10,-0.014226022011595587,-0.012367491166077738,0.20141342756183744,-7.240407536090313,250,91.7173144876325,20.141342756183743,2017-05-16,2026-09-01,0.20141342756183744,-0.071,True,True,True,True,True,4,True,True
0.2,0.6,1,1,2264,1.2306276379685497,1.0323538998909443,1.0923897831333056,0.9,-0.642788098931367,10,0.07024343296493724,-0.00265017667844523,0.18639575971731448,-6.337052482397168,426,85.26148409893993,18.639575971731446,2017-05-16,2026-09-01,0.18639575971731448,0.377,True,True,True,False,True,3,False,True
0.2,0.6,2,1,2264,0.8553517916872502,0.6301414225686124,0.6417950242282547,0.9,-0.8617593982931291,10,-0.012366395273587358,0.02517667844522968,0.20273851590106007,-6.996053161655514,321,90.49293286219081,20.273851590106005,2017-05-16,2026-09-01,0.20273851590106007,-0.061,True,True,True,True,True,4,True,True
0.2,0.6,3,1,2264,0.7529574264570341,0.5708687759030303,0.6797453830555023,0.7,-0.9745415171350237,10,-0.07213944445061939,0.001325088339222615,0.18595406360424027,-11.844946308040761,391,86.70848056537102,18.59540636042403,2017-05-16,2026-09-01,0.18595406360424027,-0.388,True,True,True,False,True,3,False,True
0.2,0.6,4,1,2264,0.8405365452520908,0.609202965570711,0.3282068603406856,0.7,-1.5461190911152856,10,-0.00742733995655658,0.0,0.196113074204947,-11.26552532711794,629,90.93816254416961,19.6113074204947,2017-05-16,2026-09-01,0.196113074204947,-0.038,False,True,True,True,True,3,False,False
0.2,0.6,5,1,2264,0.8042970589118532,0.5817659439897336,0.2914801932332493,0.7,-2.683688702118173,10,-0.01152100199490839,0.0035335689045936395,0.19081272084805653,-12.44459976514737,1018,86.81978798586573,19.081272084805654,2017-05-16,2026-09-01,0.19081272084805653,-0.06,False,True,True,True,True,3,False,False
0.2,0.6,6,1,2264,0.9161969526813476,0.6954286107641159,0.720186110733365,0.8,-1.0472225975694254,10,0.006220879800147393,-0.0017667844522968198,0.20229681978798586,-9.792952281012878,366,92.273851590106,20.229681978798585,2017-05-16,2026-09-01,0.20229681978798586,0.031,True,True,True,True,True,4,True,True
0.2,0.6,7,1,2264,1.1961604721109529,0.9967397227125864,1.201941678777079,0.9,-0.23022477580124007,10,0.03984707751848668,-0.0008833922261484099,0.21643109540636044,-8.42765279533799,276,97.2826855123675,21.643109540636043,2017-05-16,2026-09-01,0.21643109540636044,0.184,True,True,True,False,True,3,False,True
0.2,0.6,8,1,2264,1.604096415544926,1.3877142861711722,1.4429147315325832,0.9,-0.2615349673325531,10,-0.007931032073920576,0.0,0.20848056537102475,-9.771905949873391,322,94.3886925795053,20.848056537102476,2017-05-16,2026-09-01,0.20848056537102475,-0.038,True,True,True,True,True,4,True,True
0.2,0.6,9,1,2264,0.42245011388264064,0.22712245688282975,0.01876521066261304,0.5,-1.8671936445788038,10,-0.020460435422704933,-0.002208480565371025,0.19390459363957596,-15.60317966308119,1848,87.59893992932862,19.390459363957596,2017-05-16,2026-09-01,0.19390459363957596,-0.106,False,False,True,True,True,2,False,False
0.2,0.6,10,1,2264,1.0689615349823351,0.8639799559132978,1.055992144944265,0.8,-0.8937828734350015,10,0.020634887697482104,0.009275618374558304,0.2053886925795053,-7.915451111557642,314,94.2773851590106,20.53886925795053,2017-05-16,2026-09-01,0.2053886925795053,0.1,True,True,True,True,True,4,True,True
0.2,0.6,11,1,2264,1.1742855723730339,0.9381363465448357,0.5726411061371304,0.8,-0.9263309670642116,10,-0.04480865444965839,-0.006183745583038869,0.1978798586572438,-8.634085855179134,305,89.26855123674912,19.78798586572438,2017-05-16,2026-09-01,0.1978798586572438,-0.226,False,True,True,False,True,2,False,False
0.2,0.6,12,1,2264,0.5478516713434143,0.31195061110974087,0.2633573953252098,0.8,-2.3673130838329053,10,0.00950356782141934,0.007508833922261484,0.20273851590106007,-14.31453379390848,893,90.15901060070671,20.273851590106005,2017-05-16,2026-09-01,0.20273851590106007,0.047,False,True,True,True,True,3,False,False
0.2,0.6,13,1,2264,0.8668347490402646,0.6708767359388217,0.8300610169925368,0.9,-0.6710899949115521,10,-0.0519314726124435,0.007067137809187279,0.19169611307420495,-9.140497339690663,590,89.37985865724382,19.169611307420496,2017-05-16,2026-09-01,0.19169611307420495,-0.271,True,True,True,False,True,3,False,True
0.2,0.6,14,1,2264,0.9608438207214868,0.7625526321643166,0.5900716388705309,0.7,-0.4264731542967612,10,0.04680969795119557,0.007508833922261484,0.21068904593639576,-11.655683897998697,687,93.83215547703179,21.068904593639576,2017-05-16,2026-09-01,0.21068904593639576,0.222,False,True,True,False,True,2,False,False
0.2,0.6,15,1,2264,0.4787508309341054,0.26773399501549733,0.09999906910174305,0.7,-3.1151778900767955,10,-0.00022951187313849424,0.01060070671378092,0.20229681978798586,-27.942015325218417,2070,90.15901060070671,20.229681978798585,2017-05-16,2026-09-01,0.20229681978798586,-0.001,False,True,True,True,True,3,False,False
0.2,0.6,16,1,2264,1.0901668956084538,0.8657757820876549,0.3169362327738451,0.4,-1.5740494630516757,10,-0.029418540299110275,0.02075971731448763,0.19920494699646643,-12.878115621786948,590,89.93639575971731,19.920494699646643,2017-05-16,2026-09-01,0.19920494699646643,-0.148,False,False,True,True,True,2,False,False
0.2,0.6,17,1,2264,0.582623833829294,0.3649252873935533,0.09546803685022028,0.5,-1.596080421535482,10,0.05570309020697011,0.022084805653710248,0.19699646643109542,-16.64727847604724,1151,89.15724381625442,19.699646643109542,2017-05-16,2026-09-01,0.19699646643109542,0.283,False,False,True,False,True,1,False,False
0.2,0.6,18,1,2264,1.2319444790684848,1.0175153883905728,0.8421230585383251,0.7,-0.5924121973717935,10,0.06118957340578926,0.0030918727915194345,0.19390459363957596,-6.27566412786264,496,88.37809187279152,19.390459363957596,2017-05-16,2026-09-01,0.19390459363957596,0.316,True,True,True,False,True,3,False,True
0.2,0.6,19,1,2264,1.1003356982061585,0.9030811934161599,0.7845289150207786,0.9,-0.6138329879175246,10,-0.07754498274303838,0.0066254416961130744,0.20008833922261485,-10.171354907434177,335,90.15901060070671,20.008833922261484,2017-05-16,2026-09-01,0.20008833922261485,-0.388,True,True,True,False,True,3,False,True
0.2,0.6,20,1,2264,1.2709168403156845,1.0455333284575763,1.360005717861059,0.9,-0.21798157064644852,10,0.0472702396531068,0.014575971731448763,0.20715547703180212,-5.76725039491196,223,93.2756183745583,20.715547703180214,2017-05-16,2026-09-01,0.20715547703180212,0.228,True,True,True,False,True,3,False,True
0.2,0.6,21,1,2264,1.5112122917771484,1.2869630458141446,0.8986441586284958,0.8,-0.9942263673223143,10,-0.0504982576690217,0.00441696113074205,0.20229681978798586,-5.483827272953018,205,91.7173144876325,20.229681978798585,2017-05-16,2026-09-01,0.20229681978798586,-0.25,True,True,True,False,True,3,False,True
0.2,0.6,22,1,2264,0.8202539055838823,0.6141245513024485,0.532673511176261,0.7,-0.7592091632694431,10,0.0397976242388238,0.011925795053003533,0.19920494699646643,-6.971859375931383,490,89.8250883392226,19.920494699646643,2017-05-16,2026-09-01,0.19920494699646643,0.2,False,True,True,False,True,2,False,False
0.2,0.6,23,1,2264,1.0178205635238362,0.7938300692344123,0.637283009970693,0.8,-1.0411265523696847,10,0.03692202677679007,-0.00044169611307420494,0.20892226148409895,-9.805476372821136,494,96.28091872791519,20.892226148409897,2017-05-16,2026-09-01,0.20892226148409895,0.177,True,True,True,False,True,3,False,True
0.2,0.6,24,1,2264,0.6839472182099122,0.4948704904143425,0.5965957291624928,0.8,-0.8472495943826449,10,0.12189656192852734,0.01060070671378092,0.19346289752650175,-11.16648740498457,930,89.60247349823321,19.346289752650176,2017-05-16,2026-09-01,0.19346289752650175,0.63,False,True,True,False,True,2,False,False
0.2,0.6,25,1,2264,0.7871147229809026,0.5951923140235225,0.9168350322725852,0.8,-0.5933835498393772,10,0.054785866146627234,-0.0030918727915194345,0.20362190812720848,-8.331959071389521,381,93.6095406360424,20.362190812720847,2017-05-16,2026-09-01,0.20362190812720848,0.269,True,True,True,False,True,3,False,True
0.2,0.6,26,1,2264,1.0041699099349026,0.765081975884348,0.9817954563953223,0.8,-0.3739537588664643,10,0.020982156968674438,0.026501766784452298,0.21024734982332155,-10.512772271617838,319,96.83745583038869,21.024734982332156,2017-05-16,2026-09-01,0.21024734982332155,0.1,True,True,True,True,True,4,True,True
0.2,0.6,27,1,2264,1.0864797870003957,0.8825390033583941,0.9195385494251469,0.8,-0.9862175097989292,10,-0.034233024032086064,0.020318021201413426,0.1978798586572438,-10.139295306962826,312,91.38339222614842,19.78798586572438,2017-05-16,2026-09-01,0.1978798586572438,-0.173,True,True,True,False,True,3,False,True
0.2,0.6,28,1,2264,1.2482275160901068,1.0417804183355912,1.4212545712827234,0.9,-0.48722412540136806,10,-0.03670533444300448,0.015459363957597174,0.2045053003533569,-7.243782818049471,225,90.15901060070671,20.45053003533569,2017-05-16,2026-09-01,0.2045053003533569,-0.179,True,True,True,False,True,3,False,True
0.2,0.6,29,1,2264,0.5452816726683236,0.36202663427137755,0.3792302734887201,0.6,-1.612134668935667,10,0.1133050660504334,0.02120141342756184,0.2058303886925795,-22.29555238430455,847,91.7173144876325,20.58303886925795,2017-05-16,2026-09-01,0.2058303886925795,0.55,False,False,True,False,True,1,False,False
0.2,0.6,30,1,2264,1.18694769210289,0.9820500049263994,0.6311793567144317,0.7,-1.4655086475747052,10,0.03602178626661545,0.011042402826855124,0.20097173144876326,-7.249468686201915,403,91.8286219081272,20.097173144876326,2017-05-16,2026-09-01,0.20097173144876326,0.179,True,True,True,False,True,3,False,True
0.2,0.6,31,1,2264,0.9004447167565784,0.6520400755786705,0.7551594157942028,0.8,-0.8709651963591313,10,-0.003056852589217634,0.015017667844522967,0.20141342756183744,-5.51933240249653,207,91.04946996466431,20.141342756183743,2017-05-16,2026-09-01,0.20141342756183744,-0.015,True,True,True,True,True,4,True,True
0.2,0.6,32,1,2264,0.6606719867041773,0.45003150951852544,0.6520277195071855,0.7,-1.2425244720000879,10,-0.03203188836228272,0.015017667844522967,0.19964664310954064,-16.137583181622535,781,90.2703180212014,19.964664310954063,2017-05-16,2026-09-01,0.19964664310954064,-0.16,True,True,True,False,True,3,False,True
0.2,0.6,33,1,2264,0.8913300308785622,0.6687610457574308,0.39420888997110387,0.6,-1.2159606424213238,10,0.01674338848816982,0.00441696113074205,0.20848056537102475,-9.790192017709764,866,93.2756183745583,20.848056537102476,2017-05-16,2026-09-01,0.20848056537102475,0.08,False,False,True,True,True,2,False,False
0.2,0.6,34,1,2264,0.5685052182368255,0.34774445990066055,0.035391624785596126,0.5,-1.5539124075708441,10,0.04743263850621359,0.03356890459363958,0.20848056537102475,-13.711243899808812,1200,93.386925795053,20.848056537102476,2017-05-16,2026-09-01,0.20848056537102475,0.228,False,False,True,False,True,1,False,False
0.2,0.6,35,1,2264,1.1528793566438764,0.9148056748866461,0.98052837656476,0.8,-0.44769964834317283,10,0.00026905600037771576,0.009717314487632508,0.20053003533568906,-6.585102852252018,340,91.8286219081272,20.053003533568905,2017-05-16,2026-09-01,0.20053003533568906,0.001,True,True,True,True,True,4,True,True
0.2,0.6,36,1,2264,0.9298825857126,0.734540112103485,1.0872206681320034,0.9,-0.6667539886935205,10,-0.07216298345875334,-0.00044169611307420494,0.20892226148409895,-12.826409014947886,321,94.2773851590106,20.892226148409897,2017-05-16,2026-09-01,0.20892226148409895,-0.345,True,True,True,False,True,3,False,True
0.2,0.6,37,1,2264,0.8722538751523303,0.6404639723515876,0.7081613404998165,0.7,-1.0738237022097985,10,0.0011666856810190315,0.016342756183745585,0.20097173144876326,-9.409706559887754,811,89.60247349823321,20.097173144876326,2017-05-16,2026-09-01,0.20097173144876326,0.006,True,True,True,True,True,4,True,True
0.2,0.6,38,1,2264,0.5869875077611227,0.398787113624019,0.554371489610227,0.7,-1.268566641373208,10,-0.12475207036973085,0.008392226148409895,0.19832155477031801,-18.250702524942692,680,89.15724381625442,19.8321554770318,2017-05-16,2026-09-01,0.19832155477031801,-0.629,False,True,True,False,True,2,False,False
0.2,0.6,39,1,2264,0.9063642076440502,0.6943027496091627,0.4754642569511871,0.8,-1.4854176163072135,10,0.04472273340753699,0.0088339222614841,0.20759717314487633,-11.924684472670526,720,92.273851590106,20.759717314487634,2017-05-16,2026-09-01,0.20759717314487633,0.215,False,True,True,False,True,2,False,False
0.2,0.6,40,1,2264,0.07712489618631894,-0.1442886066379722,-0.05139845817442872,0.5,-1.558591364534489,10,-0.04444174879136367,-0.0030918727915194345,0.19390459363957596,-18.409616745802474,1417,86.48586572438163,19.390459363957596,2017-05-16,2026-09-01,0.19390459363957596,-0.229,False,False,True,False,True,1,False,False
0.2,0.6,41,1,2264,0.6313489581857408,0.4268005545091199,0.6768404677455943,0.6,-0.19563243906208322,10,-0.054888090155077535,0.011484098939929329,0.196113074204947,-13.089041469295676,367,87.59893992932862,19.6113074204947,2017-05-16,2026-09-01,0.196113074204947,-0.28,True,False,True,False,True,2,False,False
0.2,0.6,42,1,2264,1.306755492571301,1.0943594194030097,0.5957912715005174,0.6,-1.594564050735862,10,-0.05395295478861824,-0.007950530035335688,0.21024734982332155,-5.9331915806810684,666,96.28091872791519,21.024734982332156,2017-05-16,2026-09-01,0.21024734982332155,-0.257,False,False,True,False,True,1,False,False
0.2,0.6,43,1,2264,0.9030695593205306,0.6709669667048586,1.0228298477278035,0.8,-0.355463629822575,10,-0.020381761687800166,0.008392226148409895,0.19037102473498232,-10.742752337698114,312,86.04063604240282,19.037102473498233,2017-05-16,2026-09-01,0.19037102473498232,-0.107,True,True,True,True,True,4,True,True
0.2,0.6,44,1,2264,1.0761252354679922,0.8364420888007232,0.868993702318426,0.7,-0.3698294985932281,10,-0.032766400997291056,0.0030918727915194345,0.20273851590106007,-9.480374685286092,457,93.49823321554771,20.273851590106005,2017-05-16,2026-09-01,0.20273851590106007,-0.162,True,True,True,False,True,3,False,True
0.2,0.6,45,1,2264,0.9032789692535518,0.6391603544792093,0.6987717496700443,0.7,-0.5829297590580259,10,-0.0011051682850021561,-0.004858657243816254,0.20008833922261485,-5.995448133944608,465,88.60070671378092,20.008833922261484,2017-05-16,2026-09-01,0.20008833922261485,-0.006,True,True,True,True,True,4,True,True
0.2,0.6,46,1,2264,1.3362256132973225,1.0965089258792233,1.2400441693640798,0.9,-1.0286738943693394,10,-0.013015075495181952,0.018551236749116608,0.20053003533568906,-5.428611100576716,390,91.9399293286219,20.053003533568905,2017-05-16,2026-09-01,0.20053003533568906,-0.065,True,True,True,True,True,4,True,True
0.2,0.6,47,1,2264,1.1681730262729126,0.9755919342237553,0.7823449354354116,0.7,-0.6056802370180839,10,0.0849754256537939,0.014575971731448763,0.2053886925795053,-7.61786901376329,527,91.9399293286219,20.53886925795053,2017-05-16,2026-09-01,0.2053886925795053,0.414,True,True,True,False,True,3,False,True
0.2,0.6,48,1,2264,0.7665451604397939,0.5410818638362702,0.3211584952650955,0.7,-1.3164017034805364,10,-0.014248740096408898,0.015901060070671377,0.20848056537102475,-12.469549593755266,1086,95.83568904593639,20.848056537102476,2017-05-16,2026-09-01,0.20848056537102475,-0.068,False,True,True,True,True,3,False,False
0.2,0.6,49,1,2264,1.3198307453530917,1.1206192802768455,1.1259113916870223,0.8,-0.1010349301403536,10,-0.05536288344656701,0.0008833922261484099,0.196113074204947,-4.832498480352227,351,89.04593639575972,19.6113074204947,2017-05-16,2026-09-01,0.196113074204947,-0.282,True,True,True,False,True,3,False,True
0.2,0.6,50,1,2264,1.7722349339494567,1.539102040391566,1.8007867543626777,1.0,0.18480672507606,10,-0.003353590396634441,0.018551236749116608,0.20053003533568906,-5.94478858159534,233,89.37985865724382,20.053003533568905,2017-05-16,2026-09-01,0.20053003533568906,-0.017,True,True,True,True,True,4,True,True
0.2,0.6,51,1,2264,1.3055461957095105,1.0814632357224536,0.6640914406037685,0.8,-1.4024068806340848,10,-0.033760236701458085,0.011925795053003533,0.20097173144876326,-7.890413090551441,483,90.15901060070671,20.097173144876326,2017-05-16,2026-09-01,0.20097173144876326,-0.168,True,True,True,False,True,3,False,True
0.2,0.6,52,1,2264,1.5520279896608926,1.317768412931211,1.3690461302254844,0.9,-0.883552637162257,10,-0.021687908613449637,-0.015459363957597174,0.20008833922261485,-5.3959793498081225,561,90.60424028268551,20.008833922261484,2017-05-16,2026-09-01,0.20008833922261485,-0.108,True,True,True,True,True,4,True,True
0.2,0.6,53,1,2264,1.1628607838017,0.9531964418042879,0.6683548802664764,0.7,-1.0363710418836332,10,0.007259336494181706,0.011042402826855124,0.19390459363957596,-9.180546873715462,509,85.37279151943463,19.390459363957596,2017-05-16,2026-09-01,0.19390459363957596,0.037,True,True,True,True,True,4,True,True
0.2,0.6,54,1,2264,0.8812931716648927,0.6774132631163636,0.5515114808863852,0.6,-0.8907267080688823,10,-0.015617346078825995,0.012367491166077738,0.18904593639575973,-8.35192117440958,760,87.04240282685512,18.90459363957597,2017-05-16,2026-09-01,0.18904593639575973,-0.083,False,False,True,True,True,2,False,False
0.2,0.6,55,1,2264,0.34421921450950893,0.1770411635904891,0.4574281316492345,0.7,-0.7594453520683714,10,-0.1844670418302989,0.00530035335689046,0.19876325088339222,-20.466944842370555,542,90.04770318021201,19.87632508833922,2017-05-16,2026-09-01,0.19876325088339222,-0.928,False,True,True,False,False,2,False,False
0.2,0.6,56,1,2264,0.21056024506814125,-0.01035944257201725,0.025637644741866066,0.7,-1.8967983673357607,10,0.01300632208536607,-0.001325088339222615,0.19832155477031801,-14.059046047467364,625,88.60070671378092,19.8321554770318,2017-05-16,2026-09-01,0.19832155477031801,0.066,False,True,True,True,True,3,False,False
0.2,0.6,57,1,2264,1.1633251447422155,0.9427418279568505,1.0932956362711175,0.8,-0.5530372885478276,10,-0.010268007374598244,0.004858657243816254,0.2124558303886926,-8.92139148435299,556,95.3904593639576,21.24558303886926,2017-05-16,2026-09-01,0.2124558303886926,-0.048,True,True,True,True,True,4,True,True
0.2,0.6,58,1,2264,0.2193537306189941,0.01930509383277869,0.13338954472752698,0.7,-1.9358443345855987,10,0.05461214477316594,0.01678445229681979,0.196113074204947,-19.629838036297027,1564,86.81978798586573,19.6113074204947,2017-05-16,2026-09-01,0.196113074204947,0.278,False,True,True,False,True,2,False,False
0.2,0.6,59,1,2264,0.8453945871045271,0.627747074119235,0.656441721787978,0.7,-0.484261131039081,10,-0.06698995499864106,-0.004858657243816254,0.19832155477031801,-9.280040713288859,653,90.93816254416961,19.8321554770318,2017-05-16,2026-09-01,0.19832155477031801,-0.338,True,True,True,False,True,3,False,True
0.5,0.52,0,1,2264,0.14799763993521,-0.12682533471289978,-0.3641920823762267,0.4,-2.225183008672212,10,-0.03760574240543842,0.00044169611307420494,0.5136925795053003,-23.46294047595025,2076,195.78975265017667,51.369257950530034,2017-05-16,2026-09-01,0.5136925795053003,-0.073,False,False,True,True,True,2,False,False
0.5,0.52,1,1,2264,-0.056918915597437864,-0.34280257279785414,-0.46167689863277395,0.3,-1.9508188767483907,10,-0.05592314951438992,-0.009717314487632508,0.5123674911660777,-37.499669531327626,1317,192.339222614841,51.23674911660777,2017-05-16,2026-09-01,0.5123674911660777,-0.109,False,False,True,True,True,2,False,False
0.5,0.52,2,1,2264,0.8341736353572571,0.5155265171030262,0.4684455881080675,0.7,-1.2985114099403972,10,-0.04910646298453642,0.001325088339222615,0.49425795053003535,-10.052198826214376,405,189.2226148409894,49.42579505300353,2017-05-16,2026-09-01,0.49425795053003535,-0.099,False,True,True,True,True,3,False,False
0.5,0.52,3,1,2264,-0.12998319137803765,-0.424377844521552,-0.2405482238129204,0.4,-1.7218253816721576,10,-0.02379367202914455,-0.022526501766784453,0.5048586572438163,-42.15876858673879,1714,191.226148409894,50.485865724381625,2017-05-16,2026-09-01,0.5048586572438163,-0.047,False,False,True,True,True,2,False,False
0.5,0.52,4,1,2264,0.5220586660648733,0.24527886489850675,0.057093701595296885,0.5,-1.6490190990185192,10,0.0011157283812276118,-0.00530035335689046,0.4991166077738516,-15.663809257548033,679,183.8798586572438,49.91166077738516,2017-05-16,2026-09-01,0.4991166077738516,0.002,False,False,True,True,True,2,False,False
0.5,0.52,5,1,2264,0.56718543979315,0.29905349018832245,0.4852434264021924,0.6,-0.6863605061791687,10,-0.05981337248489445,-0.001325088339222615,0.48454063604240283,-18.657044852537368,422,185.54946996466433,48.45406360424028,2017-05-16,2026-09-01,0.48454063604240283,-0.123,False,False,True,True,True,2,False,False
0.5,0.52,6,1,2264,0.19331043185737481,-0.1083214056927548,-0.37729803201977585,0.4,-2.2437065781303343,10,-0.045414011904006395,-0.0088339222614841,0.5008833922261484,-26.32520314234057,2259,194.4540636042403,50.08833922261484,2017-05-16,2026-09-01,0.5008833922261484,-0.091,False,False,True,True,True,2,False,False
0.5,0.52,7,1,2264,0.9238898910044793,0.6536418200895255,0.3365080052293297,0.7,-1.7714242422917328,10,0.056930530992479085,0.024734982332155476,0.508833922261484,-17.06760957295235,805,189.8904593639576,50.8833922261484,2017-05-16,2026-09-01,0.508833922261484,0.112,False,True,True,True,True,3,False,False
0.5,0.52,8,1,2264,0.07905151702858147,-0.19081708140097967,-0.12365705169309095,0.4,-1.2726572972121935,10,-0.07080835574596968,-0.007950530035335688,0.5106007067137809,-43.188672122204125,1902,193.7862190812721,51.060070671378085,2017-05-16,2026-09-01,0.5106007067137809,-0.139,False,False,True,True,True,2,False,False
0.5,0.52,9,1,2264,0.12390370439659876,-0.17041112372553457,-0.49343602283310084,0.4,-0.9293217882429903,10,0.07466900920994994,-0.004858657243816254,0.4995583038869258,-24.285136753915946,2259,186.5512367491166,49.955830388692576,2017-05-16,2026-09-01,0.4995583038869258,0.149,False,False,True,True,True,2,False,False
0.5,0.52,10,1,2264,0.13357992306094435,-0.18006037580392115,-0.28464735336032904,0.3,-2.012122303320522,10,-0.05150658026690123,-0.015017667844522967,0.5132508833922261,-26.904517009893624,1644,189.1113074204947,51.32508833922261,2017-05-16,2026-09-01,0.5132508833922261,-0.1,False,False,True,True,True,2,False,False
0.5,0.52,11,1,2264,0.7685376237575826,0.4488026812150129,0.5713028292666446,0.7,-1.1737699526297478,10,0.007281968602547688,-0.00265017667844523,0.5035335689045937,-14.020479711215273,485,193.452296819788,50.35335689045937,2017-05-16,2026-09-01,0.5035335689045937,0.014,False,True,True,True,True,3,False,False
0.5,0.52,12,1,2264,0.3168156304972497,0.03541735611412446,-0.15680199789265403,0.4,-1.7769578415559575,10,-0.05613922419551622,0.014575971731448763,0.5048586572438163,-34.941072212625066,1562,188.5547703180212,50.485865724381625,2017-05-16,2026-09-01,0.5048586572438163,-0.111,False,False,True,True,True,2,False,False
0.5,0.52,13,1,2264,0.613377922493653,0.3193162615911862,0.19644632692603337,0.5,-1.2571563372425034,10,-0.0357199967814804,-0.0066254416961130744,0.4907243816254417,-23.942978134359375,859,183.1007067137809,49.07243816254417,2017-05-16,2026-09-01,0.4907243816254417,-0.073,False,False,True,True,True,2,False,False
0.5,0.52,14,1,2264,-0.17089981919463954,-0.46945249279115153,-0.6121486746664507,0.2,-3.2997326798806452,10,-0.004599794920457064,0.005742049469964664,0.49514134275618377,-40.26895768062182,2169,189.3339222614841,49.514134275618375,2017-05-16,2026-09-01,0.49514134275618377,-0.009,False,False,True,True,True,2,False,False
0.5,0.52,15,1,2264,0.467940662581425,0.18584513757105842,-0.07064499895226266,0.6,-3.052719321431962,10,0.04413945379398323,0.018109540636042403,0.5048586572438163,-19.683961294906943,1048,190.00176678445231,50.485865724381625,2017-05-16,2026-09-01,0.5048586572438163,0.087,False,False,True,True,True,2,False,False
0.5,0.52,16,1,2264,0.01035391870944724,-0.2670594531305311,-0.09129275553060015,0.4,-1.2021421329042605,10,-0.005957722018088515,-0.008392226148409895,0.5048586572438163,-45.16991960740037,1100,191.00353356890457,50.485865724381625,2017-05-16,2026-09-01,0.5048586572438163,-0.012,False,False,True,True,True,2,False,False
0.5,0.52,17,1,2264,0.8016340998088521,0.5223913868849919,0.16168839847533878,0.7,-3.3075170090725736,10,0.043059000225869344,-0.02782685512367491,0.49690812720848054,-18.835758947656295,606,189.1113074204947,49.69081272084806,2017-05-16,2026-09-01,0.49690812720848054,0.087,False,True,True,True,True,3,False,False
0.5,0.52,18,1,2264,0.023705852475277456,-0.25617464576345755,-0.3580281894730127,0.4,-2.282654432806508,10,0.05932468101661225,0.007508833922261484,0.49514134275618377,-31.27968361895614,2262,186.88515901060072,49.514134275618375,2017-05-16,2026-09-01,0.49514134275618377,0.12,False,False,True,True,True,2,False,False
0.5,0.52,19,1,2264,0.8757120156011866,0.5721360875773442,0.2747869272899585,0.7,-2.3504533148609204,10,-0.035252039111718717,-0.0088339222614841,0.5053003533568905,-20.082226900674545,1258,193.2296819787986,50.53003533568905,2017-05-16,2026-09-01,0.5053003533568905,-0.07,False,True,True,True,True,3,False,False
0.5,0.52,20,1,2264,0.03798234260955762,-0.24914540805077245,-0.3979960492405234,0.5,-3.006810939770367,10,-0.021786815090122393,0.03136042402826855,0.4871908127208481,-41.81811156992005,1551,181.65371024734984,48.71908127208481,2017-05-16,2026-09-01,0.4871908127208481,-0.045,False,False,True,True,True,2,False,False
0.5,0.52,21,1,2264,0.31392576409423334,0.028984134277973705,0.018783245716319938,0.6,-1.846454193013173,10,0.0498448117882013,0.006183745583038869,0.5044169611307421,-28.21796522010807,1255,192.78445229681978,50.44169611307421,2017-05-16,2026-09-01,0.5044169611307421,0.099,False,False,True,True,True,2,False,False
0.5,0.52,22,1,2264,0.26422727644588895,-0.013318932248290958,-0.030854661293202922,0.4,-1.4275803769095632,10,-0.018191496702992617,-0.0088339222614841,0.5017667844522968,-40.4360217304404,1088,189.2226148409894,50.17667844522968,2017-05-16,2026-09-01,0.5017667844522968,-0.036,False,False,True,True,True,2,False,False
0.5,0.52,23,1,2264,0.8357252780713932,0.531319420162463,0.34051817468053913,0.6,-1.0493866349983794,10,0.029615570080695295,-0.0066254416961130744,0.5092756183745583,-12.931879605196128,629,192.1166077738516,50.927561837455826,2017-05-16,2026-09-01,0.5092756183745583,0.058,False,False,True,True,True,2,False,False
0.5,0.52,24,1,2264,-0.13655710336834512,-0.4337979607291618,-0.16492769864085818,0.5,-3.5593662778741426,10,0.07729222974593371,0.011925795053003533,0.5004416961130742,-53.924643900715374,982,191.00353356890457,50.044169611307424,2017-05-16,2026-09-01,0.5004416961130742,0.154,False,False,True,False,True,1,False,False
0.5,0.52,25,1,2264,0.15399301406820684,-0.13236723660693941,-0.35113414826144007,0.5,-2.679025658909674,10,-0.017853309136749602,-0.0017667844522968198,0.5008833922261484,-40.4384417920422,2036,189.2226148409894,50.08833922261484,2017-05-16,2026-09-01,0.5008833922261484,-0.036,False,False,True,True,True,2,False,False
0.5,0.52,26,1,2264,0.9189539551444472,0.6211708950168795,1.0069510813007578,0.8,-0.3892505218179618,10,-0.05054508013499456,-0.0066254416961130744,0.49690812720848054,-16.210398648350555,484,189.3339222614841,49.69081272084806,2017-05-16,2026-09-01,0.49690812720848054,-0.102,True,True,True,True,True,4,True,True
0.5,0.52,27,1,2264,0.39850032981954625,0.10505189384156201,-0.021678637661276076,0.6,-1.6305210262334533,10,-0.018287484385244402,-0.01060070671378092,0.49734982332155475,-25.64215058672465,1337,192.22791519434628,49.734982332155475,2017-05-16,2026-09-01,0.49734982332155475,-0.037,False,False,True,True,True,2,False,False
0.5,0.52,28,1,2264,0.5970098035701101,0.30016314457187376,0.3019762541963374,0.5,-1.1776709693849952,10,0.015005375155470218,0.01987632508833922,0.48984098939929327,-20.636590979578916,983,189.5565371024735,48.984098939929325,2017-05-16,2026-09-01,0.48984098939929327,0.031,False,False,True,True,True,2,False,False
0.5,0.52,29,1,2264,-0.053528213437123794,-0.318194240939095,-0.4553740307253964,0.2,-1.3414214479406807,10,0.07755544234360766,0.00441696113074205,0.5026501766784452,-32.19784972596147,1218,193.452296819788,50.265017667844525,2017-05-16,2026-09-01,0.5026501766784452,0.154,False,False,True,False,True,1,False,False
0.5,0.52,30,1,2264,0.23421942552216943,-0.0346147648481329,-0.16101189445589223,0.4,-1.2915743954057168,10,0.053846274698615706,-0.008392226148409895,0.5013250883392226,-16.86081925818003,819,191.89399293286218,50.13250883392226,2017-05-16,2026-09-01,0.5013250883392226,0.107,False,False,True,True,True,2,False,False
0.5,0.52,31,1,2264,0.6499014093220508,0.3519755290456729,0.23496342162957873,0.6,-1.31350576471289,10,-0.08686982632734515,0.005742049469964664,0.49514134275618377,-22.134419887350482,1097,189.8904593639576,49.514134275618375,2017-05-16,2026-09-01,0.49514134275618377,-0.175,False,False,True,False,True,1,False,False
0.5,0.52,32,1,2264,-0.1768825977596641,-0.4651439168058306,-0.38720192352982996,0.3,-2.626174951547702,10,-0.03219941708712375,-0.023851590106007067,0.5,-47.669615974276965,2102,188.1095406360424,50.0,2017-05-16,2026-09-01,0.5,-0.064,False,False,True,True,True,2,False,False
0.5,0.52,33,1,2264,0.32322099186432546,0.049483395256827004,-0.13714877012621865,0.4,-2.549095448673456,10,0.07084082849828109,-0.021643109540636044,0.4880742049469965,-29.378480930573026,1371,187.7756183745583,48.80742049469965,2017-05-16,2026-09-01,0.4880742049469965,0.145,False,False,True,True,True,2,False,False
0.5,0.52,34,1,2264,0.8943751809245849,0.6085177299898837,0.49495388428671944,0.8,-1.9031570918808083,10,-0.028483447790528187,-0.001325088339222615,0.5145759717314488,-20.3948577508355,642,193.34098939929328,51.457597173144876,2017-05-16,2026-09-01,0.5145759717314488,-0.055,False,True,True,True,True,3,False,False
0.5,0.52,35,1,2264,-0.33535586828606906,-0.613846592849584,-0.7426660499485708,0.2,-2.4402925822505814,10,-0.03702521522799894,0.030918727915194347,0.49469964664310956,-67.05622996477554,1575,186.773851590106,49.46996466431096,2017-05-16,2026-09-01,0.49469964664310956,-0.075,False,False,True,True,True,2,False,False
0.5,0.52,36,1,2264,0.2895123946588568,0.014343254875219947,-0.3063363240694867,0.6,-2.6819397857404303,10,0.057531335619109836,0.0008833922261484099,0.4911660777385159,-28.56771534073752,2134,188.5547703180212,49.11660777385159,2017-05-16,2026-09-01,0.4911660777385159,0.117,False,False,True,True,True,2,False,False
0.5,0.52,37,1,2264,-0.07142956245397,-0.3465017755887198,-0.9131302489676226,0.2,-1.504022109177458,10,-0.06910421276110687,-0.0066254416961130744,0.4960247349823322,-36.09703556052997,2263,189.1113074204947,49.602473498233216,2017-05-16,2026-09-01,0.4960247349823322,-0.139,False,False,True,True,True,2,False,False
0.5,0.52,38,1,2264,0.727108972976239,0.4264526261112933,0.33712692950690276,0.7,-1.5928185091634164,10,0.005266274892940448,-0.03445229681978799,0.49646643109540634,-18.917349973137227,1064,190.7809187279152,49.64664310954063,2017-05-16,2026-09-01,0.49646643109540634,0.011,False,True,True,True,True,3,False,False
0.5,0.52,39,1,2264,0.7968791484241929,0.4895905785282796,0.2356386628838754,0.6,-2.7779306130602857,10,-0.006389490270903691,-0.016342756183745585,0.49690812720848054,-20.191027244299693,373,190.2243816254417,49.69081272084806,2017-05-16,2026-09-01,0.49690812720848054,-0.013,False,False,True,True,True,2,False,False
0.5,0.52,40,1,2264,-0.22832813305043376,-0.5095752821671494,-0.3920267022537272,0.3,-2.0011206490912583,10,-0.03621911012660606,-0.0066254416961130744,0.48454063604240283,-57.53318051187145,2078,183.5459363957597,48.45406360424028,2017-05-16,2026-09-01,0.48454063604240283,-0.075,False,False,True,True,True,2,False,False
0.5,0.52,41,1,2264,-0.27490453140144516,-0.5534831769601415,-0.5392095300443054,0.2,-2.397855840360478,10,-0.0698664275972214,0.0088339222614841,0.48498233215547704,-49.70609922846894,2131,189.8904593639576,48.49823321554771,2017-05-16,2026-09-01,0.48498233215547704,-0.144,False,False,True,True,True,2,False,False
0.5,0.52,42,1,2264,0.7787108598457285,0.49622194646757917,1.0529843997119062,0.9,-0.0679101171894247,10,0.08441218567672995,0.024734982332155476,0.5044169611307421,-18.90475231476019,477,186.43992932862193,50.44169611307421,2017-05-16,2026-09-01,0.5044169611307421,0.167,True,True,True,False,True,3,False,True
0.5,0.52,43,1,2264,0.5731454133151799,0.28560321386141396,0.12069972020179379,0.5,-2.7438722819221426,10,0.06144176603523743,-0.00044169611307420494,0.5101590106007067,-29.007818610058255,1727,191.89399293286218,51.01590106007067,2017-05-16,2026-09-01,0.5101590106007067,0.12,False,False,True,True,True,2,False,False
0.5,0.52,44,1,2264,-0.12742729248475096,-0.42823685390838273,-0.4856423071086997,0.2,-2.436220205511768,10,-2.264433205108901e-05,0.0035335689045936395,0.48144876325088337,-51.861850790531214,2195,184.4363957597173,48.14487632508834,2017-05-16,2026-09-01,0.48144876325088337,-0.0,False,False,True,True,True,2,False,False
0.5,0.52,45,1,2264,0.17979760495119995,-0.0967787800151753,-0.0978222116301947,0.4,-2.130800810298113,10,-0.02331760906169295,-0.004858657243816254,0.49690812720848054,-32.046713243020314,1875,190.113074204947,49.69081272084806,2017-05-16,2026-09-01,0.49690812720848054,-0.047,False,False,True,True,True,2,False,False
0.5,0.52,46,1,2264,-0.32615110232162114,-0.6167330731999727,-0.812002074620135,0.3,-2.3312470943992314,10,0.1371465046448787,0.0,0.5008833922261484,-67.06340326449195,2234,192.6731448763251,50.08833922261484,2017-05-16,2026-09-01,0.5008833922261484,0.274,False,False,True,False,True,1,False,False
0.5,0.52,47,1,2264,-0.2716408824660091,-0.5766600194555926,-0.5001136807498696,0.3,-1.8217007627119157,10,0.10351946548875454,0.01060070671378092,0.4823321554770318,-47.98481902383844,1779,186.88515901060072,48.23321554770318,2017-05-16,2026-09-01,0.4823321554770318,0.215,False,False,True,False,True,1,False,False
0.5,0.52,48,1,2264,-0.12132249610779422,-0.39988118419034296,-0.9549463752639465,0.1,-1.1153067251500495,10,-0.060267643904737614,0.00441696113074205,0.5176678445229682,-43.90143666798498,2071,192.339222614841,51.76678445229682,2017-05-16,2026-09-01,0.5176678445229682,-0.116,False,False,True,True,True,2,False,False
0.5,0.52,49,1,2264,0.3327331087801415,0.05810830713099736,-0.12136539185018476,0.5,-1.570988522272946,10,0.04789441511249068,0.04328621908127209,0.5008833922261484,-21.14287735420435,1143,189.1113074204947,50.08833922261484,2017-05-16,2026-09-01,0.5008833922261484,0.096,False,False,True,True,True,2,False,False
0.5,0.52,50,1,2264,0.24167449986833828,-0.03647120193336272,-0.1950256582315022,0.4,-1.5968981498672792,10,0.0375821307699767,0.009275618374558304,0.5083922261484098,-22.30298500503943,903,194.8992932862191,50.839222614840985,2017-05-16,2026-09-01,0.5083922261484098,0.074,False,False,True,True,True,2,False,False
0.5,0.52,51,1,2264,0.35505085535756437,0.06289044430062585,-0.016692781308181893,0.5,-1.9345393314256951,10,-0.016680872410852938,0.02429328621908127,0.48895759717314485,-28.66548476679037,1009,184.4363957597173,48.89575971731448,2017-05-16,2026-09-01,0.48895759717314485,-0.034,False,False,True,True,True,2,False,False
0.5,0.52,52,1,2264,0.16874408190817916,-0.12161873231031989,-0.05715640959939511,0.5,-1.8427410207523833,10,0.08628796524389162,0.022968197879858657,0.49381625441696114,-29.18710900940789,1740,189.2226148409894,49.381625441696116,2017-05-16,2026-09-01,0.49381625441696114,0.175,False,False,True,False,True,1,False,False
0.5,0.52,53,1,2264,0.12726203879917325,-0.15311054479356326,-0.29743958439441537,0.4,-1.2897548544979474,10,-0.06648387029932558,-0.007067137809187279,0.49734982332155475,-21.446270973702912,1964,187.99823321554769,49.734982332155475,2017-05-16,2026-09-01,0.49734982332155475,-0.134,False,False,True,True,True,2,False,False
0.5,0.52,54,1,2264,0.4891868646330647,0.22065225007047623,0.08575078656066952,0.4,-0.7010484840269632,10,0.060151488991704416,0.006183745583038869,0.49469964664310956,-16.174939681328116,1025,185.21554770318022,49.46996466431096,2017-05-16,2026-09-01,0.49469964664310956,0.122,False,False,True,True,True,2,False,False
0.5,0.52,55,1,2264,-0.20349881797838823,-0.4905661327487593,-0.9892149223886181,0.2,-1.6308408765014233,10,0.025333909297610584,0.005742049469964664,0.4986749116607774,-43.425238346938194,2078,191.00353356890457,49.86749116607774,2017-05-16,2026-09-01,0.4986749116607774,0.051,False,False,True,True,True,2,False,False
0.5,0.52,56,1,2264,0.006367514679658781,-0.3028355497200653,-0.4435346907551185,0.3,-2.2730741677761004,10,0.009211194980319182,0.008392226148409895,0.5075088339222615,-38.22508445176959,1545,189.7791519434629,50.75088339222616,2017-05-16,2026-09-01,0.5075088339222615,0.018,False,False,True,True,True,2,False,False
0.5,0.52,57,1,2264,0.3862574970278062,0.09598713371881946,0.053124714930828515,0.5,-2.51985933961496,10,0.07339539751109034,0.01987632508833922,0.5075088339222615,-25.875874690130495,695,192.22791519434628,50.75088339222616,2017-05-16,2026-09-01,0.5075088339222615,0.145,False,False,True,True,True,2,False,False
0.5,0.52,58,1,2264,0.2579430185828281,-0.021048825088902375,-0.22792097062000802,0.4,-2.078752518065237,10,0.11172082641714139,0.018109540636042403,0.5092756183745583,-41.15809410296198,2161,193.0070671378092,50.927561837455826,2017-05-16,2026-09-01,0.5092756183745583,0.219,False,False,True,False,True,1,False,False
0.5,0.52,59,1,2264,0.5301756942066435,0.24675795351773244,0.21739701799034028,0.4,-1.2690691862521009,10,-0.023119943269155202,0.007950530035335688,0.49469964664310956,-24.36906969849326,605,186.88515901060072,49.46996466431096,2017-05-16,2026-09-01,0.49469964664310956,-0.047,False,False,True,True,True,2,False,False
0.5,0.55,0,1,2264,1.10778670392587,0.8159063096488347,0.3882671812218152,0.6,-1.454194561864493,10,-0.05590220206623913,-0.02075971731448763,0.49337455830388693,-13.668164699813968,447,189.7791519434629,49.33745583038869,2017-05-16,2026-09-01,0.49337455830388693,-0.113,False,False,True,True,True,2,False,False
0.5,0.55,1,1,2264,0.9796125705112526,0.7007865224526859,0.665010383087939,0.7,-0.6191330445557387,10,0.03664803184851841,0.0176678445229682,0.4929328621908127,-13.607284577256012,383,186.43992932862193,49.293286219081274,2017-05-16,2026-09-01,0.4929328621908127,0.074,True,True,True,True,True,4,True,True
0.5,0.55,2,1,2264,0.8734786765035375,0.5885933381685089,0.6260690200687452,0.9,-1.3373792673323504,10,0.06111405627769427,0.018992932862190812,0.5128091872791519,-17.929333511674084,856,185.9946996466431,51.28091872791519,2017-05-16,2026-09-01,0.5128091872791519,0.119,True,True,True,True,True,4,True,True
0.5,0.55,3,1,2264,1.0949977624720628,0.7833439632626182,0.29715321280931734,0.6,-1.5090059714100204,10,0.02436078800132741,-0.011484098939929329,0.5167844522968198,-18.57213380278086,910,195.23321554770317,51.67844522968198,2017-05-16,2026-09-01,0.5167844522968198,0.047,False,False,True,True,True,2,False,False
0.5,0.55,4,1,2264,0.4325358623172385,0.15724520760488395,0.1498576182749589,0.5,-1.004399362663397,10,0.057445698834131094,-0.00265017667844523,0.4929328621908127,-17.018426636467403,681,188.1095406360424,49.293286219081274,2017-05-16,2026-09-01,0.4929328621908127,0.117,False,False,True,True,True,2,False,False
0.5,0.55,5,1,2264,0.632510226380495,0.3420046350590326,-0.0029532950742132396,0.5,-1.8227191379178702,10,0.014042329129492504,-0.019434628975265017,0.5114840989399293,-21.65189862522699,1515,189.7791519434629,51.14840989399293,2017-05-16,2026-09-01,0.5114840989399293,0.027,False,False,True,True,True,2,False,False
0.5,0.55,6,1,2264,1.0357081671682975,0.7384774788013064,0.25973915091144995,0.7,-2.807294813006551,10,-0.004485265159846687,0.015459363957597174,0.502208480565371,-10.94992358638223,726,190.4469964664311,50.22084805653711,2017-05-16,2026-09-01,0.502208480565371,-0.009,False,True,True,True,True,3,False,False
0.5,0.55,7,1,2264,0.6107667609643356,0.3012233595213646,0.024677222246934267,0.5,-1.978214285122038,10,-0.02783905529235622,0.00441696113074205,0.5017667844522968,-21.354297430757345,1707,188.5547703180212,50.17667844522968,2017-05-16,2026-09-01,0.5017667844522968,-0.055,False,False,True,True,True,2,False,False
0.5,0.55,8,1,2264,0.2164768763009888,-0.08190607594073508,0.11862535627181497,0.6,-2.014154505160947,10,-0.019118520624210936,-0.0017667844522968198,0.5070671378091873,-27.718684198008877,784,198.46113074204948,50.70671378091873,2017-05-16,2026-09-01,0.5070671378091873,-0.038,False,False,True,True,True,2,False,False
0.5,0.55,9,1,2264,1.1153581065714844,0.8231509040568583,1.4196868992878389,0.9,-0.11749497622337554,10,-0.01534130044033714,0.0008833922261484099,0.4911660777385159,-11.365503526873743,343,179.9840989399293,49.11660777385159,2017-05-16,2026-09-01,0.4911660777385159,-0.031,True,True,True,True,True,4,True,True
0.5,0.55,10,1,2264,0.5902238543585896,0.3264856459618434,0.40163466465954367,0.6,-0.7617407443110875,10,0.09693847918055457,0.03268551236749117,0.5079505300353356,-23.926093192429022,454,190.33568904593642,50.79505300353356,2017-05-16,2026-09-01,0.5079505300353356,0.191,False,False,True,False,True,1,False,False
0.5,0.55,11,1,2264,0.08084400077474102,-0.2103138954027175,-0.1726136013901888,0.5,-1.941779323159621,10,-0.09096651703595683,-0.024734982332155476,0.5008833922261484,-32.382236875816204,743,190.5583038869258,50.08833922261484,2017-05-16,2026-09-01,0.5008833922261484,-0.182,False,False,True,False,True,1,False,False
0.5,0.55,12,1,2264,0.21696430248313062,-0.09515122759810453,-0.014173256530140475,0.6,-2.3194024839184095,10,-0.01097168987994855,0.009717314487632508,0.4920494699646643,-23.35423411933156,994,190.7809187279152,49.20494699646643,2017-05-16,2026-09-01,0.4920494699646643,-0.022,False,False,True,True,True,2,False,False
0.5,0.55,13,1,2264,0.6248131775755978,0.35113641716506366,0.27062793981386296,0.7,-1.718065703641809,10,-0.03290135864025806,-0.003975265017667844,0.49779151943462896,-17.080954655149796,827,190.7809187279152,49.77915194346289,2017-05-16,2026-09-01,0.49779151943462896,-0.066,False,True,True,True,True,3,False,False
0.5,0.55,14,1,2264,0.7890756490668209,0.5026827315640515,0.5147605864850442,0.6,-1.0467922029835564,10,-0.0012911910703300698,0.005742049469964664,0.5110424028268551,-24.172698860584873,595,191.67137809187278,51.10424028268551,2017-05-16,2026-09-01,0.5110424028268551,-0.003,False,False,True,True,True,2,False,False
0.5,0.55,15,1,2264,0.6610784216236756,0.3726481246411283,0.3961817946442637,0.8,-1.119353718594774,10,0.003085178369386819,-0.016342756183745585,0.502208480565371,-13.979689662768441,664,188.2208480565371,50.22084805653711,2017-05-16,2026-09-01,0.502208480565371,0.006,False,True,True,True,True,3,False,False
0.5,0.55,16,1,2264,0.6925713393588717,0.40343170157078956,0.2536307474548049,0.6,-1.7883017781122812,10,0.019475671375258567,-0.0008833922261484099,0.5053003533568905,-26.24142563573478,609,188.7773851590106,50.53003533568905,2017-05-16,2026-09-01,0.5053003533568905,0.039,False,False,True,True,True,2,False,False
0.5,0.55,17,1,2264,0.7188439357409296,0.44115858799104846,0.615238521163889,0.7,-0.8084290933558067,10,-0.04989951654258603,0.007950530035335688,0.495583038869258,-17.41770154297552,549,192.8957597173145,49.5583038869258,2017-05-16,2026-09-01,0.495583038869258,-0.101,True,True,True,True,True,4,True,True
0.5,0.55,18,1,2264,0.7594532290247781,0.49105637503494515,0.7418396749542154,0.8,-0.384207222817211,10,-0.07492028664017045,0.026501766784452298,0.5070671378091873,-11.940331754558265,353,190.6696113074205,50.70671378091873,2017-05-16,2026-09-01,0.5070671378091873,-0.148,True,True,True,True,True,4,True,True
0.5,0.55,19,1,2264,0.5153779692741604,0.22498544364150425,0.13411034214541448,0.6,-2.9597041466287846,10,0.027151216579319876,0.00441696113074205,0.5132508833922261,-36.49153602426626,433,187.3303886925795,51.32508833922261,2017-05-16,2026-09-01,0.5132508833922261,0.053,False,False,True,True,True,2,False,False
0.5,0.55,20,1,2264,0.6675953963480203,0.3809610745012018,0.3414125291197404,0.5,-0.8699017430359616,10,0.05610028131743433,-0.011484098939929329,0.49646643109540634,-13.537258552816834,667,188.5547703180212,49.64664310954063,2017-05-16,2026-09-01,0.49646643109540634,0.113,False,False,True,True,True,2,False,False
0.5,0.55,21,1,2264,1.1736374441956083,0.8770158469776842,0.7062112367318786,0.8,-1.4544547691713123,10,0.011124475095686467,0.026501766784452298,0.49646643109540634,-25.881866291993973,187,185.8833922261484,49.64664310954063,2017-05-16,2026-09-01,0.49646643109540634,0.022,True,True,True,True,True,4,True,True
0.5,0.55,22,1,2264,1.0380731549652225,0.7354647503729934,0.5133783119078924,0.6,-1.3428446698414922,10,0.003265572852829683,-0.009275618374558304,0.5013250883392226,-20.59236156278584,689,189.5565371024735,50.13250883392226,2017-05-16,2026-09-01,0.5013250883392226,0.007,False,False,True,True,True,2,False,False
0.5,0.55,23,1,2264,1.190656031592232,0.9090699008446267,0.9256962015703635,0.9,-1.6492834431625323,10,0.009384725783375616,0.007067137809187279,0.5053003533568905,-16.962538723567988,195,192.1166077738516,50.53003533568905,2017-05-16,2026-09-01,0.5053003533568905,0.019,True,True,True,True,True,4,True,True
0.5,0.55,24,1,2264,1.1815444840265459,0.9014815267579379,1.2287612933571468,0.9,-0.589898460696001,10,0.055762407910080414,0.023851590106007067,0.5176678445229682,-19.324627364014134,526,193.5636042402827,51.76678445229682,2017-05-16,2026-09-01,0.5176678445229682,0.108,True,True,True,True,True,4,True,True
0.5,0.55,25,1,2264,0.9242436397445764,0.6619121312492072,1.0410250806427148,0.8,-0.4438980097122869,10,-0.03899369540980911,0.011484098939929329,0.5061837455830389,-19.36760251489803,603,186.5512367491166,50.61837455830389,2017-05-16,2026-09-01,0.5061837455830389,-0.077,True,True,True,True,True,4,True,True
0.5,0.55,26,1,2264,0.8409709483133799,0.5400642211977804,0.4835285203124514,0.8,-1.6623063522623647,10,0.03214806653269719,0.030035335689045935,0.495583038869258,-14.580121767134418,491,193.8975265017668,49.5583038869258,2017-05-16,2026-09-01,0.495583038869258,0.065,False,True,True,True,True,3,False,False
0.5,0.55,27,1,2264,1.2619707807016285,0.9678767617758072,1.7488450855538058,1.0,0.2580065758268239,10,-0.0575268710512816,0.012809187279151944,0.5048586572438163,-15.732641065924714,298,188.7773851590106,50.485865724381625,2017-05-16,2026-09-01,0.5048586572438163,-0.114,True,True,True,True,True,4,True,True
0.5,0.55,28,1,2264,0.36773417583622786,0.08873446847603561,0.05309405566182581,0.6,-2.102124557362074,10,-0.04935222001921361,0.0008833922261484099,0.5061837455830389,-25.39543329341239,1088,189.4452296819788,50.61837455830389,2017-05-16,2026-09-01,0.5061837455830389,-0.097,False,False,True,True,True,2,False,False
0.5,0.55,29,1,2264,1.0775736430676766,0.8066743777101473,0.7907544542709302,0.8,-1.1618287713399253,10,-0.02268220024656649,0.010159010600706713,0.5039752650176679,-17.62902947224965,1090,188.6660777385159,50.39752650176679,2017-05-16,2026-09-01,0.5039752650176679,-0.045,True,True,True,True,True,4,True,True
0.5,0.55,30,1,2264,0.8458515635520141,0.5625611088181781,0.17523994118327868,0.7,-2.897479164568449,10,0.08255056760488237,0.022526501766784453,0.5092756183745583,-15.60091946104679,546,190.7809187279152,50.927561837455826,2017-05-16,2026-09-01,0.5092756183745583,0.162,False,True,True,False,True,2,False,False
0.5,0.55,31,1,2264,0.7636096627888016,0.46848213716405285,0.3099595435920921,0.6,-1.6526836093789683,10,-0.03701310918411359,0.015901060070671377,0.5008833922261484,-17.32858462593493,783,189.6678445229682,50.08833922261484,2017-05-16,2026-09-01,0.5008833922261484,-0.074,False,False,True,True,True,2,False,False
0.5,0.55,32,1,2264,0.3310563129396446,0.050098535478726884,0.18587777256192348,0.7,-2.107464833188954,10,-0.0642788512511036,0.007950530035335688,0.495583038869258,-33.540869130894016,564,185.21554770318022,49.5583038869258,2017-05-16,2026-09-01,0.495583038869258,-0.13,False,True,True,True,True,3,False,False
0.5,0.55,33,1,2264,-0.02124257386499528,-0.29818465468650907,-0.3869305074310344,0.4,-1.4049591174097134,10,-0.023771146090451428,0.007508833922261484,0.49779151943462896,-29.17799583516048,1584,186.66254416961132,49.77915194346289,2017-05-16,2026-09-01,0.49779151943462896,-0.048,False,False,True,True,True,2,False,False
0.5,0.55,34,1,2264,0.45032462904308035,0.16603555072521536,0.17156878027075573,0.7,-1.7753388014044493,10,-0.04924782871643114,0.015901060070671377,0.5044169611307421,-25.432364744283447,412,186.10600706713782,50.44169611307421,2017-05-16,2026-09-01,0.5044169611307421,-0.098,False,True,True,True,True,3,False,False
0.5,0.55,35,1,2264,1.2748141517193592,1.0095047848061727,0.7290768880123795,0.8,-1.1314428807287242,10,0.10035074456060314,-0.0017667844522968198,0.508833922261484,-9.003933326482697,334,192.339222614841,50.8833922261484,2017-05-16,2026-09-01,0.508833922261484,0.197,True,True,True,False,True,3,False,True
0.5,0.55,36,1,2264,1.4149954265492106,1.1419213701568034,0.8088042211928768,0.9,-1.862426119420819,10,0.04094579614583723,0.019434628975265017,0.4991166077738516,-9.041256756140537,308,186.2173144876325,49.91166077738516,2017-05-16,2026-09-01,0.4991166077738516,0.082,True,True,True,True,True,4,True,True
0.5,0.55,37,1,2264,1.143143657082545,0.8654253888364627,0.6633731117522873,0.6,-0.4575546071909116,10,0.03137984997577561,-0.0035335689045936395,0.48498233215547704,-14.081332996111012,916,181.65371024734984,48.49823321554771,2017-05-16,2026-09-01,0.48498233215547704,0.065,True,False,True,True,True,3,False,False
0.5,0.55,38,1,2264,0.34868855265693366,0.06427156465798307,-0.08920879043541194,0.4,-1.4328075225922177,10,0.025747353715285196,0.008392226148409895,0.5030918727915195,-16.777329946326912,1763,185.9946996466431,50.30918727915194,2017-05-16,2026-09-01,0.5030918727915195,0.051,False,False,True,True,True,2,False,False
0.5,0.55,39,1,2264,0.17608394287803011,-0.10683155173884228,-0.11227727883924413,0.4,-1.4013579112064098,10,0.01226402173181017,0.014134275618374558,0.4920494699646643,-33.818233194237045,2053,187.7756183745583,49.20494699646643,2017-05-16,2026-09-01,0.4920494699646643,0.025,False,False,True,True,True,2,False,False
0.5,0.55,40,1,2264,0.669859421978562,0.39497849430842463,0.2885236679574629,0.6,-0.8928727891969525,10,-0.001394062955168025,-0.006183745583038869,0.49823321554770317,-22.114020454586182,1064,187.5530035335689,49.82332155477032,2017-05-16,2026-09-01,0.49823321554770317,-0.003,False,False,True,True,True,2,False,False
0.5,0.55,41,1,2264,0.4870551785725132,0.20503989945484907,0.2897029559194881,0.6,-1.061276693829671,10,0.03046532267607075,0.009275618374558304,0.5030918727915195,-20.954664590947235,1253,191.33745583038868,50.30918727915194,2017-05-16,2026-09-01,0.5030918727915195,0.061,False,False,True,True,True,2,False,False
0.5,0.55,42,1,2264,0.9833915393266646,0.7141343829346013,0.5892990053873617,0.8,-0.935985558127808,10,0.06580470448566791,0.006183745583038869,0.49734982332155475,-15.470810017521398,1121,185.9946996466431,49.734982332155475,2017-05-16,2026-09-01,0.49734982332155475,0.132,False,True,True,True,True,3,False,False
0.5,0.55,43,1,2264,1.2902621162234942,1.0192568494925351,0.8855484212618104,0.7,-1.074087909375228,10,-0.012442260101215826,-0.007067137809187279,0.49823321554770317,-16.586698978803422,496,184.2137809187279,49.82332155477032,2017-05-16,2026-09-01,0.49823321554770317,-0.025,True,True,True,True,True,4,True,True
0.5,0.55,44,1,2264,0.5492100015555461,0.25601620666180164,0.06987390099142755,0.4,-1.0414611866024805,10,-0.04856266255368218,0.0030918727915194345,0.502208480565371,-15.285465978160593,684,189.7791519434629,50.22084805653711,2017-05-16,2026-09-01,0.502208480565371,-0.097,False,False,True,True,True,2,False,False
0.5,0.55,45,1,2264,0.7632350561004461,0.4790745527457467,0.4164991606526908,0.5,-1.1146957593014974,10,0.048966807940782425,0.01060070671378092,0.4920494699646643,-17.57204520959753,691,186.32862190812722,49.20494699646643,2017-05-16,2026-09-01,0.4920494699646643,0.1,False,False,True,True,True,2,False,False
0.5,0.55,46,1,2264,1.4316706679910094,1.1414259849433916,0.4607638729836258,0.7,-2.4117122832965063,10,0.07610769434916378,0.011484098939929329,0.4991166077738516,-12.885824844620572,464,190.4469964664311,49.91166077738516,2017-05-16,2026-09-01,0.4991166077738516,0.152,False,True,True,False,True,2,False,False
0.5,0.55,47,1,2264,1.0416495674858408,0.7550443532968943,0.9438853724384263,0.8,-0.6270829411422945,10,-0.010027097930137828,0.007067137809187279,0.49734982332155475,-8.623031566124869,309,185.77208480565372,49.734982332155475,2017-05-16,2026-09-01,0.49734982332155475,-0.02,True,True,True,True,True,4,True,True
0.5,0.55,48,1,2264,0.24771598325301375,-0.03988305008713965,0.12917666479596093,0.6,-1.4524586964347745,10,-0.03979403813303966,0.00441696113074205,0.5,-30.227821240118057,934,186.10600706713782,50.0,2017-05-16,2026-09-01,0.5,-0.08,False,False,True,True,True,2,False,False
0.5,0.55,49,1,2264,1.5053835840133918,1.2351439665562625,0.8461799289079841,0.9,-1.272412858341083,10,0.04320666013592894,0.023409893992932862,0.49337455830388693,-9.687158319695765,310,184.7703180212014,49.33745583038869,2017-05-16,2026-09-01,0.49337455830388693,0.088,True,True,True,True,True,4,True,True
0.5,0.55,50,1,2264,1.0124132365752312,0.7263090967617859,0.6279185239340644,0.7,-0.6968954954291041,10,-0.1023070042724486,0.00530035335689046,0.5008833922261484,-17.248092722526376,672,190.4469964664311,50.08833922261484,2017-05-16,2026-09-01,0.5008833922261484,-0.204,True,True,True,False,True,3,False,True
0.5,0.55,51,1,2264,0.8338756097314993,0.5308112549982601,0.45054126968521185,0.6,-1.3511324499990156,10,-0.0017816988435593866,0.014134275618374558,0.4991166077738516,-11.036036328934811,432,192.339222614841,49.91166077738516,2017-05-16,2026-09-01,0.4991166077738516,-0.004,False,False,True,True,True,2,False,False
0.5,0.55,52,1,2264,0.8803944829840994,0.5907601539060526,0.6642480671375447,0.8,-0.938364758094469,10,-0.01412738826127073,0.018109540636042403,0.5128091872791519,-20.710257357134836,467,191.33745583038868,51.28091872791519,2017-05-16,2026-09-01,0.5128091872791519,-0.028,True,True,True,True,True,4,True,True
0.5,0.55,53,1,2264,0.6389684475627027,0.3752128406707755,0.21235181343336262,0.6,-1.3292618509687533,10,-0.021506832126628635,0.02517667844522968,0.4924911660777385,-19.638392424927538,681,187.4416961130742,49.24911660777385,2017-05-16,2026-09-01,0.4924911660777385,-0.044,False,False,True,True,True,2,False,False
0.5,0.55,54,1,2264,0.8857936507662069,0.6132852156651611,0.7293768606551974,0.8,-0.5538234019872539,10,-0.02225719424133752,-0.017226148409893994,0.49514134275618377,-15.670045892701745,476,186.2173144876325,49.514134275618375,2017-05-16,2026-09-01,0.49514134275618377,-0.045,True,True,True,True,True,4,True,True
0.5,0.55,55,1,2264,1.093964430927265,0.7942473507939358,1.096500958277691,0.9,-0.291754246311015,10,-0.06149171152702007,-0.013250883392226149,0.5097173144876325,-10.016069612136269,423,188.7773851590106,50.971731448763244,2017-05-16,2026-09-01,0.5097173144876325,-0.121,True,True,True,True,True,4,True,True
0.5,0.55,56,1,2264,1.5396834090269933,1.2411209248294013,1.0034545681473688,0.8,-0.7194668914808102,10,-0.03436393175183608,0.009717314487632508,0.5061837455830389,-13.578742825530643,266,191.67137809187278,50.61837455830389,2017-05-16,2026-09-01,0.5061837455830389,-0.068,True,True,True,True,True,4,True,True
0.5,0.55,57,1,2264,0.13508528569157968,-0.1362098267108358,-0.060273451547832244,0.4,-1.1965590267493669,10,-0.02877640885656647,0.02871024734982332,0.5101590106007067,-32.87927255235949,876,190.89222614840992,51.01590106007067,2017-05-16,2026-09-01,0.5101590106007067,-0.056,False,False,True,True,True,2,False,False
0.5,0.55,58,1,2264,0.22394045388720207,-0.045452181253262565,-0.07184221840505826,0.4,-0.9426241124449943,10,-0.018829292174949247,0.0008833922261484099,0.4991166077738516,-33.12058651659618,1864,185.43816254416961,49.91166077738516,2017-05-16,2026-09-01,0.4991166077738516,-0.038,False,False,True,True,True,2,False,False
0.5,0.55,59,1,2264,0.7323673979208131,0.4471942498310725,0.7275289929420387,0.7,-0.2764978774669446,10,0.09637987113008978,0.011484098939929329,0.48939929328621906,-18.379454111274228,404,187.4416961130742,48.93992932862191,2017-05-16,2026-09-01,0.48939929328621906,0.197,True,True,True,False,True,3,False,True
0.5,0.6,0,1,2264,1.6010126962622786,1.3347305610520916,0.9278943912910442,0.9,-2.030746073403115,10,0.0680588778502294,-0.00044169611307420494,0.5083922261484098,-10.931058937327842,257,184.88162544169612,50.839222614840985,2017-05-16,2026-09-01,0.5083922261484098,0.134,True,True,True,True,True,4,True,True
0.5,0.6,1,1,2264,1.6571302568818718,1.3869044276762794,2.1357160217153464,1.0,0.28514464558207975,10,0.16761830994471413,0.04063604240282685,0.4876325088339223,-8.332688123436377,234,185.9946996466431,48.76325088339223,2017-05-16,2026-09-01,0.4876325088339223,0.344,True,True,True,False,False,3,False,False
0.5,0.6,2,1,2264,1.6771468205740165,1.371849743215382,1.0669368342622763,0.9,-1.1165760746398201,10,-0.03094698031654799,0.0035335689045936395,0.5106007067137809,-9.537102077063341,251,195.67844522968198,51.060070671378085,2017-05-16,2026-09-01,0.5106007067137809,-0.061,True,True,True,True,True,4,True,True
0.5,0.6,3,1,2264,1.742389391727088,1.4704254975421616,1.94067566938195,0.9,-0.47610188009008997,10,0.08501378217946123,0.036219081272084806,0.5017667844522968,-9.670613170668233,425,187.99823321554769,50.17667844522968,2017-05-16,2026-09-01,0.5017667844522968,0.169,True,True,True,False,True,3,False,True
0.5,0.6,4,1,2264,1.4848217533763493,1.2017812882052539,0.9731916905837577,0.8,-0.6707986649107435,10,0.06871622635105827,0.017226148409893994,0.5075088339222615,-17.952725843343707,755,196.5689045936396,50.75088339222616,2017-05-16,2026-09-01,0.5075088339222615,0.135,True,True,True,True,True,4,True,True
0.5,0.6,5,1,2264,1.213585748424494,0.9360989732275027,1.0181197735487832,0.9,-0.2307237814638347,10,-0.06084158456105655,0.020318021201413426,0.4991166077738516,-15.081630503957843,448,186.32862190812722,49.91166077738516,2017-05-16,2026-09-01,0.4991166077738516,-0.122,True,True,True,True,True,4,True,True
0.5,0.6,6,1,2264,2.2267475706080306,1.9397717214856007,1.7473985052649783,1.0,0.07446212493104883,10,-0.11444110326183429,0.03489399293286219,0.49779151943462896,-10.187112849563217,186,191.00353356890457,49.77915194346289,2017-05-16,2026-09-01,0.49779151943462896,-0.23,True,True,True,False,True,3,False,True
0.5,0.6,7,1,2264,1.263477992202239,0.978034349324103,1.0129030936487458,0.9,-0.6936850294426873,10,0.003685085244080629,-0.007508833922261484,0.49425795053003535,-12.04160883304537,534,183.8798586572438,49.42579505300353,2017-05-16,2026-09-01,0.49425795053003535,0.007,True,True,True,True,True,4,True,True
0.5,0.6,8,1,2264,1.2732734598138167,0.9766111366523171,0.8693595930277911,0.9,-1.0028200965307552,10,0.033133137408097056,0.007950530035335688,0.5123674911660777,-13.802021953936784,519,197.34805653710248,51.23674911660777,2017-05-16,2026-09-01,0.5123674911660777,0.065,True,True,True,True,True,4,True,True
0.5,0.6,9,1,2264,0.768490393294943,0.47145554976641785,0.5030438689298369,0.7,-1.7928539813854512,10,0.13044654814176881,0.02120141342756184,0.4911660777385159,-21.345838985560196,600,191.4487632508834,49.11660777385159,2017-05-16,2026-09-01,0.4911660777385159,0.266,False,True,True,False,True,2,False,False
0.5,0.6,10,1,2264,1.361980989106475,1.0777147609833515,0.7670834203794908,0.7,-1.0525289923718972,10,-0.0414522410351242,0.016342756183745585,0.4986749116607774,-20.330442099871863,309,188.5547703180212,49.86749116607774,2017-05-16,2026-09-01,0.4986749116607774,-0.083,True,True,True,True,True,4,True,True
0.5,0.6,11,1,2264,1.5456884396578146,1.281751833514027,1.5747524875850933,0.9,-0.09895962172288707,10,0.04337154383002819,0.03975265017667844,0.4991166077738516,-9.44321116734681,281,177.75795053003534,49.91166077738516,2017-05-16,2026-09-01,0.4991166077738516,0.087,True,True,True,True,True,4,True,True
0.5,0.6,12,1,2264,1.588083760421146,1.2833455786795702,1.1613307634705783,0.8,-0.11954661540598989,10,-0.026302058208779625,0.009275618374558304,0.5004416961130742,-9.280818879609921,206,192.8957597173145,50.044169611307424,2017-05-16,2026-09-01,0.5004416961130742,-0.053,True,True,True,True,True,4,True,True
0.5,0.6,13,1,2264,1.885296742686438,1.6046818430599001,1.7124183753659257,0.9,-0.1966645518256021,10,0.06209176417553386,0.006183745583038869,0.515017667844523,-19.332075358387613,282,189.0,51.50176678445229,2017-05-16,2026-09-01,0.515017667844523,0.121,True,True,True,True,True,4,True,True
0.5,0.6,14,1,2264,1.15510381985981,0.874342025655898,0.7733398635947428,0.9,-1.107632966445146,10,0.09038479302030718,0.026943462897526502,0.49690812720848054,-13.598488601173619,536,189.3339222614841,49.69081272084806,2017-05-16,2026-09-01,0.49690812720848054,0.182,True,True,True,False,True,3,False,True
0.5,0.6,15,1,2264,1.441361176071187,1.166969735458678,1.0280222174583666,0.8,-0.7730901320310757,10,-0.032105858536046944,0.015901060070671377,0.5035335689045937,-19.43310526128269,366,194.23144876325088,50.35335689045937,2017-05-16,2026-09-01,0.5035335689045937,-0.064,True,True,True,True,True,4,True,True
0.5,0.6,16,1,2264,1.7870093863649086,1.4822356389059026,1.1113213119690228,0.9,-1.0098630715122756,10,-0.02514473897373646,0.0176678445229682,0.4991166077738516,-13.52218050670606,193,193.7862190812721,49.91166077738516,2017-05-16,2026-09-01,0.4991166077738516,-0.05,True,True,True,True,True,4,True,True
0.5,0.6,17,1,2264,1.4650575842045257,1.1794419014801685,0.8151973740701136,0.9,-1.6650734770458684,10,-0.06764937001981815,0.020318021201413426,0.5247349823321554,-19.9929590471479,902,196.90282685512366,52.473498233215544,2017-05-16,2026-09-01,0.5247349823321554,-0.129,True,True,True,True,True,4,True,True
0.5,0.6,18,1,2264,1.1521595621882395,0.8740532808244191,0.9209983096796177,0.8,-0.5857853990732678,10,-0.03453640645009521,0.009717314487632508,0.4920494699646643,-14.276165399202972,511,191.00353356890457,49.20494699646643,2017-05-16,2026-09-01,0.4920494699646643,-0.07,True,True,True,True,True,4,True,True
0.5,0.6,19,1,2264,1.372544061776648,1.0773079711219797,1.0475864709249714,0.8,-0.5199601026970193,10,-0.07211581665021238,-0.001325088339222615,0.48454063604240283,-14.755224369853902,524,187.2190812720848,48.45406360424028,2017-05-16,2026-09-01,0.48454063604240283,-0.149,True,True,True,True,True,4,True,True
0.5,0.6,20,1,2264,1.5527236845160384,1.2277081494611033,0.9024337255675084,0.8,-1.4205730864957662,10,0.03990863692961783,0.0088339222614841,0.5061837455830389,-15.293563542239625,634,193.5636042402827,50.61837455830389,2017-05-16,2026-09-01,0.5061837455830389,0.079,True,True,True,True,True,4,True,True
0.5,0.6,21,1,2264,1.7016400479858245,1.4251953938282012,1.6501399144154534,0.9,-0.024194767197535928,10,0.11228405060269935,0.02561837455830389,0.5026501766784452,-11.283762905747551,264,185.660777385159,50.265017667844525,2017-05-16,2026-09-01,0.5026501766784452,0.223,True,True,True,False,True,3,False,True
0.5,0.6,22,1,2264,1.1438206560065138,0.8591652180340579,0.8849894340279405,0.8,-1.1091980189612922,10,0.06595145476968742,0.0176678445229682,0.5035335689045937,-10.322924712414414,557,189.4452296819788,50.35335689045937,2017-05-16,2026-09-01,0.5035335689045937,0.131,True,True,True,True,True,4,True,True
0.5,0.6,23,1,2264,2.089789712088668,1.795996552264309,1.4762152855237252,0.9,-0.5869792818562019,10,-0.02933114940956178,0.04284452296819788,0.5092756183745583,-7.931886665073954,295,193.452296819788,50.927561837455826,2017-05-16,2026-09-01,0.5092756183745583,-0.058,True,True,True,True,True,4,True,True
0.5,0.6,24,1,2264,1.9724114930759988,1.6721367885676395,2.1406518745363625,1.0,0.6629174682696476,10,-0.032470325933057494,-0.0017667844522968198,0.4929328621908127,-10.816850314111626,147,188.4434628975265,49.293286219081274,2017-05-16,2026-09-01,0.4929328621908127,-0.066,True,True,True,True,True,4,True,True
0.5,0.6,25,1,2264,0.9825012310363432,0.6886763805226084,0.913987758199367,0.7,-0.525075954885487,10,-0.03164354397132797,0.006183745583038869,0.4929328621908127,-21.544565552389177,446,188.6660777385159,49.293286219081274,2017-05-16,2026-09-01,0.4929328621908127,-0.064,True,True,True,True,True,4,True,True
0.5,0.6,26,1,2264,1.7090848850852673,1.4177086805163983,1.8329603988824303,1.0,0.2913691554703798,10,0.05755746990984574,0.024734982332155476,0.5008833922261484,-9.617668877926322,209,188.2208480565371,50.08833922261484,2017-05-16,2026-09-01,0.5008833922261484,0.115,True,True,True,True,True,4,True,True
0.5,0.6,27,1,2264,1.091047175411853,0.8243399184417458,0.955546732013041,0.7,-0.6102245200398724,10,-0.05773096516123453,0.045053003533568906,0.4920494699646643,-20.519385712264683,362,182.87809187279154,49.20494699646643,2017-05-16,2026-09-01,0.4920494699646643,-0.117,True,True,True,True,True,4,True,True
0.5,0.6,28,1,2264,1.24550094440782,0.9762212167228443,0.6170634838915876,0.7,-1.5226601505609736,10,-0.08786664203730585,0.004858657243816254,0.4986749116607774,-20.981459236200863,375,184.9929328621908,49.86749116607774,2017-05-16,2026-09-01,0.4986749116607774,-0.176,True,True,True,False,True,3,False,True
0.5,0.6,29,1,2264,1.3133039977962722,1.026816149635587,1.4060425032339092,1.0,0.03522213158059806,10,-0.05969170692146731,0.00265017667844523,0.5,-7.793919383602249,371,185.77208480565372,50.0,2017-05-16,2026-09-01,0.5,-0.119,True,True,True,True,True,4,True,True
0.5,0.6,30,1,2264,1.5144429800041324,1.2179529338939274,0.9008925411744362,0.9,-0.8457843048772692,10,0.018902622933113334,-0.006183745583038869,0.5035335689045937,-13.314301907091064,374,191.56007067137807,50.35335689045937,2017-05-16,2026-09-01,0.5035335689045937,0.038,True,True,True,True,True,4,True,True
0.5,0.6,31,1,2264,1.7742596532637671,1.4722923577204012,0.8964352807454817,0.9,-0.98219069981964,10,0.01832017135201274,-0.018109540636042403,0.49779151943462896,-11.095145170321995,313,183.2120141342756,49.77915194346289,2017-05-16,2026-09-01,0.49779151943462896,0.037,True,True,True,True,True,4,True,True
0.5,0.6,32,1,2264,1.3819542109671425,1.0883683701831615,1.2122262646538198,0.9,-0.4403045452360033,10,0.024931266813435844,0.028268551236749116,0.5123674911660777,-13.400414295770336,482,192.78445229681978,51.23674911660777,2017-05-16,2026-09-01,0.5123674911660777,0.049,True,True,True,True,True,4,True,True
0.5,0.6,33,1,2264,1.6541277393789873,1.3624804398064942,1.3433276501821292,1.0,0.01691627012864208,10,-0.03793279611009014,0.02782685512367491,0.48895759717314485,-9.978986797277845,419,192.6731448763251,48.89575971731448,2017-05-16,2026-09-01,0.48895759717314485,-0.078,True,True,True,True,True,4,True,True
0.5,0.6,34,1,2264,1.8131087596575257,1.5399411020773541,1.8525756057039022,1.0,0.4679275365464495,10,0.008053811648278501,0.04637809187279152,0.5013250883392226,-14.211489680920032,213,187.886925795053,50.13250883392226,2017-05-16,2026-09-01,0.5013250883392226,0.016,True,True,True,True,True,4,True,True
0.5,0.6,35,1,2264,1.3576853261484727,1.0817270409561281,1.2280124846385523,0.9,-0.7711803537973541,10,-0.015143224903323997,0.020318021201413426,0.495583038869258,-15.119593414738041,372,191.89399293286218,49.5583038869258,2017-05-16,2026-09-01,0.495583038869258,-0.031,True,True,True,True,True,4,True,True
0.5,0.6,36,1,2264,1.8120185083802396,1.5248122788732388,1.597621768395308,0.9,-0.08083970657617531,10,0.08817336742369736,0.01678445229681979,0.4911660777385159,-12.086955090589946,391,191.7826855123675,49.11660777385159,2017-05-16,2026-09-01,0.4911660777385159,0.18,True,True,True,False,True,3,False,True
0.5,0.6,37,1,2264,1.8760884689566626,1.598907938372241,1.5319091597915886,0.9,-0.35392575070713905,10,-0.0800361235735675,0.026060070671378093,0.5145759717314488,-12.062728925790257,255,194.23144876325088,51.457597173144876,2017-05-16,2026-09-01,0.5145759717314488,-0.156,True,True,True,False,True,3,False,True
0.5,0.6,38,1,2264,1.7097461707822403,1.4108510344855432,2.2049690582561707,1.0,0.6525674387346893,10,0.055286993171618684,0.008392226148409895,0.5039752650176679,-7.633966115902179,218,189.2226148409894,50.39752650176679,2017-05-16,2026-09-01,0.5039752650176679,0.11,True,True,True,True,True,4,True,True
0.5,0.6,39,1,2264,0.7526943175521794,0.4758300802094349,0.6150440903530648,0.8,-0.6818319099439734,10,-0.04182820255320752,0.008392226148409895,0.5066254416961131,-19.85206163036915,454,188.5547703180212,50.66254416961131,2017-05-16,2026-09-01,0.5066254416961131,-0.083,True,True,True,True,True,4,True,True
0.5,0.6,40,1,2264,1.7447681983889267,1.4596403290709279,2.2207312749831574,1.0,0.08502931041537329,10,-0.009532922976636458,0.04107773851590106,0.5013250883392226,-9.603379757857814,262,187.10777385159008,50.13250883392226,2017-05-16,2026-09-01,0.5013250883392226,-0.019,True,True,True,True,True,4,True,True
0.5,0.6,41,1,2264,1.9289540701987906,1.6343157827027257,1.96945874979359,1.0,0.433058308002184,10,-0.035911314945782855,0.023851590106007067,0.5141342756183745,-12.67078337437566,144,191.11484098939928,51.41342756183745,2017-05-16,2026-09-01,0.5141342756183745,-0.07,True,True,True,True,True,4,True,True
0.5,0.6,42,1,2264,1.367510033128665,1.0842632731434707,1.0846899824947176,0.9,-0.5034124005231352,10,-0.04674329662638394,0.018109540636042403,0.502208480565371,-10.419122625383581,281,182.09893992932862,50.22084805653711,2017-05-16,2026-09-01,0.502208480565371,-0.093,True,True,True,True,True,4,True,True
0.5,0.6,43,1,2264,1.887746437239843,1.5656427635054329,1.0096926610858838,0.8,-0.3692286515237105,10,-0.014514368684517946,0.0066254416961130744,0.5039752650176679,-15.02182865528826,265,197.4593639575972,50.39752650176679,2017-05-16,2026-09-01,0.5039752650176679,-0.029,True,True,True,True,True,4,True,True
0.5,0.6,44,1,2264,1.538799970488851,1.2705875633101718,1.6624405808985512,1.0,0.02523131235680681,10,0.04414159705663791,0.028268551236749116,0.495583038869258,-10.872617095996496,207,185.8833922261484,49.5583038869258,2017-05-16,2026-09-01,0.495583038869258,0.089,True,True,True,True,True,4,True,True
0.5,0.6,45,1,2264,1.600056044098398,1.2853611463338188,0.8031919249002875,0.9,-1.3250685741886605,10,-0.016797769280735102,0.009717314487632508,0.4991166077738516,-15.067662774782125,335,190.89222614840992,49.91166077738516,2017-05-16,2026-09-01,0.4991166077738516,-0.034,True,True,True,True,True,4,True,True
0.5,0.6,46,1,2264,1.9200969322246446,1.6482722537955843,1.7903537101462088,1.0,0.25020516525394215,10,0.08570921951748628,0.00265017667844523,0.48939929328621906,-14.736990723229715,140,184.88162544169612,48.93992932862191,2017-05-16,2026-09-01,0.48939929328621906,0.175,True,True,True,False,True,3,False,True
0.5,0.6,47,1,2264,0.980413170495829,0.6940286226066298,0.7404968602564537,0.7,-0.6686873283645534,10,0.04707327440067781,0.01987632508833922,0.49425795053003535,-18.83339553428977,305,187.66431095406358,49.42579505300353,2017-05-16,2026-09-01,0.49425795053003535,0.095,True,True,True,True,True,4,True,True
0.5,0.6,48,1,2264,1.6353784042496007,1.3639698363782047,2.171539826787671,1.0,0.19244723113182466,10,0.028308095585182234,0.04902826855123675,0.48895759717314485,-14.941023388333296,260,187.2190812720848,48.89575971731448,2017-05-16,2026-09-01,0.48895759717314485,0.058,True,True,True,True,True,4,True,True
0.5,0.6,49,1,2264,1.1269458793952636,0.8158347598892839,0.9185414543188574,0.9,-0.329930078979369,10,0.054805080184122994,0.021643109540636044,0.4907243816254417,-10.280955709841692,505,189.4452296819788,49.07243816254417,2017-05-16,2026-09-01,0.4907243816254417,0.112,True,True,True,True,True,4,True,True
0.5,0.6,50,1,2264,1.0451141871850673,0.7642416195724342,0.9963554196668342,0.7,-0.740021390043591,10,-0.09882538349034363,-0.001325088339222615,0.5066254416961131,-21.697879609169203,388,186.88515901060072,50.66254416961131,2017-05-16,2026-09-01,0.5066254416961131,-0.195,True,True,True,False,True,3,False,True
0.5,0.6,51,1,2264,1.5062299038353322,1.1986318178476971,1.5099635775082523,0.9,-0.353245443057645,10,-0.09974473007826626,-0.007508833922261484,0.49514134275618377,-10.123189430659618,417,191.89399293286218,49.514134275618375,2017-05-16,2026-09-01,0.49514134275618377,-0.201,True,True,True,False,True,3,False,True
0.5,0.6,52,1,2264,1.5541878886554308,1.2830881523338336,1.1711556124879074,0.9,-0.7690009331869464,10,-0.16309906787455014,0.0008833922261484099,0.49381625441696114,-20.890108379471695,269,189.4452296819788,49.381625441696116,2017-05-16,2026-09-01,0.49381625441696114,-0.33,True,True,True,False,False,3,False,False
0.5,0.6,53,1,2264,1.0644309163939114,0.7728306292270277,0.7492400003750264,0.8,-0.2108070338368978,10,-0.000340759739471531,0.03312720848056537,0.4801236749116608,-17.440365967457915,319,183.6572438162544,48.01236749116608,2017-05-16,2026-09-01,0.4801236749116608,-0.001,True,True,True,True,True,4,True,True
0.5,0.6,54,1,2264,1.4696760145965406,1.1672341422139967,1.180180359126938,0.9,-0.5252311113853408,10,0.024306235481385736,0.00530035335689046,0.5053003533568905,-7.638681855031887,294,185.8833922261484,50.53003533568905,2017-05-16,2026-09-01,0.5053003533568905,0.048,True,True,True,True,True,4,True,True
0.5,0.6,55,1,2264,1.8123719825434135,1.5350739468514738,1.3784810951131654,0.9,-0.019217619295687396,10,0.07728793453155956,0.01060070671378092,0.48586572438162545,-10.841918705620813,292,190.4469964664311,48.58657243816255,2017-05-16,2026-09-01,0.48586572438162545,0.159,True,True,True,False,True,3,False,True
0.5,0.6,56,1,2264,1.5665080306771777,1.2561511183611753,1.555673812203978,1.0,0.09859187640757072,10,-0.09150168532611339,-0.011042402826855124,0.49779151943462896,-12.552640988177533,239,188.3321554770318,49.77915194346289,2017-05-16,2026-09-01,0.49779151943462896,-0.184,True,True,True,False,True,3,False,True
0.5,0.6,57,1,2264,1.509629371904107,1.2275211490294,1.3418113871480657,0.9,-0.17507450925527587,10,0.0700605655464785,0.005742049469964664,0.4995583038869258,-12.140308801069061,450,188.2208480565371,49.955830388692576,2017-05-16,2026-09-01,0.4995583038869258,0.14,True,True,True,True,True,4,True,True
0.5,0.6,58,1,2264,1.7968174146718923,1.4856788976240578,0.9761755400658682,0.8,-1.1141508017285418,10,0.06391292511137926,0.007508833922261484,0.5101590106007067,-8.058395812086836,184,194.3427561837456,51.01590106007067,2017-05-16,2026-09-01,0.5101590106007067,0.125,True,True,True,True,True,4,True,True
0.5,0.6,59,1,2264,1.4576166307619107,1.166832637830924,1.3915328979893988,0.9,-0.4873100343087057,10,0.02786386955862273,-0.0008833922261484099,0.495583038869258,-14.71134750762113,310,189.1113074204947,49.5583038869258,2017-05-16,2026-09-01,0.495583038869258,0.056,True,True,True,True,True,4,True,True
