event,offset,hold,window,cell,sign,SR_IS,SR_OOS,full_SR_net,full_SR_of_SR,full_positive_years,full_yr_sr_min,full_n_years,full_beta,full_abs_exec_w,full_turnover_ann,full_held_pct,full_n_bars,beta_per_w,gate_srsr,gate_posyr,gate_nyr,gate_beta,gate_beta_raw,n_gates,passes
CPI,-2,1,c2c,CPI|off-2|h1|c2c,1,0.2630472588130568,0.6239820029495381,0.4019704393497484,0.5229936768836835,0.7647058823529411,-1.4105717811427592,17,0.0250585465788687,0.0318196354333226,16.037096258394627,3.181963543332268,6254,0.788,False,True,True,False,True,2,False
CPI,-2,1,o2o,CPI|off-2|h1|o2o,1,0.1977568184158434,0.4710870874062923,0.3036010835217122,0.5812657736926334,0.7647058823529411,-1.0829963054908796,17,0.0209235799412904,0.0318196354333226,16.037096258394627,3.181963543332268,6254,0.658,False,True,True,False,True,2,False
CPI,-2,1,day,CPI|off-2|h1|day,1,-0.0617849348617115,-0.3873250544419532,-0.1872009484833819,-0.1729633637059317,0.3529411764705882,-1.2464961698220425,17,0.0156441575883682,0.0318145483613109,16.03453237410072,3.181454836131095,6255,0.492,False,False,True,False,True,1,False
CPI,-2,1,ongap,CPI|off-2|h1|ongap,-1,0.5414486535216265,-0.9736984159428465,-0.1704122193476971,-0.86012077172646,0.2,-2.1355748634825664,10,-0.0469122565969528,0.0485865724381625,24.48763250883392,4.858657243816254,2264,-0.966,False,False,True,False,True,1,False
CPI,-2,1,night,CPI|off-2|h1|night,1,0.1889367672389741,0.5827653100890604,0.5341519247761046,0.5308407910087994,0.7,-1.3866822801214165,10,0.0900920918945409,0.0485865724381625,24.48763250883392,4.858657243816254,2264,1.854,False,True,True,False,True,2,False
CPI,-2,2,c2c,CPI|off-2|h2|c2c,1,0.3049142230908852,0.8771253830358297,0.5278935524763297,0.7423019929866979,0.7647058823529411,-0.9722333665390942,17,0.0395711518541923,0.0636392708666453,16.037096258394627,6.363927086664535,6254,0.622,True,True,True,False,True,3,False
CPI,-2,2,o2o,CPI|off-2|h2|o2o,1,0.3231846625951838,0.4827964090490545,0.3709925878230286,0.5573834210345342,0.7647058823529411,-1.5209790415679658,17,0.0480646845788619,0.0636392708666453,16.037096258394627,6.363927086664535,6254,0.755,False,True,True,False,True,2,False
CPI,-2,2,day,CPI|off-2|h2|day,1,0.0492856843644877,-0.2366926744285223,-0.0664183473516607,-0.1083612440435172,0.5294117647058824,-1.9524026227227784,17,0.0340743462117506,0.0636290967226219,16.03453237410072,6.36290967226219,6255,0.536,False,False,True,False,True,1,False
CPI,-2,2,ongap,CPI|off-2|h2|ongap,1,-0.0621071121680704,0.4872591385913277,0.3260852692100821,0.395558687670453,0.6,-0.8096247084704307,10,0.1157323296928347,0.097173144876325,24.598939929328623,9.717314487632509,2264,1.191,False,False,True,False,True,1,False
CPI,-2,2,night,CPI|off-2|h2|night,1,0.824182850148769,0.7760044069587794,0.7428889304395926,0.8773372561921204,0.8,-0.5416728130985017,10,0.1555720292604845,0.097173144876325,24.598939929328623,9.717314487632509,2264,1.601,True,True,True,False,False,3,False
CPI,-1,1,c2c,CPI|off-1|h1|c2c,1,0.0452632733235434,0.5467762892974071,0.2448366940843637,0.3790573606200356,0.5882352941176471,-1.5304741643471966,17,0.0144996547262905,0.0318196354333226,16.037096258394627,3.181963543332268,6254,0.456,False,False,True,False,True,1,False
CPI,-1,1,o2o,CPI|off-1|h1|o2o,1,0.156391301604801,0.1915946204579207,0.1570743859523929,0.2883462071094443,0.5882352941176471,-1.457559552786935,17,0.0271376497279461,0.0318196354333226,16.037096258394627,3.181963543332268,6254,0.853,False,False,True,False,True,1,False
CPI,-1,1,day,CPI|off-1|h1|day,1,-0.0032113085646009,-0.0689363196829682,-0.0298903431528303,-0.072923897107231,0.4117647058823529,-1.9505411192722757,17,0.0184335327148234,0.0318145483613109,16.03453237410072,3.181454836131095,6255,0.579,False,False,True,False,True,1,False
CPI,-1,1,ongap,CPI|off-1|h1|ongap,1,1.3600677316786378,0.3129000141792563,0.4552008478150373,0.3888003839756314,0.7,-1.0700471802555704,10,0.0686095103144384,0.0485865724381625,24.598939929328623,4.858657243816254,2264,1.412,False,True,True,False,True,2,False
CPI,-1,1,night,CPI|off-1|h1|night,1,0.6172804929609848,0.4243405427334315,0.4167759130976403,0.6354644937788564,0.7,-0.6071721969737551,10,0.0653144187746009,0.0485865724381625,24.598939929328623,4.858657243816254,2264,1.344,True,True,True,False,True,3,False
CPI,-1,2,c2c,CPI|off-1|h2|c2c,1,0.0425453058619886,0.4251625055925962,0.1886463946010753,0.3810492425796016,0.6470588235294118,-0.9103863912013764,17,0.0386766377667697,0.0636392708666453,16.037096258394627,6.363927086664535,6254,0.608,False,False,True,False,True,1,False
CPI,-1,2,o2o,CPI|off-1|h2|o2o,1,0.0222246657675814,0.4346011351398067,0.206877929774187,0.3303856889436494,0.7058823529411765,-1.2214733154754291,17,0.0409402030851918,0.0636392708666453,16.037096258394627,6.363927086664535,6254,0.643,False,True,True,False,True,2,False
CPI,-1,2,day,CPI|off-1|h2|day,1,-0.1010147628619804,0.2177021513601726,0.0363227679815163,0.0529577768035061,0.4705882352941176,-1.0047101393245468,17,0.0304069219134392,0.0636290967226219,16.03453237410072,6.36290967226219,6255,0.478,False,False,True,False,True,1,False
CPI,-1,2,ongap,CPI|off-1|h2|ongap,1,0.9521387729170246,0.6633408663759974,0.6938047813986207,0.7902650901756119,0.8,-0.6236875314215435,10,0.0997910241468187,0.0976148409893992,24.598939929328623,9.76148409893993,2264,1.022,True,True,True,False,True,3,False
CPI,-1,2,night,CPI|off-1|h2|night,1,1.0986219021065062,0.2705248255022691,0.3094704230731192,0.5920206438507228,0.8,-1.4510263635483944,10,0.1278102394448114,0.0976148409893992,24.598939929328623,9.76148409893993,2264,1.309,False,True,True,False,True,2,False
CPI,0,1,c2c,CPI|off0|h1|c2c,1,-0.0625080081497706,0.0277182009103481,-0.0277984628150273,0.0178687995680176,0.3529411764705882,-1.5142504094678055,17,0.0242036171310035,0.0318196354333226,16.037096258394627,3.181963543332268,6254,0.761,False,False,True,False,True,1,False
CPI,0,1,o2o,CPI|off0|h1|o2o,-1,0.0228024043699588,-0.5863528647227156,-0.2339881642370259,-0.3055479601999963,0.4117647058823529,-2.1961542901526974,17,-0.0138049220411258,0.0318196354333226,16.037096258394627,3.181963543332268,6254,-0.434,False,False,True,False,True,1,False
CPI,0,1,day,CPI|off0|h1|day,-1,-0.0125915059395405,-0.5256248159184054,-0.2336665560288067,-0.2722360627021781,0.2941176470588235,-1.8840385117257488,17,-0.011970272065308,0.0318145483613109,16.03453237410072,3.181454836131095,6255,-0.376,False,False,True,False,True,1,False
CPI,0,1,ongap,CPI|off0|h1|ongap,-1,0.0449782584564148,-0.9313616937368744,-0.8199671287059791,-0.92984375116242,0.2,-2.8013541925348,10,-0.0307282841254314,0.0490282685512367,24.710247349823323,4.902826855123675,2264,-0.627,False,False,True,False,True,1,False
CPI,0,1,night,CPI|off0|h1|night,1,0.5467867648528987,-0.1379550463557988,-0.0891420622207901,0.2752557154566597,0.6,-1.4845733466774798,10,0.0626901698243909,0.0490282685512367,24.710247349823323,4.902826855123675,2264,1.279,False,False,True,False,True,1,False
CPI,0,2,c2c,CPI|off0|h2|c2c,1,0.08800427422886,0.2955061555532418,0.1672269581552336,0.2941879788126267,0.5294117647058824,-1.6551289997935994,17,0.0420236839752514,0.0636392708666453,16.037096258394627,6.363927086664535,6254,0.66,False,False,True,False,True,1,False
CPI,0,2,o2o,CPI|off0|h2|o2o,1,-0.0434701192442749,0.4355414539986292,0.1537923417182655,0.2272698202145344,0.5294117647058824,-1.0352159551847506,17,0.0325711376955111,0.0636392708666453,16.037096258394627,6.363927086664535,6254,0.512,False,False,True,False,True,1,False
CPI,0,2,day,CPI|off0|h2|day,-1,-0.0510354708239929,-0.2766557755435974,-0.1366913519170033,-0.2260494581029362,0.5294117647058824,-3.045928237913337,17,-0.0302594764715132,0.0636290967226219,16.03453237410072,6.36290967226219,6255,-0.476,False,False,True,False,True,1,False
CPI,0,2,ongap,CPI|off0|h2|ongap,1,-0.2744103178639472,-0.0144208500978834,-0.032347313370564,0.1658803211212822,0.6,-1.8416034363013647,10,0.1223993393788138,0.0980565371024735,24.710247349823323,9.80565371024735,2264,1.248,False,False,True,False,True,1,False
CPI,0,2,night,CPI|off0|h2|night,1,0.6527730124380708,0.2642064815145282,0.2795052866325036,0.5260351027167905,0.7,-0.8588250741345717,10,0.0906868677035216,0.0980565371024735,24.710247349823323,9.80565371024735,2264,0.925,False,True,True,False,True,2,False
CPI,1,1,c2c,CPI|off1|h1|c2c,1,0.1193796815835378,0.324840494275825,0.1999358575488983,0.254160207764918,0.5882352941176471,-1.5888462460968418,17,0.0178048397763067,0.0318196354333226,16.037096258394627,3.181963543332268,6254,0.56,False,False,True,False,True,1,False
CPI,1,1,o2o,CPI|off1|h1|o2o,1,0.0595258565105117,0.1299532280958255,0.0859392084852588,0.2138707627832209,0.5294117647058824,-1.0537149939374728,17,0.018751902603482,0.0318196354333226,16.037096258394627,3.181963543332268,6254,0.589,False,False,True,False,True,1,False
CPI,1,1,day,CPI|off1|h1|day,1,-0.0620078139718784,-0.2465413937065937,-0.1260270558938115,-0.019008890358243,0.4117647058823529,-1.7064508318110163,17,0.0182636086444235,0.0318145483613109,16.03453237410072,3.181454836131095,6255,0.574,False,False,True,False,True,1,False
CPI,1,1,ongap,CPI|off1|h1|ongap,1,0.2477517386181102,-0.424059285338355,-0.3659374341118616,-0.294138468394843,0.5,-2.012928184086128,10,0.091843659322433,0.0490282685512367,24.710247349823323,4.902826855123675,2264,1.873,False,False,True,False,True,1,False
CPI,1,1,night,CPI|off1|h1|night,1,-0.1533656416367915,0.5475208577797426,0.4783660531185401,0.4371773902629035,0.5,-1.119359673032659,10,0.0278832595709462,0.0490282685512367,24.710247349823323,4.902826855123675,2264,0.569,False,False,True,False,True,1,False
CPI,1,2,c2c,CPI|off1|h2|c2c,1,0.0501034485664165,0.4295882671085679,0.2084336627806511,0.3752332804917455,0.5882352941176471,-0.8752460147296893,17,0.0355243125835247,0.0636392708666453,16.037096258394627,6.363927086664535,6254,0.558,False,False,True,False,True,1,False
CPI,1,2,o2o,CPI|off1|h2|o2o,1,0.240880441670999,0.2183313585496288,0.2199032681669751,0.3490228962460489,0.7647058823529411,-1.3644953530442574,17,0.0354394014169177,0.0636392708666453,16.037096258394627,6.363927086664535,6254,0.557,False,True,True,False,True,2,False
CPI,1,2,day,CPI|off1|h2|day,1,0.0475127479771082,-0.0865792535024549,-0.0029252079413434,0.0531610378159943,0.5294117647058824,-1.5852725035212194,17,0.0351979682904216,0.0636290967226219,16.03453237410072,6.36290967226219,6255,0.553,False,False,True,False,True,1,False
CPI,1,2,ongap,CPI|off1|h2|ongap,1,-0.3505681537810971,-0.2603407131430811,-0.2547230198765689,-0.4461571934622799,0.4,-1.6635628735707126,10,0.1519900212609499,0.0980565371024735,24.710247349823323,9.80565371024735,2264,1.55,False,False,True,False,False,1,False
CPI,1,2,night,CPI|off1|h2|night,1,0.4406607487155823,0.6198123372225414,0.5913411321796236,0.922968121252818,0.8,-0.5384672172080988,10,0.0711317881166481,0.0980565371024735,24.710247349823323,9.80565371024735,2264,0.725,True,True,True,False,True,3,False
CPI,2,1,c2c,CPI|off2|h1|c2c,-1,-0.0610281363158311,-0.3548113972496867,-0.1842300734457413,-0.3829847819830314,0.3529411764705882,-2.5493132631233677,17,-0.0176553070485086,0.0318196354333226,16.037096258394627,3.181963543332268,6254,-0.555,False,False,True,False,True,1,False
CPI,2,1,o2o,CPI|off2|h1|o2o,1,0.1901656741099981,0.1088613147032059,0.1402204634251897,0.221438547910917,0.4705882352941176,-0.9993351815659522,17,0.0166621477087476,0.0318196354333226,16.037096258394627,3.181963543332268,6254,0.524,False,False,True,False,True,1,False
CPI,2,1,day,CPI|off2|h1|day,1,0.0119099802428973,0.0073201754748964,0.0097984854036125,-0.0208293064592789,0.4705882352941176,-1.778249429084635,17,0.0169087638842164,0.0318145483613109,16.03453237410072,3.181454836131095,6255,0.531,False,False,True,False,True,1,False
CPI,2,1,ongap,CPI|off2|h1|ongap,-1,0.1427184560581992,-0.2686181946900934,-0.2323981858774917,0.0954160288860276,0.6,-1.663317377123018,10,-0.0601172382431246,0.0490282685512367,24.710247349823323,4.902826855123675,2264,-1.226,False,False,True,False,True,1,False
CPI,2,1,night,CPI|off2|h1|night,1,0.3272935467952029,0.236703772863192,0.2474749241838465,0.6069453317513336,0.8,-0.8548869016024949,10,0.0432627772324349,0.0490282685512367,24.710247349823323,4.902826855123675,2264,0.882,True,True,True,False,True,3,False
CPI,2,2,c2c,CPI|off2|h2|c2c,1,0.0067495892163402,-0.3475759033734641,-0.1471557381418534,-0.0053639996206935,0.4117647058823529,-1.3689959209027407,17,0.0396271620363482,0.0636392708666453,16.037096258394627,6.363927086664535,6254,0.623,False,False,True,False,True,1,False
CPI,2,2,o2o,CPI|off2|h2|o2o,-1,-0.053524415516749,-0.1803679298431528,-0.1049119287365176,-0.2471663839139,0.4705882352941176,-2.5450729358102677,17,-0.0360124019977841,0.0636392708666453,16.037096258394627,6.363927086664535,6254,-0.566,False,False,True,False,True,1,False
CPI,2,2,day,CPI|off2|h2|day,-1,0.0122857296510666,-0.3775279201799028,-0.1463294093900049,-0.1675287717633994,0.4705882352941176,-2.3729147940725146,17,-0.0322897003597619,0.0636290967226219,16.03453237410072,6.36290967226219,6255,-0.507,False,False,True,False,True,1,False
CPI,2,2,ongap,CPI|off2|h2|ongap,-1,-0.5304518179592671,-0.2777253814250836,-0.2824248622794756,-0.4811423434789522,0.4,-0.9162263213479722,10,-0.0939529269230836,0.0980565371024735,24.710247349823323,9.80565371024735,2264,-0.958,False,False,True,False,True,1,False
CPI,2,2,night,CPI|off2|h2|night,1,0.2021666985974088,0.1978902920639532,0.1969386110402302,0.2954531436622401,0.6,-0.6002664745072503,10,0.0738679258520568,0.0980565371024735,24.710247349823323,9.80565371024735,2264,0.753,False,False,True,False,True,1,False
FOMC,-2,1,c2c,FOMC|off-2|h1|c2c,-1,0.1696541241913119,-0.2757598314979119,-0.0855960553625978,-0.2212567216001329,0.4166666666666667,-1.7744002432527488,12,-0.0147366370220132,0.0150303805564438,7.575311800447714,1.5030380556443876,6254,-0.98,False,False,True,False,True,1,False
FOMC,-2,1,o2o,FOMC|off-2|h1|o2o,1,0.028244126528955,0.6241583991171263,0.3278668606648043,0.5401781449239854,0.75,-1.3124042868150816,12,0.0104100698185567,0.0150303805564438,7.575311800447714,1.5030380556443876,6254,0.693,False,True,True,False,True,2,False
FOMC,-2,1,day,FOMC|off-2|h1|day,-1,-0.0387313311006449,-0.5312308630163134,-0.279762361231167,-0.3356052025119807,0.3333333333333333,-2.5480333650442666,12,-0.0067403940616529,0.0150279776179056,7.574100719424461,1.5027977617905677,6255,-0.449,False,False,True,False,True,1,False
FOMC,-2,1,ongap,FOMC|off-2|h1|ongap,1,0.7914786421961384,0.085607916512843,0.1178299782027683,0.2865235297713733,0.5,-0.965373230168396,10,0.021008490562362,0.0331272084805653,16.69611307420495,3.312720848056537,2264,0.634,False,False,True,False,True,1,False
FOMC,-2,1,night,FOMC|off-2|h1|night,1,0.6999682913008384,-0.2183683577184331,-0.127387092730451,0.1183854671311371,0.6,-1.8264110915168037,10,0.0359566790216023,0.0331272084805653,16.69611307420495,3.312720848056537,2264,1.085,False,False,True,False,True,1,False
FOMC,-2,2,c2c,FOMC|off-2|h2|c2c,-1,0.1804174210885712,-0.2193220741636269,-0.054280263558037,-0.1536133997870765,0.5833333333333334,-2.1459234673694505,12,-0.0324390841535617,0.0300607611128877,7.575311800447714,3.0060761112887757,6254,-1.079,False,False,True,False,True,1,False
FOMC,-2,2,o2o,FOMC|off-2|h2|o2o,-1,0.2261434731516833,-0.4299054494581947,-0.1512557125596434,-0.3085839874004742,0.4166666666666667,-2.1315518221543357,12,-0.0249835296445128,0.0300607611128877,7.575311800447714,3.0060761112887757,6254,-0.831,False,False,True,False,True,1,False
FOMC,-2,2,day,FOMC|off-2|h2|day,-1,0.2652076054943895,-0.300393263596195,-0.0371214780752387,-0.1543480201634758,0.5,-2.6825037575230364,12,-0.0160665799365862,0.0300559552358113,7.574100719424461,3.005595523581136,6255,-0.535,False,False,True,False,True,1,False
FOMC,-2,2,ongap,FOMC|off-2|h2|ongap,1,1.5483903732063244,-0.0061299001732598,0.0532267822625223,0.4913585541624521,0.7,-1.389299816015167,10,0.1126643707991753,0.0662544169611307,16.69611307420495,6.625441696113074,2264,1.7,False,True,True,False,True,2,False
FOMC,-2,2,night,FOMC|off-2|h2|night,-1,0.0296353430524153,-0.2347772120800365,-0.204504980249594,-0.3989260376686734,0.4,-2.5508572351815566,10,-0.0716578441774316,0.0662544169611307,16.69611307420495,6.625441696113074,2264,-1.082,False,False,True,False,True,1,False
FOMC,-1,1,c2c,FOMC|off-1|h1|c2c,-1,0.0371804890816438,-0.0871952852833754,-0.0325628204822188,-0.0015281710654594,0.5833333333333334,-1.8211442771773136,12,-0.0176713942510685,0.0150303805564438,7.575311800447714,1.5030380556443876,6254,-1.176,False,False,True,False,True,1,False
FOMC,-1,1,o2o,FOMC|off-1|h1|o2o,-1,0.3690571451696333,0.0119463860780048,0.1192738832347648,-0.0143731513175217,0.5,-1.4820184714892246,12,-0.0145374569612917,0.0150303805564438,7.575311800447714,1.5030380556443876,6254,-0.967,False,False,True,False,True,1,False
FOMC,-1,1,day,FOMC|off-1|h1|day,-1,0.273731290415294,0.005131200393062,0.1254192548988283,-0.0430999876357517,0.5,-1.7268254684178543,12,-0.0092790067109547,0.0150279776179056,7.574100719424461,1.5027977617905677,6255,-0.617,False,False,True,False,True,1,False
FOMC,-1,1,ongap,FOMC|off-1|h1|ongap,1,0.7008938976839975,-0.1345842434674829,-0.098643361294139,0.4902778496932665,0.7,-1.5225428549100972,10,0.0918094495880479,0.0331272084805653,16.69611307420495,3.312720848056537,2264,2.771,False,True,True,False,True,2,False
FOMC,-1,1,night,FOMC|off-1|h1|night,-1,0.9695760254625442,-0.4657592913343888,-0.3215550045728573,-0.3334295972200977,0.2,-1.8049223303932265,10,-0.0357899589824248,0.0331272084805653,16.69611307420495,3.312720848056537,2264,-1.08,False,False,True,False,True,1,False
FOMC,-1,2,c2c,FOMC|off-1|h2|c2c,1,-0.0344191825253115,-0.5317871811988617,-0.2818675429883434,-0.4462194860812612,0.3333333333333333,-1.710027918376914,12,0.0360782546169032,0.0300607611128877,7.575311800447714,3.0060761112887757,6254,1.2,False,False,True,False,True,1,False
FOMC,-1,2,o2o,FOMC|off-1|h2|o2o,-1,0.2860945117812284,0.2842060352138689,0.2396378767706686,0.2521069018214318,0.5833333333333334,-1.5906719694341536,12,-0.0259342062491322,0.0300607611128877,7.575311800447714,3.0060761112887757,6254,-0.863,False,False,True,False,True,1,False
FOMC,-1,2,day,FOMC|off-1|h2|day,-1,0.1833923804314174,-0.0675476144479792,0.0485976795472029,-0.0620749257238875,0.5833333333333334,-1.9397665544242904,12,-0.0172793918708876,0.0300559552358113,7.574100719424461,3.005595523581136,6255,-0.575,False,False,True,False,True,1,False
FOMC,-1,2,ongap,FOMC|off-1|h2|ongap,1,-0.3624019044955436,-0.0229629006974141,-0.039802629588495,0.2497468150125484,0.6,-1.380879730932838,10,0.1240680165214135,0.0662544169611307,16.69611307420495,6.625441696113074,2264,1.873,False,False,True,False,True,1,False
FOMC,-1,2,night,FOMC|off-1|h2|night,-1,1.199534149513121,-0.2782866272126191,-0.1382820682166881,-0.2725127025490022,0.4,-1.407848469652887,10,-0.0939021160412727,0.0662544169611307,16.69611307420495,6.625441696113074,2264,-1.417,False,False,True,False,True,1,False
FOMC,0,1,c2c,FOMC|off0|h1|c2c,1,0.0485135849991192,-0.7833172655679591,-0.390906682736733,-0.5452344724108795,0.4166666666666667,-2.400051429178819,12,0.0183758074853548,0.0150303805564438,7.575311800447714,1.5030380556443876,6254,1.223,False,False,True,False,True,1,False
FOMC,0,1,o2o,FOMC|off0|h1|o2o,-1,0.0016806606584068,0.3742872612584453,0.181983682969098,0.3341422584703228,0.6666666666666666,-1.188853216672565,12,-0.0113599311331392,0.0150303805564438,7.575311800447714,1.5030380556443876,6254,-0.756,False,True,True,False,True,2,False
FOMC,0,1,day,FOMC|off0|h1|day,1,-0.0376839090105684,0.0182680889709414,-0.0072396027038675,0.0657042781300884,0.6666666666666666,-1.4089704254622464,12,0.0080340065204545,0.0150279776179056,7.574100719424461,1.5027977617905677,6255,0.535,False,True,True,False,True,2,False
FOMC,0,1,ongap,FOMC|off0|h1|ongap,-1,0.4428163604826679,-0.3360653710316093,-0.2601530108099713,-0.2447031479416478,0.5,-1.9948981285165064,10,-0.0318579766604547,0.0331272084805653,16.69611307420495,3.312720848056537,2264,-0.962,False,False,True,False,True,1,False
FOMC,0,1,night,FOMC|off0|h1|night,-1,0.5696736586251012,-0.052384188172915,0.0036689703351704,0.0116564999905327,0.5,-1.870591445299135,10,-0.057886978500945,0.0331272084805653,16.69611307420495,3.312720848056537,2264,-1.747,False,False,True,False,True,1,False
FOMC,0,2,c2c,FOMC|off0|h2|c2c,1,-0.0266692347112679,-0.2173176594470119,-0.1179662031499665,-0.1048218593781402,0.4166666666666667,-1.4141006504400984,12,0.0346501530850877,0.0300607611128877,7.575311800447714,3.0060761112887757,6254,1.153,False,False,True,False,True,1,False
FOMC,0,2,o2o,FOMC|off0|h2|o2o,1,0.0221425106929385,-0.3372347371626035,-0.1583345008578176,-0.2735555976153515,0.3333333333333333,-1.4649063948989418,12,0.0238764197993737,0.0300607611128877,7.575311800447714,3.0060761112887757,6254,0.794,False,False,True,False,True,1,False
FOMC,0,2,day,FOMC|off0|h2|day,1,0.1487785669514903,-0.4663335583769649,-0.1738378109851952,-0.1672117214188172,0.4166666666666667,-1.2167391969146486,12,0.0203116465370669,0.0300559552358113,7.574100719424461,3.005595523581136,6255,0.676,False,False,True,False,True,1,False
FOMC,0,2,ongap,FOMC|off0|h2|ongap,-1,0.8105444347121226,-0.0016646052609693,0.0926063064057601,0.092859123235214,0.5,-1.6654030001964288,10,-0.0655727015551887,0.0662544169611307,16.584805653710248,6.625441696113074,2264,-0.99,False,False,True,False,True,1,False
FOMC,0,2,night,FOMC|off0|h2|night,-1,1.2020122346972004,0.2939945049489275,0.3992527554648008,0.3324220463768559,0.5,-0.8020173614314575,10,-0.0925200443921075,0.0662544169611307,16.584805653710248,6.625441696113074,2264,-1.396,False,False,True,False,True,1,False
FOMC,1,1,c2c,FOMC|off1|h1|c2c,-1,0.0258864861891634,-0.593605062565121,-0.2797919345819813,-0.5505110950203341,0.3333333333333333,-1.703932646399012,12,-0.0162968051344526,0.0150303805564438,7.575311800447714,1.5030380556443876,6254,-1.084,False,False,True,False,True,1,False
FOMC,1,1,o2o,FOMC|off1|h1|o2o,1,0.0906231307437074,-0.0656270256579259,-0.0027209612159482,-0.0273402354376626,0.5833333333333334,-1.9755995629754124,12,0.0124796705115333,0.0150303805564438,7.575311800447714,1.5030380556443876,6254,0.83,False,False,True,False,True,1,False
FOMC,1,1,day,FOMC|off1|h1|day,1,0.178991657923534,-0.6628834298465047,-0.2744434550848708,-0.3209150270622164,0.3333333333333333,-1.6887293396780747,12,0.0123112613771339,0.0150279776179056,7.574100719424461,1.5027977617905677,6255,0.819,False,False,True,False,True,1,False
FOMC,1,1,ongap,FOMC|off1|h1|ongap,-1,0.4116394352537151,0.1876240140830998,0.2177168191543086,-0.082710947465297,0.6,-1.7037019599443708,10,-0.033314134621823,0.0331272084805653,16.584805653710248,3.312720848056537,2264,-1.006,False,False,True,False,True,1,False
FOMC,1,1,night,FOMC|off1|h1|night,-1,0.941419173526622,0.4853600246120283,0.5573719564956825,0.2467513883617269,0.6,-1.7403683519288566,10,-0.0343295749104497,0.0331272084805653,16.584805653710248,3.312720848056537,2264,-1.036,False,False,True,False,True,1,False
FOMC,1,2,c2c,FOMC|off1|h2|c2c,-1,0.1152889974086864,-0.9435108459585968,-0.421283641113688,-0.5286956677287872,0.25,-2.386862647359172,12,-0.0297371958914455,0.0300607611128877,7.575311800447714,3.0060761112887757,6254,-0.989,False,False,True,False,True,1,False
FOMC,1,2,o2o,FOMC|off1|h2|o2o,1,0.0395767994627163,0.3216539639974802,0.1751362086300623,0.1642955778751251,0.5833333333333334,-1.906895628116625,12,0.0206370935524243,0.0300607611128877,7.575311800447714,3.0060761112887757,6254,0.687,False,False,True,False,True,1,False
FOMC,1,2,day,FOMC|off1|h2|day,1,0.081218931168368,-0.4120718661673084,-0.1809906534934928,-0.1627681140128324,0.5,-1.6604412881983144,12,0.023034984678439,0.0300559552358113,7.574100719424461,3.005595523581136,6255,0.766,False,False,True,False,True,1,False
FOMC,1,2,ongap,FOMC|off1|h2|ongap,-1,0.409947173501138,0.0138254531847445,0.0542927347776086,-0.0010912767490569,0.4,-1.300237410274766,10,-0.0750825689191954,0.0658127208480565,16.69611307420495,6.581272084805653,2264,-1.141,False,False,True,False,True,1,False
FOMC,1,2,night,FOMC|off1|h2|night,-1,0.777544322851661,-0.3386490817337336,-0.1871096826815473,-0.3183390892436457,0.3,-1.6604413589486295,10,-0.0897898097639037,0.0658127208480565,16.69611307420495,6.581272084805653,2264,-1.364,False,False,True,False,True,1,False
FOMC,2,1,c2c,FOMC|off2|h1|c2c,-1,0.0952370724656329,-0.7935890392512431,-0.3603852580949142,-0.3296906475144174,0.4166666666666667,-2.4144559736571534,12,-0.0134628502917126,0.0150303805564438,7.575311800447714,1.5030380556443876,6254,-0.896,False,False,True,False,True,1,False
FOMC,2,1,o2o,FOMC|off2|h1|o2o,-1,-0.0192566607431751,-0.6397097976442957,-0.3339566636763109,-0.5074744943270365,0.3333333333333333,-1.778601192504618,12,-0.0081501615013668,0.0150303805564438,7.575311800447714,1.5030380556443876,6254,-0.542,False,False,True,False,True,1,False
FOMC,2,1,day,FOMC|off2|h1|day,-1,-0.0074508821560214,-0.1729930534170194,-0.0895846925721215,-0.3225474094693458,0.3333333333333333,-1.6830175792931483,12,-0.010749583566305,0.0150279776179056,7.574100719424461,1.5027977617905677,6255,-0.715,False,False,True,False,True,1,False
FOMC,2,1,ongap,FOMC|off2|h1|ongap,-1,-0.4080873775819455,-0.2714100197932406,-0.2685524091920941,-0.3919521379821188,0.3,-1.181837343433552,10,-0.0417838178846932,0.0326855123674911,16.584805653710248,3.2685512367491167,2264,-1.278,False,False,True,False,True,1,False
FOMC,2,1,night,FOMC|off2|h1|night,-1,0.0031943505818123,-0.8502250872225285,-0.740646768816372,-0.5953634695339729,0.3,-2.0170174817172124,10,-0.0556155223424398,0.0326855123674911,16.584805653710248,3.2685512367491167,2264,-1.702,False,False,True,False,True,1,False
FOMC,2,2,c2c,FOMC|off2|h2|c2c,-1,0.1702041275893523,-0.2533086591830772,-0.0675010376561449,-0.0796615615799603,0.5,-1.4176153472142692,12,-0.0229208443523996,0.0300607611128877,7.575311800447714,3.0060761112887757,6254,-0.762,False,False,True,False,True,1,False
FOMC,2,2,o2o,FOMC|off2|h2|o2o,-1,-0.0168376948051911,-0.4900366151554967,-0.2524398732788658,-0.3289900368449915,0.3333333333333333,-2.0471837345964934,12,-0.012780497377991,0.0300607611128877,7.575311800447714,3.0060761112887757,6254,-0.425,False,False,True,False,True,1,False
FOMC,2,2,day,FOMC|off2|h2|day,-1,0.1273664128639721,-0.4599892309964777,-0.180591714526596,-0.2981151495565015,0.4166666666666667,-1.922727221935386,12,-0.0214628384076552,0.0300559552358113,7.574100719424461,3.005595523581136,6255,-0.714,False,False,True,False,True,1,False
FOMC,2,2,ongap,FOMC|off2|h2|ongap,1,-0.3779734750210933,0.0569603178665278,0.0246547637297926,-0.2882285893909058,0.4,-2.2959219209317285,10,0.0530309537212308,0.0658127208480565,16.584805653710248,6.581272084805653,2264,0.806,False,False,True,False,True,1,False
FOMC,2,2,night,FOMC|off2|h2|night,-1,0.047067317671899,-0.997327371180308,-0.8469723659281502,-0.5687755585593953,0.4,-2.501825110495861,10,-0.0848081464822213,0.0658127208480565,16.584805653710248,6.581272084805653,2264,-1.289,False,False,True,False,True,1,False
GDP_advance,-2,1,c2c,GDP_advance|off-2|h1|c2c,1,0.3129589962770832,0.338420939611151,0.2784019642680491,0.2712613410338612,0.6470588235294118,-1.884317144658972,17,0.0163915552754046,0.0107131435881036,5.399424368404222,1.0713143588103613,6254,1.53,False,False,True,False,True,1,False
GDP_advance,-2,1,o2o,GDP_advance|off-2|h1|o2o,-1,0.120771256870171,-0.479583452694368,-0.1514875746939782,-0.2307002021274098,0.4117647058823529,-1.9703086101877068,17,-0.0126141032992576,0.0107131435881036,5.399424368404222,1.0713143588103613,6254,-1.177,False,False,True,False,True,1,False
GDP_advance,-2,1,day,GDP_advance|off-2|h1|day,-1,0.4887314052945803,-0.1235653016101718,0.2853648677014597,0.2437871366618984,0.6470588235294118,-1.8670086096272227,17,-0.0071001395354311,0.0107114308553157,5.398561151079137,1.071143085531575,6255,-0.663,False,False,True,False,True,1,False
GDP_advance,-2,1,ongap,GDP_advance|off-2|h1|ongap,-1,0.4803012057043185,-0.099982525358809,-0.0675315921371099,-0.2324461863707875,0.5,-1.9645154599626151,10,-0.0219359467064398,0.0163427561837455,8.236749116607776,1.6342756183745584,2264,-1.342,False,False,True,False,True,1,False
GDP_advance,-2,1,night,GDP_advance|off-2|h1|night,1,1.0122910117983268,-0.2071772956071828,-0.07281701774446,-0.0932157863059785,0.5,-1.4609921191460642,10,0.0139456268990919,0.0163427561837455,8.236749116607776,1.6342756183745584,2264,0.853,False,False,True,False,True,1,False
GDP_advance,-2,2,c2c,GDP_advance|off-2|h2|c2c,1,0.1878666398671408,0.353118527169963,0.2444625917164784,0.1805969296876644,0.5294117647058824,-1.4421088758369884,17,0.0222297093693941,0.0214262871762072,5.399424368404222,2.1426287176207226,6254,1.037,False,False,True,False,True,1,False
GDP_advance,-2,2,o2o,GDP_advance|off-2|h2|o2o,-1,-0.0155687065342946,-0.4424417100451143,-0.200535387956776,-0.1604946005728967,0.4117647058823529,-2.433084879017604,17,-0.0176191047162377,0.0214262871762072,5.399424368404222,2.1426287176207226,6254,-0.822,False,False,True,False,True,1,False
GDP_advance,-2,2,day,GDP_advance|off-2|h2|day,-1,0.353121525802178,-0.0921654066009877,0.1715746976439938,0.2558493940651039,0.6470588235294118,-1.5158653313024808,17,-0.0137292165919544,0.0214228617106314,5.398561151079137,2.14228617106315,6255,-0.641,False,False,True,False,True,1,False
GDP_advance,-2,2,ongap,GDP_advance|off-2|h2|ongap,1,0.2931615623278481,-0.1222255645019926,-0.0922951220006955,-0.0116890291239136,0.5,-1.6962242380844363,10,0.1287281790388706,0.0326855123674911,8.236749116607776,3.2685512367491167,2264,3.938,False,False,True,False,True,1,False
GDP_advance,-2,2,night,GDP_advance|off-2|h2|night,1,1.3397049576436546,0.6296964579045929,0.6572305139958828,0.8949829818218676,0.9,-0.7557214594058065,10,0.0391129355372847,0.0326855123674911,8.236749116607776,3.2685512367491167,2264,1.197,True,True,True,False,True,3,False
GDP_advance,-1,1,c2c,GDP_advance|off-1|h1|c2c,-1,0.0109483945575754,-0.1569083689903465,-0.0626936104847521,-0.0164453673999374,0.5294117647058824,-1.919499421112808,17,-0.0058646304573125,0.0107131435881036,5.399424368404222,1.0713143588103613,6254,-0.547,False,False,True,False,True,1,False
GDP_advance,-1,1,o2o,GDP_advance|off-1|h1|o2o,1,0.1401260107646017,0.0171212491587344,0.0812339853877375,0.1066200725433193,0.5294117647058824,-1.77732648426475,17,0.0050229510852034,0.0107131435881036,5.399424368404222,1.0713143588103613,6254,0.469,False,False,True,False,True,1,False
GDP_advance,-1,1,day,GDP_advance|off-1|h1|day,1,-0.005309718290983,-0.0279719873420535,-0.0149985582814164,0.0053810364230904,0.4705882352941176,-1.7850566673984514,17,0.0066524198181001,0.0107114308553157,5.398561151079137,1.071143085531575,6255,0.621,False,False,True,False,True,1,False
GDP_advance,-1,1,ongap,GDP_advance|off-1|h1|ongap,1,0.6531494533905837,-0.1392179359439787,-0.0859045954357511,-0.0427140451942426,0.5,-2.071936332494997,10,0.1066651781952259,0.0163427561837455,8.236749116607776,1.6342756183745584,2264,6.527,False,False,True,False,True,1,False
GDP_advance,-1,1,night,GDP_advance|off-1|h1|night,1,0.7082574559424477,0.8805388141092065,0.8206946737568036,1.2733728264824489,0.9,-0.1437577889007162,10,0.0249666428410808,0.0163427561837455,8.236749116607776,1.6342756183745584,2264,1.528,True,True,True,False,True,3,False
GDP_advance,-1,2,c2c,GDP_advance|off-1|h2|c2c,1,-0.0078877940252068,0.6343175814149468,0.2544952202998369,0.3346476814092411,0.7647058823529411,-2.50703893005445,17,0.0114112252985049,0.0214262871762072,5.399424368404222,2.1426287176207226,6254,0.533,False,True,True,False,True,2,False
GDP_advance,-1,2,o2o,GDP_advance|off-1|h2|o2o,-1,-0.0152735744911923,-0.2388751057432816,-0.1067337312760837,-0.1951540292266213,0.4705882352941176,-2.2597449373796223,17,-0.0122816338322017,0.0214262871762072,5.399424368404222,2.1426287176207226,6254,-0.573,False,False,True,False,True,1,False
GDP_advance,-1,2,day,GDP_advance|off-1|h2|day,-1,0.0737489180841439,-0.1776126059542251,-0.03498394689936,-0.0479421367488566,0.5882352941176471,-1.8740736476912203,17,-0.0129357267747743,0.0214228617106314,5.398561151079137,2.14228617106315,6255,-0.604,False,False,True,False,True,1,False
GDP_advance,-1,2,ongap,GDP_advance|off-1|h2|ongap,1,1.243185980810899,-0.0260331999002012,0.0583359873961914,0.291545382222622,0.6,-1.0887320357469104,10,0.1284306701412329,0.0326855123674911,8.236749116607776,3.2685512367491167,2264,3.929,False,False,True,False,True,1,False
GDP_advance,-1,2,night,GDP_advance|off-1|h2|night,-1,0.5160441849475329,-0.6838429967355641,-0.5879847032898062,-0.5899796128840907,0.3,-2.1289414169018555,10,-0.0389627572115139,0.0326855123674911,8.236749116607776,3.2685512367491167,2264,-1.192,False,False,True,False,True,1,False
GDP_advance,0,1,c2c,GDP_advance|off0|h1|c2c,1,0.0566063872068115,0.8473575537989914,0.3543477762568647,0.5055480064019525,0.7058823529411765,-1.909802335607644,17,0.0055301671057988,0.0107131435881036,5.399424368404222,1.0713143588103613,6254,0.516,False,True,True,False,True,2,False
GDP_advance,0,1,o2o,GDP_advance|off0|h1|o2o,-1,0.1429372987475617,-0.262263338878787,-0.0259011602007258,-0.129476803124114,0.3529411764705882,-1.895933960237813,17,-0.0072586703242379,0.0107131435881036,5.399424368404222,1.0713143588103613,6254,-0.678,False,False,True,False,True,1,False
GDP_advance,0,1,day,GDP_advance|off0|h1|day,-1,0.1658502606119435,-0.2469187457567093,-0.0012377353914773,-0.1097135759673145,0.4117647058823529,-1.6169977104852633,17,-0.0062864459551915,0.0107114308553157,5.398561151079137,1.071143085531575,6255,-0.587,False,False,True,False,True,1,False
GDP_advance,0,1,ongap,GDP_advance|off0|h1|ongap,1,1.049135614690417,0.1569341210028952,0.2297735567397226,0.7608558490729437,0.8,-0.8861904081185286,10,0.021679121673438,0.0163427561837455,8.236749116607776,1.6342756183745584,2264,1.327,True,True,True,False,True,3,False
GDP_advance,0,1,night,GDP_advance|off0|h1|night,-1,1.4035455468397282,0.1074218085047465,0.1925633135571925,0.1575121623931406,0.5,-1.664300832197072,10,-0.013795448573321,0.0163427561837455,8.236749116607776,1.6342756183745584,2264,-0.844,False,False,True,False,True,1,False
GDP_advance,0,2,c2c,GDP_advance|off0|h2|c2c,-1,0.119120495920797,-1.3127287508304009,-0.4196127216443621,-0.4127806248238287,0.4117647058823529,-2.632531821331181,17,-0.0108585113916916,0.0214262871762072,5.399424368404222,2.1426287176207226,6254,-0.507,False,False,True,False,True,1,False
GDP_advance,0,2,o2o,GDP_advance|off0|h2|o2o,-1,0.1450781918429604,-0.9407712781180058,-0.3358406979573359,-0.3584938764503746,0.2941176470588235,-2.2248188752695213,17,-0.0134178585744232,0.0214262871762072,5.399424368404222,2.1426287176207226,6254,-0.626,False,False,True,False,True,1,False
GDP_advance,0,2,day,GDP_advance|off0|h2|day,-1,-0.0061565608100608,-0.8496316797483575,-0.3519431973254901,-0.4885896731406105,0.2352941176470588,-2.07240024330328,17,-0.0106112422384577,0.0214228617106314,5.398561151079137,2.14228617106315,6255,-0.495,False,False,True,False,True,1,False
GDP_advance,0,2,ongap,GDP_advance|off0|h2|ongap,1,1.3690225767149926,0.2199031082210711,0.325557328004502,0.6868209351120269,0.7,-0.6282847763599164,10,0.0268966819930988,0.0326855123674911,8.236749116607776,3.2685512367491167,2264,0.823,True,True,True,False,True,3,False
GDP_advance,0,2,night,GDP_advance|off0|h2|night,-1,0.1979090788936681,-0.0426574966587972,-0.0137196509159391,-0.2294545019442758,0.4,-1.255067378956458,10,-0.0237041767945848,0.0326855123674911,8.236749116607776,3.2685512367491167,2264,-0.725,False,False,True,False,True,1,False
GDP_advance,1,1,c2c,GDP_advance|off1|h1|c2c,-1,0.2851721571242772,-0.9637093300810592,-0.1853649329938223,-0.219337800601243,0.4705882352941176,-1.887224121753832,17,-0.0053018679225698,0.0107131435881036,5.399424368404222,1.0713143588103613,6254,-0.495,False,False,True,False,True,1,False
GDP_advance,1,1,o2o,GDP_advance|off1|h1|o2o,-1,-0.024330869472949,-1.0722730510980187,-0.5122325396394938,-0.6686029944651293,0.2941176470588235,-1.8649573823219483,17,-0.0061826117116724,0.0107131435881036,5.399424368404222,1.0713143588103613,6254,-0.577,False,False,True,False,True,1,False
GDP_advance,1,1,day,GDP_advance|off1|h1|day,1,0.1377406239540544,0.9306146202286736,0.4725541851286852,0.666659585300605,0.7647058823529411,-0.975883305885735,17,0.0043332817874076,0.0107114308553157,5.398561151079137,1.071143085531575,6255,0.405,True,True,True,False,True,3,False
GDP_advance,1,1,ongap,GDP_advance|off1|h1|ongap,1,0.559029793229105,-0.0087307768520121,0.0631669686230723,0.0606850323425583,0.4,-1.4308851853144091,10,0.0051435292176451,0.0163427561837455,8.236749116607776,1.6342756183745584,2264,0.315,False,False,True,False,True,1,False
GDP_advance,1,1,night,GDP_advance|off1|h1|night,1,0.360506131375747,0.1202550505089487,0.1591453686185468,0.3198449225735704,0.6,-1.5763611331156524,10,0.0098625163305555,0.0163427561837455,8.236749116607776,1.6342756183745584,2264,0.603,False,False,True,False,True,1,False
GDP_advance,1,2,c2c,GDP_advance|off1|h2|c2c,-1,0.4476565640819621,-0.7402033383116168,0.0621133218898052,-0.1042554751715929,0.5294117647058824,-2.370025635057892,17,-0.0147646108927397,0.0214262871762072,5.399424368404222,2.1426287176207226,6254,-0.689,False,False,True,False,True,1,False
GDP_advance,1,2,o2o,GDP_advance|off1|h2|o2o,-1,0.2925782589008666,-0.8413866822068489,-0.107127232980993,-0.2669121395509135,0.4705882352941176,-2.3297065435510858,17,-0.0189101145475623,0.0214262871762072,5.399424368404222,2.1426287176207226,6254,-0.883,False,False,True,False,True,1,False
GDP_advance,1,2,day,GDP_advance|off1|h2|day,-1,-0.030557589373025,-1.1306322271896936,-0.424776927737006,-0.5453907849030555,0.3529411764705882,-2.069806484248741,17,-0.0094301225523995,0.0214228617106314,5.398561151079137,2.14228617106315,6255,-0.44,False,False,True,False,True,1,False
GDP_advance,1,2,ongap,GDP_advance|off1|h2|ongap,1,0.1253163565759555,0.3272714191997147,0.2998489394659439,0.4114900494572693,0.5,-0.7575882653044972,10,0.0097121602964209,0.0326855123674911,8.236749116607776,3.2685512367491167,2264,0.297,False,False,True,False,True,1,False
GDP_advance,1,2,night,GDP_advance|off1|h2|night,1,0.3885364455689845,0.5051583509889285,0.4843093399452451,0.3579908017679934,0.7,-1.8813129054701063,10,0.0250240215368466,0.0326855123674911,8.236749116607776,3.2685512367491167,2264,0.766,False,True,True,False,True,2,False
GDP_advance,2,1,c2c,GDP_advance|off2|h1|c2c,-1,0.311274236888849,-0.1466521575991951,0.1772220184800524,-0.0371752024959639,0.4705882352941176,-1.7844320516122083,17,-0.0094038215053616,0.0107131435881036,5.399424368404222,1.0713143588103613,6254,-0.878,False,False,True,False,True,1,False
GDP_advance,2,1,o2o,GDP_advance|off2|h1|o2o,-1,0.297166624569747,-0.0661540223932053,0.1972697807903331,0.0923540502477767,0.5294117647058824,-1.9419694398423093,17,-0.0126726017707066,0.0107131435881036,5.399424368404222,1.0713143588103613,6254,-1.183,False,False,True,False,True,1,False
GDP_advance,2,1,day,GDP_advance|off2|h1|day,-1,0.1187749307086617,-0.5654451621649319,-0.0729531636976777,-0.1487943382763786,0.5294117647058824,-1.5878120458114249,17,-0.0050431307867366,0.0107114308553157,5.398561151079137,1.071143085531575,6255,-0.471,False,False,True,False,True,1,False
GDP_advance,2,1,ongap,GDP_advance|off2|h1|ongap,-1,0.073100960346633,-0.6733252787061028,-0.5857786470690179,-0.4419045721282545,0.2,-2.0569678648803023,10,-0.0045292365917922,0.0163427561837455,8.236749116607776,1.6342756183745584,2264,-0.277,False,False,True,False,True,1,False
GDP_advance,2,1,night,GDP_advance|off2|h1|night,1,-0.3554783888837581,0.4800031113729798,0.4242349926255408,0.224722718396589,0.7,-1.9513815616400108,10,0.0151152933155828,0.0163427561837455,8.236749116607776,1.6342756183745584,2264,0.925,False,True,True,False,True,2,False
GDP_advance,2,2,c2c,GDP_advance|off2|h2|c2c,-1,0.1059728686743448,-0.0925127824469224,0.0313388168351017,-0.1385483776038518,0.4117647058823529,-1.729815753232837,17,-0.0176892388450487,0.0214262871762072,5.399424368404222,2.1426287176207226,6254,-0.826,False,False,True,False,True,1,False
GDP_advance,2,2,o2o,GDP_advance|off2|h2|o2o,-1,0.1884597774614257,-0.387439830775063,0.0085595247198854,-0.1008123356928823,0.5294117647058824,-2.316567851321316,17,-0.0176732762189355,0.0214262871762072,5.399424368404222,2.1426287176207226,6254,-0.825,False,False,True,False,True,1,False
GDP_advance,2,2,day,GDP_advance|off2|h2|day,-1,0.154358672967378,-0.7708044731883393,-0.1348797244843484,-0.285281584824992,0.4705882352941176,-1.768247597218698,17,-0.0094892039550051,0.0214228617106314,5.398561151079137,2.14228617106315,6255,-0.443,False,False,True,False,True,1,False
GDP_advance,2,2,ongap,GDP_advance|off2|h2|ongap,1,-0.2317129888220035,0.0449619128219,0.0217230482006346,-0.0047192812998722,0.6,-1.7778720118078788,10,0.0127129865268108,0.0326855123674911,8.236749116607776,3.2685512367491167,2264,0.389,False,False,True,False,True,1,False
GDP_advance,2,2,night,GDP_advance|off2|h2|night,1,1.053219510652747,0.1102283155344958,0.1856433538117597,0.222779394123193,0.6,-1.2698645509817652,10,0.0300836181500272,0.0326855123674911,8.236749116607776,3.2685512367491167,2264,0.92,False,False,True,False,True,1,False
JOLTS,-2,1,c2c,JOLTS|off-2|h1|c2c,-1,0.1180067528593219,-1.2253782780558038,-0.4737111791368014,-0.4479355919761017,0.4117647058823529,-2.554721762699706,17,-0.018638802338164,0.03054045410937,15.392388871122485,3.0540454109370003,6254,-0.61,False,False,True,False,True,1,False
JOLTS,-2,1,o2o,JOLTS|off-2|h1|o2o,1,0.2041205301773796,0.922295658041177,0.5097830161485994,0.6453228132995753,0.7058823529411765,-0.8791292885475706,17,0.0158797992852927,0.03054045410937,15.392388871122485,3.0540454109370003,6254,0.52,True,True,True,False,True,3,False
JOLTS,-2,1,day,JOLTS|off-2|h1|day,1,0.1807998573666696,0.1268551852261376,0.1528904356973542,0.3139005188915636,0.5882352941176471,-1.4552436642235225,17,0.0132114831901791,0.0305355715427657,15.389928057553956,3.0535571542765787,6255,0.433,False,False,True,False,True,1,False
JOLTS,-2,1,ongap,JOLTS|off-2|h1|ongap,-1,0.1066344960124772,-0.3736413509103244,-0.3055500726995652,-0.3775665324893811,0.4,-1.894928620315234,10,-0.0302308104010139,0.0485865724381625,24.37632508833922,4.858657243816254,2264,-0.622,False,False,True,False,True,1,False
JOLTS,-2,1,night,JOLTS|off-2|h1|night,-1,-0.1373744789782278,0.1841731812390158,0.1450796539266269,-0.188070300221706,0.4,-2.8015019929468745,10,-0.0679870094660498,0.0485865724381625,24.37632508833922,4.858657243816254,2264,-1.399,False,False,True,False,True,1,False
JOLTS,-2,2,c2c,JOLTS|off-2|h2|c2c,-1,0.1249118518931461,-0.5415690913277944,-0.1905754912492293,-0.3169808028292615,0.3529411764705882,-2.40801153143388,17,-0.0482199874891965,0.06108090821874,15.392388871122485,6.108090821874001,6254,-0.789,False,False,True,False,True,1,False
JOLTS,-2,2,o2o,JOLTS|off-2|h2|o2o,1,-0.0706833162891066,0.8121725817134917,0.3472039422642744,0.4441338922222349,0.6470588235294118,-1.7084241036021928,17,0.0450208208377651,0.06108090821874,15.392388871122485,6.108090821874001,6254,0.737,False,False,True,False,True,1,False
JOLTS,-2,2,day,JOLTS|off-2|h2|day,-1,-0.0576211906302025,-0.6264383816546282,-0.2802795380030514,-0.4165313152766694,0.4117647058823529,-2.427211541966869,17,-0.0286404782944897,0.0610711430855315,15.389928057553956,6.107114308553157,6255,-0.469,False,False,True,False,True,1,False
JOLTS,-2,2,ongap,JOLTS|off-2|h2|ongap,-1,0.6802725511586172,-0.759439402388382,-0.6039283376047081,-0.6039842486530701,0.2,-1.7951632641347437,10,-0.0810943114797729,0.0967314487632508,24.48763250883392,9.673144876325088,2264,-0.838,False,False,True,False,True,1,False
JOLTS,-2,2,night,JOLTS|off-2|h2|night,1,0.8071370041495808,0.202974564430728,0.2751662144285662,0.5898343833380406,0.8,-1.4775382559472532,10,0.1143096591420574,0.0967314487632508,24.48763250883392,9.673144876325088,2264,1.182,False,True,True,False,True,2,False
JOLTS,-1,1,c2c,JOLTS|off-1|h1|c2c,-1,-0.0383188808842282,0.1811633061143586,0.0689873799322746,-0.2071676307611978,0.2941176470588235,-2.34311734783919,17,-0.0294990850433734,0.03054045410937,15.392388871122485,3.0540454109370003,6254,-0.966,False,False,True,False,True,1,False
JOLTS,-1,1,o2o,JOLTS|off-1|h1|o2o,-1,0.1726494607630299,-0.3967985951726189,-0.1185321546144996,-0.2725505900561392,0.4705882352941176,-2.3473693722255886,17,-0.0290919621650912,0.03054045410937,15.392388871122485,3.0540454109370003,6254,-0.953,False,False,True,False,True,1,False
JOLTS,-1,1,day,JOLTS|off-1|h1|day,-1,0.2063822162601471,-0.6387006673546612,-0.1250908840541408,-0.2558702286526388,0.4117647058823529,-2.501979605970498,17,-0.0153750204750355,0.0305355715427657,15.389928057553956,3.0535571542765787,6255,-0.504,False,False,True,False,True,1,False
JOLTS,-1,1,ongap,JOLTS|off-1|h1|ongap,-1,0.5031628078099406,-0.836871521491783,-0.7209909978817165,-0.6100153580557413,0.4,-1.4955787253517208,10,-0.0510928525989426,0.0481448763250883,24.37632508833922,4.814487632508834,2264,-1.061,False,False,True,False,True,1,False
JOLTS,-1,1,night,JOLTS|off-1|h1|night,1,1.2268608081231354,0.6555488510571983,0.7274524544365512,0.5763280012201055,0.7,-0.9072204976037824,10,0.046098194295081,0.0481448763250883,24.37632508833922,4.814487632508834,2264,0.957,False,True,True,False,True,2,False
JOLTS,-1,2,c2c,JOLTS|off-1|h2|c2c,-1,0.1512816251633095,-0.1060794505708899,0.0220949349838577,-0.1777844972680023,0.4117647058823529,-1.8450005353226204,17,-0.0542664064682102,0.06108090821874,15.392388871122485,6.108090821874001,6254,-0.888,False,False,True,False,True,1,False
JOLTS,-1,2,o2o,JOLTS|off-1|h2|o2o,-1,0.1657861376613166,-0.2166910729881137,-0.0204207400148084,-0.1473793841215004,0.4705882352941176,-1.63530158647238,17,-0.045322607626705,0.06108090821874,15.392388871122485,6.108090821874001,6254,-0.742,False,False,True,False,True,1,False
JOLTS,-1,2,day,JOLTS|off-1|h2|day,-1,0.194127142890027,0.1093606814679105,0.152878712774779,0.0644060300705821,0.5294117647058824,-1.6942473135609997,17,-0.0345148741598049,0.0610711430855315,15.389928057553956,6.107114308553157,6255,-0.565,False,False,True,False,True,1,False
JOLTS,-1,2,ongap,JOLTS|off-1|h2|ongap,-1,-0.5162351282680179,-0.065816199294014,-0.0800360214331672,-0.5518359639258712,0.3,-1.2992227428849437,10,-0.2209014528561677,0.0967314487632508,24.37632508833922,9.673144876325088,2264,-2.284,False,False,True,False,False,1,False
JOLTS,-1,2,night,JOLTS|off-1|h2|night,1,1.5591610487411458,1.0570495934047488,1.1027554541293554,1.25907521500292,0.9,-0.5509206668315252,10,0.0897470824187992,0.0967314487632508,24.37632508833922,9.673144876325088,2264,0.928,True,True,True,False,True,3,False
JOLTS,0,1,c2c,JOLTS|off0|h1|c2c,-1,0.1498593651588847,-0.4380505061593187,-0.1141834283646034,-0.1912215344671811,0.4117647058823529,-1.9696903701061248,17,-0.0247376825231261,0.03054045410937,15.392388871122485,3.0540454109370003,6254,-0.81,False,False,True,False,True,1,False
JOLTS,0,1,o2o,JOLTS|off0|h1|o2o,-1,-0.0342751957686038,0.1432618430408212,0.0389037722524293,-0.0471668243314492,0.5294117647058824,-2.768549108379044,17,-0.0161815860742326,0.03054045410937,15.392388871122485,3.0540454109370003,6254,-0.53,False,False,True,False,True,1,False
JOLTS,0,1,day,JOLTS|off0|h1|day,-1,-0.0567903838609604,0.5796305345046002,0.2141920277419745,0.0010086860371045,0.5294117647058824,-1.6938698884506165,17,-0.0190468478712861,0.0305355715427657,15.389928057553956,3.0535571542765787,6255,-0.624,False,False,True,False,True,1,False
JOLTS,0,1,ongap,JOLTS|off0|h1|ongap,1,0.5137518917733861,-0.4783273914844125,-0.4167338812427252,-0.2859004464167411,0.5,-1.1265519706125229,10,0.1694531813753752,0.0485865724381625,24.48763250883392,4.858657243816254,2264,3.488,False,False,True,False,False,1,False
JOLTS,0,1,night,JOLTS|off0|h1|night,1,0.6779362531968957,0.7299910806442392,0.7093074541846556,0.6303855070978728,0.7,-1.4236188856065488,10,0.0434399966411136,0.0485865724381625,24.48763250883392,4.858657243816254,2264,0.894,True,True,True,False,True,3,False
JOLTS,0,2,c2c,JOLTS|off0|h2|c2c,-1,0.3395325902784338,0.17364803290711,0.225825715971894,0.2675020441885383,0.7647058823529411,-2.258589734932967,17,-0.0551248080240837,0.06108090821874,15.392388871122485,6.108090821874001,6254,-0.902,False,True,True,False,True,2,False
JOLTS,0,2,o2o,JOLTS|off0|h2|o2o,-1,0.1831884683419613,0.2833626323870362,0.2157294037511736,0.1482583998367432,0.5294117647058824,-2.221431006832229,17,-0.0436560678241462,0.06108090821874,15.392388871122485,6.108090821874001,6254,-0.715,False,False,True,False,True,1,False
JOLTS,0,2,day,JOLTS|off0|h2|day,-1,0.1775197160680058,0.3059095227004264,0.2235267495819536,0.1086680004041645,0.5294117647058824,-1.515688761202165,17,-0.0403574487220757,0.0610711430855315,15.389928057553956,6.107114308553157,6255,-0.661,False,False,True,False,True,1,False
JOLTS,0,2,ongap,JOLTS|off0|h2|ongap,1,0.4529068922382945,-0.1436866857494019,-0.1116126009781468,0.35079522030761,0.7,-1.2752644000655062,10,0.197351819301041,0.097173144876325,24.48763250883392,9.717314487632509,2264,2.031,False,True,True,False,False,2,False
JOLTS,0,2,night,JOLTS|off0|h2|night,-1,-0.0113271944386352,-0.9651279008405664,-0.8315663386322196,-0.9848540046331792,0.2,-2.350095353164725,10,-0.1001881993893365,0.097173144876325,24.48763250883392,9.717314487632509,2264,-1.031,False,False,True,False,True,1,False
JOLTS,1,1,c2c,JOLTS|off1|h1|c2c,-1,0.2476245444107291,0.5217211267578842,0.3443614046017262,0.3964147043865021,0.6470588235294118,-1.2240862242056432,17,-0.03024922924396,0.03054045410937,15.392388871122485,3.0540454109370003,6254,-0.99,False,False,True,False,True,1,False
JOLTS,1,1,o2o,JOLTS|off1|h1|o2o,-1,0.1920563435957671,0.1921986075744721,0.1762413221507692,0.1522101037343455,0.5882352941176471,-1.5072748048379054,17,-0.0273852939566525,0.03054045410937,15.392388871122485,3.0540454109370003,6254,-0.897,False,False,True,False,True,1,False
JOLTS,1,1,day,JOLTS|off1|h1|day,-1,0.1782419763576708,-0.2252211028514067,0.006429022290867,-0.0071737212838358,0.5294117647058824,-1.7114683224760732,17,-0.0212625974958846,0.0305355715427657,15.389928057553956,3.0535571542765787,6255,-0.696,False,False,True,False,True,1,False
JOLTS,1,1,ongap,JOLTS|off1|h1|ongap,1,-0.6754784679564806,0.5802407196572915,0.4658885307617283,0.44043029994064,0.7,-1.2692910239500257,10,0.0275432190438161,0.0485865724381625,24.48763250883392,4.858657243816254,2264,0.567,False,True,True,False,True,2,False
JOLTS,1,1,night,JOLTS|off1|h1|night,-1,0.50892057221441,-0.5397510009871355,-0.3761644741786868,-0.4343642051643191,0.5,-2.21518140503342,10,-0.0565393112656182,0.0485865724381625,24.48763250883392,4.858657243816254,2264,-1.164,False,False,True,False,True,1,False
JOLTS,1,2,c2c,JOLTS|off1|h2|c2c,1,0.1040139030518834,0.4166901579705939,0.2425265157884314,0.4462401312785814,0.7647058823529411,-1.285061839870271,17,0.0605227092718038,0.06108090821874,15.392388871122485,6.108090821874001,6254,0.991,False,True,True,False,True,2,False
JOLTS,1,2,o2o,JOLTS|off1|h2|o2o,-1,0.1006536998497632,-0.356354671623527,-0.1161096984810353,-0.1856195884957091,0.4117647058823529,-2.3912545969650627,17,-0.0444536253575096,0.06108090821874,15.392388871122485,6.108090821874001,6254,-0.728,False,False,True,False,True,1,False
JOLTS,1,2,day,JOLTS|off1|h2|day,-1,0.3332824406722012,0.1756185157787665,0.2510624120482943,0.2967843912399285,0.7058823529411765,-1.6706790024810514,17,-0.0428275480854592,0.0610711430855315,15.389928057553956,6.107114308553157,6255,-0.701,False,True,True,False,True,2,False
JOLTS,1,2,ongap,JOLTS|off1|h2|ongap,1,-0.3451226653369522,-0.1343206954820966,-0.140118141471128,-0.0681204403424734,0.4,-1.392950645839932,10,0.1668412095940876,0.097173144876325,24.598939929328623,9.717314487632509,2264,1.717,False,False,True,False,False,1,False
JOLTS,1,2,night,JOLTS|off1|h2|night,-1,0.3043537122735166,-0.0905717634983892,-0.0447483290683064,-0.227235760362865,0.6,-2.9436810125005435,10,-0.1241024819942295,0.097173144876325,24.598939929328623,9.717314487632509,2264,-1.277,False,False,True,False,True,1,False
JOLTS,2,1,c2c,JOLTS|off2|h1|c2c,1,0.4600898367290484,1.1832399301594188,0.7499744375943498,1.2347438459075313,0.8823529411764706,-0.9581163390266794,17,0.0301355837708462,0.03054045410937,15.392388871122485,3.0540454109370003,6254,0.987,True,True,True,False,True,3,False
JOLTS,2,1,o2o,JOLTS|off2|h1|o2o,1,-0.0345831886374366,0.7478265839771965,0.3255848845186195,0.2847719216998172,0.5294117647058824,-1.5136432569522609,17,0.0170077907069918,0.03054045410937,15.392388871122485,3.0540454109370003,6254,0.557,False,False,True,False,True,1,False
JOLTS,2,1,day,JOLTS|off2|h1|day,-1,0.1755554524498642,0.370529192071659,0.2499597226899025,0.3075571876582283,0.5882352941176471,-1.439835015907145,17,-0.021459711086307,0.0305355715427657,15.389928057553956,3.0535571542765787,6255,-0.703,False,False,True,False,True,1,False
JOLTS,2,1,ongap,JOLTS|off2|h1|ongap,1,-0.4884062489945168,-0.503453317422655,-0.4782493701160318,-0.5001022453076529,0.4,-1.9076229288042448,10,0.1400964414006391,0.0485865724381625,24.598939929328623,4.858657243816254,2264,2.883,False,False,True,False,True,1,False
JOLTS,2,1,night,JOLTS|off2|h1|night,1,0.0421964189893712,-0.4352101647638478,-0.3887562972672064,-0.1623949341307074,0.4,-1.6543182267747552,10,0.0672282350642296,0.0485865724381625,24.598939929328623,4.858657243816254,2264,1.384,False,False,True,False,True,1,False
JOLTS,2,2,c2c,JOLTS|off2|h2|c2c,1,0.3721966401106431,1.1274883130133393,0.6858393293303864,0.6447833471336437,0.7058823529411765,-0.8139652284316731,17,0.0493789083794827,0.06108090821874,15.392388871122485,6.108090821874001,6254,0.808,True,True,True,False,True,3,False
JOLTS,2,2,o2o,JOLTS|off2|h2|o2o,1,0.3283339773875418,0.8097212436091502,0.5198572689193856,0.4875067802348723,0.6470588235294118,-1.1642108673602785,17,0.0327187608493789,0.06108090821874,15.392388871122485,6.108090821874001,6254,0.536,False,False,True,False,True,1,False
JOLTS,2,2,day,JOLTS|off2|h2|day,-1,-0.0579844966594695,-0.1740735816422188,-0.1048784111380103,-0.1937114837163349,0.4117647058823529,-2.0144061341948025,17,-0.0355571394139386,0.0610711430855315,15.389928057553956,6.107114308553157,6255,-0.582,False,False,True,False,True,1,False
JOLTS,2,2,ongap,JOLTS|off2|h2|ongap,1,0.1484964868285568,-0.0520358669986402,-0.0304433391283322,0.1123821885207689,0.5,-1.6690050661653075,10,0.1886862986762317,0.0976148409893992,24.598939929328623,9.76148409893993,2264,1.933,False,False,True,False,False,1,False
JOLTS,2,2,night,JOLTS|off2|h2|night,-1,0.5033190720213535,-0.5788932426873866,-0.4758753987602523,-0.6624625731976177,0.2,-2.249694904752654,10,-0.1708203660038524,0.0976148409893992,24.598939929328623,9.76148409893993,2264,-1.75,False,False,True,False,False,1,False
NFP,-2,1,c2c,NFP|off-2|h1|c2c,1,0.007903764100288,-0.2635699950534501,-0.1221508823393526,0.1769632525006976,0.5882352941176471,-1.7739636953903506,17,0.0430387079451834,0.0318196354333226,16.037096258394627,3.181963543332268,6254,1.353,False,False,True,False,True,1,False
NFP,-2,1,o2o,NFP|off-2|h1|o2o,1,0.0340803647826359,-0.2017252725184214,-0.0812438492138888,0.1863446475706667,0.5294117647058824,-1.3952512268884796,17,0.0341797324245846,0.0318196354333226,16.037096258394627,3.181963543332268,6254,1.074,False,False,True,False,True,1,False
NFP,-2,1,day,NFP|off-2|h1|day,1,-0.0837603309672474,0.053177531048126,-0.0226007151255296,0.0591007852221371,0.4117647058823529,-1.3515037120861912,17,0.0116176995352626,0.0318145483613109,16.03453237410072,3.181454836131095,6255,0.365,False,False,True,False,True,1,False
NFP,-2,1,ongap,NFP|off-2|h1|ongap,1,0.4675738795263924,-0.4319260212047058,-0.348158561000721,-0.2406708888407996,0.5,-2.0348642962101127,10,0.0263270613807545,0.0485865724381625,24.48763250883392,4.858657243816254,2264,0.542,False,False,True,False,True,1,False
NFP,-2,1,night,NFP|off-2|h1|night,1,0.3303991417241911,-0.4505876095221378,-0.3574434427357581,-0.3822269361302376,0.4,-1.5800009248081195,10,0.0373908996301411,0.0485865724381625,24.48763250883392,4.858657243816254,2264,0.77,False,False,True,False,True,1,False
NFP,-2,2,c2c,NFP|off-2|h2|c2c,-1,-0.067854885476208,-0.222248253551703,-0.1332548314775644,-0.2870475345291089,0.4117647058823529,-2.7509467701355907,17,-0.0667073724677166,0.0636392708666453,16.037096258394627,6.363927086664535,6254,-1.048,False,False,True,False,True,1,False
NFP,-2,2,o2o,NFP|off-2|h2|o2o,1,-0.0431405774189195,0.1214073233998854,0.0361239631537455,0.2353913415500644,0.5882352941176471,-1.634498341052719,17,0.0567958104155477,0.0636392708666453,16.037096258394627,6.363927086664535,6254,0.892,False,False,True,False,True,1,False
NFP,-2,2,day,NFP|off-2|h2|day,1,-0.0256676811729239,-0.002228509001451,-0.0141780928678621,0.0883985142406969,0.5882352941176471,-1.8102920221404415,17,0.0307046218521318,0.0636290967226219,16.03453237410072,6.36290967226219,6255,0.483,False,False,True,False,True,1,False
NFP,-2,2,ongap,NFP|off-2|h2|ongap,-1,-0.1499706436791972,0.1881587646427579,0.1599635735700586,-0.1962761999809813,0.5,-2.943841055994232,10,-0.2706790695224929,0.097173144876325,24.37632508833922,9.717314487632509,2264,-2.786,False,False,True,False,False,1,False
NFP,-2,2,night,NFP|off-2|h2|night,1,0.5089101889414587,-0.3742099743045199,-0.2809449876615892,0.106086233880325,0.6,-1.3826027861993346,10,0.123103073768018,0.097173144876325,24.37632508833922,9.717314487632509,2264,1.267,False,False,True,False,True,1,False
NFP,-1,1,c2c,NFP|off-1|h1|c2c,-1,0.0131430034438915,-0.6947704958701681,-0.3097157749978125,-0.2909864421529522,0.4705882352941176,-2.403774428144536,17,-0.0237045994426144,0.0318196354333226,16.037096258394627,3.181963543332268,6254,-0.745,False,False,True,False,True,1,False
NFP,-1,1,o2o,NFP|off-1|h1|o2o,-1,-0.0035769022167516,-0.531193076460761,-0.2334638834014603,-0.3168821805703817,0.2941176470588235,-2.5874905562013883,17,-0.0226363861623413,0.0318196354333226,16.037096258394627,3.181963543332268,6254,-0.711,False,False,True,False,True,1,False
NFP,-1,1,day,NFP|off-1|h1|day,1,-0.1071780618016355,-0.1298089374700774,-0.1105119076191897,-0.0390411673146007,0.5294117647058824,-2.005644545410159,17,0.0191011030433061,0.0318145483613109,16.03453237410072,3.181454836131095,6255,0.6,False,False,True,False,True,1,False
NFP,-1,1,ongap,NFP|off-1|h1|ongap,-1,0.4103936458490669,0.1368898857782445,0.1458830839471034,-0.1285956954500146,0.5,-2.4302416028491094,10,-0.2444111451490187,0.0485865724381625,24.37632508833922,4.858657243816254,2264,-5.03,False,False,True,False,False,1,False
NFP,-1,1,night,NFP|off-1|h1|night,1,0.1668428893354227,-0.2320132469282894,-0.1905586282112626,0.2883827884304941,0.5,-1.2042568022880733,10,0.0857797493967862,0.0485865724381625,24.37632508833922,4.858657243816254,2264,1.766,False,False,True,False,True,1,False
NFP,-1,2,c2c,NFP|off-1|h2|c2c,-1,0.0472297532096781,-0.7190351962093063,-0.2744987414505084,-0.3545209760072569,0.4705882352941176,-2.1170878293232223,17,-0.0508730272384665,0.0636392708666453,16.037096258394627,6.363927086664535,6254,-0.799,False,False,True,False,True,1,False
NFP,-1,2,o2o,NFP|off-1|h2|o2o,1,-0.0492304581137328,0.6629327133668199,0.2435623827248353,0.2635781571648772,0.5294117647058824,-1.7831306494078056,17,0.0410604656898838,0.0636392708666453,16.037096258394627,6.363927086664535,6254,0.645,False,False,True,False,True,1,False
NFP,-1,2,day,NFP|off-1|h2|day,1,-0.0569290993381463,0.1142504711949307,0.0160648386751345,0.0707221640572118,0.5294117647058824,-1.8488503435106016,17,0.0376434532607284,0.0636290967226219,16.03453237410072,6.36290967226219,6255,0.592,False,False,True,False,True,1,False
NFP,-1,2,ongap,NFP|off-1|h2|ongap,-1,0.8188592737936787,-0.1837663380074747,-0.1191101902836227,-0.3527342920157472,0.3,-1.8346122443861168,10,-0.3045560209684118,0.0967314487632508,24.37632508833922,9.673144876325088,2264,-3.148,False,False,True,False,False,1,False
NFP,-1,2,night,NFP|off-1|h2|night,1,0.3863460005700447,0.151839405613216,0.1712756251147416,0.4300659006742482,0.8,-2.138398282820152,10,0.1611983803410586,0.0967314487632508,24.37632508833922,9.673144876325088,2264,1.666,False,True,True,False,False,2,False
NFP,0,1,c2c,NFP|off0|h1|c2c,-1,-0.030371176059766,-0.3669882867903803,-0.1583177098011057,-0.3079453790040014,0.4117647058823529,-1.328097108998851,17,-0.0271504387236096,0.0318196354333226,16.037096258394627,3.181963543332268,6254,-0.853,False,False,True,False,True,1,False
NFP,0,1,o2o,NFP|off0|h1|o2o,1,0.0209610383903757,0.4745477790851268,0.1899165701417396,0.2686990949803165,0.6470588235294118,-1.209845346228678,17,0.0184052156093088,0.0318196354333226,16.037096258394627,3.181963543332268,6254,0.578,False,False,True,False,True,1,False
NFP,0,1,day,NFP|off0|h1|day,1,-0.1066657796755721,0.2228923085077382,0.0232663777931039,0.0859819225620406,0.6470588235294118,-2.253178717464704,17,0.018521488666138,0.0318145483613109,16.03453237410072,3.181454836131095,6255,0.582,False,False,True,False,True,1,False
NFP,0,1,ongap,NFP|off0|h1|ongap,-1,0.3303467364608886,-0.8422532384417218,-0.7374954374142634,-0.9713270682791576,0.2,-2.222275466588515,10,-0.0604494519400151,0.0481448763250883,24.265017667844525,4.814487632508834,2264,-1.256,False,False,True,False,True,1,False
NFP,0,1,night,NFP|off0|h1|night,1,0.1794839221159925,0.3869041991176049,0.3586780087956816,0.3117714771397374,0.6,-2.227174393738652,10,0.0753288293914451,0.0481448763250883,24.265017667844525,4.814487632508834,2264,1.565,False,False,True,False,True,1,False
NFP,0,2,c2c,NFP|off0|h2|c2c,1,0.1348824613577366,0.6428149794084176,0.3389445642841035,0.4257462556491885,0.6470588235294118,-1.1031178321660031,17,0.0555995121151212,0.0636392708666453,16.037096258394627,6.363927086664535,6254,0.874,False,False,True,False,True,1,False
NFP,0,2,o2o,NFP|off0|h2|o2o,1,0.1362456072549697,0.9097468391812212,0.4452978754606835,0.631935848322971,0.7058823529411765,-1.0592827398976026,17,0.0382732180034331,0.0636392708666453,16.037096258394627,6.363927086664535,6254,0.601,True,True,True,False,True,3,False
NFP,0,2,day,NFP|off0|h2|day,-1,0.0528637499308404,-0.3253153503094753,-0.0993559202750607,-0.2439981561266758,0.4705882352941176,-2.170954512074992,17,-0.0407133133510641,0.0636290967226219,16.03453237410072,6.36290967226219,6255,-0.64,False,False,True,False,True,1,False
NFP,0,2,ongap,NFP|off0|h2|ongap,-1,0.885478146688019,-0.7264284501388795,-0.310199154292639,-0.4218796387516806,0.4,-1.5509706605570177,10,-0.113015926683262,0.0962897526501766,24.37632508833922,9.628975265017669,2264,-1.174,False,False,True,False,True,1,False
NFP,0,2,night,NFP|off0|h2|night,1,0.5788055485785825,0.5745675195648404,0.567895690167111,0.6197841850419671,0.6,-0.8122130998761878,10,0.1065680462110434,0.0962897526501766,24.37632508833922,9.628975265017669,2264,1.107,True,False,True,False,True,2,False
NFP,1,1,c2c,NFP|off1|h1|c2c,1,0.2659128755843572,0.5868225530756881,0.3899001378833063,0.4100909538160628,0.7647058823529411,-2.058872351025581,17,0.0284310843192692,0.0318196354333226,16.037096258394627,3.181963543332268,6254,0.894,False,True,True,False,True,2,False
NFP,1,1,o2o,NFP|off1|h1|o2o,1,0.0789487538414776,0.7235253626615984,0.3539555677811774,0.4780123109093094,0.6470588235294118,-1.5918103366610217,17,0.0198189651055416,0.0318196354333226,16.037096258394627,3.181963543332268,6254,0.623,False,False,True,False,True,1,False
NFP,1,1,day,NFP|off1|h1|day,-1,0.0905099890621416,-0.1509250845742943,-0.0111635957574624,-0.1053336192216085,0.5294117647058824,-1.6945597229764011,17,-0.0221709631336418,0.0318145483613109,16.03453237410072,3.181454836131095,6255,-0.697,False,False,True,False,True,1,False
NFP,1,1,ongap,NFP|off1|h1|ongap,-1,0.7299584506730293,-0.2527199437499514,0.1470742626096023,-0.0366916042215321,0.6,-0.8805594871994927,10,-0.0520751074365477,0.0481448763250883,24.37632508833922,4.814487632508834,2264,-1.082,False,False,True,False,True,1,False
NFP,1,1,night,NFP|off1|h1|night,1,0.4545786868912102,0.3303049368720279,0.3461029016902207,0.1364163079000666,0.7,-2.1420219540015357,10,0.0311945948841154,0.0481448763250883,24.37632508833922,4.814487632508834,2264,0.648,False,True,True,False,True,2,False
NFP,1,2,c2c,NFP|off1|h2|c2c,1,0.0283247540639816,0.8775490288832126,0.3892205875714967,0.3430515505639247,0.7058823529411765,-2.037276258929896,17,0.0446186821796138,0.0636392708666453,16.037096258394627,6.363927086664535,6254,0.701,False,True,True,False,True,2,False
NFP,1,2,o2o,NFP|off1|h2|o2o,1,-0.012017610445769,0.6776521679378743,0.2851036713262399,0.3661809965424089,0.6470588235294118,-2.005745330812771,17,0.0493592217598678,0.0636392708666453,16.037096258394627,6.363927086664535,6254,0.776,False,False,True,False,True,1,False
NFP,1,2,day,NFP|off1|h2|day,-1,0.0377823907935773,-0.1133965468208172,-0.0209408931740517,-0.0993650045959179,0.5294117647058824,-2.1395104039142727,17,-0.0386688191968833,0.0636290967226219,16.03453237410072,6.36290967226219,6255,-0.608,False,False,True,False,True,1,False
NFP,1,2,ongap,NFP|off1|h2|ongap,-1,0.4394716108287528,-0.667933000809495,-0.238793243636077,-0.7352899273990678,0.3,-1.5393186988648355,10,-0.0657071838004718,0.0967314487632508,24.37632508833922,9.673144876325088,2264,-0.679,False,False,True,False,True,1,False
NFP,1,2,night,NFP|off1|h2|night,1,1.281946640376462,0.723234815168034,0.7525536990985883,0.8556850550402091,0.8,-0.5073140783684886,10,0.1283848421156409,0.0967314487632508,24.37632508833922,9.673144876325088,2264,1.327,True,True,True,False,True,3,False
NFP,2,1,c2c,NFP|off2|h1|c2c,-1,0.1589318132559441,-0.7710829317805554,-0.222804696928762,-0.2996817787273267,0.4117647058823529,-2.0909584347934547,17,-0.0161543410413205,0.0318196354333226,16.037096258394627,3.181963543332268,6254,-0.508,False,False,True,False,True,1,False
NFP,2,1,o2o,NFP|off2|h1|o2o,-1,-0.0058384199089312,-0.3331630574051915,-0.1454556159458066,-0.3487285427493941,0.2941176470588235,-1.9572564665980208,17,-0.0295398920635441,0.0318196354333226,16.037096258394627,3.181963543332268,6254,-0.928,False,False,True,False,True,1,False
NFP,2,1,day,NFP|off2|h1|day,1,-0.0830100105547035,-0.1312271233168752,-0.0992509352804539,0.0503120178348826,0.6470588235294118,-1.680476089213227,17,0.0164992991774089,0.0318145483613109,16.03453237410072,3.181454836131095,6255,0.519,False,False,True,False,True,1,False
NFP,2,1,ongap,NFP|off2|h1|ongap,1,0.8854657361598349,0.3583363202465162,0.4226050685851712,0.5440481096319071,0.8,-1.0767069594857666,10,0.0138890023585521,0.0485865724381625,24.48763250883392,4.858657243816254,2264,0.286,False,True,True,False,True,2,False
NFP,2,1,night,NFP|off2|h1|night,1,1.234171074010199,0.5717012050061036,0.5859818079221254,0.6354255657324608,0.7,-0.7015847511338239,10,0.0968677075990173,0.0485865724381625,24.48763250883392,4.858657243816254,2264,1.994,True,True,True,False,True,3,False
NFP,2,2,c2c,NFP|off2|h2|c2c,-1,0.0833192495069055,-0.6388045929898314,-0.2092945003420627,-0.262014388979728,0.4705882352941176,-2.503934948961976,17,-0.0326493527594993,0.0636392708666453,16.037096258394627,6.363927086664535,6254,-0.513,False,False,True,False,True,1,False
NFP,2,2,o2o,NFP|off2|h2|o2o,-1,0.0416817575714369,-0.6362712770208975,-0.2499274542175804,-0.4061949968230917,0.2941176470588235,-2.23402130465846,17,-0.0489063509338744,0.0636392708666453,16.037096258394627,6.363927086664535,6254,-0.768,False,False,True,False,True,1,False
NFP,2,2,day,NFP|off2|h2|day,-1,-0.0125925172840291,-0.3369810563618079,-0.1384775475061725,-0.2806747220167618,0.4117647058823529,-2.2855215151328445,17,-0.0345615096783358,0.0636290967226219,16.03453237410072,6.36290967226219,6255,-0.543,False,False,True,False,True,1,False
NFP,2,2,ongap,NFP|off2|h2|ongap,1,-0.1612767080023392,0.0904336727705092,0.0642611160787656,0.1398892728072439,0.5,-0.969622784846654,10,0.0477042840193575,0.097173144876325,24.48763250883392,9.717314487632509,2264,0.491,False,False,True,False,True,1,False
NFP,2,2,night,NFP|off2|h2|night,1,-0.0255156126374082,0.544439064863341,0.4788948486044334,0.6181799521353187,0.7,-1.0291212669682872,10,0.1881068848166945,0.097173144876325,24.48763250883392,9.717314487632509,2264,1.936,True,True,True,False,False,3,False
PCE,-2,1,c2c,PCE|off-2|h1|c2c,1,-0.0654816971854396,0.3408572438319636,0.1396936093433462,0.2109222856449964,0.5882352941176471,-1.763381677968412,17,0.0293917511302542,0.0316597377678285,15.956507834985612,3.165973776782859,6254,0.928,False,False,True,False,True,1,False
PCE,-2,1,o2o,PCE|off-2|h1|o2o,1,0.0264543463484656,-0.2893229268055731,-0.122399700457552,-0.0225644208047791,0.4705882352941176,-1.92628636072836,17,0.0271186791268592,0.0316597377678285,15.956507834985612,3.165973776782859,6254,0.857,False,False,True,False,True,1,False
PCE,-2,1,day,PCE|off-2|h1|day,1,0.004169739451882,-0.7803318658552997,-0.3289486942409324,-0.4622285448151255,0.2941176470588235,-1.5014423128464036,17,0.0157474385917988,0.0316546762589928,15.953956834532374,3.1654676258992804,6255,0.497,False,False,True,False,True,1,False
PCE,-2,1,ongap,PCE|off-2|h1|ongap,1,0.0761445154153946,-0.3346750160726408,-0.2773618898866673,-0.2532363870724983,0.4,-1.4610140637674154,10,0.0357108451105415,0.0485865724381625,24.48763250883392,4.858657243816254,2264,0.735,False,False,True,False,True,1,False
PCE,-2,1,night,PCE|off-2|h1|night,1,0.1740482934184765,0.7170799362412486,0.6477427968684383,0.7782235204731274,0.8,-1.13261828075205,10,0.0438427103129808,0.0485865724381625,24.48763250883392,4.858657243816254,2264,0.902,True,True,True,False,True,3,False
PCE,-2,2,c2c,PCE|off-2|h2|c2c,1,0.0002330518227502,0.7670689173060702,0.3423771792183941,0.4249110043543425,0.7058823529411765,-1.9779091584646384,17,0.0453787360491622,0.0633194755356571,15.956507834985612,6.331947553565718,6254,0.717,False,True,True,False,True,2,False
PCE,-2,2,o2o,PCE|off-2|h2|o2o,1,0.0811922206096346,0.1970789524689554,0.1270183984641773,0.2742012867640336,0.6470588235294118,-1.3267420760365811,17,0.0422085407483409,0.0633194755356571,15.956507834985612,6.331947553565718,6254,0.667,False,False,True,False,True,1,False
PCE,-2,2,day,PCE|off-2|h2|day,1,0.0287988824947441,-0.1646076558670411,-0.0553655681841049,-0.0171478197546459,0.4705882352941176,-1.2360008728882617,17,0.0336082746096536,0.0633093525179856,15.953956834532374,6.330935251798561,6255,0.531,False,False,True,False,True,1,False
PCE,-2,2,ongap,PCE|off-2|h2|ongap,1,0.8512113999668371,0.0579448532162705,0.1131925346461377,0.3622652707362283,0.6,-1.1879703890351463,10,0.1717473486978117,0.097173144876325,24.265017667844525,9.717314487632509,2264,1.767,False,False,True,False,False,1,False
PCE,-2,2,night,PCE|off-2|h2|night,-1,-0.0037743116780893,-0.6670375636571027,-0.5888746378888053,-0.7998644754694291,0.2,-2.3041471178750133,10,-0.1050873084360766,0.097173144876325,24.265017667844525,9.717314487632509,2264,-1.081,False,False,True,False,True,1,False
PCE,-1,1,c2c,PCE|off-1|h1|c2c,1,-0.0438720202427129,0.8749435823126522,0.2939968065588841,0.2772536717099645,0.5882352941176471,-1.2083827260089894,17,0.0159632506278126,0.0316597377678285,15.956507834985612,3.165973776782859,6254,0.504,False,False,True,False,True,1,False
PCE,-1,1,o2o,PCE|off-1|h1|o2o,1,-0.0188033964526755,0.7298485334881165,0.2827333081394586,0.4740751316820233,0.7647058823529411,-1.8822739822576,17,0.0150651765014382,0.0316597377678285,15.956507834985612,3.165973776782859,6254,0.476,False,True,True,False,True,2,False
PCE,-1,1,day,PCE|off-1|h1|day,1,-0.1084628983934592,0.4094744234497487,0.1197409722639691,0.2596669844933109,0.7647058823529411,-1.981476658445471,17,0.0178295386671239,0.0316546762589928,15.953956834532374,3.1654676258992804,6255,0.563,False,True,True,False,True,2,False
PCE,-1,1,ongap,PCE|off-1|h1|ongap,1,0.8489420528627939,0.1248350717142234,0.1478035580108363,0.4882792092706706,0.7,-1.277244103408555,10,0.1357885458607,0.0485865724381625,24.265017667844525,4.858657243816254,2264,2.795,False,True,True,False,True,2,False
PCE,-1,1,night,PCE|off-1|h1|night,-1,0.4486669050667424,-0.1796432036892258,-0.1191308310849744,-0.2808911226271657,0.5,-2.875402508543027,10,-0.0609818595226536,0.0485865724381625,24.265017667844525,4.858657243816254,2264,-1.255,False,False,True,False,True,1,False
PCE,-1,2,c2c,PCE|off-1|h2|c2c,1,0.0577090996301408,1.120268909448817,0.4548867266771537,0.4417779213604454,0.5294117647058824,-1.0369790728249553,17,0.0352638875623618,0.0633194755356571,15.956507834985612,6.331947553565718,6254,0.557,False,False,True,False,True,1,False
PCE,-1,2,o2o,PCE|off-1|h2|o2o,-1,-0.0030155131948663,-1.1601988992912085,-0.4399591227644787,-0.5140167825573136,0.2941176470588235,-2.998125612341008,17,-0.038362452016974,0.0633194755356571,15.956507834985612,6.331947553565718,6254,-0.606,False,False,True,False,True,1,False
PCE,-1,2,day,PCE|off-1|h2|day,1,-0.0754082096458702,0.8034701194665411,0.2819133380347802,0.3337889687633352,0.7058823529411765,-2.127508297459004,17,0.0332939759394288,0.0633093525179856,15.953956834532374,6.330935251798561,6255,0.526,False,True,True,False,True,2,False
PCE,-1,2,ongap,PCE|off-1|h2|ongap,1,0.9342380090616068,0.3026902210523368,0.3451614705221373,0.6344531452382464,0.8,-1.16946474265156,10,0.1552299293296618,0.0962897526501766,24.37632508833922,9.628975265017669,2264,1.612,True,True,True,False,False,3,False
PCE,-1,2,night,PCE|off-1|h2|night,1,-0.1892921264954664,0.1273387251320524,0.0933629982313069,0.1587130143066198,0.4,-1.411657915194168,10,0.0865064161122465,0.0962897526501766,24.37632508833922,9.628975265017669,2264,0.898,False,False,True,False,True,1,False
PCE,0,1,c2c,PCE|off0|h1|c2c,1,0.0269251514489259,0.6463365968465934,0.2626450494267007,0.3659534959425226,0.5882352941176471,-1.2841033480115376,17,0.0192856342429658,0.0316597377678285,15.956507834985612,3.165973776782859,6254,0.609,False,False,True,False,True,1,False
PCE,0,1,o2o,PCE|off0|h1|o2o,-1,0.0615517428742595,-0.832847033484733,-0.2625019172823081,-0.3076770029143906,0.5294117647058824,-2.4890499497736016,17,-0.0232725903954922,0.0316597377678285,15.956507834985612,3.165973776782859,6254,-0.735,False,False,True,False,True,1,False
PCE,0,1,day,PCE|off0|h1|day,-1,-0.1272311303416981,-0.8787614614588832,-0.4054802018686185,-0.4728242212649131,0.4117647058823529,-2.6698145461246887,17,-0.0155536758272651,0.0316546762589928,15.953956834532374,3.1654676258992804,6255,-0.491,False,False,True,False,True,1,False
PCE,0,1,ongap,PCE|off0|h1|ongap,1,0.2671624857953454,0.2737830149425429,0.271997194431183,0.2230544309485812,0.6,-1.3142361559866071,10,0.0192171931608104,0.0477031802120141,24.153710247349824,4.770318021201414,2264,0.403,False,False,True,False,True,1,False
PCE,0,1,night,PCE|off0|h1|night,1,0.5611145230657765,0.0985265860796679,0.1515843984649715,-0.0711786914463075,0.4,-1.3375401491604575,10,0.0253188685500614,0.0477031802120141,24.153710247349824,4.770318021201414,2264,0.531,False,False,True,False,True,1,False
PCE,0,2,c2c,PCE|off0|h2|c2c,1,-0.0368075417334999,0.8481970122833723,0.3337129047425597,0.3846594426450788,0.7058823529411765,-1.34355417882595,17,0.0467246997810049,0.0633194755356571,15.9162136232811,6.331947553565718,6254,0.738,False,True,True,False,True,2,False
PCE,0,2,o2o,PCE|off0|h2|o2o,1,0.0198761897647524,1.0246929625688932,0.4348580164092152,0.3870697588968494,0.6470588235294118,-0.7995940523508362,17,0.0495685447861868,0.0633194755356571,15.9162136232811,6.331947553565718,6254,0.783,False,False,True,False,True,1,False
PCE,0,2,day,PCE|off0|h2|day,1,0.1971647501842984,0.9781656593262148,0.4795182763864246,0.4804969222271509,0.6470588235294118,-1.1798915894152804,17,0.0281187658838599,0.0633093525179856,15.953956834532374,6.330935251798561,6255,0.444,False,False,True,False,True,1,False
PCE,0,2,ongap,PCE|off0|h2|ongap,1,0.0475074943660168,0.3710579644151096,0.3211948289266831,0.4337881881278121,0.6,-0.6023371248696754,10,0.0389487821380805,0.0958480565371024,24.265017667844525,9.584805653710248,2264,0.406,False,False,True,False,True,1,False
PCE,0,2,night,PCE|off0|h2|night,1,0.6102684209914934,0.2398295621398605,0.2760760687190686,0.1681774029606886,0.5,-1.39870328683452,10,0.0698429272713322,0.0958480565371024,24.265017667844525,9.584805653710248,2264,0.729,False,False,True,False,True,1,False
PCE,1,1,c2c,PCE|off1|h1|c2c,-1,-0.0153589371925905,-0.6321102227737394,-0.2861547756244961,-0.3192954072750598,0.4117647058823529,-3.0483294404605434,17,-0.0274502908888958,0.0316597377678285,15.9162136232811,3.165973776782859,6254,-0.867,False,False,True,False,True,1,False
PCE,1,1,o2o,PCE|off1|h1|o2o,1,0.2128908776444602,0.7081442702817496,0.4208247239555997,0.4322662252432632,0.7058823529411765,-1.9699090219978088,17,0.026287365568265,0.0316597377678285,15.9162136232811,3.165973776782859,6254,0.83,False,True,True,False,True,2,False
PCE,1,1,day,PCE|off1|h1|day,1,0.2930059439786264,0.6022872460396754,0.4005727930985631,0.4533851119124616,0.7058823529411765,-1.5494487895834363,17,0.0126036673167191,0.0316546762589928,15.953956834532374,3.1654676258992804,6255,0.398,False,True,True,False,True,2,False
PCE,1,1,ongap,PCE|off1|h1|ongap,-1,-0.4223710990321661,-0.5234242869022359,-0.4987977215321617,-0.6038919894155504,0.2,-1.812144005702808,10,-0.0197049063206694,0.0481448763250883,24.37632508833922,4.814487632508834,2264,-0.409,False,False,True,False,True,1,False
PCE,1,1,night,PCE|off1|h1|night,1,0.0524099814226589,0.1188068228089866,0.1098751431684477,0.0985923079328119,0.5,-1.3414866554676137,10,0.0445882197849072,0.0481448763250883,24.37632508833922,4.814487632508834,2264,0.926,False,False,True,False,True,1,False
PCE,1,2,c2c,PCE|off1|h2|c2c,1,-0.0032997413167985,0.5477372458769321,0.237979799400232,0.2967287724832901,0.5882352941176471,-1.7473642579591622,17,0.0471341492301195,0.063159577870163,15.9162136232811,6.315957787016309,6254,0.746,False,False,True,False,True,1,False
PCE,1,2,o2o,PCE|off1|h2|o2o,1,0.1504040536703673,0.6041556293896518,0.3357461774949334,0.3890991114897874,0.5882352941176471,-2.1643745421217235,17,0.0450156432217731,0.063159577870163,15.9162136232811,6.315957787016309,6254,0.713,False,False,True,False,True,1,False
PCE,1,2,day,PCE|off1|h2|day,1,0.1188915718664953,0.6010352487028954,0.2881451932225648,0.4449933059711208,0.5882352941176471,-0.858609166600734,17,0.026539327934069,0.0633093525179856,15.913669064748202,6.330935251798561,6255,0.419,False,False,True,False,True,1,False
PCE,1,2,ongap,PCE|off1|h2|ongap,-1,-0.2038703245785977,-0.1408718850827454,-0.1376400790086407,-0.4838391061832041,0.5,-2.108914370620621,10,-0.189168132349879,0.0967314487632508,24.153710247349824,9.673144876325088,2264,-1.956,False,False,True,False,False,1,False
PCE,1,2,night,PCE|off1|h2|night,-1,-0.1526453595399103,-0.8259496805278149,-0.7393803751031679,-0.5981175036807385,0.2,-3.3165604551279797,10,-0.0903220484544371,0.0967314487632508,24.153710247349824,9.673144876325088,2264,-0.934,False,False,True,False,True,1,False
PCE,2,1,c2c,PCE|off2|h1|c2c,1,0.0867996532825349,0.1619630992111225,0.1143795850467262,0.1785948555473988,0.5882352941176471,-1.660330679339333,17,0.0196786006477107,0.0314998401023345,15.87591941157659,3.1499840102334504,6254,0.625,False,False,True,False,True,1,False
PCE,2,1,o2o,PCE|off2|h1|o2o,1,-0.0799982157267523,-0.035428107594973,-0.0618819314677328,-0.0773104769148068,0.4705882352941176,-1.9701255674768632,17,0.0187451680561203,0.0314998401023345,15.87591941157659,3.1499840102334504,6254,0.595,False,False,True,False,True,1,False
PCE,2,1,day,PCE|off2|h1|day,-1,-0.0194195724826038,-0.3760802290738701,-0.1442998261863456,-0.1807136579379058,0.4705882352941176,-1.851168218060864,17,-0.0139720284123587,0.0316546762589928,15.913669064748202,3.1654676258992804,6255,-0.441,False,False,True,False,True,1,False
PCE,2,1,ongap,PCE|off2|h1|ongap,1,-0.4671529604104122,-0.1208980732222416,-0.1325088349386957,0.2032422587860999,0.6,-1.5386891260083415,10,0.1696123327940507,0.0485865724381625,24.265017667844525,4.858657243816254,2264,3.491,False,False,True,False,False,1,False
PCE,2,1,night,PCE|off2|h1|night,-1,0.073041807899456,-0.9376721114125816,-0.807575661493897,-0.5905432137678946,0.2,-2.782464398379964,10,-0.0457979897331663,0.0485865724381625,24.265017667844525,4.858657243816254,2264,-0.943,False,False,True,False,True,1,False
PCE,2,2,c2c,PCE|off2|h2|c2c,1,0.4263554123002993,-0.2915585065588784,0.084165941430999,0.2396718019388953,0.6470588235294118,-2.927187596251873,17,0.0493243355190333,0.062999680204669,15.87591941157659,6.299968020466901,6254,0.783,False,False,True,False,True,1,False
PCE,2,2,o2o,PCE|off2|h2|o2o,1,0.213255271824002,-0.1868745426249548,0.0426187652935455,0.0800594918423378,0.5294117647058824,-2.601360942650337,17,0.0434324457989846,0.062999680204669,15.87591941157659,6.299968020466901,6254,0.689,False,False,True,False,True,1,False
PCE,2,2,day,PCE|off2|h2|day,1,-0.0939006720018294,0.3954782326162981,0.0874416839792442,0.1166208639290144,0.5882352941176471,-1.7422276953591036,17,0.0288271590006552,0.0631494804156674,15.913669064748202,6.314948041566747,6255,0.456,False,False,True,False,True,1,False
PCE,2,2,ongap,PCE|off2|h2|ongap,-1,0.4832569874630575,-0.1041509081497148,-0.0591229782808119,-0.313529089198643,0.5,-2.468900232780904,10,-0.2025545594303091,0.0962897526501766,24.37632508833922,9.628975265017669,2264,-2.104,False,False,True,False,False,1,False
PCE,2,2,night,PCE|off2|h2|night,1,0.0331476600874105,0.7180616076380214,0.6273664090766833,0.5634076380656285,0.8,-1.3949366083864194,10,0.091530916960668,0.0962897526501766,24.37632508833922,9.628975265017669,2264,0.951,False,True,True,False,True,2,False
PPI,-2,1,c2c,PPI|off-2|h1|c2c,-1,-0.0359731575857956,-0.3472184925905884,-0.1518601602871574,-0.2640808361607066,0.3846153846153846,-1.8421733340786803,13,-0.0164427645137304,0.0238247521586184,12.007675087943715,2.3824752158618483,6254,-0.69,False,False,True,False,True,1,False
PPI,-2,1,o2o,PPI|off-2|h1|o2o,-1,0.3269559317126395,-0.4848636890093666,-0.1040592256659208,-0.2429666821832789,0.4615384615384615,-2.4881099266753504,13,-0.0265177060262345,0.0238247521586184,12.007675087943715,2.3824752158618483,6254,-1.113,False,False,True,False,True,1,False
PPI,-2,1,day,PPI|off-2|h1|day,-1,0.421728850836536,-0.2351903259843879,0.0419612943735295,0.0740294171629156,0.6153846153846154,-1.906167776357528,13,-0.0146570350382151,0.0238209432454036,12.005755395683453,2.382094324540368,6255,-0.615,False,False,True,False,True,1,False
PPI,-2,1,ongap,PPI|off-2|h1|ongap,1,-0.6580814764212062,0.6041124817381639,0.4990807527196865,0.4381145195851533,0.7,-1.1597853394037252,10,0.0334974670731224,0.0481448763250883,24.37632508833922,4.814487632508834,2264,0.696,False,True,True,False,True,2,False
PPI,-2,1,night,PPI|off-2|h1|night,1,0.6468781765646078,0.2426603732986854,0.2637242153623036,0.6219079714996428,0.8,-1.0343390009232112,10,0.0510620738645767,0.0481448763250883,24.37632508833922,4.814487632508834,2264,1.061,True,True,True,False,True,3,False
PPI,-2,2,c2c,PPI|off-2|h2|c2c,1,0.2732407287162984,0.2057792598613844,0.2278597704613792,0.4416072322860219,0.7692307692307693,-1.4079313218425784,13,0.0328858887292694,0.0476495043172369,12.007675087943715,4.764950431723697,6254,0.69,False,True,True,False,True,2,False
PPI,-2,2,o2o,PPI|off-2|h2|o2o,-1,-0.0267277527652167,-0.6261189052432323,-0.3019189238642314,-0.5406725154833392,0.4615384615384615,-2.701786568208339,13,-0.037948490173714,0.0476495043172369,12.007675087943715,4.764950431723697,6254,-0.796,False,False,True,False,True,1,False
PPI,-2,2,day,PPI|off-2|h2|day,-1,0.1295426623633293,0.0017516008982294,0.0665255889669804,0.2938180443677869,0.6923076923076923,-0.6139048444954699,13,-0.0280594391005257,0.0476418864908073,12.005755395683453,4.764188649080736,6255,-0.589,False,True,True,False,True,2,False
PPI,-2,2,ongap,PPI|off-2|h2|ongap,-1,0.2548343011483091,-1.0287941632463855,-0.6899821903291354,-1.2158005695289251,0.2,-2.595217265632636,10,-0.1283659912523305,0.0967314487632508,24.37632508833922,9.673144876325088,2264,-1.327,False,False,True,False,True,1,False
PPI,-2,2,night,PPI|off-2|h2|night,1,0.330547859038791,0.3568456647371532,0.3426052915680848,0.5439658952410893,0.8,-1.422110926996237,10,0.100230090873817,0.0967314487632508,24.37632508833922,9.673144876325088,2264,1.036,False,True,True,False,True,2,False
PPI,-1,1,c2c,PPI|off-1|h1|c2c,1,0.5469389920712522,0.0586826753864533,0.2330784722833697,0.4595451066454922,0.6153846153846154,-1.3159082275170706,13,0.0164299276076762,0.0238247521586184,12.007675087943715,2.3824752158618483,6254,0.69,False,False,True,False,True,1,False
PPI,-1,1,o2o,PPI|off-1|h1|o2o,1,0.3418113319605701,0.324511381888129,0.3188377605122701,0.7106536747056397,0.6923076923076923,-0.9845497850795488,13,0.0114320841786544,0.0238247521586184,12.007675087943715,2.3824752158618483,6254,0.48,True,True,True,False,True,3,False
PPI,-1,1,day,PPI|off-1|h1|day,1,0.0412013046680204,-0.4556846913186552,-0.1408702897431284,-0.4540018401406747,0.3076923076923077,-1.525395786040051,13,0.0134007035147398,0.0238209432454036,12.005755395683453,2.382094324540368,6255,0.563,False,False,True,False,True,1,False
PPI,-1,1,ongap,PPI|off-1|h1|ongap,-1,0.2772227610387766,-0.6657895551245296,-0.3632976609842872,-0.9935037526308224,0.2,-1.7694685774863066,10,-0.0945085282998316,0.0485865724381625,24.48763250883392,4.858657243816254,2264,-1.945,False,False,True,False,True,1,False
PPI,-1,1,night,PPI|off-1|h1|night,-1,-0.1725031467644996,-0.3639457861134402,-0.3375348618201366,-0.6388500727322699,0.3,-2.2215976074178454,10,-0.0493881155875936,0.0485865724381625,24.48763250883392,4.858657243816254,2264,-1.016,False,False,True,False,True,1,False
PPI,-1,2,c2c,PPI|off-1|h2|c2c,1,0.5345373432514114,-0.0106825085438479,0.1998602126286997,0.4810126712502916,0.7692307692307693,-1.4651653879000162,13,0.0313415609109569,0.0476495043172369,12.007675087943715,4.764950431723697,6254,0.658,False,True,True,False,True,2,False
PPI,-1,2,o2o,PPI|off-1|h2|o2o,1,0.6646564855983712,-0.1711797201708229,0.2041358749431748,0.4877788805023457,0.6923076923076923,-1.728758072470712,13,0.0254777484115301,0.0476495043172369,12.007675087943715,4.764950431723697,6254,0.535,False,True,True,False,True,2,False
PPI,-1,2,day,PPI|off-1|h2|day,1,0.2492816392836668,-0.6729842111011646,-0.1398555202659876,-0.2140483617205696,0.3846153846153846,-2.477938097697403,13,0.0251967413944334,0.0476418864908073,12.005755395683453,4.764188649080736,6255,0.529,False,False,True,False,True,1,False
PPI,-1,2,ongap,PPI|off-1|h2|ongap,-1,0.1317023314768391,-0.1531714331150996,-0.093051117796734,-0.4867726765583504,0.4,-2.516625300080682,10,-0.1878375330368535,0.097173144876325,24.598939929328623,9.717314487632509,2264,-1.933,False,False,True,False,False,1,False
PPI,-1,2,night,PPI|off-1|h2|night,-1,-0.1907223705045898,-0.919972334603644,-0.830664984749059,-0.8783369313955091,0.2,-2.5757550456833007,10,-0.0880418981564133,0.097173144876325,24.598939929328623,9.717314487632509,2264,-0.906,False,False,True,False,True,1,False
PPI,0,1,c2c,PPI|off0|h1|c2c,1,0.1284862284655434,-0.1479933252061387,-0.0206713246136714,0.0581481872013825,0.5384615384615384,-2.129853318587998,13,0.0149141419349735,0.0238247521586184,12.007675087943715,2.3824752158618483,6254,0.626,False,False,True,False,True,1,False
PPI,0,1,o2o,PPI|off0|h1|o2o,1,0.5942136498083603,-0.525481244436015,-0.0788612777889899,0.253824554593321,0.6153846153846154,-2.433470444647281,13,0.0140469642640507,0.0238247521586184,12.007675087943715,2.3824752158618483,6254,0.59,False,False,True,False,True,1,False
PPI,0,1,day,PPI|off0|h1|day,1,0.2811387870212234,-0.5996644975612611,-0.1485800393324468,-0.0533941816038587,0.6153846153846154,-2.056711900211014,13,0.0117943373321228,0.0238209432454036,12.005755395683453,2.382094324540368,6255,0.495,False,False,True,False,True,1,False
PPI,0,1,ongap,PPI|off0|h1|ongap,1,0.0994879894758249,-0.4356701679497674,-0.383491926202706,-0.1319391300820603,0.5,-1.4983297263136723,10,0.0933049270916399,0.0485865724381625,24.598939929328623,4.858657243816254,2264,1.92,False,False,True,False,True,1,False
PPI,0,1,night,PPI|off0|h1|night,1,-0.1470946671342027,0.8686828804852746,0.738196325875934,0.664986204277067,0.7,-0.6309488365524785,10,0.0388264446693738,0.0485865724381625,24.598939929328623,4.858657243816254,2264,0.799,True,True,True,False,True,3,False
PPI,0,2,c2c,PPI|off0|h2|c2c,1,0.3150472052806377,0.1367632204554937,0.1835606520013327,0.4436610140960649,0.6923076923076923,-1.0073235091248904,13,0.0283103822490851,0.0476495043172369,12.007675087943715,4.764950431723697,6254,0.594,False,True,True,False,True,2,False
PPI,0,2,o2o,PPI|off0|h2|o2o,1,0.4964868756737968,-0.3116711049267545,0.0163742776539282,0.2853625932501122,0.6923076923076923,-1.9681665041990657,13,0.0252013123725726,0.0476495043172369,12.007675087943715,4.764950431723697,6254,0.529,False,True,True,False,True,2,False
PPI,0,2,day,PPI|off0|h2|day,1,0.1652661432835417,-0.3447061130130532,-0.0860312778514185,0.0061585285511692,0.5384615384615384,-2.1628645245071083,13,0.0227719455394745,0.0476418864908073,12.005755395683453,4.764188649080736,6255,0.478,False,False,True,False,True,1,False
PPI,0,2,ongap,PPI|off0|h2|ongap,1,-0.2269767080780292,-0.3587644251996535,-0.3378167185646971,-0.1469989822520924,0.3,-1.0402574737874604,10,0.1201611708260355,0.0976148409893992,24.598939929328623,9.76148409893993,2264,1.231,False,False,True,False,True,1,False
PPI,0,2,night,PPI|off0|h2|night,1,0.5675027547335133,0.3701888661784839,0.3791997281721174,0.5588740690796506,0.7,-0.8909620888755233,10,0.0921487624566505,0.0976148409893992,24.598939929328623,9.76148409893993,2264,0.944,False,True,True,False,True,2,False
PPI,1,1,c2c,PPI|off1|h1|c2c,1,0.2417218140893992,0.2750267174832196,0.2194839147185641,0.4075987431096038,0.6923076923076923,-0.8892603158951077,13,0.0133751279318089,0.0238247521586184,12.007675087943715,2.3824752158618483,6254,0.561,False,True,True,False,True,2,False
PPI,1,1,o2o,PPI|off1|h1|o2o,1,0.032128781883878,0.0559561140600273,0.0394221686849262,0.0398690047430508,0.6153846153846154,-1.8752455598617217,13,0.0111531496660554,0.0238247521586184,12.007675087943715,2.3824752158618483,6254,0.468,False,False,True,False,True,1,False
PPI,1,1,day,PPI|off1|h1|day,-1,-0.0502650094420541,-0.2266900619464788,-0.1275453745202447,-0.2407275754544413,0.3846153846153846,-2.122049728768868,13,-0.0110015777998932,0.0238209432454036,12.005755395683453,2.382094324540368,6255,-0.462,False,False,True,False,True,1,False
PPI,1,1,ongap,PPI|off1|h1|ongap,-1,-0.0949531769575269,-0.3070510214136202,-0.2777010618196617,-0.1844269570083442,0.4,-2.8013541925348,10,-0.0266584782362987,0.0490282685512367,24.710247349823323,4.902826855123675,2264,-0.544,False,False,True,False,True,1,False
PPI,1,1,night,PPI|off1|h1|night,1,0.9212450557324188,-0.3390789272706022,-0.2481008959977149,0.0450124870139714,0.6,-1.4729052479901823,10,0.0534949798878309,0.0490282685512367,24.710247349823323,4.902826855123675,2264,1.091,False,False,True,False,True,1,False
PPI,1,2,c2c,PPI|off1|h2|c2c,1,0.2245943933075726,0.13257153657528,0.1488725026134125,0.4102194076393076,0.6923076923076923,-1.2419389931286793,13,0.0274882843372167,0.0476495043172369,12.007675087943715,4.764950431723697,6254,0.577,False,True,True,False,True,2,False
PPI,1,2,o2o,PPI|off1|h2|o2o,1,0.2662444249290667,0.236823800286003,0.2138101149355157,0.3729001064494627,0.6923076923076923,-1.590375954679467,13,0.0231155337563476,0.0476495043172369,12.007675087943715,4.764950431723697,6254,0.485,False,True,True,False,True,2,False
PPI,1,2,day,PPI|off1|h2|day,-1,-0.0506240278250903,-0.4391047458138116,-0.2321929605044446,-0.358428770084307,0.2307692307692307,-3.201382930732902,13,-0.0231619642244245,0.0476418864908073,12.005755395683453,4.764188649080736,6255,-0.486,False,False,True,False,True,1,False
PPI,1,2,ongap,PPI|off1|h2|ongap,1,0.3221924272548068,-0.3544116740637767,-0.2725937659515258,-0.2503897361602206,0.4,-2.0481370737664726,10,0.0631734700201483,0.0980565371024735,24.710247349823323,9.80565371024735,2264,0.644,False,False,True,False,True,1,False
PPI,1,2,night,PPI|off1|h2|night,1,0.3802845481009054,-0.0581609523788283,-0.0279376982066556,0.1659343400610555,0.5,-0.5909068121470675,10,0.1047303086664806,0.0980565371024735,24.710247349823323,9.80565371024735,2264,1.068,False,False,True,False,True,1,False
PPI,2,1,c2c,PPI|off2|h1|c2c,1,0.010571842873814,-0.1627120731808267,-0.0735140811654778,0.0414912882558467,0.6153846153846154,-1.4623873055703802,13,0.0141502762127381,0.0238247521586184,12.007675087943715,2.3824752158618483,6254,0.594,False,False,True,False,True,1,False
PPI,2,1,o2o,PPI|off2|h1|o2o,1,0.2533782876515328,0.199870744751209,0.1882427921989405,0.2721968632979115,0.6923076923076923,-2.2226016337120624,13,0.0119535605720014,0.0238247521586184,12.007675087943715,2.3824752158618483,6254,0.502,False,True,True,False,True,2,False
PPI,2,1,day,PPI|off2|h1|day,1,-0.1170658965495221,0.2911037615491964,0.1065285497434744,0.129739615354016,0.4615384615384615,-1.4613715229601578,13,0.0122214269847018,0.0238209432454036,12.005755395683453,2.382094324540368,6255,0.513,False,False,True,False,True,1,False
PPI,2,1,ongap,PPI|off2|h1|ongap,1,0.9396586638066772,-0.5125519244239629,-0.3583949946192789,-0.2917335853338322,0.2,-2.1892951620940786,10,0.0365390694292315,0.0490282685512367,24.710247349823323,4.902826855123675,2264,0.745,False,False,True,False,True,1,False
PPI,2,1,night,PPI|off2|h1|night,-1,-0.0672133113574243,-0.3625560912586055,-0.3291038968411634,-0.2506044580086778,0.4,-1.8268859787796656,10,-0.0510675080488863,0.0490282685512367,24.710247349823323,4.902826855123675,2264,-1.042,False,False,True,False,True,1,False
PPI,2,2,c2c,PPI|off2|h2|c2c,1,0.0230603755854917,0.2189811829868164,0.1146331099622156,0.2572462587970927,0.6153846153846154,-1.3741222411945284,13,0.036595148816192,0.0476495043172369,12.007675087943715,4.764950431723697,6254,0.768,False,False,True,False,True,1,False
PPI,2,2,o2o,PPI|off2|h2|o2o,1,-0.0392826042204483,0.2784208881336097,0.119708436308652,0.2678582898889941,0.6153846153846154,-0.981009217108077,13,0.0258350767662151,0.0476495043172369,12.007675087943715,4.764950431723697,6254,0.542,False,False,True,False,True,1,False
PPI,2,2,day,PPI|off2|h2|day,-1,0.0980697533227754,-0.2072390193814754,-0.0630368654223105,-0.2590865736137072,0.4615384615384615,-1.836827384765901,13,-0.0240391509133974,0.0476418864908073,12.005755395683453,4.764188649080736,6255,-0.505,False,False,True,False,True,1,False
PPI,2,2,ongap,PPI|off2|h2|ongap,1,0.4772306719303144,-0.1924082614820398,-0.1262813979231161,-0.2050871767824496,0.4,-1.8802254072641356,10,0.0528227190883921,0.0980565371024735,24.710247349823323,9.80565371024735,2264,0.539,False,False,True,False,True,1,False
PPI,2,2,night,PPI|off2|h2|night,1,0.6739488773232929,-0.1001819903708182,-0.0165227415643516,-0.0344937869428432,0.5,-1.6533445986561215,10,0.0879341951848354,0.0980565371024735,24.710247349823323,9.80565371024735,2264,0.897,False,False,True,False,True,1,False
case_shiller,-2,1,c2c,case_shiller|off-2|h1|c2c,1,0.0843812179342146,-0.0434489220072536,0.0075002836280359,-0.1229020843041801,0.3846153846153846,-1.1424732708156202,13,0.0145336742706941,0.0223856731691717,11.282379277262551,2.238567316917173,6254,0.649,False,False,True,False,True,1,False
case_shiller,-2,1,o2o,case_shiller|off-2|h1|o2o,-1,-0.0590117178997366,0.2098230637583992,0.0780315686129677,0.214082623016475,0.6153846153846154,-2.1105724792548792,13,-0.0118286553918723,0.0223856731691717,11.282379277262551,2.238567316917173,6254,-0.528,False,False,True,False,True,1,False
case_shiller,-2,1,day,case_shiller|off-2|h1|day,-1,-0.086281319593531,0.1613764158794172,0.0405199427967821,0.2045593923033098,0.5384615384615384,-1.0461374011513849,13,-0.0104751267407241,0.0223820943245403,11.280575539568346,2.238209432454037,6255,-0.468,False,False,True,False,True,1,False
case_shiller,-2,1,ongap,case_shiller|off-2|h1|ongap,1,-0.3515092308255862,-0.1916100770997972,-0.2207570676595723,-0.2016302515588549,0.4,-1.6201113823538706,10,0.0157326707753044,0.0490282685512367,24.710247349823323,4.902826855123675,2264,0.321,False,False,True,False,True,1,False
case_shiller,-2,1,night,case_shiller|off-2|h1|night,1,0.0422521780683059,0.0901847675832667,0.0836581106247018,0.0079130616975807,0.6,-2.499567966416856,10,0.0294491727714648,0.0490282685512367,24.710247349823323,4.902826855123675,2264,0.601,False,False,True,False,True,1,False
case_shiller,-2,2,c2c,case_shiller|off-2|h2|c2c,1,0.1794137017906918,0.1947849257102825,0.1610112801735722,0.2877084073911269,0.6153846153846154,-1.0277388926238054,13,0.0261392211429163,0.0447713463383434,11.282379277262551,4.477134633834346,6254,0.584,False,False,True,False,True,1,False
case_shiller,-2,2,o2o,case_shiller|off-2|h2|o2o,1,0.2259991052756493,0.2262686419430451,0.1960680294036212,0.2028802056928489,0.5384615384615384,-1.008032257548371,13,0.0243337623862242,0.0447713463383434,11.282379277262551,4.477134633834346,6254,0.544,False,False,True,False,True,1,False
case_shiller,-2,2,day,case_shiller|off-2|h2|day,1,0.0769184170554681,-0.1461504804597678,-0.037015572604115,-0.1490763600115984,0.4615384615384615,-2.1775524897153966,13,0.0211787312761428,0.0447641886490807,11.280575539568346,4.476418864908074,6255,0.473,False,False,True,False,True,1,False
case_shiller,-2,2,ongap,case_shiller|off-2|h2|ongap,-1,-0.2608284696545221,0.1098414062591702,0.0695669073958201,-0.2287490608972248,0.3,-1.4303407729035855,10,-0.0875899822236506,0.0980565371024735,24.710247349823323,9.80565371024735,2264,-0.893,False,False,True,False,True,1,False
case_shiller,-2,2,night,case_shiller|off-2|h2|night,1,0.0613771315179544,0.1233844085806664,0.1143307527070423,0.0366198392167336,0.5,-1.82081503174171,10,0.069041678238359,0.0980565371024735,24.710247349823323,9.80565371024735,2264,0.704,False,False,True,False,True,1,False
case_shiller,-1,1,c2c,case_shiller|off-1|h1|c2c,1,0.0906695228832115,0.2682594058542648,0.1649053783374725,0.2358107820609089,0.5833333333333334,-1.6642176242136544,12,0.0115835900264477,0.0223856731691717,11.282379277262551,2.238567316917173,6254,0.517,False,False,True,False,True,1,False
case_shiller,-1,1,o2o,case_shiller|off-1|h1|o2o,1,0.3405956413600126,0.5864713978326869,0.4131306975376544,0.7552329510893105,0.75,-1.1079995950672892,12,0.0124588335704944,0.0223856731691717,11.282379277262551,2.238567316917173,6254,0.557,True,True,True,False,True,3,False
case_shiller,-1,1,day,case_shiller|off-1|h1|day,1,0.120071854435117,0.0612761582667141,0.0793079514704195,0.1494310238057729,0.6923076923076923,-1.9373701728840047,13,0.0106727147335568,0.0223820943245403,11.280575539568346,2.238209432454037,6255,0.477,False,True,True,False,True,2,False
case_shiller,-1,1,ongap,case_shiller|off-1|h1|ongap,-1,-0.2643408058062948,0.1845168109214268,0.1443823239213689,-0.4088626052133008,0.5,-2.434642444657066,10,-0.0717801969579185,0.0490282685512367,24.710247349823323,4.902826855123675,2264,-1.464,False,False,True,False,True,1,False
case_shiller,-1,1,night,case_shiller|off-1|h1|night,1,-0.1554746377971056,-0.0353792346251527,-0.0536050350711321,-0.121349980024145,0.4,-1.806013729352007,10,0.0397606105236073,0.0490282685512367,24.710247349823323,4.902826855123675,2264,0.811,False,False,True,False,True,1,False
case_shiller,-1,2,c2c,case_shiller|off-1|h2|c2c,1,0.1169902639503761,0.2998073927256156,0.1891669029770247,0.3478643768886928,0.5833333333333334,-1.1283471891971046,12,0.0359743119709918,0.0447713463383434,11.282379277262551,4.477134633834346,6254,0.804,False,False,True,False,True,1,False
case_shiller,-1,2,o2o,case_shiller|off-1|h2|o2o,1,0.3184237987663023,0.3545087063635956,0.2881878823001925,0.703352886141736,0.75,-0.6242961962022694,12,0.0284560264352295,0.0447713463383434,11.282379277262551,4.477134633834346,6254,0.636,True,True,True,False,True,3,False
case_shiller,-1,2,day,case_shiller|off-1|h2|day,1,0.0138310098482413,-0.1903222016845856,-0.0827115751680447,-0.078462385583871,0.5384615384615384,-1.565693531843115,13,0.0217514368665369,0.0447641886490807,11.280575539568346,4.476418864908074,6255,0.486,False,False,True,False,True,1,False
case_shiller,-1,2,ongap,case_shiller|off-1|h2|ongap,1,-0.1755311692367003,0.1307485837057379,0.1049765759958381,0.3669882487269522,0.6,-1.1378026624970503,10,0.115237360548885,0.0980565371024735,24.710247349823323,9.80565371024735,2264,1.175,False,False,True,False,True,1,False
case_shiller,-1,2,night,case_shiller|off-1|h2|night,1,0.1235364164607279,0.199187552884777,0.1877285662340883,0.1980592963074351,0.6,-1.4007460009254666,10,0.0783201322880944,0.0980565371024735,24.710247349823323,9.80565371024735,2264,0.799,False,False,True,False,True,1,False
case_shiller,0,1,c2c,case_shiller|off0|h1|c2c,1,0.0100976682651417,0.1296121177533775,0.0688260991511372,0.0888078174891177,0.4166666666666667,-0.97186640718893,12,0.0244122391704567,0.0223856731691717,11.282379277262551,2.238567316917173,6254,1.091,False,False,True,False,True,1,False
case_shiller,0,1,o2o,case_shiller|off0|h1|o2o,1,0.0425110708536805,-0.1041287681313265,-0.0373702749613517,0.0634482419773314,0.5833333333333334,-1.3168278376826583,12,0.0160120451193399,0.0223856731691717,11.282379277262551,2.238567316917173,6254,0.715,False,False,True,False,True,1,False
case_shiller,0,1,day,case_shiller|off0|h1|day,-1,0.0044721221717358,0.2221029518943151,0.1042288682456418,0.004491149630719,0.5,-1.0467024606503674,12,-0.0110457629984384,0.0223820943245403,11.280575539568346,2.238209432454037,6255,-0.494,False,False,True,False,True,1,False
case_shiller,0,1,ongap,case_shiller|off0|h1|ongap,1,0.106758516287476,0.6367135913279076,0.5784600172212107,0.6138896728920556,0.8,-0.9365954574837908,10,0.0430671245193062,0.0490282685512367,24.710247349823323,4.902826855123675,2264,0.878,True,True,True,False,True,3,False
case_shiller,0,1,night,case_shiller|off0|h1|night,1,0.1411165647678997,0.1964775089392852,0.1877626942571158,0.2655536265530795,0.5,-1.0840279879507937,10,0.0384930160155247,0.0490282685512367,24.710247349823323,4.902826855123675,2264,0.785,False,False,True,False,True,1,False
case_shiller,0,2,c2c,case_shiller|off0|h2|c2c,1,0.229050272747304,0.2844218059141523,0.2157541499568327,0.4042921478827207,0.5833333333333334,-1.205911014668745,12,0.0473095591194258,0.0447713463383434,11.282379277262551,4.477134633834346,6254,1.057,False,False,True,False,True,1,False
case_shiller,0,2,o2o,case_shiller|off0|h2|o2o,1,-0.0403209467097708,0.1684929871709589,0.0706692455288444,0.1571615777894535,0.5,-1.4417329201923206,12,0.0339590621926068,0.0447713463383434,11.282379277262551,4.477134633834346,6254,0.758,False,False,True,False,True,1,False
case_shiller,0,2,day,case_shiller|off0|h2|day,-1,0.1107900474102884,0.0593048838989717,0.0735060865186924,-0.0120869984796079,0.5833333333333334,-2.3520588262240136,12,-0.0266918368776444,0.0447641886490807,11.280575539568346,4.476418864908074,6255,-0.596,False,False,True,False,True,1,False
case_shiller,0,2,ongap,case_shiller|off0|h2|ongap,1,0.2062738862092339,0.1748432716946636,0.1677877228417088,0.2450275961824701,0.4,-1.0595309829187571,10,0.0823620470096767,0.0980565371024735,24.710247349823323,9.80565371024735,2264,0.84,False,False,True,False,True,1,False
case_shiller,0,2,night,case_shiller|off0|h2|night,1,0.9836786383946784,0.4754259378936964,0.5193705660550075,1.043270919060892,1.0,0.0668434720564931,10,0.1008325324967402,0.0980565371024735,24.710247349823323,9.80565371024735,2264,1.028,True,True,True,False,True,3,False
case_shiller,1,1,c2c,case_shiller|off1|h1|c2c,1,0.2491056022885611,0.2209092832004502,0.1905060638971818,0.5280512091618832,0.75,-1.373046131787643,12,0.0228624809213142,0.0223856731691717,11.282379277262551,2.238567316917173,6254,1.021,False,True,True,False,True,2,False
case_shiller,1,1,o2o,case_shiller|off1|h1|o2o,-1,0.0274882335363234,-0.3883778851468589,-0.1855785296482591,-0.2880483669937446,0.5833333333333334,-2.527898843642477,12,-0.0179728259400139,0.0223856731691717,11.282379277262551,2.238567316917173,6254,-0.803,False,False,True,False,True,1,False
case_shiller,1,1,day,case_shiller|off1|h1|day,-1,0.0655202457433488,-0.1881011412587696,-0.0670972271013067,-0.1972385881440102,0.5,-2.7636341160809184,12,-0.0156131147446643,0.0223820943245403,11.280575539568346,2.238209432454037,6255,-0.698,False,False,True,False,True,1,False
case_shiller,1,1,ongap,case_shiller|off1|h1|ongap,1,-0.807566860148042,-0.6056720368790597,-0.5858929466980086,-0.7627524280782285,0.2,-1.5020855683458516,10,0.0397204679398524,0.0490282685512367,24.710247349823323,4.902826855123675,2264,0.81,False,False,True,False,True,1,False
case_shiller,1,1,night,case_shiller|off1|h1|night,1,1.0424788773974398,0.3561265797676182,0.4079760682051612,0.5530183874192851,0.7,-1.0131106759082515,10,0.0622279478106575,0.0490282685512367,24.710247349823323,4.902826855123675,2264,1.269,False,True,True,False,True,2,False
case_shiller,1,2,c2c,case_shiller|off1|h2|c2c,1,0.1051878794462365,0.5259819598903042,0.2965284251751952,0.7514744687620127,0.8333333333333334,-0.5738771112106368,12,0.038170797847432,0.0447713463383434,11.282379277262551,4.477134633834346,6254,0.853,True,True,True,False,True,3,False
case_shiller,1,2,o2o,case_shiller|off1|h2|o2o,1,0.1133205714931992,0.4163023449563928,0.246120863371999,0.4339125359452969,0.6666666666666666,-0.96279572481552,12,0.0315304098284472,0.0447713463383434,11.282379277262551,4.477134633834346,6254,0.704,False,True,True,False,True,2,False
case_shiller,1,2,day,case_shiller|off1|h2|day,1,0.102024178077453,0.0483568854625454,0.0603381020553519,0.2376821544742872,0.5,-1.2815117828662888,12,0.031841262734664,0.0447641886490807,11.280575539568346,4.476418864908074,6255,0.711,False,False,True,False,True,1,False
case_shiller,1,2,ongap,case_shiller|off1|h2|ongap,1,0.017938941558087,0.1371500583525916,0.1228898521632194,-0.1198827246201662,0.5,-1.855773623002126,10,0.1207545382771621,0.0980565371024735,24.37632508833922,9.80565371024735,2264,1.231,False,False,True,False,True,1,False
case_shiller,1,2,night,case_shiller|off1|h2|night,1,0.9337412319505386,0.2766963748608877,0.3335116966270877,0.6032707703911696,0.8,-1.3429337446221408,10,0.0956414587546205,0.0980565371024735,24.37632508833922,9.80565371024735,2264,0.975,True,True,True,False,True,3,False
case_shiller,2,1,c2c,case_shiller|off2|h1|c2c,-1,0.0221630757595901,-0.6494245136574418,-0.2944319221145229,-0.3549306612503617,0.25,-2.116711162742268,12,-0.0153296733647046,0.0223856731691717,11.282379277262551,2.238567316917173,6254,-0.685,False,False,True,False,True,1,False
case_shiller,2,1,o2o,case_shiller|off2|h1|o2o,1,0.2804641024776179,0.2564662158454691,0.2230523474857977,0.4888880818288189,0.8333333333333334,-1.0989014397879004,12,0.0135495965899168,0.0223856731691717,11.282379277262551,2.238567316917173,6254,0.605,False,True,True,False,True,2,False
case_shiller,2,1,day,case_shiller|off2|h1|day,1,0.3201799478360855,-0.0293844941040748,0.0928665901296335,0.4470942809528886,0.5,-0.8080505969234051,12,0.0161951888554581,0.0223820943245403,11.280575539568346,2.238209432454037,6255,0.724,False,False,True,False,True,1,False
case_shiller,2,1,ongap,case_shiller|off2|h1|ongap,1,-0.0404196927263848,0.464656692590142,0.4022578806881464,0.1085259314671573,0.6,-1.658147281346302,10,0.0806806161270096,0.0490282685512367,24.37632508833922,4.902826855123675,2264,1.646,False,False,True,False,True,1,False
case_shiller,2,1,night,case_shiller|off2|h1|night,1,-0.0645291992709082,-0.1492508855024872,-0.1378042720818542,0.1186180070916099,0.6,-1.5943667868460178,10,0.033462604164278,0.0490282685512367,24.37632508833922,4.902826855123675,2264,0.683,False,False,True,False,True,1,False
case_shiller,2,2,c2c,case_shiller|off2|h2|c2c,-1,0.0133094738214209,-0.9669933590859472,-0.4453824483400933,-0.5054611199425151,0.3333333333333333,-3.793396376185756,12,-0.0299071772029599,0.0447713463383434,11.282379277262551,4.477134633834346,6254,-0.668,False,False,True,False,True,1,False
case_shiller,2,2,o2o,case_shiller|off2|h2|o2o,1,0.0720894810397072,0.7417839807703429,0.3925767672308579,0.6279631404211002,0.75,-1.076916257899996,12,0.0264992955979947,0.0447713463383434,11.282379277262551,4.477134633834346,6254,0.592,True,True,True,False,True,3,False
case_shiller,2,2,day,case_shiller|off2|h2|day,1,0.1152381437357863,0.2420271433839497,0.1612056605564339,0.4057452845405777,0.75,-1.2117490520357208,12,0.0257282773568019,0.0447641886490807,11.280575539568346,4.476418864908074,6255,0.575,False,True,True,False,True,2,False
case_shiller,2,2,ongap,case_shiller|off2|h2|ongap,-1,0.0713424977933746,-0.834176181756781,-0.7235541831779129,-1.015730487580184,0.2,-2.04335384207977,10,-0.1204579297584734,0.0967314487632508,24.710247349823323,9.673144876325088,2264,-1.245,False,False,True,False,True,1,False
case_shiller,2,2,night,case_shiller|off2|h2|night,-1,-0.0451323232215978,-0.2081286582556275,-0.1864741393028384,-0.3642150920094086,0.3,-2.1729268915462336,10,-0.0807152063772519,0.0967314487632508,24.710247349823323,9.673144876325088,2264,-0.834,False,False,True,False,True,1,False
claims,-2,1,c2c,claims|off-2|h1|c2c,1,-0.0069777310544954,0.1280208496628807,0.0649798090149488,0.2031882334553034,0.5454545454545454,-1.215298882173909,11,0.0845089473887201,0.0828269907259354,41.42244963223537,8.28269907259354,6254,1.02,False,False,True,False,True,1,False
claims,-2,1,o2o,claims|off-2|h1|o2o,-1,0.1261263588837903,-0.076126328440846,-0.0083078844966591,-0.1871490160211481,0.5454545454545454,-2.340012317820879,11,-0.0724109516150348,0.0828269907259354,41.42244963223537,8.28269907259354,6254,-0.874,False,False,True,False,True,1,False
claims,-2,1,day,claims|off-2|h1|day,-1,0.1370887076451685,0.2053017943045228,0.149601064589348,-0.0046849645493755,0.5454545454545454,-2.6989445746563305,11,-0.0396853605901308,0.0828137490007993,41.415827338129496,8.281374900079937,6255,-0.479,False,False,True,False,True,1,False
claims,-2,1,ongap,claims|off-2|h1|ongap,-1,0.1296039061722802,-1.4081535894884774,-1.0083557267583347,-0.9874634222068436,0.2,-4.148277665717103,10,-0.1287495068898156,0.2120141342756183,106.18727915194346,21.20141342756184,2264,-0.607,False,False,True,False,True,1,False
claims,-2,1,night,claims|off-2|h1|night,1,0.0197886357734155,0.7754036123475511,0.6808207338234233,0.6781144352167137,0.8,-0.2341278725901391,10,0.2137493697251685,0.2120141342756183,106.18727915194346,21.20141342756184,2264,1.008,True,True,True,False,False,3,False
claims,-2,2,c2c,claims|off-2|h2|c2c,1,0.2954701785778924,0.1736384148230273,0.1635204618932482,0.3986348990180111,0.7272727272727273,-1.5689189164519817,11,0.1514824056596665,0.1650143907898944,40.93891909178126,16.501439078989446,6254,0.918,False,True,True,False,False,2,False
claims,-2,2,o2o,claims|off-2|h2|o2o,1,-0.0121720029479427,0.0521667557786568,0.0242255774263733,0.1706871032147187,0.5454545454545454,-1.549630422242722,11,0.1358815514365858,0.1650143907898944,40.93891909178126,16.501439078989446,6254,0.823,False,False,True,False,True,1,False
claims,-2,2,day,claims|off-2|h2|day,-1,-0.0396081313379712,0.0062642416040819,-0.009363898577418,-0.1778365848354407,0.4545454545454545,-1.6295469758059296,11,-0.087500441311783,0.1649880095923261,40.93237410071943,16.498800959232614,6255,-0.53,False,False,True,False,True,1,False
claims,-2,2,ongap,claims|off-2|h2|ongap,-1,-0.0306568425586065,-0.4153301120568796,-0.3610598150696583,-0.7313665173464645,0.3,-3.4655724679103788,10,-0.5305960205624972,0.4227031802120141,104.85159010600708,42.27031802120141,2264,-1.255,False,False,True,False,False,1,False
claims,-2,2,night,claims|off-2|h2|night,1,0.0709008786007761,0.7049885247509681,0.6248510908081585,0.9541250948169668,0.9,-0.7545474920563616,10,0.471412190004125,0.4227031802120141,104.85159010600708,42.27031802120141,2264,1.115,True,True,True,False,False,3,False
claims,-1,1,c2c,claims|off-1|h1|c2c,1,0.3509097891185665,0.037719303834228,0.1051406014994951,0.289275224669262,0.7272727272727273,-2.0613685313676724,11,0.0679346730128773,0.0828269907259354,41.42244963223537,8.28269907259354,6254,0.82,False,True,True,False,True,2,False
claims,-1,1,o2o,claims|off-1|h1|o2o,1,0.2197036586261979,0.1312800826978353,0.121214127622589,0.3296095221160127,0.7272727272727273,-1.8604077506195649,11,0.0645675387053189,0.0828269907259354,41.42244963223537,8.28269907259354,6254,0.78,False,True,True,False,True,2,False
claims,-1,1,day,claims|off-1|h1|day,1,0.0118259915499984,-0.0876675648311385,-0.0415488430158665,-0.1696617586367889,0.3636363636363636,-0.9077770857865036,11,0.0495704308318192,0.0828137490007993,41.415827338129496,8.281374900079937,6255,0.599,False,False,True,False,True,1,False
claims,-1,1,ongap,claims|off-1|h1|ongap,1,-0.6661028354340737,-0.4496745906674306,-0.4466093009922109,-0.3270120599883755,0.3,-2.661374480146278,10,0.4316315057895168,0.2120141342756183,106.18727915194346,21.20141342756184,2264,2.036,False,False,True,False,False,1,False
claims,-1,1,night,claims|off-1|h1|night,1,-0.3997432204376898,0.0577507173738756,0.0066190388478233,0.0594632449994136,0.6,-1.635200049759055,10,0.2580453223927272,0.2120141342756183,106.18727915194346,21.20141342756184,2264,1.217,False,False,True,False,False,1,False
claims,-1,2,c2c,claims|off-1|h2|c2c,1,0.4535785058584731,0.6643684729420422,0.4617102660448142,0.8267844564785033,0.9090909090909092,-1.9273810320506948,11,0.128664218913071,0.1650143907898944,40.89862488007675,16.501439078989446,6254,0.78,True,True,True,False,True,3,False
claims,-1,2,o2o,claims|off-1|h2|o2o,1,0.5269802665096622,0.6600785764553666,0.4724090821427416,0.7046662422537752,0.9090909090909092,-2.1892621730568176,11,0.1141172160912794,0.1650143907898944,40.89862488007675,16.501439078989446,6254,0.692,True,True,True,False,True,3,False
claims,-1,2,day,claims|off-1|h2|day,1,0.2450205896400146,-0.0552948730291507,0.0423942434946239,0.0386471228116315,0.4545454545454545,-1.5719806560954264,11,0.0917323124206709,0.1649880095923261,40.93237410071943,16.498800959232614,6255,0.556,False,False,True,False,True,1,False
claims,-1,2,ongap,claims|off-1|h2|ongap,1,0.2914776912932269,-0.1097968897759269,-0.0736427957598067,0.1292381708788296,0.6,-2.1545231164549707,10,0.7581197369339929,0.4227031802120141,104.51766784452298,42.27031802120141,2264,1.794,False,False,True,False,False,1,False
claims,-1,2,night,claims|off-1|h2|night,1,-0.1903368361407231,0.0864711979309652,0.0575021961153324,0.2481402164071154,0.4,-0.9219891257087426,10,0.4712713997421244,0.4227031802120141,104.51766784452298,42.27031802120141,2264,1.115,False,False,True,False,False,1,False
claims,0,1,c2c,claims|off0|h1|c2c,1,0.1954042646915664,0.7803112137050986,0.4555690619883825,0.9820301873201904,0.8181818181818182,-0.7141573429284963,11,0.060817492398068,0.0828269907259354,41.38215542053086,8.28269907259354,6254,0.734,True,True,True,False,True,3,False
claims,0,1,o2o,claims|off0|h1|o2o,1,0.4264232151834762,0.7021805320870166,0.4708840919362523,0.7245519626800883,0.7272727272727273,-1.3465166161000153,11,0.049855846270571,0.0828269907259354,41.38215542053086,8.28269907259354,6254,0.602,True,True,True,False,True,3,False
claims,0,1,day,claims|off0|h1|day,1,0.1883339625748348,-0.1981392876402583,-0.0468407637081957,-0.0710702135502781,0.4545454545454545,-1.5950550373632857,11,0.0421770612894083,0.0828137490007993,41.415827338129496,8.281374900079937,6255,0.509,False,False,True,False,True,1,False
claims,0,1,ongap,claims|off0|h1|ongap,1,0.0773047160688711,0.1340462830873776,0.1257840568757196,0.1766321604553829,0.6,-2.8701357598708026,10,0.3436784953790424,0.2120141342756183,105.85335689045937,21.20141342756184,2264,1.621,False,False,True,False,False,1,False
claims,0,1,night,claims|off0|h1|night,1,-0.443016295848484,-0.1299138218035181,-0.1520182915583401,-0.0177506304646202,0.6,-1.1034518313168362,10,0.2139074740438764,0.2120141342756183,105.85335689045937,21.20141342756184,2264,1.009,False,False,True,False,False,1,False
claims,0,2,c2c,claims|off0|h2|c2c,-1,-0.0170377079926069,-1.6353142650698755,-0.8300039792258728,-1.1623596635444733,0.0909090909090909,-3.2464867700701547,11,-0.1189680926417799,0.1648544931244004,40.89862488007675,16.48544931244004,6254,-0.722,False,False,True,False,True,1,False
claims,0,2,o2o,claims|off0|h2|o2o,1,0.246781533810134,1.2261524766905008,0.6984524138149812,0.9104723455731942,0.7272727272727273,-0.5905387535836292,11,0.0990194268399652,0.1648544931244004,40.89862488007675,16.48544931244004,6254,0.601,True,True,True,False,True,3,False
claims,0,2,day,claims|off0|h2|day,1,0.207392454034666,0.0051019480706635,0.0616674179026979,0.2229586772113834,0.6363636363636364,-1.3769859048849007,11,0.0867392145800033,0.1649880095923261,40.89208633093525,16.498800959232614,6255,0.526,False,False,True,False,True,1,False
claims,0,2,ongap,claims|off0|h2|ongap,1,0.3610889653900963,0.4437487093280258,0.4279220830998851,0.5564095896070482,0.9,-1.2904579362802917,10,0.4723097049371262,0.4213780918727915,104.74028268551235,42.13780918727915,2264,1.121,False,True,True,False,False,2,False
claims,0,2,night,claims|off0|h2|night,1,0.0818744584801846,0.5056530084115877,0.4546979495278835,0.5708451316132599,0.8,-1.6515095526864243,10,0.4124849231761606,0.4213780918727915,104.74028268551235,42.13780918727915,2264,0.979,False,True,True,False,False,2,False
claims,1,1,c2c,claims|off1|h1|c2c,-1,0.2215887073081656,-1.4294812118183735,-0.6309583186656309,-0.6228665177423955,0.3636363636363636,-3.36839785247809,11,-0.0583757996832935,0.0826670930604413,41.34186120882635,8.266709306044131,6254,-0.706,False,False,True,False,True,1,False
claims,1,1,o2o,claims|off1|h1|o2o,-1,-0.088228331270871,-1.1858144842652003,-0.6272144949951771,-0.9556600486936148,0.1818181818181818,-2.6540080149467333,11,-0.0492625799036024,0.0826670930604413,41.34186120882635,8.266709306044131,6254,-0.596,False,False,True,False,True,1,False
claims,1,1,day,claims|off1|h1|day,1,-0.0531873701095765,-0.00296241126813,-0.0164175511117376,0.0981696601105581,0.2727272727272727,-1.0183798548874117,11,0.0445679505920451,0.0828137490007993,41.37553956834533,8.281374900079937,6255,0.538,False,False,True,False,True,1,False
claims,1,1,ongap,claims|off1|h1|ongap,1,-0.4482662677562719,0.1845813638927725,0.0993006948974454,-0.1182004497802156,0.5,-1.7122045024878705,10,0.1285301793388329,0.2106890459363957,105.74204946996466,21.068904593639576,2264,0.61,False,False,True,False,True,1,False
claims,1,1,night,claims|off1|h1|night,1,-0.0763866196102607,0.5970023554837102,0.5168122937392984,0.5035738043559823,0.6,-1.4801164562273172,10,0.2013566913293499,0.2106890459363957,105.74204946996466,21.068904593639576,2264,0.956,False,False,True,False,False,1,False
claims,1,2,c2c,claims|off1|h2|c2c,-1,0.0167100384728702,-1.0937385460189917,-0.5504984221704831,-1.216116810559062,0.1818181818181818,-1.677906240742275,11,-0.1214573903762575,0.1646945954589063,40.85833066837224,16.46945954589063,6254,-0.737,False,False,True,False,True,1,False
claims,1,2,o2o,claims|off1|h2|o2o,-1,-0.0700595289010722,-1.2561485932632757,-0.6622582638464203,-1.3227206895733588,0.0909090909090909,-2.596287475427208,11,-0.105099667627043,0.1646945954589063,40.85833066837224,16.46945954589063,6254,-0.638,False,False,True,False,True,1,False
claims,1,2,day,claims|off1|h2|day,-1,0.0897195536640316,-0.6869886365844904,-0.3165399028286829,-0.5130170995335408,0.4545454545454545,-3.0331880255865844,11,-0.0809186711374693,0.164828137490008,40.89208633093525,16.482813749000798,6255,-0.491,False,False,True,False,True,1,False
claims,1,2,ongap,claims|off1|h2|ongap,-1,0.0908227872840314,-0.9849181769919916,-0.7788449269751816,-0.997199650579771,0.2,-2.926372948875512,10,-0.2748076508269955,0.4209363957597173,104.51766784452298,42.09363957597173,2264,-0.653,False,False,True,False,False,1,False
claims,1,2,night,claims|off1|h2|night,1,-0.0891500327584792,1.1664865918104743,1.011931319008617,0.6660018725765074,0.7,-0.9335918355437796,10,0.411719701714508,0.4209363957597173,104.51766784452298,42.09363957597173,2264,0.978,True,True,True,False,False,3,False
claims,2,1,c2c,claims|off2|h1|c2c,1,0.1440560144467684,0.0379828578818099,0.0563548946710098,0.2516163879832941,0.5454545454545454,-1.9604850163099947,11,0.0631368503070693,0.0826670930604413,41.34186120882635,8.266709306044131,6254,0.764,False,False,True,False,True,1,False
claims,2,1,o2o,claims|off2|h1|o2o,1,-0.1031333044453132,0.5240116051072718,0.2433298923753889,0.3301327622811314,0.3636363636363636,-0.7353143978487772,11,0.0562622840805639,0.0826670930604413,41.34186120882635,8.266709306044131,6254,0.681,False,False,True,False,True,1,False
claims,2,1,day,claims|off2|h1|day,-1,0.2036959340576113,-0.8658429413690283,-0.3499090044007626,-0.4524490988804826,0.4545454545454545,-2.7630628480957413,11,-0.0366796720554347,0.0826538768984812,41.33525179856115,8.265387689848122,6255,-0.444,False,False,True,False,True,1,False
claims,2,1,ongap,claims|off2|h1|ongap,-1,0.3347978543707385,-0.7292596394278448,-0.477653409575997,-0.6471748685317806,0.3,-3.301492039110552,10,-0.1457305856553104,0.2115724381625441,106.07597173144876,21.157243816254415,2264,-0.689,False,False,True,False,True,1,False
claims,2,1,night,claims|off2|h1|night,-1,-0.4390757321985793,-1.2586618360497148,-1.14892070926598,-0.9306104829064032,0.3,-2.3040355393637904,10,-0.2103968606460087,0.2115724381625441,106.07597173144876,21.157243816254415,2264,-0.994,False,False,True,False,False,1,False
claims,2,2,c2c,claims|off2|h2|c2c,1,0.1009574683448427,0.3462148333235909,0.205459602411396,0.4911945120947891,0.6363636363636364,-1.0377611374287083,11,0.133610106480581,0.1646945954589063,40.85833066837224,16.46945954589063,6254,0.811,False,False,True,False,True,1,False
claims,2,2,o2o,claims|off2|h2|o2o,-1,-0.0217369789099623,-0.8475325137211667,-0.4448487869347016,-0.5739678938402923,0.2727272727272727,-3.831221693450796,11,-0.1204379411607156,0.1646945954589063,40.85833066837224,16.46945954589063,6254,-0.731,False,False,True,False,True,1,False
claims,2,2,day,claims|off2|h2|day,-1,0.2115137700779467,-0.4714388927167799,-0.1677731967165255,-0.236074861851945,0.4545454545454545,-2.383546631964105,11,-0.0805051700687268,0.1646682653876898,40.851798561151085,16.466826538768984,6255,-0.489,False,False,True,False,True,1,False
claims,2,2,ongap,claims|off2|h2|ongap,-1,0.1129002984895031,-0.5018593857090463,-0.4131156588635028,-0.7431031011347592,0.2,-3.386079196991627,10,-0.4419542966232984,0.4222614840989399,104.62897526501769,42.226148409894,2264,-1.047,False,False,True,False,False,1,False
claims,2,2,night,claims|off2|h2|night,1,0.1500637298800343,0.7143761886017455,0.6404527206658598,1.1025854237708368,0.9,-0.045065869945271,10,0.388713570802187,0.4222614840989399,104.62897526501769,42.226148409894,2264,0.921,True,True,True,False,False,3,False
durable_goods,-2,1,c2c,durable_goods|off-2|h1|c2c,1,0.2492827200699541,-0.2864093617852436,-0.0267336441311661,0.0559588704470733,0.5294117647058824,-2.323540827149208,17,0.0278211182781792,0.0318196354333226,16.037096258394627,3.181963543332268,6254,0.874,False,False,True,False,True,1,False
durable_goods,-2,1,o2o,durable_goods|off-2|h1|o2o,1,-0.0470611813278342,0.0938248430263074,0.0193833438742263,0.1843296707668819,0.4705882352941176,-1.015026818396501,17,0.0234322264906948,0.0318196354333226,16.037096258394627,3.181963543332268,6254,0.736,False,False,True,False,True,1,False
durable_goods,-2,1,day,durable_goods|off-2|h1|day,-1,0.0365305190834657,-0.3043301342331571,-0.0816577002667496,-0.2742593866551024,0.5882352941176471,-1.614645377964965,17,-0.0147573069149936,0.0318145483613109,16.03453237410072,3.181454836131095,6255,-0.464,False,False,True,False,True,1,False
durable_goods,-2,1,ongap,durable_goods|off-2|h1|ongap,-1,-0.3304822253725614,-1.1243333468579857,-0.9931865940678862,-1.195073853480643,0.1,-2.449897641885361,10,-0.0142057032128936,0.0490282685512367,24.710247349823323,4.902826855123675,2264,-0.29,False,False,True,False,True,1,False
durable_goods,-2,1,night,durable_goods|off-2|h1|night,-1,0.6264890658834722,-0.92430733300741,-0.6538957515284667,-0.767989114468567,0.2,-2.828354942434312,10,-0.0413239308454128,0.0490282685512367,24.710247349823323,4.902826855123675,2264,-0.843,False,False,True,False,True,1,False
durable_goods,-2,2,c2c,durable_goods|off-2|h2|c2c,1,0.3142911300563297,0.1085851009217516,0.1932338900307715,0.2992664778030757,0.7058823529411765,-1.6332842682036732,17,0.0422655218445291,0.0636392708666453,16.037096258394627,6.363927086664535,6254,0.664,False,True,True,False,True,2,False
durable_goods,-2,2,o2o,durable_goods|off-2|h2|o2o,1,0.2578465303297046,0.3495484597500052,0.2837467993835921,0.636105919873372,0.7647058823529411,-1.070293639052543,17,0.0387085258439883,0.0636392708666453,16.037096258394627,6.363927086664535,6254,0.608,True,True,True,False,True,3,False
durable_goods,-2,2,day,durable_goods|off-2|h2|day,1,-0.0752451146177918,-0.4049191247640361,-0.1983434138811712,-0.2606976700995664,0.4117647058823529,-2.0844505666306463,17,0.0320893442591479,0.0636290967226219,16.03453237410072,6.36290967226219,6255,0.504,False,False,True,False,True,1,False
durable_goods,-2,2,ongap,durable_goods|off-2|h2|ongap,-1,-0.1581549970565069,-0.329884368145475,-0.3061279000146444,-0.4433596308072228,0.3,-2.1582497095528432,10,-0.1746302244869508,0.0980565371024735,24.598939929328623,9.80565371024735,2264,-1.781,False,False,True,False,False,1,False
durable_goods,-2,2,night,durable_goods|off-2|h2|night,-1,0.5172204106323601,-0.6654345462314885,-0.4958699987007665,-0.565779152684807,0.4,-2.2177610964702468,10,-0.0878348014558611,0.0980565371024735,24.598939929328623,9.80565371024735,2264,-0.896,False,False,True,False,True,1,False
durable_goods,-1,1,c2c,durable_goods|off-1|h1|c2c,1,0.0633645755178138,0.541361465809548,0.2680208274188529,0.2952388900044055,0.4705882352941176,-0.909312073721082,17,0.0144227261005979,0.0318196354333226,16.037096258394627,3.181963543332268,6254,0.453,False,False,True,False,True,1,False
durable_goods,-1,1,o2o,durable_goods|off-1|h1|o2o,1,0.3127534366377121,0.3895146887855834,0.3346968355841767,0.4997942017080898,0.7647058823529411,-1.6213540302108522,17,0.015223027358905,0.0318196354333226,16.037096258394627,3.181963543332268,6254,0.478,False,True,True,False,True,2,False
durable_goods,-1,1,day,durable_goods|off-1|h1|day,1,0.0636571742827866,-0.6583428445541495,-0.2298745525463577,-0.2329002010220955,0.4705882352941176,-2.184574768756211,17,0.0173014934155529,0.0318145483613109,16.03453237410072,3.181454836131095,6255,0.544,False,False,True,False,True,1,False
durable_goods,-1,1,ongap,durable_goods|off-1|h1|ongap,-1,-0.3825399290521747,-0.124406228267737,-0.1338092527280543,-0.353928337660416,0.4,-1.577135860578396,10,-0.1603113602751507,0.0490282685512367,24.598939929328623,4.902826855123675,2264,-3.27,False,False,True,False,False,1,False
durable_goods,-1,1,night,durable_goods|off-1|h1|night,1,-0.2334857386951678,-0.039757184212471,-0.0587078869416787,-0.3310645346652001,0.3,-1.2642471547083596,10,0.0463528132780069,0.0490282685512367,24.598939929328623,4.902826855123675,2264,0.945,False,False,True,False,True,1,False
durable_goods,-1,2,c2c,durable_goods|off-1|h2|c2c,1,0.5410585279766462,0.8129942242542586,0.6311657155685623,0.8451498509774925,0.7647058823529411,-0.3860021513644415,17,0.0318302323685631,0.0636392708666453,16.037096258394627,6.363927086664535,6254,0.5,True,True,True,False,True,3,False
durable_goods,-1,2,o2o,durable_goods|off-1|h2|o2o,1,0.3155863212609261,0.1771608798251416,0.2421863820796723,0.4587490070549061,0.5882352941176471,-0.8666108729505518,17,0.0355204379183408,0.0636392708666453,16.037096258394627,6.363927086664535,6254,0.558,False,False,True,False,True,1,False
durable_goods,-1,2,day,durable_goods|off-1|h2|day,1,-0.0468425379900151,-0.6598734903554293,-0.2959430047763935,-0.496907907544746,0.2941176470588235,-2.1896142368680724,17,0.0349065691609907,0.0636290967226219,16.03453237410072,6.36290967226219,6255,0.549,False,False,True,False,True,1,False
durable_goods,-1,2,ongap,durable_goods|off-1|h2|ongap,1,-0.2251884899306498,0.318230234364648,0.2673785794024578,0.1822371018987793,0.6,-2.261095694008864,10,0.1866841565136016,0.0976148409893992,24.710247349823323,9.76148409893993,2264,1.912,False,False,True,False,False,1,False
durable_goods,-1,2,night,durable_goods|off-1|h2|night,1,-0.1145296936468155,0.4430952875214344,0.377814108174128,0.3541698736644245,0.8,-0.7239738824031117,10,0.0813655581837915,0.0976148409893992,24.710247349823323,9.76148409893993,2264,0.834,False,True,True,False,True,2,False
durable_goods,0,1,c2c,durable_goods|off0|h1|c2c,1,0.5432326142849951,0.5309317834946206,0.5209105299905735,0.7540447649088192,0.8235294117647058,-1.100638983557166,17,0.0173183705335933,0.0318196354333226,16.037096258394627,3.181963543332268,6254,0.544,True,True,True,False,True,3,False
durable_goods,0,1,o2o,durable_goods|off0|h1|o2o,1,0.0235789156753245,-0.1402993026634297,-0.0505167754206743,-0.1070442533346095,0.3529411764705882,-1.5883040171430534,17,0.0203190829437561,0.0318196354333226,16.037096258394627,3.181963543332268,6254,0.639,False,False,True,False,True,1,False
durable_goods,0,1,day,durable_goods|off0|h1|day,-1,-0.0056105823105542,0.1871731279153556,0.0745296753458372,0.1785324136923186,0.5882352941176471,-1.2263836027889643,17,-0.0177345398347985,0.0318145483613109,16.03453237410072,3.181454836131095,6255,-0.557,False,False,True,False,True,1,False
durable_goods,0,1,ongap,durable_goods|off0|h1|ongap,1,-0.2475660462736288,0.8120109176540167,0.6631270827860724,0.5308392947671534,0.8,-1.862871185178565,10,0.0262596352395443,0.0485865724381625,24.598939929328623,4.858657243816254,2264,0.54,False,True,True,False,True,2,False
durable_goods,0,1,night,durable_goods|off0|h1|night,1,-0.2069745887550324,0.599737973447567,0.5048406091611931,0.5485376121919312,0.7,-0.558846934966998,10,0.0348546875733432,0.0485865724381625,24.598939929328623,4.858657243816254,2264,0.717,False,True,True,False,True,2,False
durable_goods,0,2,c2c,durable_goods|off0|h2|c2c,1,0.6360113715693424,0.944293362013868,0.7345498413933728,1.0560858991589694,0.8823529411764706,-0.9306757580656252,17,0.0388434086739236,0.0636392708666453,16.037096258394627,6.363927086664535,6254,0.61,True,True,True,False,True,3,False
durable_goods,0,2,o2o,durable_goods|off0|h2|o2o,1,0.3433734468182069,0.5251758261650347,0.4022946652296707,0.4872433964401946,0.7647058823529411,-1.343623263430452,17,0.0377398429676291,0.0636392708666453,16.037096258394627,6.363927086664535,6254,0.593,False,True,True,False,True,2,False
durable_goods,0,2,day,durable_goods|off0|h2|day,1,0.1971536513038115,0.1688393868772401,0.1811981843857243,0.1684205581966186,0.5294117647058824,-1.5175827325198934,17,0.0314382768186166,0.0636290967226219,16.03453237410072,6.36290967226219,6255,0.494,False,False,True,False,True,1,False
durable_goods,0,2,ongap,durable_goods|off0|h2|ongap,1,0.544838400399369,0.5696151568960259,0.561040758896646,0.4955530487490836,0.6,-1.5508382403544716,10,0.0550398959819871,0.0976148409893992,24.48763250883392,9.76148409893993,2264,0.564,False,False,True,False,True,1,False
durable_goods,0,2,night,durable_goods|off0|h2|night,-1,0.4412951927737462,-0.6315474118170288,-0.5014117693636362,-0.6165994551436217,0.2,-2.2166899248967065,10,-0.076301403034724,0.0976148409893992,24.48763250883392,9.76148409893993,2264,-0.782,False,False,True,False,True,1,False
durable_goods,1,1,c2c,durable_goods|off1|h1|c2c,1,0.2411203644456905,0.7231056639410264,0.4390090282943368,0.6281011322147033,0.7058823529411765,-1.2867005300972447,17,0.0214590039827415,0.0318196354333226,16.037096258394627,3.181963543332268,6254,0.674,True,True,True,False,True,3,False
durable_goods,1,1,o2o,durable_goods|off1|h1|o2o,1,0.3551646109550663,0.8790437735137221,0.5598425337633737,0.686886426106271,0.6470588235294118,-1.526930600075182,17,0.0173384466428244,0.0318196354333226,16.037096258394627,3.181963543332268,6254,0.545,True,False,True,False,True,2,False
durable_goods,1,1,day,durable_goods|off1|h1|day,1,0.4072077870883708,0.6484367746558358,0.48982186059766,0.6093647721291567,0.5882352941176471,-0.7655902859958827,17,0.0136416932922494,0.0318145483613109,16.03453237410072,3.181454836131095,6255,0.429,True,False,True,False,True,2,False
durable_goods,1,1,ongap,durable_goods|off1|h1|ongap,1,0.5819520936482044,-0.2151623499019947,-0.1262988873378736,-0.0913949655203232,0.6,-1.6492868407664332,10,0.0287071335708746,0.0490282685512367,24.598939929328623,4.902826855123675,2264,0.586,False,False,True,False,True,1,False
durable_goods,1,1,night,durable_goods|off1|h1|night,-1,0.6430799619162271,-0.1922919208502633,-0.0902846595402904,-0.2662868185641122,0.5,-2.730669652272761,10,-0.0412886581289395,0.0490282685512367,24.598939929328623,4.902826855123675,2264,-0.842,False,False,True,False,True,1,False
durable_goods,1,2,c2c,durable_goods|off1|h2|c2c,1,0.1594247091036404,0.8966500825132335,0.4729930615606868,0.6904700944205625,0.6470588235294118,-0.9691979635246196,17,0.0367609890971653,0.0636392708666453,16.037096258394627,6.363927086664535,6254,0.578,True,False,True,False,True,2,False
durable_goods,1,2,o2o,durable_goods|off1|h2|o2o,1,0.3410946334735474,0.954479339448324,0.5827725624116346,0.9420927157524708,0.7647058823529411,-0.9598690794120592,17,0.0345750250641264,0.0636392708666453,16.037096258394627,6.363927086664535,6254,0.543,True,True,True,False,True,3,False
durable_goods,1,2,day,durable_goods|off1|h2|day,1,0.5734431026315545,0.874652885055981,0.6771081327571215,1.0488365996578397,0.7647058823529411,-0.4704552556632168,17,0.0291370484118362,0.0636290967226219,16.03453237410072,6.36290967226219,6255,0.458,True,True,True,False,True,3,False
durable_goods,1,2,ongap,durable_goods|off1|h2|ongap,1,0.486127303216009,0.0579455143473272,0.1068277930665747,0.2185178292547806,0.6,-2.011709139601787,10,0.0497827166021959,0.0976148409893992,24.598939929328623,9.76148409893993,2264,0.51,False,False,True,False,True,1,False
durable_goods,1,2,night,durable_goods|off1|h2|night,1,0.1419081385687903,0.3971287705343017,0.362951394000819,0.356955645075425,0.5,-1.1102820214121043,10,0.0894502469571172,0.0976148409893992,24.598939929328623,9.76148409893993,2264,0.916,False,False,True,False,True,1,False
durable_goods,2,1,c2c,durable_goods|off2|h1|c2c,-1,-0.0933040447060511,-0.6069385114282141,-0.308596388659367,-0.3991835054935922,0.4117647058823529,-2.059761973607669,17,-0.0153203295870039,0.0318196354333226,16.037096258394627,3.181963543332268,6254,-0.481,False,False,True,False,True,1,False
durable_goods,2,1,o2o,durable_goods|off2|h1|o2o,1,0.025373021883495,0.3918091157529202,0.1760783943622087,0.4169008444513563,0.5882352941176471,-1.0327391389722371,17,0.0172216135216566,0.0318196354333226,16.037096258394627,3.181963543332268,6254,0.541,False,False,True,False,True,1,False
durable_goods,2,1,day,durable_goods|off2|h1|day,1,0.2662046669581614,0.4904419956906771,0.3476351431566462,0.5182725231790892,0.6470588235294118,-0.9563814103693914,17,0.0153921927544331,0.0318145483613109,16.03453237410072,3.181454836131095,6255,0.484,False,False,True,False,True,1,False
durable_goods,2,1,ongap,durable_goods|off2|h1|ongap,1,-0.4370177390752008,0.0669818875926819,0.0021990891474225,0.1363901184694906,0.6,-1.4357030366623509,10,0.0210110258332156,0.0485865724381625,24.48763250883392,4.858657243816254,2264,0.432,False,False,True,False,True,1,False
durable_goods,2,1,night,durable_goods|off2|h1|night,1,1.1619465517998686,0.4678239773078844,0.5319259639728604,0.3204685722407316,0.5,-1.5614505836132038,10,0.0479575407891037,0.0485865724381625,24.48763250883392,4.858657243816254,2264,0.987,False,False,True,False,True,1,False
durable_goods,2,2,c2c,durable_goods|off2|h2|c2c,1,0.257029531106289,-0.0018705176332459,0.1274742936906675,0.2310673897332293,0.5294117647058824,-1.0157470663194197,17,0.0440579237525338,0.0636392708666453,16.037096258394627,6.363927086664535,6254,0.692,False,False,True,False,True,1,False
durable_goods,2,2,o2o,durable_goods|off2|h2|o2o,1,0.3450547760316118,0.2040106422793785,0.2637135981116792,0.594754514487918,0.6470588235294118,-0.9395910212799032,17,0.043693868732073,0.0636392708666453,16.037096258394627,6.363927086664535,6254,0.687,False,False,True,False,True,1,False
durable_goods,2,2,day,durable_goods|off2|h2|day,1,0.3282467743350875,0.8516805744433007,0.5217417406116984,0.9917884877571838,0.8823529411764706,-1.133000008257443,17,0.0296444400648559,0.0636290967226219,16.03453237410072,6.36290967226219,6255,0.466,True,True,True,False,True,3,False
durable_goods,2,2,ongap,durable_goods|off2|h2|ongap,-1,0.038620927118612,-0.2931383859477166,-0.2504861550618276,-0.5849885547884501,0.3,-1.6908945532018411,10,-0.0496744265030172,0.097173144876325,24.598939929328623,9.717314487632509,2264,-0.511,False,False,True,False,True,1,False
durable_goods,2,2,night,durable_goods|off2|h2|night,1,1.5277590833277324,0.447415857706908,0.5526560842881221,0.5195772850659747,0.7,-1.574690326382448,10,0.0885307363311783,0.097173144876325,24.598939929328623,9.717314487632509,2264,0.911,False,True,True,False,True,2,False
housing_starts,-2,1,c2c,housing_starts|off-2|h1|c2c,1,0.3411059850696603,-0.3477287415443174,0.0620337504399923,0.163921696229834,0.7058823529411765,-1.534707085660004,17,0.0198187083288131,0.0310201471058522,15.634154141349535,3.1020147105852254,6254,0.639,False,True,True,False,True,2,False
housing_starts,-2,1,o2o,housing_starts|off-2|h1|o2o,1,0.2024958885920604,-0.0361561128064107,0.0809848633504492,0.1503085011405366,0.5882352941176471,-1.4233004376599316,17,0.0202485935349375,0.0310201471058522,15.634154141349535,3.1020147105852254,6254,0.653,False,False,True,False,True,1,False
housing_starts,-2,1,day,housing_starts|off-2|h1|day,-1,0.0154765426835468,-0.2125428795422985,-0.084084302005977,-0.0639277459256283,0.4705882352941176,-1.777066218752691,17,-0.0157262357911925,0.0310151878497202,15.631654676258991,3.1015187849720225,6255,-0.507,False,False,True,False,True,1,False
housing_starts,-2,1,ongap,housing_starts|off-2|h1|ongap,-1,-0.4397796776586607,-0.2037096206948417,-0.2349017430975902,-0.2725171863038779,0.6,-2.307788846150019,10,-0.0139417047287473,0.0477031802120141,24.042402826855124,4.770318021201414,2264,-0.292,False,False,True,False,True,1,False
housing_starts,-2,1,night,housing_starts|off-2|h1|night,1,0.312534684963901,0.3997943023870097,0.3857668723538466,0.5006364489075209,0.8,-1.1480157894671337,10,0.0328184373576959,0.0477031802120141,24.042402826855124,4.770318021201414,2264,0.688,False,True,True,False,True,2,False
housing_starts,-2,2,c2c,housing_starts|off-2|h2|c2c,1,0.0953608448581844,0.0001534014922578,0.0493778005738489,0.1111184626605377,0.4705882352941176,-1.7005668668187517,17,0.0465852219829649,0.0620402942117045,15.634154141349535,6.204029421170451,6254,0.751,False,False,True,False,True,1,False
housing_starts,-2,2,o2o,housing_starts|off-2|h2|o2o,1,0.1150057008208775,0.0968260460250631,0.1011978776510716,0.155215032571407,0.7058823529411765,-1.4081645198731687,17,0.0337610313315993,0.0620402942117045,15.634154141349535,6.204029421170451,6254,0.544,False,True,True,False,True,2,False
housing_starts,-2,2,day,housing_starts|off-2|h2|day,-1,0.0015221590237611,0.0816889895443019,0.035027094220579,0.0273370925964978,0.5294117647058824,-1.481014059307912,17,-0.0332970629179132,0.0620303756994404,15.631654676258991,6.203037569944045,6255,-0.537,False,False,True,False,True,1,False
housing_starts,-2,2,ongap,housing_starts|off-2|h2|ongap,1,0.3856679841750358,0.3043534739758174,0.3142492547997269,0.2671811240979378,0.6,-0.7813822771324892,10,0.0732976940041582,0.0954063604240282,24.042402826855124,9.540636042402827,2264,0.768,False,False,True,False,True,1,False
housing_starts,-2,2,night,housing_starts|off-2|h2|night,1,0.9084802367058304,-0.0822305274001009,0.0325971183003104,0.2520004008363909,0.5,-1.2582058430633911,10,0.0704460889459663,0.0954063604240282,24.042402826855124,9.540636042402827,2264,0.738,False,False,True,False,True,1,False
housing_starts,-1,1,c2c,housing_starts|off-1|h1|c2c,-1,0.1271670344961514,-0.3122440143992043,-0.0832486619866386,-0.0901587448829257,0.5882352941176471,-2.777413567758868,17,-0.0267804835289543,0.0310201471058522,15.634154141349535,3.1020147105852254,6254,-0.863,False,False,True,False,True,1,False
housing_starts,-1,1,o2o,housing_starts|off-1|h1|o2o,-1,-0.0686700860000495,-0.2988602253629964,-0.1582564800578322,-0.1942561850866856,0.5294117647058824,-2.59693758689752,17,-0.0134318085863189,0.0310201471058522,15.634154141349535,3.1020147105852254,6254,-0.433,False,False,True,False,True,1,False
housing_starts,-1,1,day,housing_starts|off-1|h1|day,1,-0.1204563405028728,-0.4255859381618184,-0.2402015922270483,-0.2867280926965336,0.3529411764705882,-1.5523935021927595,17,0.0176321599261474,0.0310151878497202,15.631654676258991,3.1015187849720225,6255,0.569,False,False,True,False,True,1,False
housing_starts,-1,1,ongap,housing_starts|off-1|h1|ongap,1,0.5337853397554275,0.4046835962976474,0.4207214352507293,0.1504049334962138,0.5,-1.6809592173927197,10,0.0592045576166786,0.0477031802120141,24.042402826855124,4.770318021201414,2264,1.241,False,False,True,False,True,1,False
housing_starts,-1,1,night,housing_starts|off-1|h1|night,1,0.8587178011244663,-0.5855155036288507,-0.4517324768049184,-0.1751017776436927,0.5,-1.92489046221391,10,0.0378136028414135,0.0477031802120141,24.042402826855124,4.770318021201414,2264,0.793,False,False,True,False,True,1,False
housing_starts,-1,2,c2c,housing_starts|off-1|h2|c2c,1,0.0912205156648972,0.1600530563016753,0.115928194458846,0.2406693679889366,0.4705882352941176,-1.838813579530424,17,0.0491439036668669,0.0620402942117045,15.634154141349535,6.204029421170451,6254,0.792,False,False,True,False,True,1,False
housing_starts,-1,2,o2o,housing_starts|off-1|h2|o2o,-1,0.1054117558883627,-0.1551566914328414,0.0053847975169345,-0.0591090807838851,0.5882352941176471,-3.783563355365553,17,-0.0324704331243337,0.0620402942117045,15.634154141349535,6.204029421170451,6254,-0.523,False,False,True,False,True,1,False
housing_starts,-1,2,day,housing_starts|off-1|h2|day,-1,0.0565309151016609,0.1364807718166975,0.0878667513315758,-0.0178931931579534,0.5294117647058824,-2.2159676882677,17,-0.0371406867958882,0.0620303756994404,15.631654676258991,6.203037569944045,6255,-0.599,False,False,True,False,True,1,False
housing_starts,-1,2,ongap,housing_starts|off-1|h2|ongap,1,0.5974233605404258,0.5287102698774295,0.5299207814526133,0.2080414105045778,0.7,-2.268358236699369,10,0.100598002078589,0.0954063604240282,24.042402826855124,9.540636042402827,2264,1.054,False,True,True,False,True,2,False
housing_starts,-1,2,night,housing_starts|off-1|h2|night,-1,0.0647638323995724,0.0521954202420449,0.0533297232248412,-0.0957822648005455,0.6,-2.00409699428954,10,-0.062939946793619,0.0954063604240282,24.042402826855124,9.540636042402827,2264,-0.66,False,False,True,False,True,1,False
housing_starts,0,1,c2c,housing_starts|off0|h1|c2c,1,0.3209579406645746,-0.0689241643074918,0.1592329112848672,0.3842562731571159,0.6470588235294118,-1.4650948627838696,17,0.0223027109511068,0.0310201471058522,15.634154141349535,3.1020147105852254,6254,0.719,False,False,True,False,True,1,False
housing_starts,0,1,o2o,housing_starts|off0|h1|o2o,-1,0.1003104113116078,-0.012282693029736,0.0585215143694588,-0.0675265762001854,0.5294117647058824,-2.736991825077972,17,-0.0189579953276719,0.0310201471058522,15.634154141349535,3.1020147105852254,6254,-0.611,False,False,True,False,True,1,False
housing_starts,0,1,day,housing_starts|off0|h1|day,-1,0.0984255817952112,-0.1025113432874639,-0.0004472948696584,0.0025927206443408,0.5294117647058824,-2.4224235064164303,17,-0.0195567355073252,0.0310151878497202,15.631654676258991,3.1015187849720225,6255,-0.631,False,False,True,False,True,1,False
housing_starts,0,1,ongap,housing_starts|off0|h1|ongap,1,-0.5138945059355915,0.1524214358907781,0.1025323257836297,0.0460342700560856,0.5,-2.007160220057352,10,0.0413892180730605,0.0477031802120141,24.042402826855124,4.770318021201414,2264,0.868,False,False,True,False,True,1,False
housing_starts,0,1,night,housing_starts|off0|h1|night,-1,0.8032751046975323,-0.5231921332114828,-0.3002140526607068,-0.3227180205457177,0.3,-1.9439737724133408,10,-0.0253122952053485,0.0477031802120141,24.042402826855124,4.770318021201414,2264,-0.531,False,False,True,False,True,1,False
housing_starts,0,2,c2c,housing_starts|off0|h2|c2c,1,-0.0481112503093229,0.2610458838893902,0.0774465569388264,0.3110698531985094,0.7058823529411765,-1.7018151982056495,17,0.0447555171506676,0.0620402942117045,15.634154141349535,6.204029421170451,6254,0.721,False,True,True,False,True,2,False
housing_starts,0,2,o2o,housing_starts|off0|h2|o2o,1,0.1196536136239676,0.3654984421253009,0.2129027210298093,0.3850340490515564,0.5294117647058824,-0.7820273584029501,17,0.0350370576051494,0.0620402942117045,15.634154141349535,6.204029421170451,6254,0.565,False,False,True,False,True,1,False
housing_starts,0,2,day,housing_starts|off0|h2|day,1,0.2546552374381924,0.011687972797209,0.1381728166349499,0.2754707020571224,0.4705882352941176,-0.7721898665471909,17,0.0337474384328501,0.0620303756994404,15.631654676258991,6.203037569944045,6255,0.544,False,False,True,False,True,1,False
housing_starts,0,2,ongap,housing_starts|off0|h2|ongap,-1,-0.4001495524364664,-0.3430596861077753,-0.3370710445119439,-0.5813734413606316,0.3,-2.7479892348651,10,-0.0781766412220172,0.0954063604240282,24.042402826855124,9.540636042402827,2264,-0.819,False,False,True,False,True,1,False
housing_starts,0,2,night,housing_starts|off0|h2|night,-1,1.0097362114997224,-0.1619952297697295,-0.0175421565832887,0.0054873675171555,0.6,-3.252929606225787,10,-0.0611374234326738,0.0954063604240282,24.042402826855124,9.540636042402827,2264,-0.641,False,False,True,False,True,1,False
housing_starts,1,1,c2c,housing_starts|off1|h1|c2c,-1,0.3132461149206522,-0.4929339660252398,-0.0287013604375109,-0.2106249404624303,0.4117647058823529,-2.104456019736669,17,-0.0224290839870033,0.0310201471058522,15.634154141349535,3.1020147105852254,6254,-0.723,False,False,True,False,True,1,False
housing_starts,1,1,o2o,housing_starts|off1|h1|o2o,1,0.4374374117133853,0.5591257574311486,0.4675889785128528,0.7736563970874258,0.8235294117647058,-1.056023099756018,17,0.0159984330671346,0.0310201471058522,15.634154141349535,3.1020147105852254,6254,0.516,True,True,True,False,True,3,False
housing_starts,1,1,day,housing_starts|off1|h1|day,1,0.5854761399100525,-0.0094203985857871,0.3394101682724281,0.5178066171152916,0.6470588235294118,-1.246095778547521,17,0.014129370126098,0.0310151878497202,15.631654676258991,3.1015187849720225,6255,0.456,False,False,True,False,True,1,False
housing_starts,1,1,ongap,housing_starts|off1|h1|ongap,-1,-0.2977496191581708,-0.1386800724360224,-0.1496248073694405,-0.6300148328073161,0.3,-2.519316607311932,10,-0.0367831967601069,0.0477031802120141,24.042402826855124,4.770318021201414,2264,-0.771,False,False,True,False,True,1,False
housing_starts,1,1,night,housing_starts|off1|h1|night,-1,0.1990368123259155,0.0895689246975019,0.0943809652592781,-0.0235223517539681,0.6,-2.6129403698562066,10,-0.035555193903132,0.0477031802120141,24.042402826855124,4.770318021201414,2264,-0.745,False,False,True,False,True,1,False
housing_starts,1,2,c2c,housing_starts|off1|h2|c2c,-1,0.2323838698891661,-0.3525556696493629,-0.0141386846972259,-0.0003455909595294,0.4705882352941176,-1.6290192083278792,17,-0.041328768737671,0.0620402942117045,15.634154141349535,6.204029421170451,6254,-0.666,False,False,True,False,True,1,False
housing_starts,1,2,o2o,housing_starts|off1|h2|o2o,-1,-0.0585067831272715,-0.4775223479597734,-0.2327989195360945,-0.3516531313495544,0.2941176470588235,-1.9524757125054308,17,-0.0321564436462674,0.0620402942117045,15.634154141349535,6.204029421170451,6254,-0.518,False,False,True,False,True,1,False
housing_starts,1,2,day,housing_starts|off1|h2|day,1,-0.0307072343699867,-0.1367785947421466,-0.0693377640079975,0.0140621349589324,0.4705882352941176,-1.498694728065295,17,0.0307878333830219,0.0620303756994404,15.631654676258991,6.203037569944045,6255,0.496,False,False,True,False,True,1,False
housing_starts,1,2,ongap,housing_starts|off1|h2|ongap,-1,-0.361068613768713,-0.282811443057759,-0.2803747937088227,-0.7972152147865615,0.3,-2.237543230636493,10,-0.107890255037161,0.0954063604240282,23.931095406360424,9.540636042402827,2264,-1.131,False,False,True,False,True,1,False
housing_starts,1,2,night,housing_starts|off1|h2|night,-1,0.4931795308725293,-0.486819704649325,-0.3945887753104125,-0.3959113496027366,0.3,-3.8484064321053713,10,-0.0658974493647747,0.0954063604240282,23.931095406360424,9.540636042402827,2264,-0.691,False,False,True,False,True,1,False
housing_starts,2,1,c2c,housing_starts|off2|h1|c2c,-1,-0.0946090881683764,-0.0533582235665014,-0.074778947977,-0.0076820121419056,0.5294117647058824,-1.7940032231660386,17,-0.0188759625381103,0.0310201471058522,15.634154141349535,3.1020147105852254,6254,-0.609,False,False,True,False,True,1,False
housing_starts,2,1,o2o,housing_starts|off2|h1|o2o,-1,0.4641024983831465,-0.0425544221419249,0.2277163503061767,0.1830880646543717,0.6470588235294118,-2.139196942357092,17,-0.0160876618989062,0.0310201471058522,15.634154141349535,3.1020147105852254,6254,-0.519,False,False,True,False,True,1,False
housing_starts,2,1,day,housing_starts|off2|h1|day,-1,0.412912156398827,0.0725228674473435,0.2910520466560273,0.189999996208187,0.6470588235294118,-1.9103277794232172,17,-0.0166627813882115,0.0310151878497202,15.631654676258991,3.1015187849720225,6255,-0.537,False,False,True,False,True,1,False
housing_starts,2,1,ongap,housing_starts|off2|h1|ongap,1,-0.2980485376331123,0.1053735263922427,0.0724533264894041,0.2384349655272263,0.6,-1.8139305618907948,10,0.0713043878315833,0.0477031802120141,23.931095406360424,4.770318021201414,2264,1.495,False,False,True,False,True,1,False
housing_starts,2,1,night,housing_starts|off2|h1|night,-1,0.0789879020257383,-0.9363035323635284,-0.8243144689498598,-0.8874127280030453,0.3,-2.790500863741571,10,-0.0304053387830619,0.0477031802120141,23.931095406360424,4.770318021201414,2264,-0.637,False,False,True,False,True,1,False
housing_starts,2,2,c2c,housing_starts|off2|h2|c2c,1,0.1496353710676133,-0.0247714861051432,0.0734842486625046,0.0466631997977365,0.5294117647058824,-1.6079672903482194,17,0.0333556589315396,0.0620402942117045,15.634154141349535,6.204029421170451,6254,0.538,False,False,True,False,True,1,False
housing_starts,2,2,o2o,housing_starts|off2|h2|o2o,-1,0.2305251159233424,-0.2674822454977962,0.0225781842774606,0.0834638909288314,0.5882352941176471,-2.479559459415177,17,-0.0306566119904719,0.0620402942117045,15.634154141349535,6.204029421170451,6254,-0.494,False,False,True,False,True,1,False
housing_starts,2,2,day,housing_starts|off2|h2|day,-1,0.2497555622440909,0.1506899140656804,0.2124667098871003,0.2910799334734371,0.5294117647058824,-1.3087732556807583,17,-0.0318320266196912,0.0620303756994404,15.631654676258991,6.203037569944045,6255,-0.513,False,False,True,False,True,1,False
housing_starts,2,2,ongap,housing_starts|off2|h2|ongap,-1,0.0445508702264074,-0.2550588873170944,-0.2223374653351731,-0.470739522737246,0.4,-2.390859322324429,10,-0.1064919425127409,0.094964664310954,24.042402826855124,9.496466431095406,2264,-1.121,False,False,True,False,True,1,False
housing_starts,2,2,night,housing_starts|off2|h2|night,-1,0.0799729404975932,-0.7267570525760914,-0.6283880771005693,-0.8767152610312812,0.2,-2.3029209316420203,10,-0.0659497913344,0.094964664310954,24.042402826855124,9.496466431095406,2264,-0.694,False,False,True,False,True,1,False
industrial_production,-2,1,c2c,industrial_production|off-2|h1|c2c,1,0.252045933386665,0.5494724469514515,0.3608215780528661,0.4763387079668532,0.7058823529411765,-1.620156653979138,17,0.0149143494327945,0.0316597377678285,15.956507834985612,3.165973776782859,6254,0.471,False,True,True,False,True,2,False
industrial_production,-2,1,o2o,industrial_production|off-2|h1|o2o,1,0.1308690428115061,-0.2828404577244117,-0.0385720404022497,0.1267228011976078,0.4705882352941176,-1.1764966992375328,17,0.0191595572833667,0.0316597377678285,15.956507834985612,3.165973776782859,6254,0.605,False,False,True,False,True,1,False
industrial_production,-2,1,day,industrial_production|off-2|h1|day,-1,-0.0492675672606766,0.2239232349454723,0.0581557492444034,-0.1033539045432179,0.4705882352941176,-2.34486570516515,17,-0.0141866551061186,0.0316546762589928,15.953956834532374,3.1654676258992804,6255,-0.448,False,False,True,False,True,1,False
industrial_production,-2,1,ongap,industrial_production|off-2|h1|ongap,-1,-0.2265961379469104,-0.5931404282210982,-0.5453851765073976,-0.4462419927634141,0.4,-1.4418394984426297,10,-0.0722486743176911,0.0485865724381625,24.48763250883392,4.858657243816254,2264,-1.487,False,False,True,False,True,1,False
industrial_production,-2,1,night,industrial_production|off-2|h1|night,1,0.8915522395456263,0.7956968591000041,0.7724730681843659,1.1440132819071105,0.8,-0.2601904686786204,10,0.0425119454059423,0.0485865724381625,24.48763250883392,4.858657243816254,2264,0.875,True,True,True,False,True,3,False
industrial_production,-2,2,c2c,industrial_production|off-2|h2|c2c,1,0.3305628447388516,0.3542879082854265,0.3241915740997076,0.6055774661019135,0.7058823529411765,-1.0938444199805295,17,0.0386721861258378,0.0633194755356571,15.956507834985612,6.331947553565718,6254,0.611,True,True,True,False,True,3,False
industrial_production,-2,2,o2o,industrial_production|off-2|h2|o2o,1,0.1284273713686018,0.1835413096464883,0.1460636581883626,0.3026147561604821,0.5882352941176471,-1.4129811154696004,17,0.0327737238868204,0.0633194755356571,15.956507834985612,6.331947553565718,6254,0.518,False,False,True,False,True,1,False
industrial_production,-2,2,day,industrial_production|off-2|h2|day,-1,-0.028976596122093,-0.441216478823677,-0.1836826277244093,-0.2598383440375964,0.4705882352941176,-2.9573995109608378,17,-0.0286766347474373,0.0633093525179856,15.953956834532374,6.330935251798561,6255,-0.453,False,False,True,False,True,1,False
industrial_production,-2,2,ongap,industrial_production|off-2|h2|ongap,1,0.2967761645414694,0.064714809678343,0.0867943642607021,-0.0262872129399605,0.5,-1.1662263147986187,10,0.1671526715226603,0.097173144876325,24.48763250883392,9.717314487632509,2264,1.72,False,False,True,False,False,1,False
industrial_production,-2,2,night,industrial_production|off-2|h2|night,1,1.5038864278880886,0.6984338706096871,0.7624682483189996,1.8645362251227524,1.0,0.0296060432560004,10,0.0784424280484816,0.097173144876325,24.48763250883392,9.717314487632509,2264,0.807,True,True,True,False,True,3,False
industrial_production,-1,1,c2c,industrial_production|off-1|h1|c2c,1,0.10853972439733,-0.0023038065404321,0.050304699114334,0.1614991646735565,0.6470588235294118,-1.406693544391011,17,0.0237808043459943,0.0316597377678285,15.956507834985612,3.165973776782859,6254,0.751,False,False,True,False,True,1,False
industrial_production,-1,1,o2o,industrial_production|off-1|h1|o2o,1,-0.0876486465432098,0.502736279023924,0.1734954803383834,0.1453754822569975,0.5294117647058824,-1.5137318525036867,17,0.0136104455374742,0.0316597377678285,15.956507834985612,3.165973776782859,6254,0.43,False,False,True,False,True,1,False
industrial_production,-1,1,day,industrial_production|off-1|h1|day,-1,-0.1259845252696829,-0.9924155210148984,-0.4401055291277592,-0.4601235022519313,0.2941176470588235,-2.028866679804367,17,-0.0145350207176021,0.0316546762589928,15.953956834532374,3.1654676258992804,6255,-0.459,False,False,True,False,True,1,False
industrial_production,-1,1,ongap,industrial_production|off-1|h1|ongap,1,0.5134349245723507,-0.3211913120607556,-0.2148273009214517,-0.2095216477574022,0.5,-2.070267030598216,10,0.0951460621239845,0.0485865724381625,24.48763250883392,4.858657243816254,2264,1.958,False,False,True,False,True,1,False
industrial_production,-1,1,night,industrial_production|off-1|h1|night,1,0.9644059083899004,0.0323965899854563,0.1463558593465068,0.2588060382813448,0.6,-0.7218720969658861,10,0.0359290043698641,0.0485865724381625,24.48763250883392,4.858657243816254,2264,0.739,False,False,True,False,True,1,False
industrial_production,-1,2,c2c,industrial_production|off-1|h2|c2c,1,0.1004380426801242,0.0106668307458934,0.0541209251823468,0.3049559716351747,0.5294117647058824,-1.3598956870839072,17,0.0451912231533431,0.0633194755356571,15.956507834985612,6.331947553565718,6254,0.714,False,False,True,False,True,1,False
industrial_production,-1,2,o2o,industrial_production|off-1|h2|o2o,1,0.1143766677099727,0.6210692225567951,0.3247748268059245,0.5239518874993253,0.5882352941176471,-1.074253163150201,17,0.029382410279207,0.0633194755356571,15.956507834985612,6.331947553565718,6254,0.464,False,False,True,False,True,1,False
industrial_production,-1,2,day,industrial_production|off-1|h2|day,1,-0.0073649851511985,0.461470781937039,0.1878326726919664,0.230807457402129,0.5882352941176471,-1.6276087883124155,17,0.0341675989086675,0.0633093525179856,15.953956834532374,6.330935251798561,6255,0.54,False,False,True,False,True,1,False
industrial_production,-1,2,ongap,industrial_production|off-1|h2|ongap,1,0.8758024490469596,-0.1565123550480889,-0.0410159508783696,0.1267466821546783,0.5,-1.5824484104010734,10,0.1334654913980801,0.097173144876325,24.48763250883392,9.717314487632509,2264,1.373,False,False,True,False,True,1,False
industrial_production,-1,2,night,industrial_production|off-1|h2|night,1,-0.0310930799569731,-0.1015397427914133,-0.091804867193647,0.0064473181973603,0.4,-1.1175655770618669,10,0.0661769481945697,0.097173144876325,24.48763250883392,9.717314487632509,2264,0.681,False,False,True,False,True,1,False
industrial_production,0,1,c2c,industrial_production|off0|h1|c2c,1,-0.0697047194236278,-0.0462600137217555,-0.055695327357232,-0.0340638773430903,0.5294117647058824,-1.6841146799538946,17,0.0214338819362752,0.0316597377678285,15.956507834985612,3.165973776782859,6254,0.677,False,False,True,False,True,1,False
industrial_production,0,1,o2o,industrial_production|off0|h1|o2o,1,0.1177433200601249,0.3037291554071378,0.1906538664158198,0.3851912827386141,0.6470588235294118,-1.9172917672340597,17,0.0157661769210895,0.0316597377678285,15.956507834985612,3.165973776782859,6254,0.498,False,False,True,False,True,1,False
industrial_production,0,1,day,industrial_production|off0|h1|day,1,-0.004110514865448,-0.0482028550935087,-0.023679454162743,0.0511257613433849,0.5882352941176471,-1.9194212487789977,17,0.0196776192673488,0.0316546762589928,15.953956834532374,3.1654676258992804,6255,0.622,False,False,True,False,True,1,False
industrial_production,0,1,ongap,industrial_production|off0|h1|ongap,1,0.4131339711660188,0.0059948461838631,0.0304626622266026,-0.0702502904926322,0.4,-1.5801395000396778,10,0.0382324594646583,0.0485865724381625,24.48763250883392,4.858657243816254,2264,0.787,False,False,True,False,True,1,False
industrial_production,0,1,night,industrial_production|off0|h1|night,-1,0.7825162799622631,0.0516828726011846,0.1443806023358468,-0.0514122216630117,0.5,-1.841381051485996,10,-0.0303074678412435,0.0485865724381625,24.48763250883392,4.858657243816254,2264,-0.624,False,False,True,False,True,1,False
industrial_production,0,2,c2c,industrial_production|off0|h2|c2c,1,0.1742533695411778,0.0820921841303235,0.1244544500993864,0.3007771790512726,0.5882352941176471,-1.2929882764119542,17,0.0427585225193324,0.0633194755356571,15.956507834985612,6.331947553565718,6254,0.675,False,False,True,False,True,1,False
industrial_production,0,2,o2o,industrial_production|off0|h2|o2o,1,0.2413481044507177,-0.0245717719016994,0.1295523782943315,0.2260600764265152,0.5294117647058824,-1.9657729839452447,17,0.0293583324809897,0.0633194755356571,15.956507834985612,6.331947553565718,6254,0.464,False,False,True,False,True,1,False
industrial_production,0,2,day,industrial_production|off0|h2|day,1,-0.0338627023384447,-0.2812166317078761,-0.13837741177759,-0.0532434767939201,0.5294117647058824,-2.005927050735325,17,0.037018595308315,0.0633093525179856,15.953956834532374,6.330935251798561,6255,0.585,False,False,True,False,True,1,False
industrial_production,0,2,ongap,industrial_production|off0|h2|ongap,1,0.7378968176315304,0.0188995243901402,0.0771533221433659,0.112360724830393,0.7,-1.8638060585706568,10,0.0600874932342148,0.097173144876325,24.48763250883392,9.717314487632509,2264,0.618,False,True,True,False,True,2,False
industrial_production,0,2,night,industrial_production|off0|h2|night,-1,0.5063689784022282,-0.3013523901957682,-0.1972434327998216,-0.3717668402086633,0.3,-2.488058551304776,10,-0.0548192234076055,0.097173144876325,24.48763250883392,9.717314487632509,2264,-0.564,False,False,True,False,True,1,False
industrial_production,1,1,c2c,industrial_production|off1|h1|c2c,1,0.2132727427320122,0.0974791063159022,0.1505361725775285,0.2526715076042996,0.4705882352941176,-1.1836208867975018,17,0.0213173420067369,0.0316597377678285,15.956507834985612,3.165973776782859,6254,0.673,False,False,True,False,True,1,False
industrial_production,1,1,o2o,industrial_production|off1|h1|o2o,1,0.1157625287623175,-0.5115171375692941,-0.1139417719415226,0.0363583032575541,0.3529411764705882,-1.8972620097428408,17,0.0136199430820508,0.0316597377678285,15.956507834985612,3.165973776782859,6254,0.43,False,False,True,False,True,1,False
industrial_production,1,1,day,industrial_production|off1|h1|day,-1,-0.0930428280064649,0.2814250025283296,0.06161241056415,-0.0112779615397613,0.4705882352941176,-2.0898321217499696,17,-0.0173642870420365,0.0316546762589928,15.953956834532374,3.1654676258992804,6255,-0.549,False,False,True,False,True,1,False
industrial_production,1,1,ongap,industrial_production|off1|h1|ongap,1,-0.0438097605984552,-0.2454235278988204,-0.2197764746858711,-0.0235985184872705,0.5,-1.7466185528655975,10,0.0218646414904583,0.0485865724381625,24.48763250883392,4.858657243816254,2264,0.45,False,False,True,False,True,1,False
industrial_production,1,1,night,industrial_production|off1|h1|night,1,-0.192507566475322,0.3571142022648928,0.2857227060201917,0.4526030985704843,0.6,-0.948664716528206,10,0.0247381650379939,0.0485865724381625,24.48763250883392,4.858657243816254,2264,0.509,False,False,True,False,True,1,False
industrial_production,1,2,c2c,industrial_production|off1|h2|c2c,1,-0.0036869062680814,0.2995305104945568,0.1225987763347224,0.2022913174828672,0.5294117647058824,-2.1984228848359466,17,0.0453228963381393,0.0633194755356571,15.956507834985612,6.331947553565718,6254,0.716,False,False,True,False,True,1,False
industrial_production,1,2,o2o,industrial_production|off1|h2|o2o,1,0.001570859317643,0.1446651878253091,0.0586408286093581,0.1958305525986247,0.4705882352941176,-1.5874679805760683,17,0.0331008390502399,0.0633194755356571,15.956507834985612,6.331947553565718,6254,0.523,False,False,True,False,True,1,False
industrial_production,1,2,day,industrial_production|off1|h2|day,1,-0.0747746241551458,-0.104262528158962,-0.0841775934651536,-0.0352481331079623,0.5882352941176471,-1.645040892854119,17,0.0326327263659348,0.0633093525179856,15.953956834532374,6.330935251798561,6255,0.515,False,False,True,False,True,1,False
industrial_production,1,2,ongap,industrial_production|off1|h2|ongap,1,-0.302606667405106,-0.2939717952132085,-0.2844249070061483,-0.1224246824671231,0.3,-1.0331719496469771,10,0.1035105572847032,0.097173144876325,24.48763250883392,9.717314487632509,2264,1.065,False,False,True,False,True,1,False
industrial_production,1,2,night,industrial_production|off1|h2|night,1,-0.0035232387406786,0.1473127907082479,0.1274965967177062,0.2462950384870917,0.4,-1.0795556678615346,10,0.0593544191037274,0.097173144876325,24.48763250883392,9.717314487632509,2264,0.611,False,False,True,False,True,1,False
industrial_production,2,1,c2c,industrial_production|off2|h1|c2c,-1,0.0950640316447173,-0.3946430273653488,-0.1033856213736892,-0.1771887307274367,0.2941176470588235,-2.168785332638894,17,-0.0239839431651597,0.0316597377678285,15.956507834985612,3.165973776782859,6254,-0.758,False,False,True,False,True,1,False
industrial_production,2,1,o2o,industrial_production|off2|h1|o2o,-1,0.0092559044686729,-0.613003712884477,-0.2537562220291107,-0.3478605014006823,0.4117647058823529,-2.901160727729757,17,-0.0194638555919374,0.0316597377678285,15.956507834985612,3.165973776782859,6254,-0.615,False,False,True,False,True,1,False
industrial_production,2,1,day,industrial_production|off2|h1|day,1,-0.065179773563049,0.2487522347837234,0.0655106331870411,0.0681387204950918,0.3529411764705882,-1.2706224185346924,17,0.0152241840508879,0.0316546762589928,15.953956834532374,3.1654676258992804,6255,0.481,False,False,True,False,True,1,False
industrial_production,2,1,ongap,industrial_production|off2|h1|ongap,-1,-0.2555929788415152,0.0702055290602819,0.0481122667467765,-0.5123606418178457,0.3,-1.826757153915554,10,-0.0816269221718971,0.0485865724381625,24.48763250883392,4.858657243816254,2264,-1.68,False,False,True,False,True,1,False
industrial_production,2,1,night,industrial_production|off2|h1|night,1,-0.111016215508959,-0.2326140510164291,-0.2155517566304209,-0.0981824487710074,0.5,-1.651986900000391,10,0.0348426635373654,0.0485865724381625,24.48763250883392,4.858657243816254,2264,0.717,False,False,True,False,True,1,False
industrial_production,2,2,c2c,industrial_production|off2|h2|c2c,-1,0.1557651878728207,-0.7108551848551097,-0.1922619223195836,-0.3032031535261423,0.3529411764705882,-2.268829727965773,17,-0.0428078147443467,0.0633194755356571,15.956507834985612,6.331947553565718,6254,-0.676,False,False,True,False,True,1,False
industrial_production,2,2,o2o,industrial_production|off2|h2|o2o,-1,0.1331355770380034,-0.8537102285358737,-0.2711015125701344,-0.3065588692564517,0.2941176470588235,-3.244523704426856,17,-0.039150484136345,0.0633194755356571,15.956507834985612,6.331947553565718,6254,-0.618,False,False,True,False,True,1,False
industrial_production,2,2,day,industrial_production|off2|h2|day,-1,-0.0877962090214267,-0.3433672578899133,-0.185604228374694,-0.318336649745356,0.3529411764705882,-1.716327331304437,17,-0.0307868904497085,0.0633093525179856,15.953956834532374,6.330935251798561,6255,-0.486,False,False,True,False,True,1,False
industrial_production,2,2,ongap,industrial_production|off2|h2|ongap,-1,0.6889653922973777,0.0023807596027755,0.0532451420417307,-0.0537876073971495,0.5,-1.348705636354881,10,-0.1273741563360384,0.097173144876325,24.48763250883392,9.717314487632509,2264,-1.311,False,False,True,False,True,1,False
industrial_production,2,2,night,industrial_production|off2|h2|night,-1,0.1359339687062941,-0.3763981330743448,-0.3095443289834932,-0.4436002260333286,0.3,-2.0831227954951976,10,-0.064438298913478,0.097173144876325,24.48763250883392,9.717314487632509,2264,-0.663,False,False,True,False,True,1,False
new_home_sales,-2,1,c2c,new_home_sales|off-2|h1|c2c,1,0.3090935089732141,0.2329994439867707,0.2574367090931684,0.4073510907408746,0.7058823529411765,-1.6270071786364608,17,0.0221816254479842,0.0311800447713463,15.714742564758554,3.118004477134634,6254,0.711,False,True,True,False,True,2,False
new_home_sales,-2,1,o2o,new_home_sales|off-2|h1|o2o,1,0.2516379890442864,0.1730451371892687,0.2046126777686031,0.305018870497111,0.5294117647058824,-0.8606799897186036,17,0.0178303198830551,0.0311800447713463,15.714742564758554,3.118004477134634,6254,0.572,False,False,True,False,True,1,False
new_home_sales,-2,1,day,new_home_sales|off-2|h1|day,1,-0.0542086892150064,-0.4157011705722188,-0.1912228440651432,-0.3176454743715667,0.3529411764705882,-1.8170000367457773,17,0.014553674128491,0.0311750599520383,15.712230215827338,3.117505995203837,6255,0.467,False,False,True,False,True,1,False
new_home_sales,-2,1,ongap,new_home_sales|off-2|h1|ongap,-1,0.501606193796824,-0.782003558507304,-0.6301705643181298,-0.3637449485029435,0.4,-1.6523448623301804,10,-0.0254042212923267,0.0477031802120141,24.042402826855124,4.770318021201414,2264,-0.533,False,False,True,False,True,1,False
new_home_sales,-2,1,night,new_home_sales|off-2|h1|night,1,-0.0215783837141292,0.3956945435977006,0.3415078609144291,0.4234836186586353,0.6,-1.0700877449246262,10,0.0347396277858221,0.0477031802120141,24.042402826855124,4.770318021201414,2264,0.728,False,False,True,False,True,1,False
new_home_sales,-2,2,c2c,new_home_sales|off-2|h2|c2c,1,0.4389353338392719,0.0974991856990097,0.2602428701337078,0.5425124570230072,0.7058823529411765,-1.4397029113502282,17,0.0397770280475665,0.0623600895426926,15.714742564758554,6.236008954269268,6254,0.638,False,True,True,False,True,2,False
new_home_sales,-2,2,o2o,new_home_sales|off-2|h2|o2o,1,0.4668476336410481,0.1921444426466402,0.3288745418351089,0.4160355843356016,0.5882352941176471,-0.9193868829542036,17,0.0365552859191775,0.0623600895426926,15.714742564758554,6.236008954269268,6254,0.586,False,False,True,False,True,1,False
new_home_sales,-2,2,day,new_home_sales|off-2|h2|day,1,0.0833617238544353,-0.4212019559833665,-0.1081574815799536,-0.2444850445870989,0.2941176470588235,-2.003021200737531,17,0.0294968922403363,0.0623501199040767,15.712230215827338,6.235011990407674,6255,0.473,False,False,True,False,True,1,False
new_home_sales,-2,2,ongap,new_home_sales|off-2|h2|ongap,-1,-0.1876282969934737,-0.3111194597393735,-0.2908187134843819,-0.7063934281839448,0.3,-2.3060981315602085,10,-0.1477999086629363,0.0954063604240282,24.042402826855124,9.540636042402827,2264,-1.549,False,False,True,False,True,1,False
new_home_sales,-2,2,night,new_home_sales|off-2|h2|night,-1,0.3751598798538143,-1.0032513425176084,-0.7816551867663046,-1.140786089700519,0.1,-2.0878014997772154,10,-0.0716745374908581,0.0954063604240282,24.042402826855124,9.540636042402827,2264,-0.751,False,False,True,False,True,1,False
new_home_sales,-1,1,c2c,new_home_sales|off-1|h1|c2c,1,0.1947277549594124,-0.1799705113332694,0.0136775897458363,0.2005777134698747,0.6470588235294118,-0.9662199191436238,17,0.0175917506076104,0.0311800447713463,15.714742564758554,3.118004477134634,6254,0.564,False,False,True,False,True,1,False
new_home_sales,-1,1,o2o,new_home_sales|off-1|h1|o2o,1,0.304368862921492,0.0291896740711578,0.1769705631586059,0.3370128289310563,0.6470588235294118,-1.4503256747421278,17,0.0186854182408669,0.0311800447713463,15.714742564758554,3.118004477134634,6254,0.599,False,False,True,False,True,1,False
new_home_sales,-1,1,day,new_home_sales|off-1|h1|day,1,0.0371415558884446,-0.2925953062690888,-0.0860992680572248,-0.2493885211539897,0.5294117647058824,-2.1851264172796228,17,0.0149357831650369,0.0311750599520383,15.712230215827338,3.117505995203837,6255,0.479,False,False,True,False,True,1,False
new_home_sales,-1,1,ongap,new_home_sales|off-1|h1|ongap,1,0.1972883329619902,-0.1181883486900867,-0.0968030005586509,0.2797305421653459,0.6,-1.2005923461450554,10,0.1223686474516306,0.0477031802120141,24.042402826855124,4.770318021201414,2264,2.565,False,False,True,False,True,1,False
new_home_sales,-1,1,night,new_home_sales|off-1|h1|night,-1,0.5885462885859013,-0.906160048959026,-0.6235184352602519,-0.7585535745877839,0.2,-2.246946800350082,10,-0.0368581953785321,0.0477031802120141,24.042402826855124,4.770318021201414,2264,-0.773,False,False,True,False,True,1,False
new_home_sales,-1,2,c2c,new_home_sales|off-1|h2|c2c,1,0.4246243503678081,0.0991291991560677,0.2680502704388657,0.6245501719802653,0.7647058823529411,-0.719382837153432,17,0.0335169564009224,0.0623600895426926,15.714742564758554,6.236008954269268,6254,0.537,True,True,True,False,True,3,False
new_home_sales,-1,2,o2o,new_home_sales|off-1|h2|o2o,1,0.4169954705196417,0.1253661140329982,0.2828341816121275,0.6197164815225539,0.7058823529411765,-1.049554473293394,17,0.0369672208515201,0.0623600895426926,15.714742564758554,6.236008954269268,6254,0.593,True,True,True,False,True,3,False
new_home_sales,-1,2,day,new_home_sales|off-1|h2|day,1,0.0177173831238965,-0.5095141563359152,-0.184878075528912,-0.3554086433088085,0.3529411764705882,-2.6755838597693256,17,0.0306451310024165,0.0623501199040767,15.712230215827338,6.235011990407674,6255,0.492,False,False,True,False,True,1,False
new_home_sales,-1,2,ongap,new_home_sales|off-1|h2|ongap,1,-0.0972985236485286,0.0112662652463168,0.0034421908699613,0.1999855466883782,0.5,-1.1556918642943328,10,0.1440539060356408,0.0954063604240282,24.042402826855124,9.540636042402827,2264,1.51,False,False,True,False,True,1,False
new_home_sales,-1,2,night,new_home_sales|off-1|h2|night,1,-0.0802080454903465,0.4739146848321724,0.3919729235622921,0.5451560617522552,0.7,-0.6688993604079181,10,0.0775916073319337,0.0954063604240282,24.042402826855124,9.540636042402827,2264,0.813,False,True,True,False,True,2,False
new_home_sales,0,1,c2c,new_home_sales|off0|h1|c2c,1,0.2902677265480177,0.2869917267847965,0.2816901129717732,0.4196377883053063,0.6470588235294118,-0.6781808317321772,17,0.0158814998870409,0.0311800447713463,15.714742564758554,3.118004477134634,6254,0.509,False,False,True,False,True,1,False
new_home_sales,0,1,o2o,new_home_sales|off0|h1|o2o,1,0.189764788087947,0.0784070084417863,0.1393741122863591,0.1731112616793737,0.5882352941176471,-1.3743234163148628,17,0.0182571215316469,0.0311800447713463,15.714742564758554,3.118004477134634,6254,0.586,False,False,True,False,True,1,False
new_home_sales,0,1,day,new_home_sales|off0|h1|day,-1,-0.1218959008220537,0.3180465825660052,0.0546697774807329,0.0666927503668062,0.6470588235294118,-1.4244695000032757,17,-0.0157044931325947,0.0311750599520383,15.712230215827338,3.117505995203837,6255,-0.504,False,False,True,False,True,1,False
new_home_sales,0,1,ongap,new_home_sales|off0|h1|ongap,-1,-0.2123040223370233,-0.5916409963665419,-0.537761013827078,-0.7522366562706075,0.3,-2.476178349119274,10,-0.0219988831615095,0.0477031802120141,24.042402826855124,4.770318021201414,2264,-0.461,False,False,True,False,True,1,False
new_home_sales,0,1,night,new_home_sales|off0|h1|night,1,1.4820097790459446,-0.0504632588202559,0.0739842598663113,0.1975164498924946,0.7,-1.7575867064071944,10,0.0407761047248365,0.0477031802120141,24.042402826855124,4.770318021201414,2264,0.855,False,True,True,False,True,2,False
new_home_sales,0,2,c2c,new_home_sales|off0|h2|c2c,1,0.5756675429635896,0.977969054574444,0.7191343173242347,1.0849348120235114,0.8235294117647058,-0.2786634239940521,17,0.0312728765457775,0.0623600895426926,15.714742564758554,6.236008954269268,6254,0.501,True,True,True,False,True,3,False
new_home_sales,0,2,o2o,new_home_sales|off0|h2|o2o,1,0.3081664929858189,0.2449452133273881,0.265704497190218,0.3380545745303688,0.4705882352941176,-1.249802097490621,17,0.0348468443794027,0.0623600895426926,15.714742564758554,6.236008954269268,6254,0.559,False,False,True,False,True,1,False
new_home_sales,0,2,day,new_home_sales|off0|h2|day,1,-0.0345936267208906,-0.4771809372875583,-0.2112391534343199,-0.2943691605308837,0.2941176470588235,-1.7523088069210413,17,0.031542699614502,0.0623501199040767,15.712230215827338,6.235011990407674,6255,0.506,False,False,True,False,True,1,False
new_home_sales,0,2,ongap,new_home_sales|off0|h2|ongap,1,0.487410627453581,0.281921027327206,0.316584631174992,0.1134925054521315,0.7,-2.755940281445546,10,0.0499983195772571,0.0954063604240282,24.042402826855124,9.540636042402827,2264,0.524,False,True,True,False,True,2,False
new_home_sales,0,2,night,new_home_sales|off0|h2|night,1,0.2085760833265599,0.2919768887424434,0.2777004354385453,0.4301008068818984,0.7,-0.8332480293283209,10,0.0961748997852828,0.0954063604240282,24.042402826855124,9.540636042402827,2264,1.008,False,True,True,False,True,2,False
new_home_sales,1,1,c2c,new_home_sales|off1|h1|c2c,1,0.4229699777147203,1.0056756890769545,0.6462469550542856,0.8447631605102264,0.8823529411764706,-2.067249335508863,17,0.0152997727689286,0.0311800447713463,15.714742564758554,3.118004477134634,6254,0.491,True,True,True,False,True,3,False
new_home_sales,1,1,o2o,new_home_sales|off1|h1|o2o,1,0.1348741546847425,0.1938569831849585,0.1508747153353382,0.2232037141122812,0.5294117647058824,-1.914190980845413,17,0.0165763228053311,0.0311800447713463,15.714742564758554,3.118004477134634,6254,0.532,False,False,True,False,True,1,False
new_home_sales,1,1,day,new_home_sales|off1|h1|day,1,-0.0364236874377418,-0.2555171761392597,-0.1246940969862415,-0.2257617985329173,0.3529411764705882,-1.220049762644217,17,0.0157957155502925,0.0311750599520383,15.712230215827338,3.117505995203837,6255,0.507,False,False,True,False,True,1,False
new_home_sales,1,1,ongap,new_home_sales|off1|h1|ongap,1,0.7628154021600668,0.0846140139265561,0.2135185168590613,-0.1071164100554453,0.6,-2.490568823671325,10,0.0280264763347265,0.0477031802120141,24.042402826855124,4.770318021201414,2264,0.588,False,False,True,False,True,1,False
new_home_sales,1,1,night,new_home_sales|off1|h1|night,-1,0.5024201077032162,-0.526461544764547,-0.4117568294278078,-0.3146298967333193,0.5,-2.199691786997941,10,-0.0553534688321805,0.0477031802120141,24.042402826855124,4.770318021201414,2264,-1.16,False,False,True,False,True,1,False
new_home_sales,1,2,c2c,new_home_sales|off1|h2|c2c,1,0.4874297674894045,1.10052485674362,0.7237530572018651,1.0163887538986214,0.8235294117647058,-0.7395140976548791,17,0.0358829872019463,0.0623600895426926,15.714742564758554,6.236008954269268,6254,0.575,True,True,True,False,True,3,False
new_home_sales,1,2,o2o,new_home_sales|off1|h2|o2o,1,0.3841817781812224,0.7914100624789556,0.5384496137509566,0.9741258748472365,0.8235294117647058,-0.7165312410117275,17,0.0348664959451848,0.0623600895426926,15.714742564758554,6.236008954269268,6254,0.559,True,True,True,False,True,3,False
new_home_sales,1,2,day,new_home_sales|off1|h2|day,1,0.3020882008392432,0.4455555832604094,0.3508734359915219,0.71946029139203,0.7647058823529411,-0.6406308079203973,17,0.0297623288157626,0.0623501199040767,15.712230215827338,6.235011990407674,6255,0.477,True,True,True,False,True,3,False
new_home_sales,1,2,ongap,new_home_sales|off1|h2|ongap,1,0.8315679205368989,0.3983948667749922,0.4651473685385512,0.2248079962823393,0.6,-1.9166891545379152,10,0.0574891144980251,0.0954063604240282,23.931095406360424,9.540636042402827,2264,0.603,False,False,True,False,True,1,False
new_home_sales,1,2,night,new_home_sales|off1|h2|night,-1,0.1542669303195355,-0.5610056424674505,-0.4816858793076372,-0.4239354523535531,0.5,-3.0089911771209628,10,-0.089844111715581,0.0954063604240282,23.931095406360424,9.540636042402827,2264,-0.942,False,False,True,False,True,1,False
new_home_sales,2,1,c2c,new_home_sales|off2|h1|c2c,1,0.1636560902660534,0.5357701959244399,0.31645459605886,0.4824683326423133,0.7058823529411765,-1.0059167317965276,17,0.0205432092433676,0.0311800447713463,15.714742564758554,3.118004477134634,6254,0.659,False,True,True,False,True,2,False
new_home_sales,2,1,o2o,new_home_sales|off2|h1|o2o,1,0.285939013815631,0.8619540241459861,0.5169722229113547,0.8792759428983203,0.8823529411764706,-1.276793348112079,17,0.0182135353977986,0.0311800447713463,15.714742564758554,3.118004477134634,6254,0.584,True,True,True,False,True,3,False
new_home_sales,2,1,day,new_home_sales|off2|h1|day,1,0.3186963539494925,0.8889323610052055,0.5210450632139039,0.7683849241227133,0.8823529411764706,-2.0621661118518686,17,0.013837885593051,0.0311750599520383,15.712230215827338,3.117505995203837,6255,0.444,True,True,True,False,True,3,False
new_home_sales,2,1,ongap,new_home_sales|off2|h1|ongap,1,-0.1698345955707374,0.2301533508300993,0.1817793875866615,0.2406819504110326,0.6,-0.998567665073826,10,0.0292610210414377,0.0477031802120141,23.931095406360424,4.770318021201414,2264,0.613,False,False,True,False,True,1,False
new_home_sales,2,1,night,new_home_sales|off2|h1|night,1,0.1631904968352986,0.1184258487153752,0.1180171042293529,0.2915695609703811,0.6,-1.063072140969832,10,0.0343818330843291,0.0477031802120141,23.931095406360424,4.770318021201414,2264,0.721,False,False,True,False,True,1,False
new_home_sales,2,2,c2c,new_home_sales|off2|h2|c2c,1,0.1272414716335793,0.218363692699304,0.1595210746944442,0.3572148433868642,0.5882352941176471,-1.3440743344596966,17,0.0387549563860101,0.0623600895426926,15.714742564758554,6.236008954269268,6254,0.621,False,False,True,False,True,1,False
new_home_sales,2,2,o2o,new_home_sales|off2|h2|o2o,1,0.2712780424563645,0.5146518012628738,0.3612008318879726,0.6392682915666495,0.7058823529411765,-0.938098944658388,17,0.0366176117506959,0.0623600895426926,15.714742564758554,6.236008954269268,6254,0.587,True,True,True,False,True,3,False
new_home_sales,2,2,day,new_home_sales|off2|h2|day,1,0.4357881812580544,0.8918881085541316,0.5999589482993282,0.922620454166862,0.8823529411764706,-1.232351660806423,17,0.0293032819747429,0.0623501199040767,15.712230215827338,6.235011990407674,6255,0.47,True,True,True,False,True,3,False
new_home_sales,2,2,ongap,new_home_sales|off2|h2|ongap,1,0.5143433077824269,0.2132483368008225,0.2420627292936371,0.4389604228882466,0.7,-1.3004791227930097,10,0.0485286706266526,0.094964664310954,24.042402826855124,9.496466431095406,2264,0.511,False,True,True,False,True,2,False
new_home_sales,2,2,night,new_home_sales|off2|h2|night,1,0.3111567092762967,0.5125478399777637,0.4828960876666923,0.546026071022752,0.7,-0.7197229744699932,10,0.0801963805722338,0.094964664310954,24.042402826855124,9.496466431095406,2264,0.844,False,True,True,False,True,2,False
retail_sales,-2,1,c2c,retail_sales|off-2|h1|c2c,1,0.3055463109647853,-0.1532586960293267,0.0805362710026205,0.2190193852015758,0.4705882352941176,-1.7398623416348862,17,0.0228405119324105,0.0319795330988167,16.117684681803645,3.197953309881676,6254,0.714,False,False,True,False,True,1,False
retail_sales,-2,1,o2o,retail_sales|off-2|h1|o2o,1,0.0111749144185711,0.0542514204623166,0.028869726030767,0.0873284039922318,0.4705882352941176,-1.4865141061019498,17,0.0192959694183343,0.0319795330988167,16.117684681803645,3.197953309881676,6254,0.603,False,False,True,False,True,1,False
retail_sales,-2,1,day,retail_sales|off-2|h1|day,-1,0.0210136074490023,-0.5277523260625934,-0.1640364213942792,-0.242314588577373,0.4117647058823529,-2.21020708035537,17,-0.01175458993261,0.0319744204636291,16.115107913669064,3.1974420463629096,6255,-0.368,False,False,True,False,True,1,False
retail_sales,-2,1,ongap,retail_sales|off-2|h1|ongap,1,-0.4011023644488715,0.3006168892717156,0.2406312207377812,-0.0330264610190145,0.5,-1.763548911992626,10,0.0563426068058085,0.0490282685512367,24.710247349823323,4.902826855123675,2264,1.149,False,False,True,False,True,1,False
retail_sales,-2,1,night,retail_sales|off-2|h1|night,1,0.1777838806355528,1.0293349258149491,0.9337441520539712,1.0274792842173956,0.9,-0.4222831479658016,10,0.0588858032201941,0.0490282685512367,24.710247349823323,4.902826855123675,2264,1.201,True,True,True,False,True,3,False
retail_sales,-2,2,c2c,retail_sales|off-2|h2|c2c,1,0.1349278980102,0.0540935875987145,0.0888720193570772,0.2177474537921383,0.5294117647058824,-1.045902604926909,17,0.0434608050347663,0.0639590661976335,16.117684681803645,6.395906619763352,6254,0.68,False,False,True,False,True,1,False
retail_sales,-2,2,o2o,retail_sales|off-2|h2|o2o,1,0.2157678234036315,0.1848683183652512,0.1894166605134675,0.3384237617689386,0.7058823529411765,-1.7648397653124075,17,0.0408906386850232,0.0639590661976335,16.117684681803645,6.395906619763352,6254,0.639,False,True,True,False,True,2,False
retail_sales,-2,2,day,retail_sales|off-2|h2|day,1,-0.0516537027632533,0.1198769843419513,0.0135324658499147,-0.0308737225063107,0.4705882352941176,-1.970487591472433,17,0.0311968247737531,0.0639488409272582,16.115107913669064,6.394884092725819,6255,0.488,False,False,True,False,True,1,False
retail_sales,-2,2,ongap,retail_sales|off-2|h2|ongap,1,0.6420676404007837,-0.0331279890113552,0.0333348146269303,0.0539312570325934,0.4,-1.273866810095878,10,0.1701691199706954,0.0980565371024735,24.821554770318023,9.80565371024735,2264,1.735,False,False,True,False,False,1,False
retail_sales,-2,2,night,retail_sales|off-2|h2|night,1,0.3672828015194711,0.7437589816994955,0.69044599171836,0.9615178424870792,0.8,-0.3034559162026174,10,0.1005462924383151,0.0980565371024735,24.821554770318023,9.80565371024735,2264,1.025,True,True,True,False,True,3,False
retail_sales,-1,1,c2c,retail_sales|off-1|h1|c2c,-1,0.0172117076748445,-0.3001782957779745,-0.1273947939348415,-0.1836186097129826,0.5294117647058824,-1.9914748919891017,17,-0.0206468987060656,0.0319795330988167,16.117684681803645,3.197953309881676,6254,-0.646,False,False,True,False,True,1,False
retail_sales,-1,1,o2o,retail_sales|off-1|h1|o2o,1,0.1929768201984347,0.1386137957829079,0.1547955384268378,0.1876299239195043,0.5882352941176471,-1.8029459685477116,17,0.0215697458467715,0.0319795330988167,16.117684681803645,3.197953309881676,6254,0.674,False,False,True,False,True,1,False
retail_sales,-1,1,day,retail_sales|off-1|h1|day,1,0.0739636063471918,-0.1097305538003691,-0.0011182080503325,-0.0225341937154888,0.5294117647058824,-1.890391402291592,17,0.0194239900120314,0.0319744204636291,16.115107913669064,3.1974420463629096,6255,0.607,False,False,True,False,True,1,False
retail_sales,-1,1,ongap,retail_sales|off-1|h1|ongap,1,0.6192355205866641,-0.3748958033995155,-0.2621855650626878,-0.268443354150727,0.5,-1.6565075962356894,10,0.1140186821399181,0.0490282685512367,24.821554770318023,4.902826855123675,2264,2.326,False,False,True,False,True,1,False
retail_sales,-1,1,night,retail_sales|off-1|h1|night,1,-0.0395109331208951,-0.18544671474429,-0.1684446403145803,-0.2020906855869089,0.6,-1.629716839506829,10,0.0417879520512693,0.0490282685512367,24.821554770318023,4.902826855123675,2264,0.852,False,False,True,False,True,1,False
retail_sales,-1,2,c2c,retail_sales|off-1|h2|c2c,1,0.0494197884503413,0.3275601422900168,0.1727751437463081,0.1927299334490016,0.6470588235294118,-1.678545445328812,17,0.0482036131629281,0.0639590661976335,16.117684681803645,6.395906619763352,6254,0.754,False,False,True,False,True,1,False
retail_sales,-1,2,o2o,retail_sales|off-1|h2|o2o,1,0.0643037527768715,0.4495156220951759,0.2312661684205758,0.2882002654110649,0.5294117647058824,-1.43172840491662,17,0.035995639821056,0.0639590661976335,16.117684681803645,6.395906619763352,6254,0.563,False,False,True,False,True,1,False
retail_sales,-1,2,day,retail_sales|off-1|h2|day,-1,-0.0306977720216267,-0.0870265113410567,-0.0528083960560827,-0.0984935800584606,0.5294117647058824,-2.049571853562393,17,-0.040059545151567,0.0639488409272582,16.115107913669064,6.394884092725819,6255,-0.626,False,False,True,False,True,1,False
retail_sales,-1,2,ongap,retail_sales|off-1|h2|ongap,1,0.511135438030856,-0.1699978170226449,-0.0961561923840114,0.2284281637898986,0.6,-1.2088251940286787,10,0.1455473563861765,0.0984982332155477,24.821554770318023,9.849823321554773,2264,1.478,False,False,True,False,True,1,False
retail_sales,-1,2,night,retail_sales|off-1|h2|night,1,0.7788237236965241,-0.0865821352872871,-0.0054687254054935,0.1641104582007918,0.5,-1.170548221738636,10,0.0934252792853075,0.0984982332155477,24.821554770318023,9.849823321554773,2264,0.948,False,False,True,False,True,1,False
retail_sales,0,1,c2c,retail_sales|off0|h1|c2c,1,0.1915100710554396,0.2292478474262042,0.1904260072157225,0.0798015391054465,0.4705882352941176,-1.6206152198995487,17,0.027512329612467,0.0319795330988167,16.117684681803645,3.197953309881676,6254,0.86,False,False,True,False,True,1,False
retail_sales,0,1,o2o,retail_sales|off0|h1|o2o,-1,0.0028297643415695,-0.6167350009162456,-0.2720565832490956,-0.305959292604822,0.2941176470588235,-1.790403531184569,17,-0.0143996564192902,0.0319795330988167,16.117684681803645,3.197953309881676,6254,-0.45,False,False,True,False,True,1,False
retail_sales,0,1,day,retail_sales|off0|h1|day,-1,0.1702400454042344,-0.1296190092949262,0.0314407643358966,-0.0440752065835315,0.4705882352941176,-2.225069852718715,17,-0.0205962932318286,0.0319744204636291,16.115107913669064,3.1974420463629096,6255,-0.644,False,False,True,False,True,1,False
retail_sales,0,1,ongap,retail_sales|off0|h1|ongap,-1,-0.516032284639127,-0.5638917964862645,-0.5463013773884519,-0.5972710262403446,0.4,-3.1296807162098554,10,-0.0316690203784907,0.0494699646643109,24.93286219081272,4.946996466431095,2264,-0.64,False,False,True,False,True,1,False
retail_sales,0,1,night,retail_sales|off0|h1|night,1,0.6983827776385692,-0.0503713276067669,0.027026372103452,0.0444961221434323,0.5,-1.4896237176789895,10,0.0516937785102101,0.0494699646643109,24.93286219081272,4.946996466431095,2264,1.045,False,False,True,False,True,1,False
retail_sales,0,2,c2c,retail_sales|off0|h2|c2c,1,0.0329915835629022,0.1198641800688411,0.0698309832146126,0.221531396001878,0.5882352941176471,-1.6349347558314575,17,0.0461799693551619,0.0639590661976335,16.117684681803645,6.395906619763352,6254,0.722,False,False,True,False,True,1,False
retail_sales,0,2,o2o,retail_sales|off0|h2|o2o,1,-0.0146563604577824,0.1679724711989108,0.0671579173643914,0.0885668958679608,0.5882352941176471,-1.9488636827822396,17,0.0300085312551389,0.0639590661976335,16.117684681803645,6.395906619763352,6254,0.469,False,False,True,False,True,1,False
retail_sales,0,2,day,retail_sales|off0|h2|day,-1,0.0067475071761969,0.0027374663655455,0.0044907274911047,-0.047550253490071,0.4117647058823529,-1.4260459252187951,17,-0.0415780175924997,0.0639488409272582,16.115107913669064,6.394884092725819,6255,-0.65,False,False,True,False,True,1,False
retail_sales,0,2,ongap,retail_sales|off0|h2|ongap,1,-0.2438998977821628,0.3725604469915356,0.3163498203188317,0.2420806037363383,0.6,-1.422560856340839,10,0.0867437865840969,0.0989399293286219,24.93286219081272,9.89399293286219,2264,0.877,False,False,True,False,True,1,False
retail_sales,0,2,night,retail_sales|off0|h2|night,1,0.6077987096101611,0.2315819998587853,0.2674000988346103,0.2821642995675867,0.5,-1.1802201239646215,10,0.0735548118477634,0.0989399293286219,24.93286219081272,9.89399293286219,2264,0.743,False,False,True,False,True,1,False
retail_sales,1,1,c2c,retail_sales|off1|h1|c2c,-1,0.0415732822947017,0.0304213827416527,0.0339193928450524,-0.1896344158395656,0.3529411764705882,-2.116968639011901,17,-0.0186835014944758,0.0319795330988167,16.117684681803645,3.197953309881676,6254,-0.584,False,False,True,False,True,1,False
retail_sales,1,1,o2o,retail_sales|off1|h1|o2o,1,0.10604694724002,-0.2900758166915589,-0.0764478356493807,-0.130447776645752,0.4705882352941176,-1.9570060924854735,17,0.0155914466377896,0.0319795330988167,16.117684681803645,3.197953309881676,6254,0.488,False,False,True,False,True,1,False
retail_sales,1,1,day,retail_sales|off1|h1|day,1,0.0285825211520524,-0.2040570286715289,-0.0804403680044943,-0.2076333279840523,0.4705882352941176,-2.3211190448135515,17,0.0210630329703328,0.0319744204636291,16.115107913669064,3.1974420463629096,6255,0.659,False,False,True,False,True,1,False
retail_sales,1,1,ongap,retail_sales|off1|h1|ongap,1,-0.2369886282870226,0.2091665410415568,0.1761576061195795,0.1017937583049697,0.6,-1.2871196070851516,10,0.0552100073630202,0.0494699646643109,24.93286219081272,4.946996466431095,2264,1.116,False,False,True,False,True,1,False
retail_sales,1,1,night,retail_sales|off1|h1|night,1,-0.2964319287451903,0.3473537314684167,0.2697919014727129,0.3782895388333036,0.6,-0.6246184674869313,10,0.0218379028970679,0.0494699646643109,24.93286219081272,4.946996466431095,2264,0.441,False,False,True,False,True,1,False
retail_sales,1,2,c2c,retail_sales|off1|h2|c2c,-1,-0.0612434432921919,-0.3630002447109078,-0.1887810553949791,-0.4901311809799532,0.3529411764705882,-1.9959884908322088,17,-0.0403838671525884,0.0639590661976335,16.117684681803645,6.395906619763352,6254,-0.631,False,False,True,False,True,1,False
retail_sales,1,2,o2o,retail_sales|off1|h2|o2o,1,-0.0139573828887962,0.2087021148698247,0.0796255623980354,0.2133406746422338,0.4705882352941176,-1.566993993072187,17,0.0335776813375724,0.0639590661976335,16.117684681803645,6.395906619763352,6254,0.525,False,False,True,False,True,1,False
retail_sales,1,2,day,retail_sales|off1|h2|day,-1,0.0386389989810658,0.0272095383669288,0.031626188804565,-0.0628974317772189,0.5294117647058824,-2.142602565916124,17,-0.0361557615450162,0.0639488409272582,16.115107913669064,6.394884092725819,6255,-0.565,False,False,True,False,True,1,False
retail_sales,1,2,ongap,retail_sales|off1|h2|ongap,1,0.6622209735800115,0.1349650863768598,0.1596855847814225,0.25501671961713,0.6,-1.0421034295431986,10,0.0941343677041454,0.0989399293286219,24.93286219081272,9.89399293286219,2264,0.951,False,False,True,False,True,1,False
retail_sales,1,2,night,retail_sales|off1|h2|night,-1,0.4017895150034823,-0.2070472586351535,-0.1194787748212014,-0.2933949611597061,0.3,-1.6860558298043,10,-0.0540557294760506,0.0989399293286219,24.93286219081272,9.89399293286219,2264,-0.546,False,False,True,False,True,1,False
retail_sales,2,1,c2c,retail_sales|off2|h1|c2c,1,0.015779239809255,0.4650381618577187,0.2075479425305425,0.3461777009339415,0.6470588235294118,-0.7797278760882833,17,0.0217124375915402,0.0319795330988167,16.117684681803645,3.197953309881676,6254,0.679,False,False,True,False,True,1,False
retail_sales,2,1,o2o,retail_sales|off2|h1|o2o,-1,0.0036169609708352,-0.6783823419466011,-0.265851598628748,-0.4854504373614385,0.4117647058823529,-2.695869093534367,17,-0.0179594240327578,0.0319795330988167,16.117684681803645,3.197953309881676,6254,-0.562,False,False,True,False,True,1,False
retail_sales,2,1,day,retail_sales|off2|h1|day,-1,0.217411454380156,-0.1264488848915711,0.078180835893908,-0.0207762875447308,0.4705882352941176,-2.278373221596532,17,-0.015089752335296,0.0319744204636291,16.115107913669064,3.1974420463629096,6255,-0.472,False,False,True,False,True,1,False
retail_sales,2,1,ongap,retail_sales|off2|h1|ongap,1,0.3150052138799542,-0.2380081421637638,-0.1926269257852514,-0.0701993123879164,0.4,-1.5122149024062308,10,0.0390833348427048,0.0494699646643109,24.93286219081272,4.946996466431095,2264,0.79,False,False,True,False,True,1,False
retail_sales,2,1,night,retail_sales|off2|h1|night,-1,0.5097169965933785,0.161365119828766,0.2166931548781697,0.0634669156873443,0.4,-0.8001080644873827,10,-0.0321946961384973,0.0494699646643109,24.93286219081272,4.946996466431095,2264,-0.651,False,False,True,False,True,1,False
retail_sales,2,2,c2c,retail_sales|off2|h2|c2c,1,0.0517868504470604,0.4122038119271317,0.1952770811764526,0.2327484831974756,0.5294117647058824,-1.3254842089331829,17,0.0435285586830185,0.0639590661976335,16.117684681803645,6.395906619763352,6254,0.681,False,False,True,False,True,1,False
retail_sales,2,2,o2o,retail_sales|off2|h2|o2o,-1,0.0184614632976311,-0.517163378051595,-0.2006627472717545,-0.3627014622602207,0.4117647058823529,-2.050657838488357,17,-0.0343927889497587,0.0639590661976335,16.117684681803645,6.395906619763352,6254,-0.538,False,False,True,False,True,1,False
retail_sales,2,2,day,retail_sales|off2|h2|day,-1,0.1631882905846178,-0.090012107690257,0.0589668425560673,-0.0361054267559753,0.4705882352941176,-1.505090716860056,17,-0.0272180926761185,0.0639488409272582,16.115107913669064,6.394884092725819,6255,-0.426,False,False,True,False,True,1,False
retail_sales,2,2,ongap,retail_sales|off2|h2|ongap,1,-0.0887407782680511,0.0646912702807939,0.0521510226602266,0.1595070854594594,0.6,-1.1227981959232904,10,0.1083682819614201,0.0989399293286219,24.93286219081272,9.89399293286219,2264,1.095,False,False,True,False,True,1,False
retail_sales,2,2,night,retail_sales|off2|h2|night,-1,0.4129049191960786,-0.3791449033527866,-0.2779455740230568,-0.4824887554995457,0.4,-1.6999552514300815,10,-0.0700244340220249,0.0989399293286219,24.93286219081272,9.89399293286219,2264,-0.708,False,False,True,False,True,1,False
trade_balance,-2,1,c2c,trade_balance|off-2|h1|c2c,1,0.0340580431196203,0.560197328078517,0.2655673276773174,0.355920061248192,0.5882352941176471,-0.97873906583039,17,0.0290764910749491,0.0318196354333226,16.037096258394627,3.181963543332268,6254,0.914,False,False,True,False,True,1,False
trade_balance,-2,1,o2o,trade_balance|off-2|h1|o2o,1,0.1066968432186804,0.2290696768897999,0.1533878745815254,0.3923592512332765,0.5882352941176471,-1.2502580107675705,17,0.0293524843628219,0.0318196354333226,16.037096258394627,3.181963543332268,6254,0.922,False,False,True,False,True,1,False
trade_balance,-2,1,day,trade_balance|off-2|h1|day,-1,0.147936716212561,0.1610282849267813,0.148362679423402,0.0121171646895771,0.5294117647058824,-2.043415310739844,17,-0.0173256365473362,0.0318145483613109,16.03453237410072,3.181454836131095,6255,-0.545,False,False,True,False,True,1,False
trade_balance,-2,1,ongap,trade_balance|off-2|h1|ongap,-1,0.2670796150248953,0.0954170484928091,0.1262653892900037,-0.1121239195081142,0.7,-2.250640527382057,10,-0.0197517667827528,0.0485865724381625,24.48763250883392,4.858657243816254,2264,-0.407,False,True,True,False,True,2,False
trade_balance,-2,1,night,trade_balance|off-2|h1|night,-1,0.6036375853690373,-0.5240958637775299,-0.3711155993727112,-0.4554396568918314,0.3,-2.38912785288287,10,-0.0584867741996127,0.0485865724381625,24.48763250883392,4.858657243816254,2264,-1.204,False,False,True,False,True,1,False
trade_balance,-2,2,c2c,trade_balance|off-2|h2|c2c,1,0.1190201157769371,0.7967353109114513,0.4110746305554667,0.4971514124588774,0.7647058823529411,-2.013066246884517,17,0.0509928169671966,0.0636392708666453,16.037096258394627,6.363927086664535,6254,0.801,False,True,True,False,True,2,False
trade_balance,-2,2,o2o,trade_balance|off-2|h2|o2o,-1,-0.047925977916005,-0.5669009852512099,-0.2733063747728592,-0.4849286742088853,0.2352941176470588,-2.2677685156931155,17,-0.0495662246088882,0.0636392708666453,16.037096258394627,6.363927086664535,6254,-0.779,False,False,True,False,True,1,False
trade_balance,-2,2,day,trade_balance|off-2|h2|day,-1,0.3444987190116228,-0.1181227953152347,0.1692193954221858,0.1760722894920084,0.5882352941176471,-1.2759284404414404,17,-0.0335099293589451,0.0636290967226219,16.03453237410072,6.36290967226219,6255,-0.527,False,False,True,False,True,1,False
trade_balance,-2,2,ongap,trade_balance|off-2|h2|ongap,-1,0.5007275808827185,-0.1733055049631552,-0.1270810109547654,-0.4548383242391249,0.3,-1.992164729656391,10,-0.2374822536280264,0.097173144876325,24.37632508833922,9.717314487632509,2264,-2.444,False,False,True,False,False,1,False
trade_balance,-2,2,night,trade_balance|off-2|h2|night,1,0.2048072023094589,0.6071106098996956,0.5498325151610642,0.7367064562382298,0.7,-0.5057579891060436,10,0.1088023182062925,0.097173144876325,24.37632508833922,9.717314487632509,2264,1.12,True,True,True,False,True,3,False
trade_balance,-1,1,c2c,trade_balance|off-1|h1|c2c,1,0.0345820993710097,0.5078437088587285,0.2411311286669354,0.2803911684797838,0.7647058823529411,-2.453679861441036,17,0.0218883444071534,0.0318196354333226,16.037096258394627,3.181963543332268,6254,0.688,False,True,True,False,True,2,False
trade_balance,-1,1,o2o,trade_balance|off-1|h1|o2o,-1,0.13151213502581,-0.5784878631565826,-0.1625205268931418,-0.2511051713475103,0.4117647058823529,-1.988580782016722,17,-0.0201859103550956,0.0318196354333226,16.037096258394627,3.181963543332268,6254,-0.634,False,False,True,False,True,1,False
trade_balance,-1,1,day,trade_balance|off-1|h1|day,-1,0.2115417383659597,-0.5236554873223526,-0.0295907171518449,-0.1125349708848617,0.5882352941176471,-2.3102541235658025,17,-0.0161372000894901,0.0318145483613109,16.03453237410072,3.181454836131095,6255,-0.507,False,False,True,False,True,1,False
trade_balance,-1,1,ongap,trade_balance|off-1|h1|ongap,-1,-0.2327324241766518,-0.2878069013965821,-0.2664137567168372,-0.7573300953689378,0.3,-2.8354826851953723,10,-0.2179040390111745,0.0485865724381625,24.37632508833922,4.858657243816254,2264,-4.485,False,False,True,False,False,1,False
trade_balance,-1,1,night,trade_balance|off-1|h1|night,1,1.1805583016143728,0.4314333333739228,0.5242140276758577,0.5704342802775034,0.6,-0.7290350728231484,10,0.0502932226502807,0.0485865724381625,24.37632508833922,4.858657243816254,2264,1.035,False,False,True,False,True,1,False
trade_balance,-1,2,c2c,trade_balance|off-1|h2|c2c,-1,0.0583914318934811,-0.6280939404065712,-0.2235797704377994,-0.3639864435049243,0.3529411764705882,-2.447842619622946,17,-0.0453335415118226,0.0636392708666453,16.037096258394627,6.363927086664535,6254,-0.712,False,False,True,False,True,1,False
trade_balance,-1,2,o2o,trade_balance|off-1|h2|o2o,-1,0.0898620735813824,-0.8404923095488673,-0.3014228157007922,-0.3417845356942937,0.3529411764705882,-2.4924896701288395,17,-0.0404509648729931,0.0636392708666453,16.037096258394627,6.363927086664535,6254,-0.636,False,False,True,False,True,1,False
trade_balance,-1,2,day,trade_balance|off-1|h2|day,-1,0.0769829521885436,-0.8071250892843824,-0.2386108049720161,-0.3385604933280765,0.3529411764705882,-2.5215245894730223,17,-0.0296950168233521,0.0636290967226219,16.03453237410072,6.36290967226219,6255,-0.467,False,False,True,False,True,1,False
trade_balance,-1,2,ongap,trade_balance|off-1|h2|ongap,-1,0.0373934204239006,-0.5433513744880071,-0.4874204418255904,-0.7791278644555272,0.2,-2.692038070301143,10,-0.2740950230566774,0.0967314487632508,24.37632508833922,9.673144876325088,2264,-2.834,False,False,True,False,False,1,False
trade_balance,-1,2,night,trade_balance|off-1|h2|night,1,1.4303366652973186,0.5618148968167116,0.6419930842081493,1.0267257096107996,0.8,-0.3134553881820823,10,0.1077552163407558,0.0967314487632508,24.37632508833922,9.673144876325088,2264,1.114,True,True,True,False,True,3,False
trade_balance,0,1,c2c,trade_balance|off0|h1|c2c,-1,0.185077347545416,-0.3028936564265116,-0.0003527505470191,-0.1892649259362399,0.4705882352941176,-2.245974284203711,17,-0.0234172156195751,0.0318196354333226,16.037096258394627,3.181963543332268,6254,-0.736,False,False,True,False,True,1,False
trade_balance,0,1,o2o,trade_balance|off0|h1|o2o,1,-0.0927080453956898,0.5443478393549815,0.1829773668429784,0.2630600913263965,0.5882352941176471,-1.3897382194280847,17,0.0202331759726344,0.0318196354333226,16.037096258394627,3.181963543332268,6254,0.636,False,False,True,False,True,1,False
trade_balance,0,1,day,trade_balance|off0|h1|day,1,-0.00566085448266,0.5003955371072575,0.1906440469006941,0.2782111696646228,0.6470588235294118,-1.5823111014356768,17,0.0136289277563484,0.0318145483613109,16.03453237410072,3.181454836131095,6255,0.428,False,False,True,False,True,1,False
trade_balance,0,1,ongap,trade_balance|off0|h1|ongap,-1,-0.2511103099214657,-0.8034714621288868,-0.733513684417172,-0.9118622366608372,0.3,-1.9039126403776545,10,-0.0564382666128908,0.0481448763250883,24.265017667844525,4.814487632508834,2264,-1.172,False,False,True,False,True,1,False
trade_balance,0,1,night,trade_balance|off0|h1|night,1,0.5068587860575372,0.2729771831130482,0.2816740385690494,0.8692196565813217,0.8,-0.2319906041221902,10,0.057360302439421,0.0481448763250883,24.265017667844525,4.814487632508834,2264,1.191,True,True,True,False,True,3,False
trade_balance,0,2,c2c,trade_balance|off0|h2|c2c,1,0.0713028436904042,0.4829695431128769,0.2369064474530941,0.4231115854524677,0.7058823529411765,-1.4656256036575597,17,0.0503998068181987,0.0636392708666453,16.037096258394627,6.363927086664535,6254,0.792,False,True,True,False,True,2,False
trade_balance,0,2,o2o,trade_balance|off0|h2|o2o,1,0.1057208174912727,0.828701176793143,0.4093746240486799,0.5249336351643736,0.7058823529411765,-1.8552131057663088,17,0.0366671677045582,0.0636392708666453,16.037096258394627,6.363927086664535,6254,0.576,False,True,True,False,True,2,False
trade_balance,0,2,day,trade_balance|off0|h2|day,-1,0.0353054624905473,-0.4508298751167079,-0.1424562912312318,-0.2668972005691342,0.4705882352941176,-2.4259859341556447,17,-0.031873566821311,0.0636290967226219,16.03453237410072,6.36290967226219,6255,-0.501,False,False,True,False,True,1,False
trade_balance,0,2,ongap,trade_balance|off0|h2|ongap,-1,0.7157379463378559,-0.6138580696096293,-0.2671156207282661,-0.4543487698250871,0.4,-2.16980603924479,10,-0.1185317830661943,0.0962897526501766,24.37632508833922,9.628975265017669,2264,-1.231,False,False,True,False,True,1,False
trade_balance,0,2,night,trade_balance|off0|h2|night,1,0.2192907428253021,0.4190940719914736,0.3907487156766279,0.5652360547957325,0.7,-0.8272850124157834,10,0.1095434841255502,0.0962897526501766,24.37632508833922,9.628975265017669,2264,1.138,False,True,True,False,True,2,False
trade_balance,1,1,c2c,trade_balance|off1|h1|c2c,1,0.4126673956742767,0.4330910633238442,0.3961503549746792,0.6331811836853121,0.6470588235294118,-0.9258449159899236,17,0.0269077497096142,0.0318196354333226,16.037096258394627,3.181963543332268,6254,0.846,True,False,True,False,True,2,False
trade_balance,1,1,o2o,trade_balance|off1|h1|o2o,1,0.150401239402557,0.5613292992603858,0.3191912155007978,0.4264352260012908,0.7058823529411765,-1.4657850384873363,17,0.0164021131866608,0.0318196354333226,16.037096258394627,3.181963543332268,6254,0.515,False,True,True,False,True,2,False
trade_balance,1,1,day,trade_balance|off1|h1|day,-1,0.1548652053440925,-0.0332438790330471,0.0886634441728504,0.0663218679658818,0.6470588235294118,-1.9680509710476588,17,-0.01818991432727,0.0318145483613109,16.03453237410072,3.181454836131095,6255,-0.572,False,False,True,False,True,1,False
trade_balance,1,1,ongap,trade_balance|off1|h1|ongap,-1,0.6994772256053776,-0.141394156998816,0.1578999735669893,-0.2330165488673115,0.4,-1.5668108457882368,10,-0.0615733726559464,0.0481448763250883,24.37632508833922,4.814487632508834,2264,-1.279,False,False,True,False,True,1,False
trade_balance,1,1,night,trade_balance|off1|h1|night,-1,-0.150980185062538,-0.4262254812930821,-0.3838224679687516,-0.469006366320002,0.3,-2.87936564944452,10,-0.052375439953097,0.0481448763250883,24.37632508833922,4.814487632508834,2264,-1.088,False,False,True,False,True,1,False
trade_balance,1,2,c2c,trade_balance|off1|h2|c2c,1,0.1891200727357051,0.205161458430073,0.1866877922097995,0.2412209524642342,0.5294117647058824,-1.0398913400945735,17,0.0429190738920187,0.0636392708666453,16.037096258394627,6.363927086664535,6254,0.674,False,False,True,False,True,1,False
trade_balance,1,2,o2o,trade_balance|off1|h2|o2o,1,0.1129457816815155,0.1448689330019809,0.1200335534681701,0.2331181124267384,0.5882352941176471,-1.7020271999305274,17,0.036360794288795,0.0636392708666453,16.037096258394627,6.363927086664535,6254,0.571,False,False,True,False,True,1,False
trade_balance,1,2,day,trade_balance|off1|h2|day,-1,0.0635262128230705,0.067249639887632,0.0644051636298146,0.0632103489965479,0.5294117647058824,-1.8381196460448508,17,-0.0331551441026779,0.0636290967226219,16.03453237410072,6.36290967226219,6255,-0.521,False,False,True,False,True,1,False
trade_balance,1,2,ongap,trade_balance|off1|h2|ongap,-1,0.3279907235479601,-0.442614277316573,-0.2089825742136244,-0.4268564450468672,0.3,-2.0103932296918208,10,-0.0927093931973767,0.0967314487632508,24.37632508833922,9.673144876325088,2264,-0.958,False,False,True,False,True,1,False
trade_balance,1,2,night,trade_balance|off1|h2|night,1,0.4538374448080932,0.5546945509111153,0.5343171192715942,0.542400440339498,0.8,-1.7285210054121145,10,0.1455954038644604,0.0967314487632508,24.37632508833922,9.673144876325088,2264,1.505,False,True,True,False,True,2,False
trade_balance,2,1,c2c,trade_balance|off2|h1|c2c,-1,0.0767841133984327,0.1777765582213541,0.1149438072426387,0.0509111709400682,0.5294117647058824,-1.5781662384184827,17,-0.0159728075692888,0.0318196354333226,16.037096258394627,3.181963543332268,6254,-0.502,False,False,True,False,True,1,False
trade_balance,2,1,o2o,trade_balance|off2|h1|o2o,1,-0.0950418616724895,-0.3683358000137817,-0.2092789607274075,-0.1624310448393908,0.4117647058823529,-1.4754979450570684,17,0.0200109488492662,0.0318196354333226,16.037096258394627,3.181963543332268,6254,0.629,False,False,True,False,True,1,False
trade_balance,2,1,day,trade_balance|off2|h1|day,1,-0.0497995741945528,-0.2571836942177889,-0.1220813064747678,-0.2075331178617031,0.5294117647058824,-1.37803006710884,17,0.0150013843748887,0.0318145483613109,16.03453237410072,3.181454836131095,6255,0.472,False,False,True,False,True,1,False
trade_balance,2,1,ongap,trade_balance|off2|h1|ongap,1,1.1843443837223762,0.2414430254289557,0.3276403859848165,0.0837406435779235,0.7,-2.188713978593926,10,0.031356025484415,0.0485865724381625,24.48763250883392,4.858657243816254,2264,0.645,False,True,True,False,True,2,False
trade_balance,2,1,night,trade_balance|off2|h1|night,1,1.0056503792272549,0.4514049875581872,0.4641892028089231,0.6624280152844189,0.7,-1.2828410942663495,10,0.0931674896469207,0.0485865724381625,24.48763250883392,4.858657243816254,2264,1.918,True,True,True,False,True,3,False
trade_balance,2,2,c2c,trade_balance|off2|h2|c2c,-1,0.1439750411204867,-0.1537691777582137,0.0176740853553104,-0.0478647641819136,0.5882352941176471,-1.9281645300641488,17,-0.0382187468360001,0.0636392708666453,16.037096258394627,6.363927086664535,6254,-0.601,False,False,True,False,True,1,False
trade_balance,2,2,o2o,trade_balance|off2|h2|o2o,-1,0.0335303444634783,-0.3517198724334119,-0.1350380218974383,-0.2442082780018649,0.4117647058823529,-2.1413956915310486,17,-0.0396258289989154,0.0636392708666453,16.037096258394627,6.363927086664535,6254,-0.623,False,False,True,False,True,1,False
trade_balance,2,2,day,trade_balance|off2|h2|day,-1,-0.001093613059979,-0.0782716440360775,-0.0320025628688256,-0.0749257736134104,0.3529411764705882,-1.1054913173916197,17,-0.0315275143870337,0.0636290967226219,16.03453237410072,6.36290967226219,6255,-0.495,False,False,True,False,True,1,False
trade_balance,2,2,ongap,trade_balance|off2|h2|ongap,1,1.0691947841544598,-0.0942268222982309,0.0913284336028508,-0.0378306803338713,0.5,-1.2402238612964631,10,0.0583739484740249,0.097173144876325,24.48763250883392,9.717314487632509,2264,0.601,False,False,True,False,True,1,False
trade_balance,2,2,night,trade_balance|off2|h2|night,1,0.8808227565538831,0.1111845327193788,0.1586588665775576,0.2335840009475186,0.5,-1.4510401299017983,10,0.159014936900396,0.097173144876325,24.48763250883392,9.717314487632509,2264,1.636,False,False,True,False,False,1,False
umich_sentiment,-2,1,c2c,umich_sentiment|off-2|h1|c2c,1,0.4672580616520126,0.6542360434673934,0.518464247094593,0.8420363761026792,0.8235294117647058,-0.9663480463615928,17,0.0219157138478637,0.0314998401023345,15.87591941157659,3.1499840102334504,6254,0.696,True,True,True,False,True,3,False
umich_sentiment,-2,1,o2o,umich_sentiment|off-2|h1|o2o,-1,-0.0655966377766981,-0.2685796704895371,-0.1518824919697189,-0.3216963372533184,0.2941176470588235,-1.9683298345617275,17,-0.0248349595534165,0.0314998401023345,15.87591941157659,3.1499840102334504,6254,-0.788,False,False,True,False,True,1,False
umich_sentiment,-2,1,day,umich_sentiment|off-2|h1|day,-1,0.1395907760848145,0.2538139090516633,0.180509685383832,0.1388493541495026,0.6470588235294118,-1.7165364869828077,17,-0.0175214625304805,0.0314948041566746,15.873381294964028,3.1494804156674663,6255,-0.556,False,False,True,False,True,1,False
umich_sentiment,-2,1,ongap,umich_sentiment|off-2|h1|ongap,-1,-0.8172409065837289,-0.0056192457589802,-0.0473914642257174,-0.5039575683588468,0.3,-1.3698533335570904,10,-0.0317957950798238,0.0481448763250883,24.265017667844525,4.814487632508834,2264,-0.66,False,False,True,False,True,1,False
umich_sentiment,-2,1,night,umich_sentiment|off-2|h1|night,-1,0.0159199227325455,-0.5885876764922692,-0.5122537588774739,-0.7501511783825844,0.3,-1.6080385653755431,10,-0.0484047641030406,0.0481448763250883,24.265017667844525,4.814487632508834,2264,-1.005,False,False,True,False,True,1,False
umich_sentiment,-2,2,c2c,umich_sentiment|off-2|h2|c2c,1,0.5220199487593948,1.0816721126016458,0.7331982974880249,0.9557448330408124,0.8235294117647058,-0.4458845452485951,17,0.0371330680616309,0.062999680204669,15.87591941157659,6.299968020466901,6254,0.589,True,True,True,False,True,3,False
umich_sentiment,-2,2,o2o,umich_sentiment|off-2|h2|o2o,1,0.3286530882303941,0.6146334361302918,0.4329793339385075,0.7428743150336065,0.7058823529411765,-0.7714512264041767,17,0.0402812065936888,0.062999680204669,15.87591941157659,6.299968020466901,6254,0.639,True,True,True,False,True,3,False
umich_sentiment,-2,2,day,umich_sentiment|off-2|h2|day,1,0.0473012611156967,-0.0087367021673282,0.0244634472758328,0.0848804853191299,0.4705882352941176,-1.292694416278785,17,0.0320858254929795,0.0629896083133493,15.873381294964028,6.298960831334933,6255,0.509,False,False,True,False,True,1,False
umich_sentiment,-2,2,ongap,umich_sentiment|off-2|h2|ongap,1,0.1547617545397549,0.2128313665054537,0.2006735684337083,0.2291408719467109,0.6,-1.8348571536149088,10,0.1583177336857278,0.0962897526501766,24.042402826855124,9.628975265017669,2264,1.644,False,False,True,False,False,1,False
umich_sentiment,-2,2,night,umich_sentiment|off-2|h2|night,1,-0.149269788461728,0.4986430505500315,0.4267504518561323,0.7105220574845978,0.7,-0.4976754744743332,10,0.0877452653279841,0.0962897526501766,24.042402826855124,9.628975265017669,2264,0.911,True,True,True,False,True,3,False
umich_sentiment,-1,1,c2c,umich_sentiment|off-1|h1|c2c,1,0.1664009006273862,0.8546356968597494,0.4280825754311473,0.3165259452972475,0.5294117647058824,-2.255271433092012,17,0.0151607998980504,0.0314998401023345,15.87591941157659,3.1499840102334504,6254,0.481,False,False,True,False,True,1,False
umich_sentiment,-1,1,o2o,umich_sentiment|off-1|h1|o2o,1,0.5513511261186201,0.7346159892784764,0.5988200356180937,0.6884324987439004,0.7058823529411765,-1.4124219631036117,17,0.0154195311851288,0.0314998401023345,15.87591941157659,3.1499840102334504,6254,0.49,True,True,True,False,True,3,False
umich_sentiment,-1,1,day,umich_sentiment|off-1|h1|day,1,0.3733684971588125,0.3656986097936751,0.3600839451632299,0.3549905593848492,0.5294117647058824,-1.792492205345524,17,0.0144647757332195,0.0314948041566746,15.873381294964028,3.1494804156674663,6255,0.459,False,False,True,False,True,1,False
umich_sentiment,-1,1,ongap,umich_sentiment|off-1|h1|ongap,1,0.2758171913050841,0.3451725908327578,0.3273783780314234,0.4446943592164826,0.7,-1.3752987307611595,10,0.1263068547845351,0.0481448763250883,24.042402826855124,4.814487632508834,2264,2.623,False,True,True,False,True,2,False
umich_sentiment,-1,1,night,umich_sentiment|off-1|h1|night,1,0.1747731616483812,0.2093849270906641,0.1983721822036143,0.4867775794538126,0.6,-1.100119270443007,10,0.0394379157501512,0.0481448763250883,24.042402826855124,4.814487632508834,2264,0.819,False,False,True,False,True,1,False
umich_sentiment,-1,2,c2c,umich_sentiment|off-1|h2|c2c,1,0.2100669266167966,1.1039053099433136,0.55883865019503,0.4792242707980519,0.7058823529411765,-1.8038113809575087,17,0.0321356721829227,0.062999680204669,15.87591941157659,6.299968020466901,6254,0.51,False,True,True,False,True,2,False
umich_sentiment,-1,2,o2o,umich_sentiment|off-1|h2|o2o,1,0.213522740633232,1.1063824097166488,0.5636484198692656,0.4810743789570687,0.6470588235294118,-1.7826733787846611,17,0.0353028106592498,0.062999680204669,15.87591941157659,6.299968020466901,6254,0.56,False,False,True,False,True,1,False
umich_sentiment,-1,2,day,umich_sentiment|off-1|h2|day,1,0.2823290274167917,0.6604520011926687,0.4167914908898014,0.3967300873624527,0.6470588235294118,-1.6916160922769372,17,0.0316267138150449,0.0629896083133493,15.873381294964028,6.298960831334933,6255,0.502,False,False,True,False,True,1,False
umich_sentiment,-1,2,ongap,umich_sentiment|off-1|h2|ongap,1,1.0421493572361662,0.5292648261059915,0.5466793721765655,0.926465466028274,0.8,-0.6336017821279026,10,0.1506683929377941,0.0954063604240282,24.265017667844525,9.540636042402827,2264,1.579,True,True,True,False,False,3,False
umich_sentiment,-1,2,night,umich_sentiment|off-1|h2|night,1,0.2673584368924092,0.4723928423394382,0.4413322580887347,0.7202584199897976,0.7,-0.6784626415047915,10,0.0667380044860322,0.0954063604240282,24.265017667844525,9.540636042402827,2264,0.7,True,True,True,False,True,3,False
umich_sentiment,0,1,c2c,umich_sentiment|off0|h1|c2c,1,0.0240959127577969,0.639321988058499,0.2739336357519296,0.3506775584180056,0.5882352941176471,-0.9205041584089028,17,0.0169562324379048,0.0314998401023345,15.87591941157659,3.1499840102334504,6254,0.538,False,False,True,False,True,1,False
umich_sentiment,0,1,o2o,umich_sentiment|off0|h1|o2o,-1,0.0517879901774061,-0.9029177619644024,-0.3039620597135399,-0.2927158557200316,0.4117647058823529,-2.475447491181088,17,-0.0199452724932239,0.0314998401023345,15.87591941157659,3.1499840102334504,6254,-0.633,False,False,True,False,True,1,False
umich_sentiment,0,1,day,umich_sentiment|off0|h1|day,1,-0.0516680156122452,0.4597383001412806,0.1202209475629404,0.0943380859716294,0.5294117647058824,-2.480039938321111,17,0.0171159436362864,0.0314948041566746,15.873381294964028,3.1494804156674663,6255,0.543,False,False,True,False,True,1,False
umich_sentiment,0,1,ongap,umich_sentiment|off0|h1|ongap,1,0.9764517362086566,0.2833319875640464,0.3357984570533365,0.470679863486696,0.6,-1.0677306463792549,10,0.0240511716428852,0.0472614840989399,24.042402826855124,4.726148409893993,2264,0.509,False,False,True,False,True,1,False
umich_sentiment,0,1,night,umich_sentiment|off0|h1|night,1,-0.1532430437607193,0.3521864346906418,0.2987512624878686,0.0901742938454752,0.4,-1.2188525628625146,10,0.0272707485163062,0.0472614840989399,24.042402826855124,4.726148409893993,2264,0.577,False,False,True,False,True,1,False
umich_sentiment,0,2,c2c,umich_sentiment|off0|h2|c2c,1,-0.0370387726766245,0.6600243563346537,0.2713358910837672,0.37584987277181,0.7058823529411765,-1.0905766823251808,17,0.0417994976240005,0.062999680204669,15.87591941157659,6.299968020466901,6254,0.663,False,True,True,False,True,2,False
umich_sentiment,0,2,o2o,umich_sentiment|off0|h2|o2o,1,0.1053505472224329,0.8048050656892908,0.3990269324907609,0.3955091470996766,0.5882352941176471,-1.441576821965241,17,0.0414287762354007,0.062999680204669,15.87591941157659,6.299968020466901,6254,0.658,False,False,True,False,True,1,False
umich_sentiment,0,2,day,umich_sentiment|off0|h2|day,1,0.2651325580054471,0.6458739107051208,0.3932986526712608,0.3806428136263086,0.6470588235294118,-2.259089049498604,17,0.0279461276627568,0.0629896083133493,15.873381294964028,6.298960831334933,6255,0.444,False,False,True,False,True,1,False
umich_sentiment,0,2,ongap,umich_sentiment|off0|h2|ongap,1,0.2801357012797721,0.4596460705312128,0.4330988049455482,0.3987853026004055,0.7,-1.592233705347916,10,0.0401533001010806,0.0954063604240282,24.042402826855124,9.540636042402827,2264,0.421,False,True,True,False,True,2,False
umich_sentiment,0,2,night,umich_sentiment|off0|h2|night,-1,0.0108680099212187,-0.7096030065345329,-0.6222276327037614,-0.4646366583442418,0.4,-2.651829081743849,10,-0.0764188448292274,0.0954063604240282,24.042402826855124,9.540636042402827,2264,-0.801,False,False,True,False,True,1,False
umich_sentiment,1,1,c2c,umich_sentiment|off1|h1|c2c,-1,-0.0311720113246532,-0.4049091606441452,-0.2002096672005359,-0.2521295279177461,0.4117647058823529,-2.975075015093718,17,-0.024834578709764,0.0314998401023345,15.87591941157659,3.1499840102334504,6254,-0.788,False,False,True,False,True,1,False
umich_sentiment,1,1,o2o,umich_sentiment|off1|h1|o2o,1,0.3830920849223548,0.3822700536621165,0.3393667944522783,0.4792229465109921,0.7647058823529411,-1.5586978756019814,17,0.0214829383418157,0.0314998401023345,15.87591941157659,3.1499840102334504,6254,0.682,False,True,True,False,True,2,False
umich_sentiment,1,1,day,umich_sentiment|off1|h1|day,1,0.3529726442866045,0.3137463766609246,0.337154444394355,0.3900210504766979,0.6470588235294118,-1.2740336993324368,17,0.0107447863785542,0.0314948041566746,15.873381294964028,3.1494804156674663,6255,0.341,False,False,True,False,True,1,False
umich_sentiment,1,1,ongap,umich_sentiment|off1|h1|ongap,-1,-0.1880166718756902,-0.708598272966104,-0.6224136176075294,-0.5290414607891626,0.4,-2.059545785780926,10,-0.0160019898335318,0.0481448763250883,24.265017667844525,4.814487632508834,2264,-0.332,False,False,True,False,True,1,False
umich_sentiment,1,1,night,umich_sentiment|off1|h1|night,-1,0.131722003731791,-0.5197815965780755,-0.4396926053558593,-0.5486920577779899,0.3,-2.194998805894709,10,-0.0491187560933464,0.0481448763250883,24.265017667844525,4.814487632508834,2264,-1.02,False,False,True,False,True,1,False
umich_sentiment,1,2,c2c,umich_sentiment|off1|h2|c2c,1,0.0486560411058393,0.2693423136902989,0.1429696865508997,0.3485865206055999,0.7058823529411765,-2.01024053560909,17,0.0503614714540492,0.062999680204669,15.87591941157659,6.299968020466901,6254,0.799,False,True,True,False,True,2,False
umich_sentiment,1,2,o2o,umich_sentiment|off1|h2|o2o,1,0.1514765083754492,0.3678647335266554,0.2354489623094154,0.4883126414862686,0.7647058823529411,-1.7764972415867408,17,0.0438657649376359,0.062999680204669,15.87591941157659,6.299968020466901,6254,0.696,False,True,True,False,True,2,False
umich_sentiment,1,2,day,umich_sentiment|off1|h2|day,1,0.0969610986499277,0.3318303167053889,0.1829812449762579,0.3645305155746736,0.6470588235294118,-1.266227409464238,17,0.0261747385900594,0.0629896083133493,15.873381294964028,6.298960831334933,6255,0.416,False,False,True,False,True,1,False
umich_sentiment,1,2,ongap,umich_sentiment|off1|h2|ongap,-1,0.3217979866988456,-0.1476193400671256,-0.1113309594005046,-0.395783851276421,0.4,-2.108914370620621,10,-0.1862533508006169,0.0962897526501766,24.153710247349824,9.628975265017669,2264,-1.934,False,False,True,False,False,1,False
umich_sentiment,1,2,night,umich_sentiment|off1|h2|night,1,0.2227684401237251,0.5553844831096575,0.511622566865518,0.5706896658874053,0.7,-1.38105744349686,10,0.0810899795005307,0.0962897526501766,24.153710247349824,9.628975265017669,2264,0.842,False,True,True,False,True,2,False
umich_sentiment,2,1,c2c,umich_sentiment|off2|h1|c2c,1,0.1295499501418477,0.021042827938066,0.0770575911526331,0.3214282353755302,0.5294117647058824,-1.354869053947917,17,0.025524458183756,0.0314998401023345,15.87591941157659,3.1499840102334504,6254,0.81,False,False,True,False,True,1,False
umich_sentiment,2,1,o2o,umich_sentiment|off2|h1|o2o,-1,-0.0145645765362253,-0.1794307160091135,-0.0733014729942957,-0.2746665690346153,0.3529411764705882,-1.5477167863501171,17,-0.0223980718134111,0.0314998401023345,15.87591941157659,3.1499840102334504,6254,-0.711,False,False,True,False,True,1,False
umich_sentiment,2,1,day,umich_sentiment|off2|h1|day,-1,0.0570998112505905,-0.2870681199667651,-0.0784151587763266,-0.2485081692222946,0.3529411764705882,-2.1910321084411897,17,-0.0154588977863152,0.0314948041566746,15.873381294964028,3.1494804156674663,6255,-0.491,False,False,True,False,True,1,False
umich_sentiment,2,1,ongap,umich_sentiment|off2|h1|ongap,-1,0.1597164958330988,-0.0438539998636375,-0.0324119202758644,-0.5042571684703522,0.5,-1.7132224940926777,10,-0.1701512223424215,0.0481448763250883,24.153710247349824,4.814487632508834,2264,-3.534,False,False,True,False,False,1,False
umich_sentiment,2,1,night,umich_sentiment|off2|h1|night,1,1.2704860650173408,0.3675464019002862,0.41436442666711,0.4226500264775702,0.8,-2.390939715921703,10,0.0319505210564847,0.0481448763250883,24.153710247349824,4.814487632508834,2264,0.664,False,True,True,False,True,2,False
umich_sentiment,2,2,c2c,umich_sentiment|off2|h2|c2c,1,0.4041020001303725,-0.0399617774619793,0.1852537774796914,0.424221480490079,0.7058823529411765,-1.6496018631795395,17,0.0581966803071276,0.062999680204669,15.87591941157659,6.299968020466901,6254,0.924,False,True,True,False,True,2,False
umich_sentiment,2,2,o2o,umich_sentiment|off2|h2|o2o,1,0.1410977105810539,-0.0624755348526038,0.0547476587392077,0.2542057681079907,0.6470588235294118,-2.02968014750273,17,0.0487800528680543,0.062999680204669,15.87591941157659,6.299968020466901,6254,0.774,False,False,True,False,True,1,False
umich_sentiment,2,2,day,umich_sentiment|off2|h2|day,1,-0.0591233368522735,0.1550802951559901,0.0310079983448598,0.1469340064906157,0.4705882352941176,-1.905559035234196,17,0.0309219206906746,0.0629896083133493,15.873381294964028,6.298960831334933,6255,0.491,False,False,True,False,True,1,False
umich_sentiment,2,2,ongap,umich_sentiment|off2|h2|ongap,-1,-0.4229850842713981,0.0345205793827129,0.0108282313259198,-0.1679019950730852,0.5,-2.08506612012483,10,-0.2163736178736945,0.0958480565371024,24.265017667844525,9.584805653710248,2264,-2.257,False,False,True,False,False,1,False
umich_sentiment,2,2,night,umich_sentiment|off2|h2|night,1,1.8783550055101332,0.603631111828922,0.710107515432567,0.828686612697998,0.9,-1.7508107674979425,10,0.0816159102645062,0.0958480565371024,24.265017667844525,9.584805653710248,2264,0.852,True,True,True,False,True,3,False
