signal,dim,state,window,sign,enabled,pre_normalized,recommended,first,n_bars,n_episodes,SR_net,SR_gross,ann_ret_net_pct,hit_rate,beta,mean_pos,held_pct
lt_top10_bsdiff_selftanh_w15,ALL,all,full,1,True,False,c2c,2009-04-01,4275,1,0.7471471077763171,0.8375238856329769,10.167938941269057,0.511983082706767,-0.06769620212621281,-0.002706326597112275,99.55555555555556
lt_top10_bsdiff_selftanh_w15,igrea,igrea_high,full,1,True,False,c2c,2009-04-01,2262,30,1.0230952166735003,1.1111683937980197,13.588835500562771,0.5272727272727272,-0.12952286959366474,0.018526966367605063,99.69053934571176
lt_top10_bsdiff_selftanh_w15,igrea,igrea_low,full,1,True,False,c2c,2009-04-01,2013,29,0.45278633695608045,0.5457646531240198,6.323891242748246,0.4947526236881559,-0.007443398798925649,-0.02656609246208527,99.40387481371089
lt_top10_bsdiff_selftanh_w15,igrea,igrea_high,IS,1,True,False,c2c,2009-04-01,1275,19,0.9677983514302166,1.0724510587504417,12.5164239893902,0.5239591516103692,-0.18024977759874827,0.026459091426517815,99.84313725490196
lt_top10_bsdiff_selftanh_w15,igrea,igrea_low,IS,1,True,False,c2c,2009-04-01,1140,19,0.008736389519592902,0.14300440505066284,0.0938853095641902,0.47791519434628976,-0.019943611851650778,-0.04338193168072882,99.29824561403508
lt_top10_bsdiff_selftanh_w15,igrea,igrea_high,OOS,1,True,False,c2c,2009-04-01,987,11,1.090922727561483,1.1588480211156496,14.974169519554698,0.5315682281059063,-0.06841273254847248,0.008280300258067341,99.49341438703141
lt_top10_bsdiff_selftanh_w15,igrea,igrea_low,OOS,1,True,False,c2c,2009-04-01,873,11,0.8365213882222711,0.9007390597522359,14.459294179552169,0.5166858457997698,-0.001564767135739634,-0.004607264616433881,99.5418098510882
lt_top10_bsdiff_selftanh_w15,stlfsi,stress_on,full,1,True,False,c2c,2009-04-01,1589,74,1.139171784324719,1.2238983380715138,16.37609335557676,0.5335018963337548,0.002550050722901897,0.09669839614603992,99.55947136563876
lt_top10_bsdiff_selftanh_w15,stlfsi,stress_off,full,1,True,False,c2c,2009-04-01,2686,75,0.49462067129226406,0.5888782334522781,6.495281694681212,0.4992520568436799,-0.1178057359422598,-0.06151276905387655,99.55323901712583
lt_top10_bsdiff_selftanh_w15,stlfsi,stress_on,IS,1,True,False,c2c,2009-04-01,864,39,0.7452392797520949,0.8546140577375834,9.331014095943637,0.5290697674418605,0.04354397713506967,0.10600450788164384,99.53703703703704
lt_top10_bsdiff_selftanh_w15,stlfsi,stress_off,IS,1,True,False,c2c,2009-04-01,1551,39,0.4436802910488739,0.5648404190192625,5.160202231128547,0.487378640776699,-0.22183867258573667,-0.06918630261570659,99.61315280464217
lt_top10_bsdiff_selftanh_w15,stlfsi,stress_on,OOS,1,True,False,c2c,2009-04-01,725,36,1.5191977000705281,1.5827877131879664,24.771884362918858,0.538781163434903,-0.027493598036302747,0.08560807816043745,99.58620689655172
lt_top10_bsdiff_selftanh_w15,stlfsi,stress_off,OOS,1,True,False,c2c,2009-04-01,1135,36,0.5566402707682799,0.6237876096319782,8.31969424795891,0.5155004428697962,-0.028799826156236517,-0.05102673332312904,99.47136563876651
lt_top10_bsdiff_selftanh_w15,epu,epu_high,full,1,True,False,c2c,2009-04-01,1991,37,0.7068555720780165,0.7960955449004972,9.796646044570387,0.5149065184436584,0.0518136994358016,0.011233784864643347,99.39728779507784
lt_top10_bsdiff_selftanh_w15,epu,epu_low,full,1,True,False,c2c,2009-04-01,2284,38,0.7835469491724737,0.8749686245230327,10.49160100664867,0.5094422485726834,-0.18228462630306808,-0.01485814880392289,99.69352014010508
lt_top10_bsdiff_selftanh_w15,epu,epu_high,IS,1,True,False,c2c,2009-04-01,1152,21,0.4928558740506684,0.6038745193301397,6.222058960056652,0.506108202443281,-0.1140596460859851,-0.03238998597640706,99.47916666666666
lt_top10_bsdiff_selftanh_w15,epu,epu_low,IS,1,True,False,c2c,2009-04-01,1263,21,0.6226553455394901,0.7453985089033232,7.044859792074755,0.4988085782366958,-0.12182214541072815,0.017096756371813373,99.68329374505146
lt_top10_bsdiff_selftanh_w15,epu,epu_high,OOS,1,True,False,c2c,2009-04-01,839,17,0.9550327277953422,1.020587938626475,14.704779919850273,0.5270108043217286,0.20709137858944354,0.07113197796224774,99.28486293206198
lt_top10_bsdiff_selftanh_w15,epu,epu_low,OOS,1,True,False,c2c,2009-04-01,1021,17,0.9469868604047811,1.0124543429114732,14.755297533589765,0.5225933202357563,-0.22345575208369203,-0.05438708635236061,99.70617042115573
lt_top10_bsdiff_selftanh_w15,nfci,nfci_tight,full,1,True,False,c2c,2009-04-01,1739,27,1.0544133186089952,1.1354733276702134,16.180118526401703,0.5341040462427745,0.0032758989158889235,0.051732046353584506,99.48246118458884
lt_top10_bsdiff_selftanh_w15,nfci,nfci_loose,full,1,True,False,c2c,2009-04-01,2536,28,0.49252719479526685,0.5919203821227274,6.045233776227387,0.49683293745051466,-0.14613305194280898,-0.040036109941458384,99.60567823343848
lt_top10_bsdiff_selftanh_w15,nfci,nfci_tight,IS,1,True,False,c2c,2009-04-01,954,15,0.5188463832756534,0.6354828485046939,6.464173140605893,0.5142255005268704,-0.007623683956921857,0.029817271609977818,99.47589098532494
lt_top10_bsdiff_selftanh_w15,nfci,nfci_loose,IS,1,True,False,c2c,2009-04-01,1461,15,0.5831637866126669,0.6999710066803906,6.775255758547336,0.4945054945054945,-0.203422295888515,-0.03022979990632409,99.65776865160849
lt_top10_bsdiff_selftanh_w15,nfci,nfci_tight,OOS,1,True,False,c2c,2009-04-01,785,13,1.535297623004742,1.5895121735099618,27.987776995254187,0.558258642765685,0.00930773364431403,0.07836477897192946,99.49044585987261
lt_top10_bsdiff_selftanh_w15,nfci,nfci_loose,OOS,1,True,False,c2c,2009-04-01,1075,13,0.38520190487658346,0.46401614210779973,5.05308297048837,0.5,-0.08236546797285342,-0.05336356944037113,99.53488372093024
lt_top10_bsdiff_selftanh_w15,stlfsi_lvl,stress_on_lvl,full,1,True,False,c2c,2009-04-01,1186,40,0.9951141225853126,1.0945061486286505,15.074807675929724,0.5258693808312129,-0.14376032627321683,0.05337905824506398,99.4097807757167
lt_top10_bsdiff_selftanh_w15,stlfsi_lvl,stress_off_lvl,full,1,True,False,c2c,2009-04-01,3089,40,0.6387014072400302,0.72537941515279,8.283980922716918,0.506662333441664,-0.02701969584020442,-0.024239918834995423,99.61152476529621
lt_top10_bsdiff_selftanh_w15,stlfsi_lvl,stress_on_lvl,IS,1,True,False,c2c,2009-04-01,921,26,0.6558267575289278,0.7646886684687527,9.508601129392106,0.5109170305676856,-0.09555361253280248,0.029672283348973292,99.45711183496199
lt_top10_bsdiff_selftanh_w15,stlfsi_lvl,stress_off_lvl,IS,1,True,False,c2c,2009-04-01,1494,25,0.485508380408085,0.6127627644789205,4.891598526911344,0.49697783747481533,-0.1470311423567537,-0.028814078655706198,99.66532797858099
lt_top10_bsdiff_selftanh_w15,stlfsi_lvl,stress_on_lvl,OOS,1,True,False,c2c,2009-04-01,265,15,2.0019391172835173,2.0750173335731934,34.42000099427368,0.5779467680608364,-0.2602252347589316,0.1357712834499679,99.24528301886792
lt_top10_bsdiff_selftanh_w15,stlfsi_lvl,stress_off_lvl,OOS,1,True,False,c2c,2009-04-01,1595,15,0.7545564504002763,0.8188272281547198,11.461547881546712,0.5157430730478589,0.024124059016810407,-0.019955408006066343,99.56112852664577
lt_top10_bsdiff_selftanh_w15,nfci_lvl,nfci_tight_lvl,full,1,True,False,c2c,2009-04-01,205,2,0.8308927362977077,0.9217813903817662,15.798423334926898,0.5147058823529411,-0.2548795830980688,-0.018981671729356827,99.51219512195122
lt_top10_bsdiff_selftanh_w15,nfci_lvl,nfci_loose_lvl,full,1,True,False,c2c,2009-04-01,4070,2,0.7442054901789192,0.8349188121330325,9.884339604487764,0.5118460019743336,-0.0474106551435109,-0.001886561056053271,99.55773955773955
lt_top10_bsdiff_selftanh_w15,nfci_lvl,nfci_tight_lvl,IS,1,True,False,c2c,2009-04-01,168,1,0.6508477815739852,0.748088823608291,12.330870874965974,0.5059523809523809,-0.26510709351756095,-0.06517090151653095,100.0
lt_top10_bsdiff_selftanh_w15,nfci_lvl,nfci_loose_lvl,IS,1,True,False,c2c,2009-04-01,2247,1,0.5528347212392618,0.6736959928344823,6.227807535550244,0.5020116227089853,-0.08729811945143562,-0.00212343083775855,99.5549621717846
lt_top10_bsdiff_selftanh_w15,nfci_lvl,nfci_tight_lvl,OOS,1,True,False,c2c,2009-04-01,37,1,1.6132555237079393,1.6759159943209867,31.542985855830548,0.5555555555555556,-0.23048089468214272,0.19074239865564993,97.2972972972973
lt_top10_bsdiff_selftanh_w15,nfci_lvl,nfci_loose_lvl,OOS,1,True,False,c2c,2009-04-01,1823,2,0.9340812422022907,0.9997171802059839,14.391321260495776,0.5239669421487604,-0.020614142838787937,-0.0015945992351581858,99.56116291826659
lt_top10npct_signth_w60,ALL,all,full,1,True,False,day,2009-03-24,4281,1,0.5614020197997446,0.6219539195695588,7.679504784757415,0.5001183431952663,-0.07986487417097227,-0.0056326286386156835,98.69189441719224
lt_top10npct_signth_w60,igrea,igrea_high,full,1,True,False,day,2009-03-24,2268,30,0.49461756582399374,0.5567394440018875,6.55377156612888,0.5058295964125561,-0.12367351847300571,0.01799487380790948,98.32451499118166
lt_top10npct_signth_w60,igrea,igrea_low,full,1,True,False,day,2009-03-24,2013,29,0.6323661188690126,0.6912970067551039,8.947842062377639,0.49373433583959897,-0.036083455878806674,-0.03225318281085567,99.10581222056632
lt_top10npct_signth_w60,igrea,igrea_high,IS,1,True,False,day,2009-03-24,1281,19,0.2501902246260029,0.32397794816158326,3.3049472074933104,0.5032102728731942,-0.15803488555529832,0.012455885800847154,97.26775956284153
lt_top10npct_signth_w60,igrea,igrea_low,IS,1,True,False,day,2009-03-24,1140,19,0.32259371712429924,0.4087952986683378,3.5720589568829784,0.4907161803713528,0.0016372706558288065,-0.07216712001753296,99.21052631578947
lt_top10npct_signth_w60,igrea,igrea_high,OOS,1,True,False,day,2009-03-24,987,11,0.8095260414333351,0.8565675511020397,10.770330840102702,0.5091463414634146,-0.08214930104457657,0.025183773136224396,99.69604863221885
lt_top10npct_signth_w60,igrea,igrea_low,OOS,1,True,False,day,2009-03-24,873,11,0.9196502409484766,0.958586779941003,15.967765018006407,0.4976851851851852,-0.0561486300592952,0.019868109761437696,98.96907216494846
lt_top10npct_signth_w60,stlfsi,stress_on,full,1,True,False,day,2009-03-24,1589,74,1.1312249919189077,1.1842049200179154,16.367206527499864,0.5309114085404716,-0.05722583475647572,0.13918004891882124,98.74134675896791
lt_top10npct_signth_w60,stlfsi,stress_off,full,1,True,False,day,2009-03-24,2692,75,0.1935379633576125,0.25909674621773643,2.5514371513184284,0.4819277108433735,-0.09574572839342795,-0.09111083987144157,98.6627043090639
lt_top10npct_signth_w60,stlfsi,stress_on,IS,1,True,False,day,2009-03-24,864,39,0.7264354051358565,0.7933178558124688,9.522901294738425,0.5312868949232585,0.14446364186596644,0.1430815264603321,98.0324074074074
lt_top10npct_signth_w60,stlfsi,stress_off,IS,1,True,False,day,2009-03-24,1557,39,0.004266568279602702,0.09061233420300702,0.050094967881522214,0.47843137254901963,-0.25036542620055663,-0.12198905971151529,98.26589595375722
lt_top10npct_signth_w60,stlfsi,stress_on,OOS,1,True,False,day,2009-03-24,725,36,1.5392653935385652,1.579114181908595,24.523730280749355,0.5304709141274239,-0.2029230318074648,0.13453056395900695,99.58620689655172
lt_top10npct_signth_w60,stlfsi,stress_off,OOS,1,True,False,day,2009-03-24,1135,36,0.400477321896306,0.44456122214613053,5.982793785337167,0.4866785079928952,0.039036137332953066,-0.048751907456468214,99.20704845814979
lt_top10npct_signth_w60,epu,epu_high,full,1,True,False,day,2009-03-24,1991,37,0.5062034885777914,0.559494464229141,7.206659309855751,0.49948979591836734,0.06841792823949136,0.07739926121310096,98.44299347061778
lt_top10npct_signth_w60,epu,epu_low,full,1,True,False,day,2009-03-24,2290,38,0.6139325036516367,0.6814182599873214,8.09061192035969,0.5006622516556292,-0.22067329595239027,-0.07782323680226978,98.90829694323145
lt_top10npct_signth_w60,epu,epu_high,IS,1,True,False,day,2009-03-24,1152,21,0.4236222800632994,0.48827572691789456,5.543106881185238,0.49600709849157054,-0.03176845125280079,0.017352611437199725,97.82986111111111
lt_top10npct_signth_w60,epu,epu_low,IS,1,True,False,day,2009-03-24,1269,21,0.13228368336644689,0.22611037293201164,1.513101226572209,0.4984,-0.1695851906194989,-0.0680100358429917,98.50275807722616
lt_top10npct_signth_w60,epu,epu_high,OOS,1,True,False,day,2009-03-24,839,17,0.6049809171176581,0.6456924582498098,9.490821881760912,0.5042016806722689,0.1624886496716767,0.1598471045287604,99.28486293206198
lt_top10npct_signth_w60,epu,epu_low,OOS,1,True,False,day,2009-03-24,1021,17,1.0805315602511216,1.1243486250565549,16.265794163666563,0.503448275862069,-0.2563587553968194,-0.0900200556243304,99.41234084231147
lt_top10npct_signth_w60,nfci,nfci_tight,full,1,True,False,day,2009-03-24,1739,27,0.9292674225865982,0.976859703108942,14.612643684182192,0.5226744186046511,-0.0342078295729595,0.041496672342166016,98.90741805635422
lt_top10npct_signth_w60,nfci,nfci_loose,full,1,True,False,day,2009-03-24,2542,28,0.2431684589124955,0.31619043161876664,2.9364959153240204,0.4846307385229541,-0.12949385820391693,-0.037874113455916784,98.54445318646735
lt_top10npct_signth_w60,nfci,nfci_tight,IS,1,True,False,day,2009-03-24,954,15,0.6324012126333838,0.699647351038439,8.186780759000921,0.5170940170940171,0.0527847282764901,-0.0036632056265489014,98.11320754716981
lt_top10npct_signth_w60,nfci,nfci_loose,IS,1,True,False,day,2009-03-24,1467,15,0.028697779525387653,0.11583667518881248,0.3378294066521111,0.48438584316446914,-0.211346524613313,-0.04282196928519068,98.22767552828903
lt_top10npct_signth_w60,nfci,nfci_tight,OOS,1,True,False,day,2009-03-24,785,13,1.2088925737224083,1.2412152541469197,22.421908946122233,0.5293367346938775,-0.08545819702133492,0.09637886798822214,99.87261146496816
lt_top10npct_signth_w60,nfci,nfci_loose,OOS,1,True,False,day,2009-03-24,1075,13,0.5194127172447855,0.574282491860999,6.4827691880883815,0.4849624060150376,-0.03754196368187958,-0.03112201624517744,98.97674418604652
lt_top10npct_signth_w60,stlfsi_lvl,stress_on_lvl,full,1,True,False,day,2009-03-24,1192,40,0.6620053335861287,0.7236845458597247,10.616139248608906,0.5203389830508475,-0.13840424366753984,0.002104796891736332,98.99328859060402
lt_top10npct_signth_w60,stlfsi_lvl,stress_off_lvl,full,1,True,False,day,2009-03-24,3089,40,0.5172941726589463,0.5778476912434366,6.546300420590699,0.4922824302134647,-0.048085253140162654,-0.008618388182862893,98.57559080608611
lt_top10npct_signth_w60,stlfsi_lvl,stress_on_lvl,IS,1,True,False,day,2009-03-24,927,26,0.4203093370454966,0.49218849872936427,6.394618552617154,0.5081967213114754,-0.05285287759080888,-0.001317434655040836,98.70550161812298
lt_top10npct_signth_w60,stlfsi_lvl,stress_off_lvl,IS,1,True,False,day,2009-03-24,1494,25,0.15953336952675748,0.24831135001950833,1.5916821856555727,0.4904240766073871,-0.15547558279354456,-0.043569789279705166,97.85809906291834
lt_top10npct_signth_w60,stlfsi_lvl,stress_on_lvl,OOS,1,True,False,day,2009-03-24,265,15,1.3623601273281551,1.395732433444821,25.3834965511914,0.5622641509433962,-0.34786805909162133,0.0140761502648021,100.0
lt_top10npct_signth_w60,stlfsi_lvl,stress_off_lvl,OOS,1,True,False,day,2009-03-24,1595,15,0.7597269207371561,0.8041147748994874,11.18717793970862,0.4939987365761213,-0.0027358634966694476,0.024119789396248315,99.24764890282131
lt_top10npct_signth_w60,nfci_lvl,nfci_tight_lvl,full,1,True,False,day,2009-03-24,211,2,-0.6309157795041167,-0.5582258996501943,-13.312769640974093,0.4976303317535545,-0.3326550104174335,-0.2206544499923085,100.0
lt_top10npct_signth_w60,nfci_lvl,nfci_loose_lvl,full,1,True,False,day,2009-03-24,4070,2,0.6651665780296393,0.725180370003987,8.76780205842556,0.5002491280518186,-0.0501148250475552,0.005514694286600328,98.62407862407862
lt_top10npct_signth_w60,nfci_lvl,nfci_tight_lvl,IS,1,True,False,day,2009-03-24,174,1,-0.64583048767099,-0.5651904113869654,-13.703256114727758,0.47126436781609193,-0.29817095070062827,-0.2660470304618561,100.0
lt_top10npct_signth_w60,nfci_lvl,nfci_loose_lvl,IS,1,True,False,day,2009-03-24,2247,1,0.4224111687570324,0.5029263039346643,4.757521650025882,0.49931911030413073,-0.05137439867774632,-0.008910700404423415,98.04183355585224
lt_top10npct_signth_w60,nfci_lvl,nfci_tight_lvl,OOS,1,True,False,day,2009-03-24,37,1,-0.551057565059696,-0.5174247839682855,-11.476427845483897,0.6216216216216216,-0.4691283334195956,-0.007186639135517032,100.0
lt_top10npct_signth_w60,nfci_lvl,nfci_loose_lvl,OOS,1,True,False,day,2009-03-24,1823,2,0.9011692131123832,0.943767683203267,13.710808135043266,0.5013804527885146,-0.049947285231832825,0.02329519997542662,99.34174437739989
month_turn_drift_d5_d10,ALL,all,full,1,True,True,c2c,2001-04-09,6253,1,0.6513679247404047,0.6759271787058004,12.505500543125903,0.5401716927140656,0.7292139368800606,0.7265312649928034,72.65312649928035
month_turn_drift_d5_d10,igrea,igrea_high,full,1,True,True,c2c,2001-04-09,3361,36,1.0500051187612052,1.0765466193422517,18.68274100096915,0.5538144329896907,0.7178151096705104,0.7215114549241297,72.15114549241297
month_turn_drift_d5_d10,igrea,igrea_low,full,1,True,True,c2c,2001-04-09,2833,36,0.2828868463135007,0.3052627853535279,5.8666758020133365,0.5260617760617761,0.7410740997673825,0.7313801623720437,73.13801623720437
month_turn_drift_d5_d10,igrea,igrea_high,IS,1,True,True,c2c,2001-04-09,2374,25,0.8203499972320529,0.8498623720086861,15.248932780843733,0.5445486518171161,0.7193382018615915,0.7186183656276327,71.86183656276327
month_turn_drift_d5_d10,igrea,igrea_low,IS,1,True,True,c2c,2001-04-09,1960,26,0.11928846853736975,0.1457118756277995,2.4494275980561984,0.5161744022503516,0.7244114784788698,0.7255102040816327,72.55102040816327
month_turn_drift_d5_d10,igrea,igrea_high,OOS,1,True,True,c2c,2001-04-09,987,11,1.7146562778805856,1.7328447593960155,26.941971714827034,0.5757997218358831,0.7127700726682497,0.7284701114488349,72.8470111448835
month_turn_drift_d5_d10,igrea,igrea_low,OOS,1,True,True,c2c,2001-04-09,873,11,0.6387619118581105,0.6523936104427513,13.538848172867851,0.5476923076923077,0.7787313966345157,0.7445589919816724,74.45589919816724
month_turn_drift_d5_d10,stlfsi,stress_on,full,1,True,True,c2c,2001-04-09,2373,113,0.4871897740942765,0.5097348705033776,10.269234270139037,0.5416420555227407,0.6865459963020699,0.7134428992836073,71.34428992836072
month_turn_drift_d5_d10,stlfsi,stress_off,full,1,True,True,c2c,2001-04-09,3821,114,0.8032108564725263,0.8290440153205189,14.405677081476354,0.5406562054208274,0.7720451017911859,0.7338393090813923,73.38393090813923
month_turn_drift_d5_d10,stlfsi,stress_on,IS,1,True,True,c2c,2001-04-09,1648,78,0.44440401237192995,0.46979250960172714,9.751052592992288,0.5355612682090831,0.6798426272060941,0.7081310679611651,70.81310679611651
month_turn_drift_d5_d10,stlfsi,stress_off,IS,1,True,True,c2c,2001-04-09,2686,78,0.5205730646620628,0.5507029662128129,9.282244914617229,0.5293217746047935,0.7659766100296388,0.7300819061801936,73.00819061801937
month_turn_drift_d5_d10,stlfsi,stress_on,OOS,1,True,True,c2c,2001-04-09,725,36,0.6029670447549191,0.6181929624244443,11.447114827294683,0.5551330798479087,0.7080732163435417,0.7255172413793104,72.55172413793105
month_turn_drift_d5_d10,stlfsi,stress_off,OOS,1,True,True,c2c,2001-04-09,1135,36,1.460553063028184,1.4763930412311521,26.530380870184377,0.5670225385527876,0.785796999633349,0.7427312775330397,74.27312775330397
month_turn_drift_d5_d10,epu,epu_high,full,1,True,True,c2c,2001-04-09,2914,52,0.6093611058976969,0.6323495278645632,12.63052054172055,0.5338345864661654,0.7400557600417964,0.730267673301304,73.02676733013041
month_turn_drift_d5_d10,epu,epu_low,full,1,True,True,c2c,2001-04-09,3280,53,0.7324906499618768,0.7584126497730419,12.990136644142499,0.5474883917264669,0.7183830390266045,0.7222560975609756,72.22560975609757
month_turn_drift_d5_d10,epu,epu_high,IS,1,True,True,c2c,2001-04-09,2075,36,0.40262616458966427,0.4285924211396447,8.538293466177722,0.5230153435623749,0.713490905489713,0.7224096385542169,72.2409638554217
month_turn_drift_d5_d10,epu,epu_low,IS,1,True,True,c2c,2001-04-09,2259,36,0.5797046861308202,0.6100482783677044,10.307607601414075,0.5395948434622467,0.7335140629357836,0.7211155378486056,72.11155378486056
month_turn_drift_d5_d10,epu,epu_high,OOS,1,True,True,c2c,2001-04-09,839,17,1.1673426969663712,1.1824365489657025,22.751344357872362,0.5596184419713831,0.8315092975722759,0.7497020262216925,74.97020262216924
month_turn_drift_d5_d10,epu,epu_low,OOS,1,True,True,c2c,2001-04-09,1021,17,1.0732533369326622,1.0892421046010785,18.9253306769765,0.5648648648648649,0.6863556744578176,0.7247796278158668,72.47796278158668
month_turn_drift_d5_d10,nfci,nfci_tight,full,1,True,True,c2c,2001-04-09,2810,37,0.26930245085676374,0.2914522446979158,5.888699141574433,0.5258748151798915,0.7158797611451024,0.7220640569395018,72.20640569395019
month_turn_drift_d5_d10,nfci,nfci_loose,full,1,True,True,c2c,2001-04-09,3384,38,1.1152625673737842,1.1425431330688656,18.5773464726764,0.553484602917342,0.7511225164485908,0.7293144208037825,72.93144208037825
month_turn_drift_d5_d10,nfci,nfci_tight,IS,1,True,True,c2c,2001-04-09,2025,25,0.21339554875746117,0.23878128668905965,4.654922107124704,0.5147766323024054,0.702103157717566,0.7185185185185186,71.85185185185186
month_turn_drift_d5_d10,nfci,nfci_loose,IS,1,True,True,c2c,2001-04-09,2309,25,0.7948421583525309,0.826072139311681,13.675022627538178,0.5463239689181112,0.75171051033426,0.7245560848852317,72.45560848852317
month_turn_drift_d5_d10,nfci,nfci_tight,OOS,1,True,True,c2c,2001-04-09,785,13,0.4120529466584576,0.425920256573338,9.071372383307814,0.554006968641115,0.7533315433657449,0.7312101910828025,73.12101910828025
month_turn_drift_d5_d10,nfci,nfci_loose,OOS,1,True,True,c2c,2001-04-09,1075,13,1.8897009726593625,1.9075688964342483,29.107082061908173,0.5685534591194968,0.749576294819349,0.7395348837209302,73.95348837209302
month_turn_drift_d5_d10,stlfsi_lvl,stress_on_lvl,full,1,True,True,c2c,2001-04-09,2212,42,0.6953277969973652,0.7199760289270538,16.500697906902257,0.5399120050282841,0.7042175470163172,0.719258589511754,71.9258589511754
month_turn_drift_d5_d10,stlfsi_lvl,stress_off_lvl,full,1,True,True,c2c,2001-04-09,4041,42,0.6372937524498026,0.6625820844596244,10.318572414278268,0.5403116531165312,0.76092881000332,0.7305122494432071,73.05122494432071
month_turn_drift_d5_d10,stlfsi_lvl,stress_on_lvl,IS,1,True,True,c2c,2001-04-09,1947,28,0.6256970423745085,0.6508119444820755,15.279883916897674,0.5323383084577115,0.7207860970631108,0.7226502311248074,72.26502311248075
month_turn_drift_d5_d10,stlfsi_lvl,stress_off_lvl,IS,1,True,True,c2c,2001-04-09,2446,27,0.28487313780800877,0.31949380668456956,4.102951910269251,0.5291454442558008,0.7208123129315754,0.722403924775143,72.2403924775143
month_turn_drift_d5_d10,stlfsi_lvl,stress_on_lvl,OOS,1,True,True,c2c,2001-04-09,265,15,1.42360332442189,1.4444501170486703,25.470225599501955,0.5978260869565217,0.5353884888133723,0.6943396226415094,69.43396226415094
month_turn_drift_d5_d10,stlfsi_lvl,stress_off_lvl,OOS,1,True,True,c2c,2001-04-09,1595,15,1.0677026617655816,1.082390210762299,19.850489500677053,0.5569620253164557,0.801764766733013,0.7429467084639498,74.29467084639498
month_turn_drift_d5_d10,nfci_lvl,nfci_tight_lvl,full,1,True,True,c2c,2001-04-09,591,3,0.3285676540680326,0.3477127837449906,9.630582459952064,0.5454545454545454,0.7103024410520994,0.7258883248730964,72.58883248730965
month_turn_drift_d5_d10,nfci_lvl,nfci_loose_lvl,full,1,True,True,c2c,2001-04-09,5662,4,0.7186299233257735,0.7445514665905307,12.805584716060508,0.5396208070004861,0.7347534093446726,0.7265983751324621,72.6598375132462
month_turn_drift_d5_d10,nfci_lvl,nfci_tight_lvl,IS,1,True,True,c2c,2001-04-09,554,2,0.15670407603250155,0.17588525697426735,4.683494505131995,0.5386533665835411,0.7285079990751309,0.723826714801444,72.3826714801444
month_turn_drift_d5_d10,nfci_lvl,nfci_loose_lvl,IS,1,True,True,c2c,2001-04-09,3839,3,0.5538563555528276,0.5850502927027708,9.687704715518423,0.5293905517490083,0.7177170296343366,0.7223235217504559,72.23235217504559
month_turn_drift_d5_d10,nfci_lvl,nfci_tight_lvl,OOS,1,True,True,c2c,2001-04-09,37,1,4.575320258782467,4.597571867920106,83.70319670239307,0.6428571428571429,0.34359150627325774,0.7567567567567568,75.67567567567568
month_turn_drift_d5_d10,nfci_lvl,nfci_loose_lvl,OOS,1,True,True,c2c,2001-04-09,1823,2,1.0477060380800662,1.0631536462446578,19.371432945397352,0.5607755406413124,0.7692103006330661,0.7356006582556226,73.56006582556226
nfci_loose_drift_d3_12,ALL,all,full,1,True,True,c2c,2001-04-09,6253,1,0.6631134065594322,0.6710296960461959,5.836952208979811,0.5558354324097398,0.1529185773149523,0.1904685750839597,19.04685750839597
nfci_loose_drift_d3_12,igrea,igrea_high,full,1,True,True,c2c,2001-04-09,3361,36,0.6731147057845592,0.6818536143295759,5.851590794110953,0.5419847328244275,0.17059024849834672,0.194882475453734,19.4882475453734
nfci_loose_drift_d3_12,igrea,igrea_low,full,1,True,True,c2c,2001-04-09,2833,36,0.7575064594341228,0.7643262829808731,6.462655773936646,0.5862068965517241,0.12543566545327184,0.17402047299682316,17.402047299682316
nfci_loose_drift_d3_12,igrea,igrea_high,IS,1,True,True,c2c,2001-04-09,2374,25,0.532902930480479,0.5428570599364662,5.150239100031926,0.5244360902255639,0.19398001155431074,0.22409435551811288,22.40943555181129
nfci_loose_drift_d3_12,igrea,igrea_low,IS,1,True,True,c2c,2001-04-09,1960,26,0.48806827342073095,0.49470198687611,3.670392098852693,0.5743801652892562,0.09722663638623749,0.12346938775510204,12.346938775510203
nfci_loose_drift_d3_12,igrea,igrea_high,OOS,1,True,True,c2c,2001-04-09,987,11,1.3177861384850538,1.3225040013169518,7.538529924550275,0.6178861788617886,0.09235781053117166,0.12462006079027356,12.462006079027356
nfci_loose_drift_d3_12,igrea,igrea_low,OOS,1,True,True,c2c,2001-04-09,873,11,1.2188529594674524,1.2262422509841948,12.731655548466486,0.5976095617529881,0.18895348682687046,0.28751431844215347,28.751431844215347
nfci_loose_drift_d3_12,stlfsi,stress_on,full,1,True,True,c2c,2001-04-09,2373,113,0.7063583582621341,0.7142848610187388,5.033834570720737,0.5870206489675516,0.07823065144759213,0.14285714285714285,14.285714285714285
nfci_loose_drift_d3_12,stlfsi,stress_off,full,1,True,True,c2c,2001-04-09,3821,114,0.7225540896540568,0.7304864731365797,6.812512700928848,0.5500618046971569,0.2127991893419532,0.21172467940329756,21.172467940329756
nfci_loose_drift_d3_12,stlfsi,stress_on,IS,1,True,True,c2c,2001-04-09,1648,78,0.36928486790909604,0.3776345813699766,2.6064597505597997,0.5502392344497608,0.07024390044021837,0.12682038834951456,12.682038834951456
nfci_loose_drift_d3_12,stlfsi,stress_off,IS,1,True,True,c2c,2001-04-09,2686,78,0.5831592513347825,0.5920027300486409,5.631120799815533,0.536283185840708,0.22437928373947313,0.2103499627699181,21.03499627699181
nfci_loose_drift_d3_12,stlfsi,stress_on,OOS,1,True,True,c2c,2001-04-09,725,36,1.4509043050528394,1.4579543190955988,10.551508644686564,0.6461538461538462,0.10313811802968142,0.1793103448275862,17.93103448275862
nfci_loose_drift_d3_12,stlfsi,stress_off,OOS,1,True,True,c2c,2001-04-09,1135,36,1.083541692126725,1.0891192018257654,9.608300054576741,0.5819672131147541,0.185639770684234,0.21497797356828194,21.497797356828194
nfci_loose_drift_d3_12,epu,epu_high,full,1,True,True,c2c,2001-04-09,2914,52,0.8920211922560615,0.8999578411458259,8.057862187952356,0.5787781350482315,0.1403147605429051,0.213452299245024,21.3452299245024
nfci_loose_drift_d3_12,epu,epu_low,full,1,True,True,c2c,2001-04-09,3280,53,0.5367535612432226,0.5445500701708348,4.419295747218375,0.5399239543726235,0.1543939039011421,0.1603658536585366,16.036585365853657
nfci_loose_drift_d3_12,epu,epu_high,IS,1,True,True,c2c,2001-04-09,2075,36,0.4937194157161975,0.5025334342571629,4.214139331331155,0.5521628498727735,0.11554998497036396,0.1893975903614458,18.93975903614458
nfci_loose_drift_d3_12,epu,epu_low,IS,1,True,True,c2c,2001-04-09,2259,36,0.5273733155224274,0.5357819561196807,4.726116434136753,0.5275590551181102,0.18593747515199532,0.16865869853917662,16.865869853917662
nfci_loose_drift_d3_12,epu,epu_high,OOS,1,True,True,c2c,2001-04-09,839,17,1.7320138110343335,1.7382672412482194,17.56408975349347,0.6244541484716157,0.22355020123592148,0.2729439809296782,27.29439809296782
nfci_loose_drift_d3_12,epu,epu_low,OOS,1,True,True,c2c,2001-04-09,1021,17,0.5904421471507617,0.5966686533117621,3.7404437082873097,0.5724137931034483,0.08801706711690765,0.14201762977473065,14.201762977473065
nfci_loose_drift_d3_12,nfci,nfci_tight,full,1,True,True,c2c,2001-04-09,2810,37,0.5819396946089289,0.5889965802396648,4.467809038235476,0.5693069306930693,0.08812216332001678,0.14377224199288255,14.377224199288255
nfci_loose_drift_d3_12,nfci,nfci_loose,full,1,True,True,c2c,2001-04-09,3384,38,0.8052424376104135,0.8137480256104551,7.512221356125219,0.5564516129032258,0.2346532099768671,0.2198581560283688,21.98581560283688
nfci_loose_drift_d3_12,nfci,nfci_tight,IS,1,True,True,c2c,2001-04-09,2025,25,0.29425765866174747,0.3021678849962932,2.132463486075591,0.5403225806451613,0.07744575945403862,0.12246913580246914,12.246913580246915
nfci_loose_drift_d3_12,nfci,nfci_loose,IS,1,True,True,c2c,2001-04-09,2309,25,0.6608832470597701,0.6701127371183877,6.540665906420095,0.5399239543726235,0.24823651770745167,0.2278042442615851,22.78042442615851
nfci_loose_drift_d3_12,nfci,nfci_tight,OOS,1,True,True,c2c,2001-04-09,785,13,1.208260559513051,1.2136235160708537,10.492108074061933,0.6153846153846154,0.11697583164639869,0.19872611464968154,19.872611464968156
nfci_loose_drift_d3_12,nfci,nfci_loose,OOS,1,True,True,c2c,2001-04-09,1075,13,1.2033356770754755,1.2100112585200062,9.599032084840692,0.5963302752293578,0.1985590468643545,0.2027906976744186,20.27906976744186
nfci_loose_drift_d3_12,stlfsi_lvl,stress_on_lvl,full,1,True,True,c2c,2001-04-09,2212,42,0.4082615419528711,0.4157342625333513,4.721533950663142,0.5377969762419006,0.16698595701366747,0.20931283905967452,20.93128390596745
nfci_loose_drift_d3_12,stlfsi_lvl,stress_off_lvl,full,1,True,True,c2c,2001-04-09,4041,42,0.9434590758647162,0.9523049333169216,6.447520184084109,0.5673076923076923,0.1350853278167334,0.180153427369463,18.015342736946298
nfci_loose_drift_d3_12,stlfsi_lvl,stress_on_lvl,IS,1,True,True,c2c,2001-04-09,1947,28,0.3411694273349646,0.3486180050072721,4.119033650833771,0.5191387559808612,0.17597791055067405,0.21468926553672316,21.468926553672315
nfci_loose_drift_d3_12,stlfsi_lvl,stress_off_lvl,IS,1,True,True,c2c,2001-04-09,2446,27,0.7418953813378062,0.7543241291004441,4.057007079000427,0.5488721804511278,0.10376233221237181,0.16312346688470972,16.31234668847097
nfci_loose_drift_d3_12,stlfsi_lvl,stress_on_lvl,OOS,1,True,True,c2c,2001-04-09,265,15,1.3547601129545574,1.3634944211559414,9.148205964881193,0.7111111111111111,0.07474294924579303,0.16981132075471697,16.9811320754717
nfci_loose_drift_d3_12,stlfsi_lvl,stress_off_lvl,OOS,1,True,True,c2c,2001-04-09,1595,15,1.1885004522672624,1.1942459976061413,10.113473196645044,0.5896656534954408,0.16682357194138195,0.20626959247648902,20.6269592476489
nfci_loose_drift_d3_12,nfci_lvl,nfci_tight_lvl,full,1,True,True,c2c,2001-04-09,591,3,0.7696921566843036,0.7761731651441136,10.668720800571267,0.625,0.1587295163845672,0.20304568527918782,20.304568527918782
nfci_loose_drift_d3_12,nfci_lvl,nfci_loose_lvl,full,1,True,True,c2c,2001-04-09,5662,4,0.658720888540046,0.6670800375122381,5.332611827907654,0.5480859010270775,0.1512060704201526,0.18915577534440128,18.91557753444013
nfci_loose_drift_d3_12,nfci_lvl,nfci_tight_lvl,IS,1,True,True,c2c,2001-04-09,554,2,0.7293475188924228,0.7356740607781321,10.179352498716353,0.6074766355140186,0.15896732496580254,0.1931407942238267,19.314079422382672
nfci_loose_drift_d3_12,nfci_lvl,nfci_loose_lvl,IS,1,True,True,c2c,2001-04-09,3839,3,0.3979346248781713,0.40740010903556234,3.204958726001443,0.5225352112676056,0.15193726666948618,0.184943995832248,18.494399583224798
nfci_loose_drift_d3_12,nfci_lvl,nfci_tight_lvl,OOS,1,True,True,c2c,2001-04-09,37,1,1.4394166837098892,1.4485218113122846,17.99601915807457,0.7692307692307693,0.16010983729033518,0.35135135135135137,35.13513513513514
nfci_loose_drift_d3_12,nfci_lvl,nfci_loose_lvl,OOS,1,True,True,c2c,2001-04-09,1823,2,1.2000968053443388,1.2061043042290107,9.81317148683138,0.5983379501385041,0.149358223449473,0.19802523313219966,19.802523313219965
opt_call_all_oi_signth_w20,ALL,all,full,-1,False,False,-,2002-04-02,6014,1,0.02079204435230319,0.11732097477177628,0.31577668377244283,0.48770491803278687,-0.07045522669107644,-0.003115361731001819,97.37279680744928
opt_call_all_oi_signth_w20,igrea,igrea_high,full,-1,False,False,-,2002-04-02,3336,36,0.018882056888869837,0.11823813194721815,0.27886420195669787,0.48370233702337023,-0.07812438479709838,0.002498973252067208,97.48201438848922
opt_call_all_oi_signth_w20,igrea,igrea_low,full,-1,False,False,-,2002-04-02,2678,35,0.02304775882551693,0.11634039441410439,0.36175877463775985,0.4927035330261137,-0.06247488335413632,-0.010109171104981758,97.23674383868558
opt_call_all_oi_signth_w20,igrea,igrea_high,IS,-1,False,False,-,2002-04-02,2349,25,-0.05102645885050399,0.034033502180711474,-0.7884312462064953,0.49238136700043533,-0.055144832018023754,-0.004437009585813457,97.7862920391656
opt_call_all_oi_signth_w20,igrea,igrea_low,IS,-1,False,False,-,2002-04-02,1805,25,-0.048869923201088364,0.039104598392684105,-0.7277119845107838,0.49971894322653176,-0.09281111607388508,-0.018981059621553317,98.55955678670361
opt_call_all_oi_signth_w20,igrea,igrea_high,OOS,-1,False,False,-,2002-04-02,987,11,0.21673308102091898,0.3574987934217412,2.8189624874028363,0.46282722513089003,-0.15452316498486174,0.0190061907659291,96.75785207700102
opt_call_all_oi_signth_w20,igrea,igrea_low,OOS,-1,False,False,-,2002-04-02,873,11,0.1515524887258569,0.25500630963239324,2.6143300464168253,0.4775757575757576,-0.009340916276917247,0.008234195186440542,94.50171821305841
opt_call_all_oi_signth_w20,stlfsi,stress_on,full,-1,False,False,-,2002-04-02,2298,109,0.04265312434707233,0.12595802023437563,0.7350966957749127,0.4864384170742552,-0.011525048027475497,0.03641605116014574,97.86771105308965
opt_call_all_oi_signth_w20,stlfsi,stress_off,full,-1,False,False,-,2002-04-02,3716,110,0.0040999020363470815,0.11190597941164022,0.05646629960083721,0.4884945938453008,-0.12694113915561603,-0.02756185979985465,97.06673842841765
opt_call_all_oi_signth_w20,stlfsi,stress_on,IS,-1,False,False,-,2002-04-02,1573,74,0.012645304982516136,0.08512157866225119,0.2234783690018653,0.48702983138780803,-0.03061863451019477,0.03377955803421661,98.02924348378895
opt_call_all_oi_signth_w20,stlfsi,stress_off,IS,-1,False,False,-,2002-04-02,2581,74,-0.1010045886900884,-0.002301011172195961,-1.3626798155059892,0.5007892659826362,-0.11482118625611319,-0.037899493576831575,98.17900038744672
opt_call_all_oi_signth_w20,stlfsi,stress_on,OOS,-1,False,False,-,2002-04-02,725,36,0.11351996199472845,0.222565582288478,1.8451320447597495,0.48514851485148514,0.041618093842623737,0.04213633210785131,97.51724137931035
opt_call_all_oi_signth_w20,stlfsi,stress_off,OOS,-1,False,False,-,2002-04-02,1135,36,0.2280934345317396,0.3554418864103665,3.283617068843762,0.4594594594594595,-0.15263384577239256,-0.004053989510535321,94.5374449339207
opt_call_all_oi_signth_w20,epu,epu_high,full,-1,False,False,-,2002-04-02,2827,50,-0.20323545289695508,-0.1093147860923106,-3.224028592623092,0.47786973731558113,-0.03383244307152482,0.014815747870459618,98.30208701804033
opt_call_all_oi_signth_w20,epu,epu_low,full,-1,False,False,-,2002-04-02,3187,51,0.2373274055804945,0.3365112041173658,3.4557294658151703,0.49658758531036723,-0.11439749057957402,-0.019020992996559235,96.54847819265767
opt_call_all_oi_signth_w20,epu,epu_high,IS,-1,False,False,-,2002-04-02,1988,34,-0.2622905702548627,-0.17765620431667048,-4.273312060151775,0.4755849440488301,-0.03436552383781362,0.002339517069673361,98.8933601609658
opt_call_all_oi_signth_w20,epu,epu_low,IS,-1,False,False,-,2002-04-02,2166,34,0.1740002644040008,0.26245401383187744,2.46066447193015,0.514218009478673,-0.12428077272747191,-0.02277668885895208,97.4145891043398
opt_call_all_oi_signth_w20,epu,epu_high,OOS,-1,False,False,-,2002-04-02,839,17,-0.049827924757399826,0.06862346490563487,-0.7377645479901722,0.4833948339483395,-0.03306675935416207,0.04437802061415816,96.9010727056019
opt_call_all_oi_signth_w20,epu,epu_low,OOS,-1,False,False,-,2002-04-02,1021,17,0.361026034330283,0.4813237700061664,5.566709658523253,0.4581178903826267,-0.0964657405528339,-0.011053473664587737,94.71106758080313
opt_call_all_oi_signth_w20,nfci,nfci_tight,full,-1,False,False,-,2002-04-02,2725,36,0.038957350572073224,0.12318982524822569,0.6784913644546988,0.4849162011173184,-0.045614495137961716,0.022310184903297215,98.53211009174312
opt_call_all_oi_signth_w20,nfci,nfci_loose,full,-1,False,False,-,2002-04-02,3289,37,0.0011686410381451687,0.11336496091564474,0.015260567974585654,0.4900662251655629,-0.10770376568086765,-0.024180918002958292,96.4122833688051
opt_call_all_oi_signth_w20,nfci,nfci_tight,IS,-1,False,False,-,2002-04-02,1940,24,0.06888506641030757,0.1471214938684294,1.174131384092765,0.48852971845672577,-0.04855489500686352,0.01859429540069834,98.86597938144331
opt_call_all_oi_signth_w20,nfci,nfci_loose,IS,-1,False,False,-,2002-04-02,2214,24,-0.1835152722501568,-0.08689451189617958,-2.458608859313904,0.5018535681186284,-0.10645227305004232,-0.03647528509997034,97.4706413730804
opt_call_all_oi_signth_w20,nfci,nfci_tight,OOS,-1,False,False,-,2002-04-02,785,13,-0.029836902407298825,0.06825205587328112,-0.5464024420393722,0.4758800521512386,-0.03852430576403268,0.03149340227277722,97.70700636942675
opt_call_all_oi_signth_w20,nfci,nfci_loose,OOS,-1,False,False,-,2002-04-02,1075,13,0.41442731920496284,0.5616316536596277,5.11028095124595,0.46495557749259625,-0.11222426250067993,0.0011397599066088305,94.23255813953489
opt_call_all_oi_signth_w20,stlfsi_lvl,stress_on_lvl,full,-1,False,False,-,2002-04-02,1973,42,-0.15181100500239808,-0.07822566229116781,-2.870434929697775,0.48363636363636364,-0.04153807817000852,0.020328608597512617,97.56715661429295
opt_call_all_oi_signth_w20,stlfsi_lvl,stress_off_lvl,full,-1,False,False,-,2002-04-02,4041,42,0.14405657807421626,0.2598066870126775,1.8714301144521606,0.48969727804629865,-0.10077967498367701,-0.014561774366032502,97.27790150952734
opt_call_all_oi_signth_w20,stlfsi_lvl,stress_on_lvl,IS,-1,False,False,-,2002-04-02,1708,28,-0.4739533898307394,-0.40484517899622335,-8.994681063107587,0.47810437912417514,-0.04495798286215398,0.007603275061671711,97.59953161592506
opt_call_all_oi_signth_w20,stlfsi_lvl,stress_off_lvl,IS,-1,False,False,-,2002-04-02,2446,27,0.41979255996147785,0.5306337692992796,4.986659904499891,0.5076795350767953,-0.1208317299246339,-0.02357716350748767,98.48732624693378
opt_call_all_oi_signth_w20,stlfsi_lvl,stress_on_lvl,OOS,-1,False,False,-,2002-04-02,265,15,2.001161766746787,2.1059017619668325,36.60206467733602,0.5193798449612403,-0.019824961089324626,0.10234698474549853,97.35849056603773
opt_call_all_oi_signth_w20,stlfsi_lvl,stress_off_lvl,OOS,-1,False,False,-,2002-04-02,1595,15,-0.1999830712881531,-0.07674192643153703,-2.9059066043295014,0.4612352168199737,-0.07964824425161252,-0.0007362935886034445,95.42319749216301
opt_call_all_oi_signth_w20,nfci_lvl,nfci_tight_lvl,full,-1,False,False,-,2002-04-02,591,3,0.057315319009291044,0.10380532959666315,1.3558366976951266,0.4670138888888889,-0.01109262914751022,0.01711216929774835,97.46192893401016
opt_call_all_oi_signth_w20,nfci_lvl,nfci_loose_lvl,full,-1,False,False,-,2002-04-02,5423,4,0.014499898555654511,0.12237379915725813,0.20243066344636632,0.48996212121212124,-0.09024902492828693,-0.00531976350824529,97.3630831643002
opt_call_all_oi_signth_w20,nfci_lvl,nfci_tight_lvl,IS,-1,False,False,-,2002-04-02,554,2,-0.10390990714795885,-0.05963939619857163,-2.4589170996538807,0.46938775510204084,-0.04306140012934827,-0.0006188443192832814,97.29241877256317
opt_call_all_oi_signth_w20,nfci_lvl,nfci_loose_lvl,IS,-1,False,False,-,2002-04-02,3600,3,-0.037247484025782054,0.0633879079869405,-0.5009180711591035,0.49957591178965227,-0.08634674977687068,-0.012316807883637948,98.25
opt_call_all_oi_signth_w20,nfci_lvl,nfci_tight_lvl,OOS,-1,False,False,-,2002-04-02,37,1,2.4820988472854806,2.5670051474037816,58.47404220394784,0.43243243243243246,0.6094468808393595,0.28259815696897855,100.0
opt_call_all_oi_signth_w20,nfci_lvl,nfci_loose_lvl,OOS,-1,False,False,-,2002-04-02,1823,2,0.10662755173848522,0.22773336756386522,1.5913804410545362,0.4704532415375789,-0.09694714890845309,0.008497767896808783,95.61162918266594
opt_put_mo_oi_selftanh_w60,ALL,all,full,-1,False,False,o2o,2002-05-15,5985,1,0.036246222145856544,0.09131692763838882,0.5371840596209752,0.5063737001006374,0.10557521295328977,0.03162239290240975,99.6157059314954
opt_put_mo_oi_selftanh_w60,igrea,igrea_high,full,-1,False,False,o2o,2002-05-15,3307,36,-0.0035352498595076077,0.052841179133768644,-0.05090870593636524,0.5015188335358445,0.11069651905520002,0.024013070337278355,99.54641669186573
opt_put_mo_oi_selftanh_w60,igrea,igrea_low,full,-1,False,False,o2o,2002-05-15,2678,35,0.08243605551599875,0.13604106962003057,1.2634061565956294,0.5123595505617977,0.10052764012466031,0.04101896860177103,99.70126960418223
opt_put_mo_oi_selftanh_w60,igrea,igrea_high,IS,-1,False,False,o2o,2002-05-15,2320,25,-0.22373325995359938,-0.1608646912387504,-3.3411494687122505,0.4885430177258971,0.13335077450235044,0.008922087145983356,99.69827586206897
opt_put_mo_oi_selftanh_w60,igrea,igrea_low,IS,-1,False,False,o2o,2002-05-15,1805,25,0.012584741962846127,0.07498522470222757,0.19001199120719361,0.49972206781545303,0.05551901404891362,0.027946747033791207,99.66759002770084
opt_put_mo_oi_selftanh_w60,igrea,igrea_high,OOS,-1,False,False,o2o,2002-05-15,987,11,0.5884860882362488,0.6278071179183676,7.682990554083951,0.5321756894790602,0.036376283742183935,0.05948529019928887,99.18946301925025
opt_put_mo_oi_selftanh_w60,igrea,igrea_low,OOS,-1,False,False,o2o,2002-05-15,873,11,0.22051936303166148,0.2567747531894729,3.482737735663362,0.5384615384615384,0.17968978095089344,0.06804687230188969,99.7709049255441
opt_put_mo_oi_selftanh_w60,stlfsi,stress_on,full,-1,False,False,o2o,2002-05-15,2298,109,0.07274301368449491,0.12163101071084019,1.2426328756324945,0.4982517482517482,0.12343637073977212,0.04996544392991694,99.56483899042647
opt_put_mo_oi_selftanh_w60,stlfsi,stress_off,full,-1,False,False,o2o,2002-05-15,3687,110,0.007375873053160205,0.06822935815389775,0.09749830448279549,0.5114316820903647,0.08824112014808928,0.02018970202603016,99.64740981828044
opt_put_mo_oi_selftanh_w60,stlfsi,stress_on,IS,-1,False,False,o2o,2002-05-15,1573,74,-0.11950997611546908,-0.06618550551647648,-2.1284730132942165,0.4815051020408163,0.12079253169427699,0.0507284716775876,99.68213604577241
opt_put_mo_oi_selftanh_w60,stlfsi,stress_off,IS,-1,False,False,o2o,2002-05-15,2552,74,-0.1225720923072004,-0.05057645613787756,-1.5910686024183531,0.5007861635220126,0.0743368805819908,-0.0033905820431703614,99.68652037617555
opt_put_mo_oi_selftanh_w60,stlfsi,stress_on,OOS,-1,False,False,o2o,2002-05-15,725,36,0.5560702213768993,0.5941730249429459,8.556770204296926,0.5347222222222222,0.13007426303888173,0.048309936830488044,99.3103448275862
opt_put_mo_oi_selftanh_w60,stlfsi,stress_off,OOS,-1,False,False,o2o,2002-05-15,1135,36,0.28339384957045244,0.3207168039535787,3.894170327753043,0.5353982300884956,0.11579417316038558,0.07320898391554534,99.55947136563876
opt_put_mo_oi_selftanh_w60,epu,epu_high,full,-1,False,False,o2o,2002-05-15,2827,50,-0.0173388529867839,0.036402231835866605,-0.2730084439441108,0.500709219858156,0.13618532633307429,0.06609671016693203,99.75238769013089
opt_put_mo_oi_selftanh_w60,epu,epu_low,full,-1,False,False,o2o,2002-05-15,3158,51,0.09054607140256257,0.14714926652136456,1.2624577162322796,0.511457670273711,0.06849275108087212,0.0007614382137446045,99.49335022165928
opt_put_mo_oi_selftanh_w60,epu,epu_high,IS,-1,False,False,o2o,2002-05-15,1988,34,-0.06962911044708466,-0.010692432478124054,-1.1468068538066283,0.4856278366111952,0.0973406020147134,0.059424679038644304,99.74849094567404
opt_put_mo_oi_selftanh_w60,epu,epu_low,IS,-1,False,False,o2o,2002-05-15,2137,34,-0.1777336501574456,-0.11017259164024681,-2.3999265783415393,0.5007045561296384,0.10020486722196957,-0.021990239285985192,99.62564342536265
opt_put_mo_oi_selftanh_w60,epu,epu_high,OOS,-1,False,False,o2o,2002-05-15,839,17,0.129440017973681,0.16912893541607435,1.7974459527265445,0.5364396654719236,0.25488009147632235,0.08190600442561619,99.761620977354
opt_put_mo_oi_selftanh_w60,epu,epu_low,OOS,-1,False,False,o2o,2002-05-15,1021,17,0.6025824097352309,0.6386053272227583,8.927996636412736,0.5340572556762093,0.012180514386451494,0.048381746555490525,99.21645445641528
opt_put_mo_oi_selftanh_w60,nfci,nfci_tight,full,-1,False,False,o2o,2002-05-15,2725,36,0.019465538823820343,0.0668065048369762,0.3324254952806928,0.5001842978252856,0.17516992357345332,0.08697093965407947,99.55963302752293
opt_put_mo_oi_selftanh_w60,nfci,nfci_loose,full,-1,False,False,o2o,2002-05-15,3260,37,0.05608151037939021,0.1211883897242394,0.7083396080342478,0.5115420129270545,-0.0007514075358843263,-0.014642880072528902,99.66257668711657
opt_put_mo_oi_selftanh_w60,nfci,nfci_tight,IS,-1,False,False,o2o,2002-05-15,1940,24,-0.002690728430161035,0.050520586774550326,-0.046537170368147175,0.4855222337125129,0.1686756751551087,0.08770627439266203,99.69072164948454
opt_put_mo_oi_selftanh_w60,nfci,nfci_loose,IS,-1,False,False,o2o,2002-05-15,2185,24,-0.26517474864567364,-0.1892490318633206,-3.3492965733497644,0.5004591368227732,-0.010199882838277056,-0.045312151829331716,99.67963386727689
opt_put_mo_oi_selftanh_w60,nfci,nfci_tight,OOS,-1,False,False,o2o,2002-05-15,785,13,0.0767309680381554,0.10891474213755425,1.2689701721708206,0.5365853658536586,0.1907281190214231,0.08515367928102194,99.23566878980891
opt_put_mo_oi_selftanh_w60,nfci,nfci_loose,OOS,-1,False,False,o2o,2002-05-15,1075,13,0.7096181410142081,0.7528272637776786,8.955721055777568,0.5340802987861811,0.019065586770857554,0.04769419787036799,99.62790697674419
opt_put_mo_oi_selftanh_w60,stlfsi_lvl,stress_on_lvl,full,-1,False,False,o2o,2002-05-15,1944,42,-0.0996928781545818,-0.04576073916248245,-1.822812390844462,0.4865702479338843,0.03614154428218609,0.024803865236569245,99.58847736625515
opt_put_mo_oi_selftanh_w60,stlfsi_lvl,stress_off_lvl,full,-1,False,False,o2o,2002-05-15,4041,42,0.13038869791205313,0.18766689606493167,1.6725052919161525,0.5158966716343766,0.17746847941090782,0.03490257547662255,99.62880475129919
opt_put_mo_oi_selftanh_w60,stlfsi_lvl,stress_on_lvl,IS,-1,False,False,o2o,2002-05-15,1679,28,-0.3332587333851046,-0.2766845356229092,-6.13497361946943,0.4743130227001195,0.04489823400526513,0.00634083783210459,99.7022036926742
opt_put_mo_oi_selftanh_w60,stlfsi_lvl,stress_off_lvl,IS,-1,False,False,o2o,2002-05-15,2446,27,0.09749703019716366,0.16939350990640353,1.182389854376831,0.5065627563576702,0.1961881037093686,0.024732973775376497,99.67293540474243
opt_put_mo_oi_selftanh_w60,stlfsi_lvl,stress_on_lvl,OOS,-1,False,False,o2o,2002-05-15,265,15,1.4647451119519437,1.5022445943926355,25.49839026146239,0.5648854961832062,-0.039342269191748803,0.14178281999919617,98.86792452830188
opt_put_mo_oi_selftanh_w60,stlfsi_lvl,stress_off_lvl,OOS,-1,False,False,o2o,2002-05-15,1595,15,0.17521366415318881,0.21310665140443175,2.4241180569451073,0.5302267002518891,0.15845510689359216,0.050498090060477015,99.56112852664577
opt_put_mo_oi_selftanh_w60,nfci_lvl,nfci_tight_lvl,full,-1,False,False,o2o,2002-05-15,591,3,0.10205817315286163,0.143751156694363,2.374065012921147,0.4745762711864407,0.05199160184069709,0.006425399417576964,99.83079526226734
opt_put_mo_oi_selftanh_w60,nfci_lvl,nfci_loose_lvl,full,-1,False,False,o2o,2002-05-15,5394,4,0.024730089778874982,0.08357537168885329,0.3359240219123359,0.5098659717051377,0.12362152598368888,0.03438313134318397,99.59213941416388
opt_put_mo_oi_selftanh_w60,nfci_lvl,nfci_tight_lvl,IS,-1,False,False,o2o,2002-05-15,554,2,0.15904195951303596,0.20084171755807656,3.7396855990648556,0.4701627486437613,0.036290258528041804,-0.0027053752345197898,99.81949458483754
opt_put_mo_oi_selftanh_w60,nfci_lvl,nfci_loose_lvl,IS,-1,False,False,o2o,2002-05-15,3571,3,-0.2010235305593671,-0.13039127344328774,-2.6547972403151423,0.4970497330710874,0.13057888883217914,0.020342172628002947,99.66395967516102
opt_put_mo_oi_selftanh_w60,nfci_lvl,nfci_tight_lvl,OOS,-1,False,False,o2o,2002-05-15,37,1,-0.9354327693304263,-0.8977412842934115,-18.07333511474412,0.5405405405405406,0.3873171664117843,0.14314024150572854,100.0
opt_put_mo_oi_selftanh_w60,nfci_lvl,nfci_loose_lvl,OOS,-1,False,False,o2o,2002-05-15,1823,2,0.43346564632371737,0.4710229380837577,6.194325353461607,0.5350248207391064,0.11180545230621809,0.06188739002223578,99.45145364783325
tv_taiex_over_spy_chg_ratio_n60_pctw120,ALL,all,full,-1,True,False,c2c,2002-04-09,5953,56,0.42351141935989306,0.4932264099748372,5.443203177832805,0.5023825731790333,-0.012218208750469828,0.009257012534782302,98.70653452040987
tv_taiex_over_spy_chg_ratio_n60_pctw120,igrea,igrea_high,full,-1,True,False,c2c,2002-04-09,3297,69,0.2629773858290102,0.3404494390986369,3.119580794561939,0.5016865992026985,0.03328045782752996,0.03511418927293687,98.9080982711556
tv_taiex_over_spy_chg_ratio_n60_pctw120,igrea,igrea_low,full,-1,True,False,c2c,2002-04-09,2656,56,0.5954884709990491,0.6574999954415894,8.327609426945775,0.5032504780114723,-0.0595320436181873,-0.022840544583326003,98.45632530120481
tv_taiex_over_spy_chg_ratio_n60_pctw120,igrea,igrea_high,IS,-1,True,False,c2c,2002-04-09,2319,51,0.07958035377704234,0.16376156480746426,1.0315201511128993,0.4980409229429691,0.03296603641947511,0.022954480312714756,99.05131522207849
tv_taiex_over_spy_chg_ratio_n60_pctw120,igrea,igrea_low,IS,-1,True,False,c2c,2002-04-09,1790,39,0.6744747237275397,0.7472522012910657,9.17475260033652,0.4971751412429379,-0.05927540932908537,-0.03887316854592951,98.88268156424581
tv_taiex_over_spy_chg_ratio_n60_pctw120,igrea,igrea_high,OOS,-1,True,False,c2c,2002-04-09,978,18,0.925956819309521,0.9848220582590616,8.070718455255516,0.5103734439834025,0.03330216080327456,0.06394687340254332,98.56850715746421
tv_taiex_over_spy_chg_ratio_n60_pctw120,igrea,igrea_low,OOS,-1,True,False,c2c,2002-04-09,866,18,0.4458808823593119,0.48752576710390816,6.576586008505323,0.5159763313609468,-0.05985926797577074,0.010298481852078486,97.57505773672055
tv_taiex_over_spy_chg_ratio_n60_pctw120,stlfsi,stress_on,full,-1,True,False,c2c,2002-04-09,2278,127,0.02416802424745649,0.08649202427225947,0.36280749063106055,0.4977738201246661,-0.03432938130110611,0.017602081103982366,98.59525899912204
tv_taiex_over_spy_chg_ratio_n60_pctw120,stlfsi,stress_off,full,-1,True,False,c2c,2002-04-09,3675,144,0.759938742105553,0.8369433328766467,8.59235729360031,0.5052341597796143,0.008780762995690356,0.004084205405357059,98.77551020408163
tv_taiex_over_spy_chg_ratio_n60_pctw120,stlfsi,stress_on,IS,-1,True,False,c2c,2002-04-09,1558,87,-0.09848808904759268,-0.030502353145648264,-1.5753062980243264,0.49870466321243523,-0.06995615335957561,0.0041187750569225195,99.10141206675225
tv_taiex_over_spy_chg_ratio_n60_pctw120,stlfsi,stress_off,IS,-1,True,False,c2c,2002-04-09,2551,99,0.7419232679306055,0.8328316803804724,8.337604703000817,0.49702734839476814,0.05674838437363007,-0.008925356092008459,98.90239121912975
tv_taiex_over_spy_chg_ratio_n60_pctw120,stlfsi,stress_on,OOS,-1,True,False,c2c,2002-04-09,720,41,0.3607292451713102,0.4087888144804269,4.5566703833048,0.49572649572649574,0.06477239424230676,0.046778457244703565,97.5
tv_taiex_over_spy_chg_ratio_n60_pctw120,stlfsi,stress_off,OOS,-1,True,False,c2c,2002-04-09,1124,45,0.7997846044180948,0.8458341238146097,9.170536883119262,0.5239385727190605,-0.08996262407360305,0.03361035431975156,98.48754448398577
tv_taiex_over_spy_chg_ratio_n60_pctw120,epu,epu_high,full,-1,True,False,c2c,2002-04-09,2802,75,0.21006966670016197,0.27647993832352075,2.9893100458228052,0.5014398848092153,-0.05299524436496077,0.02093959462593092,99.14346895074947
tv_taiex_over_spy_chg_ratio_n60_pctw120,epu,epu_low,full,-1,True,False,c2c,2002-04-09,3151,81,0.6636310877142503,0.737723649015528,7.625306813469754,0.5032278889606198,0.03603776866033585,-0.00113162441202774,98.31799428752777
tv_taiex_over_spy_chg_ratio_n60_pctw120,epu,epu_high,IS,-1,True,False,c2c,2002-04-09,1968,54,-0.06751341859818905,0.007433277541723563,-0.9732806606622343,0.4879301489470981,-0.041919014659904594,-0.005535533817876274,98.9329268292683
tv_taiex_over_spy_chg_ratio_n60_pctw120,epu,epu_low,IS,-1,True,False,c2c,2002-04-09,2141,55,0.8025423804293024,0.8865761176811278,9.682540273337908,0.5066037735849057,0.03775638497665385,-0.002549089817117129,99.01914992993927
tv_taiex_over_spy_chg_ratio_n60_pctw120,epu,epu_high,OOS,-1,True,False,c2c,2002-04-09,834,22,0.8960289069218994,0.9412435111025458,12.339883799255128,0.53309265944645,-0.08989066500961485,0.08341327901131772,99.64028776978418
tv_taiex_over_spy_chg_ratio_n60_pctw120,epu,epu_low,OOS,-1,True,False,c2c,2002-04-09,1010,26,0.32111546921651657,0.3709547028995209,3.2643792515116163,0.49591002044989774,0.03305605821138343,0.0018731215605429165,96.83168316831683
tv_taiex_over_spy_chg_ratio_n60_pctw120,nfci,nfci_tight,full,-1,True,False,c2c,2002-04-09,2701,59,0.2185642927537364,0.28351398521013926,3.358579216865781,0.4935993975903614,-0.05228937846398224,0.016368128955894023,98.33395038874491
tv_taiex_over_spy_chg_ratio_n60_pctw120,nfci,nfci_loose,full,-1,True,False,c2c,2002-04-09,3252,67,0.6958970097495588,0.7746863632777263,7.174620557467472,0.5096273291925466,0.04775087889139209,0.003350762395353406,99.0159901599016
tv_taiex_over_spy_chg_ratio_n60_pctw120,nfci,nfci_tight,IS,-1,True,False,c2c,2002-04-09,1921,42,0.14443169332927708,0.2183045023042801,2.230488423577303,0.49157894736842106,-0.039045512640247346,0.014484597458252273,98.90681936491411
tv_taiex_over_spy_chg_ratio_n60_pctw120,nfci,nfci_loose,IS,-1,True,False,c2c,2002-04-09,2188,46,0.60584559982322,0.6939977426797915,6.640829124013337,0.5029995385325334,0.0384261164991057,-0.02019033069896294,99.04021937842778
tv_taiex_over_spy_chg_ratio_n60_pctw120,nfci,nfci_tight,OOS,-1,True,False,c2c,2002-04-09,780,18,0.4041524760864971,0.44674289204287077,6.13686436290061,0.49867724867724866,-0.08421373943539624,0.02100692896482967,96.92307692307692
tv_taiex_over_spy_chg_ratio_n60_pctw120,nfci,nfci_loose,OOS,-1,True,False,c2c,2002-04-09,1064,21,0.937369951937622,0.9933896697922703,8.272304445059238,0.5232668566001899,0.06972853073959924,0.05176045383366558,98.96616541353383
tv_taiex_over_spy_chg_ratio_n60_pctw120,stlfsi_lvl,stress_on_lvl,full,-1,True,False,c2c,2002-04-09,1952,57,0.2135170223736062,0.2780616138078939,3.5042876965974994,0.5070057083549558,-0.11041640441598384,-0.07472886735497819,98.71926229508196
tv_taiex_over_spy_chg_ratio_n60_pctw120,stlfsi_lvl,stress_off_lvl,full,-1,True,False,c2c,2002-04-09,4001,78,0.5973305641670922,0.6736481054462932,6.389157444109066,0.5001266143327424,0.09134261359761063,0.05023187820456798,98.7003249187703
tv_taiex_over_spy_chg_ratio_n60_pctw120,stlfsi_lvl,stress_on_lvl,IS,-1,True,False,c2c,2002-04-09,1687,43,0.32176357422352797,0.3874993703037568,5.485773714608346,0.5,-0.09959246787287353,-0.07453865752752449,99.2294013040901
tv_taiex_over_spy_chg_ratio_n60_pctw120,stlfsi_lvl,stress_off_lvl,IS,-1,True,False,c2c,2002-04-09,2422,51,0.4043932448347415,0.5064136571082327,3.947317146362058,0.49603008775595486,0.16184516445713515,0.045167292897153405,98.80264244426094
tv_taiex_over_spy_chg_ratio_n60_pctw120,stlfsi_lvl,stress_on_lvl,OOS,-1,True,False,c2c,2002-04-09,265,15,-0.7882961949407168,-0.7306694928744727,-9.109927067116844,0.5533596837944664,-0.19795692523097025,-0.07593975029427788,95.47169811320755
tv_taiex_over_spy_chg_ratio_n60_pctw120,stlfsi_lvl,stress_off_lvl,OOS,-1,True,False,c2c,2002-04-09,1579,27,0.8453244211447057,0.890390826449318,10.134652821653876,0.506426735218509,0.01852327869560078,0.05800035547787901,98.54338188727041
tv_taiex_over_spy_chg_ratio_n60_pctw120,nfci_lvl,nfci_tight_lvl,full,-1,True,False,c2c,2002-04-09,589,5,-0.025039911110292166,0.01577655920368836,-0.5049613437462617,0.4838160136286201,-0.08002974587947727,-0.06958845896163304,99.66044142614601
tv_taiex_over_spy_chg_ratio_n60_pctw120,nfci_lvl,nfci_loose_lvl,full,-1,True,False,c2c,2002-04-09,5364,57,0.5175980569258885,0.5943482325335905,6.09634801437458,0.5044431839667234,0.0105888327475564,0.017914727432505762,98.60178970917227
tv_taiex_over_spy_chg_ratio_n60_pctw120,nfci_lvl,nfci_tight_lvl,IS,-1,True,False,c2c,2002-04-09,552,4,0.33680068769750876,0.3759014070445974,6.869127689304235,0.4863883847549909,-0.06655419995546996,-0.05246612613945305,99.81884057971014
tv_taiex_over_spy_chg_ratio_n60_pctw120,nfci_lvl,nfci_loose_lvl,IS,-1,True,False,c2c,2002-04-09,3557,42,0.359234531578526,0.4515906070094788,4.2235434075167975,0.49943117178612056,0.021981000973648433,0.0035450575701292636,98.84734326679786
tv_taiex_over_spy_chg_ratio_n60_pctw120,nfci_lvl,nfci_tight_lvl,OOS,-1,True,False,c2c,2002-04-09,37,1,-7.398284060439557,-7.327759073521805,-110.51839772871585,0.4444444444444444,-0.2989187003031544,-0.3250351540384805,97.2972972972973
tv_taiex_over_spy_chg_ratio_n60_pctw120,nfci_lvl,nfci_loose_lvl,OOS,-1,True,False,c2c,2002-04-09,1807,16,0.827699218521417,0.8738174043539767,9.782881487862753,0.5143824027072758,-0.008609782368079771,0.04620079035473774,98.11842833425567
us_log_ratio_pct_chg_w120,ALL,all,full,1,True,False,-,2001-12-31,6071,1,0.39925425398755776,0.42494541683398585,6.6001324252269695,0.5083595431219997,-0.10302050086590703,0.04538683522964002,99.50584747158622
us_log_ratio_pct_chg_w120,igrea,igrea_high,full,1,True,False,-,2001-12-31,3361,36,0.5177083244145513,0.5415315518910458,8.506254140601289,0.5116626794258373,0.031973391359257246,0.09039772457818615,99.49419815531093
us_log_ratio_pct_chg_w120,igrea,igrea_low,full,1,True,False,-,2001-12-31,2710,36,0.2543168425451177,0.2822943699083383,4.236119478594834,0.5042639970337411,-0.2438189674858041,-0.010436633073114003,99.52029520295203
us_log_ratio_pct_chg_w120,igrea,igrea_high,IS,1,True,False,-,2001-12-31,2374,25,0.4523625733559493,0.47780710972692275,7.718900112217776,0.5048749470114455,-0.018373198471810532,0.036514918429259656,99.3681550126369
us_log_ratio_pct_chg_w120,igrea,igrea_low,IS,1,True,False,-,2001-12-31,1837,26,-0.06333692740661745,-0.03170425643432203,-1.0227006093442395,0.4991798797156916,-0.2558418321648266,-0.048689083894227464,99.56450734893849
us_log_ratio_pct_chg_w120,igrea,igrea_high,OOS,1,True,False,-,2001-12-31,987,11,0.7024542387529483,0.7219363379553954,10.400051975841878,0.5279187817258884,0.2002183060235515,0.22000034038117647,99.79736575481256
us_log_ratio_pct_chg_w120,igrea,igrea_low,OOS,1,True,False,-,2001-12-31,873,11,0.8659301489132403,0.8869441543677014,15.301929904189429,0.5149769585253456,-0.22323996069284024,0.0700556374405004,99.42726231386025
us_log_ratio_pct_chg_w120,stlfsi,stress_on,full,1,True,False,-,2001-12-31,2301,110,0.07877070876180285,0.10016918107395636,1.4714677157247662,0.5060922541340296,-0.3122722447792696,-0.1752994770983324,99.86962190352021
us_log_ratio_pct_chg_w120,stlfsi,stress_off,full,1,True,False,-,2001-12-31,3770,110,0.6457332183198575,0.6749525633681334,9.730386403095556,0.5097515362009084,0.09213244691831506,0.18008158447809217,99.28381962864722
us_log_ratio_pct_chg_w120,stlfsi,stress_on,IS,1,True,False,-,2001-12-31,1576,75,0.04011954354504413,0.06212316675119485,0.7819035293582932,0.505403687221869,-0.32324617099302966,-0.19902929144290818,99.80964467005076
us_log_ratio_pct_chg_w120,stlfsi,stress_off,IS,1,True,False,-,2001-12-31,2635,74,0.39193623224859486,0.4252607952565023,5.77369559194344,0.5005736137667304,0.07652458158357829,0.11799420590185573,99.24098671726756
us_log_ratio_pct_chg_w120,stlfsi,stress_on,OOS,1,True,False,-,2001-12-31,725,36,0.1768071298783567,0.1968277587580409,2.970437588433129,0.5075862068965518,-0.28199543429318163,-0.12371577032998567,100.0
us_log_ratio_pct_chg_w120,stlfsi,stress_off,OOS,1,True,False,-,2001-12-31,1135,36,1.1960040162058392,1.2163682402163596,18.916184013127122,0.5310283687943262,0.12457642438345481,0.32422276734010363,99.38325991189427
us_log_ratio_pct_chg_w120,epu,epu_high,full,1,True,False,-,2001-12-31,2828,51,0.24937017958920862,0.27326410727905875,4.456422340975011,0.4968039772727273,-0.43784633700901127,-0.1967918461364661,99.57567185289957
us_log_ratio_pct_chg_w120,epu,epu_low,full,1,True,False,-,2001-12-31,3243,51,0.554678973640466,0.5823438949525888,8.469516365487388,0.5184496124031007,0.28017675450331,0.2565744118264171,99.44495837187789
us_log_ratio_pct_chg_w120,epu,epu_high,IS,1,True,False,-,2001-12-31,1989,35,0.05554624305974525,0.08055786129896234,1.024269138390758,0.48711470439615967,-0.46893424395644245,-0.23690378816111335,99.49723479135244
us_log_ratio_pct_chg_w120,epu,epu_low,IS,1,True,False,-,2001-12-31,2222,34,0.43487620923479386,0.4665908792471793,6.48456189504069,0.5160706201901313,0.325894709187858,0.2108218739378133,99.41494149414942
us_log_ratio_pct_chg_w120,epu,epu_high,OOS,1,True,False,-,2001-12-31,839,17,0.7659062102028593,0.786924263413293,12.592957168078797,0.5197132616487455,-0.3476970585018928,-0.10169929227827372,99.761620977354
us_log_ratio_pct_chg_w120,epu,epu_low,OOS,1,True,False,-,2001-12-31,1021,17,0.7981017495607999,0.8175902622768182,12.78936830802663,0.5236220472440944,0.19173930706223197,0.35614555696694383,99.51028403525955
us_log_ratio_pct_chg_w120,nfci,nfci_tight,full,1,True,False,-,2001-12-31,2737,37,0.23959258339091238,0.26037291231703663,4.657311812495648,0.5102714600146735,-0.3004215376986541,-0.10990212871735884,99.59810010960905
us_log_ratio_pct_chg_w120,nfci,nfci_loose,full,1,True,False,-,2001-12-31,3334,37,0.5984910010080691,0.6307685980578649,8.195063444136874,0.5067873303167421,0.18403116197094202,0.17286910707215225,99.43011397720456
us_log_ratio_pct_chg_w120,nfci,nfci_tight,IS,1,True,False,-,2001-12-31,1952,25,0.12821843879153463,0.1504696606120622,2.480818621327303,0.5115800308800823,-0.3287128267466862,-0.13038005750728804,99.5389344262295
us_log_ratio_pct_chg_w120,nfci,nfci_loose,IS,1,True,False,-,2001-12-31,2259,24,0.36815941386885315,0.40397859402713154,5.136524966006522,0.49443207126948774,0.17129193042211632,0.1114415411649371,99.38025675077468
us_log_ratio_pct_chg_w120,nfci,nfci_tight,OOS,1,True,False,-,2001-12-31,785,13,0.5119452858269197,0.5291171774569565,10.06943246110789,0.5070242656449553,-0.23263168571244844,-0.05898121534418444,99.7452229299363
us_log_ratio_pct_chg_w120,nfci,nfci_loose,OOS,1,True,False,-,2001-12-31,1075,13,1.1137321779539413,1.1380712423623853,14.622261976319637,0.5327102803738317,0.21475201087355156,0.30195270835996535,99.53488372093024
us_log_ratio_pct_chg_w120,stlfsi_lvl,stress_on_lvl,full,1,True,False,-,2001-12-31,2030,42,0.2386547802430281,0.26438365559286237,4.696560628631762,0.5175829618623081,-0.07291277158113783,0.031098406953104774,99.45812807881774
us_log_ratio_pct_chg_w120,stlfsi_lvl,stress_off_lvl,full,1,True,False,-,2001-12-31,4041,42,0.5140478423215359,0.5401555446694788,7.556393436632135,0.5037294878170064,-0.13576528576812233,0.052564640080262764,99.52981935164563
us_log_ratio_pct_chg_w120,stlfsi_lvl,stress_on_lvl,IS,1,True,False,-,2001-12-31,1765,28,0.23508740042234663,0.2592330891941296,4.745396856565563,0.5153933865450399,-0.036247025272088104,0.05839354289667947,99.37677053824363
us_log_ratio_pct_chg_w120,stlfsi_lvl,stress_off_lvl,IS,1,True,False,-,2001-12-31,2446,27,0.24288806485262604,0.2762525237116645,3.299404086345628,0.4930156121610518,-0.29372746002168554,-0.04326248322783023,99.50940310711366
us_log_ratio_pct_chg_w120,stlfsi_lvl,stress_on_lvl,OOS,1,True,False,-,2001-12-31,265,15,0.27435431565686724,0.31401248114969527,4.3712929218273455,0.5320754716981132,-0.3895977780589131,-0.15069749848240208,100.0
us_log_ratio_pct_chg_w120,stlfsi_lvl,stress_off_lvl,OOS,1,True,False,-,2001-12-31,1595,15,0.8662860449681941,0.883325611581796,14.084666760018214,0.5201511335012594,0.024849452771345773,0.1995195890530499,99.56112852664577
us_log_ratio_pct_chg_w120,nfci_lvl,nfci_tight_lvl,full,1,True,False,-,2001-12-31,591,3,0.14423352514628246,0.16288085918523365,3.664642836004043,0.5084745762711864,-0.03463658393421033,0.09975646991747135,99.83079526226734
us_log_ratio_pct_chg_w120,nfci_lvl,nfci_loose_lvl,full,1,True,False,-,2001-12-31,5480,4,0.4528988086437923,0.48036144899434524,6.916715335305574,0.5083470922766465,-0.12524855128237963,0.03952324871494872,99.47080291970804
us_log_ratio_pct_chg_w120,nfci_lvl,nfci_tight_lvl,IS,1,True,False,-,2001-12-31,554,2,0.16949508649747685,0.18528169053633115,4.3806790224554835,0.5063291139240507,-0.01832378281225615,0.10567927544949293,99.81949458483754
us_log_ratio_pct_chg_w120,nfci_lvl,nfci_loose_lvl,IS,1,True,False,-,2001-12-31,3657,3,0.2590633613335669,0.29126999619579447,3.833489655072269,0.5017881705639615,-0.1759378794202838,-0.016762851889978815,99.3984140005469
us_log_ratio_pct_chg_w120,nfci_lvl,nfci_tight_lvl,OOS,1,True,False,-,2001-12-31,37,1,-0.3955040624693051,-0.31372343481918086,-7.056547631404034,0.5405405405405406,-0.3640842941418271,0.011074462762337341,100.0
us_log_ratio_pct_chg_w120,nfci_lvl,nfci_loose_lvl,OOS,1,True,False,-,2001-12-31,1823,2,0.8097802343803617,0.8285879644600413,13.101770909969968,0.5214757709251101,-0.03945188861146365,0.15243508081161358,99.61601755348327
us_sox_agree_amp_n20_robustw20,ALL,all,full,1,True,False,-,2001-09-07,5785,277,0.33502767828513075,0.4318724661367444,3.5314800892027485,0.5002636667252592,-0.01485832253779186,0.010687725060167734,98.34053586862575
us_sox_agree_amp_n20_robustw20,igrea,igrea_high,full,1,True,False,-,2001-09-07,3153,192,0.3616160948829051,0.46090195298866743,3.5521046891349757,0.5016139444803098,-0.009193032424776306,0.023590998397456542,98.25562955915001
us_sox_agree_amp_n20_robustw20,igrea,igrea_low,full,1,True,False,-,2001-09-07,2632,152,0.30915168173104335,0.40396745790120897,3.5067728841927512,0.49864917020455424,-0.019881064198631997,-0.0047697296634157125,98.44224924012158
us_sox_agree_amp_n20_robustw20,igrea,igrea_high,IS,1,True,False,-,2001-09-07,2218,143,0.35071867394767564,0.46165013699159757,3.626965312605927,0.5041360294117647,0.027592505150600865,0.04443378654293365,98.10640216411181
us_sox_agree_amp_n20_robustw20,igrea,igrea_low,IS,1,True,False,-,2001-09-07,1797,115,-0.06782504693090424,0.0474620442150638,-0.7274515158474237,0.4960362400906002,-0.03521948365125739,-0.043040348768776174,98.27490261547022
us_sox_agree_amp_n20_robustw20,igrea,igrea_high,OOS,1,True,False,-,2001-09-07,935,49,0.39833674625688237,0.4653419548470409,3.3745208785910488,0.4956616052060738,-0.14352147569525417,-0.02585210759898008,98.6096256684492
us_sox_agree_amp_n20_robustw20,igrea,igrea_low,OOS,1,True,False,-,2001-09-07,835,38,1.004886352333644,1.0626562423308104,12.619229467273222,0.5042424242424243,0.012731878433698834,0.07759230929746183,98.80239520958084
us_sox_agree_amp_n20_robustw20,stlfsi,stress_on,full,1,True,False,-,2001-09-07,2225,209,0.17429194291170588,0.2633134761869632,2.1352374274028434,0.5063868613138686,0.0029583358663430666,0.05511249501659827,98.51685393258427
us_sox_agree_amp_n20_robustw20,stlfsi,stress_off,full,1,True,False,-,2001-09-07,3560,260,0.4727772048926154,0.5776652862227251,4.4041317528276895,0.4964255075779239,-0.03326006210015296,-0.01707775616260135,98.23033707865169
us_sox_agree_amp_n20_robustw20,stlfsi,stress_on,IS,1,True,False,-,2001-09-07,1533,149,-0.08594989372248052,0.017745710380969955,-1.0763270356419612,0.4973474801061008,0.022018110378022877,0.03747635030276222,98.36921069797782
us_sox_agree_amp_n20_robustw20,stlfsi,stress_off,IS,1,True,False,-,2001-09-07,2482,188,0.37316559584949544,0.4965751279528422,3.3792860737394257,0.5024650780608052,-0.03204928561080802,-0.014601375181063024,98.06607574536665
us_sox_agree_amp_n20_robustw20,stlfsi,stress_on,OOS,1,True,False,-,2001-09-07,692,61,0.7958618061658187,0.8496339821797131,9.249873730650943,0.5263157894736842,-0.05815780858657575,0.09418216242456165,98.84393063583815
us_sox_agree_amp_n20_robustw20,stlfsi,stress_off,OOS,1,True,False,-,2001-09-07,1078,72,0.6838775343789347,0.7499835218864475,6.763748613214582,0.4825964252116651,-0.036434389091147344,-0.02277940513864787,98.60853432282003
us_sox_agree_amp_n20_robustw20,epu,epu_high,full,1,True,False,-,2001-09-07,2755,155,0.39593433980411047,0.4854293729609471,4.722123568219119,0.5060953084595493,0.04272635636145399,0.05042099479704789,98.25771324863884
us_sox_agree_amp_n20_robustw20,epu,epu_low,full,1,True,False,-,2001-09-07,3030,214,0.269076045013781,0.3765928424635567,2.4488983120773034,0.4949698189134809,-0.08471059968656239,-0.02543938983260614,98.41584158415841
us_sox_agree_amp_n20_robustw20,epu,epu_high,IS,1,True,False,-,2001-09-07,1946,119,0.26441379347329214,0.3667572642640131,3.175691655531021,0.49895068205666315,0.042987246398535975,0.03275796161578029,97.94450154162384
us_sox_agree_amp_n20_robustw20,epu,epu_low,IS,1,True,False,-,2001-09-07,2069,156,0.030332519416077435,0.159548659392883,0.26944549430583153,0.5019646365422397,-0.06669884855058629,-0.02055889873831434,98.40502658289029
us_sox_agree_amp_n20_robustw20,epu,epu_high,OOS,1,True,False,-,2001-09-07,809,37,0.7198995145209628,0.7776136158323002,8.441970913201866,0.5230961298377028,0.04122241603587275,0.09290834037275464,99.01112484548825
us_sox_agree_amp_n20_robustw20,epu,epu_low,OOS,1,True,False,-,2001-09-07,961,58,0.7476242517108076,0.811874771371252,7.141185388007767,0.4799154334038055,-0.12384887510730981,-0.03594691956631033,98.43912591050989
us_sox_agree_amp_n20_robustw20,nfci,nfci_tight,full,1,True,False,-,2001-09-07,2625,180,0.41822197860069227,0.5082698048877065,5.151253438652343,0.5015444015444015,0.0066763222443962005,0.02836332468734845,98.66666666666667
us_sox_agree_amp_n20_robustw20,nfci,nfci_loose,full,1,True,False,-,2001-09-07,3160,162,0.24845787594801924,0.35615449054148784,2.185940518853005,0.49919328815747016,-0.04958547121496954,-0.003995328427601061,98.06962025316456
us_sox_agree_amp_n20_robustw20,nfci,nfci_tight,IS,1,True,False,-,2001-09-07,1881,137,0.19034182877098288,0.29754018757339074,2.2836937378840774,0.49892008639308855,0.007698790634316364,0.01215694572605213,98.45826687931951
us_sox_agree_amp_n20_robustw20,nfci,nfci_loose,IS,1,True,False,-,2001-09-07,2134,115,0.12699634994269737,0.24907878429644878,1.1442131061022398,0.5019138755980861,-0.02143474617894063,-0.0007762807385042129,97.9381443298969
us_sox_agree_amp_n20_robustw20,nfci,nfci_tight,OOS,1,True,False,-,2001-09-07,744,44,0.947618207917047,0.9979753961500076,12.401091875675338,0.508130081300813,0.003625550591545405,0.06933671020643228,99.19354838709677
us_sox_agree_amp_n20_robustw20,nfci,nfci_loose,OOS,1,True,False,-,2001-09-07,1026,47,0.5217145066590669,0.5972854937949275,4.352652311065614,0.49355797819623387,-0.12790369432930052,-0.01069069662305201,98.34307992202729
us_sox_agree_amp_n20_robustw20,stlfsi_lvl,stress_on_lvl,full,1,True,False,-,2001-09-07,2002,119,0.13533769504432544,0.233594235973394,1.7054157277478494,0.49617151607963245,0.008458727800923374,0.0068722523878928694,97.85214785214785
us_sox_agree_amp_n20_robustw20,stlfsi_lvl,stress_off_lvl,full,1,True,False,-,2001-09-07,3783,231,0.4852936473539502,0.5830844007909459,4.497850919663417,0.5024128686327077,-0.04478941365527306,0.01270690991078742,98.598995506212
us_sox_agree_amp_n20_robustw20,stlfsi_lvl,stress_on_lvl,IS,1,True,False,-,2001-09-07,1748,96,-0.06352458206978977,0.03589429942550096,-0.8235420020748025,0.49005847953216375,-0.0003938809551206144,-0.010581670156702751,97.82608695652173
us_sox_agree_amp_n20_robustw20,stlfsi_lvl,stress_off_lvl,IS,1,True,False,-,2001-09-07,2267,161,0.44320079219638087,0.579571784290827,3.6069387335725125,0.5085125448028673,-0.010271634785870629,0.01751539093456219,98.4561093956771
us_sox_agree_amp_n20_robustw20,stlfsi_lvl,stress_on_lvl,OOS,1,True,False,-,2001-09-07,254,24,1.9713895355898254,2.060993122011647,19.10942404164547,0.5381526104417671,0.09136237000258031,0.12698822328534626,98.03149606299213
us_sox_agree_amp_n20_robustw20,stlfsi_lvl,stress_off_lvl,OOS,1,True,False,-,2001-09-07,1516,70,0.5428008071297137,0.5988598762023901,5.830105488177983,0.493324432576769,-0.08054383176815488,0.005516391123915774,98.81266490765171
us_sox_agree_amp_n20_robustw20,nfci_lvl,nfci_tight_lvl,full,1,True,False,-,2001-09-07,572,20,0.7365879559578438,0.8249615124811154,10.444122267655134,0.4849023090586146,0.03176101488756957,0.059559277539062,98.42657342657343
us_sox_agree_amp_n20_robustw20,nfci_lvl,nfci_loose_lvl,full,1,True,False,-,2001-09-07,5213,263,0.27557465724771146,0.374472624496292,2.7729856855820385,0.5019508388607101,-0.0296527248845339,0.005325260449017246,98.33109533857663
us_sox_agree_amp_n20_robustw20,nfci_lvl,nfci_tight_lvl,IS,1,True,False,-,2001-09-07,536,18,0.5893909017074362,0.6804390872013032,8.392499991878026,0.4782608695652174,0.01818536089199264,0.03631478022587035,98.69402985074626
us_sox_agree_amp_n20_robustw20,nfci_lvl,nfci_loose_lvl,IS,1,True,False,-,2001-09-07,3479,197,0.06555668329605449,0.1847253709464991,0.6435753646839625,0.5039554644008204,-0.013308229459076516,0.0005018423724258592,98.10290313308421
us_sox_agree_amp_n20_robustw20,nfci_lvl,nfci_tight_lvl,OOS,1,True,False,-,2001-09-07,36,2,3.0848160940734766,3.130438714559532,40.99049837366985,0.5882352941176471,0.2906284243186296,0.40564401531324845,94.44444444444444
us_sox_agree_amp_n20_robustw20,nfci_lvl,nfci_loose_lvl,OOS,1,True,False,-,2001-09-07,1734,67,0.6687160003641955,0.729757273178804,7.045314697349285,0.4979568009340339,-0.06206579220636898,0.015002694986768927,98.78892733564014
us_sox_spy_ret_product_n5_pctw20,ALL,all,full,1,True,False,-,2001-08-13,6166,1,0.20907012991726176,0.3470602300856021,2.6232364593973374,0.4905375983922291,0.06490657960222504,0.008931455633661142,96.83749594550763
us_sox_spy_ret_product_n5_pctw20,igrea,igrea_high,full,1,True,False,-,2001-08-13,3361,36,0.5241289969652069,0.6725990560451197,5.769009613639434,0.49476600985221675,0.036652981986205604,0.013925570890050858,96.63790538530199
us_sox_spy_ret_product_n5_pctw20,igrea,igrea_low,full,1,True,False,-,2001-08-13,2805,36,-0.08086702001856282,0.049613156349741144,-1.1460838869155625,0.48549394050679395,0.09049442965848699,0.0029474194922259125,97.07664884135473
us_sox_spy_ret_product_n5_pctw20,igrea,igrea_high,IS,1,True,False,-,2001-08-13,2374,25,0.5684729923774182,0.7373261211254655,6.578025939218292,0.4989125706829056,0.05159329682774961,0.021544660015945898,96.84077506318451
us_sox_spy_ret_product_n5_pctw20,igrea,igrea_low,IS,1,True,False,-,2001-08-13,1932,26,-0.46506069202525746,-0.3125266201208309,-6.557555472375752,0.47573333333333334,0.06167802877442665,-0.0015087854263509616,97.04968944099379
us_sox_spy_ret_product_n5_pctw20,igrea,igrea_high,OOS,1,True,False,-,2001-08-13,987,11,0.40170852005393176,0.49274421736021773,3.8231081375257463,0.48472075869336145,-0.012899037592625926,-0.004400384109822328,96.1499493414387
us_sox_spy_ret_product_n5_pctw20,igrea,igrea_low,OOS,1,True,False,-,2001-08-13,873,11,0.7568108267769817,0.8392903026763988,10.829818865786711,0.5070754716981132,0.15310573349818504,0.012809261305158927,97.13631156930126
us_sox_spy_ret_product_n5_pctw20,stlfsi,stress_on,full,1,True,False,-,2001-08-13,2368,112,0.23452985256018732,0.366178144598607,3.7648225166336013,0.4984933275936289,0.10352571321446163,0.027891569218821178,98.09966216216216
us_sox_spy_ret_product_n5_pctw20,stlfsi,stress_off,full,1,True,False,-,2001-08-13,3798,113,0.1961447976760288,0.3494020677734499,1.911473483216327,0.48547149122807015,0.02714717789416789,-0.0028899106037424825,96.05055292259084
us_sox_spy_ret_product_n5_pctw20,stlfsi,stress_on,IS,1,True,False,-,2001-08-13,1643,77,0.19122409170435792,0.33841191082588756,3.231567705698763,0.5018610421836228,0.09021849426472714,0.03166588073578399,98.11320754716981
us_sox_spy_ret_product_n5_pctw20,stlfsi,stress_off,IS,1,True,False,-,2001-08-13,2663,77,-0.09474425540959583,0.09373462162204893,-0.8871308048775048,0.48009367681498827,0.02135389080787898,-0.0014250817178924518,96.20728501689824
us_sox_spy_ret_product_n5_pctw20,stlfsi,stress_on,OOS,1,True,False,-,2001-08-13,725,36,0.35636871095394096,0.4469997990785884,4.9732882467935235,0.4908579465541491,0.14548012698107327,0.019338198429345466,98.06896551724138
us_sox_spy_ret_product_n5_pctw20,stlfsi,stress_off,OOS,1,True,False,-,2001-08-13,1135,36,0.8013029589085227,0.8819708894018791,8.477714204973044,0.498158379373849,0.03941921030059275,-0.006326773443406481,95.68281938325991
us_sox_spy_ret_product_n5_pctw20,epu,epu_high,full,1,True,False,-,2001-08-13,2906,52,0.0764337135603382,0.2140376207841135,1.1016352604843151,0.48157335223245923,0.036304019823899775,-0.013224485506033487,97.10942876806608
us_sox_spy_ret_product_n5_pctw20,epu,epu_low,full,1,True,False,-,2001-08-13,3260,52,0.3749910420523061,0.5169270434276741,3.97960857106643,0.49857097491267066,0.09903086069302167,0.028681506232419603,96.59509202453988
us_sox_spy_ret_product_n5_pctw20,epu,epu_high,IS,1,True,False,-,2001-08-13,2067,36,-0.18910333384157876,-0.03500896652796882,-2.8490409104312975,0.4808362369337979,0.03227002705330477,-0.010496270696528353,97.19400096758586
us_sox_spy_ret_product_n5_pctw20,epu,epu_low,IS,1,True,False,-,2001-08-13,2239,35,0.38656953633308655,0.5609871905090822,3.946406417568449,0.4956120092378753,0.09042686222972016,0.0312317288806921,96.69495310406433
us_sox_spy_ret_product_n5_pctw20,epu,epu_high,OOS,1,True,False,-,2001-08-13,839,17,0.8565962737407391,0.9471826551358218,10.83470754330025,0.4833948339483395,0.04807999855346125,-0.019945844279867942,96.9010727056019
us_sox_spy_ret_product_n5_pctw20,epu,epu_low,OOS,1,True,False,-,2001-08-13,1021,17,0.3538160998457601,0.4328541341292414,4.052419170167287,0.5050813008130082,0.11669409529366392,0.023089000346540944,96.37610186092067
us_sox_spy_ret_product_n5_pctw20,nfci,nfci_tight,full,1,True,False,-,2001-08-13,2810,37,0.34366917291714133,0.47278416432360204,5.567121981723349,0.4936061381074169,0.08811056505810441,0.011287593462278414,97.40213523131672
us_sox_spy_ret_product_n5_pctw20,nfci,nfci_loose,full,1,True,False,-,2001-08-13,3356,38,0.018984477662446576,0.19046513930726353,0.15830251489909627,0.48794063079777367,0.029452381118776506,0.006958646545933329,96.36471990464838
us_sox_spy_ret_product_n5_pctw20,nfci,nfci_tight,IS,1,True,False,-,2001-08-13,2025,25,0.0988756359318662,0.24846028347178098,1.5961772246684554,0.48910288900152055,0.07345017207292344,0.011259791737379492,97.4320987654321
us_sox_spy_ret_product_n5_pctw20,nfci,nfci_loose,IS,1,True,False,-,2001-08-13,2281,25,-0.014276205878613312,0.1807870899913892,-0.1250427325205395,0.4879600181735575,0.03110317465146322,0.011149044789983355,96.49276633055678
us_sox_spy_ret_product_n5_pctw20,nfci,nfci_tight,OOS,1,True,False,-,2001-08-13,785,13,0.9679137441807091,1.0446643459501646,15.810641896419098,0.5052356020942408,0.12766401859096593,0.011359311287654614,97.32484076433121
us_sox_spy_ret_product_n5_pctw20,nfci,nfci_loose,OOS,1,True,False,-,2001-08-13,1075,13,0.10303538996168297,0.21678391085541265,0.7595215933774109,0.4878993223620523,0.025131139326212016,-0.0019327938212090861,96.09302325581396
us_sox_spy_ret_product_n5_pctw20,stlfsi_lvl,stress_on_lvl,full,1,True,False,-,2001-08-13,2125,42,-0.0932541100463017,0.04681615465239707,-1.5491337563322682,0.4878640776699029,0.06501661294957733,-0.006340588207428442,96.94117647058823
us_sox_spy_ret_product_n5_pctw20,stlfsi_lvl,stress_off_lvl,full,1,True,False,-,2001-08-13,4041,42,0.4939850878221682,0.6395514747458724,4.81731879258848,0.49194579391459986,0.06497013499341067,0.016962411625325427,96.7829745112596
us_sox_spy_ret_product_n5_pctw20,stlfsi_lvl,stress_on_lvl,IS,1,True,False,-,2001-08-13,1860,28,-0.14925615574532283,-0.0024560394503502637,-2.4620716249480337,0.4855715871254162,0.04962985515795464,-0.001942897576452425,96.88172043010753
us_sox_spy_ret_product_n5_pctw20,stlfsi_lvl,stress_off_lvl,IS,1,True,False,-,2001-08-13,2446,27,0.3433064026736985,0.5388978545277494,3.0770603554691784,0.49072512647554806,0.07332350846364814,0.02119617290529314,96.97465249386754
us_sox_spy_ret_product_n5_pctw20,stlfsi_lvl,stress_on_lvl,OOS,1,True,False,-,2001-08-13,265,15,0.27869021699536206,0.3738617486959605,4.858656566782172,0.5038759689922481,0.21546479691955794,-0.03720739791918463,97.35849056603773
us_sox_spy_ret_product_n5_pctw20,stlfsi_lvl,stress_off_lvl,OOS,1,True,False,-,2001-08-13,1595,15,0.6898481068583291,0.7734352259383994,7.486078753211557,0.49382716049382713,0.056097888616838766,0.01046975953077933,96.48902821316614
us_sox_spy_ret_product_n5_pctw20,nfci_lvl,nfci_tight_lvl,full,1,True,False,-,2001-08-13,591,3,-0.4615857663858079,-0.3401879743288929,-10.263983791908453,0.5017482517482518,0.06686065614924731,-0.01939875494401248,96.78510998307954
us_sox_spy_ret_product_n5_pctw20,nfci_lvl,nfci_loose_lvl,full,1,True,False,-,2001-08-13,5575,4,0.3616150921571048,0.5092357777568848,3.989397386486435,0.48934987960733467,0.06436612079893257,0.011934712037500622,96.84304932735427
us_sox_spy_ret_product_n5_pctw20,nfci_lvl,nfci_tight_lvl,IS,1,True,False,-,2001-08-13,554,2,-0.6333924571197682,-0.5118441717870891,-14.03550599385785,0.5009345794392523,0.06318151515807419,0.00011151410640097916,96.57039711191335
us_sox_spy_ret_product_n5_pctw20,nfci_lvl,nfci_loose_lvl,IS,1,True,False,-,2001-08-13,3752,3,0.2668252176810673,0.448326154077758,2.8578642664369722,0.4866721626820555,0.05419587999034462,0.012838558267377231,96.98827292110875
us_sox_spy_ret_product_n5_pctw20,nfci_lvl,nfci_tight_lvl,OOS,1,True,False,-,2001-08-13,37,1,1.975859761662734,2.092444085455884,46.20691620484746,0.5135135135135135,0.11509381743582471,-0.3115254861312843,100.0
us_sox_spy_ret_product_n5_pctw20,nfci_lvl,nfci_loose_lvl,OOS,1,True,False,-,2001-08-13,1823,2,0.5415144603580913,0.6254059925918322,6.318257653313415,0.4948863636363636,0.08392265672516877,0.010074464613201653,96.54415798134941
us_sox_spy_rollcorr_w60_rz_w120,ALL,all,full,1,True,False,-,2002-01-25,6053,1,0.13632052345692533,0.15657007033038683,1.9940132404869588,0.5101497504159733,0.07279785004463833,0.0222988451843025,99.28960845861556
us_sox_spy_rollcorr_w60_rz_w120,igrea,igrea_high,full,1,True,False,-,2002-01-25,3361,36,-0.055922728552786724,-0.03362568839861213,-0.7680858035655053,0.5084084084084084,-0.0035464260341158704,-0.01676697456236519,99.07765545968462
us_sox_spy_rollcorr_w60_rz_w120,igrea,igrea_low,full,1,True,False,-,2002-01-25,2692,36,0.34731012371459324,0.3654136552933736,5.442532886497484,0.5123134328358209,0.15428924621108142,0.07107307258718143,99.55423476968797
us_sox_spy_rollcorr_w60_rz_w120,igrea,igrea_high,IS,1,True,False,-,2002-01-25,2374,25,-0.26906711098725966,-0.24244088796251015,-3.795156952273657,0.49278438030560273,0.02519946344885298,-0.029457678519066156,99.24178601516428
us_sox_spy_rollcorr_w60_rz_w120,igrea,igrea_low,IS,1,True,False,-,2002-01-25,1819,26,0.3619013128699481,0.383519754444646,5.497744487348998,0.5173745173745173,0.142308193551074,0.0993760118652938,99.67014843320506
us_sox_spy_rollcorr_w60_rz_w120,igrea,igrea_high,OOS,1,True,False,-,2002-01-25,987,11,0.5089708171659998,0.519867769928768,6.512833048545084,0.5462012320328542,-0.10119424774952683,0.013757575785363362,98.68287740628166
us_sox_spy_rollcorr_w60_rz_w120,igrea,igrea_low,OOS,1,True,False,-,2002-01-25,873,11,0.3202813649117402,0.33173032254119333,5.327492907174572,0.5017301038062284,0.17578944180250083,0.01210051067780412,99.3127147766323
us_sox_spy_rollcorr_w60_rz_w120,stlfsi,stress_on,full,1,True,False,-,2002-01-25,2298,109,0.43320349388602664,0.44883279889474187,7.387261997098377,0.5248474280732345,0.27365076626177726,0.20901294802699402,99.82593559617058
us_sox_spy_rollcorr_w60_rz_w120,stlfsi,stress_off,full,1,True,False,-,2002-01-25,3755,110,-0.1011381583820651,-0.07680631528896033,-1.306568821481893,0.5010764262648009,-0.11600276495279963,-0.0919672023077095,98.96138482023969
us_sox_spy_rollcorr_w60_rz_w120,stlfsi,stress_on,IS,1,True,False,-,2002-01-25,1573,74,0.3058115336768507,0.32453355346922375,5.3678321011446695,0.5111536010197578,0.23554059578773728,0.15705164318252662,99.74570883661794
us_sox_spy_rollcorr_w60_rz_w120,stlfsi,stress_off,IS,1,True,False,-,2002-01-25,2620,74,-0.22807435109948263,-0.19832887589120987,-2.8446203348512973,0.49884615384615383,-0.08606159809549942,-0.05198847249901068,99.23664122137404
us_sox_spy_rollcorr_w60_rz_w120,stlfsi,stress_on,OOS,1,True,False,-,2002-01-25,725,36,0.7391553485402447,0.7474461779712112,11.768728516181385,0.5544827586206896,0.37985474820135684,0.32175106184816255,100.0
us_sox_spy_rollcorr_w60_rz_w120,stlfsi,stress_off,OOS,1,True,False,-,2002-01-25,1135,36,0.16145560240504112,0.17466836774538333,2.243823218190218,0.5062724014336918,-0.18010831957183013,-0.1842529045973931,98.32599118942731
us_sox_spy_rollcorr_w60_rz_w120,epu,epu_high,full,1,True,False,-,2002-01-25,2827,50,0.20707484948222232,0.22635349792915493,3.127731012292905,0.5071123755334281,0.21005128643620144,0.13479522734171726,99.4694021931376
us_sox_spy_rollcorr_w60_rz_w120,epu,epu_low,full,1,True,False,-,2002-01-25,3226,51,0.07046730015788108,0.09164158774613644,1.0005166066074154,0.5128205128205128,-0.08703659608279622,-0.07628369429462234,99.13205207687538
us_sox_spy_rollcorr_w60_rz_w120,epu,epu_high,IS,1,True,False,-,2002-01-25,1988,34,0.06763989422371947,0.0902920701334742,1.0438404720354404,0.49519959575543204,0.20942946901134693,0.1635007746437007,99.54728370221329
us_sox_spy_rollcorr_w60_rz_w120,epu,epu_low,IS,1,True,False,-,2002-01-25,2205,34,-0.03567954023988884,-0.009549193415917433,-0.4918187032273421,0.510958904109589,-0.10230545649393133,-0.0971460785546352,99.31972789115646
us_sox_spy_rollcorr_w60_rz_w120,epu,epu_high,OOS,1,True,False,-,2002-01-25,839,17,0.5639662407221029,0.5746561333987221,8.065483567753974,0.5354141656662665,0.21183922896463075,0.06677779225668373,99.28486293206198
us_sox_spy_rollcorr_w60_rz_w120,epu,epu_low,OOS,1,True,False,-,2002-01-25,1021,17,0.28046741435362843,0.29190446979516765,4.2234346851437925,0.5168650793650794,-0.05843562375803448,-0.0312283002756915,98.72673849167482
us_sox_spy_rollcorr_w60_rz_w120,nfci,nfci_tight,full,1,True,False,-,2002-01-25,2725,36,0.5100208616088054,0.527834921759539,8.64512269508333,0.5170118343195266,0.17982721966845447,0.12093905017527848,99.22935779816514
us_sox_spy_rollcorr_w60_rz_w120,nfci,nfci_loose,full,1,True,False,-,2002-01-25,3328,37,-0.2784404897947413,-0.25492199316525715,-3.4519823315608495,0.5045372050816697,-0.08291676146866303,-0.058468750548993635,99.3389423076923
us_sox_spy_rollcorr_w60_rz_w120,nfci,nfci_tight,IS,1,True,False,-,2002-01-25,1940,24,0.30534026325350644,0.32619598460745075,5.158324582949591,0.5049248315189218,0.15744923545388737,0.09766969556797814,99.43298969072166
us_sox_spy_rollcorr_w60_rz_w120,nfci,nfci_loose,IS,1,True,False,-,2002-01-25,2253,24,-0.3265318120169865,-0.29735141515226493,-4.001977395975162,0.5022321428571429,-0.041370712848576414,-0.03490757772888203,99.42299156679982
us_sox_spy_rollcorr_w60_rz_w120,nfci,nfci_tight,OOS,1,True,False,-,2002-01-25,785,13,1.010141079824523,1.020531291707051,17.262177902139957,0.5470967741935484,0.2328594704690039,0.17844548066975313,98.72611464968153
us_sox_spy_rollcorr_w60_rz_w120,nfci,nfci_loose,OOS,1,True,False,-,2002-01-25,1075,13,-0.18112433914300477,-0.16905614586002146,-2.299295001211598,0.5093808630393997,-0.1849223365143867,-0.10784858530593451,99.16279069767442
us_sox_spy_rollcorr_w60_rz_w120,stlfsi_lvl,stress_on_lvl,full,1,True,False,-,2002-01-25,2012,42,-0.0011748961593097001,0.016949905012883022,-0.021745813062566125,0.5012481278082875,0.10554641090360962,0.01395505098232488,99.55268389662028
us_sox_spy_rollcorr_w60_rz_w120,stlfsi_lvl,stress_off_lvl,full,1,True,False,-,2002-01-25,4041,42,0.24477201220082434,0.26735885592202185,2.9976527395569046,0.5145994509608186,0.03780356323772402,0.026453191616962475,99.15862410294481
us_sox_spy_rollcorr_w60_rz_w120,stlfsi_lvl,stress_on_lvl,IS,1,True,False,-,2002-01-25,1747,28,-0.13250968229614937,-0.11329835753217174,-2.4811036503811508,0.49252013808975836,0.060861677294846,-0.02953053346234645,99.4848311390956
us_sox_spy_rollcorr_w60_rz_w120,stlfsi_lvl,stress_off_lvl,IS,1,True,False,-,2002-01-25,2446,27,0.2035161912469735,0.2364036868665808,2.177098403518411,0.5113122171945701,0.10561748606260458,0.06640322107008405,99.38675388389207
us_sox_spy_rollcorr_w60_rz_w120,stlfsi_lvl,stress_on_lvl,OOS,1,True,False,-,2002-01-25,265,15,0.9513450267869925,0.9617791802261346,16.191454722015035,0.5584905660377358,0.4814905806999299,0.3006317152270071,100.0
us_sox_spy_rollcorr_w60_rz_w120,stlfsi_lvl,stress_off_lvl,OOS,1,True,False,-,2002-01-25,1595,15,0.2975496532089847,0.3088249018625182,4.256007539525652,0.5196700507614214,-0.03181716881590018,-0.034811869224627104,98.80877742946709
us_sox_spy_rollcorr_w60_rz_w120,nfci_lvl,nfci_tight_lvl,full,1,True,False,-,2002-01-25,591,3,0.2689568286673555,0.2822843814925953,6.6592941779488175,0.48639455782312924,0.027765707572133338,-0.06646790217164895,99.49238578680203
us_sox_spy_rollcorr_w60_rz_w120,nfci_lvl,nfci_loose_lvl,full,1,True,False,-,2002-01-25,5462,4,0.11392585481054629,0.13630537599541054,1.4892199350969997,0.5127259313906307,0.08759935884204605,0.031903595767855654,99.26766752105456
us_sox_spy_rollcorr_w60_rz_w120,nfci_lvl,nfci_tight_lvl,IS,1,True,False,-,2002-01-25,554,2,0.01712203051429497,0.03115196653312657,0.42488151686727427,0.47549909255898365,-0.0109236300023479,-0.1173155911650626,99.45848375451264
us_sox_spy_rollcorr_w60_rz_w120,nfci_lvl,nfci_loose_lvl,IS,1,True,False,-,2002-01-25,3639,3,0.01685817610086178,0.045788538943554224,0.2075598399136289,0.507739082365948,0.11982318972794918,0.048316920660662566,99.42291838417148
us_sox_spy_rollcorr_w60_rz_w120,nfci_lvl,nfci_tight_lvl,OOS,1,True,False,-,2002-01-25,37,1,4.263797825794795,4.266159435653914,100.00698645468324,0.6486486486486487,0.7680294970558557,0.6948731708648691,100.0
us_sox_spy_rollcorr_w60_rz_w120,nfci_lvl,nfci_loose_lvl,OOS,1,True,False,-,2002-01-25,1823,2,0.27968980604838134,0.29112738051443054,4.047618775674229,0.5227272727272727,0.03334057162955313,-0.0008600297312800482,98.95776193088317
_EW_enabled,ALL,all,full,0,True,False,-,-,6253,1,1.011013384491724,1.092715133701032,6.007636472040289,0.525708635464733,0.12158480170876543,0.13125512712025753,97.0414201183432
_EW_enabled,igrea,igrea_high,full,0,True,False,-,-,3361,36,1.3527693359463664,1.4398084109390639,7.26718447179883,0.5322085889570553,0.1126252487549927,0.13307678528857522,96.99494198155311
_EW_enabled,igrea,igrea_low,full,0,True,False,-,-,2833,36,0.84187906696743,0.925101900303832,5.113839773900036,0.5199709513435004,0.11806282236923918,0.11611974392095621,97.21143663960467
_EW_enabled,igrea,igrea_high,IS,0,True,False,-,-,2374,25,1.019136377016381,1.1130488819425755,5.863652102078501,0.5225303292894281,0.12390104000161045,0.13442303237446676,97.21988205560235
_EW_enabled,igrea,igrea_low,IS,0,True,False,-,-,1960,26,0.30707144435614986,0.39815837456306447,1.9447836222620278,0.5086614173228347,0.12230157486021409,0.10677176413575147,97.1938775510204
_EW_enabled,igrea,igrea_high,OOS,0,True,False,-,-,987,11,2.467125295703345,2.5344647645840097,10.643056655908309,0.555672268907563,0.07448416216307052,0.12983869959262134,96.45390070921985
_EW_enabled,igrea,igrea_low,OOS,0,True,False,-,-,873,11,2.2542102767352152,2.317810553895002,12.2287882930415,0.5453474676089517,0.10793942807242628,0.1371071899450127,97.2508591065292
_EW_enabled,stlfsi,stress_on,full,0,True,False,-,-,2373,113,1.00433083975251,1.085366432381296,6.385745842187858,0.5323834196891192,0.10976479770056079,0.13923069318494424,97.59797724399493
_EW_enabled,stlfsi,stress_off,full,0,True,False,-,-,3821,114,1.182665043373426,1.2712609242390152,6.218042451102559,0.5229853975121688,0.12102569909069161,0.11668251111099126,96.78094739596965
_EW_enabled,stlfsi,stress_on,IS,0,True,False,-,-,1648,78,0.5756725057099416,0.6623310380886788,3.944313585869182,0.5270690728064716,0.11502331843248453,0.12770093090250792,97.5121359223301
_EW_enabled,stlfsi,stress_off,IS,0,True,False,-,-,2686,78,0.7666621233656081,0.8645113244230501,4.181629635314791,0.5095932463545664,0.1316745155029379,0.11836999346080564,97.02159344750558
_EW_enabled,stlfsi,stress_on,OOS,0,True,False,-,-,725,36,2.364582446217508,2.4311746101768947,11.935373922757764,0.5444287729196051,0.09272675313730264,0.16543903558695128,97.79310344827586
_EW_enabled,stlfsi,stress_off,OOS,0,True,False,-,-,1135,36,2.3243948931817653,2.3882425962194276,11.03725374908137,0.554945054945055,0.09554119397324945,0.11268905067786227,96.2114537444934
_EW_enabled,epu,epu_high,full,0,True,False,-,-,2914,52,1.0244127528213707,1.1114129553874248,6.026568430712694,0.5207226354941552,0.10205208963607929,0.1221512228323593,96.87714481811942
_EW_enabled,epu,epu_low,full,0,True,False,-,-,3280,53,1.174803460032629,1.2579223908664148,6.509480085999354,0.5318082105922908,0.13134120836665175,0.12813708736264492,97.28658536585367
_EW_enabled,epu,epu_high,IS,0,True,False,-,-,2075,36,0.5098714117104536,0.6065161695123604,3.0979001340783374,0.5034791252485089,0.08962851763449449,0.10960712936391669,96.96385542168674
_EW_enabled,epu,epu_low,IS,0,True,False,-,-,2259,36,0.8374517565088736,0.9258314307568377,5.0039589250798535,0.5279418446160836,0.16820238925138428,0.13322626964715797,97.43249225320938
_EW_enabled,epu,epu_high,OOS,0,True,False,-,-,839,17,2.479193345110684,2.5394102521204283,13.269699200100401,0.5635018495684341,0.14340087363946108,0.15317505352010474,96.6626936829559
_EW_enabled,epu,epu_low,OOS,0,True,False,-,-,1021,17,2.2229883223785443,2.2932297395249264,9.840500950364833,0.5404040404040404,0.05355617041405517,0.11687708463912386,96.9637610186092
_EW_enabled,nfci,nfci_tight,full,0,True,False,-,-,2810,37,1.1174223080770735,1.2010553781005775,6.979832365446605,0.5277777777777778,0.10092237100933299,0.1237163127577976,97.36654804270462
_EW_enabled,nfci,nfci_loose,full,0,True,False,-,-,3384,38,1.0943351641933774,1.181360460373006,5.703069190978046,0.5256253813300793,0.13747793221198026,0.12665350798864036,96.8676122931442
_EW_enabled,nfci,nfci_tight,IS,0,True,False,-,-,2025,25,0.6014930327772826,0.6925769670306365,3.9154688731089635,0.516979219462747,0.10347271386612,0.11429150754202665,97.4320987654321
_EW_enabled,nfci,nfci_loose,IS,0,True,False,-,-,2309,25,0.7631733784495592,0.8574840685204789,4.245674110836851,0.515625,0.15286190771956257,0.12860659757057297,97.01169337375487
_EW_enabled,nfci,nfci_tight,OOS,0,True,False,-,-,785,13,2.7151037831177596,2.776879077162339,14.88471908134944,0.5557011795543906,0.09374472621354404,0.14802870837809845,97.19745222929936
_EW_enabled,nfci,nfci_loose,OOS,0,True,False,-,-,1075,13,2.027424989078875,2.096204109186057,8.833418251485973,0.5472061657032755,0.09592328448438285,0.12245845324940097,96.55813953488372
_EW_enabled,stlfsi_lvl,stress_on_lvl,full,0,True,False,-,-,2212,42,0.618250371485248,0.6940282337391926,4.886131503813699,0.5272981801213252,0.1350645385769093,0.14269111156329242,96.88065099457505
_EW_enabled,stlfsi_lvl,stress_off_lvl,full,0,True,False,-,-,4041,42,1.4640448484779953,1.5579168287338954,6.6215362467785255,0.5248407643312102,0.10449591026880059,0.12499519205765094,97.12942341004702
_EW_enabled,stlfsi_lvl,stress_on_lvl,IS,0,True,False,-,-,1947,28,0.4340827086024846,0.5096225633353584,3.5731514825126682,0.5201698513800425,0.14595473211526863,0.1442828715242097,96.76425269645608
_EW_enabled,stlfsi_lvl,stress_off_lvl,IS,0,True,False,-,-,2446,27,0.9027270090209853,1.0212219426395912,3.8546180801345162,0.5111204364246748,0.09796593689878998,0.11936802359175004,97.42436631234669
_EW_enabled,stlfsi_lvl,stress_on_lvl,OOS,0,True,False,-,-,265,15,3.0155661048779767,3.1036431271297023,14.532818679183922,0.5791505791505791,0.022467413861889992,0.1309961808315716,97.73584905660377
_EW_enabled,stlfsi_lvl,stress_off_lvl,OOS,0,True,False,-,-,1595,15,2.2289417490015393,2.2900378885011348,10.864722350610029,0.5460440985732814,0.11069091055049078,0.13362469304046823,96.67711598746081
_EW_enabled,nfci_lvl,nfci_tight_lvl,full,0,True,False,-,-,591,3,0.4588792092681147,0.5320000326805366,3.832855096028508,0.5404929577464789,0.10287898250150035,0.11291703811595455,96.1082910321489
_EW_enabled,nfci_lvl,nfci_loose_lvl,full,0,True,False,-,-,5662,4,1.1069482887792021,1.1908546310817252,6.2346403210729555,0.5241818181818182,0.12705070926463902,0.13316925827559895,97.1388202048746
_EW_enabled,nfci_lvl,nfci_tight_lvl,IS,0,True,False,-,-,554,2,0.3123787234263511,0.3850510914618021,2.6545141606425093,0.5329566854990584,0.1060441338314843,0.10738368217589102,95.84837545126354
_EW_enabled,nfci_lvl,nfci_loose_lvl,IS,0,True,False,-,-,3839,3,0.6514543792700399,0.7433629217439067,3.8850536377872475,0.5125802997858673,0.141824855436872,0.13373336197906052,97.31700963792655
_EW_enabled,nfci_lvl,nfci_tight_lvl,OOS,0,True,False,-,-,37,1,3.750296550439764,3.8404602525962885,21.476122074510755,0.6486486486486487,0.03515210141640926,0.19576782705636525,100.0
_EW_enabled,nfci_lvl,nfci_loose_lvl,OOS,0,True,False,-,-,1823,2,2.3066872060078514,2.3710596040956946,11.182563128058053,0.5487528344671202,0.0967200559433496,0.1319813295221217,96.76357652221613
_buy_and_hold,ALL,all,full,0,True,True,-,-,6253,1,0.7028989408582179,0.70294679688127,15.799221872605852,0.5378218455141532,0.9999928697910678,1.0,100.0
_buy_and_hold,igrea,igrea_high,full,0,True,True,-,-,3361,36,1.1468848604161397,1.1468848604161397,24.070171054059628,0.5498363582267183,0.9999999999999999,1.0,100.0
_buy_and_hold,igrea,igrea_low,full,0,True,True,-,-,2833,36,0.3116655994557221,0.3116655994557221,7.507683232550937,0.5266501941404871,0.9999999999999999,1.0,100.0
_buy_and_hold,igrea,igrea_high,IS,0,True,True,-,-,2374,25,0.873019241088688,0.873019241088688,19.126269233625518,0.5417017691659646,0.9999999999999994,1.0,100.0
_buy_and_hold,igrea,igrea_low,IS,0,True,True,-,-,1960,26,0.15568056230795727,0.15568056230795727,3.755696281037851,0.5178571428571429,0.9999999999999999,1.0,100.0
_buy_and_hold,igrea,igrea_high,OOS,0,True,True,-,-,987,11,1.935914359809469,1.935914359809469,35.96158232225676,0.569402228976697,0.9999999999999998,1.0,100.0
_buy_and_hold,igrea,igrea_low,OOS,0,True,True,-,-,873,11,0.6634097256370046,0.6634097256370046,15.931388186692574,0.5463917525773195,1.0000000000000002,1.0,100.0
_buy_and_hold,stlfsi,stress_on,full,0,True,True,-,-,2373,113,0.5794501646169633,0.5794501646169633,14.7373553624953,0.5398230088495575,1.0000000000000002,1.0,100.0
_buy_and_hold,stlfsi,stress_off,full,0,True,True,-,-,3821,114,0.8618359108549801,0.8618359108549801,17.58633007990313,0.5388641716828055,0.9999999999999999,1.0,100.0
_buy_and_hold,stlfsi,stress_on,IS,0,True,True,-,-,1648,78,0.4372113959147475,0.4372113959147475,11.633343540438004,0.5297330097087378,1.0,1.0,100.0
_buy_and_hold,stlfsi,stress_off,IS,0,True,True,-,-,2686,78,0.6140394185014193,0.6140394185014193,12.507512180498637,0.5316455696202531,0.9999999999999999,1.0,100.0
_buy_and_hold,stlfsi,stress_on,OOS,0,True,True,-,-,725,36,0.9665380375174427,0.9665380375174427,21.793095338702788,0.5627586206896552,0.9999999999999993,1.0,100.0
_buy_and_hold,stlfsi,stress_off,OOS,0,True,True,-,-,1135,36,1.4455301251722386,1.4455301251722386,29.605453320255965,0.5559471365638766,0.9999999999999997,1.0,100.0
_buy_and_hold,epu,epu_high,full,0,True,True,-,-,2914,52,0.5746170025307256,0.5746170025307256,13.843084815769252,0.5305422100205902,0.9999999999999999,1.0,100.0
_buy_and_hold,epu,epu_low,full,0,True,True,-,-,3280,53,0.9013462414229397,0.9013462414229397,18.850720230902322,0.5469512195121952,1.0,1.0,100.0
_buy_and_hold,epu,epu_high,IS,0,True,True,-,-,2075,36,0.27325857051357444,0.27325857051357444,6.860222383190908,0.5142168674698795,0.9999999999999998,1.0,100.0
_buy_and_hold,epu,epu_low,IS,0,True,True,-,-,2259,36,0.8219274690166404,0.8219274690166404,17.05709005150068,0.5462594068171758,0.9999999999999999,1.0,100.0
_buy_and_hold,epu,epu_high,OOS,0,True,True,-,-,839,17,1.457143838189311,1.457143838189311,31.11297700599578,0.5709177592371871,1.0000000000000002,1.0,100.0
_buy_and_hold,epu,epu_low,OOS,0,True,True,-,-,1021,17,1.072589028118871,1.072589028118871,22.819192880528483,0.5484818805093046,1.0,1.0,100.0
_buy_and_hold,nfci,nfci_tight,full,0,True,True,-,-,2810,37,0.44126411904673196,0.44126411904673196,11.401550022856469,0.5263345195729537,1.0000000000000002,1.0,100.0
_buy_and_hold,nfci,nfci_loose,full,0,True,True,-,-,3384,38,1.0785166996890718,1.0785166996890718,20.72421866024957,0.5499408983451537,1.0000000000000002,1.0,100.0
_buy_and_hold,nfci,nfci_tight,IS,0,True,True,-,-,2025,25,0.38231600961964163,0.38231600961964163,9.950787835880034,0.5160493827160494,0.9999999999999998,1.0,100.0
_buy_and_hold,nfci,nfci_loose,IS,0,True,True,-,-,2309,25,0.7118380912204632,0.7118380912204632,14.12584777124474,0.5439584235599827,1.0,1.0,100.0
_buy_and_hold,nfci,nfci_tight,OOS,0,True,True,-,-,785,13,0.5971949659617176,0.5971949659617176,15.143962033846636,0.5528662420382165,1.0,1.0,100.0
_buy_and_hold,nfci,nfci_loose,OOS,0,True,True,-,-,1075,13,1.9642329662303848,1.9642329662303848,34.89690552788878,0.5627906976744186,1.0000000000000002,1.0,100.0
_buy_and_hold,stlfsi_lvl,stress_on_lvl,full,0,True,True,-,-,2212,42,0.6628607745002801,0.6629711517615905,18.742465258206845,0.5311934900542495,0.999987308080221,1.0,100.0
_buy_and_hold,stlfsi_lvl,stress_off_lvl,full,0,True,True,-,-,4041,42,0.7646588156223054,0.7646588156223054,14.18812205351419,0.5414501361049245,1.0000000000000004,1.0,100.0
_buy_and_hold,stlfsi_lvl,stress_on_lvl,IS,0,True,True,-,-,1947,28,0.5546790273542946,0.5548039304934986,15.954221364397975,0.522342064714946,0.9999860137672065,1.0,100.0
_buy_and_hold,stlfsi_lvl,stress_off_lvl,IS,0,True,True,-,-,2446,27,0.4417724759612136,0.4417724759612136,7.4928379942238275,0.5343417825020441,1.0000000000000002,1.0,100.0
_buy_and_hold,stlfsi_lvl,stress_on_lvl,OOS,0,True,True,-,-,265,15,1.6075306388772563,1.6075306388772563,39.2281666213988,0.5962264150943396,1.0,1.0,100.0
_buy_and_hold,stlfsi_lvl,stress_off_lvl,OOS,0,True,True,-,-,1595,15,1.1784759079166958,1.1784759079166958,24.45562350117828,0.5523510971786834,1.0,1.0,100.0
_buy_and_hold,nfci_lvl,nfci_tight_lvl,full,0,True,True,-,-,591,3,0.5711361861760116,0.5711361861760116,19.855950314000527,0.5482233502538071,1.0000000000000004,1.0,100.0
_buy_and_hold,nfci_lvl,nfci_loose_lvl,full,0,True,True,-,-,5662,4,0.739771819069233,0.7398281475952406,15.375780242640422,0.5367361356411162,0.9999907854603675,1.0,100.0
_buy_and_hold,nfci_lvl,nfci_tight_lvl,IS,0,True,True,-,-,554,2,0.34358646445649016,0.34358646445649016,12.028549499464408,0.5415162454873647,0.9999999999999998,1.0,100.0
_buy_and_hold,nfci_lvl,nfci_loose_lvl,IS,0,True,True,-,-,3839,3,0.5390906838691073,0.5391769621103326,11.129599975944531,0.5272206303724928,0.9999861482076944,1.0,100.0
_buy_and_hold,nfci_lvl,nfci_tight_lvl,OOS,0,True,True,-,-,37,1,4.513899100505068,4.513899100505068,137.05541115867643,0.6486486486486487,0.9999999999999999,1.0,100.0
_buy_and_hold,nfci_lvl,nfci_loose_lvl,OOS,0,True,True,-,-,1823,2,1.1541628872557588,1.1541628872557588,24.317681528348338,0.5567745474492595,0.9999999999999999,1.0,100.0
