regime,cand,series,transform,window,variant,shift,sign_IS,SR_IS,SR_OOS,SR_net,SR_gross,SR_of_SR,positive_years,yr_sr_min,n_years,beta,mean_exec_w,abs_exec_w,max_dd_pct,max_dd_days,turnover_ann,held_pct,n_bars,start_date,end_date,gate_srsr,gate_posyr,gate_beta,gate_nyr,n_gates
full,us_dxy_broad|selfz|w60,us_dxy_broad,selfz,60,c2c,2,-1,0.20242720150275928,0.16838848991037003,0.1896868941184138,0.22412283560703525,0.0757807772577119,0.5238095238095238,-1.5522406108260154,21,-0.16592838428204215,-0.004208791844507864,0.6069050384266786,-45.34450534888485,3188,28.159964136952574,99.59871589085071,4984,2006-05-25,2026-08-31,False,False,False,True,1
full,us_dxy_broad|selfz|w60,us_dxy_broad,selfz,60,o2o,2,-1,0.21903874073250879,0.19266021593773255,0.20952179291662898,0.24256356133313375,0.12632101558962622,0.6190476190476191,-1.4889823833396385,21,-0.20060374512311077,-0.004208791844507864,0.6069050384266786,-44.378425432484214,2809,28.159964136952574,99.59871589085071,4984,2006-05-25,2026-08-31,False,False,False,True,1
full,us_dxy_broad|selfz|w60,us_dxy_broad,selfz,60,day,1,1,0.024578416929826902,-0.2307727488796166,-0.05987434131163727,-0.012847752105163153,-0.15755288193496217,0.3333333333333333,-2.270457111614581,21,0.17267894053199057,0.0040318277646730315,0.6069594119688463,-34.357047165992306,2494,28.154765980865935,99.5987963891675,4985,2006-05-24,2026-08-31,False,False,False,True,1
full,us_dxy_broad|selfz|w120,us_dxy_broad,selfz,120,c2c,2,-1,0.2953862466552404,0.3636036532421508,0.3212958205905448,0.34538313434722295,0.252813742241812,0.5238095238095238,-1.0931798180247911,21,-0.20636583556123622,-0.00034198579593835326,0.6222291283122664,-36.80378235685403,2486,20.611466384104713,99.45498587000404,4954,2006-07-07,2026-08-31,False,False,False,True,1
full,us_dxy_broad|selfz|w120,us_dxy_broad,selfz,120,o2o,2,-1,0.3339577460698117,0.3958253845057873,0.3556487053500805,0.3786828736313899,0.31552489715220383,0.6190476190476191,-1.231952306678221,21,-0.2315356737057525,-0.00034198579593835326,0.6222291283122664,-34.130359615070205,1871,20.611466384104713,99.45498587000404,4954,2006-07-07,2026-08-31,False,False,False,True,1
full,us_dxy_broad|selfz|w120,us_dxy_broad,selfz,120,day,1,-1,-0.01170373331256429,0.3753965122706479,0.11845177004667848,0.1513385341795497,0.18510297342317558,0.6666666666666666,-1.1007630964392814,21,-0.20311010793068351,-0.00020010828684064965,0.6222453607932897,-47.04349474369422,4381,20.6089949515972,99.45509586276489,4955,2006-07-06,2026-08-31,False,True,False,True,2
full,us_dxy_broad|selfz|w252,us_dxy_broad,selfz,252,c2c,2,-1,0.24518430309878508,0.41361002246214346,0.3104258778331224,0.3275015469489995,0.3541492109552653,0.5714285714285714,-1.21549745576828,21,-0.23296431422138075,0.019833977772700885,0.6760170512268486,-45.73220921215041,3160,15.66666370354502,99.42716857610475,4888,2006-10-12,2026-08-31,False,False,False,True,1
full,us_dxy_broad|selfz|w252,us_dxy_broad,selfz,252,o2o,2,-1,0.25454424466225223,0.45767942578741866,0.3281369045919162,0.3447096275140572,0.38011338073614687,0.6666666666666666,-1.455993542791294,21,-0.2623937630240722,0.019833977772700885,0.6760170512268486,-44.68407522525107,3155,15.66666370354502,99.42716857610475,4888,2006-10-12,2026-08-31,False,True,False,True,2
full,us_dxy_broad|selfz|w252,us_dxy_broad,selfz,252,day,1,1,0.008747524727873478,-0.32946137651330365,-0.10802554528809591,-0.08468355295625511,-0.22135364080622882,0.38095238095238093,-2.577011981988379,21,0.2247875176780738,-0.019986035808114613,0.6760348930476061,-46.56255884048138,1439,15.66592309133946,99.42728574350583,4889,2006-10-11,2026-08-31,False,False,False,True,1
full,us_dxy_broad|robustz|w60,us_dxy_broad,robustz,60,c2c,2,-1,0.3448638252774844,0.24474451983986062,0.3052709714320979,0.33516050042363393,0.24054628382030532,0.5714285714285714,-1.2547280249697736,21,-0.11696311871028789,0.02698169745984791,0.5522254899496285,-38.832411390295576,1368,23.525249632573903,99.19273461150352,4955,2006-07-06,2026-08-31,False,False,True,True,2
full,us_dxy_broad|robustz|w60,us_dxy_broad,robustz,60,o2o,2,-1,0.35198558157351967,0.2604890901048117,0.31788118671761206,0.34636604431771095,0.2768275887706399,0.5714285714285714,-1.1271850762779099,21,-0.15502102895158784,0.02698169745984791,0.5522254899496285,-38.34273347479669,1357,23.525249632573903,99.19273461150352,4955,2006-07-06,2026-08-31,False,False,False,True,1
full,us_dxy_broad|robustz|w60,us_dxy_broad,robustz,60,day,1,-1,-0.0018965589450454178,0.15091461979323245,0.05151741999957486,0.09254227384516632,0.11428584099391076,0.6190476190476191,-1.7709788244329718,21,-0.13265664640612942,0.027123587558588017,0.5522613986535967,-38.153086309193796,4381,23.52075316592045,99.19289749798224,4956,2006-07-05,2026-08-31,False,False,True,True,2
full,us_dxy_broad|robustz|w120,us_dxy_broad,robustz,120,c2c,2,-1,0.3778149183890269,0.2531963015277131,0.3303133854985485,0.3504682193059223,0.3215204688243659,0.6190476190476191,-1.314193045249072,21,-0.19290277316169258,0.021701433037645282,0.6136630384811805,-41.3662147876695,2754,17.77179585269786,99.48927477017364,4895,2006-09-28,2026-08-31,False,False,False,True,1
full,us_dxy_broad|robustz|w120,us_dxy_broad,robustz,120,o2o,2,-1,0.37106060204430047,0.32196530720241334,0.3532068534989778,0.3724807438500431,0.37708699389740513,0.6666666666666666,-1.24667326304298,21,-0.23484725954932512,0.021701433037645282,0.6136630384811805,-35.29708223717497,1326,17.77179585269786,99.48927477017364,4895,2006-09-28,2026-08-31,False,True,False,True,2
full,us_dxy_broad|robustz|w120,us_dxy_broad,robustz,120,day,1,-1,0.09357560204457625,0.3468512932309121,0.17772882966682413,0.2053892111662578,0.2360596614471964,0.7142857142857143,-1.7795077266289185,21,-0.209888866199201,0.02179586191991761,0.6136365601727986,-39.59456519628429,4350,17.768616045890152,99.48937908496733,4896,2006-09-27,2026-08-31,False,True,False,True,2
full,us_dxy_broad|robustz|w252,us_dxy_broad,robustz,252,c2c,2,-1,0.24433055338160398,0.35884832782491916,0.288195964228739,0.300914441046449,0.3561134640733774,0.65,-1.0055902888346386,20,-0.284018497297786,-0.02326889442908671,0.7029353539829273,-44.97325416371048,2810,12.631222914728694,99.37014486668066,4763,2007-04-17,2026-08-31,False,True,False,True,2
full,us_dxy_broad|robustz|w252,us_dxy_broad,robustz,252,o2o,2,-1,0.2316162729751272,0.40011104020862587,0.29119020391757233,0.3035427956794393,0.36761103203459145,0.7,-1.203425156916904,20,-0.31331845953906134,-0.02326889442908671,0.7029353539829273,-48.70995897322254,3368,12.631222914728694,99.37014486668066,4763,2007-04-17,2026-08-31,False,True,False,True,2
full,us_dxy_broad|robustz|w252,us_dxy_broad,robustz,252,day,1,1,0.056718101196971966,-0.3396268699862338,-0.07660826082084457,-0.059314750441388626,-0.20310550459382337,0.35,-1.9967299541042758,20,0.27444704742056664,0.023073327247976325,0.702978485343632,-52.85950792552965,3786,12.629492360389607,99.37027707808565,4764,2007-04-16,2026-08-31,False,False,False,True,1
full,us_dxy_broad|bdtanh|w60,us_dxy_broad,bdtanh,60,c2c,2,-1,0.10553278797539613,0.16880252870943974,0.1291327627527472,0.15935428466759977,0.029673915805386315,0.42857142857142855,-1.7094115178674836,21,-0.16815850578598457,-0.011639721307033979,0.6626017175932288,-60.907885890056335,4381,25.93886472505959,99.6589085072231,4984,2006-05-25,2026-08-31,False,False,False,True,1
full,us_dxy_broad|bdtanh|w60,us_dxy_broad,bdtanh,60,o2o,2,-1,0.11497814566827562,0.19041057316226442,0.1415991206776793,0.17068187563964768,0.06747847741803789,0.5714285714285714,-1.8170668488432107,21,-0.19999849270374973,-0.011639721307033979,0.6626017175932288,-50.40924450654172,4380,25.93886472505959,99.6589085072231,4984,2006-05-25,2026-08-31,False,False,False,True,1
full,us_dxy_broad|bdtanh|w60,us_dxy_broad,bdtanh,60,day,1,1,0.12995933701917695,-0.20069545952496412,0.022270916896588146,0.06360900033199937,-0.09785115727864982,0.2857142857142857,-2.230593342097129,21,0.17068890415870788,0.011464539009185495,0.6626416458411474,-35.303455158195426,2320,25.933718250743578,99.65897693079238,4985,2006-05-24,2026-08-31,False,False,False,True,1
full,us_dxy_broad|bdtanh|w120,us_dxy_broad,bdtanh,120,c2c,2,-1,0.22462288930236138,0.4033202719209405,0.29222364258927336,0.3136796648402525,0.2570851483470494,0.47619047619047616,-0.7957124148377814,21,-0.20830164387413744,-0.015093534951453835,0.6662631197605138,-38.67078183285148,2486,18.956878011935274,99.61647153815099,4954,2006-07-07,2026-08-31,False,False,False,True,1
full,us_dxy_broad|bdtanh|w120,us_dxy_broad,bdtanh,120,o2o,2,-1,0.25368701771131,0.47289634538958353,0.3303762193720978,0.35089711539194646,0.37197086305671595,0.5714285714285714,-0.8014808188848724,21,-0.23671400820024988,-0.015093534951453835,0.6662631197605138,-35.796380350758696,2337,18.956878011935274,99.61647153815099,4954,2006-07-07,2026-08-31,False,False,False,True,1
full,us_dxy_broad|bdtanh|w120,us_dxy_broad,bdtanh,120,day,1,1,-0.0014661693320584211,-0.4340065617703819,-0.14488619451236773,-0.11570991994036477,-0.34775557723936756,0.23809523809523808,-2.1055738382406495,21,0.20048155015367985,0.014934553787790775,0.6662845920130341,-58.12484907553328,4225,18.95366021010654,99.61654894046418,4955,2006-07-06,2026-08-31,False,False,False,True,1
full,us_dxy_broad|bdtanh|w252,us_dxy_broad,bdtanh,252,c2c,2,-1,0.2417616917755647,0.49405461037767967,0.337278215537153,0.35300922162307435,0.3632987895343325,0.6190476190476191,-1.2114200407649731,21,-0.2383730554906669,-0.0034605812210742144,0.6839221678755232,-50.00853029334243,3476,14.13147302127131,99.52945990180034,4888,2006-10-12,2026-08-31,False,False,False,True,1
full,us_dxy_broad|bdtanh|w252,us_dxy_broad,bdtanh,252,o2o,2,-1,0.22407908343257904,0.5536086993584571,0.3402870578934295,0.3554703546345918,0.40191531852373363,0.6190476190476191,-1.4896890403826002,21,-0.2665237207080525,-0.0034605812210742144,0.6839221678755232,-54.45169096446273,3464,14.13147302127131,99.52945990180034,4888,2006-10-12,2026-08-31,False,False,False,True,1
full,us_dxy_broad|bdtanh|w252,us_dxy_broad,bdtanh,252,day,1,1,-0.006166017764095718,-0.27992724503321814,-0.09884410672029172,-0.07749881997262711,-0.2530246624444069,0.38095238095238093,-2.9293938505922132,21,0.21901803515491122,0.003329611906297777,0.683912539368844,-44.90226983090647,2345,14.12962741591768,99.52955614645121,4889,2006-10-11,2026-08-31,False,False,False,True,1
full,us_dxy_broad|rankc|w60,us_dxy_broad,rankc,60,c2c,2,-1,0.15711171448430725,0.17032313254596693,0.16201322171704746,0.19888169210076131,0.034045016028329496,0.5238095238095238,-1.5712785950351116,21,-0.17436264251952666,-0.01457868666380008,0.6474594566132396,-52.478920224010984,4381,30.925999878570988,99.45826645264847,4984,2006-05-25,2026-08-31,False,False,False,True,1
full,us_dxy_broad|rankc|w60,us_dxy_broad,rankc,60,o2o,2,-1,0.13566653204610388,0.20997560242073154,0.16185776227100573,0.19742265480906093,0.09189195347410026,0.5714285714285714,-1.4924621642608862,21,-0.21100897527917983,-0.01457868666380008,0.6474594566132396,-45.351078370870525,3508,30.925999878570988,99.45826645264847,4984,2006-05-25,2026-08-31,False,False,False,True,1
full,us_dxy_broad|rankc|w60,us_dxy_broad,rankc,60,day,1,1,0.11963145376241961,-0.24352285009664776,0.001918654372409573,0.052305814597865846,-0.09659273035157678,0.3333333333333333,-2.7196260980694613,21,0.18482715346611825,0.014404608913551964,0.6475007283166918,-38.006449196507205,2320,30.919872302169075,99.45837512537614,4985,2006-05-24,2026-08-31,False,False,False,True,1
full,us_dxy_broad|rankc|w120,us_dxy_broad,rankc,120,c2c,2,-1,0.2565093994793651,0.39520089857286955,0.30836727247054824,0.3350811063434692,0.22880887837338082,0.47619047619047616,-0.9512961017375187,21,-0.20712565448170311,-0.017724487320407142,0.6637928240731453,-41.703249721369886,2688,23.388004732742843,99.65684295518773,4954,2006-07-07,2026-08-31,False,False,False,True,1
full,us_dxy_broad|rankc|w120,us_dxy_broad,rankc,120,o2o,2,-1,0.23207792747158973,0.43542124417225264,0.3028521277354304,0.3285336619355805,0.3078848729434891,0.6190476190476191,-1.0860796268033766,21,-0.23931872893481224,-0.017724487320407142,0.6637928240731453,-38.579462720538245,2805,23.388004732742843,99.65684295518773,4954,2006-07-07,2026-08-31,False,False,False,True,1
full,us_dxy_broad|rankc|w120,us_dxy_broad,rankc,120,day,1,1,0.0483296617568982,-0.43142915816295885,-0.10892722527334059,-0.07260986716402795,-0.265865817734706,0.3333333333333333,-2.6686398173827146,21,0.20785522145101756,0.017562753022714376,0.6638170170365507,-57.21976340156709,3786,23.385596720773215,99.656912209889,4955,2006-07-06,2026-08-31,False,False,False,True,1
full,us_dxy_broad|rankc|w252,us_dxy_broad,rankc,252,c2c,2,-1,0.29463028915072037,0.5284568845296139,0.3836138343284953,0.4038325217001432,0.396383865242695,0.6190476190476191,-1.2055378195266007,21,-0.22255670178066894,-0.004136162877552929,0.6833057434835484,-47.94640965353068,3462,17.95051786776971,99.59083469721767,4888,2006-10-12,2026-08-31,False,False,False,True,1
full,us_dxy_broad|rankc|w252,us_dxy_broad,rankc,252,o2o,2,-1,0.241271664449524,0.580542261936255,0.36119529007592055,0.38078504643949984,0.4534588857348495,0.7142857142857143,-1.4646211837524008,21,-0.2526530682671591,-0.004136162877552929,0.6833057434835484,-50.87426309454608,3372,17.95051786776971,99.59083469721767,4888,2006-10-12,2026-08-31,False,True,False,True,2
full,us_dxy_broad|rankc|w252,us_dxy_broad,rankc,252,day,1,1,0.04400230685333956,-0.4356140277285017,-0.11841701024207141,-0.09085803966785826,-0.30315394328380085,0.38095238095238093,-2.466635341956201,21,0.21819052060302122,0.004016104944957475,0.6832851914946138,-61.10359868169895,3786,17.949980203889815,99.59091838821845,4889,2006-10-11,2026-08-31,False,False,False,True,1
full,us_dxy_broad|signth|w60,us_dxy_broad,signth,60,c2c,2,-1,0.10234563601390326,0.09558050988303526,0.09985813598266098,0.12693680691922557,0.014090048508343837,0.5238095238095238,-1.7515795765437625,21,-0.15584936158117427,-0.006579801123256392,0.6754589949255174,-57.50063614763934,4381,22.924123128755404,99.68260265820274,5041,2006-03-03,2026-08-31,False,False,False,True,1
full,us_dxy_broad|signth|w60,us_dxy_broad,signth,60,o2o,2,-1,0.10821975149168137,0.0933390492646723,0.10294192920061328,0.1294664886761276,0.030646702060415622,0.6190476190476191,-1.8416735263623691,21,-0.18422121337502406,-0.006579801123256392,0.6754589949255174,-47.7212366820148,2688,22.924123128755404,99.68260265820274,5041,2006-03-03,2026-08-31,False,False,False,True,1
full,us_dxy_broad|signth|w60,us_dxy_broad,signth,60,day,1,1,0.05298858845930856,-0.12188199837621701,-0.0028625586723628736,0.0343463809287341,-0.11669885938694848,0.3333333333333333,-1.9556697179933873,21,0.15151105646554835,0.006413010215770119,0.6754905143542157,-33.104974813510196,2933,22.91957649584609,99.68266560888537,5042,2006-03-02,2026-08-31,False,False,False,True,1
full,us_dxy_broad|signth|w120,us_dxy_broad,signth,120,c2c,2,-1,0.04000914641258467,0.3076907621542617,0.1392722604008801,0.15858404802973625,0.1432885758704337,0.47619047619047616,-0.8917702007804316,21,-0.15811811809168166,0.005863321844167208,0.6710982294686709,-39.59495307487019,4150,16.575870136025383,99.90031897926634,5016,2006-04-10,2026-08-31,False,False,False,True,1
full,us_dxy_broad|signth|w120,us_dxy_broad,signth,120,o2o,2,-1,0.018930297902553305,0.37131513597391425,0.1401173595590392,0.15872226373906165,0.14375313630097872,0.5238095238095238,-1.0038732122482477,21,-0.19538857599305492,0.005863321844167208,0.6710982294686709,-44.96396917046969,4152,16.575870136025383,99.90031897926634,5016,2006-04-10,2026-08-31,False,False,False,True,1
full,us_dxy_broad|signth|w120,us_dxy_broad,signth,120,day,1,1,0.12075354119001556,-0.35304964828646035,-0.03106552294066175,-0.0049484381608501105,-0.22376852317217952,0.38095238095238093,-2.082217824578137,21,0.14284107125385126,-0.006007836404029065,0.6711101478739336,-46.36025174814037,3676,16.57256619539632,99.90033884791708,5017,2006-04-07,2026-08-31,False,False,True,True,2
full,us_dxy_broad|signth|w252,us_dxy_broad,signth,252,c2c,2,-1,0.17341240141369896,0.6609522114798725,0.3593431881082441,0.3755970602325877,0.38803274473346006,0.7142857142857143,-1.5210724074654447,21,-0.22066826065135928,0.01994143374663348,0.6952327269371411,-54.03492175425208,3395,14.596245380034881,100.0,4646,2006-07-13,2026-08-31,False,True,False,True,2
full,us_dxy_broad|signth|w252,us_dxy_broad,signth,252,o2o,2,-1,0.14046203698837204,0.6772977909166477,0.3285971507256211,0.34431087460967563,0.36103256166172276,0.7142857142857143,-1.66502983895617,21,-0.25802093425025197,0.01994143374663348,0.6952327269371411,-63.17826141581327,3951,14.596245380034881,100.0,4646,2006-07-13,2026-08-31,False,True,False,True,2
full,us_dxy_broad|signth|w252,us_dxy_broad,signth,252,day,1,1,-0.020394783126098326,-0.25437145098653446,-0.09903330285337059,-0.07690185040466269,-0.23311040566142305,0.38095238095238093,-2.1237143781805936,21,0.18745323235673678,-0.02003428309430377,0.6951802585974453,-46.4043015388828,2196,14.593104376079635,100.0,4647,2006-07-12,2026-08-31,False,False,False,True,1
full,us_dxy_broad|dev|w60,us_dxy_broad,dev,60,c2c,2,-1,0.10199779696679677,0.10909216388830609,0.10460161058425342,0.13257508997690634,-0.07585718635140944,0.42857142857142855,-1.9476901220660883,21,-0.2032783702141036,-0.027280225868299073,0.5908621524117081,-44.69963815367785,4381,23.654584048026948,99.41813804173356,4984,2006-05-25,2026-08-31,False,False,False,True,1
full,us_dxy_broad|dev|w60,us_dxy_broad,dev,60,o2o,2,-1,0.12565612226643452,0.11620427861844569,0.12219610850916192,0.14876833049222205,-0.0690286690059867,0.42857142857142855,-1.7020761260031003,21,-0.23612523950983674,-0.027280225868299073,0.5908621524117081,-44.452207624342435,4380,23.654584048026948,99.41813804173356,4984,2006-05-25,2026-08-31,False,False,False,True,1
full,us_dxy_broad|dev|w60,us_dxy_broad,dev,60,day,1,1,0.10890067026533096,-0.21407854025435605,0.005167847601211275,0.04348442306781489,-0.018713114760519862,0.42857142857142855,-2.448859260728819,21,0.2064889940493926,0.02709370110155428,0.5909246767013657,-35.19683400670739,2231,23.650500479337065,99.41825476429288,4985,2006-05-24,2026-08-31,False,False,False,True,1
full,us_dxy_broad|dev|w120,us_dxy_broad,dev,120,c2c,2,-1,0.15327858602075733,0.1270469833099304,0.1435396202563487,0.16375828664430322,-0.06657793515400151,0.47619047619047616,-2.403585650087746,21,-0.23143317209656697,-0.02676786398180974,0.6255884582102872,-38.8260648298757,2771,17.70455970869333,99.43480016148567,4954,2006-07-07,2026-08-31,False,False,False,True,1
full,us_dxy_broad|dev|w120,us_dxy_broad,dev,120,o2o,2,-1,0.16768429109085242,0.15694040870649734,0.16365180202148263,0.183053929025938,-0.056566094166004166,0.5238095238095238,-2.4912329216293085,21,-0.26326886169714403,-0.02676786398180974,0.6255884582102872,-35.36839943500148,2721,17.70455970869333,99.43480016148567,4954,2006-07-07,2026-08-31,False,False,False,True,1
full,us_dxy_broad|dev|w120,us_dxy_broad,dev,120,day,1,1,0.09022859465389527,-0.27219989323919347,-0.028087872742816586,-0.000405745358651899,-0.027288634401090497,0.38095238095238093,-2.051753424074445,21,0.21418116783248137,0.0266373650190296,0.6255873010030992,-40.18713238282585,1439,17.70354327521893,99.43491422805248,4955,2006-07-06,2026-08-31,False,False,False,True,1
full,us_dxy_broad|dev|w252,us_dxy_broad,dev,252,c2c,2,-1,0.22633567283141848,0.2147707091996963,0.2219807206716169,0.23600661352716854,0.3094683927540452,0.5238095238095238,-1.1442554844092483,21,-0.22622414353406056,0.021577970089696412,0.708301157489359,-50.90571091485712,3434,13.131252839787587,99.71358428805237,4888,2006-10-12,2026-08-31,False,False,False,True,1
full,us_dxy_broad|dev|w252,us_dxy_broad,dev,252,o2o,2,-1,0.22113152119163496,0.26249594120853126,0.23545759524704454,0.24901636671539024,0.33223670192129995,0.6666666666666666,-1.2410006035987886,21,-0.25430678768978693,0.021577970089696412,0.708301157489359,-54.373546935669424,3430,13.131252839787587,99.71358428805237,4888,2006-10-12,2026-08-31,False,True,False,True,2
full,us_dxy_broad|dev|w252,us_dxy_broad,dev,252,day,1,1,0.028638074048207066,-0.35515836879709944,-0.1004839868632213,-0.08142177957632935,-0.2650293981553037,0.3333333333333333,-2.5736181476431272,21,0.18481390130944345,-0.021514581753275412,0.7082152557608221,-55.46023898898787,3786,13.1313335289986,99.71364287175291,4889,2006-10-11,2026-08-31,False,False,False,True,1
full,us_real_10y|selfz|w60,us_real_10y,selfz,60,c2c,2,-1,0.5472035489819828,-0.1398298046319932,0.3143806738633043,0.3585785383705382,0.2643095732261217,0.5833333333333334,-1.9869111922404665,24,-0.020706620593439275,0.0018120566966909435,0.6000440025407702,-52.578753715988036,1209,33.47959453202425,99.23211169284468,5730,2003-05-26,2026-08-31,False,False,True,True,2
full,us_real_10y|selfz|w60,us_real_10y,selfz,60,o2o,2,-1,0.43770344949092577,-0.038585187157147524,0.2913573943437751,0.33464219100462317,0.22719713384097517,0.625,-2.078259287077337,24,-0.05198752012491566,0.0018120566966909435,0.6000440025407702,-51.58197510688398,1382,33.47959453202425,99.23211169284468,5730,2003-05-26,2026-08-31,False,False,True,True,2
full,us_real_10y|selfz|w60,us_real_10y,selfz,60,day,1,-1,0.1812709704224728,0.44717289334441385,0.25597011276616116,0.31637487154159666,0.1889601198307574,0.6666666666666666,-2.8860793612162765,24,-0.05347840114175609,0.0018376755374191708,0.5999652361178717,-31.19801790853844,1544,33.47507434471722,99.23224568138195,5731,2003-05-23,2026-08-31,False,True,True,True,3
full,us_real_10y|selfz|w120,us_real_10y,selfz,120,c2c,2,-1,0.5765216087711849,-0.1207739473616234,0.34491317422864154,0.3772107381554609,0.20531706908059766,0.625,-2.440602181561729,24,-0.07619505167836893,-0.0009408144190061781,0.6055321581283136,-50.66072888679285,1348,25.45013488787102,99.3859649122807,5700,2003-07-08,2026-08-31,False,False,True,True,2
full,us_real_10y|selfz|w120,us_real_10y,selfz,120,o2o,2,-1,0.503554508076555,-0.06558714093115679,0.33107982044444095,0.3622332389453182,0.18733015737706019,0.625,-2.427304209943756,24,-0.09321201710985602,-0.0009408144190061781,0.6055321581283136,-51.592802205528464,1396,25.45013488787102,99.3859649122807,5700,2003-07-08,2026-08-31,False,False,True,True,2
full,us_real_10y|selfz|w120,us_real_10y,selfz,120,day,1,-1,0.2600381483605979,0.44977090728293234,0.31145865516864557,0.35528941624611504,0.22574355048671604,0.625,-2.263852677939584,24,-0.09538380973429393,-0.0010006209808421792,0.6054859146386307,-25.891107678001134,1574,25.44629395995981,99.38607261883881,5701,2003-07-07,2026-08-31,False,False,True,True,2
full,us_real_10y|selfz|w252,us_real_10y,selfz,252,c2c,2,-1,0.4786507120975127,0.022114477030456964,0.3222989406729865,0.3481473012774382,0.22230809009021815,0.5416666666666666,-2.783690582558158,24,-0.06803369219904297,0.030969524275330167,0.6323619336759577,-42.841236743522515,1365,21.242764737431308,99.5030173943912,5634,2003-10-09,2026-08-31,False,False,True,True,2
full,us_real_10y|selfz|w252,us_real_10y,selfz,252,o2o,2,-1,0.4229925655786567,0.0967428856001173,0.3203031437502367,0.34549115615819903,0.21575947761343783,0.5416666666666666,-2.841939346641987,24,-0.09459837071923284,0.030969524275330167,0.6323619336759577,-40.873573963487495,1377,21.242764737431308,99.5030173943912,5634,2003-10-09,2026-08-31,False,False,True,True,2
full,us_real_10y|selfz|w252,us_real_10y,selfz,252,day,1,-1,0.064503560378429,0.4747592514400193,0.1837476363631527,0.21901829698780392,0.10692150320798655,0.5416666666666666,-2.209372362685857,24,-0.0901034113223676,0.030827732485258743,0.6323860091469605,-35.30312635696644,3845,21.239352226546444,99.50310559006212,5635,2003-10-08,2026-08-31,False,False,True,True,2
full,us_real_10y|robustz|w60,us_real_10y,robustz,60,c2c,2,-1,0.4731702671638989,-0.4355645317129452,0.15680289895734645,0.19717931270899583,0.1274336404835229,0.5416666666666666,-2.1899160596745215,24,-0.01939025957126825,0.006002786366807335,0.5352785121260213,-70.83292637346428,1691,29.31935364365395,99.03525697246097,5701,2003-07-07,2026-08-31,False,False,True,True,2
full,us_real_10y|robustz|w60,us_real_10y,robustz,60,o2o,2,-1,0.37597979181211505,-0.35059838196126125,0.15178447235179143,0.1903999183752224,0.10662571480035311,0.5416666666666666,-2.203840417538882,24,-0.05021508587456433,0.006002786366807335,0.5352785121260213,-59.5314592441176,1679,29.31935364365395,99.03525697246097,5701,2003-07-07,2026-08-31,False,False,True,True,2
full,us_real_10y|robustz|w60,us_real_10y,robustz,60,day,1,-1,0.17958696922366424,0.2484339532645573,0.1988841302407196,0.2544080389418163,0.13048650506282536,0.625,-2.8443406540309684,24,-0.04767089617066946,0.006058721462538026,0.5352416244006788,-32.43754237942787,2525,29.316102472755706,99.03542616625745,5702,2003-07-04,2026-08-31,False,False,True,True,2
full,us_real_10y|robustz|w120,us_real_10y,robustz,120,c2c,2,-1,0.6065226028976831,-0.356552043818002,0.2834002786248501,0.3113883471372949,0.21047500626067067,0.5833333333333334,-2.2255098063059426,24,-0.07998399090363492,0.005132806726623214,0.5845519295040855,-62.66197123616444,1593,21.739951328808896,99.18454174791704,5641,2003-09-30,2026-08-31,False,False,True,True,2
full,us_real_10y|robustz|w120,us_real_10y,robustz,120,o2o,2,-1,0.5287949481431025,-0.21708179374101752,0.2953261731989698,0.32193371814320815,0.23484674707761816,0.625,-2.1943821395037983,24,-0.08932152878659473,0.005132806726623214,0.5845519295040855,-49.05106093891515,1421,21.739951328808896,99.18454174791704,5641,2003-09-30,2026-08-31,False,False,True,True,2
full,us_real_10y|robustz|w120,us_real_10y,robustz,120,day,1,-1,0.31070923353235747,0.3970083396821728,0.33428251737667136,0.37186997118989085,0.25975839541303597,0.6666666666666666,-2.5080460343765933,24,-0.08875809400404483,0.005117154175540505,0.5844630650866764,-23.940863307197713,982,21.737165924419575,99.18468628146047,5642,2003-09-29,2026-08-31,False,True,True,True,3
full,us_real_10y|robustz|w252,us_real_10y,robustz,252,c2c,2,-1,0.410698635631911,-0.19843780550644743,0.20081192935470515,0.22277616286704785,0.12545713434625608,0.5217391304347826,-2.360473223397373,23,-0.12833906442846815,-0.025557482800332283,0.653957440728361,-57.56790084925192,1570,19.045432744448572,99.52804501724451,5509,2004-04-13,2026-08-31,False,False,True,True,2
full,us_real_10y|robustz|w252,us_real_10y,robustz,252,o2o,2,-1,0.3401645514416871,-0.11967725971109854,0.19302290367701683,0.21473386924046578,0.10408938283344342,0.5217391304347826,-2.53811405082491,23,-0.1697983317635195,-0.025557482800332283,0.653957440728361,-51.861890094158014,1606,19.045432744448572,99.52804501724451,5509,2004-04-13,2026-08-31,False,False,False,True,1
full,us_real_10y|robustz|w252,us_real_10y,robustz,252,day,1,1,0.01417898670507717,-0.3523520831277312,-0.09308430196935204,-0.06326012865664102,-0.0766109613764843,0.43478260869565216,-1.4975447437964426,23,0.1729749042422805,0.02570191685914086,0.6539878276078723,-40.52556208835476,3147,19.042614057502252,99.52813067150636,5510,2004-04-12,2026-08-31,False,False,False,True,1
full,us_real_10y|bdtanh|w60,us_real_10y,bdtanh,60,c2c,2,-1,0.5762346006910336,-0.19248214093057628,0.31845197657016466,0.3570694073794506,0.28081821099030513,0.625,-2.195791728095586,24,-0.008722349421236977,0.007869475386391614,0.6630282467261511,-55.066146260696456,1189,30.693673123076156,99.73821989528795,5730,2003-05-26,2026-08-31,False,False,True,True,2
full,us_real_10y|bdtanh|w60,us_real_10y,bdtanh,60,o2o,2,-1,0.48647385717683966,-0.1108798352282453,0.30249801712903035,0.34050403935979157,0.24379379871778387,0.625,-2.1637828172654494,24,-0.044608530420719425,0.007869475386391614,0.6630282467261511,-53.67717947787827,1218,30.693673123076156,99.73821989528795,5730,2003-05-26,2026-08-31,False,False,True,True,2
full,us_real_10y|bdtanh|w60,us_real_10y,bdtanh,60,day,1,-1,0.1949540622017498,0.3710255642358348,0.24303290095879318,0.29528417148355535,0.1875991301539214,0.625,-2.9341193902571105,24,-0.046179296392824275,0.007876025445939459,0.6629204783820453,-28.24266195871146,1537,30.69037240000124,99.73826557319839,5731,2003-05-23,2026-08-31,False,False,True,True,2
full,us_real_10y|bdtanh|w120,us_real_10y,bdtanh,120,c2c,2,-1,0.6409769498451465,-0.17694243066490198,0.3696891850020492,0.39836685588988996,0.21390479069752846,0.625,-2.6581464396542667,24,-0.0764894833937838,-0.0003865915089512116,0.6620475277474873,-58.02707257228133,1378,23.60521144047114,99.75438596491229,5700,2003-07-08,2026-08-31,False,False,True,True,2
full,us_real_10y|bdtanh|w120,us_real_10y,bdtanh,120,o2o,2,-1,0.6005524310221778,-0.12185538444652132,0.3799829801264216,0.4078742584255299,0.22583995257232822,0.625,-2.6083738625034614,24,-0.08743403008372869,-0.0003865915089512116,0.6620475277474873,-61.180487644025774,1219,23.60521144047114,99.75438596491229,5700,2003-07-08,2026-08-31,False,False,True,True,2
full,us_real_10y|bdtanh|w120,us_real_10y,bdtanh,120,day,1,-1,0.3469376177604506,0.2722909666633377,0.32449712232075006,0.36310291922745025,0.22363270762077242,0.625,-2.3821158937688316,24,-0.09662107237648128,-0.0004918212410168072,0.6620366969750382,-21.789230649338887,1574,23.601480210294213,99.75442904753552,5701,2003-07-07,2026-08-31,False,False,True,True,2
full,us_real_10y|bdtanh|w252,us_real_10y,bdtanh,252,c2c,2,-1,0.5045931391945315,-0.05690471967003869,0.3160510982459877,0.33994431732347635,0.2059221583612262,0.5416666666666666,-2.893330788015038,24,-0.06703024685657762,0.0330711642370196,0.6554968051629406,-46.8634812278107,799,20.236054794001443,99.57401490947817,5634,2003-10-09,2026-08-31,False,False,True,True,2
full,us_real_10y|bdtanh|w252,us_real_10y,bdtanh,252,o2o,2,-1,0.4675120707939533,0.00561877788328267,0.324326507757166,0.34775017321925356,0.20110155398687393,0.5416666666666666,-2.8730849258655917,24,-0.09362194800896372,0.0330711642370196,0.6554968051629406,-43.86300394349194,698,20.236054794001443,99.57401490947817,5634,2003-10-09,2026-08-31,False,False,True,True,2
full,us_real_10y|bdtanh|w252,us_real_10y,bdtanh,252,day,1,-1,0.0970353694084399,0.3871056068238773,0.17766805896610804,0.2102889767196289,0.0863717912156444,0.4583333333333333,-2.1607465189691673,24,-0.08957898287719925,0.032912638721733375,0.6555331358300637,-32.91304612484283,3854,20.232625236222653,99.57409050576751,5635,2003-10-08,2026-08-31,False,False,True,True,2
full,us_real_10y|rankc|w60,us_real_10y,rankc,60,c2c,2,-1,0.45504958679640883,-0.16667021725378486,0.24540287496783925,0.2932423207794085,0.2240809144455312,0.5833333333333334,-2.246598213417478,24,-0.012389297257041978,-0.0010905138056986168,0.6463873291214016,-58.86906668681573,729,37.67306724829299,99.54624781849913,5730,2003-05-26,2026-08-31,False,False,True,True,2
full,us_real_10y|rankc|w60,us_real_10y,rankc,60,o2o,2,-1,0.3641853269664285,-0.009120219234811168,0.24793234530488104,0.29512725737738843,0.18623866206520387,0.625,-2.1848759382419396,24,-0.04463454551576176,-0.0010905138056986168,0.6463873291214016,-56.1316957771078,1405,37.67306724829299,99.54624781849913,5730,2003-05-26,2026-08-31,False,False,True,True,2
full,us_real_10y|rankc|w60,us_real_10y,rankc,60,day,1,-1,0.10847386525280395,0.4898183454637275,0.21546106177808708,0.2805226970483988,0.14273907689479817,0.625,-3.099769243779052,24,-0.05087578359670638,-0.0010314524789648218,0.6463334122867452,-33.92625133738975,3646,37.66678756706529,99.54632699354389,5731,2003-05-23,2026-08-31,False,False,True,True,2
full,us_real_10y|rankc|w120,us_real_10y,rankc,120,c2c,2,-1,0.5681044889144045,-0.1524514908394951,0.32765949102745145,0.3633490483888492,0.1777150848134739,0.5833333333333334,-2.678647235670762,24,-0.07930810886325027,-0.00705386201707658,0.6502968487816952,-62.21297577426537,798,28.837146818802616,99.56140350877193,5700,2003-07-08,2026-08-31,False,False,True,True,2
full,us_real_10y|rankc|w120,us_real_10y,rankc,120,o2o,2,-1,0.5449369008894291,-0.02764588603961482,0.368036744884649,0.40286265363592155,0.19858872070859507,0.5833333333333334,-2.5963285782796652,24,-0.09520319383877349,-0.00705386201707658,0.6502968487816952,-62.199830569353075,763,28.837146818802616,99.56140350877193,5700,2003-07-08,2026-08-31,False,False,True,True,2
full,us_real_10y|rankc|w120,us_real_10y,rankc,120,day,1,-1,0.28894644438806716,0.4324385157897115,0.3277868146799335,0.37608908396308566,0.2010741079428618,0.5833333333333334,-2.7333501462377887,24,-0.10584345127238444,-0.007117830000112549,0.6502479869126414,-24.19464178768601,995,28.832317863786304,99.56148044202772,5701,2003-07-07,2026-08-31,False,False,True,True,2
full,us_real_10y|rankc|w252,us_real_10y,rankc,252,c2c,2,-1,0.4961931368738842,0.0033969222116982563,0.33276378908859194,0.3623401182459199,0.21247475329723212,0.5416666666666666,-2.6813225675678938,24,-0.08390285793850918,0.01398500240965623,0.6640286790861116,-50.36897539288101,806,25.31373168490852,99.5917642882499,5634,2003-10-09,2026-08-31,False,False,True,True,2
full,us_real_10y|rankc|w252,us_real_10y,rankc,252,o2o,2,-1,0.4743324130943563,0.12657266728699182,0.36699673815238665,0.3959719295798732,0.21052160523259011,0.5833333333333334,-2.7502152858609747,24,-0.11124026883953589,0.01398500240965623,0.6640286790861116,-48.0354858460132,797,25.31373168490852,99.5917642882499,5634,2003-10-09,2026-08-31,False,False,True,True,2
full,us_real_10y|rankc|w252,us_real_10y,rankc,252,day,1,-1,0.0939713424273118,0.5087313611302885,0.2091611354809146,0.24941172459830863,0.09340483826056156,0.5416666666666666,-2.4215082077966046,24,-0.11924275249583731,0.01384054391854583,0.6640528157171518,-39.02416862735584,3633,25.30938024002355,99.59183673469387,5635,2003-10-08,2026-08-31,False,False,True,True,2
full,us_real_10y|signth|w60,us_real_10y,signth,60,c2c,2,-1,0.5601550783041582,-0.1199919240264943,0.3382623397560385,0.37686359240354267,0.2924986157017848,0.625,-2.0701438888148695,24,-0.000248407172027082,0.009099554599054928,0.6716349108639519,-48.820304064941865,1190,30.674658839161918,99.53383977900553,5792,2003-02-25,2026-08-31,False,False,True,True,2
full,us_real_10y|signth|w60,us_real_10y,signth,60,o2o,2,-1,0.4626222592281162,0.010651760220270852,0.3250927782523557,0.3632676233565954,0.3004378882813415,0.6666666666666666,-2.1217251935258874,24,-0.04814957355206013,0.009099554599054928,0.6716349108639519,-50.197276821461024,1205,30.674658839161918,99.53383977900553,5792,2003-02-25,2026-08-31,False,True,True,True,3
full,us_real_10y|signth|w60,us_real_10y,signth,60,day,1,-1,0.21079914937238922,0.42066606439732707,0.26667301598140714,0.31864262729655446,0.24688658756182072,0.75,-2.508794499403426,24,-0.05249088524187481,0.009159421993120698,0.6715804099935148,-32.37362990241103,2435,30.669602937161844,99.53392024857587,5793,2003-02-24,2026-08-31,False,True,True,True,3
full,us_real_10y|signth|w120,us_real_10y,signth,120,c2c,2,-1,0.7891425744396396,-0.30887748428555845,0.43214695055950963,0.46186864224533547,0.30303273738674946,0.625,-2.969987888374052,24,-0.071869662874495,0.0035124665888806384,0.6651145680213255,-65.52701385462913,1260,23.60917288907566,99.73962853671237,5761,2003-04-10,2026-08-31,False,False,True,True,2
full,us_real_10y|signth|w120,us_real_10y,signth,120,o2o,2,-1,0.6534245585721142,-0.13277093295014591,0.4181566065417533,0.4471908659578219,0.3010947784846045,0.6666666666666666,-2.60510995816019,24,-0.08620523912210372,0.0035124665888806384,0.6651145680213255,-56.696358864023644,658,23.60917288907566,99.73962853671237,5761,2003-04-10,2026-08-31,False,True,True,True,3
full,us_real_10y|signth|w120,us_real_10y,signth,120,day,1,-1,0.410739581916672,0.2213964772246367,0.35719502568256145,0.3969231548614827,0.2974764872215584,0.625,-2.4575516781819924,24,-0.09565036966455216,0.003394667363841511,0.6651163264559082,-25.641334347166893,969,23.605233958142453,99.73967372440124,5762,2003-04-09,2026-08-31,False,False,True,True,2
full,us_real_10y|signth|w252,us_real_10y,signth,252,c2c,2,-1,0.3984611247687662,-0.06014369338503837,0.24637272430183893,0.2686556702891839,0.1763400312514919,0.625,-2.4104554338761774,24,-0.08635906165256611,-0.004411023003964906,0.6334271256279408,-36.371387235888875,980,17.578188679333053,99.85580389329488,5548,2003-07-16,2026-08-31,False,False,True,True,2
full,us_real_10y|signth|w252,us_real_10y,signth,252,o2o,2,-1,0.3923866715115558,0.0974671485838134,0.3018750828344671,0.32381647287259047,0.22023562454970752,0.5833333333333334,-2.4969292613957275,24,-0.12436221151659445,-0.004411023003964906,0.6334271256279408,-32.83103032787042,861,17.578188679333053,99.85580389329488,5548,2003-07-16,2026-08-31,False,False,True,True,2
full,us_real_10y|signth|w252,us_real_10y,signth,252,day,1,-1,0.0527682404664992,0.6109585269310958,0.2067268240486864,0.23699315053439904,0.18811138524236343,0.625,-2.0233356352111675,24,-0.11496470359258813,-0.004562023475151559,0.6334647694397971,-31.578318268009433,4235,17.57515149372998,99.85582987925753,5549,2003-07-15,2026-08-31,False,False,True,True,2
full,us_real_10y|dev|w60,us_real_10y,dev,60,c2c,2,-1,0.4133908268516583,-0.14020769041642084,0.2273943090815535,0.2642000026914008,0.20411561400215514,0.5833333333333334,-1.977249618443326,24,-0.04298685403125993,-0.006298108845879032,0.5739139783141423,-51.44574055004492,1379,28.593350104802244,99.16230366492147,5730,2003-05-26,2026-08-31,False,False,True,True,2
full,us_real_10y|dev|w60,us_real_10y,dev,60,o2o,2,-1,0.304476683283684,-0.07373770837766261,0.18924275978330657,0.22463638658252819,0.15108214853805063,0.5416666666666666,-2.001323308170458,24,-0.0687850570962495,-0.006298108845879032,0.5739139783141423,-50.62067355399399,1544,28.593350104802244,99.16230366492147,5730,2003-05-26,2026-08-31,False,False,True,True,2
full,us_real_10y|dev|w60,us_real_10y,dev,60,day,1,-1,0.08245622202544288,0.45319295229870743,0.1859118308076563,0.23559155430379203,0.1312153371643554,0.5833333333333334,-2.7972554214551413,24,-0.07243049399769477,-0.006271173231760848,0.5738396729428897,-34.92311113436596,4173,28.590260909526243,99.16244983423486,5731,2003-05-23,2026-08-31,False,False,True,True,2
full,us_real_10y|dev|w120,us_real_10y,dev,120,c2c,2,-1,0.5517760941007044,-0.04446252549073107,0.3546891586710541,0.38167890719851005,0.22005364876991773,0.5833333333333334,-2.174277506647406,24,-0.11327181308330393,-0.023349280586960973,0.6168121166983359,-45.42184118362789,1166,21.933990152649724,99.33333333333333,5700,2003-07-08,2026-08-31,False,False,True,True,2
full,us_real_10y|dev|w120,us_real_10y,dev,120,o2o,2,-1,0.47283730388039674,0.012862613643428366,0.33339037220510775,0.3595072769556018,0.19969347768643653,0.625,-2.148218281099756,24,-0.12640650998984845,-0.023349280586960973,0.6168121166983359,-45.65159936066758,1421,21.933990152649724,99.33333333333333,5700,2003-07-08,2026-08-31,False,False,True,True,2
full,us_real_10y|dev|w120,us_real_10y,dev,120,day,1,-1,0.21270973799341997,0.3885020118775656,0.26029610669489217,0.2965808443580105,0.1757266429227281,0.5416666666666666,-2.0305561239021785,24,-0.13028440877388972,-0.023458691671954524,0.6168174297591036,-25.537877481213826,1985,21.930900468590895,99.33345027188213,5701,2003-07-07,2026-08-31,False,False,True,True,2
full,us_real_10y|dev|w252,us_real_10y,dev,252,c2c,2,-1,0.44957342681813955,0.12848569453185016,0.34206164543692497,0.3644388963745024,0.22687026388197695,0.5416666666666666,-2.3083932087033348,24,-0.08744874379456309,0.010657130475100859,0.6601383182871775,-40.2971234100157,1399,18.7822719143173,99.5917642882499,5634,2003-10-09,2026-08-31,False,False,True,True,2
full,us_real_10y|dev|w252,us_real_10y,dev,252,o2o,2,-1,0.3929993094797891,0.18615291207089465,0.3284805908520401,0.3503951066902797,0.19613009525424815,0.5833333333333334,-2.4841703320627713,24,-0.11473051134149265,0.010657130475100859,0.6601383182871775,-38.77860275516285,1647,18.7822719143173,99.5917642882499,5634,2003-10-09,2026-08-31,False,False,True,True,2
full,us_real_10y|dev|w252,us_real_10y,dev,252,day,1,-1,0.04810303697908456,0.4820343467174409,0.17192049313693972,0.20226976061043409,0.08060286285338926,0.5833333333333334,-1.9908143652274375,24,-0.1108806656042411,0.01049664238878843,0.660179765477525,-47.40312223166336,4350,18.779127129417905,99.59183673469387,5635,2003-10-08,2026-08-31,False,False,True,True,2
full,us_breakeven_10y|selfz|w60,us_breakeven_10y,selfz,60,c2c,2,-1,0.15690941091925795,-0.21929096566115508,0.03242617491050891,0.06953003956376336,0.22010973228243166,0.6666666666666666,-1.8671017338593923,24,0.11659058789218688,-0.01458030074558534,0.60697049713042,-75.03746774837965,4792,29.074124418825303,99.31937172774869,5730,2003-05-26,2026-08-31,False,True,True,True,3
full,us_breakeven_10y|selfz|w60,us_breakeven_10y,selfz,60,o2o,2,-1,0.12667418058537863,-0.285620124690564,-0.0008576430187055929,0.03565835324496939,0.18656059477397208,0.5833333333333334,-1.755465991818349,24,0.133701073131385,-0.01458030074558534,0.60697049713042,-68.83999282766841,4791,29.074124418825303,99.31937172774869,5730,2003-05-26,2026-08-31,False,False,True,True,2
full,us_breakeven_10y|selfz|w60,us_breakeven_10y,selfz,60,day,1,-1,0.19606902460101258,-0.26075320321130147,0.06426894030722838,0.11402006703465452,0.15615201926640113,0.625,-1.3106608639674087,24,0.09245568044801442,-0.014712319416169595,0.6069991498620084,-38.895767406130716,2618,29.07330144573157,99.31949049031583,5731,2003-05-23,2026-08-31,False,False,True,True,2
full,us_breakeven_10y|selfz|w120,us_breakeven_10y,selfz,120,c2c,2,-1,-0.027104549334651118,-0.18684316468325743,-0.08168861574355532,-0.055316066490296675,0.11355851281256435,0.5416666666666666,-2.5938398611920412,24,0.10969916042896159,-0.029601376669422915,0.613827148636107,-88.61099895229532,4792,21.673581704788603,99.26315789473684,5700,2003-07-08,2026-08-31,False,False,True,True,2
full,us_breakeven_10y|selfz|w120,us_breakeven_10y,selfz,120,o2o,2,1,-0.005682840815055436,0.23138857566646365,0.06856665651624404,0.09446990976967024,-0.13590337247922846,0.5,-1.8198105023849669,24,-0.13405726185867314,0.029601376669422915,0.613827148636107,-67.7565683694531,4071,21.673581704788603,99.26315789473684,5700,2003-07-08,2026-08-31,False,False,True,True,2
full,us_breakeven_10y|selfz|w120,us_breakeven_10y,selfz,120,day,1,-1,0.13440397245465663,-0.24856732155624858,0.021687096592114076,0.05717718379338859,0.13619537277228666,0.5416666666666666,-1.278723238551992,24,0.07129953161112709,-0.02960453071821306,0.6137278249139856,-33.44474289367398,2249,21.67414906090138,99.26328714260656,5701,2003-07-07,2026-08-31,False,False,True,True,2
full,us_breakeven_10y|selfz|w252,us_breakeven_10y,selfz,252,c2c,2,-1,0.059002458622969836,-0.1224531023509532,-0.0034733178096746876,0.018543536170443936,0.2527541170988802,0.5833333333333334,-2.4671978430225523,24,0.14384534962850282,-0.004836542541376132,0.6443157724261608,-81.24840442076751,4606,18.666556652871513,99.4675186368477,5634,2003-10-09,2026-08-31,False,False,True,True,2
full,us_breakeven_10y|selfz|w252,us_breakeven_10y,selfz,252,o2o,2,-1,0.053101275808661745,-0.21261102993633083,-0.031527743802399796,-0.009811317497769138,0.19469196677713133,0.5416666666666666,-2.4814468198680117,24,0.16338050956495503,-0.004836542541376132,0.6443157724261608,-76.85784773553905,4607,18.666556652871513,99.4675186368477,5634,2003-10-09,2026-08-31,False,False,False,True,1
full,us_breakeven_10y|selfz|w252,us_breakeven_10y,selfz,252,day,1,-1,0.19844695079023666,-0.24882725053783458,0.06481877935171679,0.09462718240348046,0.14197415936739094,0.4583333333333333,-1.1590576629741112,24,0.11700126588413155,-0.0048791170971373065,0.6442448635338501,-36.65671382508856,1439,18.66903516279173,99.46761313220941,5635,2003-10-08,2026-08-31,False,False,True,True,2
full,us_breakeven_10y|robustz|w60,us_breakeven_10y,robustz,60,c2c,2,-1,0.13763938517209567,-0.25283330945358445,0.007735773310608919,0.04213331897759277,0.1457674880272028,0.5,-1.4765591699779337,24,0.12164454918852922,-0.01323536159462771,0.5398718868464469,-57.14781440858439,4792,25.35425300283817,99.07033853709876,5701,2003-07-07,2026-08-31,False,False,True,True,2
full,us_breakeven_10y|robustz|w60,us_breakeven_10y,robustz,60,o2o,2,-1,0.05464896952386916,-0.31658657606703056,-0.06052865154368876,-0.026983632019337424,0.06688748563921171,0.4583333333333333,-1.3673537139149583,24,0.14333374133181387,-0.01323536159462771,0.5398718868464469,-60.002398854401726,4791,25.35425300283817,99.07033853709876,5701,2003-07-07,2026-08-31,False,False,True,True,2
full,us_breakeven_10y|robustz|w60,us_breakeven_10y,robustz,60,day,1,-1,0.158994096135992,-0.3073448936763218,0.023672015851024866,0.06995089920895567,0.058078593887676284,0.4166666666666667,-1.2002475355733186,24,0.09784862207986439,-0.013348232741718133,0.5398923980276918,-31.428923019412515,2550,25.352013567294485,99.07050157839355,5702,2003-07-04,2026-08-31,False,False,True,True,2
full,us_breakeven_10y|robustz|w120,us_breakeven_10y,robustz,120,c2c,2,-1,0.11586451102942137,-0.13966330147498074,0.030024118624887984,0.053911339122095635,0.22328659703651543,0.5416666666666666,-2.6764984726000733,24,0.13885377736713528,-0.006250765137697787,0.5829349947387732,-79.23498245210348,4792,19.35484718993279,99.2377238078355,5641,2003-09-30,2026-08-31,False,False,True,True,2
full,us_breakeven_10y|robustz|w120,us_breakeven_10y,robustz,120,o2o,2,-1,0.06696043049166803,-0.23612035543171553,-0.026204551517501427,-0.0029324196108416376,0.16860922985107227,0.5833333333333334,-2.550646438444744,24,0.17011649866650613,-0.006250765137697787,0.5829349947387732,-73.00653303465305,4430,19.35484718993279,99.2377238078355,5641,2003-09-30,2026-08-31,False,False,False,True,1
full,us_breakeven_10y|robustz|w120,us_breakeven_10y,robustz,120,day,1,-1,0.22953586158096057,-0.2288460281652354,0.09607555065270208,0.1283678160167343,0.10156749167560541,0.5,-1.293858749886887,24,0.10763379466064749,-0.0062641282821270525,0.5828461451519723,-33.90031956075319,2269,19.355577571815235,99.23785891527827,5642,2003-09-29,2026-08-31,False,False,True,True,2
full,us_breakeven_10y|robustz|w252,us_breakeven_10y,robustz,252,c2c,2,1,0.0573665805624003,-0.03094812126241835,0.027328518628814674,0.046256708571762374,-0.1491029982048034,0.4782608695652174,-1.782909618002791,23,-0.1446585108874583,0.006262634465964724,0.6737056263331976,-58.763672252931755,4073,17.010660180559228,99.60065347612998,5509,2004-04-13,2026-08-31,False,False,True,True,2
full,us_breakeven_10y|robustz|w252,us_breakeven_10y,robustz,252,o2o,2,1,0.07744258823102633,0.04780123237949136,0.06800728077240066,0.08669126011939825,-0.1113380784697461,0.5217391304347826,-1.694966247039346,23,-0.17086300407515184,0.006262634465964724,0.6737056263331976,-50.93069219310101,4071,17.010660180559228,99.60065347612998,5509,2004-04-13,2026-08-31,False,False,False,True,1
full,us_breakeven_10y|robustz|w252,us_breakeven_10y,robustz,252,day,1,-1,0.08370612989617954,-0.23181406103249896,-0.009296702917594152,0.016148822002445103,0.03520783688411644,0.4782608695652174,-1.6327818590205474,23,0.11624600301721827,-0.00632027134739676,0.6736421301852527,-39.904446527970364,2146,17.0127568086522,99.60072595281306,5510,2004-04-12,2026-08-31,False,False,True,True,2
full,us_breakeven_10y|bdtanh|w60,us_breakeven_10y,bdtanh,60,c2c,2,-1,0.2232140487187854,-0.22055975322062463,0.0789780180894949,0.112644383133104,0.2699544030199547,0.7083333333333334,-1.7913618694482072,24,0.11068682261832916,-0.021030834497602752,0.6757127390312658,-83.00038597087551,2874,27.7403113439942,99.66841186736475,5730,2003-05-26,2026-08-31,False,True,True,True,3
full,us_breakeven_10y|bdtanh|w60,us_breakeven_10y,bdtanh,60,o2o,2,-1,0.1810890465575548,-0.25687841336429296,0.047172601172301265,0.08021127144584254,0.24008024374432355,0.5833333333333334,-1.7238874069216021,24,0.1319467204508696,-0.021030834497602752,0.6757127390312658,-80.67607417411075,4791,27.7403113439942,99.66841186736475,5730,2003-05-26,2026-08-31,False,False,True,True,2
full,us_breakeven_10y|bdtanh|w60,us_breakeven_10y,bdtanh,60,day,1,-1,0.22827227890792426,-0.23004197328994314,0.09939744526775822,0.14441872306975878,0.19784837094933644,0.625,-1.2980811925198719,24,0.08721621702012451,-0.021174452743315877,0.675742122081632,-45.46576242394655,2403,27.73707732241921,99.6684697260513,5731,2003-05-23,2026-08-31,False,False,True,True,2
full,us_breakeven_10y|bdtanh|w120,us_breakeven_10y,bdtanh,120,c2c,2,-1,-0.015394834533536952,-0.11204764887469164,-0.04781105288825626,-0.022576722114430625,0.13626271902220996,0.5416666666666666,-2.4700673817286294,24,0.10575634913629889,-0.022917331083647467,0.6735421132451108,-90.68642970943958,4792,21.48712767188923,99.68421052631578,5700,2003-07-08,2026-08-31,False,False,True,True,2
full,us_breakeven_10y|bdtanh|w120,us_breakeven_10y,bdtanh,120,o2o,2,1,0.0036134351452753143,0.1525742470300006,0.05007347300567512,0.07481652613278038,-0.14033522621904204,0.5416666666666666,-1.9992632972254256,24,-0.13302837156975597,0.022917331083647467,0.6735421132451108,-75.71126624468785,4071,21.48712767188923,99.68421052631578,5700,2003-07-08,2026-08-31,False,False,True,True,2
full,us_breakeven_10y|bdtanh|w120,us_breakeven_10y,bdtanh,120,day,1,-1,0.10775552103509344,-0.23402880125088196,0.009380702223031645,0.04318357186913596,0.1285437495390531,0.4583333333333333,-1.4469358928834373,24,0.07448627211914373,-0.022926447505067386,0.673437104989779,-40.89990793206824,2271,21.490772320705442,99.68426591825995,5701,2003-07-07,2026-08-31,False,False,True,True,2
full,us_breakeven_10y|bdtanh|w252,us_breakeven_10y,bdtanh,252,c2c,2,-1,0.0735131739288659,-0.034049194555712106,0.036444772941895846,0.05834620656599378,0.2656295775808316,0.5416666666666666,-1.4885460080835473,24,0.1429767313153572,0.0045393454133665695,0.673208079783715,-65.41293096079599,4606,18.70714249828092,99.52076677316293,5634,2003-10-09,2026-08-31,False,False,True,True,2
full,us_breakeven_10y|bdtanh|w252,us_breakeven_10y,bdtanh,252,o2o,2,-1,0.06094900719642978,-0.13534134571947162,-0.0022441477752424524,0.019558139520606078,0.21342869110917648,0.4583333333333333,-1.4836965955794943,24,0.16013091286354633,0.0045393454133665695,0.673208079783715,-64.0000128659766,3004,18.70714249828092,99.52076677316293,5634,2003-10-09,2026-08-31,False,False,False,True,1
full,us_breakeven_10y|bdtanh|w252,us_breakeven_10y,bdtanh,252,day,1,-1,0.20619771272174242,-0.22036901073314463,0.07952574682168297,0.10923475877861484,0.15635492932008704,0.5833333333333334,-1.4397295549158784,24,0.11977520987648459,0.004475818042136946,0.6731513325453267,-41.91774084122287,1439,18.712785989963475,99.52085181898846,5635,2003-10-08,2026-08-31,False,False,True,True,2
full,us_breakeven_10y|rankc|w60,us_breakeven_10y,rankc,60,c2c,2,-1,0.11802011012149274,-0.15093917552600802,0.03108716856233186,0.07146578296670925,0.22172190972172934,0.5833333333333334,-1.765462820533076,24,0.11219408174218344,-0.02752401978457531,0.6537283558751699,-83.77736246729464,4792,32.736193481228035,99.61605584642234,5730,2003-05-26,2026-08-31,False,False,True,True,2
full,us_breakeven_10y|rankc|w60,us_breakeven_10y,rankc,60,o2o,2,-1,0.1100099339225329,-0.24870296643929815,0.001353960992350853,0.04107349210416326,0.1865390358741535,0.5833333333333334,-1.6642043270752431,24,0.1272154126597564,-0.02752401978457531,0.6537283558751699,-77.07199800017297,4791,32.736193481228035,99.61605584642234,5730,2003-05-26,2026-08-31,False,False,True,True,2
full,us_breakeven_10y|rankc|w60,us_breakeven_10y,rankc,60,day,1,-1,0.20715203537778556,-0.3277163241760695,0.057338895060167865,0.11140651000846644,0.1390064949820806,0.5833333333333334,-1.4854120732230995,24,0.08692200071704957,-0.02765701796413746,0.6537520878994204,-38.89452767763421,2608,32.73215411242258,99.61612284069098,5731,2003-05-23,2026-08-31,False,False,True,True,2
full,us_breakeven_10y|rankc|w120,us_breakeven_10y,rankc,120,c2c,2,-1,0.030628481643201304,-0.10388313648796987,-0.014887891322218683,0.014528907193399809,0.17041298369094024,0.5833333333333334,-2.3061115209285554,24,0.1054690676915375,-0.02734491622957406,0.6549274787885812,-86.59540157811342,4792,24.602674592380737,99.66666666666667,5700,2003-07-08,2026-08-31,False,False,True,True,2
full,us_breakeven_10y|rankc|w120,us_breakeven_10y,rankc,120,o2o,2,-1,0.008723766895631,-0.17680718096841677,-0.04917790726512938,-0.020368645345016364,0.1394588692652488,0.5,-2.303524766605196,24,0.13176294044061376,-0.02734491622957406,0.6549274787885812,-83.18762488217104,4791,24.602674592380737,99.66666666666667,5700,2003-07-08,2026-08-31,False,False,True,True,2
full,us_breakeven_10y|rankc|w120,us_breakeven_10y,rankc,120,day,1,-1,0.1833643703030365,-0.24571504715974524,0.05876346998654234,0.09830615788834815,0.17961380455577905,0.5416666666666666,-1.4148315931920785,24,0.07769972126164305,-0.027352042843496616,0.6548245225113339,-37.738406315668,2219,24.60395423116,99.66672513594106,5701,2003-07-07,2026-08-31,False,False,True,True,2
full,us_breakeven_10y|rankc|w252,us_breakeven_10y,rankc,252,c2c,2,-1,0.11186348707273315,-0.03980633257379875,0.06108462466800857,0.08465073520803497,0.23346764089622052,0.5833333333333334,-1.8882391971971313,24,0.08542358284574136,-0.025202098863037405,0.6740379168534454,-71.03234566265965,2769,20.834246187303126,99.44976925807597,5634,2003-10-09,2026-08-31,False,False,True,True,2
full,us_breakeven_10y|rankc|w252,us_breakeven_10y,rankc,252,o2o,2,-1,0.0951955340585514,-0.13197374647388088,0.02400869141340536,0.04746460620433594,0.20135025974214749,0.5416666666666666,-1.8628732743084186,24,0.1118747106326515,-0.025202098863037405,0.6740379168534454,-66.90244252502283,2795,20.834246187303126,99.44976925807597,5634,2003-10-09,2026-08-31,False,False,True,True,2
full,us_breakeven_10y|rankc|w252,us_breakeven_10y,rankc,252,day,1,-1,0.18345896404975,-0.2447891038357712,0.05940492574571594,0.09126938071388067,0.15306407800600152,0.5416666666666666,-1.421847311890322,24,0.056635490373826584,-0.025250638906981294,0.6739713130077726,-41.123870248767034,1439,20.83543838114632,99.44986690328305,5635,2003-10-08,2026-08-31,False,False,True,True,2
full,us_breakeven_10y|signth|w60,us_breakeven_10y,signth,60,c2c,2,-1,0.3211463848184817,-0.1988110323562666,0.15750367170410037,0.19043904863237954,0.33484282871650334,0.7083333333333334,-1.924909135763562,24,0.10714792371716858,-0.015052176551313964,0.6680834068469931,-76.41282307532897,2053,27.096245359449814,99.67196132596685,5792,2003-02-25,2026-08-31,False,True,True,True,3
full,us_breakeven_10y|signth|w60,us_breakeven_10y,signth,60,o2o,2,-1,0.280219499722401,-0.2433988776769252,0.12515040252479417,0.15763081780622096,0.3088130238787445,0.6666666666666666,-1.6933950574107899,24,0.12954694525759466,-0.015052176551313964,0.6680834068469931,-74.16727653673676,2337,27.096245359449814,99.67196132596685,5792,2003-02-25,2026-08-31,False,True,True,True,3
full,us_breakeven_10y|signth|w60,us_breakeven_10y,signth,60,day,1,-1,0.3280703232652347,-0.28508308710313957,0.16126416710847408,0.20527049860623384,0.25654070336678464,0.5833333333333334,-1.264219515396439,24,0.0880435627545511,-0.015196256547200951,0.6681147592008475,-35.181047271671396,1458,27.091567947856607,99.67201795270154,5793,2003-02-24,2026-08-31,False,False,True,True,2
full,us_breakeven_10y|signth|w120,us_breakeven_10y,signth,120,c2c,2,-1,0.1292418272500941,0.14918546582405776,0.1357627702884796,0.16167920590521076,0.31845106942248574,0.6666666666666666,-2.059582622669519,24,0.11727465550063526,-0.012078345863161049,0.6817719377887385,-89.39126741087726,4470,21.706505383811933,99.58333333333333,5760,2003-04-11,2026-08-31,False,True,True,True,3
full,us_breakeven_10y|signth|w120,us_breakeven_10y,signth,120,o2o,2,-1,-0.00021004643619022308,0.10201341676170228,0.031127846529951417,0.05648208049151163,0.2418936878099141,0.5416666666666666,-2.115023974835664,24,0.14018765139964665,-0.012078345863161049,0.6817719377887385,-95.39407967964986,4652,21.706505383811933,99.58333333333333,5760,2003-04-11,2026-08-31,False,False,True,True,2
full,us_breakeven_10y|signth|w120,us_breakeven_10y,signth,120,day,1,-1,0.12680222785133982,-0.13413632609374784,0.0541285575949762,0.08872866576636272,0.1832567269692553,0.5416666666666666,-1.4083014921808577,24,0.08898599083771024,-0.012092518732277248,0.6816698645908653,-38.93860421696252,2220,21.702943115314422,99.58340565873979,5761,2003-04-10,2026-08-31,False,False,True,True,2
full,us_breakeven_10y|signth|w252,us_breakeven_10y,signth,252,c2c,2,-1,-0.021258285189758162,-0.19431656277601356,-0.07752845941667233,-0.0583968340701404,-0.01823943858962434,0.4166666666666667,-1.2065786892503956,24,0.07409265617907555,-0.03148358192858282,0.6825441561345955,-68.63712888808283,4451,16.232011797350832,98.69924415538759,5689,2003-07-17,2026-08-31,False,False,True,True,2
full,us_breakeven_10y|signth|w252,us_breakeven_10y,signth,252,o2o,2,-1,-0.011445105942379668,-0.1719862393126008,-0.05965720558281876,-0.04058984723943253,0.016316612344034587,0.5,-1.4145717808818903,24,0.09060173018098425,-0.03148358192858282,0.6825441561345955,-61.44444793927123,4607,16.232011797350832,98.69924415538759,5689,2003-07-17,2026-08-31,False,False,True,True,2
full,us_breakeven_10y|signth|w252,us_breakeven_10y,signth,252,day,1,-1,0.10325150669402326,-0.17064617298445356,0.02811528203911202,0.053925850359591805,0.05149588913435266,0.5,-2.03229658912252,24,0.042932201573470975,-0.03150526915788457,0.6824514214703638,-37.22511371560685,1439,16.229379764583346,98.69947275922671,5690,2003-07-16,2026-08-31,False,False,True,True,2
full,us_breakeven_10y|dev|w60,us_breakeven_10y,dev,60,c2c,2,-1,0.09669004241050456,-0.16093550925654107,0.012812575612127591,0.04288153854447682,0.26772606343682415,0.6666666666666666,-2.118674351409605,24,0.16271699728580444,0.005395471890765957,0.5852983142866541,-81.43490570555201,4606,24.203824277079555,99.28446771378708,5730,2003-05-26,2026-08-31,False,True,False,True,2
full,us_breakeven_10y|dev|w60,us_breakeven_10y,dev,60,o2o,2,-1,0.08372471657340973,-0.2037224259523125,-0.0034365580059002986,0.02561420355835176,0.25956647229960583,0.6666666666666666,-1.9358671154735103,24,0.1846183157358781,0.005395471890765957,0.5852983142866541,-77.78027259934446,4430,24.203824277079555,99.28446771378708,5730,2003-05-26,2026-08-31,False,True,False,True,2
full,us_breakeven_10y|dev|w60,us_breakeven_10y,dev,60,day,1,-1,0.19246541364917136,-0.23673971557755571,0.07028191148817274,0.11023355323476558,0.15663971354425593,0.5833333333333334,-1.4909224952289564,24,0.1402134835430195,0.005259283984077691,0.5853314322603155,-38.16704580014289,3210,24.2026738980334,99.28459256674228,5731,2003-05-23,2026-08-31,False,False,True,True,2
full,us_breakeven_10y|dev|w120,us_breakeven_10y,dev,120,c2c,2,1,0.04043818267481355,0.004815808265928914,0.028484347666915426,0.050813126733978795,-0.1802033471103499,0.5,-1.8926234422187602,24,-0.15249753817679504,0.0017709275788973225,0.6181250374404287,-70.87883237899683,4061,18.789237767471032,99.43859649122807,5700,2003-07-08,2026-08-31,False,False,False,True,1
full,us_breakeven_10y|dev|w120,us_breakeven_10y,dev,120,o2o,2,1,0.04649147666007352,0.0838811268315499,0.057977424195159374,0.07967990763406854,-0.16113917458659605,0.5,-1.8826048136620634,24,-0.17693501898323472,0.0017709275788973225,0.6181250374404287,-60.401776486119196,4060,18.789237767471032,99.43859649122807,5700,2003-07-08,2026-08-31,False,False,False,True,1
full,us_breakeven_10y|dev|w120,us_breakeven_10y,dev,120,day,1,-1,0.09764900594840643,-0.21765192876882702,0.005762414602517651,0.035603609975547776,0.07935663357227551,0.5416666666666666,-1.5292227920219597,24,0.11611566268570699,-0.001783937870945387,0.6180299343997524,-39.48482475000837,3137,18.79166876597147,99.43869496579548,5701,2003-07-07,2026-08-31,False,False,True,True,2
full,us_breakeven_10y|dev|w252,us_breakeven_10y,dev,252,c2c,2,-1,0.07395083651442,-0.040139686339483234,0.03544114551606732,0.055441231332360376,0.29531768322747065,0.5416666666666666,-1.8797214055403586,24,0.14619232637885823,0.013600316465983841,0.6565974386563497,-78.46438349103983,4451,17.330480720753727,99.55626553070643,5634,2003-10-09,2026-08-31,False,False,True,True,2
full,us_breakeven_10y|dev|w252,us_breakeven_10y,dev,252,o2o,2,-1,0.04345269540814887,-0.10999054948512176,-0.0045090460970212826,0.015055723803726072,0.24640768513510883,0.5416666666666666,-1.945222861086294,24,0.1729425445264953,0.013600316465983841,0.6565974386563497,-74.41779683098484,4450,17.330480720753727,99.55626553070643,5634,2003-10-09,2026-08-31,False,False,False,True,1
full,us_breakeven_10y|dev|w252,us_breakeven_10y,dev,252,day,1,-1,0.25054014143205333,-0.2068111178821365,0.1161111176762,0.1428577736414039,0.21653681587309098,0.5833333333333334,-1.5343838110237267,24,0.10922548782261023,0.013555005703076243,0.6565238145913739,-41.29198054419291,1439,17.333612290389016,99.55634427684117,5635,2003-10-08,2026-08-31,False,False,True,True,2
full,us_breakeven_5y5y|selfz|w60,us_breakeven_5y5y,selfz,60,c2c,2,-1,0.20691503265299355,-0.20216684764320916,0.07383372962829239,0.12844622466114045,0.22151067265007476,0.625,-1.7565916786283535,24,0.013110196487784628,-0.015092107259629107,0.5989235301741725,-62.09493976193045,2311,41.851352393943344,99.3542757417103,5730,2003-05-26,2026-08-31,False,False,True,True,2
full,us_breakeven_5y5y|selfz|w60,us_breakeven_5y5y,selfz,60,o2o,2,-1,0.2548593869198598,-0.2947896970671729,0.08056457707685748,0.13567751696551517,0.2425476663636662,0.6666666666666666,-1.9116558863614608,24,-0.002554636153349614,-0.015092107259629107,0.5989235301741725,-55.38038939899007,2203,41.851352393943344,99.3542757417103,5730,2003-05-26,2026-08-31,False,True,True,True,3
full,us_breakeven_5y5y|selfz|w60,us_breakeven_5y5y,selfz,60,day,1,-1,0.3331962671579965,-0.006919940991224419,0.23687622492913085,0.3104137499343671,0.41110338152337655,0.6666666666666666,-0.8239456786541742,24,-0.024173376289338935,-0.015249767036829806,0.5989793174294897,-44.31411108940442,2038,41.84596565861589,99.35438841388937,5731,2003-05-23,2026-08-31,False,True,True,True,3
full,us_breakeven_5y5y|selfz|w120,us_breakeven_5y5y,selfz,120,c2c,2,-1,0.029753103425618266,-0.26953042952491896,-0.07058460851213938,-0.030576125113676387,0.13205348239710266,0.625,-2.0677973328951142,24,0.020154839120439194,-0.0183832707253815,0.5988365167440093,-75.93628171942814,3119,31.602290009124307,99.40350877192982,5700,2003-07-08,2026-08-31,False,False,True,True,2
full,us_breakeven_5y5y|selfz|w120,us_breakeven_5y5y,selfz,120,o2o,2,-1,0.06782416732860798,-0.3468804846464395,-0.06778392014451096,-0.02708932586485974,0.13536763317311182,0.5416666666666666,-2.1262982572873006,24,0.014208472526258153,-0.0183832707253815,0.5988365167440093,-70.24759697340566,2945,31.602290009124307,99.40350877192982,5700,2003-07-08,2026-08-31,False,False,True,True,2
full,us_breakeven_5y5y|selfz|w120,us_breakeven_5y5y,selfz,120,day,1,-1,0.20621505990707922,0.1280646367352708,0.18310833259246295,0.23778159554392778,0.3972802867428361,0.625,-1.1159127527939698,24,-0.0228597472295326,-0.018540876543841314,0.598892306522122,-38.69311973252101,2020,31.598316739790825,99.40361340115768,5701,2003-07-07,2026-08-31,False,False,True,True,2
full,us_breakeven_5y5y|selfz|w252,us_breakeven_5y5y,selfz,252,c2c,2,-1,0.07366810522796319,-0.2195478957874885,-0.02435022722158548,0.008718848148127718,0.24286958262134203,0.6666666666666666,-1.9303006162776828,24,0.07442749836005387,0.0046115561261937735,0.6260794230184882,-73.94963513103336,3012,27.010471443350635,99.43201987930422,5634,2003-10-09,2026-08-31,False,True,True,True,3
full,us_breakeven_5y5y|selfz|w252,us_breakeven_5y5y,selfz,252,o2o,2,-1,0.15268752460948198,-0.303303036834018,0.005201328110984648,0.038220677176591306,0.2254697913656842,0.625,-2.0177119038689315,24,0.0709042429885186,0.0046115561261937735,0.6260794230184882,-62.692054794437134,2138,27.010471443350635,99.43201987930422,5634,2003-10-09,2026-08-31,False,False,True,True,2
full,us_breakeven_5y5y|selfz|w252,us_breakeven_5y5y,selfz,252,day,1,-1,0.22882866731723334,0.03143188720048556,0.17071013501000648,0.2157419256549903,0.3322474297383643,0.5833333333333334,-1.205610672357504,24,0.028099625559469193,0.004437228120003614,0.6261418271597013,-36.924121120587074,2037,27.006509048381357,99.4321206743567,5635,2003-10-08,2026-08-31,False,False,True,True,2
full,us_breakeven_5y5y|robustz|w60,us_breakeven_5y5y,robustz,60,c2c,2,-1,0.10889483652389255,-0.3430786189287541,-0.042448399424244304,0.008282242033102209,0.08636795376574585,0.7083333333333334,-2.147590814388467,24,0.03954133220401114,-0.009940270185748223,0.536953444671089,-56.209735282480324,4616,36.79542442211326,99.19312401333099,5701,2003-07-07,2026-08-31,False,True,True,True,3
full,us_breakeven_5y5y|robustz|w60,us_breakeven_5y5y,robustz,60,o2o,2,-1,0.144518290286228,-0.43622393664287096,-0.04476998670857502,0.0058572651853285845,0.08843396354359216,0.7083333333333334,-2.1928728433133386,24,0.0389305494220625,-0.009940270185748223,0.536953444671089,-51.97729781333615,2891,36.79542442211326,99.19312401333099,5701,2003-07-07,2026-08-31,False,True,True,True,3
full,us_breakeven_5y5y|robustz|w60,us_breakeven_5y5y,robustz,60,day,1,-1,0.23981902498594476,-0.04921200505209367,0.1557966932818777,0.22372603355495962,0.26078032078207775,0.5833333333333334,-1.0402964509083563,24,0.0031043289031959928,-0.010109539129017037,0.5370302875928767,-39.59217980320982,2956,36.79003961395979,99.19326552086987,5702,2003-07-04,2026-08-31,False,False,True,True,2
full,us_breakeven_5y5y|robustz|w120,us_breakeven_5y5y,robustz,120,c2c,2,-1,0.12002931604677057,-0.2161832533565633,0.010523386995037229,0.04536166895259856,0.2698686426301544,0.6666666666666666,-2.366250938239037,24,0.05168062331962292,-0.00023921240276690732,0.5678328027239276,-76.21968831084092,3130,27.663661427377054,99.07817762808013,5641,2003-09-30,2026-08-31,False,True,True,True,3
full,us_breakeven_5y5y|robustz|w120,us_breakeven_5y5y,robustz,120,o2o,2,-1,0.15445988385960688,-0.3115931355920243,0.005918355144172193,0.04091743523021673,0.22631746983884293,0.5833333333333334,-2.6001411805749006,24,0.057216580984703225,-0.00023921240276690732,0.5678328027239276,-63.67440661309527,2926,27.663661427377054,99.07817762808013,5641,2003-09-30,2026-08-31,False,False,True,True,2
full,us_breakeven_5y5y|robustz|w120,us_breakeven_5y5y,robustz,120,day,1,-1,0.20769533160944817,0.12152635400954416,0.18241637024360355,0.23003957187224774,0.348767058302795,0.625,-1.1052917349949207,24,0.019113391824047584,-0.0004039957855917975,0.5678969846196341,-38.24455613787523,2903,27.660573816253656,99.07834101382488,5642,2003-09-29,2026-08-31,False,False,True,True,2
full,us_breakeven_5y5y|robustz|w252,us_breakeven_5y5y,robustz,252,c2c,2,-1,-0.007913995897836977,-0.11345801538418088,-0.04348716244446354,-0.012353233264371204,0.1671468817287461,0.5652173913043478,-1.461648263520713,23,0.05479734254169802,0.0008041757239782261,0.6421344620991118,-75.0278003088822,4676,25.97591714088341,99.54619713196587,5509,2004-04-13,2026-08-31,False,False,True,True,2
full,us_breakeven_5y5y|robustz|w252,us_breakeven_5y5y,robustz,252,o2o,2,-1,0.09774247557035057,-0.18903807183734198,0.004289435458389731,0.03530550289166371,0.20542856950869048,0.5652173913043478,-1.6805757612385552,23,0.055753488671346725,0.0008041757239782261,0.6421344620991118,-55.68156375340483,2069,25.97591714088341,99.54619713196587,5509,2004-04-13,2026-08-31,False,False,True,True,2
full,us_breakeven_5y5y|robustz|w252,us_breakeven_5y5y,robustz,252,day,1,-1,0.17022730822650994,0.013278494812326614,0.12371129116466821,0.16582201267287072,0.2990348727153922,0.6086956521739131,-1.1963109395531764,23,9.922089703265229e-05,0.0006279656567626007,0.6421939863881382,-33.81766246789093,2035,25.97220827602772,99.54627949183303,5510,2004-04-12,2026-08-31,False,False,True,True,2
full,us_breakeven_5y5y|bdtanh|w60,us_breakeven_5y5y,bdtanh,60,c2c,2,-1,0.28800151711754113,-0.16122165617197395,0.1428778338536147,0.1938324377824412,0.2917214249883219,0.625,-1.6278883138590892,24,-0.003215565140479972,-0.020554120975748942,0.6676674589783541,-62.093119817414,2044,41.16433733605174,99.58115183246073,5730,2003-05-26,2026-08-31,False,False,True,True,2
full,us_breakeven_5y5y|bdtanh|w60,us_breakeven_5y5y,bdtanh,60,o2o,2,-1,0.30965397511211745,-0.2105904476920912,0.1465644090416089,0.19759402281226737,0.3121971659818339,0.6666666666666666,-1.7050945899579466,24,-0.016906430519803232,-0.020554120975748942,0.6676674589783541,-59.30504771144891,2197,41.16433733605174,99.58115183246073,5730,2003-05-26,2026-08-31,False,True,True,True,3
full,us_breakeven_5y5y|bdtanh|w60,us_breakeven_5y5y,bdtanh,60,day,1,-1,0.38813914406221367,0.06038559483309416,0.2967557228820014,0.3652043754304545,0.47892307907948206,0.5833333333333334,-0.6116388086461433,24,-0.036175822402587585,-0.020704684942208146,0.667705108385748,-48.11554717452722,2051,41.1575161249341,99.58122491711742,5731,2003-05-23,2026-08-31,False,False,True,True,2
full,us_breakeven_5y5y|bdtanh|w120,us_breakeven_5y5y,bdtanh,120,c2c,2,-1,-0.031827535392842596,-0.1392465823000278,-0.06669065177321067,-0.02751241844125694,0.11388318561652634,0.625,-1.8280408268151422,24,0.002727600439462095,-0.019940538352540994,0.6641720542033845,-76.4790185144644,4829,31.741747360633827,99.59649122807018,5700,2003-07-08,2026-08-31,False,False,True,True,2
full,us_breakeven_5y5y|bdtanh|w120,us_breakeven_5y5y,bdtanh,120,o2o,2,-1,0.02981888414003999,-0.2308410049090924,-0.052619298167819954,-0.013017354748232537,0.12838066122738193,0.5416666666666666,-1.9094814818192036,24,0.011607631059462154,-0.019940538352540994,0.6641720542033845,-69.17058352255927,2999,31.741747360633827,99.59649122807018,5700,2003-07-08,2026-08-31,False,False,True,True,2
full,us_breakeven_5y5y|bdtanh|w120,us_breakeven_5y5y,bdtanh,120,day,1,-1,0.25245405228371115,0.27969344855872413,0.2586369172816149,0.31208237500596586,0.47321145506371043,0.6666666666666666,-1.0188410985347311,24,-0.031596272749662174,-0.020090147701618002,0.6642086603046365,-34.70903979464209,2001,31.73658121972383,99.59656200666551,5701,2003-07-07,2026-08-31,False,True,True,True,3
full,us_breakeven_5y5y|bdtanh|w252,us_breakeven_5y5y,bdtanh,252,c2c,2,-1,-0.03092058272542917,-0.11001328181250715,-0.05595138097616002,-0.023586720399862215,0.22178153069000048,0.6666666666666666,-1.8016985877877474,24,0.06673229532761046,0.012560922626924575,0.6697241258805899,-79.03349816335152,4676,27.157163501547462,99.53851615193469,5634,2003-10-09,2026-08-31,False,True,True,True,3
full,us_breakeven_5y5y|bdtanh|w252,us_breakeven_5y5y,bdtanh,252,o2o,2,-1,0.1250101709240899,-0.25764050624022067,0.007847809101774472,0.039833183762372736,0.23957582422200352,0.625,-1.895223752122253,24,0.08137910704359842,0.012560922626924575,0.6697241258805899,-61.26825952348496,2101,27.157163501547462,99.53851615193469,5634,2003-10-09,2026-08-31,False,False,True,True,2
full,us_breakeven_5y5y|bdtanh|w252,us_breakeven_5y5y,bdtanh,252,day,1,-1,0.30689941684734656,0.11747313138110944,0.2532001842236464,0.2966908377297348,0.4285834121823279,0.6666666666666666,-1.1190568300425632,24,0.03094789425151634,0.012391621508295252,0.6697723471325807,-29.85362108524271,1263,27.15266657404591,99.53859804791482,5635,2003-10-08,2026-08-31,False,True,True,True,3
full,us_breakeven_5y5y|rankc|w60,us_breakeven_5y5y,rankc,60,c2c,2,-1,0.19398133010328583,-0.21552561237673398,0.0612510619413507,0.11948507851944666,0.19590515568053146,0.625,-1.7320323937308213,24,0.0007788175983926452,-0.026246931642663982,0.64285833403983,-63.03077009952113,2272,45.62183362673217,99.33682373472949,5730,2003-05-26,2026-08-31,False,False,True,True,2
full,us_breakeven_5y5y|rankc|w60,us_breakeven_5y5y,rankc,60,o2o,2,-1,0.271723708710723,-0.31674927987202905,0.08711650021387363,0.1460660803444599,0.22208542208378848,0.6666666666666666,-1.7910596668059218,24,0.010736387706612923,-0.026246931642663982,0.64285833403983,-51.789062328848864,2197,45.62183362673217,99.33682373472949,5730,2003-05-26,2026-08-31,False,True,True,True,3
full,us_breakeven_5y5y|rankc|w60,us_breakeven_5y5y,rankc,60,day,1,-1,0.37403921436536464,0.0019337081034106337,0.2697132176820321,0.348049385358523,0.4149741605990429,0.5833333333333334,-0.7518210277215125,24,-0.022132322792032325,-0.026399467461160668,0.6429032775703495,-41.37473028282733,2036,45.61472716095485,99.3369394521026,5731,2003-05-23,2026-08-31,False,False,True,True,2
full,us_breakeven_5y5y|rankc|w120,us_breakeven_5y5y,rankc,120,c2c,2,-1,-0.028979557208868505,-0.14090652795059452,-0.06541075663144182,-0.021326756249028484,0.12192424930992671,0.625,-1.6921869477829536,24,0.01004949265199817,-0.025092468627809224,0.6475448213507738,-81.75880866551412,4829,35.503137190129614,99.33333333333333,5700,2003-07-08,2026-08-31,False,False,True,True,2
full,us_breakeven_5y5y|rankc|w120,us_breakeven_5y5y,rankc,120,o2o,2,-1,0.060625450699355356,-0.2665562016803785,-0.04145750428766235,0.0028024585874107453,0.13275654150102917,0.5416666666666666,-1.7851245590606515,24,0.03423872246079898,-0.025092468627809224,0.6475448213507738,-67.36441827474884,2925,35.503137190129614,99.33333333333333,5700,2003-07-08,2026-08-31,False,False,True,True,2
full,us_breakeven_5y5y|rankc|w120,us_breakeven_5y5y,rankc,120,day,1,-1,0.3205844143825368,0.2147370455228318,0.2897014118711037,0.3495076266144896,0.5050822153429678,0.6666666666666666,-1.071608190177935,24,-0.019491120081028906,-0.025244538537435662,0.6475877082481704,-27.751272027132373,1125,35.497325801377144,99.33345027188213,5701,2003-07-07,2026-08-31,False,True,True,True,3
full,us_breakeven_5y5y|rankc|w252,us_breakeven_5y5y,rankc,252,c2c,2,-1,-0.00045189260573512185,-0.07920560954932643,-0.025425095452349188,0.01050738119180456,0.199768259322898,0.6666666666666666,-1.7728909108705815,24,0.03628636058698415,-0.013272284731920776,0.6603559159732304,-79.80356411519,4676,29.8191350220228,99.6272630457934,5634,2003-10-09,2026-08-31,False,True,True,True,3
full,us_breakeven_5y5y|rankc|w252,us_breakeven_5y5y,rankc,252,o2o,2,-1,0.16045107300513906,-0.24384629251158474,0.037095560102321436,0.07254409736749694,0.23133330618389691,0.5833333333333334,-1.8630334935269164,24,0.06002040569770739,-0.013272284731920776,0.6603559159732304,-63.60473656375192,2106,29.8191350220228,99.6272630457934,5634,2003-10-09,2026-08-31,False,False,True,True,2
full,us_breakeven_5y5y|rankc|w252,us_breakeven_5y5y,rankc,252,day,1,-1,0.2761321583495858,0.14519097020674074,0.2388432144842663,0.28644784229169895,0.4412867719357919,0.6666666666666666,-1.1600485760694137,24,-0.010072263285743434,-0.013440276423592884,0.6604090747223574,-30.579406748898002,1257,29.814741146293102,99.62732919254658,5635,2003-10-08,2026-08-31,False,True,True,True,3
full,us_breakeven_5y5y|signth|w60,us_breakeven_5y5y,signth,60,c2c,2,-1,0.34192657466651377,-0.02238197481533213,0.22626814817551438,0.27773648944583595,0.4106881118520476,0.7083333333333334,-1.7139745384868459,24,0.015027680285355434,-0.011506495368003172,0.6568360991210799,-48.756482160929934,1739,40.04719873220625,98.98135359116023,5792,2003-02-25,2026-08-31,False,True,True,True,3
full,us_breakeven_5y5y|signth|w60,us_breakeven_5y5y,signth,60,o2o,2,-1,0.46817493116995723,-0.35997037078027505,0.21454910076595218,0.26549172184098035,0.3493008279157474,0.7083333333333334,-1.5885892711766287,24,0.005591490742521457,-0.011506495368003172,0.6568360991210799,-50.75869789383862,1652,40.04719873220625,98.98135359116023,5792,2003-02-25,2026-08-31,False,True,True,True,3
full,us_breakeven_5y5y|signth|w60,us_breakeven_5y5y,signth,60,day,1,-1,0.4725584933520691,-0.1746848664378158,0.29908594729379206,0.36699447280542885,0.40352024351948595,0.5833333333333334,-1.024321096558018,24,-0.018990045710293196,-0.011648066005509208,0.6568662715877326,-35.817074222424516,2125,40.040285699454266,98.98152943207319,5793,2003-02-24,2026-08-31,False,False,True,True,2
full,us_breakeven_5y5y|signth|w120,us_breakeven_5y5y,signth,120,c2c,2,-1,0.00955826726681854,-0.22736062805273033,-0.06533801376526684,-0.026456778291757445,0.108722205695087,0.7083333333333334,-1.6786097845318237,24,0.014851325206217084,-0.011975698316374916,0.6657902177370216,-66.5105510152856,4829,30.914459202134815,99.2710864283235,5762,2003-04-09,2026-08-31,False,True,True,True,3
full,us_breakeven_5y5y|signth|w120,us_breakeven_5y5y,signth,120,o2o,2,-1,-0.013583721626252028,-0.18725089782122423,-0.06720533753617809,-0.028250478783705905,0.13137369515933292,0.5833333333333334,-1.5808824744472867,24,0.009065989591611394,-0.011975698316374916,0.6657902177370216,-77.64621550510961,4828,30.914459202134815,99.2710864283235,5762,2003-04-09,2026-08-31,False,False,True,True,2
full,us_breakeven_5y5y|signth|w120,us_breakeven_5y5y,signth,120,day,1,-1,0.11912007232871054,0.3412367110370969,0.17801463249811733,0.23021068107449433,0.4213370348185532,0.6666666666666666,-1.5300655589799084,24,-0.021336846147362108,-0.012119230997280149,0.6658203000414874,-47.30662634758625,2788,30.909094902429427,99.27121290994275,5763,2003-04-08,2026-08-31,False,True,True,True,3
full,us_breakeven_5y5y|signth|w252,us_breakeven_5y5y,signth,252,c2c,2,1,0.04103019487534483,-0.11997142991944824,-0.006818308805113028,0.023767291480620466,-0.18253954451767884,0.4583333333333333,-2.270503031228383,24,-0.002018149489950486,0.020465263091207702,0.6520764069614898,-76.42451735741949,4376,24.006008824884876,99.84196663740123,5695,2003-07-15,2026-08-31,False,False,True,True,2
full,us_breakeven_5y5y|signth|w252,us_breakeven_5y5y,signth,252,o2o,2,-1,-0.0027227012146872395,0.0021061795346587107,-0.001316779516745319,0.028632702879255165,0.10924194354396144,0.5833333333333334,-1.8090125789789309,24,0.016728840337417124,-0.020465263091207702,0.6520764069614898,-55.373076662674535,2861,24.006008824884876,99.84196663740123,5695,2003-07-15,2026-08-31,False,False,True,True,2
full,us_breakeven_5y5y|signth|w252,us_breakeven_5y5y,signth,252,day,1,-1,0.034074256763052,0.3084676537675214,0.10353717007181598,0.14373466178369224,0.24407147856836064,0.5,-1.000107080555908,24,-0.04119456694283646,-0.02061996600772989,0.6521202230901134,-29.4459299216942,2171,24.001794286818715,99.84199438202246,5696,2003-07-14,2026-08-31,False,False,True,True,2
full,us_breakeven_5y5y|dev|w60,us_breakeven_5y5y,dev,60,c2c,2,-1,0.14450178236184466,-0.2062880782095697,0.02897276084927149,0.07608269286068653,0.22379371797601044,0.6666666666666666,-2.1750038651793338,24,0.02950540275509041,-0.0018909816337551555,0.5674929544445739,-65.74622340756504,2948,36.03620770346539,99.28446771378708,5730,2003-05-26,2026-08-31,False,True,True,True,3
full,us_breakeven_5y5y|dev|w60,us_breakeven_5y5y,dev,60,o2o,2,-1,0.1785167562880072,-0.27368976804433415,0.03420242297049982,0.08139850612431405,0.21996134439387371,0.7083333333333334,-2.4683477471186293,24,0.012824187096030625,-0.0018909816337551555,0.5674929544445739,-59.870978386855555,2296,36.03620770346539,99.28446771378708,5730,2003-05-26,2026-08-31,False,True,True,True,3
full,us_breakeven_5y5y|dev|w60,us_breakeven_5y5y,dev,60,day,1,-1,0.24730715292490532,-0.039428452633085136,0.16528284735009638,0.22915371950489075,0.33392679820732624,0.5833333333333334,-1.0159029745982535,24,-0.0009369927529651726,-0.0020531026806761016,0.5675563838193939,-47.9438770212638,2898,36.032123821852274,99.28459256674228,5731,2003-05-23,2026-08-31,False,False,True,True,2
full,us_breakeven_5y5y|dev|w120,us_breakeven_5y5y,dev,120,c2c,2,-1,0.030577800269622722,-0.10766755547612854,-0.015184050139050788,0.021304356030306018,0.22933425951424882,0.6666666666666666,-1.5720951683697417,24,0.045883530254916594,0.0065820582237362405,0.5906160410635611,-72.88235080981622,3108,28.75904762271851,99.19298245614036,5700,2003-07-08,2026-08-31,False,True,True,True,3
full,us_breakeven_5y5y|dev|w120,us_breakeven_5y5y,dev,120,o2o,2,-1,0.07153044748978434,-0.1744479369009992,-0.007307369329158221,0.029186947770977818,0.2207785704475562,0.5833333333333334,-1.7573460215823862,24,0.04719442085655587,0.0065820582237362405,0.5906160410635611,-61.66391391528438,2749,28.75904762271851,99.19298245614036,5700,2003-07-08,2026-08-31,False,False,True,True,2
full,us_breakeven_5y5y|dev|w120,us_breakeven_5y5y,dev,120,day,1,-1,0.2201754312131155,0.1484502818800478,0.19894472866283727,0.24869712470512198,0.4324321009317656,0.625,-1.172461041282984,24,0.008803195081073497,0.006415283188574992,0.5906780628801138,-35.19654099102335,1985,28.7553771669972,99.19312401333099,5701,2003-07-07,2026-08-31,False,False,True,True,2
full,us_breakeven_5y5y|dev|w252,us_breakeven_5y5y,dev,252,c2c,2,-1,0.13386610682295375,-0.13290627052434834,0.0460806878841967,0.07778049337794182,0.3335593178056064,0.6666666666666666,-1.6140547648450188,24,0.07984607441107237,0.03128868333940998,0.6248243295897369,-70.63912869425867,2207,26.154503914603904,99.34327298544551,5634,2003-10-09,2026-08-31,False,True,True,True,3
full,us_breakeven_5y5y|dev|w252,us_breakeven_5y5y,dev,252,o2o,2,-1,0.20860503048230403,-0.1912071601787895,0.08150656808014958,0.11287020773582175,0.32829828075475825,0.5833333333333334,-1.8246060471799517,24,0.08462535711354273,0.03128868333940998,0.6248243295897369,-55.27049588959364,2015,26.154503914603904,99.34327298544551,5634,2003-10-09,2026-08-31,False,False,True,True,2
full,us_breakeven_5y5y|dev|w252,us_breakeven_5y5y,dev,252,day,1,-1,0.3006458875556427,0.06596295783008707,0.23226695126160057,0.275014136585999,0.4004990325584876,0.6666666666666666,-1.514521948167367,24,0.02864788412552635,0.031110853847539435,0.6248857237643174,-34.936100436933785,1439,26.15087292798399,99.34338952972493,5635,2003-10-08,2026-08-31,False,True,True,True,3
full,us_dgs5|selfz|w60,us_dgs5,selfz,60,c2c,2,-1,0.2126217311796807,-0.029838826462764846,0.1416496437090739,0.18328344560301185,0.2445805094064912,0.6153846153846154,-2.3718665402425234,26,0.09705454556192593,-0.007794326157138134,0.6058695219068516,-59.60198874199052,1919,31.539740407806026,99.52937358000649,6162,2001-08-21,2026-08-31,False,False,True,True,2
full,us_dgs5|selfz|w60,us_dgs5,selfz,60,o2o,2,-1,0.05796642441086661,-0.11868904190739894,0.009191551700352674,0.05004180991136159,0.15561743031865125,0.6153846153846154,-2.5268276897429107,26,0.10657053561609488,-0.007794326157138134,0.6058695219068516,-60.14114871783842,3584,31.539740407806026,99.52937358000649,6162,2001-08-21,2026-08-31,False,False,True,True,2
full,us_dgs5|selfz|w60,us_dgs5,selfz,60,day,1,-1,-0.007805867398980604,0.17998459888318935,0.03553659634337231,0.08958278953484279,0.0974756051301161,0.5,-1.5610506937024051,26,0.05032825439402351,-0.0078405682390541,0.6058187211207244,-52.68137343832833,3059,31.53698761495788,99.52944994320949,6163,2001-08-20,2026-08-31,False,False,True,True,2
full,us_dgs5|selfz|w120,us_dgs5,selfz,120,c2c,2,-1,0.37318011053898853,-0.05185870477639239,0.24225526820706553,0.2732408688923269,0.3228320298763618,0.6538461538461539,-2.5585292284426684,26,0.04789794580309809,-0.01609733945354406,0.6076720829007247,-50.999841869130215,1486,23.774323354844626,99.33137638617092,6132,2001-10-08,2026-08-31,False,True,True,True,3
full,us_dgs5|selfz|w120,us_dgs5,selfz,120,o2o,2,-1,0.2732259612502455,-0.09623967846986499,0.16568610529772307,0.19624712252951565,0.2908617290556298,0.6153846153846154,-2.5495831514076124,26,0.05857379985593794,-0.01609733945354406,0.6076720829007247,-51.76601296634077,1697,23.774323354844626,99.33137638617092,6132,2001-10-08,2026-08-31,False,False,True,True,2
full,us_dgs5|selfz|w120,us_dgs5,selfz,120,day,1,-1,0.24069642033560973,0.30519927083613735,0.25485548394981616,0.29550928072486615,0.3679393960770367,0.5769230769230769,-1.17860419554992,26,-0.006084066079412568,-0.016167970156794862,0.6076462559578892,-43.230559012691764,1563,23.771114938574925,99.33148540681559,6133,2001-10-05,2026-08-31,False,False,True,True,2
full,us_dgs5|selfz|w252,us_dgs5,selfz,252,c2c,2,-1,0.3450618250429797,0.012393016355509138,0.23663879535067045,0.26182205891276145,0.2963879001011611,0.6,-1.9112734369828177,25,0.02990292307570785,-0.01857684495242154,0.6279834925484908,-44.55414817166964,1504,19.154804107110834,99.32410154962083,6066,2002-01-10,2026-08-31,False,False,True,True,2
full,us_dgs5|selfz|w252,us_dgs5,selfz,252,o2o,2,-1,0.2794427401942921,-0.02578557042180766,0.1822224699606918,0.2077915250236733,0.2623085637006573,0.6,-1.942641068894016,25,-0.0021239898560943453,-0.01857684495242154,0.6279834925484908,-46.6715752792788,1633,19.154804107110834,99.32410154962083,6066,2002-01-10,2026-08-31,False,False,True,True,2
full,us_dgs5|selfz|w252,us_dgs5,selfz,252,day,1,-1,0.1432349169769472,0.36298498409695895,0.20232387088206313,0.23610335990346207,0.3140193000370836,0.56,-1.1212940709827424,25,-0.025264626577234064,-0.018701217869218262,0.6280074193390973,-26.756399286746234,1226,19.15172710988343,99.32421295533213,6067,2002-01-09,2026-08-31,False,False,True,True,2
full,us_dgs5|robustz|w60,us_dgs5,robustz,60,c2c,2,-1,0.22022306926925284,-0.3114498499574231,0.061789611018168225,0.10080754135051807,0.17809327661878033,0.6538461538461539,-2.679192260027032,26,0.09446422583991429,0.00802455630320029,0.5486502418201046,-60.93043361144264,1929,28.14103445913352,99.23365400293494,6133,2001-10-05,2026-08-31,False,True,True,True,3
full,us_dgs5|robustz|w60,us_dgs5,robustz,60,o2o,2,-1,0.04508680180272918,-0.39211720648395865,-0.07777757236557763,-0.03926400201469811,0.09578710921316595,0.5,-2.851682532925861,26,0.09951852417937215,0.00802455630320029,0.5486502418201046,-70.3461074464357,4211,28.14103445913352,99.23365400293494,6133,2001-10-05,2026-08-31,False,False,True,True,2
full,us_dgs5|robustz|w60,us_dgs5,robustz,60,day,1,-1,-0.02456940391095306,0.04572474703662207,-0.007711729686647978,0.04345019238517122,0.04563097541711426,0.5384615384615384,-2.2898630749272955,26,0.03945344380659936,0.008016720546166452,0.5485673252461761,-54.41516147199803,4536,28.13744764699035,99.23377893707206,6134,2001-10-04,2026-08-31,False,False,True,True,2
full,us_dgs5|robustz|w120,us_dgs5,robustz,120,c2c,2,-1,0.2836733050847255,-0.2304665312107663,0.12132870573725171,0.14853233156442336,0.29104881414969197,0.68,-2.6170275768786335,25,0.08460352235992417,0.008973544750286864,0.5872501195670474,-53.287814632784524,1709,20.542138345645863,99.48954388275976,6073,2001-12-31,2026-08-31,False,True,True,True,3
full,us_dgs5|robustz|w120,us_dgs5,robustz,120,o2o,2,-1,0.1792118026414604,-0.27147622632632545,0.04359622390778529,0.07045300185177938,0.2346573371222804,0.64,-2.6389466706015567,25,0.10189096949439022,0.008973544750286864,0.5872501195670474,-54.5056085285095,1809,20.542138345645863,99.48954388275976,6073,2001-12-31,2026-08-31,False,False,True,True,2
full,us_dgs5|robustz|w120,us_dgs5,robustz,120,day,1,-1,0.25631211252302283,0.13983774269062965,0.22478543297056777,0.26087976502079796,0.321732856563944,0.56,-1.25030092986781,25,0.042647957266770696,0.00895913929571144,0.5871663650505466,-30.311738962354312,1439,20.538957320669347,99.48962792229173,6074,2001-12-28,2026-08-31,False,False,True,True,2
full,us_dgs5|robustz|w252,us_dgs5,robustz,252,c2c,2,-1,0.3560828861246685,-0.19121948577507414,0.1800968592788111,0.199285052972833,0.19931014568074884,0.56,-2.104463861921011,25,-0.06780629787157195,-0.054932572898443326,0.6756616807260368,-47.96234573657713,1583,15.67429335347351,99.52869887224372,5941,2002-07-18,2026-08-31,False,False,True,True,2
full,us_dgs5|robustz|w252,us_dgs5,robustz,252,o2o,2,-1,0.2948711615151156,-0.22309961622893945,0.13636240250778806,0.15570996538226994,0.15652476421864348,0.56,-2.076780821846696,25,-0.1091453799577066,-0.054932572898443326,0.6756616807260368,-53.2090201305667,1610,15.67429335347351,99.52869887224372,5941,2002-07-18,2026-08-31,False,False,True,True,2
full,us_dgs5|robustz|w252,us_dgs5,robustz,252,day,1,-1,0.12624276911590165,0.21480580642540342,0.14920295001164227,0.17512215387369942,0.19482406856702833,0.48,-1.6407090241715139,25,-0.12448226555757251,-0.05506266264042927,0.6756873057915118,-27.784471413028598,1809,15.67181336816059,99.5287781891619,5942,2002-07-17,2026-08-31,False,False,True,True,2
full,us_dgs5|bdtanh|w60,us_dgs5,bdtanh,60,c2c,2,-1,0.3008798666707497,0.03137591737521221,0.2215567118168829,0.2592446698651218,0.31732761295603834,0.6153846153846154,-2.5524838275407293,26,0.10142831068918959,-0.01140360404305174,0.6655194128908415,-57.58349588131373,1906,29.172624753619292,99.54560207724765,6162,2001-08-21,2026-08-31,False,False,True,True,2
full,us_dgs5|bdtanh|w60,us_dgs5,bdtanh,60,o2o,2,-1,0.07396594388258765,-0.05413085395482884,0.03846975981080113,0.07521003036485036,0.1836738649628801,0.5769230769230769,-2.5950695647940045,26,0.11360964227543945,-0.01140360404305174,0.6655194128908415,-60.40899581398405,1858,29.172624753619292,99.54560207724765,6162,2001-08-21,2026-08-31,False,False,True,True,2
full,us_dgs5|bdtanh|w60,us_dgs5,bdtanh,60,day,1,-1,-0.038207315744056676,0.23572966564124703,0.025806954928009378,0.07423675291506013,0.09869166058875395,0.5769230769230769,-1.5843304925815527,26,0.057211774381642946,-0.011482743709792766,0.665492416615858,-57.630947141204544,3258,29.16982914482889,99.54567580723673,6163,2001-08-20,2026-08-31,False,False,True,True,2
full,us_dgs5|bdtanh|w120,us_dgs5,bdtanh,120,c2c,2,-1,0.48200700537405233,-0.049583203568475905,0.31914659063701456,0.3470090337293729,0.40588511922937953,0.6153846153846154,-2.5563503324941053,26,0.05822050849520432,-0.019581837375028985,0.6535609092970379,-50.583204044429245,1510,21.34611295523129,99.69015003261579,6132,2001-10-08,2026-08-31,False,False,True,True,2
full,us_dgs5|bdtanh|w120,us_dgs5,bdtanh,120,o2o,2,-1,0.35419618756836974,-0.08694419473061715,0.22678659606496693,0.2541756972221065,0.35751022064323273,0.6538461538461539,-2.4864412130254294,26,0.06886046137474017,-0.019581837375028985,0.6535609092970379,-51.32702127379398,1586,21.34611295523129,99.69015003261579,6132,2001-10-08,2026-08-31,False,True,True,True,3
full,us_dgs5|bdtanh|w120,us_dgs5,bdtanh,120,day,1,-1,0.31881427277937124,0.23071650768086288,0.29488138981514994,0.331157516504596,0.4590866733591284,0.6923076923076923,-1.0862625089929154,26,0.005804443379311617,-0.019684581792964867,0.653560281943912,-39.60367923537777,1103,21.342877380337406,99.69020055437795,6133,2001-10-05,2026-08-31,False,True,True,True,3
full,us_dgs5|bdtanh|w252,us_dgs5,bdtanh,252,c2c,2,-1,0.42538590112140123,0.09556281187175981,0.3162807317535316,0.3407576223397311,0.37202796209255196,0.64,-1.7629417796324838,25,0.08133620314689839,-0.019753997549307987,0.6453891473601779,-43.201828427703035,1381,18.50399641234519,99.27464556544675,6066,2002-01-10,2026-08-31,False,False,True,True,2
full,us_dgs5|bdtanh|w252,us_dgs5,bdtanh,252,o2o,2,-1,0.35577483781588876,0.046177294991713004,0.2571588642880476,0.2819035121173507,0.33644544900526957,0.64,-1.833863921177458,25,0.07807170643079922,-0.019753997549307987,0.6453891473601779,-45.14504523714847,1447,18.50399641234519,99.27464556544675,6066,2002-01-10,2026-08-31,False,False,True,True,2
full,us_dgs5|bdtanh|w252,us_dgs5,bdtanh,252,day,1,-1,0.24222299800961197,0.43430888397157613,0.2940756798565147,0.32692616788226736,0.4453648938913211,0.6,-0.9385861765263668,25,0.035695963583723185,-0.019885687542173163,0.6454177163459869,-24.275074504047943,1214,18.50103492107494,99.27476512279544,6067,2002-01-09,2026-08-31,False,False,True,True,2
full,us_dgs5|rankc|w60,us_dgs5,rankc,60,c2c,2,-1,0.24279769373399016,0.1207134337404551,0.2067428072325176,0.2519080498622801,0.3134714617486566,0.6538461538461539,-2.38026411375831,26,0.0997538779315628,-0.013576419914053842,0.6454806955784972,-55.4099284194094,1927,35.282500927566026,99.67543005517689,6162,2001-08-21,2026-08-31,False,True,True,True,3
full,us_dgs5|rankc|w60,us_dgs5,rankc,60,o2o,2,-1,0.014056589848548256,0.026167831327962403,0.017422923833686207,0.06177093813456724,0.16407465486729247,0.5769230769230769,-2.576700976890428,26,0.11150181424061853,-0.013576419914053842,0.6454806955784972,-68.23954982092543,3707,35.282500927566026,99.67543005517689,6162,2001-08-21,2026-08-31,False,False,True,True,2
full,us_dgs5|rankc|w60,us_dgs5,rankc,60,day,1,-1,-0.06033625535167966,0.23733633302282944,0.009708996965687874,0.06833176675350328,0.0669039061092025,0.5769230769230769,-1.6565197810964492,26,0.053109037295099804,-0.013642176105045213,0.6454439198409369,-54.5595765234626,4621,35.28199234095588,99.6754827194548,6163,2001-08-20,2026-08-31,False,False,True,True,2
full,us_dgs5|rankc|w120,us_dgs5,rankc,120,c2c,2,-1,0.4061128673229996,0.08551400450439732,0.30838416945530195,0.3427602080755698,0.3792179943079661,0.6538461538461539,-2.6146603056086515,26,0.049753411767505445,-0.02221845994048805,0.6480750984824711,-53.06796394634363,1588,26.8616523251276,99.44553163731246,6132,2001-10-08,2026-08-31,False,True,True,True,3
full,us_dgs5|rankc|w120,us_dgs5,rankc,120,o2o,2,-1,0.22235780250743523,0.016547402464112126,0.16292757307266753,0.19684201824096206,0.278859247341881,0.6538461538461539,-2.584607941477885,26,0.05949628061861427,-0.02221845994048805,0.6480750984824711,-53.349836589219926,1767,26.8616523251276,99.44553163731246,6132,2001-10-08,2026-08-31,False,True,True,True,3
full,us_dgs5|rankc|w120,us_dgs5,rankc,120,day,1,-1,0.185663296361879,0.20876135627209982,0.1897933823842311,0.23482418232985172,0.2738235247308151,0.6153846153846154,-1.2029138351439064,26,-0.006435453362567552,-0.02231903767128206,0.6480736288239707,-47.50934146677742,1313,26.858826811089482,99.44562204467634,6133,2001-10-05,2026-08-31,False,False,True,True,2
full,us_dgs5|rankc|w252,us_dgs5,rankc,252,c2c,2,-1,0.4547845423828271,0.1287602748151248,0.34968601617225287,0.3803325355176878,0.3859132099807882,0.68,-2.2071729883793108,25,0.06033586225927653,-0.02286433625774568,0.6528093933366271,-49.26541813333141,875,23.695586692198994,99.53841081437521,6066,2002-01-10,2026-08-31,False,True,True,True,3
full,us_dgs5|rankc|w252,us_dgs5,rankc,252,o2o,2,-1,0.31563670627515483,0.06776044092251395,0.23783684773955951,0.26876930089413414,0.31571873440380377,0.68,-2.208306466061887,25,0.05609700821137415,-0.02286433625774568,0.6528093933366271,-50.79097301304336,1566,23.695586692198994,99.53841081437521,6066,2002-01-10,2026-08-31,False,True,True,True,3
full,us_dgs5|rankc|w252,us_dgs5,rankc,252,day,1,-1,0.220862812714292,0.34455969519469065,0.25311712573380907,0.2944041614976453,0.4036467077453502,0.68,-1.1029075561648665,25,0.0176100070758992,-0.02299567006085987,0.6528368957474421,-27.28757534700268,1231,23.691994219990207,99.53848689632437,6067,2002-01-09,2026-08-31,False,True,True,True,3
full,us_dgs5|signth|w60,us_dgs5,signth,60,c2c,2,-1,0.3629197889485132,-0.062360588819785984,0.2395711488939251,0.27498850714046297,0.35694365719211113,0.6923076923076923,-2.83625762263878,26,0.11031749599515754,-0.009368781958871338,0.6707029879709816,-54.6050675981691,1546,27.20053158146027,99.77386528832176,6191,2001-07-10,2026-08-31,False,True,True,True,3
full,us_dgs5|signth|w60,us_dgs5,signth,60,o2o,2,-1,0.07585820295841099,-0.01747182376714065,0.05047687846098787,0.08468790232095805,0.21253456960112868,0.6538461538461539,-2.428608509665813,26,0.12836639846071768,-0.009368781958871338,0.6707029879709816,-69.00021575332904,1868,27.20053158146027,99.77386528832176,6191,2001-07-10,2026-08-31,False,True,True,True,3
full,us_dgs5|signth|w60,us_dgs5,signth,60,day,1,-1,-0.010218827574824937,0.38517417530452674,0.08009034072336811,0.12495770818358033,0.19864288754647635,0.5769230769230769,-1.3395772412567928,26,0.07658513284673568,-0.009472660698431612,0.670700062090708,-52.09990180498851,3213,27.19628823748609,99.77390180878552,6192,2001-07-09,2026-08-31,False,False,True,True,2
full,us_dgs5|signth|w120,us_dgs5,signth,120,c2c,2,-1,0.3707861115714361,-0.05999038022592597,0.2437666399166526,0.27183527924252787,0.350871013359048,0.6538461538461539,-2.297609635153972,26,0.10202711261342043,-0.006719498033110662,0.6682364891321326,-46.80896002326166,1517,21.5836977430953,99.66079793248264,6191,2001-07-10,2026-08-31,False,True,True,True,3
full,us_dgs5|signth|w120,us_dgs5,signth,120,o2o,2,-1,0.3586590739468762,-0.07459483137245083,0.23864792557680226,0.26603194254830165,0.350467037861083,0.6923076923076923,-2.3257463799215605,26,0.12550771533028132,-0.006719498033110662,0.6682364891321326,-49.13576548114251,1455,21.5836977430953,99.66079793248264,6191,2001-07-10,2026-08-31,False,True,True,True,3
full,us_dgs5|signth|w120,us_dgs5,signth,120,day,1,-1,0.3677061191735516,0.07505241203328965,0.29578873613216555,0.331984150778576,0.4261407184491262,0.6923076923076923,-1.232816368217924,26,0.07313626988286251,-0.0068320738745817865,0.6682422308342143,-35.32193347783672,1498,21.580355660253087,99.6608527131783,6192,2001-07-09,2026-08-31,False,True,True,True,3
full,us_dgs5|signth|w252,us_dgs5,signth,252,c2c,2,-1,0.3525237932533215,-0.14721512640566214,0.2079558969530381,0.22815485354670811,0.16197111657030092,0.6153846153846154,-4.301446843427251,26,0.1288222794202395,-0.006434885293505831,0.6365433069285554,-41.115755222489085,1187,15.246009832439718,99.63516330785266,5756,2001-10-15,2026-08-31,False,False,True,True,2
full,us_dgs5|signth|w252,us_dgs5,signth,252,o2o,2,-1,0.37060486200933246,-0.14853877544189104,0.22822848502702237,0.24849786412668154,0.1820244621510527,0.6153846153846154,-4.266152756561649,26,0.13491330795242923,-0.006434885293505831,0.6365433069285554,-53.58661943086898,1604,15.246009832439718,99.63516330785266,5756,2001-10-15,2026-08-31,False,False,True,True,2
full,us_dgs5|signth|w252,us_dgs5,signth,252,day,1,-1,0.3670296848920942,0.18962368600900673,0.32479297655510436,0.3515711784020555,0.32222591255232585,0.5769230769230769,-2.655627969531888,26,0.08040187833493925,-0.006573398283719823,0.636572369089929,-38.01798826486233,1616,15.243498853674817,99.6352266805628,5757,2001-10-12,2026-08-31,False,False,True,True,2
full,us_dgs5|dev|w60,us_dgs5,dev,60,c2c,2,-1,0.17801157070259127,-0.058967506674229904,0.10608296182353291,0.1403326291835596,0.2488541951936997,0.6538461538461539,-2.2680714605599928,26,0.09423368540853014,-0.008342400958568042,0.59066834288787,-56.28615917538028,1635,26.461276271773635,99.36708860759494,6162,2001-08-21,2026-08-31,False,True,True,True,3
full,us_dgs5|dev|w60,us_dgs5,dev,60,o2o,2,-1,0.060746951572185494,-0.12571961841230844,0.007187815411420491,0.04087589806260775,0.17328172610662204,0.5769230769230769,-2.385280702181652,26,0.10609751448499516,-0.008342400958568042,0.59066834288787,-58.811788611589556,3524,26.461276271773635,99.36708860759494,6162,2001-08-21,2026-08-31,False,False,True,True,2
full,us_dgs5|dev|w60,us_dgs5,dev,60,day,1,-1,-0.01622091511788648,0.38780026898721237,0.08140494285432201,0.12561977727253384,0.14802549243189347,0.5384615384615384,-1.6851415918602868,26,0.057690566120354864,-0.008366828992919415,0.5905982835066885,-53.259463180097136,3047,26.458645743116673,99.36719130293689,6163,2001-08-20,2026-08-31,False,False,True,True,2
full,us_dgs5|dev|w120,us_dgs5,dev,120,c2c,2,-1,0.37867762808888783,0.029792164063903274,0.2678955102566079,0.29257507998927884,0.3721821182454336,0.6923076923076923,-2.2047273054146435,26,0.0245700780167221,-0.022478548446100016,0.6283127943398277,-50.09457486890321,1640,19.279745436046863,99.38030006523158,6132,2001-10-08,2026-08-31,False,True,True,True,3
full,us_dgs5|dev|w120,us_dgs5,dev,120,o2o,2,-1,0.31315159320539515,0.007551586373361326,0.22010726984319068,0.24478873327553144,0.3400322415801192,0.6153846153846154,-2.199390351359758,26,0.02594030298214136,-0.022478548446100016,0.6283127943398277,-48.067576923229204,1671,19.279745436046863,99.38030006523158,6132,2001-10-08,2026-08-31,False,False,True,True,2
full,us_dgs5|dev|w120,us_dgs5,dev,120,day,1,-1,0.2607198737749808,0.4450196141331422,0.30712589729566725,0.3394574790836936,0.413886292648398,0.6538461538461539,-1.1490135170716236,26,-0.01754608469877507,-0.022571966300380924,0.6283074295027841,-40.58976455338121,1191,19.276980737602663,99.3804011087559,6133,2001-10-05,2026-08-31,False,True,True,True,3
full,us_dgs5|dev|w252,us_dgs5,dev,252,c2c,2,-1,0.36052048480666227,0.1664253078347427,0.297007073850773,0.31760354783370276,0.31597483559795336,0.64,-1.933509229392901,25,7.691506925491404e-05,-0.024382408154420155,0.6699903750451959,-44.44741637344296,1584,16.164005688992408,99.55489614243324,6066,2002-01-10,2026-08-31,False,False,True,True,2
full,us_dgs5|dev|w252,us_dgs5,dev,252,o2o,2,-1,0.30936667169846743,0.13937102157466102,0.25576805968961497,0.2765044381053753,0.28419808095855725,0.64,-1.9126389627275788,25,-0.03481236304128467,-0.024382408154420155,0.6699903750451959,-46.02091338115047,1587,16.164005688992408,99.55489614243324,6066,2002-01-10,2026-08-31,False,False,True,True,2
full,us_dgs5|dev|w252,us_dgs5,dev,252,day,1,-1,0.1005735125072837,0.4695443190348051,0.20041717061903752,0.2278230227932746,0.29764118812946405,0.6,-1.2472000148440932,25,-0.042424367523951546,-0.02452456740335871,0.6700261212453639,-31.546784144672905,2075,16.16144037031676,99.55496950716993,6067,2002-01-09,2026-08-31,False,False,True,True,2
full,us_dgs30|selfz|w60,us_dgs30,selfz,60,c2c,2,-1,-0.004033443712463063,-0.37364943130664197,-0.10832634320865618,-0.06492534616139116,-0.012404899503511226,0.5769230769230769,-2.7199692431153872,26,0.05479727298876879,-0.013798412883236334,0.6099631498314917,-69.14567162562571,4382,32.90363145859315,99.56183057448881,6162,2001-08-21,2026-08-31,False,False,True,True,2
full,us_dgs30|selfz|w60,us_dgs30,selfz,60,o2o,2,1,-0.0013406661932951053,0.20979928328793773,0.05566849785893693,0.09828432834419802,-0.07791892616232873,0.34615384615384615,-1.8873025666889234,26,-0.06104418166185245,0.013798412883236334,0.6099631498314917,-85.03236047819568,3647,32.90363145859315,99.56183057448881,6162,2001-08-21,2026-08-31,False,False,True,True,2
full,us_dgs30|selfz|w60,us_dgs30,selfz,60,day,1,1,0.01652199747476081,-0.46986587869600255,-0.09490817730053913,-0.03834627793923184,-0.2136013791431552,0.38461538461538464,-2.237947482958874,26,-0.002060104072997594,0.01384717547187926,0.609915179540539,-74.21826024170659,5753,32.899620328954384,99.561901671264,6163,2001-08-20,2026-08-31,False,False,True,True,2
full,us_dgs30|selfz|w120,us_dgs30,selfz,120,c2c,2,-1,0.1389043608181784,-0.25286995370918447,0.025511830926976595,0.05446583184025735,0.11792157587254333,0.6153846153846154,-2.208950994706652,26,0.014930200901504697,-0.02369620881650221,0.6328320908071384,-57.57588678687837,2283,22.308850816113083,99.42922374429224,6132,2001-10-08,2026-08-31,False,False,True,True,2
full,us_dgs30|selfz|w120,us_dgs30,selfz,120,o2o,2,-1,0.09788593606394376,-0.19370852504262195,0.016975238093514408,0.04528016783201511,0.1345477721708336,0.6153846153846154,-2.3485187249697765,26,0.042916703019987255,-0.02369620881650221,0.6328320908071384,-63.27153778936353,3206,22.308850816113083,99.42922374429224,6132,2001-10-08,2026-08-31,False,False,True,True,2
full,us_dgs30|selfz|w120,us_dgs30,selfz,120,day,1,-1,0.12761512369185427,0.4732601499126531,0.209056033825632,0.24675223758938794,0.3335475044153788,0.5769230769230769,-1.2052948702060615,26,-0.031000992418542452,-0.023787876028226507,0.6328244369880474,-44.80392943400437,2546,22.306438438013636,99.42931681069624,6133,2001-10-05,2026-08-31,False,False,True,True,2
full,us_dgs30|selfz|w252,us_dgs30,selfz,252,c2c,2,-1,0.10658357438854715,-0.11683076323106356,0.04063236887986306,0.06237812295327407,0.10809596743722255,0.6,-2.5380411365349413,25,0.019784801356025457,-0.024491765574058032,0.6675017520582153,-56.189405845327165,2413,17.265929507395995,99.50544015825915,6066,2002-01-10,2026-08-31,False,False,True,True,2
full,us_dgs30|selfz|w252,us_dgs30,selfz,252,o2o,2,-1,0.07962826991838823,-0.08083849346295559,0.033537322301574135,0.05502408309985897,0.11818996839557398,0.6,-2.5672615247008617,25,0.050012932349238086,-0.024491765574058032,0.6675017520582153,-58.14084883278934,3215,17.265929507395995,99.50544015825915,6066,2002-01-10,2026-08-31,False,False,True,True,2
full,us_dgs30|selfz|w252,us_dgs30,selfz,252,day,1,-1,0.05956022797520432,0.5118443534858029,0.17144722028615003,0.20000971424892583,0.26631751565157485,0.6,-1.2976101371852193,25,-0.00575268007930566,-0.02462358424831036,0.6675275858986972,-26.836089192419156,2733,17.263561803645366,99.50552167463326,6067,2002-01-09,2026-08-31,False,False,True,True,2
full,us_dgs30|robustz|w60,us_dgs30,robustz,60,c2c,2,-1,-0.009926857080220454,-0.323712599695677,-0.10128289186179856,-0.06206514657844244,0.0114462711144869,0.5384615384615384,-2.622064827243246,26,0.053610148398904545,-0.013936411250355876,0.5606216544064034,-78.69899420269282,6093,28.368716674886976,99.33148540681559,6133,2001-10-05,2026-08-31,False,False,True,True,2
full,us_dgs30|robustz|w60,us_dgs30,robustz,60,o2o,2,1,-0.00866362167301636,0.22464787111377368,0.05770123348929521,0.09658876980261383,-0.09154804006525022,0.34615384615384615,-2.0988280800706396,26,-0.05471936733240255,0.013936411250355876,0.5606216544064034,-87.35867336804635,3686,28.368716674886976,99.33148540681559,6133,2001-10-05,2026-08-31,False,False,True,True,2
full,us_dgs30|robustz|w60,us_dgs30,robustz,60,day,1,1,0.018969572304548828,-0.4235483011495181,-0.08737251238663736,-0.035615659504358146,-0.20302997272692108,0.4230769230769231,-2.258047629421699,26,-0.0005555529267304655,0.014006109470028451,0.560602228849885,-68.94661094312926,4237,28.365040648108103,99.33159439191392,6134,2001-10-04,2026-08-31,False,False,True,True,2
full,us_dgs30|robustz|w120,us_dgs30,robustz,120,c2c,2,-1,0.0837384056831191,-0.1762855151517912,0.005588394763605474,0.03048605037534875,0.16870943037255257,0.56,-2.4609839217481615,25,0.06238986858093888,-0.003964029474635736,0.6122706671235708,-70.81488421597865,2846,19.29771398988652,99.27548164004611,6073,2001-12-31,2026-08-31,False,False,True,True,2
full,us_dgs30|robustz|w120,us_dgs30,robustz,120,o2o,2,-1,0.0469104369131405,-0.1416749462621411,-0.00700393772045841,0.0172716117564965,0.16800386984515814,0.64,-2.524872586753441,25,0.10346179728444017,-0.003964029474635736,0.6122706671235708,-71.19482550076299,3012,19.29771398988652,99.27548164004611,6073,2001-12-31,2026-08-31,False,False,True,True,2
full,us_dgs30|robustz|w120,us_dgs30,robustz,120,day,1,-1,0.1450286192840629,0.45040845432283166,0.22133968056689574,0.2541276497111185,0.42988794716841294,0.68,-1.1405826370650984,25,0.03794094647226538,-0.004062021807300434,0.6122685101908999,-29.340475600345506,2381,19.294819141543122,99.27560092196246,6074,2001-12-28,2026-08-31,False,True,True,True,3
full,us_dgs30|robustz|w252,us_dgs30,robustz,252,c2c,2,-1,0.23840908675589909,-0.19080653530659955,0.10784550700266533,0.1272786697625943,0.10295784187767733,0.6,-2.8151188056283964,25,0.008824248969143352,-0.028286987931819822,0.6862979970325319,-62.21121391761872,1578,15.786978573665317,99.56236323851203,5941,2002-07-18,2026-08-31,False,False,True,True,2
full,us_dgs30|robustz|w252,us_dgs30,robustz,252,o2o,2,-1,0.2049175452742549,-0.15252740109771565,0.09940201528076101,0.11922530604279748,0.09442003432496203,0.6,-2.625719979142064,25,0.01902514861548238,-0.028286987931819822,0.6862979970325319,-57.62435346069488,1644,15.786978573665317,99.56236323851203,5941,2002-07-18,2026-08-31,False,False,True,True,2
full,us_dgs30|robustz|w252,us_dgs30,robustz,252,day,1,-1,0.21693391084443248,0.34508013436306906,0.24923755782549795,0.2753478238852273,0.2649651581662684,0.6,-1.932777524125102,25,-0.020935117325217745,-0.028442749277235096,0.68634301939964,-26.058273924137758,1098,15.784396503975225,99.56243688993605,5942,2002-07-17,2026-08-31,False,False,True,True,2
full,us_dgs30|bdtanh|w60,us_dgs30,bdtanh,60,c2c,2,-1,0.01715146520129805,-0.4039020636468313,-0.10373039818357928,-0.06496589625692839,0.009582118567114722,0.5769230769230769,-2.2110698359022307,26,0.07342732742002314,-0.007060959918460323,0.6733925710517518,-66.22618858059101,4175,30.74850602238826,99.59428756897111,6162,2001-08-21,2026-08-31,False,False,True,True,2
full,us_dgs30|bdtanh|w60,us_dgs30,bdtanh,60,o2o,2,1,0.05966183566995094,0.2541251751598795,0.1122260137221517,0.15017942231287942,-0.05079072370473681,0.46153846153846156,-1.7774363884547197,26,-0.08140525456973237,0.007060959918460323,0.6733925710517518,-89.80302442531054,3647,30.74850602238826,99.59428756897111,6162,2001-08-21,2026-08-31,False,False,True,True,2
full,us_dgs30|bdtanh|w60,us_dgs30,bdtanh,60,day,1,1,0.0723321286646255,-0.4162061794647864,-0.03960572458036459,0.010482230341556658,-0.1635244870770319,0.38461538461538464,-2.2631583114593097,26,-0.01939013342111198,0.007142026005169006,0.6733655190772673,-69.4001969778271,5753,30.74460117549692,99.5943533993185,6163,2001-08-20,2026-08-31,False,False,True,True,2
full,us_dgs30|bdtanh|w120,us_dgs30,bdtanh,120,c2c,2,-1,0.16518885402901598,-0.2047048515593296,0.05811324966872039,0.08422639592487695,0.163729984284915,0.6153846153846154,-2.173205621039219,26,0.02590669272609537,-0.022226829525142076,0.6807783236906468,-64.7138194950795,2025,20.735057917930543,99.64122635355513,6132,2001-10-08,2026-08-31,False,False,True,True,2
full,us_dgs30|bdtanh|w120,us_dgs30,bdtanh,120,o2o,2,-1,0.11656323777205362,-0.1680083013175167,0.038904133344239526,0.0645709550253009,0.16464525072777472,0.5769230769230769,-2.323304802897098,26,0.05062738729300825,-0.022226829525142076,0.6807783236906468,-70.17340367848053,2616,20.735057917930543,99.64122635355513,6132,2001-10-08,2026-08-31,False,False,True,True,2
full,us_dgs30|bdtanh|w120,us_dgs30,bdtanh,120,day,1,-1,0.18208622273355457,0.36117571131221765,0.2228226250623182,0.2566117638530633,0.34953558603933016,0.5769230769230769,-1.1482207202622063,26,-0.02037628448722379,-0.022333716233546942,0.6807778320370484,-44.61307535572282,1021,20.73206705524571,99.64128485243762,6133,2001-10-05,2026-08-31,False,False,True,True,2
full,us_dgs30|bdtanh|w252,us_dgs30,bdtanh,252,c2c,2,-1,0.09495218866116321,-0.07589893326390285,0.04415726580101134,0.06491768959519255,0.14152154991376684,0.56,-1.8641154497096308,25,0.033826512227103964,-0.022130216775924357,0.6884215641048937,-57.689215266981606,3205,16.952759025059905,99.52192548631717,6066,2002-01-10,2026-08-31,False,False,True,True,2
full,us_dgs30|bdtanh|w252,us_dgs30,bdtanh,252,o2o,2,-1,0.07691922271532814,-0.07357739822464082,0.03394760384305797,0.05452180444084466,0.13870387802249584,0.6,-1.8583786279756145,25,0.06666927790649457,-0.022130216775924357,0.6884215641048937,-64.58973979084948,3311,16.952759025059905,99.52192548631717,6066,2002-01-10,2026-08-31,False,False,True,True,2
full,us_dgs30|bdtanh|w252,us_dgs30,bdtanh,252,day,1,-1,0.13337282811937454,0.44927177354402975,0.21136663148541604,0.23869383693405447,0.3409858447781428,0.56,-1.190978361585179,25,0.012460249609748578,-0.02225445985746821,0.6884359849765598,-28.93056033374496,1226,16.950029337147974,99.52200428547881,6067,2002-01-09,2026-08-31,False,False,True,True,2
full,us_dgs30|rankc|w60,us_dgs30,rankc,60,c2c,2,-1,-0.050065886577218735,-0.32825646468105224,-0.13023985475037805,-0.0838896753869843,-0.015895963550207396,0.5769230769230769,-2.203403203994144,26,0.07697320244677759,-0.008531617064462971,0.6518910733460899,-72.00969198874004,5559,36.15478653424018,99.65920155793575,6162,2001-08-21,2026-08-31,False,False,True,True,2
full,us_dgs30|rankc|w60,us_dgs30,rankc,60,o2o,2,1,0.04358429522111743,0.1826642349059606,0.08146199529086266,0.12712784399373095,-0.06658582932260153,0.4230769230769231,-1.9517911374766714,26,-0.08316817166933384,0.008531617064462971,0.6518910733460899,-88.87446759414337,3647,36.15478653424018,99.65920155793575,6162,2001-08-21,2026-08-31,False,False,True,True,2
full,us_dgs30|rankc|w60,us_dgs30,rankc,60,day,1,1,0.02250215251089449,-0.47350884990656333,-0.09152727628438101,-0.031187535745659252,-0.2074121948839578,0.38461538461538464,-2.321028053452047,26,-0.024716087243248048,0.008573759758619374,0.6518288254096635,-67.22909973727636,4260,36.15255868157236,99.65925685542754,6163,2001-08-20,2026-08-31,False,False,True,True,2
full,us_dgs30|rankc|w120,us_dgs30,rankc,120,c2c,2,-1,0.17835861495746666,-0.20721869735792156,0.06513411137442836,0.09728316107779199,0.1611363013829603,0.6153846153846154,-2.1210334946152174,26,0.030130280681617962,-0.021182164071787076,0.664919395797704,-53.26866907036878,1963,25.225364913799783,99.69015003261579,6132,2001-10-08,2026-08-31,False,False,True,True,2
full,us_dgs30|rankc|w120,us_dgs30,rankc,120,o2o,2,-1,0.09822683395920744,-0.15600460610936545,0.027542833066224362,0.05920939156488384,0.1440869422213796,0.5769230769230769,-2.3316852338717236,26,0.055057534190854795,-0.021182164071787076,0.664919395797704,-62.94478283113276,2958,25.225364913799783,99.69015003261579,6132,2001-10-08,2026-08-31,False,False,True,True,2
full,us_dgs30|rankc|w120,us_dgs30,rankc,120,day,1,-1,0.15254920561812751,0.39718221451173275,0.21044171892213545,0.2523543900854948,0.30132778208575817,0.5769230769230769,-1.474241405356784,26,-0.012406791429846088,-0.0212759544471384,0.6649082233112052,-36.69538804628002,2530,25.222507800647623,99.69020055437795,6133,2001-10-05,2026-08-31,False,False,True,True,2
full,us_dgs30|rankc|w252,us_dgs30,rankc,252,c2c,2,-1,0.1500703958098306,-0.0641209970107633,0.0859127770010259,0.10980455229387906,0.16182529093004588,0.6,-1.7716769806342598,25,0.033314317191653155,-0.023508882969129074,0.6866723236068435,-49.13943805958313,2652,19.54153946809484,99.63732278272339,6066,2002-01-10,2026-08-31,False,False,True,True,2
full,us_dgs30|rankc|w252,us_dgs30,rankc,252,o2o,2,-1,0.12463645622297417,-0.03834255058551481,0.07751985105566993,0.10125358853402794,0.1595228616613522,0.6,-1.8167546788435367,25,0.06524588157686677,-0.023508882969129074,0.6866723236068435,-56.68294915581998,3215,19.54153946809484,99.63732278272339,6066,2002-01-10,2026-08-31,False,False,True,True,2
full,us_dgs30|rankc|w252,us_dgs30,rankc,252,day,1,-1,0.17117755668797108,0.4825968362526373,0.2488743419636195,0.28044149950684066,0.3708410471542499,0.56,-1.191520948779402,25,0.008619745333187689,-0.023630817450783485,0.6866849514393076,-27.50433332892388,1214,19.538792071661607,99.63738256139773,6067,2002-01-09,2026-08-31,False,False,True,True,2
full,us_dgs30|signth|w60,us_dgs30,signth,60,c2c,2,-1,0.06728105536541203,-0.43768397574222095,-0.07714092032520764,-0.04082186750567062,0.04859641637965332,0.5384615384615384,-2.2396868646861217,26,0.08433190814573398,-0.0007871659407965436,0.6721923393102257,-72.98134138300031,2842,29.434985102469017,98.96624131804231,6191,2001-07-10,2026-08-31,False,False,True,True,2
full,us_dgs30|signth|w60,us_dgs30,signth,60,o2o,2,1,0.1691712451540261,0.261537551031844,0.19350190711763465,0.22882052077842496,-0.002728562241776161,0.5,-1.9061347709306566,26,-0.10236674646363496,0.0007871659407965436,0.6721923393102257,-88.43512632931875,3647,29.434985102469017,98.96624131804231,6191,2001-07-10,2026-08-31,False,False,True,True,2
full,us_dgs30|signth|w60,us_dgs30,signth,60,day,1,1,0.18878860453738835,-0.3362548524462896,0.06752286472775669,0.11409463366414645,-0.0744687908424814,0.4230769230769231,-1.986842416650241,26,-0.052538813195502104,0.0008930238809445402,0.6721897661823231,-61.300907147235215,3550,29.430380388197136,98.96640826873386,6192,2001-07-09,2026-08-31,False,False,True,True,2
full,us_dgs30|signth|w120,us_dgs30,signth,120,c2c,2,-1,0.14588608856119356,-0.16781992429156017,0.058116764955617954,0.08245363229975841,0.1801869422185229,0.5384615384615384,-2.1753565986136163,26,0.05294108495228656,-0.005519153589296254,0.6809885778060506,-67.27676784007825,2508,19.23328669904433,98.9815712900097,6186,2001-07-17,2026-08-31,False,False,True,True,2
full,us_dgs30|signth|w120,us_dgs30,signth,120,o2o,2,-1,0.11170485157087316,-0.20903039387373157,0.028260622947094482,0.05198356322424866,0.13700816415635206,0.5384615384615384,-2.566984242407446,26,0.08240671235872332,-0.005519153589296254,0.6809885778060506,-69.85697475957865,1921,19.23328669904433,98.9815712900097,6186,2001-07-17,2026-08-31,False,False,True,True,2
full,us_dgs30|signth|w120,us_dgs30,signth,120,day,1,-1,0.22416592859321208,0.1854456236688002,0.21278337249271242,0.24396615255261253,0.3136729028320089,0.5769230769230769,-1.0562756654103542,26,0.019321828898630215,-0.005625420149956797,0.6809856687688096,-40.93959798708422,931,19.23030282766575,98.98173589785033,6187,2001-07-16,2026-08-31,False,False,True,True,2
full,us_dgs30|signth|w252,us_dgs30,signth,252,c2c,2,-1,0.2652001872775346,-0.20141806173566165,0.14105365045623527,0.1595412625536571,0.1543462542538097,0.5384615384615384,-4.270742668601055,26,0.05508954698651024,-0.008382016377906705,0.6777021404716942,-48.628518641597005,2057,15.139120507179697,99.84974958263773,5990,2001-10-15,2026-08-31,False,False,True,True,2
full,us_dgs30|signth|w252,us_dgs30,signth,252,o2o,2,-1,0.2836718341914073,-0.41553778775172273,0.10742511248782927,0.12572828926266988,0.09703978492260937,0.5384615384615384,-4.90396477743279,26,0.08072871929657266,-0.008382016377906705,0.6777021404716942,-63.59048729341591,1573,15.139120507179697,99.84974958263773,5990,2001-10-15,2026-08-31,False,False,True,True,2
full,us_dgs30|signth|w252,us_dgs30,signth,252,day,1,-1,0.3051785337362428,-0.005766713464904343,0.23419678302381483,0.2580821203357586,0.2366670705069352,0.5769230769230769,-2.431770502814362,26,0.03129150277901646,-0.00849092630642226,0.677699329464791,-39.83777237139757,1778,15.136593529962676,99.84977466199298,5991,2001-10-12,2026-08-31,False,False,True,True,2
full,us_dgs30|dev|w60,us_dgs30,dev,60,c2c,2,-1,-0.0021743545229512442,-0.18507985567613575,-0.053281211313904925,-0.016777397909314085,0.09186077430337512,0.5769230769230769,-2.1348012473412967,26,0.08386061882286061,0.009454411720475918,0.5848242334882122,-72.01441015520949,4348,27.537249662432526,99.1236611489776,6162,2001-08-21,2026-08-31,False,False,True,True,2
full,us_dgs30|dev|w60,us_dgs30,dev,60,o2o,2,1,-0.02696495832773316,0.10491968510670892,0.008581575626973073,0.044227003293732275,-0.1590721359830017,0.38461538461538464,-1.7669345084744323,26,-0.09688413402633363,-0.009454411720475918,0.5848242334882122,-91.55470395245531,3647,27.537249662432526,99.1236611489776,6162,2001-08-21,2026-08-31,False,False,True,True,2
full,us_dgs30|dev|w60,us_dgs30,dev,60,day,1,1,0.010580791551024558,-0.5499209782466232,-0.11799244028537817,-0.07050325071350284,-0.25796496209362096,0.3076923076923077,-1.7499531216527275,26,-0.033423692285159366,-0.009361192152825442,0.5848210262109481,-78.03338909604376,5753,27.53425529332047,99.12380334252799,6163,2001-08-20,2026-08-31,False,False,True,True,2
full,us_dgs30|dev|w120,us_dgs30,dev,120,c2c,2,-1,0.17870943777391454,-0.022016117929841383,0.12084587913358265,0.14668179129437248,0.2576887362682146,0.6153846153846154,-1.9884286809849954,26,0.04111648734869437,0.00425498520497579,0.6277643844835297,-52.9030997725277,1898,19.912261426295085,99.42922374429224,6132,2001-10-08,2026-08-31,False,False,True,True,2
full,us_dgs30|dev|w120,us_dgs30,dev,120,o2o,2,-1,0.15069069443084962,0.0036376894684978195,0.10993693197255805,0.13518820477417723,0.2576741775999731,0.6538461538461539,-2.056298156416693,26,0.06998824140426337,0.00425498520497579,0.6277643844835297,-58.012068678693716,2920,19.912261426295085,99.42922374429224,6132,2001-10-08,2026-08-31,False,True,True,True,3
full,us_dgs30|dev|w120,us_dgs30,dev,120,day,1,-1,0.1550841348596182,0.5526790286551165,0.24911016683282916,0.2826162120343039,0.40139186055690895,0.6538461538461539,-1.2198942222284608,26,0.0018220070162073621,0.0041386224821793475,0.6277776949692987,-36.471921862900516,1776,19.90983364016896,99.42931681069624,6133,2001-10-05,2026-08-31,False,True,True,True,3
full,us_dgs30|dev|w252,us_dgs30,dev,252,c2c,2,-1,0.19263524748377123,0.15831854586656807,0.18242756593399911,0.20320900835264605,0.22977953502884754,0.64,-1.5193577551296185,25,0.06098469215850596,0.01503289346632231,0.6811220924060628,-41.12888062876036,1857,16.304855041321268,99.62083745466535,6066,2002-01-10,2026-08-31,False,False,True,True,2
full,us_dgs30|dev|w252,us_dgs30,dev,252,o2o,2,-1,0.17173699812343984,0.1800751750914503,0.174061728411423,0.1947950775343693,0.23129780161962077,0.64,-1.5479815243826776,25,0.078163655740127,0.01503289346632231,0.6811220924060628,-44.08504987322427,1863,16.304855041321268,99.62083745466535,6066,2002-01-10,2026-08-31,False,False,True,True,2
full,us_dgs30|dev|w252,us_dgs30,dev,252,day,1,-1,0.12325926715109098,0.5241068474546591,0.2239938048212322,0.25130482917493785,0.317336773740357,0.6,-1.1944428964409333,25,0.024853749996202837,0.01488092227457228,0.6811593190806093,-28.14773117273399,1985,16.302598009500368,99.62089995055217,6067,2002-01-09,2026-08-31,False,False,True,True,2
full,us_term_premium_10y|selfz|w60,us_term_premium_10y,selfz,60,c2c,2,-1,0.22278890765797119,-0.16542985936751353,0.11182124395309838,0.14564480941505606,0.15915805772086947,0.6153846153846154,-3.1693700086315038,26,0.05634980905969705,-0.0020308892113399023,0.6044711347805044,-66.58649714379101,1505,24.99548741057754,99.36708860759494,6162,2001-08-21,2026-08-31,False,False,True,True,2
full,us_term_premium_10y|selfz|w60,us_term_premium_10y,selfz,60,o2o,2,-1,0.07954829910348479,-0.20626159800265784,0.003194300035323136,0.0363158359154057,0.10444534028329035,0.6153846153846154,-2.6075863785810354,26,0.013330259370002907,-0.0020308892113399023,0.6044711347805044,-68.24420421101051,3565,24.99548741057754,99.36708860759494,6162,2001-08-21,2026-08-31,False,False,True,True,2
full,us_term_premium_10y|selfz|w60,us_term_premium_10y,selfz,60,day,1,-1,-0.04511546206167632,0.14573058916193934,-0.0009334718287124969,0.04296781384882884,0.0826095844992519,0.5769230769230769,-1.6328409497195917,26,-0.0040058510011504265,-0.00212891633972519,0.6044714107737982,-50.18397547529075,4224,24.992798354940206,99.36719130293689,6163,2001-08-20,2026-08-31,False,False,True,True,2
full,us_term_premium_10y|selfz|w120,us_term_premium_10y,selfz,120,c2c,2,-1,0.41317514040599457,-0.2386091717759917,0.22295754883829527,0.2474571876213753,0.23381472365528447,0.6923076923076923,-2.9864282952776318,26,0.02793450875853245,0.0036682138410826268,0.6073873881440806,-59.3179474419358,1477,18.25991299426907,99.51076320939335,6132,2001-10-08,2026-08-31,False,True,True,True,3
full,us_term_premium_10y|selfz|w120,us_term_premium_10y,selfz,120,o2o,2,-1,0.33051305590685043,-0.25883094257473827,0.16843909464113935,0.192511828170563,0.22157477405669526,0.6538461538461539,-3.0241244807788434,26,-0.0007554033985875957,0.0036682138410826268,0.6073873881440806,-58.765725185459914,1482,18.25991299426907,99.51076320939335,6132,2001-10-08,2026-08-31,False,True,True,True,3
full,us_term_premium_10y|selfz|w120,us_term_premium_10y,selfz,120,day,1,-1,0.19321568437047043,0.02739381682007335,0.15256062577705606,0.18448680791416863,0.22916620368653728,0.5,-1.4651350377425922,26,-0.02940706323660864,0.0035832786005904355,0.6073726893389205,-47.65516658627149,1198,18.257368553543056,99.51084298059676,6133,2001-10-05,2026-08-31,False,False,True,True,2
full,us_term_premium_10y|selfz|w252,us_term_premium_10y,selfz,252,c2c,2,-1,0.5116070384980858,-0.2956482847811354,0.2659506902031341,0.284487166381503,0.3021710577833958,0.64,-2.4124296946575297,25,0.019092817168331746,-0.0013319027180375075,0.6241842040795911,-53.58496824664962,1691,14.241266772604147,99.32410154962083,6066,2002-01-10,2026-08-31,False,False,True,True,2
full,us_term_premium_10y|selfz|w252,us_term_premium_10y,selfz,252,o2o,2,-1,0.4501337682424341,-0.26684450093770096,0.24214640156860495,0.26066917639084125,0.2756690766881704,0.64,-2.3446891433937402,25,-0.011351508742317887,-0.0013319027180375075,0.6241842040795911,-49.29186471549486,1692,14.241266772604147,99.32410154962083,6066,2002-01-10,2026-08-31,False,False,True,True,2
full,us_term_premium_10y|selfz|w252,us_term_premium_10y,selfz,252,day,1,-1,0.1683762204549348,0.11883032406061009,0.15480410115064622,0.17954910084293899,0.22627182820891106,0.56,-1.352750602890323,25,-0.009150416056403484,-0.00143710609500766,0.6241867451355851,-27.551364468533436,1208,14.239453886191775,99.32421295533213,6067,2002-01-09,2026-08-31,False,False,True,True,2
full,us_term_premium_10y|robustz|w60,us_term_premium_10y,robustz,60,c2c,2,-1,0.28015535906413747,-0.33799977509689444,0.0998005588101264,0.13178745979371823,0.0983077988460698,0.6923076923076923,-3.4100869951962314,26,0.06594463947712463,0.0049971511057900556,0.5321678190693496,-55.721576103960444,1695,22.121050963488944,98.97277025925322,6133,2001-10-05,2026-08-31,False,True,True,True,3
full,us_term_premium_10y|robustz|w60,us_term_premium_10y,robustz,60,o2o,2,-1,0.1517844292418272,-0.3744821754619262,0.0071538640281493026,0.0382325930685296,0.06938218878314943,0.6153846153846154,-2.8413315778529986,26,0.0161033771087458,0.0049971511057900556,0.5321678190693496,-59.94021117393478,3222,22.121050963488944,98.97277025925322,6133,2001-10-05,2026-08-31,False,False,True,True,2
full,us_term_premium_10y|robustz|w60,us_term_premium_10y,robustz,60,day,1,1,-0.037399878580355476,-0.0027584911486889054,-0.028912514069892353,0.012515198245394167,-0.07802544094676855,0.4230769230769231,-2.0012148172473037,26,-0.006898561136343851,-0.004922469722604976,0.5321549287260633,-58.97071897844051,5753,22.11791468753742,98.97293772416042,6134,2001-10-04,2026-08-31,False,False,True,True,2
full,us_term_premium_10y|robustz|w120,us_term_premium_10y,robustz,120,c2c,2,-1,0.43835517660282747,-0.31520701460237965,0.2025700896322679,0.22483277073002655,0.28797028688295223,0.76,-2.9500684718653476,25,0.06529426059142579,0.003937401770311385,0.5758475640937016,-50.444676742810245,1694,16.0194728303866,99.24254898732093,6073,2001-12-31,2026-08-31,False,True,True,True,3
full,us_term_premium_10y|robustz|w120,us_term_premium_10y,robustz,120,o2o,2,-1,0.3448371385063021,-0.36831192263241125,0.1303555322466417,0.15246808770417591,0.23982933832731354,0.72,-2.975835692558543,25,0.05168844384412384,0.003937401770311385,0.5758475640937016,-54.514275247919386,1691,16.0194728303866,99.24254898732093,6073,2001-12-31,2026-08-31,False,True,True,True,3
full,us_term_premium_10y|robustz|w120,us_term_premium_10y,robustz,120,day,1,-1,0.27232720581306386,-0.03798370314555257,0.1902717838567342,0.21985747525374308,0.2996847085708394,0.6,-1.444767764585966,25,0.03665826350624245,0.0039020551814992533,0.5757874571155293,-28.63264070680224,1439,16.0174053197483,99.24267369114258,6074,2001-12-28,2026-08-31,False,False,True,True,2
full,us_term_premium_10y|robustz|w252,us_term_premium_10y,robustz,252,c2c,2,-1,0.46716614976048815,-0.21021449333338355,0.25344077865482995,0.26918459768009784,0.24189857968704892,0.6,-2.4365659171296405,25,-0.043113710387799174,-0.05380372682241231,0.6575835703410794,-54.127549319968395,1570,12.52606869239288,99.3940414071705,5941,2002-07-18,2026-08-31,False,False,True,True,2
full,us_term_premium_10y|robustz|w252,us_term_premium_10y,robustz,252,o2o,2,-1,0.41597599155374165,-0.19984448908115757,0.23049070251598802,0.24626256263412824,0.21305269382489625,0.6,-2.355755270832205,25,-0.08552164371101346,-0.05380372682241231,0.6575835703410794,-52.955230195348705,1569,12.52606869239288,99.3940414071705,5941,2002-07-18,2026-08-31,False,False,True,True,2
full,us_term_premium_10y|robustz|w252,us_term_premium_10y,robustz,252,day,1,-1,0.22487376441867019,0.23328055801736483,0.22602132152961826,0.24705410284560472,0.21971074030240156,0.56,-1.4131083346525786,25,-0.08410862009948374,-0.05389996652408956,0.6575781978173243,-26.119829492493018,1209,12.524804770572146,99.39414338606531,5942,2002-07-17,2026-08-31,False,False,True,True,2
full,us_term_premium_10y|bdtanh|w60,us_term_premium_10y,bdtanh,60,c2c,2,-1,0.25692931279953884,-0.13039075438971692,0.1458551631097943,0.17639725735121747,0.19775524175278206,0.5769230769230769,-2.8920724638822426,26,0.0548484986564245,0.0025073521539676577,0.6704658156650032,-66.17545979897587,1530,23.665915308851115,99.61051606621227,6162,2001-08-21,2026-08-31,False,False,True,True,2
full,us_term_premium_10y|bdtanh|w60,us_term_premium_10y,bdtanh,60,o2o,2,-1,0.045869956342007995,-0.19360555996203738,-0.018366271094632368,0.011333047582511961,0.10012696289818616,0.5769230769230769,-2.481483960715476,26,0.007461247094182917,0.0025073521539676577,0.6704658156650032,-73.49542006670792,3584,23.665915308851115,99.61051606621227,6162,2001-08-21,2026-08-31,False,False,True,True,2
full,us_term_premium_10y|bdtanh|w60,us_term_premium_10y,bdtanh,60,day,1,1,0.03514550443540245,-0.20432724583505674,-0.01983910386404963,0.019532104988834093,-0.14907433186999716,0.4230769230769231,-1.9081630469678228,26,0.005657152315008588,-0.002400929948904196,0.6704630421589164,-65.5620978147062,5753,23.66260907816898,99.61057926334578,6163,2001-08-20,2026-08-31,False,False,True,True,2
full,us_term_premium_10y|bdtanh|w120,us_term_premium_10y,bdtanh,120,c2c,2,-1,0.4465097500727017,-0.20356936788086477,0.256056209195669,0.2783734856570482,0.26850900895191004,0.6153846153846154,-2.975782488154385,26,0.01782061657340892,0.005011256764158829,0.6650409520603248,-61.547647786161455,1182,17.3123291063053,99.59230267449446,6132,2001-10-08,2026-08-31,False,False,True,True,2
full,us_term_premium_10y|bdtanh|w120,us_term_premium_10y,bdtanh,120,o2o,2,-1,0.3548420220730227,-0.2557717858360956,0.18737316109156785,0.2092997456295414,0.2424673592624189,0.6153846153846154,-2.951828936406579,26,-0.019729972519566912,0.005011256764158829,0.6650409520603248,-60.7226465683661,1188,17.3123291063053,99.59230267449446,6132,2001-10-08,2026-08-31,False,False,True,True,2
full,us_term_premium_10y|bdtanh|w120,us_term_premium_10y,bdtanh,120,day,1,-1,0.2056175687839839,0.07025558899000561,0.1718919271664765,0.20085608408196493,0.264018969685205,0.5769230769230769,-1.3639744460495329,26,-0.042760356122707406,0.004910015902249023,0.665032939341797,-48.674209302525355,1183,17.30973362061926,99.5923691504973,6133,2001-10-05,2026-08-31,False,False,True,True,2
full,us_term_premium_10y|bdtanh|w252,us_term_premium_10y,bdtanh,252,c2c,2,-1,0.46265348090457764,-0.2780978583611573,0.2425887558307512,0.2594328926133962,0.2833061032217969,0.6,-2.549596593301167,25,0.005126810057844361,-0.010896504370871902,0.6671187949748556,-53.080571368189624,1417,13.612015300682645,99.55489614243324,6066,2002-01-10,2026-08-31,False,False,True,True,2
full,us_term_premium_10y|bdtanh|w252,us_term_premium_10y,bdtanh,252,o2o,2,-1,0.42601821005439733,-0.2693978292430086,0.2287810392235999,0.24557325538079217,0.26095821537691644,0.6,-2.410253043878534,25,-0.027490155158903955,-0.010896504370871902,0.6671187949748556,-52.44887107077258,865,13.612015300682645,99.55489614243324,6066,2002-01-10,2026-08-31,False,False,True,True,2
full,us_term_premium_10y|bdtanh|w252,us_term_premium_10y,bdtanh,252,day,1,-1,0.17517231060149838,0.1434305578428137,0.16599747565031606,0.18830640596102854,0.2477037376507894,0.52,-1.2681952730221258,25,-0.028878048350439802,-0.011008956491241204,0.6671230845287829,-29.072094331369687,1191,13.609972876290996,99.55496950716993,6067,2002-01-09,2026-08-31,False,False,True,True,2
full,us_term_premium_10y|rankc|w60,us_term_premium_10y,rankc,60,c2c,2,-1,0.2129586196387804,-0.09958587275730686,0.12309701390865896,0.16000480180798596,0.16809628893830428,0.6538461538461539,-2.953562505474338,26,0.058971298382576524,0.0009840370488130997,0.6474595313094875,-66.96534886432485,1311,28.520525303731585,99.67543005517689,6162,2001-08-21,2026-08-31,False,True,True,True,3
full,us_term_premium_10y|rankc|w60,us_term_premium_10y,rankc,60,o2o,2,-1,0.03060736445194461,-0.1438837631727899,-0.01632206405585695,0.019732750858022497,0.08715678831378963,0.6153846153846154,-2.4566377894921922,26,0.0057237346268923794,0.0009840370488130997,0.6474595313094875,-74.0332056847272,3590,28.520525303731585,99.67543005517689,6162,2001-08-21,2026-08-31,False,False,True,True,2
full,us_term_premium_10y|rankc|w60,us_term_premium_10y,rankc,60,day,1,1,0.006783744624173083,-0.21391986520391326,-0.04362084248852694,0.004134232721339689,-0.1661258608260084,0.46153846153846156,-1.8739897502436376,26,0.005348423229749963,-0.0008568499733079351,0.6474815028132973,-69.50613203359435,5753,28.516011623901036,99.6754827194548,6163,2001-08-20,2026-08-31,False,False,True,True,2
full,us_term_premium_10y|rankc|w120,us_term_premium_10y,rankc,120,c2c,2,-1,0.3772921740052773,-0.1774926435533746,0.21481044909263908,0.24222194477068895,0.23117327755167913,0.6153846153846154,-2.8021177745669306,26,0.021707081312412013,0.004585062528307481,0.6530495953392584,-62.659064926536246,1199,21.125999202476923,99.57599478147424,6132,2001-10-08,2026-08-31,False,False,True,True,2
full,us_term_premium_10y|rankc|w120,us_term_premium_10y,rankc,120,o2o,2,-1,0.2771531384999738,-0.21688759268141974,0.14149215240633506,0.1683902849800392,0.20273548831248872,0.6153846153846154,-2.844958222043597,26,-0.02110659575628368,0.004585062528307481,0.6530495953392584,-61.922902501298616,1207,21.125999202476923,99.57599478147424,6132,2001-10-08,2026-08-31,False,False,True,True,2
full,us_term_premium_10y|rankc|w120,us_term_premium_10y,rankc,120,day,1,-1,0.1444660272649865,0.026343440456818086,0.11544026242170947,0.15113064252891675,0.18491412281067396,0.5384615384615384,-1.3841571708016882,26,-0.040258607021415205,0.004466062949788574,0.6530613660480777,-50.587055978333176,1193,21.122684126387067,99.5760639165172,6133,2001-10-05,2026-08-31,False,False,True,True,2
full,us_term_premium_10y|rankc|w252,us_term_premium_10y,rankc,252,c2c,2,-1,0.5285560699571901,-0.27392960177073133,0.29019917481488217,0.31091285115003975,0.29397765491155686,0.64,-2.700309307927342,25,0.017916823697095633,-0.007482457326846227,0.6631052706821907,-54.61495575925037,1417,16.640665774592545,99.52192548631717,6066,2002-01-10,2026-08-31,False,False,True,True,2
full,us_term_premium_10y|rankc|w252,us_term_premium_10y,rankc,252,o2o,2,-1,0.45835656373556777,-0.25334373464519744,0.25557647498934516,0.2762191047840485,0.26910742074163696,0.64,-2.6007909277272954,25,-0.015680635682011366,-0.007482457326846227,0.6631052706821907,-54.30278678964022,1416,16.640665774592545,99.52192548631717,6066,2002-01-10,2026-08-31,False,False,True,True,2
full,us_term_premium_10y|rankc|w252,us_term_premium_10y,rankc,252,day,1,-1,0.2007070487375876,0.1281494783692719,0.1812186242859623,0.20865414111191044,0.25326725434827674,0.6,-1.2375134502028358,25,-0.016016691038385836,-0.007605257802918264,0.6631200074013227,-29.329211369637697,1199,16.63806258539278,99.52200428547881,6067,2002-01-09,2026-08-31,False,False,True,True,2
full,us_term_premium_10y|signth|w60,us_term_premium_10y,signth,60,c2c,2,-1,0.2860707421424848,-0.14864366581983265,0.16146545845059782,0.19148432317855943,0.24305547431921257,0.6153846153846154,-2.873621812421282,26,0.06984501738531092,0.006110580155436744,0.6689393563925069,-71.65769022224976,1305,23.401877665907083,99.38620578258762,6191,2001-07-10,2026-08-31,False,False,True,True,2
full,us_term_premium_10y|signth|w60,us_term_premium_10y,signth,60,o2o,2,-1,0.08715597430171619,-0.21548041707538151,0.005835543649520781,0.03489027236688062,0.136127489963928,0.5769230769230769,-2.7384587426626528,26,0.014466918123199047,0.006110580155436744,0.6689393563925069,-68.83159827058816,2111,23.401877665907083,99.38620578258762,6191,2001-07-10,2026-08-31,False,False,True,True,2
full,us_term_premium_10y|signth|w60,us_term_premium_10y,signth,60,day,1,-1,-0.01805449425825728,0.0512500097258587,-0.0020840809254225614,0.036471792573353826,0.09590086651935899,0.5,-1.2428990743911421,26,0.010438110775582222,0.006012016351494771,0.668928900503854,-50.648202999688706,4743,23.398254756962693,99.38630490956072,6192,2001-07-09,2026-08-31,False,False,True,True,2
full,us_term_premium_10y|signth|w120,us_term_premium_10y,signth,120,c2c,2,-1,0.42673438159986277,-0.24209515679728272,0.23693130065281312,0.25777803026006707,0.27947958168609244,0.6153846153846154,-2.7480382588493435,26,0.03550291302728227,0.010978055966095844,0.6795215868641112,-77.03280662149079,1417,16.18946796200729,99.35390082377646,6191,2001-07-10,2026-08-31,False,False,True,True,2
full,us_term_premium_10y|signth|w120,us_term_premium_10y,signth,120,o2o,2,-1,0.2326345968051993,-0.3113633992845962,0.09098381520601566,0.11124188816990101,0.18681448130462924,0.6153846153846154,-2.7918077713956984,26,-0.0001934517028663344,0.010978055966095844,0.6795215868641112,-71.85422298229341,1416,16.18946796200729,99.35390082377646,6191,2001-07-10,2026-08-31,False,False,True,True,2
full,us_term_premium_10y|signth|w120,us_term_premium_10y,signth,120,day,1,-1,0.12591556486974018,0.08160776247733954,0.11439921183142984,0.14115686560429466,0.22147600930488426,0.5769230769230769,-1.4652945863042015,26,-0.028169506204692257,0.010878706071099179,0.6795094219589094,-54.842471555433015,2175,16.187009847911717,99.35400516795866,6192,2001-07-09,2026-08-31,False,False,True,True,2
full,us_term_premium_10y|signth|w252,us_term_premium_10y,signth,252,c2c,2,-1,0.3282780948913361,-0.25602671076883105,0.16382818375555577,0.17930617513758082,0.16681566382819144,0.5769230769230769,-2.19307700420827,26,-0.026290432970835016,-0.007267649221303523,0.67638054464627,-67.8830567426758,1810,12.67197232066229,99.68928863450532,6115,2001-11-01,2026-08-31,False,False,True,True,2
full,us_term_premium_10y|signth|w252,us_term_premium_10y,signth,252,o2o,2,-1,0.3055795571499134,-0.35127395461987393,0.13128392614256093,0.14665088914689323,0.1434380607843588,0.5769230769230769,-2.363333875323886,26,-0.06700279456239189,-0.007267649221303523,0.67638054464627,-65.46890342955467,1813,12.67197232066229,99.68928863450532,6115,2001-11-01,2026-08-31,False,False,True,True,2
full,us_term_premium_10y|signth|w252,us_term_premium_10y,signth,252,day,1,-1,0.1316785362060988,0.12241145223347852,0.1279260164193822,0.1477690270322812,0.18448578305507207,0.5384615384615384,-1.6124072762754935,26,-0.08461781846520108,-0.007374759629672831,0.6763782513765123,-49.68595203530643,2286,12.67003287531417,99.68933943754088,6116,2001-10-31,2026-08-31,False,False,True,True,2
full,us_term_premium_10y|dev|w60,us_term_premium_10y,dev,60,c2c,2,-1,0.12708107384250747,-0.2828991462569428,0.011681182909985736,0.039678434195310246,0.10277158586935223,0.6538461538461539,-3.3025743674869297,26,0.057392302953565205,-0.0021162465568794835,0.5831240525500024,-74.0912633657401,3505,21.19702553146585,99.28594612138916,6162,2001-08-21,2026-08-31,False,True,True,True,3
full,us_term_premium_10y|dev|w60,us_term_premium_10y,dev,60,o2o,2,-1,0.012452976236542334,-0.3306922877278471,-0.07868381328226799,-0.051608652742007995,0.060453556802050154,0.6153846153846154,-2.679149392748876,26,0.012438564753499335,-0.0021162465568794835,0.5831240525500024,-77.59509496700588,4244,21.19702553146585,99.28594612138916,6162,2001-08-21,2026-08-31,False,False,True,True,2
full,us_term_premium_10y|dev|w60,us_term_premium_10y,dev,60,day,1,1,0.022671320742060307,-0.1434930148585063,-0.014801949299443366,0.021320086008728006,-0.13918969145759194,0.4230769230769231,-1.8934899515479962,26,0.003822424105198431,0.002208460280636804,0.5831219927371716,-61.35800899719638,5861,21.194627578773517,99.28606198280059,6163,2001-08-20,2026-08-31,False,False,True,True,2
full,us_term_premium_10y|dev|w120,us_term_premium_10y,dev,120,c2c,2,-1,0.26804084507875947,-0.17781095712177974,0.13611795297904083,0.1567450334447784,0.1895906894770626,0.6923076923076923,-2.445107840730168,26,0.010064945322738187,-0.008801624799642796,0.618464134345796,-68.56123002641029,1479,15.738653895921994,99.36399217221134,6132,2001-10-08,2026-08-31,False,True,True,True,3
full,us_term_premium_10y|dev|w120,us_term_premium_10y,dev,120,o2o,2,-1,0.20782694082907469,-0.17688596148300534,0.09980066255595706,0.12015097812429443,0.19204605431712235,0.6538461538461539,-2.475806682928178,26,-0.02016535763298762,-0.008801624799642796,0.618464134345796,-68.0800823908991,1828,15.738653895921994,99.36399217221134,6132,2001-10-08,2026-08-31,False,True,True,True,3
full,us_term_premium_10y|dev|w120,us_term_premium_10y,dev,120,day,1,-1,0.08874682259640872,0.18881193225892356,0.11159521810815462,0.1384114828123104,0.19452352341971904,0.5769230769230769,-1.5312212235470226,26,-0.04473366579367643,-0.008909959338701152,0.6184730619861838,-56.046696606023325,2159,15.736982027276937,99.3640958747758,6133,2001-10-05,2026-08-31,False,False,True,True,2
full,us_term_premium_10y|dev|w252,us_term_premium_10y,dev,252,c2c,2,-1,0.411058905353135,-0.2015954705700035,0.22895034542446138,0.24548546987853304,0.25608743727885097,0.64,-1.964177853339056,25,-0.017540804684733513,-0.029335105145404546,0.6584218059993916,-53.45082030545879,1580,13.232716721238916,99.45598417408506,6066,2002-01-10,2026-08-31,False,False,True,True,2
full,us_term_premium_10y|dev|w252,us_term_premium_10y,dev,252,o2o,2,-1,0.3697536280548727,-0.1656953830138465,0.21895725190317916,0.23539551662856184,0.23218009329825898,0.64,-1.922354735902647,25,-0.05837669183694874,-0.029335105145404546,0.6584218059993916,-49.848831200062904,1580,13.232716721238916,99.45598417408506,6066,2002-01-10,2026-08-31,False,False,True,True,2
full,us_term_premium_10y|dev|w252,us_term_premium_10y,dev,252,day,1,-1,0.11209666774048646,0.32601101752287986,0.16417646269150954,0.18593423316882807,0.2573330823944785,0.56,-1.2998157579537073,25,-0.0554306255794584,-0.029478605213408872,0.658461616154613,-31.554734238454152,1231,13.23074597774109,99.45607384209659,6067,2002-01-09,2026-08-31,False,False,True,True,2
full,twd_usd|selfz|w60,twd_usd,selfz,60,c2c,2,-1,0.14544258049407968,0.17472481918245125,0.15294646673627826,0.18757535970102784,0.024574939175089874,0.5384615384615384,-2.5176405000290414,26,-0.11125879108996738,0.0063643328090323215,0.591939740021409,-61.81372769823199,4381,27.444592165442444,99.48068808828302,6162,2001-08-21,2026-08-31,False,False,True,True,2
full,twd_usd|selfz|w60,twd_usd,selfz,60,o2o,2,-1,0.08103132463531665,0.30033983439020506,0.13453632984751276,0.16750071147870094,0.02444142857305487,0.6153846153846154,-2.1953272897865994,26,-0.07235251612739493,0.0063643328090323215,0.591939740021409,-68.3480025487225,4380,27.444592165442444,99.48068808828302,6162,2001-08-21,2026-08-31,False,False,True,True,2
full,twd_usd|selfz|w60,twd_usd,selfz,60,day,1,1,-0.004490696536376577,-0.34388540070768125,-0.07532059620267839,-0.03169081719012912,-0.06922061112086215,0.5,-2.3220301419255835,26,0.05233496146008176,-0.006516697211277785,0.5919970897543032,-80.23019642107892,4845,27.4427769251802,99.4807723511277,6163,2001-08-20,2026-08-31,False,False,True,True,2
full,twd_usd|selfz|w120,twd_usd,selfz,120,c2c,2,-1,0.13197668969306786,0.21911110400071224,0.15373206655653493,0.17706972675167926,0.06999013180631675,0.5384615384615384,-2.6397927319534724,26,-0.11067486864103365,0.014813964572784845,0.6146360283708082,-56.78659076470598,3759,18.988596118746926,99.39660795825179,6132,2001-10-08,2026-08-31,False,False,True,True,2
full,twd_usd|selfz|w120,twd_usd,selfz,120,o2o,2,-1,0.08128148333306266,0.27005865616595065,0.12510762542038087,0.14736941750579513,0.03939546082059576,0.5384615384615384,-2.5273984207070117,26,-0.09939029769387875,0.014813964572784845,0.6146360283708082,-64.17581561334089,4097,18.988596118746926,99.39660795825179,6132,2001-10-08,2026-08-31,False,False,True,True,2
full,twd_usd|selfz|w120,twd_usd,selfz,120,day,1,1,0.0330949193609627,-0.49964947877467364,-0.07282210059996164,-0.0432137009344389,-0.08407090223168849,0.5,-2.1850327414814545,26,0.05922707788742908,-0.014961407773028552,0.6146856691800853,-61.30918191507582,3406,18.990535169224035,99.39670634273602,6133,2001-10-05,2026-08-31,False,False,True,True,2
full,twd_usd|selfz|w252,twd_usd,selfz,252,c2c,2,1,0.20316287848018663,-0.2176473760446401,0.08120289437020868,0.09881158330856844,0.16775898515060675,0.48,-1.8864329933332094,25,0.17178719087669167,0.014632459811529297,0.643239480080787,-83.35762926504432,2049,14.898490007935692,99.63732278272339,6066,2002-01-10,2026-08-31,False,False,False,True,1
full,twd_usd|selfz|w252,twd_usd,selfz,252,o2o,2,1,0.18147562322643146,-0.2734690589408631,0.05944520585648559,0.07644707421469761,0.13286611477459137,0.56,-2.4077008744579924,25,0.17950903517124017,0.014632459811529297,0.643239480080787,-87.00895656954577,2023,14.898490007935692,99.63732278272339,6066,2002-01-10,2026-08-31,False,False,False,True,1
full,twd_usd|selfz|w252,twd_usd,selfz,252,day,1,1,0.247823050943262,-0.5462727146330626,0.06161637319785555,0.0848252915934078,0.020374416284110825,0.6,-2.0824977212974125,25,0.11814109037422615,0.014656144291134274,0.6431595537114931,-54.71768819372882,2512,14.907637635043006,99.63738256139773,6067,2002-01-09,2026-08-31,False,False,True,True,2
full,twd_usd|robustz|w60,twd_usd,robustz,60,c2c,2,-1,0.23987109769225734,0.08589311333756403,0.1956274354336326,0.22687305797603455,0.10287875845049625,0.6153846153846154,-3.038520192938129,26,-0.07892999944078545,-0.011052738991716628,0.4886985352421144,-59.037786303177484,4136,20.690496219030262,98.72819174955161,6133,2001-10-05,2026-08-31,False,False,True,True,2
full,twd_usd|robustz|w60,twd_usd,robustz,60,o2o,2,-1,0.19536782116216891,0.15204655982213586,0.183254367998489,0.21405363869823166,0.09088996105786329,0.6153846153846154,-2.6431644318128185,26,-0.04013059775590977,-0.011052738991716628,0.4886985352421144,-61.248566725131596,4135,20.690496219030262,98.72819174955161,6133,2001-10-05,2026-08-31,False,False,True,True,2
full,twd_usd|robustz|w60,twd_usd,robustz,60,day,1,-1,0.05505930615324944,0.26871261910136823,0.10278708487939194,0.14273570434960564,0.04082516546188216,0.4230769230769231,-2.2987072498135634,26,-0.036232961515940805,-0.01090173704309607,0.4887680648604066,-59.759438297676745,5484,20.690780896851233,98.72839908705575,6134,2001-10-04,2026-08-31,False,False,True,True,2
full,twd_usd|robustz|w120,twd_usd,robustz,120,c2c,2,-1,0.10355811928352682,0.12628938255904895,0.10884636695547235,0.12875320688424804,0.03154853386311514,0.6,-2.375186547291105,25,-0.12238024994325383,0.007049850556709064,0.592011062200652,-45.56182525373892,3221,15.28832185139886,99.30841429277129,6073,2001-12-31,2026-08-31,False,False,True,True,2
full,twd_usd|robustz|w120,twd_usd,robustz,120,o2o,2,-1,0.03427352192999073,0.21611968638652335,0.07703738870876653,0.09608605354813685,-0.009232594453196605,0.6,-2.057755231283892,25,-0.1321251091463636,0.007049850556709064,0.592011062200652,-49.80387357181102,4060,15.28832185139886,99.30841429277129,6073,2001-12-31,2026-08-31,False,False,True,True,2
full,twd_usd|robustz|w120,twd_usd,robustz,120,day,1,1,0.1036843759639368,-0.3802619812700694,0.002530995210981456,0.028128077561876998,-0.007715743393388378,0.52,-1.743259766763288,25,0.09257779455536437,-0.007204218630672422,0.5920691245104329,-55.97777916572604,3713,15.291741503246465,99.30852815278234,6074,2001-12-28,2026-08-31,False,False,True,True,2
full,twd_usd|robustz|w252,twd_usd,robustz,252,c2c,2,1,0.10801242435327449,-0.20194099930980675,0.019364826004130194,0.03631319057634568,0.08856351156381552,0.52,-2.2949387284479785,25,0.17601905628750167,0.028519460417269632,0.6655082229618641,-80.58941666560713,1864,13.684257149074273,99.54553105537788,5941,2002-07-18,2026-08-31,False,False,False,True,1
full,twd_usd|robustz|w252,twd_usd,robustz,252,o2o,2,1,0.10747182655959449,-0.23372101802549233,0.014510017300386506,0.030918895113183523,0.06535125479763736,0.52,-2.6823802200150264,25,0.19776356380614207,0.028519460417269632,0.6655082229618641,-81.8002707535373,1804,13.684257149074273,99.54553105537788,5941,2002-07-18,2026-08-31,False,False,False,True,1
full,twd_usd|robustz|w252,twd_usd,robustz,252,day,1,1,0.19919450765171098,-0.5007119152097164,0.03133162884196903,0.053615998811669105,0.009257991992667228,0.48,-2.127201040760476,25,0.1491410354612784,0.02854522244587275,0.6654267839196923,-49.00643924897356,2512,13.687128285273872,99.54560753954897,5942,2002-07-17,2026-08-31,False,False,True,True,2
full,twd_usd|bdtanh|w60,twd_usd,bdtanh,60,c2c,2,-1,0.07644807429162867,0.06482899151023079,0.07313476372448013,0.10470074349008975,-0.04205005752274938,0.5,-2.3769834960398932,26,-0.1074838410752216,0.010150456585947128,0.6626989474190782,-69.74260039258908,4381,26.11650988560057,99.43200259655956,6162,2001-08-21,2026-08-31,False,False,True,True,2
full,twd_usd|bdtanh|w60,twd_usd,bdtanh,60,o2o,2,-1,-0.00996591864410504,0.24018493182937384,0.050710552221076385,0.08059968407634265,-0.03794382719841957,0.5,-1.9098071517441473,26,-0.06322984765307964,0.010150456585947128,0.6626989474190782,-78.87545539386521,4380,26.11650988560057,99.43200259655956,6162,2001-08-21,2026-08-31,False,False,True,True,2
full,twd_usd|bdtanh|w60,twd_usd,bdtanh,60,day,1,1,0.08874191541592738,-0.3070619786388446,0.005019975384988169,0.044664570387416044,0.005096935629688657,0.5769230769230769,-2.404062513794267,26,0.04502687568786441,-0.010306143495688497,0.662748752697985,-77.40079893236566,2448,26.113918026659547,99.43209475904592,6163,2001-08-20,2026-08-31,False,False,True,True,2
full,twd_usd|bdtanh|w120,twd_usd,bdtanh,120,c2c,2,-1,0.12502407218175743,0.10259495675777099,0.11867223953755336,0.13834786875275457,0.046175495931439416,0.5769230769230769,-2.82281059088511,26,-0.10303264720055527,0.02115666395609893,0.6670396477125368,-52.42079828497956,4106,16.67462092615248,99.75538160469667,6132,2001-10-08,2026-08-31,False,False,True,True,2
full,twd_usd|bdtanh|w120,twd_usd,bdtanh,120,o2o,2,-1,0.06294282303429649,0.15215850209092793,0.08369933246521996,0.10252356694710059,0.00952653190831294,0.5384615384615384,-2.366670620022946,26,-0.09284961552504141,0.02115666395609893,0.6670396477125368,-62.26812123573775,4380,16.67462092615248,99.75538160469667,6132,2001-10-08,2026-08-31,False,False,True,True,2
full,twd_usd|bdtanh|w120,twd_usd,bdtanh,120,day,1,1,0.042058978378576375,-0.33229025804047346,-0.034369949459437464,-0.009304326475295123,-0.033747557608785464,0.5769230769230769,-2.3995261967427757,26,0.05045395524229739,-0.021309712463807255,0.6670873834885058,-53.99666341970089,2061,16.6780739734894,99.75542149029839,6133,2001-10-05,2026-08-31,False,False,True,True,2
full,twd_usd|bdtanh|w252,twd_usd,bdtanh,252,c2c,2,1,0.26794227853930114,-0.1245941265015197,0.15387539330542532,0.17048763398114633,0.19635198163781784,0.56,-2.2833925412132694,25,0.14701011396849542,0.007707779439846637,0.666409470716014,-82.47001069899736,1909,14.182349548213764,99.52192548631717,6066,2002-01-10,2026-08-31,False,False,True,True,2
full,twd_usd|bdtanh|w252,twd_usd,bdtanh,252,o2o,2,1,0.24140596036084236,-0.19565560046437747,0.12215385215543766,0.13814759221458625,0.1592861799294503,0.6,-2.6982672735607416,25,0.1631566920312821,0.007707779439846637,0.666409470716014,-86.84352339245594,1804,14.182349548213764,99.52192548631717,6066,2002-01-10,2026-08-31,False,False,False,True,1
full,twd_usd|bdtanh|w252,twd_usd,bdtanh,252,day,1,1,0.286300516349496,-0.4702225698906133,0.10350108709316533,0.12526267982838782,0.06695817903557061,0.52,-1.7211708767883274,25,0.09064372909215165,0.007759896720563404,0.6663530167603247,-51.571191914855355,2512,14.18969172543141,99.52200428547881,6067,2002-01-09,2026-08-31,False,False,True,True,2
full,twd_usd|rankc|w60,twd_usd,rankc,60,c2c,2,-1,0.12349762416684942,0.0823836988244467,0.11223427010772173,0.15220390699809952,0.003821505703475087,0.5,-2.569392731509022,26,-0.11325913127557082,0.010313612163463213,0.6439426626511624,-72.54579533026569,4381,32.52679381334334,99.30217461863032,6162,2001-08-21,2026-08-31,False,False,True,True,2
full,twd_usd|rankc|w60,twd_usd,rankc,60,o2o,2,-1,0.0378636354158887,0.2537996411626711,0.0905812884220691,0.1285048884869519,0.0013501997445021087,0.5384615384615384,-2.4221145977235294,26,-0.07263852476467442,0.010313612163463213,0.6439426626511624,-77.43226516507978,4380,32.52679381334334,99.30217461863032,6162,2001-08-21,2026-08-31,False,False,True,True,2
full,twd_usd|rankc|w60,twd_usd,rankc,60,day,1,1,0.011365666919181564,-0.345296283324947,-0.06346374408126632,-0.013305873212884092,-0.06052298677873825,0.5,-2.2377903736726474,26,0.05107230530798178,-0.010466548453250107,0.6439927871527801,-79.88972918429465,4566,32.522230418856395,99.30228784682784,6163,2001-08-20,2026-08-31,False,False,True,True,2
full,twd_usd|rankc|w120,twd_usd,rankc,120,c2c,2,-1,0.14850250573011728,0.11570153858672354,0.13936516051548922,0.1662787397053205,0.06912438726764478,0.5384615384615384,-2.6979531841574866,26,-0.12019663259448936,0.016191934782797807,0.6598301413883279,-56.92617181197812,4107,22.554286709250214,99.69015003261579,6132,2001-10-08,2026-08-31,False,False,True,True,2
full,twd_usd|rankc|w120,twd_usd,rankc,120,o2o,2,-1,0.06944811421733284,0.19341760998433594,0.09863557899921616,0.12443576488522448,0.03708586195131463,0.5384615384615384,-2.628151850126056,26,-0.10615724998106756,0.016191934782797807,0.6598301413883279,-64.64019709057375,4131,22.554286709250214,99.69015003261579,6132,2001-10-08,2026-08-31,False,False,True,True,2
full,twd_usd|rankc|w120,twd_usd,rankc,120,day,1,1,0.024021584482730608,-0.3914081760691547,-0.059933928248819664,-0.025600083123622462,-0.06675493861735042,0.5384615384615384,-2.595141172908774,26,0.0668696716280157,-0.01634482429106292,0.6598780841810206,-58.35751064799884,2444,22.553161907999606,99.69020055437795,6133,2001-10-05,2026-08-31,False,False,True,True,2
full,twd_usd|rankc|w252,twd_usd,rankc,252,c2c,2,1,0.14464588034306106,-0.1519663145524278,0.05940734877931047,0.08068228440015301,0.12652918812743738,0.48,-2.150850936827018,25,0.16093913323109388,0.0013141635573581853,0.6600191776184098,-75.63329877527161,2046,18.29297659019908,99.43949884602704,6066,2002-01-10,2026-08-31,False,False,False,True,1
full,twd_usd|rankc|w252,twd_usd,rankc,252,o2o,2,1,0.15616338262853882,-0.2197339996993841,0.055450382336683895,0.07592517133368495,0.10170763820125442,0.48,-2.6667665203835593,25,0.17216444466521275,0.0013141635573581853,0.6600191776184098,-78.89181328215552,1991,18.29297659019908,99.43949884602704,6066,2002-01-10,2026-08-31,False,False,False,True,1
full,twd_usd|rankc|w252,twd_usd,rankc,252,day,1,1,0.22207305756645135,-0.4733719043540196,0.058179826530021586,0.08593929381952886,0.043099594592056624,0.56,-1.9951088298791793,25,0.10522235378900471,0.001346777153456429,0.6599432194304201,-48.36693595279584,1641,18.299301489273194,99.43959123125103,6067,2002-01-09,2026-08-31,False,False,True,True,2
full,twd_usd|signth|w60,twd_usd,signth,60,c2c,2,-1,0.15972339913578887,-0.012866892878503849,0.11409911581579406,0.1431312471923819,0.031635975621804535,0.46153846153846156,-1.8824703357709807,26,-0.11166085991357858,0.006071131738777046,0.6716013881778944,-51.43641683711879,3548,24.013138979735448,99.69310289129382,6191,2001-07-10,2026-08-31,False,False,True,True,2
full,twd_usd|signth|w60,twd_usd,signth,60,o2o,2,-1,0.04299773770091776,0.14486486130210444,0.06708543968301131,0.09470935271683005,-0.015212875147220402,0.5,-1.6418376569165127,26,-0.069130317115131,0.006071131738777046,0.6716013881778944,-67.14283960602391,5535,24.013138979735448,99.69310289129382,6191,2001-07-10,2026-08-31,False,False,True,True,2
full,twd_usd|signth|w60,twd_usd,signth,60,day,1,1,0.03936455000903044,-0.26734891008350237,-0.024615427545325263,0.011936069473477185,-0.014369342418781642,0.5769230769230769,-2.311896031304921,26,0.06174498731516509,-0.006227963806797854,0.6716507379693586,-71.41901667006401,3969,24.009318398288542,99.69315245478036,6192,2001-07-09,2026-08-31,False,False,True,True,2
full,twd_usd|signth|w120,twd_usd,signth,120,c2c,2,-1,0.11430751957344508,0.040701399018642684,0.09526119664423799,0.11412883842170085,0.010880212312448399,0.5,-2.3283675268575736,26,-0.11647858937505157,0.011927745651356849,0.6804962716840439,-60.04880900646165,4381,15.98175099477429,99.96769504118882,6191,2001-07-10,2026-08-31,False,False,True,True,2
full,twd_usd|signth|w120,twd_usd,signth,120,o2o,2,-1,0.020863865591078543,0.09364436293980544,0.0375877097882767,0.05547983843940078,-0.06302834441676772,0.5,-1.8137215208780784,26,-0.13745950840034415,0.011927745651356849,0.6804962716840439,-74.47991374100584,4380,15.98175099477429,99.96769504118882,6191,2001-07-10,2026-08-31,False,False,True,True,2
full,twd_usd|signth|w120,twd_usd,signth,120,day,1,1,0.0924162744219767,-0.2700413455300207,0.01909435068076647,0.04293735182291467,0.03855608398665144,0.5769230769230769,-1.9911956789715493,26,0.09040184853557187,-0.01204861894449545,0.6805091720240117,-48.64772822230074,1897,15.979498317114345,99.96770025839793,6192,2001-07-09,2026-08-31,False,False,True,True,2
full,twd_usd|signth|w252,twd_usd,signth,252,c2c,2,1,0.23356442325868046,-0.40515213014567064,0.06773251719232247,0.08372986231716387,0.03006574066930203,0.5384615384615384,-2.903108948032218,26,0.12126660372233519,-0.01344633092233472,0.6688250930199492,-102.57648549856337,2154,12.617695390356689,99.77493074792244,5776,2001-10-15,2026-08-31,False,False,True,True,2
full,twd_usd|signth|w252,twd_usd,signth,252,o2o,2,1,0.1740171180107639,-0.45972006595808534,0.017907109365849314,0.03330970431805469,-0.07653705299871394,0.5,-3.0650009470650463,26,0.1333588489264766,-0.01344633092233472,0.6688250930199492,-105.59864343796175,2153,12.617695390356689,99.77493074792244,5776,2001-10-15,2026-08-31,False,False,True,True,2
full,twd_usd|signth|w252,twd_usd,signth,252,day,1,1,0.23399973906527163,-0.7305756218414835,0.03202166626446782,0.052644542052426996,-0.1982127221698955,0.46153846153846156,-3.438685370170109,26,0.0746263637749506,-0.013508484005530095,0.6687737998919453,-61.21465827016461,2131,12.663144322557871,99.77496970746061,5777,2001-10-12,2026-08-31,False,False,True,True,2
full,twd_usd|dev|w60,twd_usd,dev,60,c2c,2,-1,0.08965908176979048,0.0942323737395952,0.09013303121752898,0.11856701814060487,-0.050391257959425076,0.4230769230769231,-2.150456499059644,26,-0.08801933826818881,0.007889833553204769,0.564738610462145,-61.91047268326423,4381,21.749850157771185,99.02629016553067,6162,2001-08-21,2026-08-31,False,False,True,True,2
full,twd_usd|dev|w60,twd_usd,dev,60,o2o,2,-1,0.03963273635381563,0.10295588970283838,0.052961740361706325,0.07966235370766334,-0.0881729457406165,0.5,-2.0201310891061555,26,-0.05904426686009761,0.007889833553204769,0.564738610462145,-72.46937616041458,4380,21.749850157771185,99.02629016553067,6162,2001-08-21,2026-08-31,False,False,True,True,2
full,twd_usd|dev|w60,twd_usd,dev,60,day,1,1,0.017976227283621377,-0.23760299738437246,-0.03220448037652249,0.0033326759354313207,-0.0200842840488502,0.46153846153846156,-2.0646834687544144,26,0.03342995759830911,-0.008044015583700503,0.5648024389672621,-73.76515671252002,4565,21.74846257843118,99.02644815836443,6163,2001-08-20,2026-08-31,False,False,True,True,2
full,twd_usd|dev|w120,twd_usd,dev,120,c2c,2,-1,0.05509450789786858,0.23883402492199562,0.10056441074452366,0.11973256445073527,0.06320730964942912,0.46153846153846156,-2.1276384642604196,26,-0.07675132218030421,0.02484171995187392,0.6231623472360951,-54.41260870729446,4081,15.470007315930326,99.34768427919113,6132,2001-10-08,2026-08-31,False,False,True,True,2
full,twd_usd|dev|w120,twd_usd,dev,120,o2o,2,-1,0.02882892332933334,0.25459589175338787,0.08033872676632063,0.09862537067424798,0.03334749830088946,0.46153846153846156,-2.2063778647173873,26,-0.0690996211258719,0.02484171995187392,0.6231623472360951,-63.49243276986722,4111,15.470007315930326,99.34768427919113,6132,2001-10-08,2026-08-31,False,False,True,True,2
full,twd_usd|dev|w120,twd_usd,dev,120,day,1,1,0.04373694863585107,-0.4363963859612736,-0.05186857073689344,-0.02737879488758675,-0.10808208297773192,0.6153846153846154,-3.1651142255374514,26,0.013161988917434994,-0.024976899050751733,0.623199968756743,-51.576123438410036,1905,15.472112945614974,99.3477906407957,6133,2001-10-05,2026-08-31,False,False,True,True,2
full,twd_usd|dev|w252,twd_usd,dev,252,c2c,2,1,0.23327362834439547,-0.35162492623801533,0.06573924610113532,0.08170711749604889,0.06221950524517899,0.52,-2.3112142643882483,25,0.11152650665297445,-0.021707276467352325,0.6818905876844453,-103.97044309443129,1847,13.657483272641525,99.50544015825915,6066,2002-01-10,2026-08-31,False,False,True,True,2
full,twd_usd|dev|w252,twd_usd,dev,252,o2o,2,1,0.2153414413786259,-0.36252196899471767,0.05865618271627405,0.07399192379790487,0.04647797823909093,0.52,-2.643079287137647,25,0.128079180771776,-0.021707276467352325,0.6818905876844453,-102.05544734556793,1569,13.657483272641525,99.50544015825915,6066,2002-01-10,2026-08-31,False,False,True,True,2
full,twd_usd|dev|w252,twd_usd,dev,252,day,1,1,0.2871658754626172,-0.5201649655362993,0.09314454407097705,0.11395033629835849,0.005028045841350679,0.48,-1.951317410658168,25,0.05707557677646156,-0.021696426501793705,0.6817854663521382,-52.36841331715652,2512,13.662795818127627,99.50552167463326,6067,2002-01-09,2026-08-31,False,False,True,True,2
full,krw_usd|selfz|w60,krw_usd,selfz,60,c2c,2,1,0.02498399609770675,-0.14712628618871573,-0.02425438537623498,0.015377921698749734,-0.05051745563943801,0.46153846153846156,-1.6492446887416483,26,0.10094942049947654,0.0002459788308168221,0.6008027129152016,-67.47313217843127,5753,31.452507715064996,99.46445959104186,6162,2001-08-21,2026-08-31,False,False,True,True,2
full,krw_usd|selfz|w60,krw_usd,selfz,60,o2o,2,1,0.05462743339640335,-0.06446686613295718,0.02343157678217676,0.06210510704636007,0.02096182388697354,0.46153846153846156,-1.5907865732817514,26,0.11594591406613958,0.0002459788308168221,0.6008027129152016,-64.40699845162337,5773,31.452507715064996,99.46445959104186,6162,2001-08-21,2026-08-31,False,False,True,True,2
full,krw_usd|selfz|w60,krw_usd,selfz,60,day,1,-1,-0.029646242236896936,-0.45481538765107016,-0.12564144040153594,-0.07498882934406557,-0.14633511772100066,0.46153846153846156,-2.0200971807065304,26,-0.09825855609101636,-9.471945881740033e-05,0.6008564469437406,-72.62721365641043,4381,31.44743412937435,99.46454648710044,6163,2001-08-20,2026-08-31,False,False,True,True,2
full,krw_usd|selfz|w120,krw_usd,selfz,120,c2c,2,1,0.03214058925395579,-0.18317695602106146,-0.02830097247032263,0.0018006047424570706,-0.047462999425527265,0.5,-2.0942925822735674,26,0.09566828531963603,-0.0026326500482654765,0.6052611227808348,-99.69393797824915,4493,23.742246919898395,99.38030006523158,6132,2001-10-08,2026-08-31,False,False,True,True,2
full,krw_usd|selfz|w120,krw_usd,selfz,120,o2o,2,1,0.02854653097793525,-0.13122170732198402,-0.0127877144729001,0.016549368155320515,-0.013451713288682922,0.46153846153846156,-1.8316888185682543,26,0.10697343815036976,-0.0026326500482654765,0.6052611227808348,-91.84212420287292,4492,23.742246919898395,99.38030006523158,6132,2001-10-08,2026-08-31,False,False,True,True,2
full,krw_usd|selfz|w120,krw_usd,selfz,120,day,1,1,-0.02254344942672981,0.14514530061699787,0.01612098711598129,0.05498019823329722,-0.01633339641774043,0.38461538461538464,-1.9455379630160947,26,0.07610622257295221,-0.0027927911960926918,0.6053230039461522,-51.41522480168533,5861,23.7383761284508,99.3804011087559,6133,2001-10-05,2026-08-31,False,False,True,True,2
full,krw_usd|selfz|w252,krw_usd,selfz,252,c2c,2,1,0.10145249376234652,-0.1926893661550591,0.015266920009966838,0.03901928955624846,0.05363632844338281,0.52,-2.529321971249159,25,0.12206090974280145,0.00017466856770364644,0.6554564688005227,-115.03098239306323,4493,19.0729291660244,99.5878667985493,6066,2002-01-10,2026-08-31,False,False,True,True,2
full,krw_usd|selfz|w252,krw_usd,selfz,252,o2o,2,1,0.09531341663585126,-0.197048486494739,0.01369881312495665,0.03698250381963385,0.051526661696002354,0.48,-2.3044531310322016,25,0.11048824041845579,0.00017466856770364644,0.6554564688005227,-111.12985682198024,4492,19.0729291660244,99.5878667985493,6066,2002-01-10,2026-08-31,False,False,True,True,2
full,krw_usd|selfz|w252,krw_usd,selfz,252,day,1,1,0.13671309350160962,-0.15469584093160244,0.06369533617999648,0.09494506817409165,0.06410641535756155,0.52,-2.337276273359507,25,0.0897573871656749,1.0955741223755369e-05,0.6555121164980477,-37.78988981083732,2976,19.06983912793343,99.58793472886104,6067,2002-01-09,2026-08-31,False,False,True,True,2
full,krw_usd|robustz|w60,krw_usd,robustz,60,c2c,2,1,0.036595667668747195,-0.1985061088468236,-0.03302489773745845,0.0020767182022237056,-0.05241549465451194,0.46153846153846156,-1.404896084892266,26,0.0847056279238666,-0.0032830651625247787,0.5430430840653615,-64.08588419804973,4451,26.84513015575913,99.15212783303441,6133,2001-10-05,2026-08-31,False,False,True,True,2
full,krw_usd|robustz|w60,krw_usd,robustz,60,o2o,2,1,0.07336517945305239,-0.11304687689106403,0.023683569000787198,0.05776732202787353,0.014580274532334169,0.46153846153846156,-1.4158178910149375,26,0.10436177907245628,-0.0032830651625247787,0.5430430840653615,-52.46825954256668,4450,26.84513015575913,99.15212783303441,6133,2001-10-05,2026-08-31,False,False,True,True,2
full,krw_usd|robustz|w60,krw_usd,robustz,60,day,1,1,-0.01320224775510682,0.35835249767160954,0.07558701440770084,0.12124683904812304,0.07781130585467048,0.5384615384615384,-1.5008378505656201,26,0.07569443470468581,-0.003437984435552096,0.5431100085521314,-43.86423489538114,4487,26.840916195063734,99.15226605803717,6134,2001-10-04,2026-08-31,False,False,True,True,2
full,krw_usd|robustz|w120,krw_usd,robustz,120,c2c,2,1,0.1082565076024987,-0.04614432923231081,0.06585136673640377,0.09115626430835601,0.06291834629931474,0.52,-2.251781433977848,25,0.09662121970541863,0.0007941040772695237,0.5868690546107597,-73.61792916740346,4493,19.62356693677568,99.1437510291454,6073,2001-12-31,2026-08-31,False,False,True,True,2
full,krw_usd|robustz|w120,krw_usd,robustz,120,o2o,2,1,0.11555094157337187,-0.019223514883251736,0.08096365896979756,0.10559618908694368,0.09884868358028027,0.52,-2.035786469545587,25,0.11091711460532373,0.0007941040772695237,0.5868690546107597,-73.38796955884052,4492,19.62356693677568,99.1437510291454,6073,2001-12-31,2026-08-31,False,False,True,True,2
full,krw_usd|robustz|w120,krw_usd,robustz,120,day,1,1,0.09372840095171614,0.10804273869791318,0.09567147556221281,0.12819933339887638,0.06716392373322422,0.52,-1.3131064974993742,25,0.10260483673969409,0.0006303983943743387,0.5869360096913024,-46.38118940978352,4329,19.620367632746262,99.1438919986829,6074,2001-12-28,2026-08-31,False,False,True,True,2
full,krw_usd|robustz|w252,krw_usd,robustz,252,c2c,2,1,0.142968033830059,-0.09657572190450259,0.07152293665212693,0.09274953229825333,0.10475358072024638,0.6,-2.7058820640385344,25,0.156985916183824,0.04209554844441084,0.6735975469749046,-103.87919032337234,4493,17.56561548995048,99.52869887224372,5941,2002-07-18,2026-08-31,False,False,False,True,1
full,krw_usd|robustz|w252,krw_usd,robustz,252,o2o,2,1,0.13125229573588823,-0.11720200617897247,0.05940082289957975,0.08043398377289643,0.10055670329857341,0.56,-2.5020118985917814,25,0.14414296620210965,0.04209554844441084,0.6735975469749046,-102.36797559322484,4492,17.56561548995048,99.52869887224372,5941,2002-07-18,2026-08-31,False,False,True,True,2
full,krw_usd|robustz|w252,krw_usd,robustz,252,day,1,1,0.07360457606294542,-0.14038163212972024,0.018375457374461127,0.046588688876135584,0.06702797792913975,0.48,-1.8196870042637832,25,0.1536524352999888,0.0419223848913811,0.6736502640292101,-36.644889578158775,2975,17.562727258501997,99.5287781891619,5942,2002-07-17,2026-08-31,False,False,False,True,1
full,krw_usd|bdtanh|w60,krw_usd,bdtanh,60,c2c,2,1,0.05860419959935303,-0.11538158069207512,0.008986655174823492,0.04468811877700422,0.004369788818173364,0.5384615384615384,-1.839535920456299,26,0.10159603319609006,0.00355157671020723,0.6628347274910141,-68.28522544948721,5752,28.986140027320026,99.64297306069459,6162,2001-08-21,2026-08-31,False,False,True,True,2
full,krw_usd|bdtanh|w60,krw_usd,bdtanh,60,o2o,2,1,0.06641975091049467,-0.042311590323121574,0.0372214994263204,0.07234585315555526,0.04895965421699067,0.5384615384615384,-1.771833168107084,26,0.11315101456911093,0.00355157671020723,0.6628347274910141,-71.70504970180119,5823,28.986140027320026,99.64297306069459,6162,2001-08-21,2026-08-31,False,False,True,True,2
full,krw_usd|bdtanh|w60,krw_usd,bdtanh,60,day,1,-1,-0.026302095450034407,-0.4855968402733596,-0.13114823486102575,-0.08547244406446436,-0.13998499506313175,0.5,-2.3846394215709887,26,-0.10006886746072342,-0.0033975116918564703,0.6628806655737488,-76.68251951311782,2687,28.98150630112821,99.6430309914003,6163,2001-08-20,2026-08-31,False,False,True,True,2
full,krw_usd|bdtanh|w120,krw_usd,bdtanh,120,c2c,2,1,0.057322418509556015,-0.08936263387383057,0.01612559164790669,0.04425273819037721,0.01790204514158403,0.5,-1.9039341777122076,26,0.09582230448710578,0.0026035900013404775,0.6590416688721785,-93.45810638450091,4493,22.196886334394332,99.65753424657534,6132,2001-10-08,2026-08-31,False,False,True,True,2
full,krw_usd|bdtanh|w120,krw_usd,bdtanh,120,o2o,2,1,0.05878131738080021,-0.06342358583882972,0.025872924984510215,0.05350968134582505,0.028973464636361437,0.5,-1.693002961657142,26,0.09978937451533487,0.0026035900013404775,0.6590416688721785,-84.21527377072128,4492,22.196886334394332,99.65753424657534,6132,2001-10-08,2026-08-31,False,False,True,True,2
full,krw_usd|bdtanh|w120,krw_usd,bdtanh,120,day,1,1,0.006412322839038062,0.2290482764063441,0.05741265551178843,0.09365453996388345,0.028786237172679845,0.4230769230769231,-2.3118056279543535,26,0.07026031108995437,0.002444002086084026,0.6590933739798575,-49.368925135068494,4338,22.193286826331708,99.65759008641774,6133,2001-10-05,2026-08-31,False,False,True,True,2
full,krw_usd|bdtanh|w252,krw_usd,bdtanh,252,c2c,2,1,-0.010592970639872202,-0.17219310174524668,-0.05787715876130867,-0.036985937127499556,-0.026531995623347994,0.48,-2.3525375550401453,25,0.09255601716895599,-0.022286088732486036,0.6765391881138686,-124.53720309673253,4493,16.2801750465426,99.7692054071876,6066,2002-01-10,2026-08-31,False,False,True,True,2
full,krw_usd|bdtanh|w252,krw_usd,bdtanh,252,o2o,2,1,0.013837482163889381,-0.19852777473550168,-0.04601814213320021,-0.025215804833939856,-0.02579707195704822,0.48,-2.3183759255793093,25,0.07353541828265421,-0.022286088732486036,0.6765391881138686,-116.10719917128121,4492,16.2801750465426,99.7692054071876,6066,2002-01-10,2026-08-31,False,False,True,True,2
full,krw_usd|bdtanh|w252,krw_usd,bdtanh,252,day,1,1,0.1338593613082692,-0.0764945588216879,0.08124236767031805,0.10863730978115627,0.05949889278907204,0.44,-1.9842923261864995,25,0.046091499573616114,-0.02244544349715436,0.676590704886221,-34.435371345780645,2105,16.27749187014624,99.76924344816219,6067,2002-01-09,2026-08-31,False,False,True,True,2
full,krw_usd|rankc|w60,krw_usd,rankc,60,c2c,2,1,0.04815369706843321,-0.22527967867228813,-0.030710365197413207,0.012261915307521434,-0.06959120527424924,0.46153846153846156,-1.7598438446690894,26,0.10924484732582145,0.007292884439402392,0.649767668289007,-72.89778057129514,5753,34.92598487066931,99.69165855241805,6162,2001-08-21,2026-08-31,False,False,True,True,2
full,krw_usd|rankc|w60,krw_usd,rankc,60,o2o,2,1,0.07003658031563803,-0.1399713740815242,0.0131733666739362,0.055319595798931295,-0.004771498984531177,0.5384615384615384,-1.7295931171403507,26,0.125734696155339,0.007292884439402392,0.649767668289007,-61.83077085299509,5773,34.92598487066931,99.69165855241805,6162,2001-08-21,2026-08-31,False,False,True,True,2
full,krw_usd|rankc|w60,krw_usd,rankc,60,day,1,1,-0.028740663205592237,0.30679770215110935,0.049077787015935424,0.10403963531794751,0.030838027441036826,0.5384615384615384,-2.330079956980842,26,0.11032891880932486,0.007136705439350168,0.6498172335371968,-61.775668392817764,4512,34.920828370340175,99.69170858348207,6163,2001-08-20,2026-08-31,False,False,True,True,2
full,krw_usd|rankc|w120,krw_usd,rankc,120,c2c,2,1,0.05442706006651266,-0.1600721993598848,-0.006991548536110159,0.026458606360195046,-0.015961017367855632,0.5,-1.6871307311883892,26,0.10003320600796219,0.007061107827337088,0.6529828346723601,-94.60467426690029,4493,26.95818689514892,99.33137638617092,6132,2001-10-08,2026-08-31,False,False,True,True,2
full,krw_usd|rankc|w120,krw_usd,rankc,120,o2o,2,1,0.05389221445196834,-0.09422769578866955,0.01365935689575625,0.04664807803775512,0.02082400947508702,0.46153846153846156,-1.6762884982215855,26,0.10894835405897152,0.007061107827337088,0.6529828346723601,-78.88162884722556,4492,26.95818689514892,99.33137638617092,6132,2001-10-08,2026-08-31,False,False,True,True,2
full,krw_usd|rankc|w120,krw_usd,rankc,120,day,1,1,0.017541488919037132,0.19095676768194428,0.05787704743247439,0.1012268345459167,0.03348643597882029,0.46153846153846156,-2.4185761174314706,26,0.07924055162017045,0.006899796081503672,0.6530365247089974,-47.17313273080552,4418,26.953884869895194,99.33148540681559,6133,2001-10-05,2026-08-31,False,False,True,True,2
full,krw_usd|rankc|w252,krw_usd,rankc,252,c2c,2,1,0.01925574132533731,-0.16880523441458106,-0.03539587129504152,-0.008559649776308683,0.007995839860106683,0.52,-2.0371659981291925,25,0.09961847484418013,-0.012203832663135511,0.6706206603821091,-114.06569820224833,4493,21.283062768936354,99.63732278272339,6066,2002-01-10,2026-08-31,False,False,True,True,2
full,krw_usd|rankc|w252,krw_usd,rankc,252,o2o,2,1,0.04101981442484662,-0.17148306566524504,-0.018264897548768855,0.008352573201043179,0.01797994223422203,0.48,-2.0035158002736413,25,0.08710197805342838,-0.012203832663135511,0.6706206603821091,-99.25155849510668,4492,21.283062768936354,99.63732278272339,6066,2002-01-10,2026-08-31,False,False,True,True,2
full,krw_usd|rankc|w252,krw_usd,rankc,252,day,1,1,0.13390501583720815,-0.04162101625126746,0.09019933335281051,0.12543693725063787,0.07844714617201995,0.48,-2.423337641572157,25,0.05911551444666411,-0.012365527741669083,0.6706738311771882,-36.462146908027826,1944,21.279617129528457,99.63738256139773,6067,2002-01-09,2026-08-31,False,False,True,True,2
full,krw_usd|signth|w60,krw_usd,signth,60,c2c,2,1,0.05270769956164613,-0.019586116312414605,0.03222119402296521,0.0666999814458198,0.023554157556010993,0.5384615384615384,-2.0109277653574646,26,0.09222319852802197,0.0034514784310588228,0.6713038598145,-70.0922970326282,4493,27.99494336002996,99.87078016475529,6191,2001-07-10,2026-08-31,False,False,True,True,2
full,krw_usd|signth|w60,krw_usd,signth,60,o2o,2,1,0.0780165614392365,0.07772572306596988,0.07774770581584635,0.11175119998069133,0.08345403720430034,0.5,-2.1120611098357616,26,0.10645034422669061,0.0034514784310588228,0.6713038598145,-69.23221441530167,5792,27.99494336002996,99.87078016475529,6191,2001-07-10,2026-08-31,False,False,True,True,2
full,krw_usd|signth|w60,krw_usd,signth,60,day,1,-1,-0.016447618040210527,-0.5610539335074971,-0.14064675651128972,-0.09677910603786904,-0.15462916182276712,0.5,-2.0140309083906542,26,-0.0964945426754105,-0.0032996849234298185,0.6713466812067794,-85.79421902628006,4381,27.990492178874177,99.87080103359173,6192,2001-07-09,2026-08-31,False,False,True,True,2
full,krw_usd|signth|w120,krw_usd,signth,120,c2c,2,1,0.173367327867089,0.06971094940537886,0.14501212279221073,0.1729497529097582,0.14261635627900943,0.5,-2.065418323374982,26,0.07826100293311876,-0.0015114861076887072,0.6556817006804877,-79.64115183450751,4493,20.8681937774166,99.88693264416088,6191,2001-07-10,2026-08-31,False,False,True,True,2
full,krw_usd|signth|w120,krw_usd,signth,120,o2o,2,1,0.23552229899674615,0.15045041185707617,0.21274891727677775,0.23982311173298104,0.22935902487988757,0.5,-1.5644537982602131,26,0.08497454247277907,-0.0015114861076887072,0.6556817006804877,-70.9812573325863,4469,20.8681937774166,99.88693264416088,6191,2001-07-10,2026-08-31,False,False,True,True,2
full,krw_usd|signth|w120,krw_usd,signth,120,day,1,1,0.1773295777478539,0.5281574199339714,0.25008282033368623,0.2851928962769837,0.26773722294085284,0.46153846153846156,-1.2909316190026268,26,0.05879878150959439,-0.001668551214880033,0.6557331181432067,-41.17057338602414,2127,20.864823591083038,99.88695090439276,6192,2001-07-09,2026-08-31,False,False,True,True,2
full,krw_usd|signth|w252,krw_usd,signth,252,c2c,2,1,0.05898370352090082,0.1547478443072159,0.08547564274133987,0.10540394196481016,0.018498576008714848,0.46153846153846156,-3.1251841302255796,26,0.0757948101776948,-0.0346921141769366,0.6466025002885775,-71.44005467631452,4421,14.783760683125767,98.7450462351387,6056,2001-10-15,2026-08-31,False,False,True,True,2
full,krw_usd|signth|w252,krw_usd,signth,252,o2o,2,1,0.049761909577270565,0.06061407372862865,0.05257858831266676,0.0724166913807204,-0.019992911810828656,0.5,-3.4248369208655625,26,0.05949723208900321,-0.0346921141769366,0.6466025002885775,-63.131885373448995,4420,14.783760683125767,98.7450462351387,6056,2001-10-15,2026-08-31,False,False,True,True,2
full,krw_usd|signth|w252,krw_usd,signth,252,day,1,1,0.05173880747255803,0.0939780169689636,0.060781556314151386,0.08603549929811845,0.0017571246781921315,0.4230769230769231,-2.60307523687231,26,0.02976108813902884,-0.03484913816777464,0.6466584989556394,-37.933594598384154,4210,14.78135688009587,98.74525342578835,6057,2001-10-12,2026-08-31,False,False,True,True,2
full,krw_usd|dev|w60,krw_usd,dev,60,c2c,2,1,0.022828751808624394,-0.16999117617413545,-0.030413829624346297,0.0016244608736934913,0.004919019784559895,0.5,-1.315727280210988,26,0.16153732544249622,0.04402208035463841,0.5756938033922732,-80.15492913751062,4493,26.144554423260875,99.20480363518338,6162,2001-08-21,2026-08-31,False,False,False,True,1
full,krw_usd|dev|w60,krw_usd,dev,60,o2o,2,1,0.06856988922027002,-0.14059661586604014,0.015905359517866962,0.04674038598650434,0.07415845373249934,0.5384615384615384,-1.3474422190341486,26,0.19351380804993595,0.04402208035463841,0.5756938033922732,-71.43901293472634,4492,26.144554423260875,99.20480363518338,6162,2001-08-21,2026-08-31,False,False,False,True,1
full,krw_usd|dev|w60,krw_usd,dev,60,day,1,1,0.02314283743899051,0.046627953221101956,0.028089012021138185,0.06881520000285529,0.029225743619728427,0.5,-2.3255786546333295,26,0.17400165337194431,0.04385372924260157,0.5757616002476579,-58.781075271306506,4375,26.140321014387617,99.20493266266429,6163,2001-08-20,2026-08-31,False,False,False,True,1
full,krw_usd|dev|w120,krw_usd,dev,120,c2c,2,1,0.12419667378113158,-0.20474834088449007,0.032405887994172315,0.056291121000002484,0.0594811596037083,0.5384615384615384,-1.6636107245985652,26,0.19816300320033334,0.0657161485276223,0.6125698635843685,-107.65351798571301,4493,19.845090082879622,98.97260273972603,6132,2001-10-08,2026-08-31,False,False,False,True,1
full,krw_usd|dev|w120,krw_usd,dev,120,o2o,2,1,0.13576008986551621,-0.18117697451701567,0.054111429606611965,0.0772771152956667,0.09445820465958481,0.5384615384615384,-1.566930382237324,26,0.21799520845791068,0.0657161485276223,0.6125698635843685,-96.51592439696948,4492,19.845090082879622,98.97260273972603,6132,2001-10-08,2026-08-31,False,False,False,True,1
full,krw_usd|dev|w120,krw_usd,dev,120,day,1,1,0.17814892093404056,0.04010961793176684,0.14442572495551428,0.1752239146534183,0.10499482004830991,0.5,-1.8104638946057199,26,0.18485394559441667,0.0655431121760354,0.6126323038146262,-40.339968360429346,2133,19.84187243940867,98.97277025925322,6133,2001-10-05,2026-08-31,False,False,False,True,1
full,krw_usd|dev|w252,krw_usd,dev,252,c2c,2,1,0.2254673060387713,-0.1416057580304539,0.11773771546474451,0.13718578244124024,0.17865172537212723,0.52,-1.8390971440460544,25,0.25983315505038845,0.07883237623170498,0.6670166974121134,-100.35950310165143,4493,16.708725824109496,99.50544015825915,6066,2002-01-10,2026-08-31,False,False,False,True,1
full,krw_usd|dev|w252,krw_usd,dev,252,o2o,2,1,0.23839253525766452,-0.15208981569338742,0.1300436830163247,0.14893182210370481,0.18756266007649006,0.52,-2.0788515200532345,25,0.2582711085256318,0.07883237623170498,0.6670166974121134,-92.56437115765736,4492,16.708725824109496,99.50544015825915,6066,2002-01-10,2026-08-31,False,False,False,True,1
full,krw_usd|dev|w252,krw_usd,dev,252,day,1,1,0.3223135987815151,-0.11394858513953454,0.21347780028900734,0.23895091807915225,0.20499983637185926,0.52,-1.6389147405450961,25,0.22933891348232213,0.07865582642641357,0.6670703118171009,-38.42379251967588,2026,16.706031890911078,99.50552167463326,6067,2002-01-09,2026-08-31,False,False,False,True,1
full,cny_usd|selfz|w60,cny_usd,selfz,60,c2c,2,1,-0.028803692370521935,-0.1515080171268334,-0.06153229925681948,-0.007612653368981923,-0.1514652282971048,0.4230769230769231,-2.103188191761483,26,0.09047296763718146,-0.02298317034281517,0.5610996444117992,-74.8837989594646,6052,36.27623709700249,99.29194796640869,6073,2001-08-21,2026-08-31,False,False,True,True,2
full,cny_usd|selfz|w60,cny_usd,selfz,60,o2o,2,1,0.0898424245255772,-0.17988281258505107,0.02285266137622592,0.07381986345896717,-0.03809914849105533,0.46153846153846156,-1.6922320078557231,26,0.10604930968725419,-0.02298317034281517,0.5610996444117992,-58.96921955973353,4436,36.27623709700249,99.29194796640869,6073,2001-08-21,2026-08-31,False,False,True,True,2
full,cny_usd|selfz|w60,cny_usd,selfz,60,day,1,1,0.30551429773392186,0.22437608526765035,0.2829161133764882,0.35212468630661464,0.21126196236690886,0.5769230769230769,-2.2357023498548085,26,0.10995334657302146,-0.02307333411852706,0.5611012147607628,-25.908826289498855,1401,36.27106000319798,99.2920645373724,6074,2001-08-20,2026-08-31,False,False,True,True,2
full,cny_usd|selfz|w120,cny_usd,selfz,120,c2c,2,1,-0.006511901258312078,-0.3663857535607983,-0.10506770011063314,-0.06540696260199858,-0.05516367994714091,0.46153846153846156,-2.1484165733012754,26,0.1337067657244917,-0.006328816335248815,0.5657240840641586,-76.98659759912762,2999,26.07776481094488,99.28245270711024,6132,2001-10-08,2026-08-31,False,False,True,True,2
full,cny_usd|selfz|w120,cny_usd,selfz,120,o2o,2,1,0.06153078323161223,-0.42690274055899413,-0.06387109825097302,-0.025884553083467272,0.0036170957295005132,0.38461538461538464,-1.8368634366438434,26,0.1560943516290072,-0.006328816335248815,0.5657240840641586,-81.0023493389364,2093,26.07776481094488,99.28245270711024,6132,2001-10-08,2026-08-31,False,False,False,True,1
full,cny_usd|selfz|w120,cny_usd,selfz,120,day,1,1,0.33640477204793057,-0.3129506800103233,0.18574229885491253,0.23708170833200243,0.1746660352410863,0.5,-2.200601935502752,26,0.13249323940651078,-0.006328393385675914,0.5656324504073088,-45.20513661702365,1439,26.075938963753426,99.26626447089517,6133,2001-10-05,2026-08-31,False,False,True,True,2
full,cny_usd|selfz|w252,cny_usd,selfz,252,c2c,2,1,0.021137097217759953,-0.7285256670322672,-0.19017804083629536,-0.1608773512311027,-0.08015220802606318,0.44,-2.399277429500408,25,0.14353848517989237,-0.013291894218424352,0.5791725720645614,-114.91003538352184,2476,20.389125781045802,99.48895483020112,6066,2002-01-10,2026-08-31,False,False,True,True,2
full,cny_usd|selfz|w252,cny_usd,selfz,252,o2o,2,1,0.01866178813856109,-0.7752792461933021,-0.18932967124185301,-0.16078671785592863,-0.09400765909564959,0.44,-2.450874677807658,25,0.1729734468107952,-0.013291894218424352,0.5791725720645614,-115.61448167483528,2001,20.389125781045802,99.48895483020112,6066,2002-01-10,2026-08-31,False,False,False,True,1
full,cny_usd|selfz|w252,cny_usd,selfz,252,day,1,1,0.19922004326568724,-0.4039360082758195,0.05707733993029127,0.09610130875723738,0.06340238829256913,0.44,-1.432204917817112,25,0.15111881806168995,-0.013215126265146497,0.5791516864054636,-45.84324767146815,1439,20.385769587779915,99.4890390637877,6067,2002-01-09,2026-08-31,False,False,False,True,1
full,cny_usd|robustz|w60,cny_usd,robustz,60,c2c,2,-1,0.07313732695784804,-0.12279039722402497,0.019395052126550863,0.0653305259578639,0.15386340679351765,0.5384615384615384,-1.238785913669614,26,-0.0779591093626282,0.01308555205984844,0.48151732306203526,-45.617914745116934,4381,27.281372158681584,99.04570567553993,5973,2001-10-05,2026-08-31,False,False,True,True,2
full,cny_usd|robustz|w60,cny_usd,robustz,60,o2o,2,-1,-0.03827699241542107,-0.07731950373249112,-0.04801458655087859,-0.00408724334900817,0.09841982554652667,0.5769230769230769,-1.7708425707407212,26,-0.09389404351134929,0.01308555205984844,0.48151732306203526,-43.73129540445122,4380,27.281372158681584,99.04570567553993,5973,2001-10-05,2026-08-31,False,False,True,True,2
full,cny_usd|robustz|w60,cny_usd,robustz,60,day,1,1,0.13647382938233513,0.2359008609590325,0.15687777189072136,0.21572050749251995,0.060142573173242925,0.46153846153846156,-3.333943101011589,26,0.07988140076019676,-0.013203171957277774,0.4815565312133979,-27.03566407515996,1400,27.27955316669764,99.04586541680615,5974,2001-10-04,2026-08-31,False,False,True,True,2
full,cny_usd|robustz|w120,cny_usd,robustz,120,c2c,2,-1,0.15910815342617013,0.18464772080715589,0.1663694566937727,0.19690736411996645,0.1266235522785919,0.6,-2.238789978927854,25,-0.13766631514046582,-0.007626821107383572,0.5473382743036542,-63.925492173480116,3330,19.719793680931765,99.12516823687753,5944,2001-12-31,2026-08-31,False,False,True,True,2
full,cny_usd|robustz|w120,cny_usd,robustz,120,o2o,2,-1,0.1487538142048933,0.19935288300628315,0.16234783609037523,0.1916780470236114,0.1572862125001906,0.6,-2.1275602332041057,25,-0.15198054339801523,-0.007626821107383572,0.5473382743036542,-71.03731478737238,4249,19.719793680931765,99.12516823687753,5944,2001-12-31,2026-08-31,False,False,False,True,1
full,cny_usd|robustz|w120,cny_usd,robustz,120,day,1,1,0.044573665404571715,-0.2806303878687903,-0.03506553163345568,0.0055856389515806255,-0.1253810530522936,0.36,-1.6902230197149188,25,0.12921866479376046,0.0077383702643396566,0.5473590393641938,-47.9855836615441,1439,19.716921557194485,99.12531539108494,5945,2001-12-28,2026-08-31,False,False,True,True,2
full,cny_usd|robustz|w252,cny_usd,robustz,252,c2c,2,1,0.01349078293948182,-0.7596914158328648,-0.22170066824270582,-0.2006796232077742,-0.22374388836258904,0.4,-2.198109512355405,25,0.16281204915822883,-0.005629614154717673,0.6402945752797646,-133.34080895298212,1558,14.931202064018734,99.34354485776805,5941,2002-07-18,2026-08-31,False,False,False,True,1
full,cny_usd|robustz|w252,cny_usd,robustz,252,o2o,2,1,0.03219847908851915,-0.7843132458066978,-0.19845614752244126,-0.1781806618957773,-0.185026755334216,0.4,-2.2831405946587036,25,0.19375192523529897,-0.005629614154717673,0.6402945752797646,-134.5607673854736,2388,14.931202064018734,99.34354485776805,5941,2002-07-18,2026-08-31,False,False,False,True,1
full,cny_usd|robustz|w252,cny_usd,robustz,252,day,1,1,0.2290411695718579,-0.3289601158200923,0.08662612440575612,0.11457972422563525,0.0012286235961009365,0.6,-1.6205270998200159,25,0.17610151786820305,-0.005486426593985543,0.640329057995422,-46.407179083433455,1439,14.928712081509477,99.34365533490407,5942,2002-07-17,2026-08-31,False,False,False,True,1
full,cny_usd|bdtanh|w60,cny_usd,bdtanh,60,c2c,2,-1,-0.04697076759415035,0.11615077619723299,-0.0016497312194129357,0.04699683780614842,0.07613885145013943,0.5,-1.8253983185037639,26,-0.05038119987249305,0.0546964466589284,0.6132292476196747,-85.27973546334803,4381,32.90419675450081,99.67067347274823,6073,2001-08-21,2026-08-31,False,False,True,True,2
full,cny_usd|bdtanh|w60,cny_usd,bdtanh,60,o2o,2,1,0.04225063648302713,-0.19240036650382691,-0.017930348537413914,0.02835700996516062,-0.08329318056550145,0.5769230769230769,-1.95337480016647,26,0.06809161841482422,-0.0546964466589284,0.6132292476196747,-76.18172271295947,5661,32.90419675450081,99.67067347274823,6073,2001-08-21,2026-08-31,False,False,True,True,2
full,cny_usd|bdtanh|w60,cny_usd,bdtanh,60,day,1,1,0.2861680694580408,0.22524465006633593,0.2684739100648221,0.3304716868452097,0.17726671152255705,0.5,-1.4612972454492446,26,0.08006076949145317,-0.0547748339756888,0.6132156802441465,-32.56525965038703,1408,32.89883022908612,99.67072769180112,6074,2001-08-20,2026-08-31,False,False,True,True,2
full,cny_usd|bdtanh|w120,cny_usd,bdtanh,120,c2c,2,-1,-0.032449048723685835,0.38359909055251035,0.08040219381079704,0.11805042790421776,0.036499699449856565,0.6153846153846154,-2.329003354588455,26,-0.09873325675220863,0.044368140337314024,0.6323386462086134,-102.06941445926194,4381,25.10740071640565,99.59230267449446,6132,2001-10-08,2026-08-31,False,False,True,True,2
full,cny_usd|bdtanh|w120,cny_usd,bdtanh,120,o2o,2,1,0.013861682365365528,-0.49063865453037964,-0.11352329079236477,-0.0774597051666378,-0.04400400598282413,0.38461538461538464,-1.8246662727681267,26,0.12218657518209225,-0.044368140337314024,0.6323386462086134,-91.01395094506573,3554,25.10740071640565,99.59230267449446,6132,2001-10-08,2026-08-31,False,False,True,True,2
full,cny_usd|bdtanh|w120,cny_usd,bdtanh,120,day,1,1,0.3286940258849619,-0.30351517619345547,0.18347670344606914,0.23190071008052027,0.16610603185807252,0.5384615384615384,-2.107530022857019,26,0.1011493328391363,-0.04441634456307074,0.6322909804676538,-48.2063684116097,1439,25.105182046372505,99.5923691504973,6133,2001-10-05,2026-08-31,False,False,True,True,2
full,cny_usd|bdtanh|w252,cny_usd,bdtanh,252,c2c,2,-1,0.005182898716189168,0.6282616462329551,0.1768213161385249,0.2082795363356914,0.07144200898486483,0.52,-2.544769805596928,25,-0.12547453323811925,0.03590164032652234,0.6261114856870672,-124.554777749392,4381,22.167451428511093,99.42301351796901,6066,2002-01-10,2026-08-31,False,False,True,True,2
full,cny_usd|bdtanh|w252,cny_usd,bdtanh,252,o2o,2,-1,0.011167477732303305,0.6447314543132541,0.17446972474787256,0.20502655930386668,0.07080108882565195,0.64,-2.91898341690886,25,-0.1560516785916576,0.03590164032652234,0.6261114856870672,-134.24132882450542,4380,22.167451428511093,99.42301351796901,6066,2002-01-10,2026-08-31,False,False,False,True,1
full,cny_usd|bdtanh|w252,cny_usd,bdtanh,252,day,1,1,0.09635988871742338,-0.1940476176120134,0.028910009603103054,0.07031331373131675,0.06259472862296905,0.48,-1.2020854777777232,25,0.13008461681452185,-0.035892818589916144,0.6260111903763661,-53.59542912452835,1439,22.16403114616747,99.42310862040547,6067,2002-01-09,2026-08-31,False,False,True,True,2
full,cny_usd|rankc|w60,cny_usd,rankc,60,c2c,2,-1,-0.02722633867383254,0.11107107302753373,0.010652851259247084,0.07015963982550374,0.029956488069053672,0.5,-1.6742698239414233,26,-0.07610144222178888,0.03563329672011808,0.6306618916744702,-74.56953619710652,4381,41.72072256014804,99.57805907172997,6162,2001-08-21,2026-08-31,False,False,True,True,2
full,cny_usd|rankc|w60,cny_usd,rankc,60,o2o,2,1,0.04468645681898176,-0.196599534561422,-0.01688168698135906,0.04000900281226716,-0.05040738498209812,0.38461538461538464,-1.7735064295694756,26,0.08890278109100806,-0.03563329672011808,0.6306618916744702,-67.56308394807076,5123,41.72072256014804,99.57805907172997,6162,2001-08-21,2026-08-31,False,False,True,True,2
full,cny_usd|rankc|w60,cny_usd,rankc,60,day,1,1,0.29135976093897775,0.21528022694837856,0.27055794637166314,0.34641713905224797,0.21278730402627896,0.5,-1.7632047341493546,26,0.10101194463668459,-0.035729608760861356,0.6306616551844729,-34.0040739164262,1444,41.72713710088195,99.57812753529124,6163,2001-08-20,2026-08-31,False,False,True,True,2
full,cny_usd|rankc|w120,cny_usd,rankc,120,c2c,2,-1,-0.0026055778845931435,0.35600371427728505,0.09524213156293332,0.14650746212771582,0.11921577556545736,0.6538461538461539,-2.3318850475040005,26,-0.08969183912259056,0.043985436554541846,0.6219890593219717,-91.19919825200348,4381,35.12283041691496,99.57599478147424,6132,2001-10-08,2026-08-31,False,True,True,True,3
full,cny_usd|rankc|w120,cny_usd,rankc,120,o2o,2,1,-0.008583902469020374,-0.3916358968880374,-0.1070219984636561,-0.057764615386432634,-0.10186220471209484,0.38461538461538464,-1.7735064295694976,26,0.10641144459121285,-0.043985436554541846,0.6219890593219717,-75.49094674819635,3558,35.12283041691496,99.57599478147424,6132,2001-10-08,2026-08-31,False,False,True,True,2
full,cny_usd|rankc|w120,cny_usd,rankc,120,day,1,1,0.2940738306663392,-0.06326968820492698,0.2101517008189799,0.27602563967451793,0.15431126662824526,0.46153846153846156,-1.7632047341493475,26,0.1028356233748095,-0.04408064036758734,0.6219900182919115,-34.011286926017654,1439,35.13030518785362,99.5760639165172,6133,2001-10-05,2026-08-31,False,False,True,True,2
full,cny_usd|rankc|w252,cny_usd,rankc,252,c2c,2,-1,-0.017996504508143205,0.6810755772557846,0.18660909120179667,0.23370317736460267,0.12920089648746028,0.56,-2.302660542178788,25,-0.07656450827753886,0.05908378945455277,0.6232282511259355,-94.90637132513643,4250,32.22978870327122,99.5878667985493,6066,2002-01-10,2026-08-31,False,False,True,True,2
full,cny_usd|rankc|w252,cny_usd,rankc,252,o2o,2,-1,-0.033822482771077245,0.6598081014833718,0.1563255061304815,0.2020201170170156,0.10917990418691849,0.6,-2.219483360436051,25,-0.09538585753847705,0.05908378945455277,0.6232282511259355,-104.06229336473383,4299,32.22978870327122,99.5878667985493,6066,2002-01-10,2026-08-31,False,False,True,True,2
full,cny_usd|rankc|w252,cny_usd,rankc,252,day,1,1,0.18092117619248066,-0.15130793981389956,0.09902700562637223,0.16082177968625502,0.06041497230455057,0.48,-1.7632047341493728,25,0.09521534981834671,-0.05917121731332926,0.6232226932484879,-39.90970536194004,1439,32.23020793765247,99.58793472886104,6067,2002-01-09,2026-08-31,False,False,True,True,2
full,cny_usd|signth|w60,cny_usd,signth,60,c2c,2,-1,-0.009709088782828858,0.07331836377629998,0.013920256706415514,0.056057702475712456,0.10267558332781895,0.5769230769230769,-1.8291678696357991,26,-0.013133878749478764,0.06473085712803862,0.6032278338882165,-71.14572019384818,3483,27.07047906064902,99.93539008237764,6191,2001-07-10,2026-08-31,False,False,True,True,2
full,cny_usd|signth|w60,cny_usd,signth,60,o2o,2,1,0.07633956556218001,-0.2870479657165449,-0.018374912894101696,0.0219211583608057,-0.10239475481806888,0.5769230769230769,-2.2230216988786906,26,0.029818799770793637,-0.06473085712803862,0.6032278338882165,-53.71010049578005,3653,27.07047906064902,99.93539008237764,6191,2001-07-10,2026-08-31,False,False,True,True,2
full,cny_usd|signth|w60,cny_usd,signth,60,day,1,1,0.43979064559828746,0.10951509159829793,0.35932592782618983,0.4133237106665002,0.22617143650471608,0.5384615384615384,-1.2190655391099787,26,0.05271636732734345,-0.06476758461635326,0.603177594810517,-22.63962514037142,1408,27.066107213255506,99.93540051679587,6192,2001-07-09,2026-08-31,False,False,True,True,2
full,cny_usd|signth|w120,cny_usd,signth,120,c2c,2,1,0.3523297582209893,-0.33868272742374245,0.13222482613308045,0.16758028765406946,0.08068911631302361,0.4230769230769231,-2.4871766893439413,26,0.022163794298810657,-0.05072840901712643,0.5824396700714072,-73.80467472548253,1486,19.647177274570943,99.61898164184274,5774,2001-09-24,2026-08-19,False,False,True,True,2
full,cny_usd|signth|w120,cny_usd,signth,120,o2o,2,1,0.29760921216894465,-0.4158467419468437,0.081691043807785,0.11568402845606941,-0.00784617678652289,0.38461538461538464,-2.5212390296958143,26,0.015688290245910202,-0.05072840901712643,0.5824396700714072,-73.80639276008762,1505,19.647177274570943,99.61898164184274,5774,2001-09-24,2026-08-19,False,False,True,True,2
full,cny_usd|signth|w120,cny_usd,signth,120,day,1,1,0.35558680646047314,-0.2133030963736656,0.2050510316924787,0.24992900777996882,0.0754165641878136,0.5,-1.2789668441770923,26,0.04166197189227005,-0.05072840901712643,0.5824396700714072,-34.51246684542623,1282,19.647177274570943,99.61898164184274,5774,2001-09-21,2026-08-18,False,False,True,True,2
full,cny_usd|signth|w252,cny_usd,signth,252,c2c,2,1,0.013116666371669604,-0.7117040542522758,-0.25914213008396914,-0.22916536011391167,-0.25150311459346786,0.375,-2.8458532686947406,24,-0.024749737066767082,-0.0594983682631766,0.4728971009640872,-117.20744988523487,2458,16.33230345584341,82.97548605240912,5915,2001-10-16,2026-08-31,False,False,True,True,2
full,cny_usd|signth|w252,cny_usd,signth,252,o2o,2,1,-0.026423121929722227,-0.7452221666657781,-0.29267130658517937,-0.2618462823322585,-0.29556983615336213,0.4166666666666667,-2.493174143575175,24,-0.028454768511199616,-0.0594983682631766,0.4728971009640872,-120.50185919064043,2733,16.33230345584341,82.97548605240912,5915,2001-10-16,2026-08-31,False,False,True,True,2
full,cny_usd|signth|w252,cny_usd,signth,252,day,1,1,0.04863254399530201,-0.003711268182765579,0.03168042873896743,0.0727937021143954,-0.0321501576364001,0.375,-1.285884714429462,24,-0.022919651014632718,-0.059514445884429945,0.47284330050341006,-35.54666366815662,2131,16.33007518115201,82.97836375929683,5916,2001-10-15,2026-08-31,False,False,True,True,2
full,cny_usd|dev|w60,cny_usd,dev,60,c2c,2,1,0.16472207272056794,-0.4854560906899671,-0.011014745908761498,0.02663358492689333,0.06111357743057557,0.5384615384615384,-1.9953288489321679,26,0.09036623234911911,-0.0214329169306951,0.5335741968150198,-77.68705941523994,2502,24.87266333005021,99.07497565725414,6162,2001-08-21,2026-08-31,False,False,True,True,2
full,cny_usd|dev|w60,cny_usd,dev,60,o2o,2,1,0.15169189008493852,-0.5213421846511691,-0.020174607833922508,0.015891244213209397,0.05451920526009689,0.46153846153846156,-1.666034518439897,26,0.11469479070070024,-0.0214329169306951,0.5335741968150198,-79.66248533722545,2501,24.87266333005021,99.07497565725414,6162,2001-08-21,2026-08-31,False,False,True,True,2
full,cny_usd|dev|w60,cny_usd,dev,60,day,1,1,0.3264707712456329,-0.2837930402427839,0.1867814669142271,0.23622197538300133,0.1859469078579426,0.5,-2.034614009143333,26,0.09883890749250746,-0.02139999090857462,0.5335170681375223,-39.75704085547195,1439,24.870998672789042,99.07512575044622,6163,2001-08-20,2026-08-31,False,False,True,True,2
full,cny_usd|dev|w120,cny_usd,dev,120,c2c,2,1,0.15339244597863202,-0.8063823171454401,-0.1129807787827879,-0.08474466869815163,-0.08129343106793559,0.46153846153846156,-2.286646746576605,26,0.09217070243322961,-0.029424354136926,0.5945056111297709,-113.3822907191555,2087,19.148565482639643,99.47814742335291,6132,2001-10-08,2026-08-31,False,False,True,True,2
full,cny_usd|dev|w120,cny_usd,dev,120,o2o,2,1,0.17286482837804182,-0.8781305694016804,-0.10339006760390532,-0.07617267262137217,-0.045023558838756327,0.4230769230769231,-2.369743718036841,26,0.12530466288846842,-0.029424354136926,0.5945056111297709,-117.622267900119,1512,19.148565482639643,99.47814742335291,6132,2001-10-08,2026-08-31,False,False,True,True,2
full,cny_usd|dev|w120,cny_usd,dev,120,day,1,1,0.32374716037554124,-0.4992523247809153,0.13285182032601792,0.1697822120438028,0.11815802197635034,0.46153846153846156,-1.5626720603052435,26,0.10104941720098345,-0.029346901717887265,0.5944813303081008,-50.11464856148107,1439,19.14628187096821,99.47823251263655,6133,2001-10-05,2026-08-31,False,False,True,True,2
full,cny_usd|dev|w252,cny_usd,dev,252,c2c,2,1,0.21944132251570306,-0.9182097035371237,-0.1238121621989659,-0.10268887817375434,-0.10580956002274955,0.4,-2.4139135939477776,25,0.009843573041613584,-0.07761735523053215,0.6501097821482976,-141.43904146101738,1558,15.059344123903196,99.53841081437521,6066,2002-01-10,2026-08-31,False,False,True,True,2
full,cny_usd|dev|w252,cny_usd,dev,252,o2o,2,1,0.18000190929029944,-0.9681249567200773,-0.150793925000111,-0.13009997499987905,-0.15668269451406597,0.4,-2.3848037033509364,25,0.04394181369604356,-0.07761735523053215,0.6501097821482976,-144.03840858425002,1564,15.059344123903196,99.53841081437521,6066,2002-01-10,2026-08-31,False,False,True,True,2
full,cny_usd|dev|w252,cny_usd,dev,252,day,1,1,0.2646414766662915,-0.4130132986366003,0.09225756705756936,0.12023069057002157,-0.012740269165803427,0.44,-1.3845896428926654,25,0.0363202664893972,-0.07767704914375384,0.6500751143626702,-50.629655668021314,1439,15.057071451505578,99.53848689632437,6067,2002-01-09,2026-08-31,False,False,True,True,2
full,wti|selfz|w60,wti,selfz,60,c2c,2,1,0.04540836769054483,-0.05579259210806483,0.016378738373558577,0.05838447847032094,-0.12711328085847357,0.5,-2.917226671634276,26,-0.062392288815113425,0.02501066275114402,0.6036315646448247,-64.42545132735283,1889,32.02229267084265,99.49691658552418,6162,2001-08-21,2026-08-31,False,False,True,True,2
full,wti|selfz|w60,wti,selfz,60,o2o,2,1,-0.04152074707236349,0.027326323579937202,-0.0230906252638811,0.01669057272472292,-0.12593943677971065,0.46153846153846156,-2.9427748452778277,26,-0.11519934778200557,0.02501066275114402,0.6036315646448247,-74.44215936250689,3190,32.02229267084265,99.49691658552418,6162,2001-08-21,2026-08-31,False,False,True,True,2
full,wti|selfz|w60,wti,selfz,60,day,1,-1,0.056287390860394734,-0.08247235846878484,0.023092727870658847,0.07660569127265708,0.0008434313432337617,0.4230769230769231,-1.4800752327373434,26,0.07567248486290468,-0.025041169132864777,0.6035681847857709,-42.25916896078736,4396,32.01789089701722,99.49699821515495,6163,2001-08-20,2026-08-31,False,False,True,True,2
full,wti|selfz|w120,wti,selfz,120,c2c,2,-1,-0.018029215649568702,-0.008979929957478577,-0.015396724876296342,0.014978281172904631,0.1605807337418792,0.5,-1.310830312866877,26,0.03964821056778457,-0.03112681075274631,0.6167821339277217,-92.50017353314674,4775,24.207882470356143,99.31506849315068,6132,2001-10-08,2026-08-31,False,False,True,True,2
full,wti|selfz|w120,wti,selfz,120,o2o,2,-1,0.05511749224921679,-0.07477756090002077,0.02012786709483091,0.04909860409429972,0.1793746834890116,0.5384615384615384,-1.2985565630631324,26,0.09734271022497251,-0.03112681075274631,0.6167821339277217,-83.37801569729776,4774,24.207882470356143,99.31506849315068,6132,2001-10-08,2026-08-31,False,False,True,True,2
full,wti|selfz|w120,wti,selfz,120,day,1,-1,0.22782458260232188,0.015558147376685663,0.1751321511730694,0.21452822936803292,0.24746994592685143,0.6538461538461539,-1.4455702467069367,26,0.03286004996814027,-0.031047354100336995,0.6167559475107229,-30.281904290084917,1992,24.20401605309779,99.31518017283548,6133,2001-10-05,2026-08-31,False,True,True,True,3
full,wti|selfz|w252,wti,selfz,252,c2c,2,-1,0.15823986945547266,-0.09795245673129904,0.0843607653500994,0.10659336625943241,0.23198918019441683,0.52,-1.7306988392049818,25,-0.023817303614284475,-0.048512095081917235,0.6513664952942163,-53.93058290887245,4431,19.04282979384371,99.42301351796901,6066,2002-01-10,2026-08-31,False,False,True,True,2
full,wti|selfz|w252,wti,selfz,252,o2o,2,-1,0.18626695404659258,-0.11793524376052453,0.10345891472524002,0.12480026090189841,0.24053430149317287,0.52,-1.673394622788454,25,0.038559332858697004,-0.048512095081917235,0.6513664952942163,-56.266658201713874,4430,19.04282979384371,99.42301351796901,6066,2002-01-10,2026-08-31,False,False,True,True,2
full,wti|selfz|w252,wti,selfz,252,day,1,-1,0.30801078991782854,0.10439277087003615,0.25647290421297925,0.2853852570963083,0.37313382698665865,0.64,-1.006895987016205,25,-0.05273031147145344,-0.04852173041010544,0.6512767644776523,-25.448102281441855,1345,19.039937823811727,99.42310862040547,6067,2002-01-09,2026-08-31,False,False,True,True,2
full,wti|robustz|w60,wti,robustz,60,c2c,2,1,0.22179407855320551,-0.009978524131446925,0.15306238355284288,0.19139334325692578,0.049431574585863704,0.6153846153846154,-2.5638285423082072,26,-0.07401205969882096,0.016456994273593248,0.5583120076663072,-45.92830295071483,1590,28.258679548993047,99.16843306701452,6133,2001-10-05,2026-08-31,False,False,True,True,2
full,wti|robustz|w60,wti,robustz,60,o2o,2,1,0.15299987296436077,0.055904913624316196,0.1262598559979582,0.1628040014260013,0.025438819247609067,0.5769230769230769,-2.3531319565449795,26,-0.11905465312030486,0.016456994273593248,0.5583120076663072,-42.93540407664133,1595,28.258679548993047,99.16843306701452,6133,2001-10-05,2026-08-31,False,False,True,True,2
full,wti|robustz|w60,wti,robustz,60,day,1,1,-0.019106357708110616,0.08289418021964037,0.005888568240231472,0.05560583514348516,-0.006336111930380665,0.5769230769230769,-2.096774591035551,26,-0.06385669173370755,0.01642530047170124,0.5582499993159429,-63.88211369967173,4381,28.25413968801891,99.16856863384415,6134,2001-10-04,2026-08-31,False,False,True,True,2
full,wti|robustz|w120,wti,robustz,120,c2c,2,1,-0.018917694993679394,-0.013559487971923188,-0.01731572122057088,0.010670654446290645,-0.13662461421704858,0.52,-2.5250177271876706,25,-0.04573300902402558,0.024583925267354836,0.6032506224502207,-61.708974732552655,3653,21.861161915951573,99.19315000823316,6073,2001-12-31,2026-08-31,False,False,True,True,2
full,wti|robustz|w120,wti,robustz,120,o2o,2,-1,0.0038157859267761753,-0.05259222364784993,-0.011851981812185667,0.015045320191495598,0.07165088474609993,0.48,-1.6593655599672317,25,0.09772131494662671,-0.024583925267354836,0.6032506224502207,-66.91302818394821,4430,21.861161915951573,99.19315000823316,6073,2001-12-31,2026-08-31,False,False,True,True,2
full,wti|robustz|w120,wti,robustz,120,day,1,-1,0.14604490576456539,-0.026133122011332395,0.10252231172094382,0.1392018233264205,0.12704100242974628,0.56,-1.1079946922355222,25,0.027811888592777008,-0.024519474604959332,0.6032117088472692,-32.91599109800885,1353,21.857585111421045,99.19328284491274,6074,2001-12-28,2026-08-31,False,False,True,True,2
full,wti|robustz|w252,wti,robustz,252,c2c,2,-1,0.06411922319276722,-0.07535219800777401,0.02192242477489449,0.04291022922838185,0.18347191147125583,0.52,-1.8326174021437027,25,0.030244535707543437,-0.008145520520220929,0.6628617398120545,-66.1405979042329,4777,17.627998337669926,99.59602760478033,5941,2002-07-18,2026-08-31,False,False,True,True,2
full,wti|robustz|w252,wti,robustz,252,o2o,2,-1,0.10559212283548486,-0.09880545409706491,0.04655413391163962,0.06694162261335601,0.19647327585435598,0.52,-1.819222384019847,25,0.09367208309975321,-0.008145520520220929,0.6628617398120545,-62.657140599399895,4812,17.627998337669926,99.59602760478033,5941,2002-07-18,2026-08-31,False,False,True,True,2
full,wti|robustz|w252,wti,robustz,252,day,1,-1,0.24661712173375241,0.24326946901857233,0.24401628717188592,0.2720092789956587,0.36259035683344465,0.6,-0.9876448620998437,25,0.030194550495187607,-0.008178429215889172,0.6627844640211372,-33.72729756145556,2233,17.626125536536172,99.59609559071019,5942,2002-07-17,2026-08-31,False,False,True,True,2
full,wti|bdtanh|w60,wti,bdtanh,60,c2c,2,1,0.06268820884641006,-0.07428618123098123,0.023647180974406688,0.06049101912044459,-0.11616680078844822,0.5384615384615384,-3.785420326662784,26,-0.0520073416167412,0.03519856996215061,0.6621050026650713,-73.85622713530996,1916,29.533269768516988,99.64297306069459,6162,2001-08-21,2026-08-31,False,False,True,True,2
full,wti|bdtanh|w60,wti,bdtanh,60,o2o,2,1,-0.03453457618762546,-0.009990565996420803,-0.027895203655599995,0.0071962640720861,-0.13018145065301,0.46153846153846156,-3.599665490065355,26,-0.10343632144174875,0.03519856996215061,0.6621050026650713,-82.08642212153414,2774,29.533269768516988,99.64297306069459,6162,2001-08-21,2026-08-31,False,False,True,True,2
full,wti|bdtanh|w60,wti,bdtanh,60,day,1,-1,0.08914760209369169,-0.03507552332429016,0.059114215420013466,0.10618577749628019,0.05186332723766848,0.5,-1.424198660690314,26,0.06701069075180585,-0.035263335782697545,0.6620680475002697,-44.264506690018955,4229,29.529855834827618,99.6430309914003,6163,2001-08-20,2026-08-31,False,False,True,True,2
full,wti|bdtanh|w120,wti,bdtanh,120,c2c,2,-1,0.023926372410351993,0.1264737795190068,0.053807113979433344,0.0795298960177905,0.22743026219072854,0.5,-1.5694222865623748,26,0.0186315608923153,-0.04763770189350453,0.6634242491396266,-85.47489997555734,4775,21.36954340171894,99.72276581865623,6132,2001-10-08,2026-08-31,False,False,True,True,2
full,wti|bdtanh|w120,wti,bdtanh,120,o2o,2,-1,0.07534777090898467,0.054161485166936266,0.06942013893837896,0.09399242133279141,0.22569605658619898,0.5384615384615384,-1.538663940753252,26,0.0776247961414673,-0.04763770189350453,0.6634242491396266,-81.66593045083329,4430,21.36954340171894,99.72276581865623,6132,2001-10-08,2026-08-31,False,False,True,True,2
full,wti|bdtanh|w120,wti,bdtanh,120,day,1,-1,0.2744678502587084,0.13226291851863317,0.23795258784785178,0.27140745936391697,0.30380294741148445,0.5769230769230769,-1.5530218525237853,26,0.015165768332723664,-0.04753700201773234,0.6634090087005393,-30.86413629890774,1550,21.366165522302918,99.72281102233818,6133,2001-10-05,2026-08-31,False,False,True,True,2
full,wti|bdtanh|w252,wti,bdtanh,252,c2c,2,-1,0.14087310787203952,0.0069784096461730115,0.10157545594160387,0.1226143040763748,0.2412092276735203,0.6,-1.6027701020744793,25,-0.03975726683728676,-0.06189962990759546,0.6660255590849176,-53.75364113799274,3688,17.696443899466203,99.5878667985493,6066,2002-01-10,2026-08-31,False,False,True,True,2
full,wti|bdtanh|w252,wti,bdtanh,252,o2o,2,-1,0.13417116010227462,0.008085753624064836,0.09912706102050764,0.11924518303057352,0.21177769376805333,0.48,-1.5579698902106502,25,0.027582155225979232,-0.06189962990759546,0.6660255590849176,-56.08654105263574,2484,17.696443899466203,99.5878667985493,6066,2002-01-10,2026-08-31,False,False,True,True,2
full,wti|bdtanh|w252,wti,bdtanh,252,day,1,-1,0.2514055122312563,0.2620198695452471,0.2516547281645889,0.27903463094726016,0.3328116884372074,0.72,-1.2634421320724096,25,-0.06914203847733405,-0.061979868750650625,0.6660062222020493,-25.927176826262333,1625,17.6938205335762,99.58793472886104,6067,2002-01-09,2026-08-31,False,True,True,True,3
full,wti|rankc|w60,wti,rankc,60,c2c,2,1,0.011381022140755136,-0.03445143460099875,-0.0017334783545405737,0.042939228825806496,-0.11424794922229414,0.5,-3.515936487806962,26,-0.05930971809743384,0.028482872299467686,0.6471216292686442,-77.33450250795711,2096,34.96079839632846,99.65920155793575,6162,2001-08-21,2026-08-31,False,False,True,True,2
full,wti|rankc|w60,wti,rankc,60,o2o,2,-1,0.01212413018427278,-0.10570091717644213,-0.019457691889907112,0.023041372620768892,0.039545725433580155,0.46153846153846156,-1.3422735707333018,26,0.112210345244539,-0.028482872299467686,0.6471216292686442,-109.78405120558877,5483,34.96079839632846,99.65920155793575,6162,2001-08-21,2026-08-31,False,False,True,True,2
full,wti|rankc|w60,wti,rankc,60,day,1,-1,0.10533491592619097,-0.0518581191573831,0.06753490300254081,0.12453270198074982,0.04632342086271241,0.46153846153846156,-1.3554325526761393,26,0.07656835430700665,-0.02852729877151595,0.6470656762571668,-39.83656881158787,4213,34.9567452537168,99.65925685542754,6163,2001-08-20,2026-08-31,False,False,True,True,2
full,wti|rankc|w120,wti,rankc,120,c2c,2,1,-0.03356800581146933,-0.09168242525251873,-0.05055639316331136,-0.018896613043825193,-0.21360200300165666,0.46153846153846156,-3.660277974833966,26,-0.02855775183866509,0.039702597778676844,0.6512250685229158,-80.08175392529479,2895,25.761124299309525,99.60861056751467,6132,2001-10-08,2026-08-31,False,False,True,True,2
full,wti|rankc|w120,wti,rankc,120,o2o,2,-1,0.04535845909918183,-0.010810050276870856,0.029951889790166178,0.060145094982839244,0.16339222271375348,0.46153846153846156,-1.5744315692463378,26,0.08857320362968171,-0.039702597778676844,0.6512250685229158,-93.15811402989583,4430,25.761124299309525,99.60861056751467,6132,2001-10-08,2026-08-31,False,False,True,True,2
full,wti|rankc|w120,wti,rankc,120,day,1,-1,0.2495103788534168,0.08559699692685958,0.20809741179570998,0.24914564878238085,0.24826755408385975,0.6153846153846154,-1.5911221826264974,26,0.028008975866920287,-0.039613996439855005,0.6512010124891139,-31.98641558958525,1572,25.756927868167928,99.60867438447741,6133,2001-10-05,2026-08-31,False,False,True,True,2
full,wti|rankc|w252,wti,rankc,252,c2c,2,-1,0.11834006252676,0.019437590491120114,0.08903017385137875,0.11396189119199193,0.22935091127434012,0.56,-1.594511459611591,25,-0.03344847421454958,-0.04851295292889717,0.6642845406630722,-54.11183405193745,4255,20.83317902147842,99.55489614243324,6066,2002-01-10,2026-08-31,False,False,True,True,2
full,wti|rankc|w252,wti,rankc,252,o2o,2,-1,0.11926904411487863,-0.010130730761559363,0.08305654635607326,0.10691965167809118,0.1878590195953064,0.52,-1.4885732034424664,25,0.029140741704759592,-0.04851295292889717,0.6642845406630722,-56.41980159637549,4430,20.83317902147842,99.55489614243324,6066,2002-01-10,2026-08-31,False,False,True,True,2
full,wti|rankc|w252,wti,rankc,252,day,1,-1,0.26446889153200925,0.1696545024522537,0.23906828004435338,0.2714779485099018,0.2828530654003108,0.6,-1.114309581649708,25,-0.05990315359245835,-0.04857309030434031,0.6642431828040116,-26.270797549478132,1632,20.829914854904278,99.55496950716993,6067,2002-01-09,2026-08-31,False,False,True,True,2
full,wti|signth|w60,wti,signth,60,c2c,2,1,0.06058675745188461,-0.016889359971057172,0.0388065307218013,0.074769031172206,-0.05552013865278639,0.5769230769230769,-2.748528170867245,26,-0.06912313528484337,0.03113994126415871,0.6675397266409339,-87.37125889145962,2587,28.765219236486665,99.54773057664352,6191,2001-07-10,2026-08-31,False,False,True,True,2
full,wti|signth|w60,wti,signth,60,o2o,2,-1,-0.023111458691848136,-0.014630995934055493,-0.02081931134208182,0.013457810229753007,0.03788435044956181,0.4230769230769231,-1.37686898377061,26,0.11266163540551234,-0.03113994126415871,0.6675397266409339,-119.24811335538375,4841,28.765219236486665,99.54773057664352,6191,2001-07-10,2026-08-31,False,False,True,True,2
full,wti|signth|w60,wti,signth,60,day,1,-1,0.13814350707934683,0.028500678868428025,0.11155106192505644,0.15721361383855886,0.10507332271440899,0.38461538461538464,-1.3946897227563018,26,0.0821244922968666,-0.031173097894633985,0.6674701055282929,-38.86356509369414,4166,28.760731561288786,99.54780361757106,6192,2001-07-09,2026-08-31,False,False,True,True,2
full,wti|signth|w120,wti,signth,120,c2c,2,1,-0.019740784244739466,-0.13218730285118815,-0.05106019582854927,-0.025667853388251144,-0.1795389641726508,0.5,-2.4562886592827717,26,-0.04134392722627945,0.04079224179978675,0.6666153229638855,-98.3850787714451,6148,20.91332401031798,99.4346632208044,6191,2001-07-10,2026-08-31,False,False,True,True,2
full,wti|signth|w120,wti,signth,120,o2o,2,-1,0.04807730139086437,0.04763637902941939,0.04779257821072217,0.0718171568072329,0.13014034810805958,0.46153846153846156,-1.576235916936579,26,0.10662187576850743,-0.04079224179978675,0.6666153229638855,-107.01296010819196,4774,20.91332401031798,99.4346632208044,6191,2001-07-10,2026-08-31,False,False,True,True,2
full,wti|signth|w120,wti,signth,120,day,1,-1,0.20520303065303136,0.2547778357801652,0.2140662433972354,0.2462642352495553,0.2467463382481691,0.5,-1.2601801117903864,26,0.05864933947787328,-0.04065998204250622,0.6666333373134198,-45.63295545701136,2330,20.909946535510112,99.43475452196382,6192,2001-07-09,2026-08-31,False,False,True,True,2
full,wti|signth|w252,wti,signth,252,c2c,2,-1,0.29399126880791376,-0.10846226982379305,0.1799040590342529,0.19863893555914522,0.2373368663976143,0.5769230769230769,-1.6425498464791886,26,0.02254744984149217,-0.05507537959930488,0.6586136193407338,-48.76652015700182,3070,15.63264392956848,99.31403714237912,5977,2001-10-15,2026-08-31,False,False,True,True,2
full,wti|signth|w252,wti,signth,252,o2o,2,-1,0.28329822070251237,-0.0728714393455603,0.1866378290297898,0.20430166775127298,0.23102903455449053,0.5769230769230769,-1.5936379348553864,26,0.07890063063504005,-0.05507537959930488,0.6586136193407338,-48.65876886879718,3072,15.63264392956848,99.31403714237912,5977,2001-10-15,2026-08-31,False,False,True,True,2
full,wti|signth|w252,wti,signth,252,day,1,-1,0.34004289216949624,0.3310318359358564,0.33345194537584455,0.35730759361701253,0.28771500325661,0.6538461538461539,-1.3439412402557402,26,0.006617495758611503,-0.05520299723408654,0.658640277082618,-29.998530082110065,1611,15.630157726445182,99.3141518902643,5978,2001-10-12,2026-08-31,False,True,True,True,3
full,wti|dev|w60,wti,dev,60,c2c,2,-1,-0.01434828848616926,-0.1216205662692558,-0.04464867077778676,-0.00981641861811501,0.06585111430963293,0.46153846153846156,-2.1496556432008114,26,0.052236487855579834,-0.0460032488759802,0.5883997186170109,-107.91905004860452,5484,27.45226499220723,99.18857513794222,6162,2001-08-21,2026-08-31,False,False,True,True,2
full,wti|dev|w60,wti,dev,60,o2o,2,-1,0.053299091191761475,-0.18289877724818637,-0.008812535686720394,0.024256294051731533,0.06531843442514466,0.4230769230769231,-2.024090527873574,26,0.1083618052298475,-0.0460032488759802,0.5883997186170109,-106.88085221431542,4430,27.45226499220723,99.18857513794222,6162,2001-08-21,2026-08-31,False,False,True,True,2
full,wti|dev|w60,wti,dev,60,day,1,-1,0.12169605371324671,-0.11534531547499209,0.06592711370600123,0.11043403095166245,0.03258755104161263,0.38461538461538464,-1.1528459175927543,26,0.06776783420765362,-0.045992710553015195,0.5883073195770856,-30.336420375509064,4198,27.44848872758077,99.18870679863703,6163,2001-08-20,2026-08-31,False,False,True,True,2
full,wti|dev|w120,wti,dev,120,c2c,2,-1,0.06562828523183352,-0.021219306508651635,0.04058502990693008,0.06647922906971837,0.19171063778097427,0.5,-1.5191911817652823,26,0.014709527331479674,-0.060913958882902325,0.6256545891419355,-96.1368059667405,4451,21.2812885243045,99.42922374429224,6132,2001-10-08,2026-08-31,False,False,True,True,2
full,wti|dev|w120,wti,dev,120,o2o,2,-1,0.10931156665103049,-0.06720582184150758,0.061519821130281455,0.08613137102148939,0.1943852887685707,0.5,-1.4901254787435974,26,0.0810641337335113,-0.060913958882902325,0.6256545891419355,-94.73602410509882,4430,21.2812885243045,99.42922374429224,6132,2001-10-08,2026-08-31,False,False,True,True,2
full,wti|dev|w120,wti,dev,120,day,1,-1,0.2807952597860309,0.005513502749436784,0.21300230130392517,0.24645726886290872,0.2515976129774946,0.5769230769230769,-1.250183228110336,26,0.015670490234206972,-0.06079701877530974,0.6256595826413388,-25.531427613168855,2288,21.277820138911974,99.42931681069624,6133,2001-10-05,2026-08-31,False,False,True,True,2
full,wti|dev|w252,wti,dev,252,c2c,2,-1,0.18627577212599766,-0.08669065809408724,0.10812933533638076,0.12846741059425415,0.2532904633959898,0.56,-1.641586465769803,25,-0.059101033204520405,-0.07686732287440833,0.6649677505745106,-56.947010407533426,4451,17.662652081735697,99.45598417408506,6066,2002-01-10,2026-08-31,False,False,True,True,2
full,wti|dev|w252,wti,dev,252,o2o,2,-1,0.19486106614229548,-0.10738258046673671,0.11253797712092133,0.13206153591636421,0.23659888730810485,0.56,-1.6673198471157638,25,0.010243943637543884,-0.07686732287440833,0.6649677505745106,-56.002834361344746,3761,17.662652081735697,99.45598417408506,6066,2002-01-10,2026-08-31,False,False,True,True,2
full,wti|dev|w252,wti,dev,252,day,1,-1,0.2997396302627268,0.20804366904353008,0.2749064836839393,0.30125465052386907,0.3869402576789439,0.64,-0.9976404736175244,25,-0.08508909758163853,-0.07687090259377875,0.6648743959890022,-25.029781173005965,2233,17.66009289400844,99.45607384209659,6067,2002-01-09,2026-08-31,False,False,True,True,2
night,us_dxy_broad|selfz|w60,us_dxy_broad,selfz,60,c2c,2,-1,0.1899164999843095,0.048321986983683674,0.10985956494058306,0.13600015472634452,0.18024525108695613,0.6,-1.3702815335295324,10,-0.10272233775697424,0.004174127058353987,0.6158789165806805,-45.344505348884915,687,27.448202795438547,99.60317460317461,2268,2017-05-16,2026-08-31,False,False,True,True,2
night,us_dxy_broad|selfz|w60,us_dxy_broad,selfz,60,o2o,2,-1,0.2884235949921188,0.011406635037264983,0.13470232733986098,0.16107062079629883,0.19578496467508671,0.6,-1.4889823833396385,10,-0.10756140243359724,0.004174127058353987,0.6158789165806805,-44.378425432484214,798,27.448202795438547,99.60317460317461,2268,2017-05-16,2026-08-31,False,False,True,True,2
night,us_dxy_broad|selfz|w60,us_dxy_broad,selfz,60,day,1,1,0.1259669407986618,-0.6119179232446377,-0.24808231295196767,-0.20779444722336204,-0.3024373783761856,0.3,-2.270457111614581,10,0.13005792389505025,-0.004346652412868288,0.6160514419351948,-34.35704716599231,1291,27.446188520931752,99.60317460317461,2268,2017-05-16,2026-08-31,False,False,True,True,2
night,us_dxy_broad|selfz|w60,us_dxy_broad,selfz,60,ongap,1,-1,0.0725335649822225,-0.7973774664935409,-0.4180228829179607,-0.346207814470109,-0.5117431647245976,0.3,-1.640118613542525,10,-0.05579019357461138,0.004455252262808413,0.616507663388554,-27.155844416816567,1359,27.467842169719727,99.60229783473265,2263,2017-05-16,2026-08-31,False,False,True,True,2
night,us_dxy_broad|selfz|w120,us_dxy_broad,selfz,120,c2c,2,-1,0.19307572254500135,0.3944209868849917,0.3028537603307527,0.32146202288644826,0.5418574940844342,0.7,-0.6260583305992159,10,-0.12513584708238304,0.010767846329550934,0.6327903001451566,-36.80378235685403,495,20.520408594304218,99.51499118165785,2268,2017-05-16,2026-08-31,False,True,True,True,3
night,us_dxy_broad|selfz|w120,us_dxy_broad,selfz,120,o2o,2,-1,0.2712666549383526,0.4014637284096586,0.3410523582267201,0.360139292962128,0.547259946246494,0.7,-0.6795128345469493,10,-0.11315685888262622,0.010767846329550934,0.6327903001451566,-34.13035961507022,559,20.520408594304218,99.51499118165785,2268,2017-05-16,2026-08-31,False,True,True,True,3
night,us_dxy_broad|selfz|w120,us_dxy_broad,selfz,120,day,1,1,0.10259959818187518,-0.9463758037826286,-0.42622131867049795,-0.39769642264016725,-0.5166805194340326,0.2,-2.4192457565954992,10,0.140215891058902,-0.01070761974504315,0.6327300735606489,-49.20828039274537,1439,20.522800489308747,99.51499118165785,2268,2017-05-16,2026-08-31,False,False,True,True,2
night,us_dxy_broad|selfz|w120,us_dxy_broad,selfz,120,ongap,1,-1,0.31324104605376235,-0.5706926628185193,-0.17860421385197175,-0.12530179014697831,-0.21182794298058608,0.6,-1.9003123440536247,10,-0.055185440566713644,0.010627740995465049,0.6328717568802278,-17.056192299936964,1186,20.54359470070817,99.51391957578436,2263,2017-05-16,2026-08-31,False,False,True,True,2
night,us_dxy_broad|selfz|w252,us_dxy_broad,selfz,252,c2c,2,-1,0.32864222227680145,0.47784997217280406,0.40910355009348226,0.42199205640473153,0.5857180409260324,0.7,-1.21549745576828,10,-0.16658311463623693,0.03364966699033551,0.7057727844639301,-45.73220921215044,619,15.395545200904705,99.38271604938271,2268,2017-05-16,2026-08-31,False,True,False,True,2
night,us_dxy_broad|selfz|w252,us_dxy_broad,selfz,252,o2o,2,-1,0.4024429162028368,0.5091981437315067,0.4587921710705394,0.47218301623560904,0.5663586123561158,0.8,-1.455993542791294,10,-0.127422241975929,0.03364966699033551,0.7057727844639301,-44.6840752252512,609,15.395545200904705,99.38271604938271,2268,2017-05-16,2026-08-31,False,True,True,True,3
night,us_dxy_broad|selfz|w252,us_dxy_broad,selfz,252,day,1,1,0.009969884969628503,-0.7028208572841655,-0.3613241284325032,-0.3416492389416189,-0.46902673964152647,0.2,-2.214595898044893,10,0.1527895607656383,-0.03376729397210521,0.7058904114456999,-46.56255884048136,1439,15.398057008955407,99.38271604938271,2268,2017-05-16,2026-08-31,False,False,False,True,1
night,us_dxy_broad|selfz|w252,us_dxy_broad,selfz,252,ongap,1,-1,0.47344928501999195,-0.10070158056267865,0.16086298214373915,0.19773030927308344,0.24006061475175255,0.7,-1.742468249250051,10,-0.08977023672645562,0.03351514483697413,0.705790025946191,-10.93118537830635,314,15.419700041430016,99.3813521873619,2263,2017-05-16,2026-08-31,False,True,True,True,3
night,us_dxy_broad|robustz|w60,us_dxy_broad,robustz,60,c2c,2,-1,0.2240723936270103,0.19827414289219733,0.20885046016244044,0.23216705399448098,0.37742151175159466,0.6,-0.9212450433105005,10,-0.05067024607048002,0.03920400778357835,0.5833067376811213,-38.83241139029558,821,24.449164306643805,99.47089947089947,2268,2017-05-16,2026-08-31,False,False,True,True,2
night,us_dxy_broad|robustz|w60,us_dxy_broad,robustz,60,o2o,2,-1,0.2998042858908166,0.15230206559842818,0.2188178674478772,0.24226179287254745,0.35062298421447335,0.6,-1.012376025071142,10,-0.0620569631353227,0.03920400778357835,0.5833067376811213,-38.34273347479681,798,24.449164306643805,99.47089947089947,2268,2017-05-16,2026-08-31,False,False,True,True,2
night,us_dxy_broad|robustz|w60,us_dxy_broad,robustz,60,day,1,1,0.10249700538569398,-0.5852746776121124,-0.2415987696217348,-0.20569946548540236,-0.3195151185197243,0.2,-2.1488114373803846,10,0.0847184649679171,-0.03938667092095313,0.5834894008184961,-32.41923468285828,1291,24.44664531220118,99.47089947089947,2268,2017-05-16,2026-08-31,False,False,True,True,2
night,us_dxy_broad|robustz|w60,us_dxy_broad,robustz,60,ongap,1,-1,0.15252764980333777,-0.7721269690524045,-0.3497616214187387,-0.28598854114473965,-0.3824082849079298,0.3,-1.6837646074805213,10,0.008811171804690456,0.039344411057051595,0.5840148261914707,-23.269786876262057,1359,24.4759383963268,99.46973044631021,2263,2017-05-16,2026-08-31,False,False,True,True,2
night,us_dxy_broad|robustz|w120,us_dxy_broad,robustz,120,c2c,2,-1,0.0241230165717625,0.35013809584123484,0.2078989701301754,0.22487555358182096,0.4266618366789774,0.7,-0.7437830178236012,10,-0.05821951311624901,0.04437518442063766,0.6178325400558959,-39.13436474084933,748,18.752136996471133,99.29453262786596,2268,2017-05-16,2026-08-31,False,True,True,True,3
night,us_dxy_broad|robustz|w120,us_dxy_broad,robustz,120,o2o,2,-1,0.16249711314583234,0.37171602602019677,0.27885143572661186,0.29634923559065124,0.48760229022728496,0.7,-0.7133381971576878,10,-0.04583102447454792,0.04437518442063766,0.6178325400558959,-35.29708223717503,593,18.752136996471133,99.29453262786596,2268,2017-05-16,2026-08-31,False,True,True,True,3
night,us_dxy_broad|robustz|w120,us_dxy_broad,robustz,120,day,1,1,0.08695838367650881,-0.8733951852942884,-0.417153721559908,-0.39072317091671965,-0.4943788990281483,0.2,-1.9379136897816136,10,0.10711684852857144,-0.04428404736660943,0.6177414030018678,-47.63436303522983,1439,18.752055298515845,99.29453262786596,2268,2017-05-16,2026-08-31,False,False,True,True,2
night,us_dxy_broad|robustz|w120,us_dxy_broad,robustz,120,ongap,1,-1,0.24719841089809585,-0.5708010055883422,-0.21101234976686334,-0.1623392892867611,-0.21273969604370793,0.5,-1.5779996743479372,10,0.0004222846221348608,0.044013301564170014,0.617607800792601,-16.872620793426556,1186,18.778705773827642,99.2929739284136,2263,2017-05-16,2026-08-31,False,False,True,True,2
night,us_dxy_broad|robustz|w252,us_dxy_broad,robustz,252,c2c,2,-1,0.24204395614724908,0.479959095204214,0.37346253199781565,0.3844699786288931,0.5685799041892595,0.7,-1.0055902888346386,10,-0.2189642273902386,-0.019458978216499143,0.7019409940754915,-43.45207427075772,603,13.375466940877534,99.25044091710758,2268,2017-05-16,2026-08-31,False,True,False,True,2
night,us_dxy_broad|robustz|w252,us_dxy_broad,robustz,252,o2o,2,-1,0.2973389750472101,0.5229596737095716,0.4201033567550908,0.43162877443445685,0.56217843848597,0.8,-1.203425156916904,10,-0.18095365296503485,-0.019458978216499143,0.7019409940754915,-41.95323476705775,600,13.375466940877534,99.25044091710758,2268,2017-05-16,2026-08-31,False,True,False,True,2
night,us_dxy_broad|robustz|w252,us_dxy_broad,robustz,252,day,1,1,0.05523702562348194,-0.752565202711935,-0.37174187260513986,-0.35475945988864044,-0.5070417684316417,0.2,-1.9967299541042758,10,0.2083278648497875,0.01924391671901652,0.7021560555729742,-48.40121690421682,1439,13.37382407375716,99.25044091710758,2268,2017-05-16,2026-08-31,False,False,False,True,1
night,us_dxy_broad|robustz|w252,us_dxy_broad,robustz,252,ongap,1,-1,0.38849391371130837,-0.02968747082847943,0.16113672716679397,0.19227051670086806,0.21942456298609456,0.8,-1.978913485019198,10,-0.1289881809662597,-0.0194068104243064,0.7022127508948625,-11.639629891955686,271,13.391668694505444,99.24878479893945,2263,2017-05-16,2026-08-31,False,True,True,True,3
night,us_dxy_broad|bdtanh|w60,us_dxy_broad,bdtanh,60,c2c,2,-1,0.1994619558040426,0.08561785011337188,0.13239032145939472,0.1546246407877365,0.1940565739692273,0.6,-1.470590909447588,10,-0.1204048533860108,-0.012597391685517299,0.6676004202525706,-51.158760407468584,798,24.885746482820263,99.60317460317461,2268,2017-05-16,2026-08-31,False,False,True,True,2
night,us_dxy_broad|bdtanh|w60,us_dxy_broad,bdtanh,60,o2o,2,-1,0.30016353213395386,0.06204445626365818,0.16363372535429338,0.18621330420253251,0.23637105598622302,0.6,-1.6007867715290354,10,-0.11210395639798501,-0.012597391685517299,0.6676004202525706,-49.405575959192674,798,24.885746482820263,99.60317460317461,2268,2017-05-16,2026-08-31,False,False,True,True,2
night,us_dxy_broad|bdtanh|w60,us_dxy_broad,bdtanh,60,day,1,1,0.16928267361583152,-0.6048571341321315,-0.23676311302142422,-0.20200388000695613,-0.28862566931614964,0.2,-2.230593342097129,10,0.1456462356600389,0.012481874407287616,0.6677159375308002,-35.30345515819546,1291,24.88236467305557,99.60317460317461,2268,2017-05-16,2026-08-31,False,False,True,True,2
night,us_dxy_broad|bdtanh|w60,us_dxy_broad,bdtanh,60,ongap,1,-1,0.04667769660081533,-0.6901309004598407,-0.37300711033840184,-0.31338915633265996,-0.46636446096381645,0.4,-1.6407231502195667,10,-0.07976886120483741,-0.012273266024392842,0.667971112517068,-27.05251096782968,1359,24.88797730258288,99.60229783473265,2263,2017-05-16,2026-08-31,False,False,True,True,2
night,us_dxy_broad|bdtanh|w120,us_dxy_broad,bdtanh,120,c2c,2,-1,0.21126660275737916,0.49309608314929954,0.3674326446681783,0.3836926901552337,0.6315650623113023,0.7,-0.7156639895838943,10,-0.13746114120634828,-0.005610071008890059,0.6827308174705067,-38.67078183285147,469,18.676325681389425,99.60317460317461,2268,2017-05-16,2026-08-31,True,True,True,True,4
night,us_dxy_broad|bdtanh|w120,us_dxy_broad,bdtanh,120,o2o,2,-1,0.34189893476866917,0.5305978342701437,0.44398213296604305,0.4607775526583962,0.6875794474604929,0.7,-0.6936185928373922,10,-0.11565000292842922,-0.005610071008890059,0.6827308174705067,-34.57375979833382,524,18.676325681389425,99.60317460317461,2268,2017-05-16,2026-08-31,True,True,True,True,4
night,us_dxy_broad|bdtanh|w120,us_dxy_broad,bdtanh,120,day,1,1,0.03673275643291245,-0.9139079850509169,-0.45536135048554593,-0.43031603941219165,-0.610640582060412,0.2,-2.1055738382406495,10,0.1468568157214119,0.005664624265347295,0.6826762642140494,-50.82202544895396,1291,18.677021947336144,99.60317460317461,2268,2017-05-16,2026-08-31,False,False,True,True,2
night,us_dxy_broad|bdtanh|w120,us_dxy_broad,bdtanh,120,ongap,1,-1,0.3322880558840996,-0.40730796508611106,-0.08734387433938182,-0.04176738591836491,-0.13820653365790642,0.6,-1.7328009471778565,10,-0.05383294430521029,-0.005882639588475103,0.6826739850987567,-15.669808747473699,947,18.705648103345762,99.60229783473265,2263,2017-05-16,2026-08-31,False,False,True,True,2
night,us_dxy_broad|bdtanh|w252,us_dxy_broad,bdtanh,252,c2c,2,-1,0.34228303581543057,0.6363662065048367,0.5023869438281724,0.5137694153569544,0.5732653971252343,0.8,-1.2114200407649731,10,-0.1813881950376233,0.028276045153611956,0.7217900184689784,-38.74615111609849,548,13.21392644969749,99.73544973544973,2268,2017-05-16,2026-08-31,False,True,False,True,2
night,us_dxy_broad|bdtanh|w252,us_dxy_broad,bdtanh,252,o2o,2,-1,0.43955289320371044,0.6726646077205751,0.5646927458283588,0.5764889789714874,0.5999872877774333,0.8,-1.4896890403826002,10,-0.13753653912070873,0.028276045153611956,0.7217900184689784,-39.202203983248005,540,13.21392644969749,99.73544973544973,2268,2017-05-16,2026-08-31,False,True,True,True,3
night,us_dxy_broad|bdtanh|w252,us_dxy_broad,bdtanh,252,day,1,1,0.0015798554496173054,-0.638387612898773,-0.3295524722664776,-0.31238846970469863,-0.4523501371491531,0.2,-1.7224709940228615,10,0.144530137530137,-0.02839588851036521,0.7219098618257316,-44.90226983090651,1439,13.209888105344707,99.73544973544973,2268,2017-05-16,2026-08-31,False,False,True,True,2
night,us_dxy_broad|bdtanh|w252,us_dxy_broad,bdtanh,252,ongap,1,-1,0.561295604284581,0.17238645081793577,0.3533035155010176,0.38628054930201905,0.44297433756788673,0.8,-1.6348303660409542,10,-0.12057084711496122,0.02810189670615944,0.7217272334095575,-10.2143467654462,421,13.235433459376164,99.7348652231551,2263,2017-05-16,2026-08-31,False,True,True,True,3
night,us_dxy_broad|rankc|w60,us_dxy_broad,rankc,60,c2c,2,-1,0.1243986717111205,0.10093121931361403,0.11020926962172232,0.1378532639452877,0.16161479708120127,0.7,-1.365837019028785,10,-0.10428995967020031,-0.006686756828655815,0.6517058904813711,-45.957148102916825,847,29.582371748154117,99.73544973544973,2268,2017-05-16,2026-08-31,False,True,True,True,3
night,us_dxy_broad|rankc|w60,us_dxy_broad,rankc,60,o2o,2,-1,0.26152382971362925,0.07982094490858135,0.15902088463622416,0.1869423791546283,0.21687636190505433,0.6,-1.4924621642608862,10,-0.11538267301971981,-0.006686756828655815,0.6517058904813711,-45.35107837087051,795,29.582371748154117,99.73544973544973,2268,2017-05-16,2026-08-31,False,False,True,True,2
night,us_dxy_broad|rankc|w60,us_dxy_broad,rankc,60,day,1,1,0.18810742764863897,-0.6807920696686132,-0.258666746793175,-0.21561523288141324,-0.2568150746886398,0.2,-2.7196260980694613,10,0.13760367657471712,0.006370151121715724,0.6520224961883111,-38.006449196507276,1291,29.570931887403546,99.73544973544973,2268,2017-05-16,2026-08-31,False,False,True,True,2
night,us_dxy_broad|rankc|w60,us_dxy_broad,rankc,60,ongap,1,-1,0.0010719222377722148,-0.7313230118513712,-0.4084145234952877,-0.33313485545172583,-0.4948287607568134,0.3,-1.7622757539184284,10,-0.06500134723575009,-0.006401975711848442,0.6524250807625327,-27.520619910478306,1353,29.5631808261897,99.7348652231551,2263,2017-05-16,2026-08-31,False,False,True,True,2
night,us_dxy_broad|rankc|w120,us_dxy_broad,rankc,120,c2c,2,-1,0.19189620544725786,0.47369099764205963,0.34761919055601026,0.3670958802716635,0.530572935027646,0.7,-0.9512961017375187,10,-0.1241461100802405,-0.006003118506377831,0.670449635870388,-41.70324972136981,539,22.107825801502386,99.69135802469135,2268,2017-05-16,2026-08-31,False,True,True,True,3
night,us_dxy_broad|rankc|w120,us_dxy_broad,rankc,120,o2o,2,-1,0.3171859726698806,0.47906978582641996,0.40446068110357325,0.42452982009930673,0.5930733612396998,0.7,-0.7834006155399391,10,-0.11169997599013255,-0.006003118506377831,0.670449635870388,-38.57946272053812,597,22.107825801502386,99.69135802469135,2268,2017-05-16,2026-08-31,False,True,True,True,3
night,us_dxy_broad|rankc|w120,us_dxy_broad,rankc,120,day,1,1,0.07658130113798665,-0.957873771251826,-0.45223843868822255,-0.42222714910027076,-0.49925649198154726,0.2,-2.6686398173827146,10,0.14479421544093254,0.00602056900112242,0.6704321853756434,-52.111118615916354,1291,22.109144976539646,99.69135802469135,2268,2017-05-16,2026-08-31,False,False,True,True,2
night,us_dxy_broad|rankc|w120,us_dxy_broad,rankc,120,ongap,1,-1,0.27311763966784575,-0.49785374101036545,-0.1644892191827667,-0.10976678905965552,-0.2808221581211769,0.4,-1.7945881957387466,10,-0.05249644458494256,-0.006240791457078904,0.6705524946979153,-16.412002840928764,981,22.121553978957778,99.69067609368095,2263,2017-05-16,2026-08-31,False,False,True,True,2
night,us_dxy_broad|rankc|w252,us_dxy_broad,rankc,252,c2c,2,-1,0.3044934872224596,0.7003134006186882,0.5206034242359747,0.5340580172058655,0.6616745684654489,0.8,-1.2055378195266007,10,-0.13123452764744328,0.03430930880472807,0.7097027170190353,-44.212000901015145,602,15.649638707349718,99.55908289241623,2268,2017-05-16,2026-08-31,True,True,True,True,4
night,us_dxy_broad|rankc|w252,us_dxy_broad,rankc,252,o2o,2,-1,0.40008972972003615,0.7390266957768576,0.5829860920078885,0.5970198376561093,0.6517762091931828,0.8,-1.4646211837524008,10,-0.09393172742532065,0.03430930880472807,0.7097027170190353,-43.63860598934139,592,15.649638707349718,99.55908289241623,2268,2017-05-16,2026-08-31,True,True,True,True,4
night,us_dxy_broad|rankc|w252,us_dxy_broad,rankc,252,day,1,-1,-0.008780219472436563,0.8369328002779,0.425369112930208,0.44588073619044377,0.45589489700942476,0.7,-1.358738513445431,10,-0.12585465680046276,0.03438959947521375,0.7097830076895211,-24.20530331008782,642,15.648913793840046,99.55908289241623,2268,2017-05-16,2026-08-31,False,True,True,True,3
night,us_dxy_broad|rankc|w252,us_dxy_broad,rankc,252,ongap,1,-1,0.50757051880692,-0.0715135779001942,0.19297088966293852,0.23088278431174325,0.3236968359633679,0.8,-1.5800186434821624,10,-0.04724146303862291,0.03407064563392711,0.7095562715714725,-10.023927215916927,427,15.673072445939356,99.5581087052585,2263,2017-05-16,2026-08-31,False,True,True,True,3
night,us_dxy_broad|signth|w60,us_dxy_broad,signth,60,c2c,2,-1,0.1403868620758187,-0.0037563953488665655,0.055401504601208275,0.07334945506727823,0.15239399260904796,0.6,-1.3658628129190147,10,-0.12656294854206673,-0.013941962861468525,0.679446014365493,-53.19977804625922,1359,20.356504804504336,99.73544973544973,2268,2017-05-16,2026-08-31,False,False,True,True,2
night,us_dxy_broad|signth|w60,us_dxy_broad,signth,60,o2o,2,-1,0.30315736797439885,-0.09007817929380262,0.07795416594538998,0.09654439110540378,0.19593590355168863,0.6,-1.4575000593442782,10,-0.10659305746729861,-0.013941962861468525,0.679446014365493,-47.72123668201475,793,20.356504804504336,99.73544973544973,2268,2017-05-16,2026-08-31,False,False,True,True,2
night,us_dxy_broad|signth|w60,us_dxy_broad,signth,60,day,1,1,0.2042805040807197,-0.4861185864512771,-0.16261477578038397,-0.13418245514122926,-0.2685212407584094,0.2,-1.9556697179933873,10,0.14532134303726843,0.013650974138890902,0.6797370030880706,-31.085643186379645,1291,20.355970336312463,99.73544973544973,2268,2017-05-16,2026-08-31,False,False,True,True,2
night,us_dxy_broad|signth|w60,us_dxy_broad,signth,60,ongap,1,-1,-0.029500941703120464,-0.6455037675901291,-0.38302943215063295,-0.3349767784523154,-0.49266914332479717,0.3,-1.8174677543069713,10,-0.07645795076146598,-0.013487581190129485,0.6798172791548815,-27.304185095192366,1359,20.283599386867895,99.7348652231551,2263,2017-05-16,2026-08-31,False,False,True,True,2
night,us_dxy_broad|signth|w120,us_dxy_broad,signth,120,c2c,2,-1,0.2395749035368766,0.3609518121146705,0.30571130473129254,0.3197239289973775,0.48727711538325386,0.6,-0.8917702007804316,10,-0.12602672874129572,-0.0044954074271435765,0.6867951696756681,-35.672465872746564,1107,15.685136095024092,100.0,2268,2017-05-16,2026-08-31,False,False,True,True,2
night,us_dxy_broad|signth|w120,us_dxy_broad,signth,120,o2o,2,-1,0.35178628736612094,0.41015198278335907,0.3815795905797494,0.3961539649462567,0.5279463815786757,0.7,-1.0038732122482477,10,-0.10210515603524899,-0.0044954074271435765,0.6867951696756681,-34.26752627090765,1110,15.685136095024092,100.0,2268,2017-05-16,2026-08-31,False,True,True,True,3
night,us_dxy_broad|signth|w120,us_dxy_broad,signth,120,day,1,1,-0.01933695674931914,-0.7816940810950672,-0.41641066357419304,-0.3946230031336205,-0.6209649678456206,0.3,-2.082217824578137,10,0.1368048625618002,0.004567872920876698,0.6867227041819348,-44.71549904192744,1291,15.685136095024092,100.0,2268,2017-05-16,2026-08-31,False,False,True,True,2
night,us_dxy_broad|signth|w120,us_dxy_broad,signth,120,ongap,1,-1,0.35881577394797987,-0.3129000658649906,-0.01881229060753766,0.020454187016470154,-0.04722212701449207,0.5,-1.3505458726290027,10,-0.04587620784753931,-0.0048224153641278494,0.6866670643956151,-12.81356018650309,947,15.718889537602415,100.0,2263,2017-05-16,2026-08-31,False,False,True,True,2
night,us_dxy_broad|signth|w252,us_dxy_broad,signth,252,c2c,2,-1,0.5243330919805108,0.7467984856478823,0.6422056230276794,0.655248678844057,0.6588805022612892,0.9,-1.5210724074654447,10,-0.18569251742353401,0.025956565643512695,0.7143293788592597,-33.7712608968001,496,14.749759088676015,100.0,2226,2017-05-16,2026-08-31,True,True,False,True,3
night,us_dxy_broad|signth|w252,us_dxy_broad,signth,252,o2o,2,-1,0.5298942253184404,0.8067361746309653,0.6764126639663747,0.6901243127643184,0.6603402127075446,0.9,-1.66502983895617,10,-0.13090712209569644,0.025956565643512695,0.7143293788592597,-35.67241141228904,495,14.749759088676015,100.0,2226,2017-05-16,2026-08-31,True,True,True,True,4
night,us_dxy_broad|signth|w252,us_dxy_broad,signth,252,day,1,1,0.09969591423314413,-0.6896942232129617,-0.30236515917876106,-0.2824420471097529,-0.34788056454722255,0.3,-2.1237143781805936,10,0.13126675968415555,-0.02584755261635809,0.714220365832105,-46.404301538882784,1397,14.749759088676015,100.0,2226,2017-05-16,2026-08-31,False,False,True,True,2
night,us_dxy_broad|signth|w252,us_dxy_broad,signth,252,ongap,1,-1,0.5934675874937914,0.5179284964058669,0.5498044141703805,0.5869389980841658,0.6179490503244454,0.9,-1.288940878802297,10,-0.17462038513684142,0.02560799975743918,0.7140710973245509,-10.406090645909705,478,14.749055803633048,100.0,2221,2017-05-16,2026-08-31,True,True,False,True,3
night,us_dxy_broad|dev|w60,us_dxy_broad,dev,60,c2c,2,-1,0.11907951288289416,-0.018641483213251347,0.04013614910367174,0.06217266161781138,0.0900573779933014,0.5,-1.2401518503820377,10,-0.13781245823968627,-0.020182350404170647,0.5880252231892169,-43.598435514864185,687,23.18636201644377,99.64726631393297,2268,2017-05-16,2026-08-31,False,False,True,True,2
night,us_dxy_broad|dev|w60,us_dxy_broad,dev,60,o2o,2,-1,0.1512288372028673,-0.03770237246638946,0.044688927231715594,0.0670272004229285,0.08603125416207819,0.5,-1.2926043527656181,10,-0.14589877203378251,-0.020182350404170647,0.5880252231892169,-40.905858148358774,798,23.18636201644377,99.64726631393297,2268,2017-05-16,2026-08-31,False,False,True,True,2
night,us_dxy_broad|dev|w60,us_dxy_broad,dev,60,day,1,1,0.3033546108741902,-0.6779551668610512,-0.20863715143129252,-0.1741652469190282,-0.24790247606199897,0.3,-2.448859260728819,10,0.16826271254093414,0.019981060420912793,0.5882265131724748,-35.19683400670741,1410,23.185285403033614,99.64726631393297,2268,2017-05-16,2026-08-31,False,False,False,True,1
night,us_dxy_broad|dev|w60,us_dxy_broad,dev,60,ongap,1,-1,0.038743048584625,-0.7448330540252347,-0.41150152306156695,-0.3502022736900998,-0.6361980324286319,0.2,-1.812648322805645,10,-0.06606250786301907,-0.019894311275545546,0.5886222102948339,-23.31059538835463,1359,23.204006035579308,99.6464869642068,2263,2017-05-16,2026-08-31,False,False,True,True,2
night,us_dxy_broad|dev|w120,us_dxy_broad,dev,120,c2c,2,-1,0.03546462295523357,0.12266470986814998,0.08382405614644614,0.09904556822782315,0.20781131449855977,0.6,-0.992568856425261,10,-0.2038089836286068,-0.045652792809560035,0.6293912135848423,-38.82606482987563,698,16.779878214893373,99.60317460317461,2268,2017-05-16,2026-08-31,False,False,False,True,1
night,us_dxy_broad|dev|w120,us_dxy_broad,dev,120,o2o,2,-1,0.0821749260776874,0.1359249332494074,0.11140618274507018,0.12727609770151369,0.19248824176651805,0.6,-1.201333476050664,10,-0.19803741482480935,-0.045652792809560035,0.6293912135848423,-35.14562055385423,758,16.779878214893373,99.60317460317461,2268,2017-05-16,2026-08-31,False,False,False,True,1
night,us_dxy_broad|dev|w120,us_dxy_broad,dev,120,day,1,1,0.1993011676383691,-0.7251664175992566,-0.2802508380971272,-0.2565893257667424,-0.4138083231925571,0.2,-2.051753424074445,10,0.21586089485089585,0.045727185904695926,0.6293168204897065,-40.187132382825865,1439,16.784019146646763,99.60317460317461,2268,2017-05-16,2026-08-31,False,False,False,True,1
night,us_dxy_broad|dev|w120,us_dxy_broad,dev,120,ongap,1,-1,0.24899457831517394,-0.45590160603270763,-0.15031794710224944,-0.10835924207744599,-0.16191732407351325,0.5,-2.191939146362277,10,-0.13528392462778935,-0.046003555496282315,0.6295376325734723,-17.42305239343992,606,16.795883986880842,99.60229783473265,2263,2017-05-16,2026-08-31,False,False,True,True,2
night,us_dxy_broad|dev|w252,us_dxy_broad,dev,252,c2c,2,-1,0.2934206773666908,0.2171286152933646,0.24930250776775667,0.25919023347597203,0.44760496328907007,0.7,-1.1442554844092483,10,-0.2523853610995368,0.0024774044063138483,0.7313644256782389,-36.35905523968805,534,11.835754756600185,99.69135802469135,2268,2017-05-16,2026-08-31,False,True,False,True,2
night,us_dxy_broad|dev|w252,us_dxy_broad,dev,252,o2o,2,-1,0.370551555588344,0.2515506373060799,0.30287077587954675,0.31313153145778927,0.4558376915375326,0.8,-1.2410006035987886,10,-0.22110578910014345,0.0024774044063138483,0.7313644256782389,-36.20650795403825,524,11.835754756600185,99.69135802469135,2268,2017-05-16,2026-08-31,False,True,False,True,2
night,us_dxy_broad|dev|w252,us_dxy_broad,dev,252,day,1,-1,0.04131379217849296,0.6450850220516804,0.35313348449929005,0.3681874588439721,0.518316762591077,0.8,-1.151116796183656,10,-0.21714765231152278,0.0021434356913532984,0.7312847141120196,-28.014126916893627,693,11.837798205885933,99.69135802469135,2268,2017-05-16,2026-08-31,False,True,False,True,2
night,us_dxy_broad|dev|w252,us_dxy_broad,dev,252,ongap,1,-1,0.510018273162348,-0.04650400728131854,0.212803724121741,0.24118271740757896,0.30978633139145956,0.9,-2.5539317454584114,10,-0.17185334789653617,0.0019634553506992845,0.7312050024261756,-15.326726711355063,325,11.851554929104141,99.69067609368095,2263,2017-05-16,2026-08-31,False,True,False,True,2
night,us_real_10y|selfz|w60,us_real_10y,selfz,60,c2c,2,-1,0.0232310561467344,-0.1250903032082862,-0.06227366830194251,-0.033327890466354405,0.006520726450562419,0.5,-1.9869111922404665,10,-0.07015614791051535,-0.020752309251948847,0.6103617969962866,-52.578753715988235,763,31.483079670160123,99.60317460317461,2268,2017-05-16,2026-08-31,False,False,True,True,2
night,us_real_10y|selfz|w60,us_real_10y,selfz,60,o2o,2,-1,0.20255535253499043,-0.08584761845991246,0.031993784672472436,0.06337798722960977,0.08641636747071965,0.6,-2.078259287077337,10,-0.07134599872804397,-0.020752309251948847,0.6103617969962866,-51.58197510688369,680,31.483079670160123,99.60317460317461,2268,2017-05-16,2026-08-31,False,False,True,True,2
night,us_real_10y|selfz|w60,us_real_10y,selfz,60,day,1,-1,0.16260941103017978,0.5529700400192058,0.3732377153809944,0.4203675996978051,0.2605288284732797,0.7,-2.1987707999419035,10,-0.1184509486534807,-0.020414097847244798,0.6101546558146074,-14.110136185024146,565,31.458111420630154,99.60317460317461,2268,2017-05-16,2026-08-31,False,True,True,True,3
night,us_real_10y|selfz|w60,us_real_10y,selfz,60,ongap,1,1,-0.04102308222473611,0.5118621760497183,0.2674622219531559,0.3491382245161705,0.16609284354282883,0.4,-0.8361145765835731,10,-0.021795116052925768,0.02148912926697231,0.6101573797440155,-8.502670800012236,769,31.43064918887585,99.60229783473265,2263,2017-05-16,2026-08-31,False,False,True,True,2
night,us_real_10y|selfz|w120,us_real_10y,selfz,120,c2c,2,-1,-0.012746610112693794,-0.06417082277781354,-0.042084640101835484,-0.01781087993621524,0.05162908744476445,0.6,-2.440602181561729,10,-0.1345118193947735,-0.020310679387052867,0.5974416511930405,-50.660728886792825,744,26.37930158916212,99.47089947089947,2268,2017-05-16,2026-08-31,False,False,True,True,2
night,us_real_10y|selfz|w120,us_real_10y,selfz,120,o2o,2,-1,0.08505974179283908,-0.04323985883836007,0.009263742556178324,0.03508286521244394,0.09641770548699116,0.6,-2.427304209943756,10,-0.12399851569770581,-0.020310679387052867,0.5974416511930405,-51.592802205528365,651,26.37930158916212,99.47089947089947,2268,2017-05-16,2026-08-31,False,False,True,True,2
night,us_real_10y|selfz|w120,us_real_10y,selfz,120,day,1,-1,0.19617833397702253,0.4972226802335104,0.35910470325884675,0.3983581088794806,0.2444391663376636,0.7,-2.212369875023842,10,-0.1705788290954061,-0.02028890807216551,0.597419879878153,-17.55400442423097,619,26.346198556062745,99.47089947089947,2268,2017-05-16,2026-08-31,False,True,False,True,2
night,us_real_10y|selfz|w120,us_real_10y,selfz,120,ongap,1,-1,-0.017832934522110343,-0.42741318327790084,-0.2497396867684578,-0.18445431171661197,-0.19190803031245368,0.6,-2.757928113589019,10,-0.07929398826534832,-0.02106097190670343,0.5976280965419681,-18.779885389318313,1568,26.309539155477893,99.46973044631021,2263,2017-05-16,2026-08-31,False,False,True,True,2
night,us_real_10y|selfz|w252,us_real_10y,selfz,252,c2c,2,1,0.010365724845730662,-0.12161172856191248,-0.06459352381910595,-0.04454295615184756,-0.039757907028014065,0.5,-2.0890944316422884,10,0.12282249108332402,-0.0027965168473155304,0.6233858212745487,-54.1402453817453,2092,22.846557738222383,99.51499118165785,2268,2017-05-16,2026-08-31,False,False,True,True,2
night,us_real_10y|selfz|w252,us_real_10y,selfz,252,o2o,2,-1,0.03288894529362306,0.1367514912968485,0.09207313519769265,0.11338421078789246,0.05936090686990342,0.5,-2.383857628854434,10,-0.10970291185203547,0.0027965168473155304,0.6233858212745487,-40.87357396348763,668,22.846557738222383,99.51499118165785,2268,2017-05-16,2026-08-31,False,False,True,True,2
night,us_real_10y|selfz|w252,us_real_10y,selfz,252,day,1,-1,-0.012419862789600755,0.6267658650752926,0.3317361084249721,0.3638633966314452,0.11859247094959025,0.6,-3.2874598159761534,10,-0.1750483745164959,0.0028294426061115244,0.6233528955157527,-20.476939780995313,550,22.84123371042659,99.51499118165785,2268,2017-05-16,2026-08-31,False,False,False,True,1
night,us_real_10y|selfz|w252,us_real_10y,selfz,252,ongap,1,-1,0.044488354587517924,-0.19879058903913166,-0.0899097171632802,-0.035271750028139474,-0.028224648671183218,0.8,-2.5648699089076024,10,-0.08758676555194263,0.002897775645368056,0.6238817592053618,-14.896393542163,821,22.801079396797306,99.51391957578436,2263,2017-05-16,2026-08-31,False,True,True,True,3
night,us_real_10y|robustz|w60,us_real_10y,robustz,60,c2c,2,1,0.15936653253215005,0.28798520430831837,0.23106483429982455,0.256955487276951,0.019679660783987193,0.5,-1.5292181421557332,10,0.044100531709386555,-0.011393735863794557,0.5500449743549044,-38.32781745481971,1121,27.773075576948603,99.51499118165785,2268,2017-05-16,2026-08-31,False,False,True,True,2
night,us_real_10y|robustz|w60,us_real_10y,robustz,60,o2o,2,1,0.01416719988463201,0.24557979949774586,0.14824988789416327,0.17631445144330773,-0.057573907314777954,0.5,-1.93824275555963,10,0.03898422839328611,-0.011393735863794557,0.5500449743549044,-40.38305872461826,1138,27.773075576948603,99.51499118165785,2268,2017-05-16,2026-08-31,False,False,True,True,2
night,us_real_10y|robustz|w60,us_real_10y,robustz,60,day,1,-1,-0.020616812896100005,0.3748438527578391,0.19393340090063557,0.23677263167922283,0.1316632470757185,0.6,-2.2316023450463978,10,-0.09635551985899266,0.0117578340496982,0.5499674235254586,-16.889873345993934,637,27.745152598112426,99.51499118165785,2268,2017-05-16,2026-08-31,False,False,True,True,2
night,us_real_10y|robustz|w60,us_real_10y,robustz,60,ongap,1,1,0.06535240800827938,0.5701932236198609,0.3485613221361794,0.41979295660454824,0.12048545477246707,0.5,-1.4011274435787329,10,-0.02609344349263895,-0.010641187292232268,0.5500129331713826,-9.291788425236899,922,27.73097527632307,99.51391957578436,2263,2017-05-16,2026-08-31,False,False,True,True,2
night,us_real_10y|robustz|w120,us_real_10y,robustz,120,c2c,2,1,0.4347862448061004,0.08411163558615177,0.22742709735550315,0.24764125921874344,0.05887161187827109,0.5,-1.6573673836319658,10,0.094338919945689,-0.013661034921273492,0.5866944578946817,-43.62669645781611,1156,21.92112212027398,99.20634920634922,2268,2017-05-16,2026-08-31,False,False,True,True,2
night,us_real_10y|robustz|w120,us_real_10y,robustz,120,o2o,2,1,0.18738267616342466,0.034632151692006626,0.10009807182709227,0.12084097670336538,-0.0642482628842265,0.4,-1.688135168355096,10,0.059727051016375356,-0.013661034921273492,0.5866944578946817,-46.88265309741427,1171,21.92112212027398,99.20634920634922,2268,2017-05-16,2026-08-31,False,False,True,True,2
night,us_real_10y|robustz|w120,us_real_10y,robustz,120,day,1,-1,0.0952213157241159,0.4194517953367737,0.26803145254503363,0.2997597755774566,0.16289285385667454,0.6,-2.248734329154855,10,-0.1178804458851068,0.013625762185339237,0.586729730630616,-16.9605203246187,691,21.900166405111968,99.25044091710758,2268,2017-05-16,2026-08-31,False,False,True,True,2
night,us_real_10y|robustz|w120,us_real_10y,robustz,120,ongap,1,1,0.20362736309282878,0.3685106147131369,0.29476283479105664,0.34907754538916647,0.12486214853475655,0.4,-1.2496487288489897,10,0.01698352165454821,-0.013201305982695904,0.5868220773495417,-8.842455761870632,1024,21.85405684414599,99.24878479893945,2263,2017-05-16,2026-08-31,False,False,True,True,2
night,us_real_10y|robustz|w252,us_real_10y,robustz,252,c2c,2,1,0.27015215296510586,0.13272656677322883,0.18452704721151422,0.20183229207705125,0.10133292116181629,0.6,-2.07907969390538,10,0.11381870459592114,-0.0028107456421267744,0.627105252969172,-42.113759798779974,1134,20.546771839625364,99.42680776014109,2268,2017-05-16,2026-08-31,False,False,True,True,2
night,us_real_10y|robustz|w252,us_real_10y,robustz,252,o2o,2,1,0.14319670961670025,0.1119952260839762,0.12229456841574933,0.14071055387140016,0.06630955655340448,0.6,-2.064852741052293,10,0.13001654628910114,-0.0028107456421267744,0.627105252969172,-45.15569311256552,1191,20.546771839625364,99.42680776014109,2268,2017-05-16,2026-08-31,False,False,True,True,2
night,us_real_10y|robustz|w252,us_real_10y,robustz,252,day,1,1,0.05617762076808633,-0.42622282435955244,-0.20960040063802957,-0.18201567373122715,-0.04375152383190074,0.4,-1.4975447437964426,10,0.1922092865074997,-0.0027760700964170747,0.6271399285148817,-34.876039644272154,2044,20.54124904767159,99.42680776014109,2268,2017-05-16,2026-08-31,False,False,False,True,1
night,us_real_10y|robustz|w252,us_real_10y,robustz,252,ongap,1,1,-0.01678060536638344,0.16799692585134535,0.08915175187563885,0.13649913503564007,-0.08956895057359472,0.3,-1.5477592926700041,10,0.06692120385820922,-0.0028913784863051437,0.6276478287879829,-13.738679029883146,1753,20.508645176377954,99.42554131683606,2263,2017-05-16,2026-08-31,False,False,True,True,2
night,us_real_10y|bdtanh|w60,us_real_10y,bdtanh,60,c2c,2,-1,0.04173898699371837,-0.25523916323599394,-0.1305693173604136,-0.1042977199465278,-0.04287717554939301,0.5,-2.195791728095586,10,-0.05716659859980467,-0.03198104864029584,0.667043401973111,-55.06614626069622,740,29.24148353400136,99.69135802469135,2268,2017-05-16,2026-08-31,False,False,True,True,2
night,us_real_10y|bdtanh|w60,us_real_10y,bdtanh,60,o2o,2,-1,0.1413431564804971,-0.21290836337029684,-0.06651153260936787,-0.03833307036577973,0.015512010804836135,0.5,-2.1637828172654494,10,-0.049050105551813085,-0.03198104864029584,0.667043401973111,-53.677179477878035,680,29.24148353400136,99.69135802469135,2268,2017-05-16,2026-08-31,False,False,True,True,2
night,us_real_10y|bdtanh|w60,us_real_10y,bdtanh,60,day,1,-1,0.09652059186305152,0.46450385616892476,0.2953705587308855,0.3379718263578558,0.1975176489247925,0.7,-2.2832550514332683,10,-0.10241617763176573,-0.03160159089457722,0.6667039864378466,-14.57831248578233,565,29.237798175548647,99.69135802469135,2268,2017-05-16,2026-08-31,False,True,True,True,3
night,us_real_10y|bdtanh|w60,us_real_10y,bdtanh,60,ongap,1,1,-0.03464981074369111,0.45733401303526033,0.2470882890803149,0.32061385680153515,0.14077773011593644,0.4,-0.829675598336083,10,-0.043942561319841505,0.03254945347762039,0.6666403318295873,-10.854021733519708,800,29.19720727159379,99.69067609368095,2263,2017-05-16,2026-08-31,False,False,True,True,2
night,us_real_10y|bdtanh|w120,us_real_10y,bdtanh,120,c2c,2,-1,0.08667935997480329,-0.23626701056915278,-0.10299046900917305,-0.07921232376763268,0.0017857195131570868,0.6,-2.6581464396542667,10,-0.12229806009108452,-0.035714528879573396,0.6467918761645581,-58.027072572281334,728,26.276682513195322,99.82363315696648,2268,2017-05-16,2026-08-31,False,False,True,True,2
night,us_real_10y|bdtanh|w120,us_real_10y,bdtanh,120,o2o,2,-1,0.19677450917838513,-0.2451436411557831,-0.06563559748828636,-0.04041354950750468,0.045313645313014086,0.6,-2.6083738625034614,10,-0.10760069454395188,-0.035714528879573396,0.6467918761645581,-61.180487644025774,574,26.276682513195322,99.82363315696648,2268,2017-05-16,2026-08-31,False,False,True,True,2
night,us_real_10y|bdtanh|w120,us_real_10y,bdtanh,120,day,1,-1,0.10903293677884018,0.2352884441234469,0.17755737551047931,0.21597448652310328,0.08167374066680365,0.7,-2.643663769407784,10,-0.1593159892549963,-0.035675834957309804,0.6467531822422945,-20.66220280416212,620,26.260321745532956,99.82363315696648,2268,2017-05-16,2026-08-31,False,True,False,True,2
night,us_real_10y|bdtanh|w120,us_real_10y,bdtanh,120,ongap,1,-1,0.061886709016358434,-0.36039244520196995,-0.1865305035902737,-0.12264835634638309,-0.11264548745242924,0.7,-2.9489615793995525,10,-0.04848626231006582,-0.03611163867266701,0.6468572931319461,-20.408009347908894,576,26.17861934183024,99.82324348210341,2263,2017-05-16,2026-08-31,False,True,True,True,3
night,us_real_10y|bdtanh|w252,us_real_10y,bdtanh,252,c2c,2,-1,-0.02110681412010463,-0.07799392746495004,-0.05415874456516609,-0.03545067827199223,-0.05630722319652556,0.5,-2.7554403780248884,10,-0.11726503529423074,-0.017076714835883033,0.6253761533452773,-46.86348122781079,799,22.01463240975088,99.55908289241623,2268,2017-05-16,2026-08-31,False,False,True,True,2
night,us_real_10y|bdtanh|w252,us_real_10y,bdtanh,252,o2o,2,-1,0.04798730899554654,-0.03729201374000889,-0.0037959121937226527,0.016140190328748295,-0.0034085240828116543,0.5,-2.506275337657501,10,-0.09621446727928504,-0.017076714835883033,0.6253761533452773,-43.86300394349183,526,22.01463240975088,99.55908289241623,2268,2017-05-16,2026-08-31,False,False,True,True,2
night,us_real_10y|bdtanh|w252,us_real_10y,bdtanh,252,day,1,-1,-0.022456117655603704,0.4698046826705818,0.2539195124179013,0.28442154095382993,0.06218443571892598,0.5,-3.309688905308746,10,-0.16893746548602828,-0.017083162921862422,0.6253826014312568,-21.72763597192831,630,22.01233563372287,99.55908289241623,2268,2017-05-16,2026-08-31,False,False,False,True,1
night,us_real_10y|bdtanh|w252,us_real_10y,bdtanh,252,ongap,1,-1,0.03228553702334591,-0.12625580530800412,-0.059887084940922014,-0.009055002177567783,-0.00853005584832016,0.7,-2.422326823475145,10,-0.05818093721390619,-0.01649774956742942,0.6260323662588441,-14.717170797152814,434,21.93871572063714,99.5581087052585,2263,2017-05-16,2026-08-31,False,True,True,True,3
night,us_real_10y|rankc|w60,us_real_10y,rankc,60,c2c,2,-1,0.06059954645112219,-0.23225265291470318,-0.10919824133189807,-0.0772112220282996,-0.021403030752043858,0.5,-2.246598213417478,10,-0.05617548620074468,-0.027945012386943757,0.6549882102481137,-58.869066686816026,690,35.48297845734587,99.55908289241623,2268,2017-05-16,2026-08-31,False,False,True,True,2
night,us_real_10y|rankc|w60,us_real_10y,rankc,60,o2o,2,-1,0.2600193085142214,-0.12305005939850938,0.03440082211045806,0.06861329008911632,0.09736362440981064,0.6,-2.1848759382419396,10,-0.046967858908573766,-0.027945012386943757,0.6549882102481137,-56.131695777107495,518,35.48297845734587,99.55908289241623,2268,2017-05-16,2026-08-31,False,False,True,True,2
night,us_real_10y|rankc|w60,us_real_10y,rankc,60,day,1,-1,0.18493548506497953,0.6074889703508166,0.41300569289762146,0.4647937035582205,0.2707025378162106,0.8,-2.371806342901705,10,-0.10633941281780174,-0.02744660984299628,0.6547873297056703,-13.401220210187004,560,35.47613862608819,99.55908289241623,2268,2017-05-16,2026-08-31,False,True,True,True,3
night,us_real_10y|rankc|w60,us_real_10y,rankc,60,ongap,1,1,-0.071996093607011,0.4985534361612751,0.2537106317690214,0.34449135668896397,0.13813377852719755,0.4,-0.9189956318812377,10,-0.048445803559751664,0.02856963562981726,0.654548722109298,-8.778557434000628,955,35.43961431374106,99.5581087052585,2263,2017-05-16,2026-08-31,False,False,True,True,2
night,us_real_10y|rankc|w120,us_real_10y,rankc,120,c2c,2,-1,0.04707669841083873,-0.2129388752422952,-0.10517220652028313,-0.07802857128712692,-0.019863327777114616,0.5,-2.678647235670762,10,-0.12501169396096456,-0.03962731411416167,0.6463103385587118,-62.21297577426527,662,29.912766726539427,99.60317460317461,2268,2017-05-16,2026-08-31,False,False,True,True,2
night,us_real_10y|rankc|w120,us_real_10y,rankc,120,o2o,2,-1,0.26246993253315404,-0.15910541273194487,0.011557750761392361,0.04029085747601536,0.08367488452683584,0.5,-2.5963285782796652,10,-0.11026985354477703,-0.03962731411416167,0.6463103385587118,-62.19983056935331,574,29.912766726539427,99.60317460317461,2268,2017-05-16,2026-08-31,False,False,True,True,2
night,us_real_10y|rankc|w120,us_real_10y,rankc,120,day,1,-1,0.20014438090111866,0.46450227819512724,0.3433942593787668,0.3870503546827238,0.20522391761130668,0.7,-2.518518146284323,10,-0.16626013639588288,-0.039452378758419955,0.64613540320297,-16.85584068208049,558,29.90601594852876,99.60317460317461,2268,2017-05-16,2026-08-31,False,True,False,True,2
night,us_real_10y|rankc|w120,us_real_10y,rankc,120,ongap,1,-1,0.06267639639339927,-0.44277763059887787,-0.2366845983494113,-0.16266458493754987,-0.193544190818019,0.6,-2.832281755235816,10,-0.044201621756308575,-0.040243752152262356,0.6461253828685726,-20.361898891322905,574,29.843320112584212,99.60229783473265,2263,2017-05-16,2026-08-31,False,False,True,True,2
night,us_real_10y|rankc|w252,us_real_10y,rankc,252,c2c,2,-1,0.050034510114167326,-0.023688970960334052,0.006484812246481265,0.02970808557553483,0.02182455571645591,0.5,-2.34110651089413,10,-0.11261335822467083,-0.02296351839608228,0.6394855835251709,-50.368975392880955,584,26.907447383424373,99.55908289241623,2268,2017-05-16,2026-08-31,False,False,True,True,2
night,us_real_10y|rankc|w252,us_real_10y,rankc,252,o2o,2,-1,0.1955327912993614,0.06873898030769159,0.11836212237043424,0.14297952586072601,0.11756054107742249,0.5,-2.2529694350947014,10,-0.0929268497738433,-0.02296351839608228,0.6394855835251709,-48.03548584601315,518,26.907447383424373,99.55908289241623,2268,2017-05-16,2026-08-31,False,False,True,True,2
night,us_real_10y|rankc|w252,us_real_10y,rankc,252,day,1,-1,0.12880568890961985,0.6048751899181871,0.38825773098602606,0.4256893801134821,0.1923725532201798,0.6,-3.105401213876496,10,-0.16742620393291735,-0.02292695658870873,0.6394490217177974,-17.51240794529492,560,26.905699476479434,99.55908289241623,2268,2017-05-16,2026-08-31,False,False,False,True,1
night,us_real_10y|rankc|w252,us_real_10y,rankc,252,ongap,1,-1,0.0386895970029696,-0.23213275527036673,-0.11733594197499575,-0.053860458236771415,-0.07787301324048813,0.6,-2.61603521425273,10,-0.04753818895424929,-0.022867720162149337,0.639959690631151,-16.32289355740322,478,26.814830830876556,99.5581087052585,2263,2017-05-16,2026-08-31,False,False,True,True,2
night,us_real_10y|signth|w60,us_real_10y,signth,60,c2c,2,-1,0.030709964683855395,-0.19440320669457017,-0.1004074818406318,-0.07480072906873235,-0.07359379383693895,0.5,-1.9461439399098688,10,-0.044297995989455226,-0.02955613153507896,0.6741809631576354,-48.82030406494198,680,28.486463355237877,99.33862433862434,2268,2017-05-16,2026-08-31,False,False,True,True,2
night,us_real_10y|signth|w60,us_real_10y,signth,60,o2o,2,-1,0.2704206490127716,-0.15373502416789037,0.02147569080024625,0.048700180736554216,0.10887438481778035,0.6,-2.1217251935258874,10,-0.03732883099375255,-0.02955613153507896,0.6741809631576354,-50.19727682146118,518,28.486463355237877,99.33862433862434,2268,2017-05-16,2026-08-31,False,False,True,True,2
night,us_real_10y|signth|w60,us_real_10y,signth,60,day,1,-1,0.2739996726571218,0.40834289494657594,0.3454245412650259,0.38662054248376504,0.37755453916694953,0.8,-1.3793377390481503,10,-0.0828505062511857,-0.029018958942870605,0.6739576453876687,-13.288453227173324,494,28.48677421510775,99.33862433862434,2268,2017-05-16,2026-08-31,False,True,True,True,3
night,us_real_10y|signth|w60,us_real_10y,signth,60,ongap,1,-1,-0.09601343430206055,-0.43422618621700537,-0.2892579775600334,-0.2185206071334033,-0.27489712513732467,0.5,-2.4409896616719857,10,0.057915650397928856,-0.030073835611960902,0.6737174909038506,-22.62354419925613,849,28.401000301837925,99.33716305788775,2263,2017-05-16,2026-08-31,False,False,True,True,2
night,us_real_10y|signth|w120,us_real_10y,signth,120,c2c,2,-1,0.15742964322963646,-0.4488072085157806,-0.19519039939219568,-0.17050334892261115,-0.043079450442056653,0.5,-2.969987888374052,10,-0.11830667564158419,-0.032208774812817594,0.6571794672954233,-65.52701385462932,707,26.75529760492986,99.73544973544973,2268,2017-05-16,2026-08-31,False,False,True,True,2
night,us_real_10y|signth|w120,us_real_10y,signth,120,o2o,2,-1,0.16316645750264108,-0.2583423500330517,-0.085779364380899,-0.059467610769470124,0.015182976507621512,0.6,-2.60510995816019,10,-0.10818130936355472,-0.032208774812817594,0.6571794672954233,-56.696358864023644,574,26.75529760492986,99.73544973544973,2268,2017-05-16,2026-08-31,False,False,True,True,2
night,us_real_10y|signth|w120,us_real_10y,signth,120,day,1,-1,0.003595122913315805,0.20751456277813873,0.11359229751497278,0.1531121815101007,0.03455410636573407,0.6,-2.4911176332869136,10,-0.16142207727562508,-0.03214221906737462,0.6571129115499803,-19.344080537989385,931,26.755367939165346,99.73544973544973,2268,2017-05-16,2026-08-31,False,False,False,True,1
night,us_real_10y|signth|w120,us_real_10y,signth,120,ongap,1,-1,-0.09735288975230724,-0.27977403137487244,-0.20169636853640596,-0.13586123341517015,-0.11053828864585581,0.6,-2.4924564191530973,10,-0.020577070279906677,-0.031970866182386114,0.6570529625102965,-17.90207451679069,1033,26.696305156544618,99.7348652231551,2263,2017-05-16,2026-08-31,False,False,True,True,2
night,us_real_10y|signth|w252,us_real_10y,signth,252,c2c,2,1,0.02601335726350198,0.08835538176748993,0.0630888098767625,0.0780246882441503,0.02174243283001407,0.5,-2.32593005875666,10,0.13108562634821114,0.052685319103367254,0.5742608655418925,-32.160815470182726,1873,16.543321792476732,100.0,2257,2017-05-16,2026-08-31,False,False,True,True,2
night,us_real_10y|signth|w252,us_real_10y,signth,252,o2o,2,-1,0.14796550052286733,-0.02107548815967399,0.039772048565318664,0.055785223149093566,0.04288887571550191,0.5,-2.0097594844928075,10,-0.13293154228686435,-0.052685319103367254,0.5742608655418925,-32.83103032787037,574,16.543321792476732,100.0,2257,2017-05-16,2026-08-31,False,False,True,True,2
night,us_real_10y|signth|w252,us_real_10y,signth,252,day,1,-1,0.10149860322691978,0.6806565733868254,0.42804923612954,0.4521491736547468,0.2655720939712245,0.7,-2.960439414502754,10,-0.18724441495829192,-0.05270020961310842,0.5742757560516338,-13.784088737068176,552,16.543294736869065,100.0,2257,2017-05-16,2026-08-31,False,True,False,True,2
night,us_real_10y|signth|w252,us_real_10y,signth,252,ongap,1,-1,0.057890588282770244,-0.20838768044055195,-0.1032306655582464,-0.06297628214421848,-0.03755577626357593,0.7,-2.613452749636331,10,-0.03484562058087586,-0.05198118467359293,0.5747002811799107,-15.20162275769964,669,16.35909892076598,100.0,2252,2017-05-16,2026-08-31,False,True,True,True,3
night,us_real_10y|dev|w60,us_real_10y,dev,60,c2c,2,-1,0.01746289283699742,-0.12419980481272443,-0.06368109467042846,-0.038024014640605376,0.012205052402787388,0.5,-1.977249618443326,10,-0.09803346484464746,-0.008916919303439465,0.590485213726765,-51.44574055004504,750,28.083048383341435,99.16225749559084,2268,2017-05-16,2026-08-31,False,False,True,True,2
night,us_real_10y|dev|w60,us_real_10y,dev,60,o2o,2,-1,0.157180482803054,-0.10919501084659114,0.003600585870958443,0.03090978679995415,0.069509797940055,0.5,-2.001323308170458,10,-0.07202717281606152,-0.008916919303439465,0.590485213726765,-50.6206735539938,488,28.083048383341435,99.16225749559084,2268,2017-05-16,2026-08-31,False,False,True,True,2
night,us_real_10y|dev|w60,us_real_10y,dev,60,day,1,-1,0.16914745260608144,0.5659601656144756,0.3816214949006916,0.4230306530331297,0.24944243831224225,0.7,-2.0530200101153557,10,-0.13010879406803416,-0.00870184075784222,0.5904007082814019,-16.70954573052491,529,28.054748225226458,99.16225749559084,2268,2017-05-16,2026-08-31,False,True,True,True,3
night,us_real_10y|dev|w60,us_real_10y,dev,60,ongap,1,-1,-0.07373928876942572,-0.5868049788997161,-0.3582602293416195,-0.28637995362390906,-0.3058912766048313,0.4,-2.638103822930556,10,-0.005604620914646583,-0.009703580512602523,0.5905537524722047,-22.59982324491808,1455,28.033752574138347,99.16040653999116,2263,2017-05-16,2026-08-31,False,False,True,True,2
night,us_real_10y|dev|w120,us_real_10y,dev,120,c2c,2,-1,0.08994319048456982,-0.009332155437603526,0.033439838528086276,0.05337204184989451,0.12430074010855745,0.6,-2.174277506647406,10,-0.16939595414375722,-0.008305030878963237,0.6226911602816612,-45.421841183627905,854,22.260450757615274,99.47089947089947,2268,2017-05-16,2026-08-31,False,False,False,True,1
night,us_real_10y|dev|w120,us_real_10y,dev,120,o2o,2,-1,0.1999422885857489,0.0008603324354917731,0.08472130546272064,0.10586545109900337,0.1670048679205266,0.7,-2.148218281099756,10,-0.15042469838570863,-0.008305030878963237,0.6226911602816612,-45.65159936066758,685,22.260450757615274,99.47089947089947,2268,2017-05-16,2026-08-31,False,True,False,True,2
night,us_real_10y|dev|w120,us_real_10y,dev,120,day,1,-1,0.04901661970483339,0.5353116749428671,0.3066040508119749,0.338505801038331,0.20868942938140517,0.6,-1.9755826537785899,10,-0.19428622998072406,-0.008488643006498656,0.6228747724091965,-22.030333328318672,549,22.236932841816998,99.47089947089947,2268,2017-05-16,2026-08-31,False,False,False,True,1
night,us_real_10y|dev|w120,us_real_10y,dev,120,ongap,1,-1,0.13281874064571073,-0.28693484568965705,-0.10010233050574904,-0.046312651605398665,0.00941165778972323,0.7,-2.6715642453023496,10,-0.1151870360120106,-0.009093254817549336,0.6231393693253781,-17.984637762435053,935,22.20833591080776,99.46973044631021,2263,2017-05-16,2026-08-31,False,True,True,True,3
night,us_real_10y|dev|w252,us_real_10y,dev,252,c2c,2,-1,0.18911140567669588,0.13011931797116014,0.15399074913608368,0.1704430179207274,0.12162240111144429,0.5,-1.7022849297660656,10,-0.13862364224062798,0.01967599687248524,0.6479281541149938,-40.2971234100158,518,19.05530970762393,99.51499118165785,2268,2017-05-16,2026-08-31,False,False,True,True,2
night,us_real_10y|dev|w252,us_real_10y,dev,252,o2o,2,-1,0.2557014651806584,0.15676682291615143,0.19684211834174725,0.21425319441637058,0.15468803244570387,0.6,-1.8120897776045517,10,-0.12053560982237398,0.01967599687248524,0.6479281541149938,-38.77860275516305,526,19.05530970762393,99.51499118165785,2268,2017-05-16,2026-08-31,False,False,True,True,2
night,us_real_10y|dev|w252,us_real_10y,dev,252,day,1,-1,0.13825972639628417,0.5935908792415394,0.38076995669503283,0.40682599115405593,0.1736093942627018,0.8,-2.839171928489453,10,-0.18644762066443646,0.019646360208438886,0.6479577907790403,-18.337596241758995,493,19.049571761610917,99.51499118165785,2268,2017-05-16,2026-08-31,False,True,False,True,2
night,us_real_10y|dev|w252,us_real_10y,dev,252,ongap,1,-1,0.24046580866213257,-0.07039329040545367,0.0739427123606949,0.1201098669825828,0.2153568935798087,0.8,-2.587225293603403,10,-0.10947873721982138,0.019971509928583153,0.6487918052998932,-14.393812294564661,435,19.003489157440388,99.51391957578436,2263,2017-05-16,2026-08-31,False,True,True,True,3
night,us_breakeven_10y|selfz|w60,us_breakeven_10y,selfz,60,c2c,2,1,0.14324145887888898,-0.03194586015108199,0.04549420692011532,0.07331707970475475,-0.15512674811661784,0.4,-2.1691603149562804,10,-0.14553618877698318,-0.0021391144100043717,0.6100402575553661,-45.6616332773829,1306,30.063598810677096,99.25044091710758,2268,2017-05-16,2026-08-31,False,False,True,True,2
night,us_breakeven_10y|selfz|w60,us_breakeven_10y,selfz,60,o2o,2,1,0.25632675247598496,-0.029777578085131665,0.10180050556705499,0.13117605366230786,-0.11112431962362161,0.4,-2.2544168945719414,10,-0.12646794890812837,-0.0021391144100043717,0.6100402575553661,-40.832218861859445,1303,30.063598810677096,99.25044091710758,2268,2017-05-16,2026-08-31,False,False,True,True,2
night,us_breakeven_10y|selfz|w60,us_breakeven_10y,selfz,60,day,1,-1,0.3661862470873858,-0.596426441962206,-0.1343462340469517,-0.09156636983475695,0.010904892286501546,0.5,-1.3106608639674087,10,0.13439920178441503,0.0014628163773337743,0.6100440118171081,-30.806170157648243,1024,30.061783054091332,99.25044091710758,2268,2017-05-16,2026-08-31,False,False,True,True,2
night,us_breakeven_10y|selfz|w60,us_breakeven_10y,selfz,60,ongap,1,1,0.27966171302441317,-0.38030838483762125,-0.0763347437616347,0.0029337908156945322,-0.05979386386561845,0.2,-1.3516901770471432,10,-0.15161184463657673,-0.000385267762483674,0.6099002772032659,-14.352126969422043,1293,30.070055282652724,99.24878479893945,2263,2017-05-16,2026-08-31,False,False,False,True,1
night,us_breakeven_10y|selfz|w120,us_breakeven_10y,selfz,120,c2c,2,1,0.2985459333363654,-0.08833407121731818,0.07768953723146542,0.09794189892208205,-0.16481780515535677,0.5,-1.8800388749550914,10,-0.1414962899502088,-0.007278280409921935,0.6321723561837577,-44.43777814743694,928,23.351903727397694,99.38271604938271,2268,2017-05-16,2026-08-31,False,False,True,True,2
night,us_breakeven_10y|selfz|w120,us_breakeven_10y,selfz,120,o2o,2,1,0.36398492710511804,-0.012679738993579843,0.15781304331154986,0.17938921014703257,-0.10195567707880426,0.6,-1.7964493233156629,10,-0.10728525683081032,-0.007278280409921935,0.6321723561837577,-41.90079609330488,937,23.351903727397694,99.38271604938271,2268,2017-05-16,2026-08-31,False,False,True,True,2
night,us_breakeven_10y|selfz|w120,us_breakeven_10y,selfz,120,day,1,-1,0.1722446476476886,-0.5113637607914018,-0.18611779507664825,-0.15464508032675658,-0.0027486379965429935,0.4,-1.278723238551992,10,0.14195980321378124,0.006849646466480874,0.6317856822128228,-32.97529097280798,1439,23.35814224931049,99.38271604938271,2268,2017-05-16,2026-08-31,False,False,True,True,2
night,us_breakeven_10y|selfz|w120,us_breakeven_10y,selfz,120,ongap,1,1,0.4203766965714102,-0.38913168918145347,-0.006485145061418803,0.05513986356382583,-0.035113789387595205,0.6,-1.0174773795068255,10,-0.09785127374532612,-0.006114923759283953,0.6319424313995194,-13.314928284045743,1293,23.357533065889502,99.3813521873619,2263,2017-05-16,2026-08-31,False,False,True,True,2
night,us_breakeven_10y|selfz|w252,us_breakeven_10y,selfz,252,c2c,2,1,0.3177610515038982,-0.16117696329387132,0.047623455919630714,0.06384189674802994,-0.21818352977995356,0.5,-1.8467845448687357,10,-0.14103476560437792,-0.029689275102493452,0.6596173937124834,-45.55980489357439,1220,19.910894646744477,99.69135802469135,2268,2017-05-16,2026-08-31,False,False,True,True,2
night,us_breakeven_10y|selfz|w252,us_breakeven_10y,selfz,252,o2o,2,1,0.3903084558064282,-0.09299125126938038,0.1294704814599222,0.14667656706860283,-0.14667657701081185,0.5,-1.801823643187068,10,-0.11035552217876889,-0.029689275102493452,0.6596173937124834,-39.46435319259806,934,19.910894646744477,99.69135802469135,2268,2017-05-16,2026-08-31,False,False,True,True,2
night,us_breakeven_10y|selfz|w252,us_breakeven_10y,selfz,252,day,1,-1,0.05990061401836617,-0.4919663950807539,-0.22611418648773368,-0.20088265298400906,-0.12626794010923603,0.4,-1.1590576629741112,10,0.13856798401757522,0.02949297919436313,0.6596369215823562,-36.65671382508873,1439,19.91431819801621,99.69135802469135,2268,2017-05-16,2026-08-31,False,False,True,True,2
night,us_breakeven_10y|selfz|w252,us_breakeven_10y,selfz,252,ongap,1,1,0.371198810532319,-0.5798560093781067,-0.10821882345985966,-0.058981914623057345,-0.3102019047088218,0.5,-1.7654177879653856,10,-0.049457943788603305,-0.02902487447401096,0.6595860089258496,-16.788011011370184,1293,19.9324142134238,99.69067609368095,2263,2017-05-16,2026-08-31,False,False,True,True,2
night,us_breakeven_10y|robustz|w60,us_breakeven_10y,robustz,60,c2c,2,1,0.31160067638905226,-0.0946528472447116,0.08194548760510158,0.10739521238140515,-0.08591241207972111,0.4,-2.2913521061513737,10,-0.173449269443032,-0.014967707043702108,0.546374964592191,-37.30798062058998,918,26.023081235370327,99.25044091710758,2268,2017-05-16,2026-08-31,False,False,False,True,1
night,us_breakeven_10y|robustz|w60,us_breakeven_10y,robustz,60,o2o,2,1,0.43168143582093144,-0.09789644169109112,0.14154923762638347,0.16833669648284838,-0.051588491070494895,0.5,-2.421423413014563,10,-0.15468939011527044,-0.014967707043702108,0.546374964592191,-36.738792981401325,937,26.023081235370327,99.25044091710758,2268,2017-05-16,2026-08-31,False,False,False,True,1
night,us_breakeven_10y|robustz|w60,us_breakeven_10y,robustz,60,day,1,-1,0.12026385047818479,-0.48264795643047387,-0.19875511907270169,-0.159422609932987,-0.07736184206056397,0.4,-1.2002475355733186,10,0.1756207560422515,0.014332814060231265,0.5463192838153378,-25.540201224684655,1458,26.019086228321793,99.25044091710758,2268,2017-05-16,2026-08-31,False,False,False,True,1
night,us_breakeven_10y|robustz|w60,us_breakeven_10y,robustz,60,ongap,1,1,0.2073238977173755,-0.44563579736181114,-0.13766928302674625,-0.06271565970447746,-0.1478495282583234,0.4,-1.1454149907969478,10,-0.16473638531818058,-0.013468647835993773,0.5461959600572057,-11.295187810637637,1288,26.021431136402615,99.24878479893945,2263,2017-05-16,2026-08-31,False,False,False,True,1
night,us_breakeven_10y|robustz|w120,us_breakeven_10y,robustz,120,c2c,2,1,0.24304004341661248,-0.15498795725337747,0.022217492212406147,0.03927377582491094,-0.16231599958875878,0.5,-1.9592584851528747,10,-0.13867844011216185,-0.012614966401349428,0.5935337611635547,-46.267240684722886,928,19.715120160958563,99.16225749559084,2268,2017-05-16,2026-08-31,False,False,True,True,2
night,us_breakeven_10y|robustz|w120,us_breakeven_10y,robustz,120,o2o,2,1,0.2898131715935408,-0.06925565965844124,0.09912925682672703,0.11727665282145898,-0.10216499978630189,0.5,-1.9547371587248614,10,-0.11143134678555558,-0.012614966401349428,0.5935337611635547,-42.625224738286505,934,19.715120160958563,99.16225749559084,2268,2017-05-16,2026-08-31,False,False,True,True,2
night,us_breakeven_10y|robustz|w120,us_breakeven_10y,robustz,120,day,1,-1,0.12333873122974418,-0.4823644315801999,-0.18762468783680397,-0.1609447557862608,-0.1251001149860265,0.3,-1.2844476024341913,10,0.14842129181944627,0.012308164638639573,0.5932989573073774,-29.848799809979287,1439,19.721216810173207,99.16225749559084,2268,2017-05-16,2026-08-31,False,False,True,True,2
night,us_breakeven_10y|robustz|w120,us_breakeven_10y,robustz,120,ongap,1,1,0.4059055624259366,-0.5435484350204933,-0.065800322509677,-0.01454474555020976,-0.0841702002200889,0.5,-1.659986346934056,10,-0.04637967239634737,-0.011384949388257055,0.5933587203580798,-14.813431930265805,941,19.73723212502798,99.16040653999116,2263,2017-05-16,2026-08-31,False,False,True,True,2
night,us_breakeven_10y|robustz|w252,us_breakeven_10y,robustz,252,c2c,2,1,0.14771509462915489,-0.1846995317336781,-0.033686891962952714,-0.019273956306200428,-0.2739467672259184,0.5,-1.782909618002791,10,-0.17948783166043045,-0.07228238321774531,0.686216577163611,-49.787218713324144,1220,18.32389805665038,99.38271604938271,2268,2017-05-16,2026-08-31,False,False,False,True,1
night,us_breakeven_10y|robustz|w252,us_breakeven_10y,robustz,252,o2o,2,1,0.1879574473350887,-0.09472738796657829,0.039923472620981476,0.05522085309389516,-0.2026954509117696,0.6,-1.694966247039346,10,-0.1415726973513416,-0.07228238321774531,0.686216577163611,-40.54399791167043,934,18.32389805665038,99.38271604938271,2268,2017-05-16,2026-08-31,False,False,True,True,2
night,us_breakeven_10y|robustz|w252,us_breakeven_10y,robustz,252,day,1,-1,0.11461497313906233,-0.5833216883521505,-0.2335356335772233,-0.21121419530904975,-0.14762138457399912,0.4,-1.6327818590205474,10,0.17857928587815908,0.0719944733060611,0.6862142420765797,-39.90444652797029,1439,18.32726667381906,99.38271604938271,2268,2017-05-16,2026-08-31,False,False,False,True,1
night,us_breakeven_10y|robustz|w252,us_breakeven_10y,robustz,252,ongap,1,1,0.37656657142156463,-0.6260992593502861,-0.11088545768994833,-0.06807167865531627,-0.28631946504963884,0.4,-1.7691431197746785,10,-0.08920020245882886,-0.07148800550395323,0.6862515695116964,-18.08097760242445,1293,18.352189574985484,99.3813521873619,2263,2017-05-16,2026-08-31,False,False,True,True,2
night,us_breakeven_10y|bdtanh|w60,us_breakeven_10y,bdtanh,60,c2c,2,1,0.05148536477448872,0.05274256934646299,0.051555576173914944,0.07773142482310941,-0.16053088547716482,0.4,-2.2034783095605914,10,-0.14411238456988995,0.00438676149321153,0.6745067951453775,-42.09572892386444,1299,29.028018722885488,99.60317460317461,2268,2017-05-16,2026-08-31,False,False,True,True,2
night,us_breakeven_10y|bdtanh|w60,us_breakeven_10y,bdtanh,60,o2o,2,1,0.21428600256026747,-0.007532771751215285,0.08856538992607964,0.11594833563680494,-0.10787040088123019,0.3,-2.3298632369833365,10,-0.1313060177356449,0.00438676149321153,0.6745067951453775,-41.807700797815194,1299,29.028018722885488,99.60317460317461,2268,2017-05-16,2026-08-31,False,False,True,True,2
night,us_breakeven_10y|bdtanh|w60,us_breakeven_10y,bdtanh,60,day,1,-1,0.4035331165312006,-0.5587860807389459,-0.11477324959561222,-0.07425293703797954,0.02102257439203316,0.5,-1.2980811925198719,10,0.12837193935312718,-0.005144719013667199,0.6744932000593834,-30.01106242072913,1024,29.028461813728644,99.60317460317461,2268,2017-05-16,2026-08-31,False,False,True,True,2
night,us_breakeven_10y|bdtanh|w60,us_breakeven_10y,bdtanh,60,ongap,1,1,0.34452766831569576,-0.4094356624087471,-0.08842833460975597,-0.01598285208511891,-0.04775341960031126,0.3,-1.5759728437911749,10,-0.15920471151428744,0.0062724045735777344,0.6743001748617258,-16.173807221918235,1293,29.061534355259834,99.60229783473265,2263,2017-05-16,2026-08-31,False,False,False,True,1
night,us_breakeven_10y|bdtanh|w120,us_breakeven_10y,bdtanh,120,c2c,2,1,0.09455165406698957,-0.08224786993344539,-0.00855856081951253,0.011471274971015587,-0.22306908223931657,0.5,-1.8685484690856038,10,-0.12598473488069833,-0.018819668674686162,0.6801850780460835,-45.6091667054927,898,23.32901663310245,99.69135802469135,2268,2017-05-16,2026-08-31,False,False,True,True,2
night,us_breakeven_10y|bdtanh|w120,us_breakeven_10y,bdtanh,120,o2o,2,1,0.2136126862109766,-0.03580077955584865,0.07235447719116031,0.09338653466345631,-0.15184236758979786,0.5,-1.7732482558255762,10,-0.10017950587522306,-0.018819668674686162,0.6801850780460835,-42.96932182016736,918,23.32901663310245,99.69135802469135,2268,2017-05-16,2026-08-31,False,False,True,True,2
night,us_breakeven_10y|bdtanh|w120,us_breakeven_10y,bdtanh,120,day,1,-1,0.31662044986840543,-0.5656053713766367,-0.1585815891500372,-0.12746418296005899,0.032550457833501134,0.4,-1.4469358928834373,10,0.13682906022797006,0.018370635058205343,0.6798020850377143,-38.74814836914441,1439,23.34576772405319,99.69135802469135,2268,2017-05-16,2026-08-31,False,False,True,True,2
night,us_breakeven_10y|bdtanh|w120,us_breakeven_10y,bdtanh,120,ongap,1,1,0.3932461180708841,-0.3718611226112463,-0.028903292224360583,0.030533280701282726,-0.06428275423108507,0.6,-1.28972049399693,10,-0.11818916860732159,-0.018061324314532418,0.6800026986480272,-11.600283526858778,1293,23.344917896689623,99.7348652231551,2263,2017-05-16,2026-08-31,False,False,True,True,2
night,us_breakeven_10y|bdtanh|w252,us_breakeven_10y,bdtanh,252,c2c,2,1,0.20584409783745128,-0.20306353334406876,-0.03387743626842902,-0.01808351204049629,-0.2334793315143358,0.5,-1.7313669958358493,10,-0.12879216709996133,-0.029080127099313662,0.6929890978802836,-48.4899609289266,1220,19.679915689649874,99.55908289241623,2268,2017-05-16,2026-08-31,False,False,True,True,2
night,us_breakeven_10y|bdtanh|w252,us_breakeven_10y,bdtanh,252,o2o,2,1,0.27735380739060034,-0.11569749563206354,0.05468332707681014,0.07144861648481049,-0.15204821345933175,0.6,-1.7258792400749374,10,-0.100806728034752,-0.029080127099313662,0.6929890978802836,-42.83127465193973,934,19.679915689649874,99.55908289241623,2268,2017-05-16,2026-08-31,False,False,True,True,2
night,us_breakeven_10y|bdtanh|w252,us_breakeven_10y,bdtanh,252,day,1,-1,0.28742815646377406,-0.5889948322134774,-0.18570451015271244,-0.16094221132868228,-0.08512283267614836,0.4,-1.4397295549158784,10,0.12690024293317143,0.02904734693185097,0.6930218780477464,-41.91774084122291,1439,19.686696100064747,99.55908289241623,2268,2017-05-16,2026-08-31,False,False,True,True,2
night,us_breakeven_10y|bdtanh|w252,us_breakeven_10y,bdtanh,252,ongap,1,1,0.36209657809988066,-0.6203656203077643,-0.16578874019347759,-0.11734317327142377,-0.33023141634605563,0.4,-1.685003409231495,10,-0.02270519295716934,-0.02882216738057296,0.6929554038824643,-16.77165503825328,683,19.68482688166372,99.5581087052585,2263,2017-05-16,2026-08-31,False,False,True,True,2
night,us_breakeven_10y|rankc|w60,us_breakeven_10y,rankc,60,c2c,2,1,0.07344445405701339,-0.08114984326920047,-0.015394521335694493,0.015313563987115548,-0.20635847459768153,0.4,-2.224094307577532,10,-0.14469658171276198,0.008785631169652731,0.6505410806132825,-46.652869775228545,1306,33.60606608007555,99.69135802469135,2268,2017-05-16,2026-08-31,False,False,True,True,2
night,us_breakeven_10y|rankc|w60,us_breakeven_10y,rankc,60,o2o,2,1,0.26085359964254146,-0.08987408242045683,0.0642349216149563,0.09659341508437898,-0.12201281586331987,0.4,-2.385929115146656,10,-0.12126153795641477,0.008785631169652731,0.6505410806132825,-44.317679143540055,1299,33.60606608007555,99.69135802469135,2268,2017-05-16,2026-08-31,False,False,True,True,2
night,us_breakeven_10y|rankc|w60,us_breakeven_10y,rankc,60,day,1,-1,0.33690204414666813,-0.631088960974428,-0.18198042945511803,-0.13447932105370022,-0.02881705167574119,0.5,-1.4854120732230995,10,0.12507908544031562,-0.009489488429431925,0.6505336400967618,-32.726363336431106,1024,33.59829381339231,99.69135802469135,2268,2017-05-16,2026-08-31,False,False,True,True,2
night,us_breakeven_10y|rankc|w60,us_breakeven_10y,rankc,60,ongap,1,1,0.286482803220488,-0.38258265963523336,-0.09502370586224568,-0.00928940284971539,-0.04853346194663186,0.3,-1.7248611894979038,10,-0.1682872722762105,0.010616886511070471,0.650359028284821,-15.11842145793721,1293,33.62369373551935,99.69067609368095,2263,2017-05-16,2026-08-31,False,False,False,True,1
night,us_breakeven_10y|rankc|w120,us_breakeven_10y,rankc,120,c2c,2,1,0.1555424323437886,-0.13468161802387763,-0.01321058133900301,0.00914339942543064,-0.22667445567967437,0.5,-2.1106075098794275,10,-0.12405822938590466,-0.012025579910331605,0.665844606916309,-50.295329408616865,918,25.872583219549142,99.69135802469135,2268,2017-05-16,2026-08-31,False,False,True,True,2
night,us_breakeven_10y|rankc|w120,us_breakeven_10y,rankc,120,o2o,2,1,0.2608315419703574,-0.10494475207168122,0.05570028669203223,0.07934535606519888,-0.1639917351905692,0.5,-2.0519798414316783,10,-0.09701298592061663,-0.012025579910331605,0.665844606916309,-49.68332073130385,937,25.872583219549142,99.69135802469135,2268,2017-05-16,2026-08-31,False,False,True,True,2
night,us_breakeven_10y|rankc|w120,us_breakeven_10y,rankc,120,day,1,-1,0.3113196565156006,-0.5639931900585248,-0.1581654948512667,-0.12329252107282634,0.045116308604622096,0.4,-1.4148315931920785,10,0.13050783681049516,0.011592681302670193,0.6654716498802543,-37.73840631566796,1439,25.88145187563082,99.69135802469135,2268,2017-05-16,2026-08-31,False,False,True,True,2
night,us_breakeven_10y|rankc|w120,us_breakeven_10y,rankc,120,ongap,1,1,0.4077112963033156,-0.4718039310828444,-0.06926451164468916,-0.00167773092932894,-0.06303562311410382,0.5,-1.0911271949624755,10,-0.09392511274205245,-0.011096340385836581,0.6657946633681922,-14.869741421262953,1293,25.875407741250317,99.69067609368095,2263,2017-05-16,2026-08-31,False,False,True,True,2
night,us_breakeven_10y|rankc|w252,us_breakeven_10y,rankc,252,c2c,2,1,0.17170603830429224,-0.23284617854189096,-0.059480388990935634,-0.040788011073997044,-0.2621485726546294,0.5,-1.9291979644514015,10,-0.12138815306557542,-0.02615666141628119,0.6836059886521824,-51.69140018207321,928,22.903641480032526,99.47089947089947,2268,2017-05-16,2026-08-31,False,False,True,True,2
night,us_breakeven_10y|rankc|w252,us_breakeven_10y,rankc,252,o2o,2,1,0.24436503800993595,-0.17328277146537097,0.013429826819740467,0.0333224286960567,-0.1995151125900379,0.5,-1.8664301232943772,10,-0.09978345741009971,-0.02615666141628119,0.6836059886521824,-49.62960756780824,934,22.903641480032526,99.47089947089947,2268,2017-05-16,2026-08-31,False,False,True,True,2
night,us_breakeven_10y|rankc|w252,us_breakeven_10y,rankc,252,day,1,-1,0.2464590813367778,-0.5752677085902332,-0.1883518741312215,-0.15910183605725448,-0.06466991173022014,0.5,-1.421847311890322,10,0.12421033597913934,0.02592689599773521,0.683639649376923,-41.12387024876698,1439,22.897332247417083,99.47089947089947,2268,2017-05-16,2026-08-31,False,False,True,True,2
night,us_breakeven_10y|rankc|w252,us_breakeven_10y,rankc,252,ongap,1,1,0.31451459437042334,-0.5902175297163649,-0.15203335439246768,-0.09537398300193274,-0.3430795920335927,0.4,-1.6858929938493246,10,-0.015472807184867923,-0.025601950414899998,0.6835135571997699,-16.382575622172105,1293,22.90322529049376,99.46973044631021,2263,2017-05-16,2026-08-31,False,False,True,True,2
night,us_breakeven_10y|signth|w60,us_breakeven_10y,signth,60,c2c,2,1,0.07863442265036318,0.020867426257004766,0.044297408433664656,0.07025985283261131,-0.16454764403820507,0.4,-2.366654577464797,10,-0.14835521346086214,0.006400503100064131,0.6672971755401522,-45.979625794123514,1301,28.234787132202428,99.91181657848325,2268,2017-05-16,2026-08-31,False,False,True,True,2
night,us_breakeven_10y|signth|w60,us_breakeven_10y,signth,60,o2o,2,1,0.27099570908972864,-0.10433768344280932,0.057979188059196725,0.08527547720797188,-0.1451089841399795,0.4,-2.2230781308336938,10,-0.12784385807024914,0.006400503100064131,0.6672971755401522,-41.017071066402224,1299,28.234787132202428,99.91181657848325,2268,2017-05-16,2026-08-31,False,False,True,True,2
night,us_breakeven_10y|signth|w60,us_breakeven_10y,signth,60,day,1,-1,0.3332034106230356,-0.5471333889830671,-0.14332197504867297,-0.10306973340359338,0.04305977486775049,0.5,-1.264219515396439,10,0.12946919410537275,-0.007167084376396466,0.6672798954919721,-32.635635308802755,1458,28.23449442970886,99.91181657848325,2268,2017-05-16,2026-08-31,False,False,True,True,2
night,us_breakeven_10y|signth|w60,us_breakeven_10y,signth,60,ongap,1,1,0.3304858189722394,-0.5429445433456936,-0.17980782184491986,-0.10855297653139832,-0.18398719092323115,0.3,-1.8210688266743973,10,-0.1449297585935032,0.008043629434282634,0.6672943125394217,-16.91799832670502,1293,28.294861545907022,99.9116217410517,2263,2017-05-16,2026-08-31,False,False,True,True,2
night,us_breakeven_10y|signth|w120,us_breakeven_10y,signth,120,c2c,2,-1,0.008376355876280613,0.3260486752929728,0.19237853202108057,0.2124925137793946,0.33802223582595337,0.6,-1.2926152627513683,10,0.12085027735664841,0.02293345640801562,0.6859316823554139,-37.05650614238134,1170,23.331597407216037,99.42680776014109,2268,2017-05-16,2026-08-31,False,False,True,True,2
night,us_breakeven_10y|signth|w120,us_breakeven_10y,signth,120,o2o,2,1,0.1475454130033694,-0.39913530561583677,-0.16485984714163796,-0.14391925196081462,-0.3025129842216171,0.4,-2.239323676573587,10,-0.09173400484145593,-0.02293345640801562,0.6859316823554139,-61.63557365218229,937,23.331597407216037,99.42680776014109,2268,2017-05-16,2026-08-31,False,False,True,True,2
night,us_breakeven_10y|signth|w120,us_breakeven_10y,signth,120,day,1,-1,0.38901859860801974,-0.42786360800452,-0.05458940750944495,-0.023180426385874187,0.11657075136505048,0.4,-1.1909299679385053,10,0.1268652607789409,0.02247926099209118,0.6855601397127186,-32.97842536900252,1439,23.33187920683318,99.42680776014109,2268,2017-05-16,2026-08-31,False,False,True,True,2
night,us_breakeven_10y|signth|w120,us_breakeven_10y,signth,120,ongap,1,1,0.42601318433729995,-0.522606971327608,-0.09624538184819913,-0.03475157162693557,-0.07373020511022087,0.5,-1.577757710337722,10,-0.08319214081573703,-0.022594961798194854,0.6854080047024996,-14.743581252095977,882,23.253703149937486,99.42554131683606,2263,2017-05-16,2026-08-31,False,False,True,True,2
night,us_breakeven_10y|signth|w252,us_breakeven_10y,signth,252,c2c,2,1,0.2042724306275381,0.03222878548828884,0.09718586383257377,0.11148278626512631,-0.062217527464966775,0.5,-1.5543391401339277,10,-0.09788320385992948,-0.026605395145751685,0.654088596198015,-40.802034171652814,591,17.22453069792053,97.31040564373897,2268,2017-05-16,2026-08-31,False,False,True,True,2
night,us_breakeven_10y|signth|w252,us_breakeven_10y,signth,252,o2o,2,1,0.22531024521585216,-0.04385558924772173,0.06506480910859991,0.08042510593017,-0.06955025181565391,0.5,-1.5456414166232888,10,-0.06707838620020921,-0.026605395145751685,0.654088596198015,-41.29263781216071,934,17.22453069792053,97.31040564373897,2268,2017-05-16,2026-08-31,False,False,True,True,2
night,us_breakeven_10y|signth|w252,us_breakeven_10y,signth,252,day,1,-1,0.43733813549450684,-0.5639121232460511,-0.1226961507017183,-0.09989024469818594,-0.06289356002525937,0.4,-2.03229658912252,10,0.08661767896171811,0.02681520050907023,0.6538787908346964,-37.22511371560688,1439,17.225084377528283,97.31040564373897,2268,2017-05-16,2026-08-31,False,False,True,True,2
night,us_breakeven_10y|signth|w252,us_breakeven_10y,signth,252,ongap,1,1,0.252570757880539,-0.30059199710731865,-0.06175409353985359,-0.016682970058394697,-0.17979492130909405,0.5,-1.5461293437466193,10,-0.05089423859699371,-0.026526173703006504,0.6535682580037844,-12.613590825982248,683,17.262670562769916,97.3044631020769,2263,2017-05-16,2026-08-31,False,False,True,True,2
night,us_breakeven_10y|dev|w60,us_breakeven_10y,dev,60,c2c,2,1,0.1280899682858403,-0.03195037108303723,0.03788336951815655,0.06135753534206374,-0.24869558537679434,0.2,-1.8372356719802774,10,-0.1751411549398334,-0.024303353882043355,0.5909853157785666,-40.59808323745141,1314,25.507664484468826,99.51499118165785,2268,2017-05-16,2026-08-31,False,False,False,True,1
night,us_breakeven_10y|dev|w60,us_breakeven_10y,dev,60,o2o,2,1,0.18089104652708407,-0.00935819942716242,0.07827379709565162,0.10262456344455102,-0.21994114325194855,0.3,-1.6645811647973996,10,-0.15202568263984956,-0.024303353882043355,0.5909853157785666,-37.10364662082111,1303,25.507664484468826,99.51499118165785,2268,2017-05-16,2026-08-31,False,False,False,True,1
night,us_breakeven_10y|dev|w60,us_breakeven_10y,dev,60,day,1,-1,0.3439438280062691,-0.6384121632592978,-0.1699204054409657,-0.13414027744684084,-0.03971335954007243,0.4,-1.2247123223765666,10,0.17465338954085893,0.02361792457517994,0.5909833938979289,-34.25248070066312,1024,25.50519266509522,99.51499118165785,2268,2017-05-16,2026-08-31,False,False,False,True,1
night,us_breakeven_10y|dev|w60,us_breakeven_10y,dev,60,ongap,1,1,0.24804062830898543,-0.42406059869936136,-0.10946396126285858,-0.040289546619379515,-0.36012975912005213,0.3,-1.0077927121566002,10,-0.18575894356455042,-0.022427838157530283,0.5910042761568768,-13.396724191488568,1315,25.516098788719297,99.51391957578436,2263,2017-05-16,2026-08-31,False,False,False,True,1
night,us_breakeven_10y|dev|w120,us_breakeven_10y,dev,120,c2c,2,1,-0.006632713040480248,-0.02536928017159144,-0.01685701273742527,0.0007150065867688631,-0.2803589158162274,0.6,-2.068929847839559,10,-0.17754844428441593,-0.04911735120722415,0.6340813140716284,-43.40168307642715,795,20.575525453601575,99.20634920634922,2268,2017-05-16,2026-08-31,False,False,False,True,1
night,us_breakeven_10y|dev|w120,us_breakeven_10y,dev,120,o2o,2,1,0.043839161696845506,0.07031257360615818,0.05770903555813178,0.07625812522801982,-0.21416784670987013,0.6,-1.8965822736282123,10,-0.14049661553086518,-0.04911735120722415,0.6340813140716284,-34.958131299166105,795,20.575525453601575,99.20634920634922,2268,2017-05-16,2026-08-31,False,False,True,True,2
night,us_breakeven_10y|dev|w120,us_breakeven_10y,dev,120,day,1,-1,0.293781815190931,-0.6519181250191202,-0.18806249346190826,-0.16108272493286055,-0.05377295099252631,0.4,-1.5292227920219597,10,0.17751482339570623,0.04871882711364573,0.6337497587633629,-39.48482475000844,1439,20.583732941031915,99.20634920634922,2268,2017-05-16,2026-08-31,False,False,False,True,1
night,us_breakeven_10y|dev|w120,us_breakeven_10y,dev,120,ongap,1,1,0.32544751125389426,-0.44562559355515835,-0.06361240907047269,-0.011423319942564568,-0.26071415371251394,0.5,-1.2444387339254324,10,-0.1465141149211913,-0.04794696621961271,0.6338339298400528,-14.227909049982133,1293,20.599925246420458,99.2045956694653,2263,2017-05-16,2026-08-31,False,False,True,True,2
night,us_breakeven_10y|dev|w252,us_breakeven_10y,dev,252,c2c,2,1,0.046243228786831375,-0.09150522773420869,-0.028973123289002478,-0.014329207243782671,-0.27701912543604046,0.6,-2.0126896848391937,10,-0.1868107670890626,-0.07115835218603796,0.6722703070502039,-46.21901109340269,904,18.049816685009922,99.60317460317461,2268,2017-05-16,2026-08-31,False,False,False,True,1
night,us_breakeven_10y|dev|w252,us_breakeven_10y,dev,252,o2o,2,1,0.1030940983254311,-0.023695667830111778,0.036885380046094436,0.05230084103337879,-0.20672591386124026,0.6,-1.9987622996043706,10,-0.1543757614562837,-0.07115835218603796,0.6722703070502039,-38.18566745737745,934,18.049816685009922,99.60317460317461,2268,2017-05-16,2026-08-31,False,False,False,True,1
night,us_breakeven_10y|dev|w252,us_breakeven_10y,dev,252,day,1,-1,0.26981272830917075,-0.6075736571238279,-0.1693030226670955,-0.1468520348582896,-0.0926097479077592,0.5,-1.5343838110237267,10,0.17772457739628886,0.07104005450151331,0.6723651714754837,-41.29198054419295,1439,18.048237897743423,99.60317460317461,2268,2017-05-16,2026-08-31,False,False,False,True,1
night,us_breakeven_10y|dev|w252,us_breakeven_10y,dev,252,ongap,1,1,0.2606177019433579,-0.520648323403519,-0.11546028645909472,-0.07157822942614095,-0.2992665752715224,0.4,-1.8158979167817464,10,-0.08625694430290665,-0.07073514649491046,0.6722700636223156,-15.07958600567604,789,18.062957907818554,99.60229783473265,2263,2017-05-16,2026-08-31,False,False,True,True,2
night,us_breakeven_5y5y|selfz|w60,us_breakeven_5y5y,selfz,60,c2c,2,1,-0.04389839882629155,0.032775073971052754,-0.0022915837905516123,0.04144497970269618,-0.24437564539163897,0.3,-1.4300344616899205,10,-0.0734446864884966,0.001556271010593485,0.5876402659212884,-52.26346336023826,1308,45.02941836793443,99.11816578483244,2268,2017-05-16,2026-08-31,False,False,True,True,2
night,us_breakeven_5y5y|selfz|w60,us_breakeven_5y5y,selfz,60,o2o,2,1,0.052298983244375055,0.07763190747951944,0.06562901251055403,0.11124705135291373,-0.19792087698409394,0.3,-1.6686939521463886,10,-0.07139541463959151,0.001556271010593485,0.5876402659212884,-45.94867595851567,1299,45.02941836793443,99.11816578483244,2268,2017-05-16,2026-08-31,False,False,True,True,2
night,us_breakeven_5y5y|selfz|w60,us_breakeven_5y5y,selfz,60,day,1,-1,0.3438421140437851,-0.15954720422531793,0.09465009567152786,0.16313552614568616,0.28514481930363916,0.7,-0.8239456786541742,10,0.0457239512310789,-0.0023595760410555088,0.5876470493303297,-17.37524862240365,557,45.030418469728325,99.11816578483244,2268,2017-05-16,2026-08-31,False,True,True,True,3
night,us_breakeven_5y5y|selfz|w60,us_breakeven_5y5y,selfz,60,ongap,1,1,-0.12991466864458387,-0.18519715178100696,-0.1592002375304283,-0.04247487130436185,-0.3391039273483891,0.4,-1.3541283558769226,10,-0.1573909979769292,0.0033150182006828777,0.5875184594431174,-19.023444084091068,1340,45.109845671470566,99.11621741051701,2263,2017-05-16,2026-08-31,False,False,False,True,1
night,us_breakeven_5y5y|selfz|w120,us_breakeven_5y5y,selfz,120,c2c,2,1,0.17378244104881257,-0.004414218793174031,0.0777491972974314,0.10964077604570259,-0.2564603981962345,0.4,-2.2904955006652057,10,-0.052845730775342825,-0.00758974306753046,0.6072623782113928,-41.81662279768609,1301,34.50550109038623,99.69135802469135,2268,2017-05-16,2026-08-31,False,False,True,True,2
night,us_breakeven_5y5y|selfz|w120,us_breakeven_5y5y,selfz,120,o2o,2,1,0.23382764998533967,0.05196061005402448,0.13709908980311977,0.17048908991026876,-0.2007920768068628,0.4,-2.3386549348249686,10,-0.048425030852893944,-0.00758974306753046,0.6072623782113928,-36.406932872940224,1110,34.50550109038623,99.69135802469135,2268,2017-05-16,2026-08-31,False,False,True,True,2
night,us_breakeven_5y5y|selfz|w120,us_breakeven_5y5y,selfz,120,day,1,-1,0.2981990774682289,0.07414791371188438,0.18929105292772352,0.23994611313985936,0.41563599539013535,0.7,-1.1159127527939698,10,0.009031013210042554,0.006760345720354784,0.6072415294019287,-17.57091475826742,1062,34.507877837813936,99.69135802469135,2268,2017-05-16,2026-08-31,False,True,True,True,3
night,us_breakeven_5y5y|selfz|w120,us_breakeven_5y5y,selfz,120,ongap,1,1,0.06450435725220278,0.005166747222540397,0.03282855428470602,0.11689649313107593,-0.14408678027899235,0.4,-1.2513029410278242,10,-0.15705321372466985,-0.005965564883877704,0.6069726343615244,-15.51344267393365,1299,34.5735051502552,99.69067609368095,2263,2017-05-16,2026-08-31,False,False,False,True,1
night,us_breakeven_5y5y|selfz|w252,us_breakeven_5y5y,selfz,252,c2c,2,1,0.30670687852234046,-0.1461626284645019,0.06711848844259216,0.09467625755786722,-0.2594733296576625,0.3,-2.148186546503443,10,-0.13736185304607407,-0.03812989243305076,0.6186669747135016,-47.704717302704246,1301,30.769026049414645,99.47089947089947,2268,2017-05-16,2026-08-31,False,False,True,True,2
night,us_breakeven_5y5y|selfz|w252,us_breakeven_5y5y,selfz,252,o2o,2,1,0.36201498195892484,-0.08568188951642798,0.1289424457279588,0.15751367555597773,-0.20464988649275206,0.3,-2.2332553002860083,10,-0.1265275551464682,-0.03812989243305076,0.6186669747135016,-40.91628379487211,1152,30.769026049414645,99.47089947089947,2268,2017-05-16,2026-08-31,False,False,True,True,2
night,us_breakeven_5y5y|selfz|w252,us_breakeven_5y5y,selfz,252,day,1,-1,0.19072557553264186,-0.07048805767163208,0.06515121730521915,0.10825215352930896,0.1925027677076833,0.6,-1.205610672357504,10,0.08621618070277014,0.03762931330888412,0.6190285884982903,-22.765158616759667,1072,30.765200933918095,99.47089947089947,2268,2017-05-16,2026-08-31,False,False,True,True,2
night,us_breakeven_5y5y|selfz|w252,us_breakeven_5y5y,selfz,252,ongap,1,1,0.15998635272262884,0.012173686351192878,0.08155340540432195,0.15263601489045087,-0.3167033945951107,0.3,-2.071640338465296,10,-0.21068637244410235,-0.037217283689146924,0.6190200010319009,-13.276564317467269,1293,30.816638515854663,99.46973044631021,2263,2017-05-16,2026-08-31,False,False,False,True,1
night,us_breakeven_5y5y|robustz|w60,us_breakeven_5y5y,robustz,60,c2c,2,1,0.10828378508125977,0.21937372633079244,0.1669280558699535,0.20593692832014837,-0.07145947146008925,0.3,-1.3762049115949821,10,-0.08003980282773024,0.012136243386023468,0.5353755688597904,-46.56905692249194,1309,38.6506968538161,99.11816578483244,2268,2017-05-16,2026-08-31,False,False,True,True,2
night,us_breakeven_5y5y|robustz|w60,us_breakeven_5y5y,robustz,60,o2o,2,1,0.2288017425398058,0.2716869685859052,0.25084704395029483,0.2911203171559326,-0.02539606509467833,0.3,-1.6528302999752682,10,-0.07973414271701998,0.012136243386023468,0.5353755688597904,-40.75939441132229,1268,38.6506968538161,99.11816578483244,2268,2017-05-16,2026-08-31,False,False,True,True,2
night,us_breakeven_5y5y|robustz|w60,us_breakeven_5y5y,robustz,60,day,1,-1,0.25854729835527857,-0.22481394777517522,0.026953446782546193,0.08755209983016517,0.13625287643475528,0.6,-0.8850483796229937,10,0.04555861808207824,-0.01299403174604457,0.5353776674351349,-20.216121338071915,789,38.65194990440576,99.11816578483244,2268,2017-05-16,2026-08-31,False,False,True,True,2
night,us_breakeven_5y5y|robustz|w60,us_breakeven_5y5y,robustz,60,ongap,1,1,-0.10396947598508374,-0.048341212994577755,-0.0756608177253566,0.028659709232007988,-0.16000358813187074,0.4,-1.2599999576495722,10,-0.16202252460937605,0.013881639826908465,0.5352870561408076,-16.060069302773407,1340,38.71791897323286,99.11621741051701,2263,2017-05-16,2026-08-31,False,False,False,True,1
night,us_breakeven_5y5y|robustz|w120,us_breakeven_5y5y,robustz,120,c2c,2,1,0.028267227354343408,0.03348468255856979,0.0309771366122484,0.06067762039847249,-0.32244427814394155,0.4,-1.92240641368332,10,-0.08238057302074568,-0.009866464050864374,0.5678911810041098,-42.24041973550703,1299,31.348252715506938,99.29453262786596,2268,2017-05-16,2026-08-31,False,False,True,True,2
night,us_breakeven_5y5y|robustz|w120,us_breakeven_5y5y,robustz,120,o2o,2,1,0.0764803017772224,0.12453574555972377,0.10138768550375021,0.13209366162148947,-0.24793258601877124,0.5,-1.9222600713400144,10,-0.08200511377096285,-0.009866464050864374,0.5678911810041098,-34.6742418012168,894,31.348252715506938,99.29453262786596,2268,2017-05-16,2026-08-31,False,False,True,True,2
night,us_breakeven_5y5y|robustz|w120,us_breakeven_5y5y,robustz,120,day,1,-1,0.3518813492469735,-0.04936736375984864,0.16004746664048616,0.20689170174446408,0.3592538846021121,0.7,-1.1052917349949207,10,0.04581589061834707,0.009135196193846977,0.5679799722813966,-17.7155316713521,1053,31.350673302708326,99.29453262786596,2268,2017-05-16,2026-08-31,False,True,True,True,3
night,us_breakeven_5y5y|robustz|w120,us_breakeven_5y5y,robustz,120,ongap,1,1,0.009763110006148249,0.09125900409936409,0.05281881100456666,0.12850434345912423,-0.15378670491749435,0.3,-1.2157400118693855,10,-0.16967908129066106,-0.008202057982489795,0.5679950333906366,-14.969394276568899,1293,31.404811754032785,99.2929739284136,2263,2017-05-16,2026-08-31,False,False,False,True,1
night,us_breakeven_5y5y|robustz|w252,us_breakeven_5y5y,robustz,252,c2c,2,1,0.34682649916614916,-0.1834146303252731,0.06778004500173485,0.09353149872605777,-0.221840977065251,0.4,-2.0928644154941747,10,-0.1672829885779634,-0.067722710908269,0.6409687831172964,-49.588824270866816,1220,29.258686298003006,99.38271604938271,2268,2017-05-16,2026-08-31,False,False,False,True,1
night,us_breakeven_5y5y|robustz|w252,us_breakeven_5y5y,robustz,252,o2o,2,1,0.3842828391123207,-0.11013257674253943,0.1287457469923182,0.15529919618959917,-0.17268801957211102,0.4,-2.2220782628968405,10,-0.14980535515605375,-0.067722710908269,0.6409687831172964,-43.64039526950273,1220,29.258686298003006,99.38271604938271,2268,2017-05-16,2026-08-31,False,False,True,True,2
night,us_breakeven_5y5y|robustz|w252,us_breakeven_5y5y,robustz,252,day,1,-1,0.009383891127015586,-0.08997919952653283,-0.03762105682682867,0.0024752734875354457,0.07570077603422468,0.5,-1.1963109395531764,10,0.11770010356575643,0.06721082697557863,0.6413123782804033,-24.285744685470206,1073,29.25685204921983,99.38271604938271,2268,2017-05-16,2026-08-31,False,False,True,True,2
night,us_breakeven_5y5y|robustz|w252,us_breakeven_5y5y,robustz,252,ongap,1,1,0.3187330379678033,0.015807839717923995,0.15866101682764008,0.22568052908697267,-0.16592619894360494,0.5,-1.889666277468724,10,-0.2608409666957504,-0.06668967139890794,0.6412400597215281,-13.48904158173212,1293,29.30353299739189,99.3813521873619,2263,2017-05-16,2026-08-31,False,False,False,True,1
night,us_breakeven_5y5y|bdtanh|w60,us_breakeven_5y5y,bdtanh,60,c2c,2,-1,-0.006461823065812229,-0.08387960814981855,-0.049955376566144696,-0.007899688807731339,0.14912947068010504,0.7,-1.6278883138590892,10,0.05464735535857346,-0.007871276051668966,0.6553247732444091,-47.862584905629376,1184,45.316204931635525,99.42680776014109,2268,2017-05-16,2026-08-31,False,True,True,True,3
night,us_breakeven_5y5y|bdtanh|w60,us_breakeven_5y5y,bdtanh,60,o2o,2,1,0.015073184763833557,-0.02052589456304702,-0.004756785786043899,0.03891820670393509,-0.22045658948045074,0.4,-1.5987870595121116,10,-0.06416090372055996,0.007871276051668966,0.6553247732444091,-48.57817924343643,1299,45.316204931635525,99.42680776014109,2268,2017-05-16,2026-08-31,False,False,True,True,2
night,us_breakeven_5y5y|bdtanh|w60,us_breakeven_5y5y,bdtanh,60,day,1,-1,0.34219436835410116,0.030375451122256564,0.18063533330142734,0.247295633859607,0.40525117974931096,0.6,-0.6056645876214066,10,0.033671337367627674,-0.008671475516597927,0.6553036180588042,-17.6826894931581,1078,45.31640086133788,99.42680776014109,2268,2017-05-16,2026-08-31,False,False,True,True,2
night,us_breakeven_5y5y|bdtanh|w60,us_breakeven_5y5y,bdtanh,60,ongap,1,-1,-0.09345523234022417,0.0516523199978408,-0.01143008586140881,0.10017685677680661,-0.07020392579464343,0.5,-1.8540711849417197,10,0.16201289860516635,-0.009622735583048634,0.6552708561713895,-12.159617767364397,1099,45.40845988769701,99.42554131683606,2263,2017-05-16,2026-08-31,False,False,False,True,1
night,us_breakeven_5y5y|bdtanh|w120,us_breakeven_5y5y,bdtanh,120,c2c,2,1,0.02731611068821011,-0.12105150826813542,-0.05691102786071763,-0.026142856048667725,-0.2967967914820943,0.3,-2.261228394929512,10,-0.024764015895786157,-0.007243491256513535,0.6676699629205632,-41.878927814120296,1301,33.516359855509045,99.60317460317461,2268,2017-05-16,2026-08-31,False,False,True,True,2
night,us_breakeven_5y5y|bdtanh|w120,us_breakeven_5y5y,bdtanh,120,o2o,2,1,0.10323913395992577,-0.07205508320722542,0.004706808692803936,0.036752562606620506,-0.23729990488810493,0.4,-2.29731841957415,10,-0.036381639365413186,-0.007243491256513535,0.6676699629205632,-42.638329773176196,900,33.516359855509045,99.60317460317461,2268,2017-05-16,2026-08-31,False,False,True,True,2
night,us_breakeven_5y5y|bdtanh|w120,us_breakeven_5y5y,bdtanh,120,day,1,-1,0.4600155640343726,0.28419840168511806,0.3687617625897817,0.4177919915785271,0.5654280801115461,0.7,-1.0188410985347311,10,-0.0077180914444705115,0.006441437589281146,0.6676376300976348,-22.083461541507603,1053,33.51691738393763,99.60317460317461,2268,2017-05-16,2026-08-31,False,True,True,True,3
night,us_breakeven_5y5y|bdtanh|w120,us_breakeven_5y5y,bdtanh,120,ongap,1,1,0.06332462127342886,-0.02855754812096908,0.01109843440946013,0.09502685546080328,-0.10581016395968597,0.4,-1.0917248451391175,10,-0.1461453530847901,-0.005795190401351676,0.6673089288133616,-13.551676120428455,1293,33.58589458500852,99.60229783473265,2263,2017-05-16,2026-08-31,False,False,True,True,2
night,us_breakeven_5y5y|bdtanh|w252,us_breakeven_5y5y,bdtanh,252,c2c,2,1,0.22831199724308604,-0.20494252944684602,-0.012264306760005731,0.014835064969266199,-0.2548987473818958,0.3,-1.9313713968590898,10,-0.113634775868264,-0.03356799835438922,0.6606186297492878,-46.701849184465374,1232,30.208532783323015,99.82363315696648,2268,2017-05-16,2026-08-31,False,False,True,True,2
night,us_breakeven_5y5y|bdtanh|w252,us_breakeven_5y5y,bdtanh,252,o2o,2,1,0.31700208871735946,-0.08641944248486146,0.09650082649119134,0.12437054702777785,-0.16689059995403788,0.4,-1.9471558847702977,10,-0.1160307223111527,-0.03356799835438922,0.6606186297492878,-36.91605187627801,888,30.208532783323015,99.82363315696648,2268,2017-05-16,2026-08-31,False,False,True,True,2
night,us_breakeven_5y5y|bdtanh|w252,us_breakeven_5y5y,bdtanh,252,day,1,-1,0.30449945917042315,-0.018745088394365932,0.14115213290674758,0.18343357064246252,0.24256084507502731,0.6,-1.1190568300425632,10,0.07078365666182737,0.03319697237834042,0.6609896557253366,-24.187522312929474,1069,30.199002696860667,99.82363315696648,2268,2017-05-16,2026-08-31,False,False,True,True,2
night,us_breakeven_5y5y|bdtanh|w252,us_breakeven_5y5y,bdtanh,252,ongap,1,1,0.206802237125225,-0.08956416990652936,0.04113487369095753,0.11288381884104222,-0.2867986708076716,0.3,-2.1177653596117265,10,-0.19119044160757923,-0.032961776580687135,0.6609495904981892,-12.390189299599905,1293,30.23321343045901,99.82324348210341,2263,2017-05-16,2026-08-31,False,False,False,True,1
night,us_breakeven_5y5y|rankc|w60,us_breakeven_5y5y,rankc,60,c2c,2,-1,-0.05516861246140259,-0.1263391575245624,-0.09464939074438525,-0.050438416733426555,0.1004713123277255,0.7,-1.7320323937308213,10,0.06067786338104572,-0.01356053274518009,0.6326784540361676,-50.13315253250801,1654,46.950887479788996,99.38271604938271,2268,2017-05-16,2026-08-31,False,True,True,True,3
night,us_breakeven_5y5y|rankc|w60,us_breakeven_5y5y,rankc,60,o2o,2,1,0.08888034428875653,0.0800443479784237,0.08354091117853601,0.13009608588188795,-0.14544170517550029,0.4,-1.4063934802050375,10,-0.07957842084127159,0.01356053274518009,0.6326784540361676,-45.357515969088844,1299,46.950887479788996,99.38271604938271,2268,2017-05-16,2026-08-31,False,False,True,True,2
night,us_breakeven_5y5y|rankc|w60,us_breakeven_5y5y,rankc,60,day,1,-1,0.29582580316919593,-0.03342166651222448,0.1254130648550729,0.19511702354317514,0.33861262759332156,0.6,-0.5960406860747012,10,0.04308940231551154,-0.014365602957093793,0.6326674135486341,-18.23558809473379,956,46.95143072974642,99.38271604938271,2268,2017-05-16,2026-08-31,False,False,True,True,2
night,us_breakeven_5y5y|rankc|w60,us_breakeven_5y5y,rankc,60,ongap,1,1,-0.1449849262191604,-0.23097577203553696,-0.1917191330975354,-0.07266864268249412,-0.30648458024166914,0.4,-1.6098649833713603,10,-0.1674197801518835,0.015288176016952395,0.6325641093023051,-20.45799067916037,1340,47.037988468151994,99.3813521873619,2263,2017-05-16,2026-08-31,False,False,False,True,1
night,us_breakeven_5y5y|rankc|w120,us_breakeven_5y5y,rankc,120,c2c,2,1,-0.019732070758541696,-0.08567800099436382,-0.056598711716157754,-0.022877165940241626,-0.3075939429048603,0.3,-2.2169134630352763,10,-0.04253433233695953,-0.010490638542757356,0.6444248516732377,-42.048582608945736,1301,36.59419227026836,99.33862433862434,2268,2017-05-16,2026-08-31,False,False,True,True,2
night,us_breakeven_5y5y|rankc|w120,us_breakeven_5y5y,rankc,120,o2o,2,1,0.09884553613115477,-0.01175864063372382,0.03714789625001407,0.0726558106841843,-0.22113446082415275,0.4,-2.1033942511959896,10,-0.058427061669531634,-0.010490638542757356,0.6444248516732377,-39.89178535191423,1110,36.59419227026836,99.33862433862434,2268,2017-05-16,2026-08-31,False,False,True,True,2
night,us_breakeven_5y5y|rankc|w120,us_breakeven_5y5y,rankc,120,day,1,-1,0.44590065020065667,0.165679570701091,0.30251291857914686,0.35631797638151835,0.5020851242846869,0.7,-1.071608190177935,10,0.008794927433459717,0.009680837039687935,0.6444016842296111,-21.508478313898365,1068,36.5944623995873,99.33862433862434,2268,2017-05-16,2026-08-31,False,True,True,True,3
night,us_breakeven_5y5y|rankc|w120,us_breakeven_5y5y,rankc,120,ongap,1,1,0.041059335001148306,-0.06259432164297658,-0.017063296929984487,0.07392622957001078,-0.11302289257559048,0.4,-1.3296463165919001,10,-0.1579904360502164,-0.008998001484301086,0.6440844475293493,-15.573094175937754,1293,36.66809382538175,99.33716305788775,2263,2017-05-16,2026-08-31,False,False,False,True,1
night,us_breakeven_5y5y|rankc|w252,us_breakeven_5y5y,rankc,252,c2c,2,1,0.1350528005523687,-0.25366985482391646,-0.07692905168305676,-0.04842258390680704,-0.32702172030872095,0.3,-2.041092040322572,10,-0.11478587216201926,-0.0351694202663237,0.6461727935925831,-46.49538072577906,1228,31.666294025685623,99.51499118165785,2268,2017-05-16,2026-08-31,False,False,True,True,2
night,us_breakeven_5y5y|rankc|w252,us_breakeven_5y5y,rankc,252,o2o,2,1,0.21987213103063225,-0.10524901312686546,0.044357111505387584,0.07386983416931855,-0.21398861441359482,0.4,-2.0235205173411033,10,-0.12108125506360265,-0.0351694202663237,0.6461727935925831,-38.2764998749466,1077,31.666294025685623,99.51499118165785,2268,2017-05-16,2026-08-31,False,False,True,True,2
night,us_breakeven_5y5y|rankc|w252,us_breakeven_5y5y,rankc,252,day,1,-1,0.38765128526676823,-0.007786585327212199,0.19184965525699257,0.2365563171210048,0.30022988643203813,0.6,-1.1600485760694137,10,0.0701137546824716,0.03465429551093706,0.6465041463215917,-24.43514585225098,1069,31.66748027155959,99.51499118165785,2268,2017-05-16,2026-08-31,False,False,True,True,2
night,us_breakeven_5y5y|rankc|w252,us_breakeven_5y5y,rankc,252,ongap,1,1,0.1616271217935679,-0.06892823323541439,0.03515486442102701,0.11002368971268743,-0.2972828348783601,0.3,-1.8205470959413559,10,-0.19318322633954405,-0.03432849815120074,0.6465394554538283,-12.920728515349115,1293,31.715961831067293,99.51391957578436,2263,2017-05-16,2026-08-31,False,False,False,True,1
night,us_breakeven_5y5y|signth|w60,us_breakeven_5y5y,signth,60,c2c,2,-1,-0.027463186665934614,0.17327058884564342,0.08789104191115321,0.1275452260528314,0.25262483852564704,0.8,-1.7139745384868459,10,0.05484572157707104,-0.006927626627025219,0.6448629559656882,-46.477480685128306,1152,41.467258591359155,98.89770723104057,2268,2017-05-16,2026-08-31,False,True,True,True,3
night,us_breakeven_5y5y|signth|w60,us_breakeven_5y5y,signth,60,o2o,2,1,0.11998828887972382,0.09704662659746799,0.10601627415716958,0.14696428673173165,-0.09768597742499724,0.4,-1.4831994605704806,10,-0.06879915961996688,0.006927626627025219,0.6448629559656882,-36.464527191887534,1269,41.467258591359155,98.89770723104057,2268,2017-05-16,2026-08-31,False,False,True,True,2
night,us_breakeven_5y5y|signth|w60,us_breakeven_5y5y,signth,60,day,1,-1,0.2496180016116686,-0.2268536536004383,0.002245485275541762,0.06503345226359585,0.08685660832750629,0.5,-1.024321096558018,10,0.050698526350050004,-0.007700080335249535,0.6448238578116443,-21.196741316595883,1091,41.466995600999155,98.89770723104057,2268,2017-05-16,2026-08-31,False,False,True,True,2
night,us_breakeven_5y5y|signth|w60,us_breakeven_5y5y,signth,60,ongap,1,-1,0.0013619960912797193,0.05509672291045861,0.032147758113804166,0.1364616111525721,0.007595519613001001,0.5,-1.5890039540229843,10,0.1555744161014682,-0.008740333828529396,0.6446827691140391,-11.53615114388741,1099,41.55836763865401,98.89527176314627,2263,2017-05-16,2026-08-31,False,False,False,True,1
night,us_breakeven_5y5y|signth|w120,us_breakeven_5y5y,signth,120,c2c,2,1,0.033926327451828164,0.05148454166488699,0.04354179796224122,0.07693821139546402,-0.20674647495380954,0.3,-2.2275061316096063,10,-0.012769158954421345,-0.00936863545374104,0.6635846573300453,-34.95197353729858,965,35.11422383552173,99.60317460317461,2268,2017-05-16,2026-08-31,False,False,True,True,2
night,us_breakeven_5y5y|signth|w120,us_breakeven_5y5y,signth,120,o2o,2,1,0.047028503587086816,-0.08642895825607085,-0.028763833010316098,0.005592672691732293,-0.22610116673471609,0.4,-2.3290198905796995,10,-0.03536685809973431,-0.00936863545374104,0.6635846573300453,-42.215395502536715,962,35.11422383552173,99.60317460317461,2268,2017-05-16,2026-08-31,False,False,True,True,2
night,us_breakeven_5y5y|signth|w120,us_breakeven_5y5y,signth,120,day,1,-1,0.3434647150342235,0.49791583334510137,0.42401085646403,0.47638052521462326,0.586688425944918,0.7,-0.8983899467891702,10,-0.019623449111502947,0.008590124874598672,0.6635461419346537,-24.560404090726028,1068,35.11397025454901,99.60317460317461,2268,2017-05-16,2026-08-31,False,True,True,True,3
night,us_breakeven_5y5y|signth|w120,us_breakeven_5y5y,signth,120,ongap,1,1,0.036446648253799244,-0.013963311177123702,0.007333394755180294,0.10199663704507192,-0.150755189621914,0.5,-1.6297899282800365,10,-0.17317689276425363,-0.008139122680030812,0.663292144852783,-12.989047142430953,1340,35.19016459951,99.60229783473265,2263,2017-05-16,2026-08-31,False,False,False,True,1
night,us_breakeven_5y5y|signth|w252,us_breakeven_5y5y,signth,252,c2c,2,-1,0.042849760823848754,0.15714500951634486,0.10838241807287444,0.13323959840014019,0.2540348966246779,0.6,-1.4637784060317902,10,0.08784675037978844,0.022716936537384897,0.6273234683321871,-34.02013734647738,1494,25.960027312306067,99.91181657848325,2268,2017-05-16,2026-08-31,False,False,True,True,2
night,us_breakeven_5y5y|signth|w252,us_breakeven_5y5y,signth,252,o2o,2,-1,0.17081771841297558,0.002244292606274113,0.07259591621511016,0.09768095728682946,0.22979419072741086,0.6,-1.8090125789789309,10,0.06794981029171217,0.022716936537384897,0.6273234683321871,-39.982961973127885,1498,25.960027312306067,99.91181657848325,2268,2017-05-16,2026-08-31,False,False,True,True,2
night,us_breakeven_5y5y|signth|w252,us_breakeven_5y5y,signth,252,day,1,-1,0.6906473862732389,-0.048279071014052384,0.29917619632312287,0.3371939310668909,0.30958533120887455,0.6,-1.000107080555908,10,0.012608783368271426,0.02219991474472499,0.6276015550718037,-21.349583493425563,960,25.960027312306067,99.91181657848325,2268,2017-05-16,2026-08-31,False,False,True,True,2
night,us_breakeven_5y5y|signth|w252,us_breakeven_5y5y,signth,252,ongap,1,1,0.04077190040285839,-0.12070487185774632,-0.05516169399290663,0.010197235902927738,-0.2918255400117191,0.4,-2.0046343937484985,10,-0.13901793489510797,-0.022002240395955722,0.6273438655961505,-14.802275717262159,1293,26.01633391180882,99.9116217410517,2263,2017-05-16,2026-08-31,False,False,True,True,2
night,us_breakeven_5y5y|dev|w60,us_breakeven_5y5y,dev,60,c2c,2,-1,-0.02570525210081166,-0.1750725656837741,-0.10570061574375375,-0.06838170669135168,0.21465613067082223,0.7,-1.4867842013388535,10,0.08927520504153331,0.01205633167517814,0.5556201280347309,-44.01742827019086,1259,38.73342752586219,99.07407407407408,2268,2017-05-16,2026-08-31,False,True,True,True,3
night,us_breakeven_5y5y|dev|w60,us_breakeven_5y5y,dev,60,o2o,2,1,0.018670354604336366,0.1464260049813585,0.08525557849677722,0.12391492744514526,-0.2536012110553554,0.3,-1.7506064504850645,10,-0.08312091299370507,-0.01205633167517814,0.5556201280347309,-42.237909931772734,1336,38.73342752586219,99.07407407407408,2268,2017-05-16,2026-08-31,False,False,True,True,2
night,us_breakeven_5y5y|dev|w60,us_breakeven_5y5y,dev,60,day,1,-1,0.30718015903216184,-0.24054213545211653,0.03983715102853861,0.09857281511222797,0.2723701574834489,0.7,-0.8659523839256809,10,0.06595682026824798,0.011239036168231685,0.5556238260917506,-17.798815797487737,681,38.736210253437505,99.07407407407408,2268,2017-05-16,2026-08-31,False,True,True,True,3
night,us_breakeven_5y5y|dev|w60,us_breakeven_5y5y,dev,60,ongap,1,-1,-0.06432737278425685,-0.059753649364178166,-0.0618245933732908,0.03537196286326058,0.0008515556624984248,0.5,-0.9159238059209572,10,0.18357071516745826,0.010172985457971713,0.5555992590030484,-11.235077167009788,1099,38.80524974804777,99.07202828104286,2263,2017-05-16,2026-08-31,False,False,False,True,1
night,us_breakeven_5y5y|dev|w120,us_breakeven_5y5y,dev,120,c2c,2,-1,-0.026011069859821854,-0.029362921542206852,-0.027730078648140893,0.002360894889055091,0.3258942161045851,0.7,-1.5375204956622677,10,0.09580338967911954,0.04981108448930677,0.5889039304218852,-44.55408757454918,1604,31.939140784622516,99.29453262786596,2268,2017-05-16,2026-08-31,False,True,True,True,3
night,us_breakeven_5y5y|dev|w120,us_breakeven_5y5y,dev,120,o2o,2,1,-0.001393538074571879,0.04417043638093425,0.0224046420576282,0.05349518030514491,-0.3107510927783628,0.4,-2.842035676480352,10,-0.09301794406994994,-0.04981108448930677,0.5889039304218852,-37.186965349069695,1299,31.939140784622516,99.29453262786596,2268,2017-05-16,2026-08-31,False,False,True,True,2
night,us_breakeven_5y5y|dev|w120,us_breakeven_5y5y,dev,120,day,1,-1,0.3362970933398043,-0.005327742129810948,0.17118890611480866,0.21863004342644402,0.40329847305585514,0.6,-1.172461041282984,10,0.061013309006117386,0.049001019092336555,0.5889264950224727,-18.56994734816817,1072,31.939977209232215,99.29453262786596,2268,2017-05-16,2026-08-31,False,False,True,True,2
night,us_breakeven_5y5y|dev|w120,us_breakeven_5y5y,dev,120,ongap,1,1,0.022510293537836207,0.06240863532579769,0.04383548442028298,0.12254220353005096,-0.25255921029293343,0.4,-1.464888212287848,10,-0.2107864727111889,-0.048235001999418055,0.5888056800107164,-14.676920460875506,1299,31.99991545420075,99.2929739284136,2263,2017-05-16,2026-08-31,False,False,False,True,1
night,us_breakeven_5y5y|dev|w252,us_breakeven_5y5y,dev,252,c2c,2,1,0.07901041678196409,-0.09769658202253896,-0.013704448609531383,0.01241028968919958,-0.32601739330446244,0.3,-2.343429925380577,10,-0.17784538634556288,-0.0971507985655238,0.6158561570992241,-43.2917801311554,1220,29.034528075248698,99.16225749559084,2268,2017-05-16,2026-08-31,False,False,False,True,1
night,us_breakeven_5y5y|dev|w252,us_breakeven_5y5y,dev,252,o2o,2,1,0.1260445792556206,-0.05861614835343153,0.03175215301689713,0.05860251466244313,-0.27638674065119534,0.4,-2.442844896991034,10,-0.1663999664199421,-0.0971507985655238,0.6158561570992241,-39.35271316914806,1220,29.034528075248698,99.16225749559084,2268,2017-05-16,2026-08-31,False,False,False,True,1
night,us_breakeven_5y5y|dev|w252,us_breakeven_5y5y,dev,252,day,1,-1,0.33976020117819367,-0.1490425606353872,0.10994715334732623,0.15034928284213595,0.22342422807029536,0.6,-1.514521948167367,10,0.1283894355738848,0.09668969858188839,0.6162511245788612,-25.64807674457293,1439,29.028905884348546,99.16225749559084,2268,2017-05-16,2026-08-31,False,False,True,True,2
night,us_breakeven_5y5y|dev|w252,us_breakeven_5y5y,dev,252,ongap,1,1,0.1380165781350556,0.018425742877746128,0.07479262816925723,0.14153492063144218,-0.3147284342802129,0.4,-2.071688417504152,10,-0.24842824126165705,-0.0963431958769608,0.6162791873396596,-12.797561207297523,1075,29.07395156327884,99.16040653999116,2263,2017-05-16,2026-08-31,False,False,False,True,1
night,us_dgs5|selfz|w60,us_dgs5,selfz,60,c2c,2,-1,-0.01780706249588079,0.13604078155946858,0.07308711178374477,0.1010221042882089,0.1861060564078654,0.7,-2.3718665402425234,10,0.013909413186030072,-0.030262612238114432,0.6203376181375713,-46.8329077491109,823,30.096491450419812,99.51499118165785,2268,2017-05-16,2026-08-31,False,True,True,True,3
night,us_dgs5|selfz|w60,us_dgs5,selfz,60,o2o,2,-1,-0.013656279413836361,0.021893156401358707,0.007090192447985668,0.03643875762556199,0.15984725248731912,0.7,-2.5268276897429107,10,-0.008155427532344538,-0.030262612238114432,0.6203376181375713,-48.887082772807375,819,30.096491450419812,99.51499118165785,2268,2017-05-16,2026-08-31,False,True,True,True,3
night,us_dgs5|selfz|w60,us_dgs5,selfz,60,day,1,-1,0.24888107056054998,0.21481469764260366,0.2285378689681922,0.2743647256328356,0.5198998556380929,0.7,-0.7155424311369142,10,-0.021445485797631683,-0.030489379577931606,0.6203690379908803,-15.52133023184421,644,30.09421022617251,99.51499118165785,2268,2017-05-16,2026-08-31,False,True,True,True,3
night,us_dgs5|selfz|w60,us_dgs5,selfz,60,ongap,1,1,0.2565637003956949,0.39335979431277635,0.3318550720951808,0.4116113087696289,0.33948693147065345,0.7,-0.7635020653461194,10,-0.08434132239305125,0.03150437343450256,0.62013788766739,-9.167129351248299,1187,30.11993258710719,99.51391957578436,2263,2017-05-16,2026-08-31,False,True,True,True,3
night,us_dgs5|selfz|w120,us_dgs5,selfz,120,c2c,2,1,0.07468439012345872,-0.2505187434777342,-0.11069245595530283,-0.09195275167219223,-0.2606065997801151,0.3,-2.031133074675799,10,0.009997173654512779,0.016266507672715685,0.6216442612141436,-70.40376143863742,1220,21.448640623528185,99.20634920634922,2268,2017-05-16,2026-08-31,False,False,True,True,2
night,us_dgs5|selfz|w120,us_dgs5,selfz,120,o2o,2,1,0.05031187327788498,-0.1882931535127226,-0.08259908107459074,-0.06289977469074114,-0.2675238471124647,0.3,-1.9527595118194692,10,0.036642190356311354,0.016266507672715685,0.6216442612141436,-64.26223943775321,1220,21.448640623528185,99.20634920634922,2268,2017-05-16,2026-08-31,False,False,True,True,2
night,us_dgs5|selfz|w120,us_dgs5,selfz,120,day,1,-1,0.3750218766063038,0.29732254267055935,0.33402752921559964,0.3646360110790474,0.6657217102949471,0.7,-0.7721414847678956,10,-0.04185740931662705,-0.01650585700516454,0.6218010983389176,-17.138899875933912,518,21.44155369801645,99.20634920634922,2268,2017-05-16,2026-08-31,True,True,True,True,4
night,us_dgs5|selfz|w120,us_dgs5,selfz,120,ongap,1,1,0.2013906258562188,0.31830084096497896,0.26471257821132876,0.31536079800287203,0.25386906455584957,0.5,-0.7562761393832359,10,-0.05703414661737391,0.01716225500768377,0.6216638694143292,-9.266868172636116,767,21.44309452232382,99.2045956694653,2263,2017-05-16,2026-08-31,False,False,True,True,2
night,us_dgs5|selfz|w252,us_dgs5,selfz,252,c2c,2,1,0.3869732325707159,-0.3168854111159654,-0.018862621699510033,-0.00527730378026562,-0.16994378970524585,0.4,-1.817848337558241,10,-0.004703857122727009,-0.00248927477601357,0.6302737022161683,-65.87094848423314,1159,16.31140838607561,99.51499118165785,2268,2017-05-16,2026-08-31,False,False,True,True,2
night,us_dgs5|selfz|w252,us_dgs5,selfz,252,o2o,2,1,0.36053016290541406,-0.2555898219140871,0.014655975735841983,0.028749646928579838,-0.17171499231182347,0.4,-1.7815348926169157,10,0.02614818985358948,-0.00248927477601357,0.6302737022161683,-60.902271737228766,1158,16.31140838607561,99.51499118165785,2268,2017-05-16,2026-08-31,False,False,True,True,2
night,us_dgs5|selfz|w252,us_dgs5,selfz,252,day,1,-1,0.10752184311863838,0.4069797599715506,0.26598842330205985,0.287789139626008,0.3954735379484596,0.5,-0.49871209851515597,10,-0.0557590479578602,0.002366013152615181,0.6303969638395667,-14.89684522718209,645,16.309290752635448,99.51499118165785,2268,2017-05-16,2026-08-31,False,False,True,True,2
night,us_dgs5|selfz|w252,us_dgs5,selfz,252,ongap,1,1,0.39289422599771934,0.2998468433248589,0.3413241498072231,0.37922785397296055,0.2586909774762156,0.5,-0.7729149871264042,10,-0.05198884685232927,-0.0018305728289468959,0.6308188605308245,-11.178182029301317,1054,16.311351390947635,99.51391957578436,2263,2017-05-16,2026-08-31,False,False,True,True,2
night,us_dgs5|robustz|w60,us_dgs5,robustz,60,c2c,2,1,0.1494424446288368,0.051852767796899096,0.09349991770032415,0.11770656507285004,-0.1088092840515218,0.4,-1.937668585650326,10,-0.07982714713983245,-0.01511979885396155,0.5515580488417687,-43.8051890320902,1219,25.497430074883823,99.47089947089947,2268,2017-05-16,2026-08-31,False,False,True,True,2
night,us_dgs5|robustz|w60,us_dgs5,robustz,60,o2o,2,1,0.13988986200985046,0.1821339362421795,0.16221402760972087,0.18782001097338033,-0.10012426104730471,0.5,-1.8319473183842614,10,-0.05516112495712018,-0.01511979885396155,0.5515580488417687,-43.924803149020065,1207,25.497430074883823,99.47089947089947,2268,2017-05-16,2026-08-31,False,False,True,True,2
night,us_dgs5|robustz|w60,us_dgs5,robustz,60,day,1,-1,0.22889892877975493,0.009352036142661238,0.1170245011205189,0.15692889460090803,0.37047372835112935,0.7,-0.6940150788556851,10,0.05886081845935854,0.015023278346410074,0.5514968369562123,-17.56927874513905,663,25.492154447719326,99.47089947089947,2268,2017-05-16,2026-08-31,False,True,True,True,3
night,us_dgs5|robustz|w60,us_dgs5,robustz,60,ongap,1,1,0.18384439652847095,0.37735318551645347,0.2864261519321062,0.35340029559628905,0.2420863679295359,0.6,-1.0728021526368208,10,-0.1355717510588567,-0.014161948394560387,0.5511970212451707,-8.880904124573439,980,25.500218531751393,99.46973044631021,2263,2017-05-16,2026-08-31,False,False,True,True,2
night,us_dgs5|robustz|w120,us_dgs5,robustz,120,c2c,2,1,0.049374721418282926,0.08478263660457061,0.06862272340429613,0.08370064749548668,-0.1661879536750804,0.4,-1.6181532651830426,10,-0.04548216627799719,-0.03673716823251215,0.6111927492996594,-44.60446525346108,1232,17.390066292523304,99.82363315696648,2268,2017-05-16,2026-08-31,False,False,True,True,2
night,us_dgs5|robustz|w120,us_dgs5,robustz,120,o2o,2,1,0.008788122541417996,0.17269449435686304,0.09717853084059826,0.11287771888725238,-0.1752861253020295,0.4,-1.586158099010876,10,-0.010672664900231207,-0.03673716823251215,0.6111927492996594,-41.35902620033933,1218,17.390066292523304,99.82363315696648,2268,2017-05-16,2026-08-31,False,False,True,True,2
night,us_dgs5|robustz|w120,us_dgs5,robustz,120,day,1,-1,0.5006104144643598,-0.20684616259351957,0.14203489164820135,0.16624559140602954,0.2493750259059201,0.5,-1.0965407528794249,10,0.01749463726017675,0.03653419126232027,0.6110590185255353,-24.359823507249658,1439,17.38877577907489,99.82363315696648,2268,2017-05-16,2026-08-31,False,False,True,True,2
night,us_dgs5|robustz|w120,us_dgs5,robustz,120,ongap,1,1,0.23437309740279372,0.30327311258244766,0.2703609430780208,0.3116190109409551,0.2042948184945445,0.5,-0.8576184419469778,10,-0.08159834489622159,-0.03571403649362241,0.6112466533183032,-8.134351328057898,836,17.39553257922809,99.82324348210341,2263,2017-05-16,2026-08-31,False,False,True,True,2
night,us_dgs5|robustz|w252,us_dgs5,robustz,252,c2c,2,1,0.5628536875319203,-0.055682070841995765,0.17764891608900193,0.1881951653605378,-0.023295421698145875,0.4,-1.6227033163845266,10,0.08805761032082576,0.04516364789016285,0.6867547897844404,-46.386899898266684,1118,13.544581680957227,99.55908289241623,2268,2017-05-16,2026-08-31,False,False,True,True,2
night,us_dgs5|robustz|w252,us_dgs5,robustz,252,o2o,2,1,0.5231907691469927,0.014186386091311398,0.2118705035798942,0.2230524402013394,-0.0004196016753872519,0.4,-1.610050511751708,10,0.12234457962324058,0.04516364789016285,0.6867547897844404,-40.78272114617658,1056,13.544581680957227,99.55908289241623,2268,2017-05-16,2026-08-31,False,False,True,True,2
night,us_dgs5|robustz|w252,us_dgs5,robustz,252,day,1,1,0.029550696110968767,-0.28779887115851244,-0.14835965785219474,-0.13123015673367486,-0.22860428931285182,0.6,-1.247812030954065,10,0.17152486114593649,0.04534068527373287,0.6869318271680104,-29.2678427897137,1917,13.541456519058912,99.55908289241623,2268,2017-05-16,2026-08-31,False,False,False,True,1
night,us_dgs5|robustz|w252,us_dgs5,robustz,252,ongap,1,1,0.4877327897172755,0.25019837836851094,0.34220204504568175,0.37235728465839063,0.1353610765129806,0.5,-1.4251033629154202,10,0.014055995693711376,0.04589801660090773,0.6871710756193113,-12.126764420776228,1057,13.550762159501081,99.5581087052585,2263,2017-05-16,2026-08-31,False,False,True,True,2
night,us_dgs5|bdtanh|w60,us_dgs5,bdtanh,60,c2c,2,-1,0.20252287103254826,0.11150394780029596,0.14380160251179108,0.16809996107937672,0.2526372279057345,0.6,-2.5524838275407293,10,-0.00026795302616873756,-0.04790674601159198,0.6720664525310684,-49.826696833944254,485,26.689565797545395,99.55908289241623,2268,2017-05-16,2026-08-31,False,False,True,True,2
night,us_dgs5|bdtanh|w60,us_dgs5,bdtanh,60,o2o,2,-1,0.1556125213622343,0.011824859996688829,0.06895737876381432,0.09424504842790886,0.22416952447323876,0.6,-2.5950695647940045,10,-0.021068883466504797,-0.04790674601159198,0.6720664525310684,-51.69113189602841,511,26.689565797545395,99.55908289241623,2268,2017-05-16,2026-08-31,False,False,True,True,2
night,us_dgs5|bdtanh|w60,us_dgs5,bdtanh,60,day,1,-1,0.2571012181774607,0.31970226129609,0.29001464005729644,0.32923586390457094,0.6063603659279752,0.8,-0.6689199474904153,10,-0.02716826682138808,-0.048193993663285375,0.6722193648177949,-14.645852845200972,566,26.678130645240138,99.55908289241623,2268,2017-05-16,2026-08-31,True,True,True,True,4
night,us_dgs5|bdtanh|w60,us_dgs5,bdtanh,60,ongap,1,1,0.16701913139742672,0.3678487103304672,0.28193430082782506,0.35058869122923864,0.2716020848658844,0.7,-0.8377133720544112,10,-0.07438155187541147,0.0491511144517105,0.6720688491820384,-12.514455055520967,1207,26.720064812191527,99.5581087052585,2263,2017-05-16,2026-08-31,False,True,True,True,3
night,us_dgs5|bdtanh|w120,us_dgs5,bdtanh,120,c2c,2,1,0.03320376974750698,-0.1511372454652844,-0.07621776853604287,-0.06108998798995174,-0.24016811442807662,0.3,-2.0652346914173925,10,0.03486950929022947,0.02859849289255332,0.651405660007157,-59.639529257802295,1220,17.288547536264076,99.55908289241623,2268,2017-05-16,2026-08-31,False,False,True,True,2
night,us_dgs5|bdtanh|w120,us_dgs5,bdtanh,120,o2o,2,1,0.057731400463306666,-0.1014139879135677,-0.03592176723855427,-0.02011242565442768,-0.22498673779250408,0.3,-1.9210066938227153,10,0.061517491159452486,0.02859849289255332,0.651405660007157,-54.23692199272351,1119,17.288547536264076,99.55908289241623,2268,2017-05-16,2026-08-31,False,False,True,True,2
night,us_dgs5|bdtanh|w120,us_dgs5,bdtanh,120,day,1,-1,0.25237031317426106,0.2816058793361806,0.2671356672315069,0.29167831144606426,0.5452876338766164,0.8,-0.8497394556696989,10,-0.07419424240071343,-0.028826288053512415,0.6516334551681162,-18.025611526429717,786,17.27430246290803,99.55908289241623,2268,2017-05-16,2026-08-31,False,True,True,True,3
night,us_dgs5|bdtanh|w120,us_dgs5,bdtanh,120,ongap,1,1,0.07295440123973425,0.3401251012591448,0.22814080677353346,0.2684112908887286,0.2198021629047743,0.5,-0.6502633996754372,10,-0.0422199684228395,0.02919833822801594,0.6515633394543195,-9.395357539744229,948,17.269759027735333,99.5581087052585,2263,2017-05-16,2026-08-31,False,False,True,True,2
night,us_dgs5|bdtanh|w252,us_dgs5,bdtanh,252,c2c,2,1,0.21544005865059404,-0.334743487954177,-0.10708858386147138,-0.09442964983144105,-0.2174443878139962,0.4,-2.1302270059875466,10,0.020096367375160656,0.03441799721598073,0.6323243265443528,-66.49354320533818,1118,15.196903043692986,98.94179894179894,2268,2017-05-16,2026-08-31,False,False,True,True,2
night,us_dgs5|bdtanh|w252,us_dgs5,bdtanh,252,o2o,2,1,0.1866493779391192,-0.24852017013940947,-0.06372761325324809,-0.05045252302651682,-0.20359400216564813,0.4,-2.0595770340777215,10,0.044372554907088024,0.03441799721598073,0.6323243265443528,-59.22240329158696,1119,15.196903043692986,98.94179894179894,2268,2017-05-16,2026-08-31,False,False,True,True,2
night,us_dgs5|bdtanh|w252,us_dgs5,bdtanh,252,day,1,-1,0.1637626033645365,0.5139769457231854,0.35096542034558653,0.3714295777639512,0.4338536762756805,0.5,-0.915344992125956,10,-0.09428512707225802,-0.03446701522195072,0.6323733445503229,-14.404230500447342,506,15.195900951707731,98.94179894179894,2268,2017-05-16,2026-08-31,False,False,True,True,2
night,us_dgs5|bdtanh|w252,us_dgs5,bdtanh,252,ongap,1,1,0.1716776044119737,0.29685344467356256,0.24045578498172318,0.27477406490727874,0.19677484666325004,0.5,-0.6573445255888465,10,-0.0470913073853455,0.03445590861366323,0.6327995605462743,-11.47784588692661,1239,15.182186179201146,98.93946089262042,2263,2017-05-16,2026-08-31,False,False,True,True,2
night,us_dgs5|rankc|w60,us_dgs5,rankc,60,c2c,2,-1,0.2875093589746864,0.1777644639516123,0.2167948825035881,0.24806104052812045,0.315001023015759,0.8,-2.38026411375831,10,0.011048111940879983,-0.041980311262844384,0.6588287338948974,-47.61126774132028,467,34.1085551120834,99.77954144620811,2268,2017-05-16,2026-08-31,False,True,True,True,3
night,us_dgs5|rankc|w60,us_dgs5,rankc,60,o2o,2,-1,0.30399591183382446,0.027301425145200137,0.14078880464767476,0.17336566496305128,0.2845624230783246,0.7,-2.576700976890428,10,-0.006657150936084395,-0.041980311262844384,0.6588287338948974,-49.45656781027231,466,34.1085551120834,99.77954144620811,2268,2017-05-16,2026-08-31,False,True,True,True,3
night,us_dgs5|rankc|w60,us_dgs5,rankc,60,day,1,-1,0.2870628659864669,0.28707328016549577,0.2857884057154006,0.33677278264888716,0.631209477967704,0.8,-0.696697201261777,10,-0.011959143349645663,-0.0421838442696484,0.6589945411217739,-14.425098886602699,566,34.11104849040379,99.77954144620811,2268,2017-05-16,2026-08-31,True,True,True,True,4
night,us_dgs5|rankc|w60,us_dgs5,rankc,60,ongap,1,1,0.04711153321870339,0.33585803314953094,0.21485851561981498,0.3039744031748506,0.19867211604837404,0.6,-0.7618883241562786,10,-0.09114336775129633,0.04333448433518936,0.6586646352003185,-11.532061711718615,1235,34.16868102307621,99.77905435262925,2263,2017-05-16,2026-08-31,False,False,True,True,2
night,us_dgs5|rankc|w120,us_dgs5,rankc,120,c2c,2,-1,0.14779427438831796,0.19063442659543453,0.16999262704250787,0.19176134869010716,0.28965575730575943,0.8,-2.6146603056086515,10,-0.02405745711271831,-0.026597435300640293,0.6568749825171968,-52.68772177799769,617,24.51731884323288,99.73544973544973,2268,2017-05-16,2026-08-31,False,True,True,True,3
night,us_dgs5|rankc|w120,us_dgs5,rankc,120,o2o,2,-1,0.1271051840246409,0.08716486042001452,0.10198123873147177,0.12474000637487558,0.2582478907894796,0.8,-2.584607941477885,10,-0.04493699551472259,-0.026597435300640293,0.6568749825171968,-53.349836589219855,623,24.51731884323288,99.73544973544973,2268,2017-05-16,2026-08-31,False,True,True,True,3
night,us_dgs5|rankc|w120,us_dgs5,rankc,120,day,1,-1,0.18596762604965858,0.29788470962237174,0.24606709193963272,0.28159267293773277,0.5060373270390316,0.8,-0.7996576152757335,10,-0.05563138609950942,-0.02676053186395385,0.6570380790805105,-20.1628799081311,758,24.510972228271918,99.73544973544973,2268,2017-05-16,2026-08-31,False,True,True,True,3
night,us_dgs5|rankc|w120,us_dgs5,rankc,120,ongap,1,1,-0.06283738612470012,0.31602345982078983,0.159463702866969,0.2182903177247133,0.14182233794717972,0.3,-0.5889164042729497,10,-0.04584476361001312,0.027400137620605416,0.6569653191873065,-10.879243747057647,1929,24.535065496151198,99.7348652231551,2263,2017-05-16,2026-08-31,False,False,True,True,2
night,us_dgs5|rankc|w252,us_dgs5,rankc,252,c2c,2,-1,-0.006690906025531724,0.30156576777963695,0.17326428552181924,0.19271818346313052,0.2866109716212781,0.8,-2.2071729883793108,10,-0.0390865790341082,-0.031593541572312346,0.646389480553751,-49.26541813333144,652,22.403481423123946,99.42680776014109,2268,2017-05-16,2026-08-31,False,True,True,True,3
night,us_dgs5|rankc|w252,us_dgs5,rankc,252,o2o,2,-1,-0.016492567495328493,0.20272184483451378,0.10985201208870042,0.1300759364249977,0.2603268497746525,0.7,-2.208306466061887,10,-0.05904243713777199,-0.031593541572312346,0.646389480553751,-50.79097301304336,797,22.403481423123946,99.42680776014109,2268,2017-05-16,2026-08-31,False,True,True,True,3
night,us_dgs5|rankc|w252,us_dgs5,rankc,252,day,1,-1,0.11975929388507506,0.4854347328330883,0.3180803814134504,0.3496073235934069,0.5579744136563702,0.7,-0.4802993128573944,10,-0.09192053529142286,-0.031656115576292075,0.6464520545577307,-17.150790462075122,712,22.40143334997686,99.42680776014109,2268,2017-05-16,2026-08-31,False,True,True,True,3
night,us_dgs5|rankc|w252,us_dgs5,rankc,252,ongap,1,-1,-0.06731795890073962,-0.323418353453548,-0.21032492522610982,-0.15724879423331858,-0.23112501522428208,0.6,-2.6498336185591946,10,0.007809121538160748,-0.0318607932147329,0.6469685222229025,-17.14715399568647,1348,22.390628269054943,99.46973044631021,2263,2017-05-16,2026-08-31,False,False,True,True,2
night,us_dgs5|signth|w60,us_dgs5,signth,60,c2c,2,-1,0.3377438341752048,-0.10871473834344819,0.06431192484799791,0.08618299583471016,0.1946923831251929,0.8,-2.83625762263878,10,0.0003730597243686602,-0.045009771643337415,0.6855711677984778,-54.60506759816898,557,24.035133348420864,99.95590828924162,2268,2017-05-16,2026-08-31,False,True,True,True,3
night,us_dgs5|signth|w60,us_dgs5,signth,60,o2o,2,-1,0.21669342843391592,-0.02669058153825081,0.06972238446737443,0.09242671001795329,0.21160839871156473,0.7,-2.428608509665813,10,-0.016781107608613923,-0.045009771643337415,0.6855711677984778,-53.78378033512947,534,24.035133348420864,99.95590828924162,2268,2017-05-16,2026-08-31,False,True,True,True,3
night,us_dgs5|signth|w60,us_dgs5,signth,60,day,1,-1,0.34508598526933,0.47767621269607224,0.4161268099503374,0.45108153271734347,0.7255798595878677,0.8,-0.7855070404296012,10,-0.0293898304237994,-0.04540242323857146,0.6857539888111063,-14.84622563789508,549,24.03554152553432,99.95590828924162,2268,2017-05-16,2026-08-31,True,True,True,True,4
night,us_dgs5|signth|w60,us_dgs5,signth,60,ongap,1,1,0.2143985269635177,0.34567863821652034,0.28745092374403014,0.3492446568283256,0.2935214312872461,0.6,-0.7124506979195605,10,-0.06724870183172725,0.04642468306207763,0.685679435149506,-10.850719020820932,1197,24.057061499678834,99.95581087052585,2263,2017-05-16,2026-08-31,False,False,True,True,2
night,us_dgs5|signth|w120,us_dgs5,signth,120,c2c,2,1,0.16232627439861216,-0.11573979789607675,-0.007471464607994016,0.00851533194800599,-0.16360602976945576,0.3,-1.9410169866595806,10,0.03534616190367937,0.03039387889588111,0.6603190187508243,-52.50234710823103,1127,17.814091674188052,99.86772486772487,2268,2017-05-16,2026-08-31,False,False,True,True,2
night,us_dgs5|signth|w120,us_dgs5,signth,120,o2o,2,1,-0.006179236431943385,-0.016914738953004767,-0.01236437762226986,0.0043195533764114145,-0.20591133625438712,0.3,-1.9233154843593294,10,0.06762098104982278,0.03039387889588111,0.6603190187508243,-46.06855987114862,1145,17.814091674188052,99.86772486772487,2268,2017-05-16,2026-08-31,False,False,True,True,2
night,us_dgs5|signth|w120,us_dgs5,signth,120,day,1,-1,0.18346781818380875,0.07648433620847227,0.12390239890297161,0.14973975454194585,0.42496354577563766,0.7,-0.6071202902120877,10,-0.08054566562751915,-0.030795575907446894,0.6605379470553276,-24.460231668559558,1498,17.81390496464221,99.86772486772487,2268,2017-05-16,2026-08-31,False,True,True,True,3
night,us_dgs5|signth|w120,us_dgs5,signth,120,ongap,1,1,0.10190754699900671,0.375240036564792,0.26261718116904254,0.3050472121779515,0.2068243570932284,0.4,-0.47170657962565615,10,-0.053056485453774345,0.03087077828134704,0.6603465765524748,-7.995809986283328,763,17.71886503733166,99.86743261157756,2263,2017-05-16,2026-08-31,False,False,True,True,2
night,us_dgs5|signth|w252,us_dgs5,signth,252,c2c,2,1,0.45849498797336113,0.008176196958000974,0.15607966846343235,0.16665406858502282,0.1906450108247815,0.5,-2.339000520160085,10,0.06136741949521217,0.04470546164430746,0.6134966779496069,-41.312578239490584,342,12.778721057958467,99.8435054773083,1917,2017-05-16,2026-08-31,False,False,True,True,2
night,us_dgs5|signth|w252,us_dgs5,signth,252,o2o,2,1,0.3995854277125544,0.03548148685348675,0.16087750088507424,0.17207007101509422,0.15978272951208997,0.5,-2.282559682467401,10,0.12223233165150246,0.04470546164430746,0.6134966779496069,-37.340199170895666,751,12.778721057958467,99.8435054773083,1917,2017-05-16,2026-08-31,False,False,True,True,2
night,us_dgs5|signth|w252,us_dgs5,signth,252,day,1,-1,0.01592573405241965,0.2624266533578289,0.161131084833397,0.17860116281955113,0.03806838054436677,0.5,-2.655627969531888,10,-0.18173314655648484,-0.044729515156673866,0.6135207314619734,-13.24292999274252,791,12.778695329452974,99.8435054773083,1917,2017-05-16,2026-08-31,False,False,False,True,1
night,us_dgs5|signth|w252,us_dgs5,signth,252,ongap,1,1,0.3109404282813724,0.33505868069784994,0.31838680394355895,0.3464998539329582,0.3582779790233907,0.5,-0.7365112248386625,10,0.009082782628666351,0.044682545836407926,0.6137317233939952,-11.947996983350306,1113,12.509202729543706,99.84309623430963,1912,2017-05-16,2026-08-31,False,False,True,True,2
night,us_dgs5|dev|w60,us_dgs5,dev,60,c2c,2,1,-0.020243274328878322,-0.1280151787884363,-0.0810456563273464,-0.05979490999946132,-0.25915583325313984,0.3,-2.021322805470208,10,0.006126773146672903,0.03635393936817145,0.6192732945536965,-53.88308638160322,1299,24.235722863624847,99.60317460317461,2268,2017-05-16,2026-08-31,False,False,True,True,2
night,us_dgs5|dev|w60,us_dgs5,dev,60,o2o,2,-1,0.02450201009316331,-0.030991703005196432,-0.0063711982393895505,0.01586867181368299,0.19544167304584492,0.6,-2.385280702181652,10,-0.024777946672986734,-0.03635393936817145,0.6192732945536965,-51.66284452545553,819,24.235722863624847,99.60317460317461,2268,2017-05-16,2026-08-31,False,False,True,True,2
night,us_dgs5|dev|w60,us_dgs5,dev,60,day,1,-1,0.499367141000326,0.23974137739033233,0.3632698617819801,0.39776304576212435,0.6316635524081067,0.8,-0.8017933135921722,10,-0.02095940442210187,-0.03655975219852877,0.6192075984576126,-17.590832591558453,518,24.234455408188694,99.60317460317461,2268,2017-05-16,2026-08-31,True,True,True,True,4
night,us_dgs5|dev|w60,us_dgs5,dev,60,ongap,1,1,0.29550706432338925,0.44324611979542927,0.3746287786861666,0.43459370272019326,0.27764776888819903,0.5,-0.7748949803561098,10,-0.09782408244549334,0.03779926425987457,0.6192200096256939,-8.719020765994037,1007,24.249926494026113,99.60229783473265,2263,2017-05-16,2026-08-31,False,False,True,True,2
night,us_dgs5|dev|w120,us_dgs5,dev,120,c2c,2,1,0.051007192361886076,-0.20972913537095483,-0.09678138156526107,-0.08268447064537994,-0.2903599484356244,0.3,-2.053931292344891,10,0.05371502247471089,0.01950087234486504,0.6555365679745654,-59.77252332201025,1220,16.916448889473834,99.73544973544973,2268,2017-05-16,2026-08-31,False,False,True,True,2
night,us_dgs5|dev|w120,us_dgs5,dev,120,o2o,2,1,0.013435251552186148,-0.16197944427790215,-0.08318538666256302,-0.06851468495765466,-0.2946600463351131,0.3,-1.9712764093241786,10,0.07533195115394081,0.01950087234486504,0.6555365679745654,-55.041874168648484,1158,16.916448889473834,99.73544973544973,2268,2017-05-16,2026-08-31,False,False,True,True,2
night,us_dgs5|dev|w120,us_dgs5,dev,120,day,1,-1,0.28213438274306935,0.4835771641169458,0.38665382443788177,0.4092223130373103,0.5483097370810465,0.7,-0.6813763118196021,10,-0.07899705487937118,-0.019904910393455457,0.655657583055385,-17.686422099360136,518,16.91229071848784,99.73544973544973,2268,2017-05-16,2026-08-31,False,True,True,True,3
night,us_dgs5|dev|w120,us_dgs5,dev,120,ongap,1,1,0.3032042993064498,0.286726558382545,0.29287902945685307,0.3317579596352654,0.171664262626534,0.5,-0.8303398038028553,10,-0.03871441729578058,0.020805511063816347,0.6557082206207977,-10.93244595865925,1054,16.91656586810753,99.7348652231551,2263,2017-05-16,2026-08-31,False,False,True,True,2
night,us_dgs5|dev|w252,us_dgs5,dev,252,c2c,2,-1,-0.0027498074359249237,0.29511716029696683,0.16546763181763577,0.1769041105141389,0.2702068769124277,0.8,-1.933509229392901,10,-0.07020803049249823,-0.010593165479917451,0.6645335510690975,-44.44741637344296,835,14.131833633060008,99.69135802469135,2268,2017-05-16,2026-08-31,False,True,True,True,3
night,us_dgs5|dev|w252,us_dgs5,dev,252,o2o,2,-1,0.02390402238797678,0.23731622796151977,0.14151639902849708,0.15345049597893007,0.263342715289584,0.7,-1.9126389627275788,10,-0.0826137875544601,-0.010593165479917451,0.6645335510690975,-46.02091338115055,834,14.131833633060008,99.69135802469135,2268,2017-05-16,2026-08-31,False,True,True,True,3
night,us_dgs5|dev|w252,us_dgs5,dev,252,day,1,-1,0.19153394230518098,0.552765045003614,0.381557546331119,0.3998342497511338,0.2507294581755267,0.6,-1.877440460561263,10,-0.10485212499538595,-0.010708457434734829,0.6646488430239149,-16.18645484516968,494,14.129490773290383,99.69135802469135,2268,2017-05-16,2026-08-31,False,False,True,True,2
night,us_dgs5|dev|w252,us_dgs5,dev,252,ongap,1,1,0.02816324321273412,0.059085594422440386,0.04452636356303578,0.07652364394396122,-0.16276498259926545,0.3,-1.6691975927141225,10,-0.004992492908113052,0.01086845710070204,0.6648909529568241,-17.754667867718254,1108,14.121178836707298,99.7348652231551,2263,2017-05-16,2026-08-31,False,False,True,True,2
night,us_dgs30|selfz|w60,us_dgs30,selfz,60,c2c,2,1,0.2602181280058876,0.07279089724437415,0.1479897161404067,0.17867230207755572,0.015606354791044748,0.4,-1.6692715358888925,10,0.016486126030749,0.030778309077161087,0.6160429948057747,-57.095138396104936,1283,31.987043681794276,99.42680776014109,2268,2017-05-16,2026-08-31,False,False,True,True,2
night,us_dgs30|selfz|w60,us_dgs30,selfz,60,o2o,2,1,0.1502035387607319,0.007028848903025585,0.0685639815561872,0.10035392223536352,-0.06447751714917016,0.4,-1.8873025666889234,10,0.00195607541719093,0.030778309077161087,0.6160429948057747,-59.109269790965925,1290,31.987043681794276,99.42680776014109,2268,2017-05-16,2026-08-31,False,False,True,True,2
night,us_dgs30|selfz|w60,us_dgs30,selfz,60,day,1,-1,0.22404995737854982,0.5022546770321009,0.3731717285103797,0.42256632592577403,0.41971474838984185,0.7,-0.991859327916046,10,-0.044832391757990586,-0.030896471688261564,0.6161611574168752,-15.852005593331539,580,31.990355862903126,99.42680776014109,2268,2017-05-16,2026-08-31,False,True,True,True,3
night,us_dgs30|selfz|w60,us_dgs30,selfz,60,ongap,1,1,0.12035439961103933,0.46074750195757824,0.3141205567437067,0.39940286115517426,0.21802597132262574,0.6,-0.9538052662048528,10,-0.06241906478386868,0.03202007759936249,0.6160556195319253,-7.8516758300825344,958,32.031552060398454,99.42554131683606,2263,2017-05-16,2026-08-31,False,False,True,True,2
night,us_dgs30|selfz|w120,us_dgs30,selfz,120,c2c,2,1,0.1681418955877672,-0.03439520816255864,0.05370078074671746,0.07496457226554534,-0.10252645667095213,0.4,-1.3857498231539653,10,0.08546691107490087,0.020485386161495256,0.6422031023669449,-54.19636628009068,1220,22.895366987883857,99.60317460317461,2268,2017-05-16,2026-08-31,False,False,True,True,2
night,us_dgs30|selfz|w120,us_dgs30,selfz,120,o2o,2,1,0.11967068356092692,-0.06651282105897076,0.01848311919084706,0.040344318278538106,-0.14528136887209192,0.4,-1.4459397917233847,10,0.07818097188755763,0.020485386161495256,0.6422031023669449,-52.94249262541866,1220,22.895366987883857,99.60317460317461,2268,2017-05-16,2026-08-31,False,False,True,True,2
night,us_dgs30|selfz|w120,us_dgs30,selfz,120,day,1,-1,0.25279185649013186,0.5950952578511106,0.43097295763315735,0.46453441502060544,0.5724011425298011,0.6,-0.49940991154318365,10,-0.09769815693248939,-0.020762200821286863,0.6424429466298356,-15.755903189379875,494,22.89718110022157,99.60317460317461,2268,2017-05-16,2026-08-31,False,False,True,True,2
night,us_dgs30|selfz|w120,us_dgs30,selfz,120,ongap,1,1,0.09160564239936357,0.25442596708744414,0.17987326024389358,0.2382991859012595,0.062085322308553195,0.4,-1.312202563303522,10,0.023619752258555064,0.021761845639214215,0.642512117527294,-10.370617433152136,1249,22.922221388711964,99.60229783473265,2263,2017-05-16,2026-08-31,False,False,True,True,2
night,us_dgs30|selfz|w252,us_dgs30,selfz,252,c2c,2,1,0.1963612236714545,-0.22259030459018,-0.03848371463534176,-0.021912747825306805,-0.14612824721712922,0.4,-1.8719490749816596,10,0.0970042832925409,0.007137123784803606,0.6473823834756847,-55.58816224234258,1220,18.844079908316957,99.47089947089947,2268,2017-05-16,2026-08-31,False,False,True,True,2
night,us_dgs30|selfz|w252,us_dgs30,selfz,252,o2o,2,1,0.1454828222874085,-0.23213725886322914,-0.059360698034352205,-0.04238412303105762,-0.19193342744557507,0.5,-1.8903806479190588,10,0.08479901020036848,0.007137123784803606,0.6473823834756847,-54.468038581212596,1220,18.844079908316957,99.47089947089947,2268,2017-05-16,2026-08-31,False,False,True,True,2
night,us_dgs30|selfz|w252,us_dgs30,selfz,252,day,1,-1,0.24758093422054642,0.6562802760942981,0.46017581351174214,0.4860800887684012,0.42135853303650356,0.6,-1.6526482299704925,10,-0.12111984143808055,-0.007234068284650813,0.6474793279755319,-14.82871730323463,487,18.84470165572717,99.47089947089947,2268,2017-05-16,2026-08-31,False,False,True,True,2
night,us_dgs30|selfz|w252,us_dgs30,selfz,252,ongap,1,1,0.038697520450263395,-0.05495136655876686,-0.009933977804856267,0.036757337921797736,-0.16305162934565043,0.3,-2.199714185696397,10,0.05693245055364767,0.007748679681560926,0.6478163209671028,-18.405526891082545,1289,18.85249547636078,99.46973044631021,2263,2017-05-16,2026-08-31,False,False,True,True,2
night,us_dgs30|robustz|w60,us_dgs30,robustz,60,c2c,2,1,0.2581456721687855,-0.0019955377085152104,0.10658527725603595,0.13467530321490023,-0.015052455941453541,0.3,-1.9580718766301035,10,0.005652561485920481,0.015071440481108011,0.5745641282065971,-60.74942611698289,1288,28.47620695716848,99.51499118165785,2268,2017-05-16,2026-08-31,False,False,True,True,2
night,us_dgs30|robustz|w60,us_dgs30,robustz,60,o2o,2,1,0.23974299780503278,-0.04389854255578954,0.08196174344486909,0.11079927272880226,-0.06127746846077435,0.4,-2.0988280800706396,10,-0.005620730216015915,0.015071440481108011,0.5745641282065971,-59.745548731854534,1288,28.47620695716848,99.51499118165785,2268,2017-05-16,2026-08-31,False,False,True,True,2
night,us_dgs30|robustz|w60,us_dgs30,robustz,60,day,1,-1,0.05185690869213092,0.5412346898945685,0.31306375478053255,0.35819552237445446,0.32397155083418444,0.7,-1.290266227335422,10,-0.02025406478837821,-0.015209305266137917,0.5747019929916269,-17.18942256727867,630,28.478747678568354,99.51499118165785,2268,2017-05-16,2026-08-31,False,True,True,True,3
night,us_dgs30|robustz|w60,us_dgs30,robustz,60,ongap,1,1,0.13293718558524742,0.44807653718485607,0.30527278065639235,0.3830360531889688,0.21410966105410428,0.6,-0.9147595861377716,10,-0.0868848018633826,0.01625904422587307,0.574436773564965,-8.455255561349873,949,28.51125505029537,99.51391957578436,2263,2017-05-16,2026-08-31,False,False,True,True,2
night,us_dgs30|robustz|w120,us_dgs30,robustz,120,c2c,2,-1,0.0032107927199783977,-0.10182389403272565,-0.05316950098649141,-0.03527298071787924,0.1447283404177234,0.6,-2.194561517586641,10,-0.02768128481076968,0.01560442429332617,0.6350411782039584,-45.93480443022503,1068,19.9679969391439,99.33862433862434,2268,2017-05-16,2026-08-31,False,False,True,True,2
night,us_dgs30|robustz|w120,us_dgs30,robustz,120,o2o,2,-1,0.02137043147633708,-0.08450502521442718,-0.03365317120579319,-0.015223463635500985,0.17972817868971794,0.7,-2.28374342977321,10,-0.03473374261046409,0.01560442429332617,0.6350411782039584,-40.6807178985087,1004,19.9679969391439,99.33862433862434,2268,2017-05-16,2026-08-31,False,True,True,True,3
night,us_dgs30|robustz|w120,us_dgs30,robustz,120,day,1,-1,0.4279486120192084,0.33725342807301184,0.38288997139073033,0.41091738968869684,0.7076637880220752,0.7,-0.35426459975149116,10,-0.03357896477544087,0.015333437090411451,0.6352985591298622,-13.067221740245246,520,19.968356969836766,99.33862433862434,2268,2017-05-16,2026-08-31,True,True,True,True,4
night,us_dgs30|robustz|w120,us_dgs30,robustz,120,ongap,1,1,0.12097763161605614,0.34323929893738014,0.23508928504341486,0.2844214933447805,0.08349703111205796,0.5,-1.4129329494332998,10,-0.032336138948763075,-0.014536292605294142,0.6354446278205959,-8.710986996786993,1220,19.97979046179151,99.3813521873619,2263,2017-05-16,2026-08-31,False,False,True,True,2
night,us_dgs30|robustz|w252,us_dgs30,robustz,252,c2c,2,1,0.29440655300660606,-0.1366566989334042,0.04366709679305958,0.0585875624967594,-0.05160819469721261,0.4,-1.9019149588260607,10,0.13971478670278853,0.03240237546916263,0.6623702338510846,-47.81428761637313,1220,17.57302547375039,99.33862433862434,2268,2017-05-16,2026-08-31,False,False,True,True,2
night,us_dgs30|robustz|w252,us_dgs30,robustz,252,o2o,2,1,0.22474677210386512,-0.13517953677490419,0.018707115185977556,0.034468021673273695,-0.05583396505606149,0.5,-1.8986341145557575,10,0.14136588156118096,0.03240237546916263,0.6623702338510846,-45.089033512265644,1220,17.57302547375039,99.33862433862434,2268,2017-05-16,2026-08-31,False,False,True,True,2
night,us_dgs30|robustz|w252,us_dgs30,robustz,252,day,1,-1,0.12380833944875867,0.44797676246466833,0.29791605889910205,0.32126802991784464,0.23822823833411014,0.5,-1.6817011412637213,10,-0.19102882481790556,-0.03253960080316955,0.6625074591850916,-15.441125523418235,487,17.572828785171982,99.33862433862434,2268,2017-05-16,2026-08-31,False,False,False,True,1
night,us_dgs30|robustz|w252,us_dgs30,robustz,252,ongap,1,1,0.052461332291733456,-0.10363020372096023,-0.03177004030155485,0.010836080026694455,-0.16826452689271074,0.3,-2.197903252969368,10,0.11409048775394336,0.03296609127407687,0.6629318248357868,-19.130891087166262,1293,17.582645646200582,99.3813521873619,2263,2017-05-16,2026-08-31,False,False,True,True,2
night,us_dgs30|bdtanh|w60,us_dgs30,bdtanh,60,c2c,2,1,0.17017740883751675,0.2474708353575797,0.21224638788568648,0.24008872267466183,0.05681861818081779,0.5,-1.5291786847663447,10,0.004866849879474137,0.04480936013920754,0.6770762516636902,-54.451661880540826,1201,30.314751855444293,99.64726631393297,2268,2017-05-16,2026-08-31,False,False,True,True,2
night,us_dgs30|bdtanh|w60,us_dgs30,bdtanh,60,o2o,2,1,0.11066075780173168,0.16082806555661913,0.13789135567389466,0.16690875095178198,-0.012133400590864884,0.6,-1.7774363884547197,10,0.00449225887495051,0.04480936013920754,0.6770762516636902,-55.724229717527216,1221,30.314751855444293,99.64726631393297,2268,2017-05-16,2026-08-31,False,False,True,True,2
night,us_dgs30|bdtanh|w60,us_dgs30,bdtanh,60,day,1,-1,0.22432944308403752,0.40408058194466145,0.32053270776220355,0.36575751938902734,0.31758989565279483,0.8,-1.2890167227787197,10,-0.04724959987467198,-0.044958657121767755,0.6772255486462505,-17.828791222312862,518,30.317151469663305,99.64726631393297,2268,2017-05-16,2026-08-31,False,True,True,True,3
night,us_dgs30|bdtanh|w60,us_dgs30,bdtanh,60,ongap,1,1,0.03378661582600901,0.37272308178586744,0.22943098968419465,0.30652122707691126,0.1377216158701328,0.5,-0.898653471288905,10,-0.07400468488886737,0.04601072147086722,0.6771484138095928,-11.827641242567392,1214,30.371357157308623,99.6464869642068,2263,2017-05-16,2026-08-31,False,False,True,True,2
night,us_dgs30|bdtanh|w120,us_dgs30,bdtanh,120,c2c,2,-1,0.10167862449250266,-0.18854112012780502,-0.06376092871286983,-0.0442198114482431,0.06194464846770925,0.6,-2.173205621039219,10,-0.08769079058782031,-0.04159355395461543,0.6809062789800228,-54.10532768619811,977,21.694543671265,99.64726631393297,2268,2017-05-16,2026-08-31,False,False,True,True,2
night,us_dgs30|bdtanh|w120,us_dgs30,bdtanh,120,o2o,2,-1,0.05432016469473679,-0.150700745105147,-0.059642671151329194,-0.03918035897402465,0.064994406168372,0.5,-2.323304802897098,10,-0.09697767725002672,-0.04159355395461543,0.6809062789800228,-46.69531329976528,981,21.694543671265,99.64726631393297,2268,2017-05-16,2026-08-31,False,False,True,True,2
night,us_dgs30|bdtanh|w120,us_dgs30,bdtanh,120,day,1,-1,0.309038030875947,0.3448719077202513,0.3274380688538365,0.358195377567152,0.4061211481894031,0.6,-0.8354842470258514,10,-0.11370744394633832,-0.04190872815972903,0.6811887793888176,-16.597718403303674,518,21.692804308688853,99.64726631393297,2268,2017-05-16,2026-08-31,False,False,True,True,2
night,us_dgs30|bdtanh|w120,us_dgs30,bdtanh,120,ongap,1,1,0.02837922493203174,0.21917871139369033,0.13568191065437196,0.18858883461077214,0.04788010607960712,0.3,-0.997851762121825,10,-0.00015678538716721303,0.04279986431833989,0.6811545188766688,-12.96900720946371,1255,21.72035177487725,99.6464869642068,2263,2017-05-16,2026-08-31,False,False,True,True,2
night,us_dgs30|bdtanh|w252,us_dgs30,bdtanh,252,c2c,2,-1,0.06598218110829586,0.0037032604956852323,0.030221841978704037,0.046845112596214156,0.1491093210321036,0.6,-1.2194810915821208,10,-0.11721461346908499,-0.041628622911250836,0.6662810618320776,-42.806820360879385,905,19.359621482552125,99.33862433862434,2268,2017-05-16,2026-08-31,False,False,True,True,2
night,us_dgs30|bdtanh|w252,us_dgs30,bdtanh,252,o2o,2,-1,0.04512460796536366,0.005433796167562788,0.023096526257922217,0.040364534997324994,0.1598086805734196,0.5,-1.5264384768475778,10,-0.11211877028262142,-0.041628622911250836,0.6662810618320776,-40.88867762445359,1055,19.359621482552125,99.33862433862434,2268,2017-05-16,2026-08-31,False,False,True,True,2
night,us_dgs30|bdtanh|w252,us_dgs30,bdtanh,252,day,1,-1,0.3746106818694204,0.4438784316495318,0.410383094035943,0.43638534184409106,0.40272584933373584,0.6,-1.5952764201742438,10,-0.13760796306828257,-0.041656894042107394,0.6663093329629342,-14.704202819118843,494,19.359236902661966,99.33862433862434,2268,2017-05-16,2026-08-31,False,False,True,True,2
night,us_dgs30|bdtanh|w252,us_dgs30,bdtanh,252,ongap,1,1,0.010898123874584142,-0.05729083509626261,-0.02518657603228515,0.021864987527162365,-0.15695175596511887,0.3,-2.1665216379124144,10,0.051878963582655285,0.04208710031886165,0.6666081855011847,-20.0799961572979,1293,19.34772339101195,99.33716305788775,2263,2017-05-16,2026-08-31,False,False,True,True,2
night,us_dgs30|rankc|w60,us_dgs30,rankc,60,c2c,2,1,0.1853360686909295,0.10511995532768556,0.13639513127069894,0.1687620552646082,0.008284605161685455,0.5,-1.6926653463446646,10,0.004562560505455725,0.04044618581967435,0.6564171466632646,-58.19602111077613,1237,34.8961205849689,99.86772486772487,2268,2017-05-16,2026-08-31,False,False,True,True,2
night,us_dgs30|rankc|w60,us_dgs30,rankc,60,o2o,2,1,0.07536847397631061,0.05557826900156916,0.06347501518793412,0.0973345242325073,-0.06973177636177783,0.4,-1.9517911374766714,10,0.008159473999879778,0.04044618581967435,0.6564171466632646,-59.997176105419115,1289,34.8961205849689,99.86772486772487,2268,2017-05-16,2026-08-31,False,False,True,True,2
night,us_dgs30|rankc|w60,us_dgs30,rankc,60,day,1,-1,0.2161690757752277,0.49469600663268465,0.3658702825900316,0.4186676035199494,0.3907055404375417,0.7,-1.1024781944074018,10,-0.03749564549817978,-0.04041906748883356,0.6563900283324238,-15.17005505569608,518,34.905945012542325,99.86772486772487,2268,2017-05-16,2026-08-31,False,True,True,True,3
night,us_dgs30|rankc|w60,us_dgs30,rankc,60,ongap,1,1,0.027314100351001604,0.4599184665804239,0.27525597094529836,0.3650360034623471,0.15320552226155282,0.5,-0.8863002650694908,10,-0.0725073750867315,0.04147049327983196,0.6562803849202423,-10.95536944500318,1181,34.974464082784074,99.86743261157756,2263,2017-05-16,2026-08-31,False,False,True,True,2
night,us_dgs30|rankc|w120,us_dgs30,rankc,120,c2c,2,1,0.027711761462661928,0.03610755036666453,0.03216875027390282,0.05596764659314566,-0.09377306635576094,0.4,-1.289817324525785,10,0.08678286937371521,0.038327042574940066,0.6684890403623129,-51.24940457949745,1220,26.16999170631308,99.77954144620811,2268,2017-05-16,2026-08-31,False,False,True,True,2
night,us_dgs30|rankc|w120,us_dgs30,rankc,120,o2o,2,1,-0.005710487755305829,0.01034905719513033,0.0031779320362057685,0.028040045316898743,-0.12799036722324525,0.4,-1.5440996552947233,10,0.09414799661387409,0.038327042574940066,0.6684890403623129,-50.013815170346135,1220,26.16999170631308,99.77954144620811,2268,2017-05-16,2026-08-31,False,False,True,True,2
night,us_dgs30|rankc|w120,us_dgs30,rankc,120,day,1,-1,0.25445453544711216,0.4579849534366987,0.36100273905288477,0.3986089152704166,0.4459165149582426,0.6,-0.6920941035523868,10,-0.10668728552059663,-0.03848541823966479,0.6686474160270377,-15.204334001641017,518,26.173059612278394,99.77954144620811,2268,2017-05-16,2026-08-31,False,False,True,True,2
night,us_dgs30|rankc|w120,us_dgs30,rankc,120,ongap,1,1,0.02842533492218102,0.24362311342850332,0.14784733502091296,0.21255328638568707,0.04958052214185085,0.4,-1.0799550194421397,10,0.017998565929206085,0.03927670136797498,0.6685154144280274,-13.076626525636078,1255,26.212596869924432,99.77905435262925,2263,2017-05-16,2026-08-31,False,False,True,True,2
night,us_dgs30|rankc|w252,us_dgs30,rankc,252,c2c,2,1,0.028363528139538855,-0.15815472681422302,-0.07671003014478277,-0.05833858130920486,-0.2217907332133415,0.4,-1.8739096667177508,10,0.10591431615071419,0.02953241732073315,0.6666064899332989,-54.51699786695781,1220,21.59445595388195,99.64726631393297,2268,2017-05-16,2026-08-31,False,False,True,True,2
night,us_dgs30|rankc|w252,us_dgs30,rankc,252,o2o,2,1,0.018444523330428394,-0.17628706415336412,-0.08847666203874047,-0.06943386962458496,-0.23954331081296082,0.4,-1.8920437890411677,10,0.10376690456760788,0.02953241732073315,0.6666064899332989,-56.285531984490056,1220,21.59445595388195,99.64726631393297,2268,2017-05-16,2026-08-31,False,False,True,True,2
night,us_dgs30|rankc|w252,us_dgs30,rankc,252,day,1,-1,0.3045451533086948,0.5588511726830678,0.43658204495213465,0.4653167569158769,0.47137343883234417,0.6,-1.2948291361364281,10,-0.12650509165557064,-0.02956860592777549,0.6666426785403412,-14.741077923057816,494,21.595329767823415,99.64726631393297,2268,2017-05-16,2026-08-31,False,False,True,True,2
night,us_dgs30|rankc|w252,us_dgs30,rankc,252,ongap,1,1,0.053240424786927226,-0.01395933537600162,0.01757393836467775,0.0693548675202862,-0.1286902280987029,0.4,-2.1702166409246337,10,0.038061992527481284,0.029948831834093397,0.6668987741805276,-19.125261506318175,1289,21.620918035170686,99.6464869642068,2263,2017-05-16,2026-08-31,False,False,True,True,2
night,us_dgs30|signth|w60,us_dgs30,signth,60,c2c,2,-1,0.016273052411029405,-0.453259956472907,-0.25656540045892556,-0.2295458896623786,-0.08573422299728715,0.4,-2.2396868646861217,10,0.00407561137899718,-0.043995505936177404,0.6764310585112406,-72.9813413830003,800,29.614177251557813,99.07407407407408,2268,2017-05-16,2026-08-31,False,False,True,True,2
night,us_dgs30|signth|w60,us_dgs30,signth,60,o2o,2,1,-0.0066706086460822135,0.22153958912641705,0.12335554048092344,0.1515353575573822,-0.010218365409140805,0.6,-1.5830195260540552,10,6.185987942251935e-05,0.043995505936177404,0.6764310585112406,-46.610957277026756,1202,29.614177251557813,99.07407407407408,2268,2017-05-16,2026-08-31,False,False,True,True,2
night,us_dgs30|signth|w60,us_dgs30,signth,60,day,1,-1,0.11824998064000616,0.3431965442006586,0.23843474356091612,0.2819610677232757,0.1971792472427881,0.7,-1.4591302915137123,10,-0.02266698863867272,-0.04427884455452092,0.6767143971295841,-20.003010394318675,931,29.614584039181686,99.07407407407408,2268,2017-05-16,2026-08-31,False,True,True,True,3
night,us_dgs30|signth|w60,us_dgs30,signth,60,ongap,1,1,-0.06959105015096831,0.3598990044740962,0.17711147997224114,0.25297085735451164,-0.00699225543806369,0.6,-1.680245499771722,10,-0.063082172213271,0.0450814575544599,0.6766205298356881,-11.228461447513059,1180,29.679260703808293,99.07202828104286,2263,2017-05-16,2026-08-31,False,False,True,True,2
night,us_dgs30|signth|w120,us_dgs30,signth,120,c2c,2,-1,0.32826372522936825,-0.2609498646583759,-0.0102329296211392,0.010198037329637638,0.11209594589450858,0.6,-2.1753565986136163,10,-0.08433731298077786,-0.03897094228452241,0.692822936095378,-53.14755044848193,838,21.75941682687247,99.73544973544973,2268,2017-05-16,2026-08-31,False,False,True,True,2
night,us_dgs30|signth|w120,us_dgs30,signth,120,o2o,2,-1,0.21615241497218685,-0.3284371937917525,-0.09010469827577156,-0.06860583999472798,0.02103097993854807,0.6,-2.566984242407446,10,-0.11107083871587972,-0.03897094228452241,0.692822936095378,-51.06673657599,1439,21.75941682687247,99.73544973544973,2268,2017-05-16,2026-08-31,False,False,True,True,2
night,us_dgs30|signth|w120,us_dgs30,signth,120,day,1,-1,0.22539151358517112,0.09092685051834587,0.15402318090606115,0.18596912192168547,0.18142545551974698,0.5,-0.9129445567566767,10,-0.12178096277871983,-0.039278720031401884,0.6930998059361495,-21.561859485153477,931,21.759262039727055,99.73544973544973,2268,2017-05-16,2026-08-31,False,False,True,True,2
night,us_dgs30|signth|w120,us_dgs30,signth,120,ongap,1,1,-0.0506126444389407,0.011376214167728134,-0.015769315356926925,0.043072617927243095,-0.03953688440504239,0.3,-1.1772652021338108,10,0.061017983126632876,0.04043251441414463,0.6933318475420783,-18.021537033364872,1293,21.807338182103823,99.7348652231551,2263,2017-05-16,2026-08-31,False,False,True,True,2
night,us_dgs30|signth|w252,us_dgs30,signth,252,c2c,2,-1,0.00924533932966574,-0.08468535388008203,-0.04768562453642794,-0.03350197445181706,-0.04555086878206069,0.6,-4.270742668601055,10,-0.12679545271114057,-0.0577065447171059,0.6466973811053669,-46.71651520415655,1472,16.638553287290726,100.0,2131,2017-05-16,2026-08-31,False,False,True,True,2
night,us_dgs30|signth|w252,us_dgs30,signth,252,o2o,2,1,0.06800757427508115,0.3124245700304974,0.21289270732549928,0.22777505405510054,0.1399426780625628,0.4,-2.4186721472371135,10,0.14089969180452377,0.0577065447171059,0.6466973811053669,-35.38430162087212,948,16.638553287290726,100.0,2131,2017-05-16,2026-08-31,False,False,True,True,2
night,us_dgs30|signth|w252,us_dgs30,signth,252,day,1,1,0.004374420913573296,-0.14409281678940355,-0.07946783766057336,-0.05721372189383428,-0.030602341650124796,0.5,-1.4703700422408734,10,0.16814304038018127,0.05765777099861638,0.6466486073868773,-24.007125865715484,1907,16.638162216207032,100.0,2131,2017-05-16,2026-08-31,False,False,False,True,1
night,us_dgs30|signth|w252,us_dgs30,signth,252,ongap,1,1,0.061497818096081416,0.11195697022342345,0.0903139290673097,0.13130757838015067,0.030187298916896324,0.3,-2.644251637182145,10,0.11103411328857411,0.05824878403991333,0.6469208207223209,-17.579200031126703,1292,16.674884012410914,100.0,2126,2017-05-16,2026-08-31,False,False,True,True,2
night,us_dgs30|dev|w60,us_dgs30,dev,60,c2c,2,1,-0.017845618950228525,-0.004444727082537683,-0.010471242493178786,0.01506785824786593,-0.17388642055803655,0.4,-1.7189582943737516,10,-0.0157979249366971,0.0028652103095080195,0.5924696455515439,-53.7364207759984,1290,26.6144799515541,99.20634920634922,2268,2017-05-16,2026-08-31,False,False,True,True,2
night,us_dgs30|dev|w60,us_dgs30,dev,60,o2o,2,-1,-0.024435980770538414,-0.02065981904019631,-0.02240952740891305,0.0037335747241102877,0.13524560139769365,0.6,-2.1844772777065757,10,0.031011408713376,-0.0028652103095080195,0.5924696455515439,-43.66269398901987,742,26.6144799515541,99.20634920634922,2268,2017-05-16,2026-08-31,False,False,True,True,2
night,us_dgs30|dev|w60,us_dgs30,dev,60,day,1,-1,0.4028627292477102,0.48961188925054366,0.4464723307148998,0.4870827611762726,0.6133983904885054,0.8,-0.6444848063562238,10,0.00650713087903778,-0.0031765497646591176,0.5926565933836145,-11.793081568117342,493,26.618319787577427,99.20634920634922,2268,2017-05-16,2026-08-31,True,True,True,True,4
night,us_dgs30|dev|w60,us_dgs30,dev,60,ongap,1,1,0.05005083603677157,0.32495589693716637,0.19693717221212226,0.26621604663498144,0.03500729482215523,0.5,-1.540156550067457,10,-0.12237967574579299,0.004511367169098972,0.5926382433745531,-8.93331808026555,955,26.64927757583719,99.2045956694653,2263,2017-05-16,2026-08-31,False,False,True,True,2
night,us_dgs30|dev|w120,us_dgs30,dev,120,c2c,2,-1,0.0908739057908525,0.13129150514748653,0.11210510555100564,0.1302028412663948,0.29101798764527165,0.6,-1.7992745688246339,10,-0.05398618874236712,0.019199948383365962,0.6373165330291225,-39.85299916319847,1059,19.839945109576938,99.25044091710758,2268,2017-05-16,2026-08-31,False,False,True,True,2
night,us_dgs30|dev|w120,us_dgs30,dev,120,o2o,2,-1,0.09632635000259687,0.14480487118307767,0.12103973580867218,0.1396241798572222,0.30012035679641724,0.7,-1.9246096248900149,10,-0.04468289135793245,0.019199948383365962,0.6373165330291225,-38.6679707006693,992,19.839945109576938,99.25044091710758,2268,2017-05-16,2026-08-31,False,True,True,True,3
night,us_dgs30|dev|w120,us_dgs30,dev,120,day,1,-1,0.3756280596297411,0.6583921045753504,0.5135422644719934,0.5417259294390808,0.7931409015910906,0.7,-0.2936998595776387,10,-0.06655979025187295,0.01878902016205053,0.6375311758780943,-16.057666661096277,491,19.84152965913485,99.25044091710758,2268,2017-05-16,2026-08-31,True,True,True,True,4
night,us_dgs30|dev|w120,us_dgs30,dev,120,ongap,1,1,-0.02958658473102888,0.06251310384181923,0.01710342168924157,0.06550777865690452,-0.10023848776257774,0.3,-1.7475261589736009,10,-0.011011473115498141,-0.017812271427013675,0.637467653323027,-14.239102054675609,1289,19.86181412649719,99.24878479893945,2263,2017-05-16,2026-08-31,False,False,True,True,2
night,us_dgs30|dev|w252,us_dgs30,dev,252,c2c,2,-1,0.0943413602887885,0.339899858144612,0.22635063497774685,0.24184041037281534,0.3427195163166996,0.7,-0.9751248415833458,10,0.004007475192031601,0.06211397939695734,0.654654993151924,-39.07066207711311,902,17.365517352118847,99.47089947089947,2268,2017-05-16,2026-08-31,False,True,True,True,3
night,us_dgs30|dev|w252,us_dgs30,dev,252,o2o,2,-1,0.08767304057789288,0.3717224264587227,0.23464851998877803,0.25054033345404925,0.36709376527105403,0.7,-0.8105290497240938,10,0.020001204931095782,0.06211397939695734,0.654654993151924,-38.899963760159686,1054,17.365517352118847,99.47089947089947,2268,2017-05-16,2026-08-31,False,True,True,True,3
night,us_dgs30|dev|w252,us_dgs30,dev,252,day,1,-1,0.4027394664365835,0.5666067071288267,0.48469609831662275,0.5085308917011624,0.4398953931097072,0.6,-1.5104958001743363,10,-0.0208053732568472,0.062006124217770915,0.6547628483311104,-14.609551831304518,487,17.36607865454284,99.47089947089947,2268,2017-05-16,2026-08-31,False,False,True,True,2
night,us_dgs30|dev|w252,us_dgs30,dev,252,ongap,1,1,-0.04340052021048541,-0.5076643493930276,-0.27014313446788973,-0.22716729011971104,-0.48198835538076706,0.3,-2.2442244925544386,10,-0.05066398375905645,-0.06147914487276934,0.6552838289278626,-21.44681209306377,1293,17.364534738875637,99.46973044631021,2263,2017-05-16,2026-08-31,False,False,True,True,2
night,us_term_premium_10y|selfz|w60,us_term_premium_10y,selfz,60,c2c,2,1,0.037805624878365224,-0.014771466245011727,0.0064207415178086265,0.028733381848810177,-0.0773118402652501,0.3,-1.3230182623214528,10,-0.009843901468848323,0.03037139264032812,0.6135882691946457,-48.42537430598517,1290,23.292928506711394,99.07407407407408,2268,2017-05-16,2026-08-31,False,False,True,True,2
night,us_term_premium_10y|selfz|w60,us_term_premium_10y,selfz,60,o2o,2,1,-0.019958872133455572,0.07107392686917761,0.032669765034262575,0.05627425632516224,-0.08197408021501612,0.3,-1.2684624925748667,10,0.003525445982057718,0.03037139264032812,0.6135882691946457,-45.66536317085134,1290,23.292928506711394,99.07407407407408,2268,2017-05-16,2026-08-31,False,False,True,True,2
night,us_term_premium_10y|selfz|w60,us_term_premium_10y,selfz,60,day,1,-1,0.21502041027121194,0.1345046021540083,0.17030112368193717,0.20638008766805313,0.5098126657593185,0.7,-0.5535301062930235,10,-0.029802833541024636,-0.03080122283767332,0.6136929822790024,-14.858206421423043,892,23.294177830477427,99.07407407407408,2268,2017-05-16,2026-08-31,False,True,True,True,3
night,us_term_premium_10y|selfz|w60,us_term_premium_10y,selfz,60,ongap,1,1,0.23837370674092404,0.5484555261465169,0.41329446120399177,0.4771261011297047,0.4696004095203794,0.7,-0.6683426661712207,10,-0.04341316292009844,0.031855630832039794,0.6134839002694359,-6.542726528781717,617,23.313496136596445,99.07202828104286,2263,2017-05-16,2026-08-31,False,True,True,True,3
night,us_term_premium_10y|selfz|w120,us_term_premium_10y,selfz,120,c2c,2,1,0.2117499636234969,-0.024989243213845734,0.0727806491926037,0.08949416296912295,-0.0609036672211414,0.3,-1.4216876930341125,10,0.01629478457061815,0.0066924402170461415,0.6162193133654326,-54.87100219532726,1220,17.60038913803167,99.33862433862434,2268,2017-05-16,2026-08-31,False,False,True,True,2
night,us_term_premium_10y|selfz|w120,us_term_premium_10y,selfz,120,o2o,2,1,0.15409720687369552,0.03192842947476053,0.083692241619558,0.10125796215182493,-0.08208943731622244,0.3,-1.4103166149624868,10,0.033033457636010885,0.0066924402170461415,0.6162193133654326,-51.64994823820792,1158,17.60038913803167,99.33862433862434,2268,2017-05-16,2026-08-31,False,False,True,True,2
night,us_term_premium_10y|selfz|w120,us_term_premium_10y,selfz,120,day,1,-1,-0.01298214122659093,0.09867664066242568,0.04678059470618293,0.07395222019131599,0.2790810296091279,0.5,-0.5776743807320912,10,-0.05540919893412733,-0.007201723026309639,0.616166150147084,-18.220911587649084,1060,17.59686961279331,99.33862433862434,2268,2017-05-16,2026-08-31,False,False,True,True,2
night,us_term_premium_10y|selfz|w120,us_term_premium_10y,selfz,120,ongap,1,1,0.14988436533688287,0.4085483643966844,0.2921159179091911,0.3385331519346861,0.3128666200221232,0.5,-0.6342774584563305,10,-0.001869274876988843,0.00815030553458034,0.6160668700861691,-7.269993532302375,610,17.607660125402063,99.33716305788775,2263,2017-05-16,2026-08-31,False,False,True,True,2
night,us_term_premium_10y|selfz|w252,us_term_premium_10y,selfz,252,c2c,2,1,0.19205098882564586,0.09570511075055214,0.1341670078523614,0.14682953443639699,-0.07982002279637844,0.4,-1.3256446710060894,10,0.1140274859852991,0.0386674261707695,0.612878573091206,-40.4017331284734,1151,13.877432801521145,99.25044091710758,2268,2017-05-16,2026-08-31,False,False,True,True,2
night,us_term_premium_10y|selfz|w252,us_term_premium_10y,selfz,252,o2o,2,1,0.10762385867496319,0.10887804750303609,0.10694957473238918,0.12031767800008107,-0.10577886748193008,0.4,-1.256429226052266,10,0.12824478815959886,0.0386674261707695,0.612878573091206,-39.05030796334566,1152,13.877432801521145,99.25044091710758,2268,2017-05-16,2026-08-31,False,False,True,True,2
night,us_term_premium_10y|selfz|w252,us_term_premium_10y,selfz,252,day,1,-1,0.017619993120648807,0.1905801698348,0.11072973107581136,0.13116736077907687,0.1740259166686779,0.6,-1.0585242537217046,10,-0.16046412326659076,-0.03877656048534252,0.6129877074057789,-14.454283908993293,839,13.876671510568704,99.25044091710758,2268,2017-05-16,2026-08-31,False,False,False,True,1
night,us_term_premium_10y|selfz|w252,us_term_premium_10y,selfz,252,ongap,1,1,0.010708961127960569,0.3777878267114231,0.20686120267474972,0.24269184706574348,0.027192889979838285,0.4,-1.9649087212734995,10,0.14731505699404887,0.03925610227283961,0.6131236401879185,-11.770129254211476,783,13.883124429120151,99.24878479893945,2263,2017-05-16,2026-08-31,False,False,True,True,2
night,us_term_premium_10y|robustz|w60,us_term_premium_10y,robustz,60,c2c,2,1,0.4197813783085407,0.03326168469315857,0.18816345666518158,0.20963002101945885,0.11736552788271103,0.4,-1.1397950944447304,10,-0.049065791710814655,0.018998802699178634,0.5432542983266387,-40.59832109078937,1226,21.113822868196042,99.25044091710758,2268,2017-05-16,2026-08-31,False,False,True,True,2
night,us_term_premium_10y|robustz|w60,us_term_premium_10y,robustz,60,o2o,2,1,0.3652417392465022,0.11810995737311533,0.22391753078468268,0.24628294950012738,0.07967455041462981,0.4,-1.3102210154677272,10,-0.040427081217141246,0.018998802699178634,0.5432542983266387,-38.1998517833764,1224,21.113822868196042,99.25044091710758,2268,2017-05-16,2026-08-31,False,False,True,True,2
night,us_term_premium_10y|robustz|w60,us_term_premium_10y,robustz,60,day,1,1,0.04922885624996557,-0.08712682956477036,-0.02450471946279001,0.010253306249308178,-0.11232330087446098,0.5,-0.7553616424576489,10,-0.012668327788610368,0.0192954115805695,0.5433572471642528,-18.07128706256217,1004,21.113628115573306,99.25044091710758,2268,2017-05-16,2026-08-31,False,False,True,True,2
night,us_term_premium_10y|robustz|w60,us_term_premium_10y,robustz,60,ongap,1,1,0.2572890064409772,0.4526670775634422,0.364855847100038,0.4258865612858145,0.4597419802991013,0.6,-0.7762795559881586,10,-0.0867067487028604,0.02010589499752591,0.5431525965059768,-7.340255507290083,723,21.12831961894481,99.24878479893945,2263,2017-05-16,2026-08-31,False,False,True,True,2
night,us_term_premium_10y|robustz|w120,us_term_premium_10y,robustz,120,c2c,2,1,0.29797349034436477,0.0615130956662591,0.16486724830468003,0.1791187847184292,-0.049959042586753884,0.3,-1.4561247694788364,10,0.005861972117932364,0.009795765354244156,0.5975194326658679,-49.491934407273206,1301,15.342138923096707,99.42680776014109,2268,2017-05-16,2026-08-31,False,False,True,True,2
night,us_term_premium_10y|robustz|w120,us_term_premium_10y,robustz,120,o2o,2,1,0.28352049819912534,0.1380534381278895,0.20493391295501287,0.21971570769308507,-0.05211727657779579,0.3,-1.358986118780551,10,0.020386501241202754,0.009795765354244156,0.5975194326658679,-47.109516214885936,1237,15.342138923096707,99.42680776014109,2268,2017-05-16,2026-08-31,False,False,True,True,2
night,us_term_premium_10y|robustz|w120,us_term_premium_10y,robustz,120,day,1,-1,0.03599071005313221,-0.1208393542972001,-0.04451853549412414,-0.021787594873700144,0.057416204061707686,0.5,-0.6015109840188141,10,-0.028404140537773865,-0.01011625959015317,0.5973847918503069,-18.57546961419933,1439,15.342451728677899,99.42680776014109,2268,2017-05-16,2026-08-31,False,False,True,True,2
night,us_term_premium_10y|robustz|w120,us_term_premium_10y,robustz,120,ongap,1,1,0.18804695879232047,0.3119610906229759,0.2523150906412235,0.2933276695375053,0.21256706905843345,0.5,-0.7915580183576829,10,-0.006182922815556076,0.011073419635598372,0.5973590329232508,-7.843555611996947,592,15.356700722880014,99.42554131683606,2263,2017-05-16,2026-08-31,False,False,True,True,2
night,us_term_premium_10y|robustz|w252,us_term_premium_10y,robustz,252,c2c,2,1,0.3862001433342619,0.007410682217763786,0.16062584958097828,0.17121622557659716,-0.03941759210880495,0.4,-1.4978309924547686,10,0.16473736655231497,0.06176789858042498,0.6394255660154463,-52.33313370456225,1246,12.352237186370063,99.16225749559084,2268,2017-05-16,2026-08-31,False,False,False,True,1
night,us_term_premium_10y|robustz|w252,us_term_premium_10y,robustz,252,o2o,2,1,0.36659853283800153,0.0007458055565875912,0.15208901527043914,0.16320360944012427,-0.055344067895508844,0.4,-1.5528112031746402,10,0.2117283075714065,0.06176789858042498,0.6394255660154463,-51.84107288322619,1253,12.352237186370063,99.16225749559084,2268,2017-05-16,2026-08-31,False,False,False,True,1
night,us_term_premium_10y|robustz|w252,us_term_premium_10y,robustz,252,day,1,1,0.2123434095473599,-0.4968034743551935,-0.17088510692477005,-0.15414052572166023,-0.1702609344872525,0.5,-1.8243266333378882,10,0.2270830651924579,0.061813105699295975,0.6394707731343172,-33.515052306871624,1301,12.353246612610045,99.16225749559084,2268,2017-05-16,2026-08-31,False,False,False,True,1
night,us_term_premium_10y|robustz|w252,us_term_premium_10y,robustz,252,ongap,1,1,0.22003409173030047,0.3261450651559584,0.27692119577757035,0.3071477500535594,0.07571182029526907,0.5,-1.6486578044991822,10,0.17066151890366596,0.062247042771670626,0.6398043234120648,-12.537315079113176,1239,12.361356332617857,99.2045956694653,2263,2017-05-16,2026-08-31,False,False,False,True,1
night,us_term_premium_10y|bdtanh|w60,us_term_premium_10y,bdtanh,60,c2c,2,-1,-0.019883411396430378,-0.0328313156959946,-0.02709539173421237,-0.007713403495157156,0.06630636227370747,0.6,-2.471303659540624,10,-5.804952893785113e-05,-0.03664195352412863,0.6790834174340512,-47.488021006793325,856,21.16588356374633,99.77954144620811,2268,2017-05-16,2026-08-31,False,False,True,True,2
night,us_term_premium_10y|bdtanh|w60,us_term_premium_10y,bdtanh,60,o2o,2,-1,-0.011952651957608966,-0.12125026615215836,-0.07477393009426077,-0.05455159413219107,0.052908905006373186,0.6,-2.481483960715476,10,-0.007257237665430094,-0.03664195352412863,0.6790834174340512,-46.304186500558245,952,21.16588356374633,99.77954144620811,2268,2017-05-16,2026-08-31,False,False,True,True,2
night,us_term_premium_10y|bdtanh|w60,us_term_premium_10y,bdtanh,60,day,1,-1,0.13085636780747983,0.2189021480503157,0.1781811586055449,0.20940588656663717,0.5866346552030395,0.7,-0.48225906599374757,10,-0.03233692085351243,-0.037192742476015485,0.6791087948822103,-15.697999264656712,1055,21.164473475825936,99.77954144620811,2268,2017-05-16,2026-08-31,False,True,True,True,3
night,us_term_premium_10y|bdtanh|w60,us_term_premium_10y,bdtanh,60,ongap,1,1,0.13701693650657842,0.6041846132315173,0.4069997716797537,0.46188233857128513,0.42545746944668117,0.7,-0.6632135719411858,10,-0.03285822648613641,0.03827494198018043,0.6788923236569988,-7.606359825126699,944,21.195202084527786,99.77905435262925,2263,2017-05-16,2026-08-31,False,True,True,True,3
night,us_term_premium_10y|bdtanh|w120,us_term_premium_10y,bdtanh,120,c2c,2,1,0.04998289220169795,0.03751400078888,0.04189233235928607,0.05595578612260195,-0.08255671993952769,0.4,-1.5265502437001264,10,0.03609032622354562,0.02082563121444525,0.6676699367760839,-52.64377771229556,1156,15.748530175990057,99.55908289241623,2268,2017-05-16,2026-08-31,False,False,True,True,2
night,us_term_premium_10y|bdtanh|w120,us_term_premium_10y,bdtanh,120,o2o,2,1,0.08396845847473201,0.08618310242190118,0.08418866767588896,0.09900872785050373,-0.07659362409495024,0.4,-1.4540659295958007,10,0.05519629309377973,0.02082563121444525,0.6676699367760839,-49.09442449313046,1152,15.748530175990057,99.55908289241623,2268,2017-05-16,2026-08-31,False,False,True,True,2
night,us_term_premium_10y|bdtanh|w120,us_term_premium_10y,bdtanh,120,day,1,1,-0.006057539920334315,-0.26395877870277973,-0.14431721327566893,-0.1215526858204509,-0.4196001731183859,0.4,-1.1703191637988515,10,0.08215331175482676,0.02142768194813499,0.6676110068089979,-23.646441802632125,1220,15.745927581513659,99.55908289241623,2268,2017-05-16,2026-08-31,False,False,True,True,2
night,us_term_premium_10y|bdtanh|w120,us_term_premium_10y,bdtanh,120,ongap,1,1,-0.006726497181517809,0.4749836441828524,0.267176647021062,0.3054420798020065,0.2791673950624512,0.6,-0.6304098826270248,10,-0.0028814791071881058,0.02215686918736961,0.6673995760093276,-10.316945559522791,1047,15.748319757179795,99.5581087052585,2263,2017-05-16,2026-08-31,False,False,True,True,2
night,us_term_premium_10y|bdtanh|w252,us_term_premium_10y,bdtanh,252,c2c,2,1,0.12123177856221344,0.15594502276876934,0.13953489243719105,0.15104778654774764,-0.07371768032831282,0.4,-1.2896603273297638,10,0.14148192497552037,0.07015453478989196,0.6564457230485384,-37.68133136112909,1078,12.932601328941406,99.38271604938271,2268,2017-05-16,2026-08-31,False,False,True,True,2
night,us_term_premium_10y|bdtanh|w252,us_term_premium_10y,bdtanh,252,o2o,2,1,0.11378044057231818,0.15197293245568627,0.13417974751094502,0.14628410164123903,-0.07396959721437191,0.4,-1.3231654488138784,10,0.15518463992969828,0.07015453478989196,0.6564457230485384,-39.40603802364132,1077,12.932601328941406,99.38271604938271,2268,2017-05-16,2026-08-31,False,False,False,True,1
night,us_term_premium_10y|bdtanh|w252,us_term_premium_10y,bdtanh,252,day,1,1,-0.0021965867877477034,-0.30878018319888567,-0.1672821926328008,-0.14899663754543147,-0.22625362511670358,0.5,-1.623891761161025,10,0.187049228071696,0.07019723857384454,0.656488426832491,-29.673089531020548,2044,12.931051883326523,99.38271604938271,2268,2017-05-16,2026-08-31,False,False,False,True,1
night,us_term_premium_10y|bdtanh|w252,us_term_premium_10y,bdtanh,252,ongap,1,-1,0.08354676902623419,-0.38709539417403155,-0.16514742657392076,-0.13250005667221315,-0.027482036152872386,0.7,-3.1939794946639104,10,-0.1761969471019668,-0.07059746313414995,0.6564801016255493,-17.192438017766815,1462,12.926917306857893,99.3813521873619,2263,2017-05-16,2026-08-31,False,True,False,True,2
night,us_term_premium_10y|rankc|w60,us_term_premium_10y,rankc,60,c2c,2,-1,-0.02112160795877381,-0.0018722822592495165,-0.009449946748294281,0.015154210179676464,0.06132966692861774,0.7,-2.48588571547805,10,0.016744461594401832,-0.030788241722583775,0.659889827051993,-45.70186906408444,858,26.50941111346183,99.69135802469135,2268,2017-05-16,2026-08-31,False,True,True,True,3
night,us_term_premium_10y|rankc|w60,us_term_premium_10y,rankc,60,o2o,2,-1,0.031150263553493037,-0.08492342545192962,-0.035925178798951865,-0.010113070527573396,0.07416861710884558,0.7,-2.4566377894921922,10,0.0005585332359369311,-0.030788241722583775,0.659889827051993,-44.81148373969061,854,26.50941111346183,99.69135802469135,2268,2017-05-16,2026-08-31,False,True,True,True,3
night,us_term_premium_10y|rankc|w60,us_term_premium_10y,rankc,60,day,1,-1,0.09920308076247931,0.2308348946799517,0.17030054758963026,0.21016294514123976,0.5017911256773099,0.6,-0.43600969696142705,10,-0.016770623815896914,-0.03132689464053428,0.6600415356060791,-17.206075048296874,1058,26.50551341699448,99.69135802469135,2268,2017-05-16,2026-08-31,False,False,True,True,2
night,us_term_premium_10y|rankc|w60,us_term_premium_10y,rankc,60,ongap,1,1,0.019112142288283365,0.5431761416204647,0.322755935733727,0.3924797940895363,0.383949099432844,0.7,-0.7200940370722794,10,-0.03240249555028247,0.03241899643558391,0.659759755994638,-7.761303386082084,970,26.55759669494962,99.69067609368095,2263,2017-05-16,2026-08-31,False,True,True,True,3
night,us_term_premium_10y|rankc|w120,us_term_premium_10y,rankc,120,c2c,2,-1,0.030560685821913167,-0.11551819041386113,-0.05558014147026176,-0.037696347954410125,0.06693013011801592,0.6,-2.8021177745669306,10,-0.02294931216367468,-0.01827709270033567,0.6604015546733895,-52.18224040243241,1199,19.60447880753106,99.42680776014109,2268,2017-05-16,2026-08-31,False,False,True,True,2
night,us_term_premium_10y|rankc|w120,us_term_premium_10y,rankc,120,o2o,2,-1,0.026774436775422288,-0.16970993171537285,-0.08617322284555189,-0.06735905949583357,0.0700729925069407,0.6,-2.844958222043597,10,-0.048387392656314816,-0.01827709270033567,0.6604015546733895,-53.520379686843356,1207,19.60447880753106,99.42680776014109,2268,2017-05-16,2026-08-31,False,False,True,True,2
night,us_term_premium_10y|rankc|w120,us_term_premium_10y,rankc,120,day,1,-1,0.009838276314186031,0.10619396674781266,0.06198527773269245,0.09107090964706825,0.3037056739836064,0.6,-0.7107046895476117,10,-0.06775501034017643,-0.018890275275841795,0.6604279129731285,-19.333098511094697,978,19.60171799635796,99.42680776014109,2268,2017-05-16,2026-08-31,False,False,True,True,2
night,us_term_premium_10y|rankc|w120,us_term_premium_10y,rankc,120,ongap,1,1,-0.044608562812940865,0.4360245796346758,0.22975879009639188,0.27860217710000457,0.2692005369623302,0.5,-0.6547323856364679,10,-0.0015045413070249164,0.019649489708257677,0.6602427678666258,-10.331305917339515,1326,19.62107774973557,99.42554131683606,2263,2017-05-16,2026-08-31,False,False,True,True,2
night,us_term_premium_10y|rankc|w252,us_term_premium_10y,rankc,252,c2c,2,1,0.04756337133344491,0.1665023979541761,0.11483950713061762,0.12999388702892659,-0.0695606920893034,0.4,-1.4017610668244094,10,0.11039911775886196,0.05332799245866832,0.6622046062230135,-38.42419102849242,1077,16.705784506409138,99.47089947089947,2268,2017-05-16,2026-08-31,False,False,True,True,2
night,us_term_premium_10y|rankc|w252,us_term_premium_10y,rankc,252,o2o,2,1,-0.00040104423778762724,0.1800446539430463,0.10141724173723457,0.11727925884153298,-0.087210778782139,0.4,-1.3555060930286396,10,0.13077350208671737,0.05332799245866832,0.6622046062230135,-38.218351051652846,1077,16.705784506409138,99.47089947089947,2268,2017-05-16,2026-08-31,False,False,True,True,2
night,us_term_premium_10y|rankc|w252,us_term_premium_10y,rankc,252,day,1,-1,-0.01799457321412693,0.20573295673114309,0.10255403957846479,0.12657508319428704,0.1396266270020865,0.6,-1.1840786640261898,10,-0.16089571542768513,-0.05349205789352517,0.6623686716578704,-19.12716873656931,686,16.70364838970778,99.47089947089947,2268,2017-05-16,2026-08-31,False,False,False,True,1
night,us_term_premium_10y|rankc|w252,us_term_premium_10y,rankc,252,ongap,1,-1,0.020294906847375303,-0.5125821199802397,-0.26034067310313413,-0.21780895822662202,-0.13736513890322893,0.7,-3.1681279079313756,10,-0.14131906449711237,-0.05389629850646019,0.6626841451558533,-21.988593289861708,1462,16.71014847993091,99.46973044631021,2263,2017-05-16,2026-08-31,False,True,True,True,3
night,us_term_premium_10y|signth|w60,us_term_premium_10y,signth,60,c2c,2,-1,0.13901366568034382,-0.1725445540036116,-0.04535243273096972,-0.02582674583056081,0.06593930467529938,0.6,-2.873621812421282,10,0.008724783555391654,-0.034262390314519164,0.6799041682444865,-46.9498022322439,572,21.516833009873178,99.29453262786596,2268,2017-05-16,2026-08-31,False,False,True,True,2
night,us_term_premium_10y|signth|w60,us_term_premium_10y,signth,60,o2o,2,-1,0.1635772621398012,-0.2846473490172716,-0.09689473730383875,-0.07663109807594033,0.0608455608732048,0.6,-2.7384587426626528,10,0.0034744208981599195,-0.034262390314519164,0.6799041682444865,-48.89672704178667,639,21.516833009873178,99.29453262786596,2268,2017-05-16,2026-08-31,False,False,True,True,2
night,us_term_premium_10y|signth|w60,us_term_premium_10y,signth,60,day,1,-1,0.01353985262598282,0.10718597971469594,0.06414685416656124,0.09556517059963518,0.25375691653272076,0.6,-0.6258123203529611,10,-0.001354639789829483,-0.03489014778000189,0.679809211919968,-20.662514268143738,1534,21.516981222779172,99.29453262786596,2268,2017-05-16,2026-08-31,False,False,True,True,2
night,us_term_premium_10y|signth|w60,us_term_premium_10y,signth,60,ongap,1,1,-0.01578019236033928,0.7786920241540003,0.44488048759005505,0.49977780308694264,0.34482665709785326,0.5,-0.5258899365731156,10,-0.03269311084211843,0.035773881030728184,0.6797666670575124,-7.879302302727292,944,21.56329793115764,99.2929739284136,2263,2017-05-16,2026-08-31,False,False,True,True,2
night,us_term_premium_10y|signth|w120,us_term_premium_10y,signth,120,c2c,2,-1,-0.008375731081925143,-0.1584219224023359,-0.09500847581452562,-0.08100022810001645,0.034831676379585605,0.6,-2.7480382588493435,10,-0.05115587378048681,-0.02818134338994479,0.6765260490865322,-54.17298412442274,1417,15.346299671088127,98.67724867724867,2268,2017-05-16,2026-08-31,False,False,True,True,2
night,us_term_premium_10y|signth|w120,us_term_premium_10y,signth,120,o2o,2,1,0.0364255243603447,0.2379466576249925,0.14983902637181928,0.16471255909089466,-0.01259626600040542,0.4,-1.3812078753899697,10,0.07196846191788478,0.02818134338994479,0.6765260490865322,-35.04607777465305,1130,15.346299671088127,98.67724867724867,2268,2017-05-16,2026-08-31,False,False,True,True,2
night,us_term_premium_10y|signth|w120,us_term_premium_10y,signth,120,day,1,-1,-0.021775006675436977,0.15180033546049318,0.07055358852150719,0.09288852919441493,0.2646944336232387,0.6,-0.8503261616047453,10,-0.09816574035116213,-0.02878962222671485,0.6764505713907263,-21.321149833282917,832,15.346726842817516,98.67724867724867,2268,2017-05-16,2026-08-31,False,False,True,True,2
night,us_term_premium_10y|signth|w120,us_term_premium_10y,signth,120,ongap,1,1,0.09555711532939822,0.5281953437593553,0.3438872487226403,0.3814702385628399,0.3525364046799387,0.5,-0.5148053321117969,10,-0.016535565778586565,0.02964939244944664,0.6764295257629028,-9.331186158870956,899,15.380146223374132,98.71851524524968,2263,2017-05-16,2026-08-31,False,False,True,True,2
night,us_term_premium_10y|signth|w252,us_term_premium_10y,signth,252,c2c,2,1,0.13735978636197893,0.176825087069843,0.15821490420666304,0.1687308777589321,-0.04660479603624507,0.4,-1.4485985372494898,10,0.10229732165048558,0.05107679759133064,0.6536196746524646,-31.74742583592608,623,11.972179070969759,99.47089947089947,2268,2017-05-16,2026-08-31,False,False,True,True,2
night,us_term_premium_10y|signth|w252,us_term_premium_10y,signth,252,o2o,2,1,0.14115168074746665,0.3052675014146109,0.23261102773904727,0.24376404575425908,0.02086604421662325,0.4,-1.6765816496725163,10,0.12859384874462745,0.05107679759133064,0.6536196746524646,-31.628276367875646,616,11.972179070969759,99.47089947089947,2268,2017-05-16,2026-08-31,False,False,True,True,2
night,us_term_premium_10y|signth|w252,us_term_premium_10y,signth,252,day,1,1,0.07560733939404184,-0.3553599973600257,-0.15293247016090125,-0.13626263003405592,-0.20696479848615712,0.4,-1.3882639676790027,10,0.16395555460358968,0.05101546408457106,0.6535583411457051,-23.85632077814469,2044,11.972187395472677,99.47089947089947,2268,2017-05-16,2026-08-31,False,False,False,True,1
night,us_term_premium_10y|signth|w252,us_term_premium_10y,signth,252,ongap,1,-1,0.19295356625118895,-0.5865510140892579,-0.22474550446077787,-0.19494765666014507,-0.16658375312386325,0.7,-3.392814742545032,10,-0.09487183596449929,-0.05101712710661211,0.6536634852965852,-22.31256495584683,1424,11.997039907380135,99.46973044631021,2263,2017-05-16,2026-08-31,False,True,True,True,3
night,us_term_premium_10y|dev|w60,us_term_premium_10y,dev,60,c2c,2,1,0.17134797787489253,0.0388563901588332,0.09314417369651286,0.11299752541888732,-0.06830333029771096,0.3,-1.2626564267268987,10,-0.01403540521218026,0.021130855321768064,0.5898200970407865,-41.66122311901562,1223,20.623750882790112,99.16225749559084,2268,2017-05-16,2026-08-31,False,False,True,True,2
night,us_term_premium_10y|dev|w60,us_term_premium_10y,dev,60,o2o,2,1,0.12529919677607113,0.13317236312886327,0.12852999195721776,0.14905712847528366,-0.07196396753267838,0.3,-1.3211071673845851,10,-0.004513423765793103,0.021130855321768064,0.5898200970407865,-39.45496096380431,1222,20.623750882790112,99.16225749559084,2268,2017-05-16,2026-08-31,False,False,True,True,2
night,us_term_premium_10y|dev|w60,us_term_premium_10y,dev,60,day,1,-1,0.1925990124828002,0.04147073809442404,0.11123585535126096,0.1434520471162048,0.42787462316289254,0.6,-0.6241888157525158,10,-0.015402958862297145,-0.02159641124434913,0.5898575653034552,-16.79417844453533,1060,20.624519581375345,99.16225749559084,2268,2017-05-16,2026-08-31,False,False,True,True,2
night,us_term_premium_10y|dev|w60,us_term_premium_10y,dev,60,ongap,1,1,0.21353026802434144,0.5287649092282458,0.38687976749193503,0.44238586294897014,0.32493223669591215,0.5,-0.7600001563126328,10,-0.06200371383138335,0.022869460763695133,0.5897685025847625,-7.281177213023161,659,20.646566689265175,99.16040653999116,2263,2017-05-16,2026-08-31,False,False,True,True,2
night,us_term_premium_10y|dev|w120,us_term_premium_10y,dev,120,c2c,2,1,0.16087285368108728,-0.05148773443667762,0.03678106054567152,0.050671072625332846,-0.16104704463834213,0.3,-1.7381193833724289,10,0.057967854526709675,0.0007475570609331473,0.6248067232953334,-51.22041359943241,1220,15.016227307696624,99.60317460317461,2268,2017-05-16,2026-08-31,False,False,True,True,2
night,us_term_premium_10y|dev|w120,us_term_premium_10y,dev,120,o2o,2,1,0.08926814183418091,-0.01635189663416642,0.028503913144921587,0.04300411851175127,-0.18110413181565757,0.3,-1.5644304724411089,10,0.07441590549499312,0.0007475570609331473,0.6248067232953334,-49.005799966135875,1220,15.016227307696624,99.60317460317461,2268,2017-05-16,2026-08-31,False,False,True,True,2
night,us_term_premium_10y|dev|w120,us_term_premium_10y,dev,120,day,1,-1,0.11023980721845601,0.2564914174434288,0.18774959214759937,0.21023558816142315,0.5433090715902142,0.7,-0.5701726897651399,10,-0.10047629878523986,-0.0012963782102830095,0.6248515682419664,-16.505439945111014,711,15.016066516600935,99.60317460317461,2268,2017-05-16,2026-08-31,False,True,True,True,3
night,us_term_premium_10y|dev|w120,us_term_premium_10y,dev,120,ongap,1,1,0.14103239470048445,0.4018768092661312,0.2854920759800184,0.32323559001338814,0.1608055361904701,0.5,-0.9080043304636272,10,0.0332648294468733,0.0022416676771930526,0.6248208351235109,-7.807300450266153,1204,15.03115007874062,99.60229783473265,2263,2017-05-16,2026-08-31,False,False,True,True,2
night,us_term_premium_10y|dev|w252,us_term_premium_10y,dev,252,c2c,2,1,0.3161984063402523,-0.11740843577078759,0.06390517400541537,0.07622884364182342,-0.13043599978721984,0.4,-1.4596449777991556,10,0.15347533990364257,0.04459696201884685,0.6217750033321315,-46.58522492165106,1246,13.590814261612264,99.38271604938271,2268,2017-05-16,2026-08-31,False,False,False,True,1
night,us_term_premium_10y|dev|w252,us_term_premium_10y,dev,252,o2o,2,1,0.245817165610889,-0.12548636198993823,0.03020556251256995,0.043235483403834034,-0.13762044265681242,0.4,-1.4669965313239985,10,0.17490222041643672,0.04459696201884685,0.6217750033321315,-46.75311067097685,1253,13.590814261612264,99.38271604938271,2268,2017-05-16,2026-08-31,False,False,False,True,1
night,us_term_premium_10y|dev|w252,us_term_premium_10y,dev,252,day,1,-1,0.063486896385959,0.5119207902764361,0.3032107272846214,0.3226826258153254,0.3542161129506127,0.6,-0.8866962255139177,10,-0.21750228096205826,-0.04480186053550308,0.6219799018487876,-16.81051273996554,655,13.588881040899336,99.38271604938271,2268,2017-05-16,2026-08-31,False,False,False,True,1
night,us_term_premium_10y|dev|w252,us_term_premium_10y,dev,252,ongap,1,1,-0.0005675488228891964,0.23778576165320542,0.126407723496719,0.16129923943763252,-0.06567530637003388,0.3,-1.9849575979663776,10,0.17245265878090935,0.04530471815122667,0.6220924672106989,-13.052892304323956,1259,13.592693546599323,99.3813521873619,2263,2017-05-16,2026-08-31,False,False,False,True,1
night,twd_usd|selfz|w60,twd_usd,selfz,60,c2c,2,1,0.5889434464444608,-0.5670066548724371,-0.09801930126371731,-0.0657075756336161,0.0803935648314975,0.5,-1.2587671575964752,10,0.1943677718839765,0.03513866037947316,0.5741256053912297,-60.64864620191349,1107,30.728104056326565,99.29453262786596,2268,2017-05-16,2026-08-31,False,False,False,True,1
night,twd_usd|selfz|w60,twd_usd,selfz,60,o2o,2,1,0.5683523374568166,-0.7171772700191912,-0.1964001325808331,-0.1626071486636368,-0.006790476307865323,0.4,-1.3400555142861024,10,0.09146474340522372,0.03513866037947316,0.5741256053912297,-63.34077686513222,1102,30.728104056326565,99.29453262786596,2268,2017-05-16,2026-08-31,False,False,True,True,2
night,twd_usd|selfz|w60,twd_usd,selfz,60,day,1,1,0.4345328060198507,-0.7942570226325448,-0.23884065204122196,-0.1869238752024906,-0.10105990946136509,0.5,-1.351143572297148,10,0.1304696777657473,0.03489150230674364,0.5743727634639593,-37.89411516723058,1244,30.733076154062978,99.29453262786596,2268,2017-05-16,2026-08-31,False,False,True,True,2
night,twd_usd|selfz|w60,twd_usd,selfz,60,ongap,1,-1,0.18106582360295598,0.26364457014315895,0.2261063606418366,0.31228387720384304,0.161073430748017,0.5,-1.2807765128703494,10,-0.2333517788353585,-0.034841246802871845,0.5744933474352237,-9.920257869652387,648,30.74497680032136,99.2929739284136,2263,2017-05-16,2026-08-31,False,False,False,True,1
night,twd_usd|selfz|w120,twd_usd,selfz,120,c2c,2,1,0.3506258144519943,-0.4997674909417276,-0.16559400075747654,-0.14141249343319803,0.013964562067447091,0.3,-1.407711144320873,10,0.2090926065331057,0.06281759069899531,0.5964857948460706,-66.50920660630375,1107,22.21580372063552,99.64726631393297,2268,2017-05-16,2026-08-31,False,False,False,True,1
night,twd_usd|selfz|w120,twd_usd,selfz,120,o2o,2,1,0.3540736128884804,-0.5823854469781407,-0.2034995489306469,-0.17827274087739295,-0.013305327200201514,0.4,-1.6428017109169346,10,0.1292575510454924,0.06281759069899531,0.5964857948460706,-68.37142557242046,1102,22.21580372063552,99.64726631393297,2268,2017-05-16,2026-08-31,False,False,True,True,2
night,twd_usd|selfz|w120,twd_usd,selfz,120,day,1,1,0.21379037945742915,-0.9570428915155923,-0.4361378734860175,-0.3966383681813053,-0.23365486857800047,0.4,-1.6404359483479918,10,0.14042432320695525,0.0625471398120937,0.596756245732972,-42.91061984276225,1244,22.229074427097657,99.64726631393297,2268,2017-05-16,2026-08-31,False,False,True,True,2
night,twd_usd|selfz|w120,twd_usd,selfz,120,ongap,1,-1,0.23914810567578343,0.07725319418601828,0.1356823412482496,0.2011422331628427,0.054451815845950484,0.5,-1.8363413642271555,10,-0.22904770832764015,-0.06209394464921104,0.597036907800909,-13.352038584778391,524,22.24280903331464,99.6464869642068,2263,2017-05-16,2026-08-31,False,False,False,True,1
night,twd_usd|selfz|w252,twd_usd,selfz,252,c2c,2,1,0.16002203009810373,-0.3910371394923064,-0.16273271640211195,-0.1483340109298481,-0.05283164488382683,0.3,-1.8864329933332094,10,0.285945697574196,0.10870614250872118,0.6554039775628543,-83.3576292650442,1570,15.758557900671692,100.0,2268,2017-05-16,2026-08-31,False,False,False,True,1
night,twd_usd|selfz|w252,twd_usd,selfz,252,o2o,2,1,0.16756061327662208,-0.4919480475681054,-0.21397011377311495,-0.19881476452180963,-0.08453344946772019,0.4,-2.4077008744579924,10,0.22074618248083014,0.10870614250872118,0.6554039775628543,-87.00895656954589,1569,15.758557900671692,100.0,2268,2017-05-16,2026-08-31,False,False,False,True,1
night,twd_usd|selfz|w252,twd_usd,selfz,252,day,1,-1,0.046708407910802906,0.907317037326977,0.5121734362683421,0.5358333576752311,0.5398960922368898,0.6,-0.8575631023055016,10,-0.21036137450366849,-0.10906514510872661,0.6551845924210279,-16.75108080037812,908,15.789580717424242,100.0,2268,2017-05-16,2026-08-31,False,False,False,True,1
night,twd_usd|selfz|w252,twd_usd,selfz,252,ongap,1,-1,0.22262854193773307,0.10864453939705067,0.1531642754273327,0.19224102099567736,-0.0382074107185723,0.6,-2.6931667261512846,10,-0.26992997463389157,-0.10887757983374662,0.6550689204097027,-15.173208572304203,361,15.810782298448476,100.0,2263,2017-05-16,2026-08-31,False,False,False,True,1
night,twd_usd|robustz|w60,twd_usd,robustz,60,c2c,2,1,0.7647080338622579,-0.4619560139330916,0.008021503881468339,0.03742387463936347,0.14404508661047757,0.4,-1.3451690592965324,10,0.17263620977250224,0.047449466324189414,0.5136230602036289,-58.81577667160379,1107,24.5168703838315,98.4126984126984,2268,2017-05-16,2026-08-31,False,False,False,True,1
night,twd_usd|robustz|w60,twd_usd,robustz,60,o2o,2,1,0.8201881264034716,-0.577939064242244,-0.020761466287838336,0.010653653725786324,0.10633197034588707,0.4,-1.484972309377092,10,0.10115613898825329,0.047449466324189414,0.5136230602036289,-60.078703131880374,1102,24.5168703838315,98.4126984126984,2268,2017-05-16,2026-08-31,False,False,True,True,2
night,twd_usd|robustz|w60,twd_usd,robustz,60,day,1,1,0.5638733562186609,-0.7435606657324613,-0.18169444091385722,-0.1345669914373521,-0.017668357321984334,0.4,-1.392631762844541,10,0.12666610103212772,0.046979770161818604,0.5139604127307174,-35.17138209335711,1207,24.526496399987085,98.4126984126984,2268,2017-05-16,2026-08-31,False,False,True,True,2
night,twd_usd|robustz|w60,twd_usd,robustz,60,ongap,1,1,-0.0815857495297564,-0.16116494627839686,-0.12705392473773702,-0.040998607588205546,-0.0870952560512338,0.5,-2.0161627398326205,10,0.16619575508450704,0.046464676106000746,0.5139810909578219,-19.90693927709266,1973,24.53808957499335,98.40919133893063,2263,2017-05-16,2026-08-31,False,False,False,True,1
night,twd_usd|robustz|w120,twd_usd,robustz,120,c2c,2,1,0.3737693812172641,-0.4385530912418076,-0.09135096120359334,-0.07227645376887475,-0.003295406177416447,0.3,-1.5446922506646663,10,0.13386431653283504,0.0552690852613744,0.571493640506319,-62.00421734086197,1107,16.907851451403285,99.51499118165785,2268,2017-05-16,2026-08-31,False,False,True,True,2
night,twd_usd|robustz|w120,twd_usd,robustz,120,o2o,2,1,0.2841650013814734,-0.5015834596322332,-0.1607549736486912,-0.14093760306778017,-0.029334757814318966,0.3,-1.6390266909597977,10,0.10243807759229025,0.0552690852613744,0.571493640506319,-63.02231343590803,1102,16.907851451403285,99.51499118165785,2268,2017-05-16,2026-08-31,False,False,True,True,2
night,twd_usd|robustz|w120,twd_usd,robustz,120,day,1,1,0.020128854144450606,-0.6930813432136295,-0.35278883320225446,-0.32232528818830797,-0.22354748074402297,0.5,-1.413247029153268,10,0.09199419917286304,0.05490127028929962,0.571861455478394,-32.17490239729185,2110,16.921934151488884,99.51499118165785,2268,2017-05-16,2026-08-31,False,False,True,True,2
night,twd_usd|robustz|w120,twd_usd,robustz,120,ongap,1,-1,0.16202494519362476,-0.15939536035258858,-0.024780878293970427,0.026711650112183502,-0.10399229727434739,0.6,-2.514778651560969,10,-0.19318481507373866,-0.054370564980075996,0.5719156666931536,-14.224976443586442,589,16.93469181502013,99.51391957578436,2263,2017-05-16,2026-08-31,False,False,False,True,1
night,twd_usd|robustz|w252,twd_usd,robustz,252,c2c,2,1,0.2644526181166133,-0.485846902674429,-0.15316591753546305,-0.1401100292005415,-0.12854037651783584,0.5,-2.2949387284479785,10,0.19526888796323036,0.12600484069881868,0.6356021952176042,-80.58941666560709,1570,13.284591359807447,99.64726631393297,2268,2017-05-16,2026-08-31,False,False,False,True,1
night,twd_usd|robustz|w252,twd_usd,robustz,252,o2o,2,1,0.2618141371217842,-0.5438133126138933,-0.18233986653591075,-0.16893707948309758,-0.15446595878567507,0.5,-2.6823802200150264,10,0.15632623202744028,0.12600484069881868,0.6356021952176042,-81.80027075353745,1569,13.284591359807447,99.64726631393297,2268,2017-05-16,2026-08-31,False,False,False,True,1
night,twd_usd|robustz|w252,twd_usd,robustz,252,day,1,-1,0.09667418938546353,0.8093143801693976,0.46271199721698214,0.48327634752702925,0.6025444649529853,0.7,-0.4210850352796871,10,-0.15529344441091295,-0.12642125893351397,0.6353459158139292,-14.992321456452851,625,13.297814675564457,99.64726631393297,2268,2017-05-16,2026-08-31,True,True,False,True,3
night,twd_usd|robustz|w252,twd_usd,robustz,252,ongap,1,-1,0.15932844422593365,0.14962142496035666,0.1540158615620109,0.1895002644271872,0.019707989201681802,0.7,-2.3980999547086386,10,-0.18360982942217655,-0.12614238469724617,0.6354531802842542,-13.677318388075522,355,13.308917923981925,99.6464869642068,2263,2017-05-16,2026-08-31,False,True,False,True,2
night,twd_usd|bdtanh|w60,twd_usd,bdtanh,60,c2c,2,1,0.5503508732221856,-0.3713368442264444,0.014892337356683884,0.04331876138404154,0.16471695251936974,0.5,-0.9663584862401714,10,0.19201367747110903,0.04300765632734728,0.6367396931613923,-55.850946915930564,1107,27.684003769435584,99.20634920634922,2268,2017-05-16,2026-08-31,False,False,False,True,1
night,twd_usd|bdtanh|w60,twd_usd,bdtanh,60,o2o,2,1,0.520346059872828,-0.6198884966317203,-0.13952827671279647,-0.11026505456798207,0.01858084582373242,0.5,-1.1061374137406792,10,0.07870914502797363,0.04300765632734728,0.6367396931613923,-63.33930012679308,1102,27.684003769435584,99.20634920634922,2268,2017-05-16,2026-08-31,False,False,True,True,2
night,twd_usd|bdtanh|w60,twd_usd,bdtanh,60,day,1,1,0.4526317975754799,-0.8008353255990266,-0.22264117775406428,-0.17796697209708978,-0.07851169961720639,0.5,-1.4729285670079622,10,0.12273890789287643,0.04283726797934642,0.6369100815093932,-39.139361703009726,1244,27.687316160844624,99.20634920634922,2268,2017-05-16,2026-08-31,False,False,True,True,2
night,twd_usd|bdtanh|w60,twd_usd,bdtanh,60,ongap,1,-1,0.24219156273871292,0.23639602648831823,0.23656659611842945,0.31573846789866145,0.174868350174538,0.6,-1.4271146738577711,10,-0.19441744745323278,-0.04297527677352024,0.6367909147803421,-11.286322630391247,402,27.709643731494214,99.2045956694653,2263,2017-05-16,2026-08-31,False,False,False,True,1
night,twd_usd|bdtanh|w120,twd_usd,bdtanh,120,c2c,2,1,0.3041053573585826,-0.3163114255579085,-0.07402967512933102,-0.05249695480539391,0.11497344550478049,0.3,-1.3706504565923947,10,0.1906550884920554,0.05183066977746869,0.6432332262637336,-57.822248302419645,1107,20.477892696032402,99.73544973544973,2268,2017-05-16,2026-08-31,False,False,False,True,1
night,twd_usd|bdtanh|w120,twd_usd,bdtanh,120,o2o,2,1,0.3166950691184058,-0.40464417643470146,-0.11426591041735902,-0.09190961184858097,0.0675227409612528,0.3,-1.7019598693661142,10,0.10924200647941679,0.05183066977746869,0.6432332262637336,-62.02909297923813,1565,20.477892696032402,99.73544973544973,2268,2017-05-16,2026-08-31,False,False,True,True,2
night,twd_usd|bdtanh|w120,twd_usd,bdtanh,120,day,1,1,0.28652480644175904,-0.7611403017800588,-0.30305713652935395,-0.26831327527913457,-0.11297711483703347,0.5,-1.5819969273378929,10,0.12123438454370769,0.051625994875385044,0.6434379011658172,-36.06786749194887,1244,20.494447947411103,99.73544973544973,2268,2017-05-16,2026-08-31,False,False,True,True,2
night,twd_usd|bdtanh|w120,twd_usd,bdtanh,120,ongap,1,-1,0.30780012331459744,0.08899037704811912,0.16988584450133845,0.2302161381607903,0.031061518824707687,0.7,-1.9593420098729295,10,-0.1738043288933762,-0.05143066684077732,0.6434736783926293,-13.389342201239515,402,20.494514356927066,99.7348652231551,2263,2017-05-16,2026-08-31,False,True,False,True,2
night,twd_usd|bdtanh|w252,twd_usd,bdtanh,252,c2c,2,1,0.07977988226253938,-0.24627303524038946,-0.11024773061259467,-0.09710041905983892,-0.009951722559642514,0.5,-2.2833925412132694,10,0.2595432742204162,0.09798795779804363,0.6697060222360731,-82.47001069899721,1570,14.81885563609912,99.60317460317461,2268,2017-05-16,2026-08-31,False,False,False,True,1
night,twd_usd|bdtanh|w252,twd_usd,bdtanh,252,o2o,2,1,0.04338354092666153,-0.34432882599537784,-0.18027134032653933,-0.16665204896679167,-0.07151911382829738,0.5,-2.6982672735607416,10,0.20053114049309398,0.09798795779804363,0.6697060222360731,-86.8435233924561,1569,14.81885563609912,99.60317460317461,2268,2017-05-16,2026-08-31,False,False,False,True,1
night,twd_usd|bdtanh|w252,twd_usd,bdtanh,252,day,1,-1,0.07602918973253518,0.7763309594722169,0.45727234958782237,0.4782155241442909,0.45817705071051323,0.6,-0.8408330860122405,10,-0.18311522248941495,-0.09840626261422271,0.669573346451242,-17.38847478965652,906,14.844397791991714,99.60317460317461,2268,2017-05-16,2026-08-31,False,False,False,True,1
night,twd_usd|bdtanh|w252,twd_usd,bdtanh,252,ongap,1,-1,0.35599904875955324,0.09281691648831586,0.20319995822940162,0.24008733783393246,0.014241365344010309,0.7,-2.736573437138475,10,-0.1941545429308695,-0.09819872048483566,0.6694454379269772,-16.19821647999625,403,14.864783777353114,99.60229783473265,2263,2017-05-16,2026-08-31,False,True,False,True,2
night,twd_usd|rankc|w60,twd_usd,rankc,60,c2c,2,1,0.5543074245345716,-0.4348204889049668,-0.010895647856517312,0.024133900070737287,0.09845709606409926,0.4,-1.2818697554667522,10,0.1999291090877557,0.03828029661627005,0.6267524240366171,-56.206255195237006,1107,34.23189748922321,99.38271604938271,2268,2017-05-16,2026-08-31,False,False,False,True,1
night,twd_usd|rankc|w60,twd_usd,rankc,60,o2o,2,1,0.5275690044699431,-0.6710390059004102,-0.15431443013643523,-0.11815470467251114,-0.024648351265547704,0.4,-1.4591622721964894,10,0.08969189950046388,0.03828029661627005,0.6267524240366171,-64.03511977781248,1102,34.23189748922321,99.38271604938271,2268,2017-05-16,2026-08-31,False,False,True,True,2
night,twd_usd|rankc|w60,twd_usd,rankc,60,day,1,1,0.4452123199188373,-0.8805344245830236,-0.2590855969273826,-0.20381805822679389,-0.12823369175780464,0.5,-1.5916612960862948,10,0.12952434525782336,0.03807112527552576,0.6269615953773614,-42.16169629242898,1244,34.23366893476701,99.38271604938271,2268,2017-05-16,2026-08-31,False,False,True,True,2
night,twd_usd|rankc|w60,twd_usd,rankc,60,ongap,1,-1,0.3609673555318345,0.1772270275215868,0.25670288063546376,0.352028384628946,0.21697998772517205,0.7,-1.4234465450402718,10,-0.22991375789051524,-0.03836771874350236,0.62676487878907,-11.321312193598018,402,34.25541028382994,99.3813521873619,2263,2017-05-16,2026-08-31,False,True,False,True,2
night,twd_usd|rankc|w120,twd_usd,rankc,120,c2c,2,1,0.2976587093932757,-0.3321950343097989,-0.08344758352519781,-0.0564906749055021,0.05363724336239791,0.3,-1.7363540877229564,10,0.20861882047890387,0.05769678867882223,0.6429843826832823,-61.1146643652843,1107,25.93923746544567,99.60317460317461,2268,2017-05-16,2026-08-31,False,False,False,True,1
night,twd_usd|rankc|w120,twd_usd,rankc,120,o2o,2,1,0.32149511778859774,-0.4642052729105321,-0.14102745193523142,-0.11294899378567086,-0.002126819224759239,0.4,-1.8685745799418634,10,0.11173415227377335,0.05769678867882223,0.6429843826832823,-66.13367203466123,1102,25.93923746544567,99.60317460317461,2268,2017-05-16,2026-08-31,False,False,True,True,2
night,twd_usd|rankc|w120,twd_usd,rankc,120,day,1,1,0.31386408619798567,-0.86703924552965,-0.3387647812157241,-0.29489216979485644,-0.1722290256340268,0.4,-1.800484898785607,10,0.12586129454683764,0.057504095432044176,0.6431770759300603,-39.64428758220204,1100,25.946040440035954,99.60317460317461,2268,2017-05-16,2026-08-31,False,False,True,True,2
night,twd_usd|rankc|w120,twd_usd,rankc,120,ongap,1,-1,0.38355262432249043,0.07606626469515969,0.19138288217293895,0.2649766953686853,0.09254366843903865,0.7,-2.1068701797358234,10,-0.2098951833366149,-0.05753742379476439,0.643041499439515,-14.813126060703816,375,25.95213072179205,99.60229783473265,2263,2017-05-16,2026-08-31,False,True,False,True,2
night,twd_usd|rankc|w252,twd_usd,rankc,252,c2c,2,1,0.17246542154306896,-0.3208330859199322,-0.12277688128965886,-0.10346440987935637,0.015290030028881612,0.3,-2.150850936827018,10,0.25839796894363243,0.07679529710148694,0.6590123540142067,-75.63329877527163,1570,20.761673089661073,99.64726631393297,2268,2017-05-16,2026-08-31,False,False,False,True,1
night,twd_usd|rankc|w252,twd_usd,rankc,252,o2o,2,1,0.1496554833196912,-0.42020223870333523,-0.1838632951829562,-0.16373256888828383,-0.05303978703092235,0.3,-2.6667665203835593,10,0.18441810070209597,0.07679529710148694,0.6590123540142067,-78.89181328215561,1569,20.761673089661073,99.64726631393297,2268,2017-05-16,2026-08-31,False,False,False,True,1
night,twd_usd|rankc|w252,twd_usd,rankc,252,day,1,1,0.08876220697544047,-0.8853277488331309,-0.44930785790036587,-0.41837947098993744,-0.28004343534358017,0.4,-1.9951088298791793,10,0.1701340498728098,0.07715561445153243,0.6588276811536545,-48.3669359527957,1100,20.786250920783846,99.64726631393297,2268,2017-05-16,2026-08-31,False,False,False,True,1
night,twd_usd|rankc|w252,twd_usd,rankc,252,ongap,1,-1,0.317395920180133,0.08106076843980309,0.1751783115600687,0.2293340083582354,0.0826554406001954,0.7,-2.6085458364594016,10,-0.20223058299158403,-0.07688418103477174,0.6586751449731009,-16.653810455993202,361,20.80120126689121,99.6464869642068,2263,2017-05-16,2026-08-31,False,True,False,True,2
night,twd_usd|signth|w60,twd_usd,signth,60,c2c,2,1,0.3755428164304558,-0.16570591498889875,0.06350191376358853,0.08962867371405399,0.13440984360001743,0.5,-1.4150275137932218,10,0.1792525018340935,0.04454383929754894,0.6569539659632019,-47.009562824289574,1107,25.40703881275583,100.0,2268,2017-05-16,2026-08-31,False,False,False,True,1
night,twd_usd|signth|w60,twd_usd,signth,60,o2o,2,1,0.43466754462635926,-0.4092081625478533,-0.04754806737242408,-0.02038921155180442,0.03405969679175543,0.5,-1.1809811418144762,10,0.07799602304427157,0.04454383929754894,0.6569539659632019,-56.88355404402259,1102,25.40703881275583,100.0,2268,2017-05-16,2026-08-31,False,False,True,True,2
night,twd_usd|signth|w60,twd_usd,signth,60,day,1,1,0.48381125469598874,-0.7430773841939794,-0.16854838947456408,-0.12729132965560916,-0.046500737520307006,0.5,-1.4497314064013072,10,0.12901265534718248,0.04438589519332136,0.6571119100674294,-40.56275716844164,1291,25.40719582274723,100.0,2268,2017-05-16,2026-08-31,False,False,True,True,2
night,twd_usd|signth|w60,twd_usd,signth,60,ongap,1,-1,0.21208418360820117,0.16010404490406524,0.1817251095475253,0.2558158662472209,0.17817296456500276,0.6,-0.9132738891002776,10,-0.1804705206104824,-0.04459447063245958,0.6568989636741477,-11.62231941641153,478,25.391502840016884,100.0,2263,2017-05-16,2026-08-31,False,False,False,True,1
night,twd_usd|signth|w120,twd_usd,signth,120,c2c,2,1,0.5193139157110969,-0.3695885592420524,-0.01592065793849313,0.004703159026006004,0.10961385554752599,0.4,-1.2659443057498463,10,0.17153993802182468,0.046866404887015205,0.6601278250089642,-55.2829498192493,1107,19.287697044037934,99.95590828924162,2268,2017-05-16,2026-08-31,False,False,False,True,1
night,twd_usd|signth|w120,twd_usd,signth,120,o2o,2,1,0.37108439768392815,-0.3628913964709586,-0.061518267170210306,-0.04035664956422492,0.03951394039836579,0.4,-1.3621063224637477,10,0.09438228953291528,0.046866404887015205,0.6601278250089642,-52.9021858068185,1565,19.287697044037934,99.95590828924162,2268,2017-05-16,2026-08-31,False,False,True,True,2
night,twd_usd|signth|w120,twd_usd,signth,120,day,1,1,0.24785858096012484,-0.6227786521295517,-0.23989174482308587,-0.20710520877652258,-0.13235010905140995,0.5,-1.2622609618949272,10,0.1313570705971789,0.046744571376586205,0.6602496585193932,-32.43958064590259,1214,19.288593503881145,99.95590828924162,2268,2017-05-16,2026-08-31,False,False,True,True,2
night,twd_usd|signth|w120,twd_usd,signth,120,ongap,1,-1,-0.015847471518574355,0.23105271875215375,0.12784808563374356,0.18554524481456094,0.005902085774860358,0.6,-1.9636082543606193,10,-0.11611848711779632,-0.04655695086512017,0.6603086244748577,-10.313458972427826,646,19.329845215463536,99.95581087052585,2263,2017-05-16,2026-08-31,False,False,True,True,2
night,twd_usd|signth|w252,twd_usd,signth,252,c2c,2,-1,0.43870086860754043,0.3659969773334161,0.38690443567526434,0.394578066827675,0.4321058797493783,0.7,-1.9695915156215416,10,-0.262848875285022,-0.08401135329533434,0.6718873883404133,-40.10384364596028,436,9.71573122094309,100.0,1916,2017-05-16,2026-08-31,False,True,False,True,2
night,twd_usd|signth|w252,twd_usd,signth,252,o2o,2,-1,0.49500363427330885,0.4386557877810525,0.4529637046335571,0.46083412175803545,0.5059036233451005,0.8,-1.8610397059540775,10,-0.1965428934740791,-0.08401135329533434,0.6718873883404133,-39.57489521555584,433,9.71573122094309,100.0,1916,2017-05-16,2026-08-31,False,True,False,True,2
night,twd_usd|signth|w252,twd_usd,signth,252,day,1,-1,0.46030369041646707,0.822808313394806,0.6868380229913739,0.6992431559714712,0.8986243504845869,0.9,-0.4284743318675308,10,-0.1762190825060911,-0.08408880522588251,0.6718099364098651,-12.364523826525641,318,9.858770648441851,100.0,1916,2017-05-16,2026-08-31,True,True,False,True,3
night,twd_usd|signth|w252,twd_usd,signth,252,ongap,1,-1,0.49453781198888047,-0.05182213655053961,0.15169954231411278,0.173342276172108,0.4130411657200204,0.6,-2.408669271509643,10,-0.15149012238724494,-0.08375568190740695,0.6719383725096465,-16.348418585364865,520,9.878813673358188,100.0,1912,2017-05-16,2026-08-31,False,False,False,True,1
night,twd_usd|dev|w60,twd_usd,dev,60,c2c,2,1,0.5215905983927177,-0.36692848834824016,0.012976062483257554,0.04112729527855935,0.17057975413273926,0.5,-1.6173952787494568,10,0.164119160656239,0.05733449935992262,0.532609815376619,-50.70343540008145,1107,23.411326760040758,98.76543209876543,2268,2017-05-16,2026-08-31,False,False,False,True,1
night,twd_usd|dev|w60,twd_usd,dev,60,o2o,2,1,0.6043609838716614,-0.4073774604973473,0.026288320390771898,0.05582970982517549,0.17639132057897677,0.5,-1.5772528774025656,10,0.10131755946956952,0.05733449935992262,0.532609815376619,-51.10018797434177,1102,23.411326760040758,98.76543209876543,2268,2017-05-16,2026-08-31,False,False,True,True,2
night,twd_usd|dev|w60,twd_usd,dev,60,day,1,1,0.4106732494915365,-0.7009330809864917,-0.1694924042150375,-0.1256077579356346,-0.07421230721687475,0.5,-1.4627881147956352,10,0.12779343080417152,0.05701324737978668,0.532931067356755,-29.642790495329983,1244,23.414953850688963,98.76543209876543,2268,2017-05-16,2026-08-31,False,False,True,True,2
night,twd_usd|dev|w60,twd_usd,dev,60,ongap,1,-1,-0.07193791788855958,-0.1453656936709891,-0.1122917495134427,-0.03014951339335893,-0.2569431585989469,0.3,-2.2960425642407785,10,-0.15236437874496028,-0.05672289832493398,0.533214145811803,-11.876576853450839,696,23.427823356535043,98.76270437472382,2263,2017-05-16,2026-08-31,False,False,False,True,1
night,twd_usd|dev|w120,twd_usd,dev,120,c2c,2,1,0.25288149973540874,-0.4651675909402682,-0.1593478882239794,-0.14084878982852186,-0.03790714956133111,0.4,-1.5764466600644609,10,0.20769231661008017,0.07465636143354863,0.609950993815867,-65.98741350341429,1511,16.5169337675563,99.55908289241623,2268,2017-05-16,2026-08-31,False,False,False,True,1
night,twd_usd|dev|w120,twd_usd,dev,120,o2o,2,1,0.31540942731749244,-0.5240149613351981,-0.1652232754742932,-0.14592329373828763,-0.02640615211962048,0.4,-1.5980474610502489,10,0.14182319672421295,0.07465636143354863,0.609950993815867,-67.49330273114577,1512,16.5169337675563,99.55908289241623,2268,2017-05-16,2026-08-31,False,False,True,True,2
night,twd_usd|dev|w120,twd_usd,dev,120,day,1,1,0.1100694596676055,-0.9297034890901468,-0.4407675612826136,-0.41105232313344114,-0.4351033103794473,0.5,-1.622995355275789,10,0.14645680771922298,0.0746427995308166,0.609964555718599,-39.80037449815544,1244,16.528946273127154,99.55908289241623,2268,2017-05-16,2026-08-31,False,False,True,True,2
night,twd_usd|dev|w120,twd_usd,dev,120,ongap,1,-1,0.28674417448334816,0.09963848218919005,0.1759814545339216,0.2258192517992804,-0.02301891598217085,0.7,-2.3783922763820757,10,-0.211940547230721,-0.07463851690324001,0.6099127870465373,-11.862032965611292,576,16.544762694759577,99.5581087052585,2263,2017-05-16,2026-08-31,False,True,False,True,2
night,twd_usd|dev|w252,twd_usd,dev,252,c2c,2,-1,0.13507230435961748,0.34612125701803265,0.2510282367480001,0.26409053826456275,0.1973410785050293,0.6,-2.1538487985941326,10,-0.21236991136266456,-0.06464980601627617,0.6836323736614873,-45.50909647459701,734,14.146457887291357,99.29453262786596,2268,2017-05-16,2026-08-31,False,False,False,True,1
night,twd_usd|dev|w252,twd_usd,dev,252,o2o,2,-1,0.1012979234991551,0.4024343383414386,0.2662841768081503,0.27967776091396845,0.19873201771246515,0.6,-2.1410244080519316,10,-0.14970224106816193,-0.06464980601627617,0.6836323736614873,-45.32001701018578,745,14.146457887291357,99.29453262786596,2268,2017-05-16,2026-08-31,False,False,True,True,2
night,twd_usd|dev|w252,twd_usd,dev,252,day,1,-1,0.06893487451341064,0.8489113171385856,0.4689129918549369,0.48937348583957174,0.6802381415737745,0.8,-0.6745690718891086,10,-0.12160261885661874,-0.06504687755833763,0.6832742081728445,-14.907339444489578,540,14.166319446283207,99.29453262786596,2268,2017-05-16,2026-08-31,True,True,True,True,4
night,twd_usd|dev|w252,twd_usd,dev,252,ongap,1,-1,0.5110630248480875,0.10525968163062138,0.2902008674749382,0.3264702349438342,0.09448170529340767,0.8,-2.6089988136465716,10,-0.1712684344249944,-0.06453237444011789,0.683375256049459,-15.252698752887452,331,14.177189704272925,99.2929739284136,2263,2017-05-16,2026-08-31,False,True,False,True,2
night,krw_usd|selfz|w60,krw_usd,selfz,60,c2c,2,1,0.3213535645288763,-0.2533492852291116,-0.004287034072947515,0.03116564604169547,0.05906060895302166,0.5,-1.344480839514851,10,0.12169283377026123,0.034948452117209663,0.5860977391662507,-41.12042124395655,1511,36.3364382010526,99.25044091710758,2268,2017-05-16,2026-08-31,False,False,True,True,2
night,krw_usd|selfz|w60,krw_usd,selfz,60,o2o,2,1,0.4282707696514104,-0.1562072660761947,0.08924054168630374,0.12731495802238096,0.17269785366196758,0.5,-1.3788517361113104,10,0.14608728381307692,0.034948452117209663,0.5860977391662507,-31.797194037570687,1065,36.3364382010526,99.25044091710758,2268,2017-05-16,2026-08-31,False,False,True,True,2
night,krw_usd|selfz|w60,krw_usd,selfz,60,day,1,1,0.7869301079936328,0.0576854445433241,0.4044545516669444,0.46104633239266074,0.3979812990190949,0.7,-1.5368864205520707,10,0.11129054854073636,0.03471006230417876,0.5863361289792817,-21.258413514552128,1220,36.30832520184836,99.25044091710758,2268,2017-05-16,2026-08-31,False,True,True,True,3
night,krw_usd|selfz|w60,krw_usd,selfz,60,ongap,1,-1,0.32523610579538037,-0.20586797767980367,0.044981388275826685,0.14448242664616337,-0.044331486355492826,0.6,-1.8543677362471573,10,-0.26164753001500085,-0.03471630604715048,0.5862455629425667,-13.75488879706288,1353,36.34371214046224,99.24878479893945,2263,2017-05-16,2026-08-31,False,False,False,True,1
night,krw_usd|selfz|w120,krw_usd,selfz,120,c2c,2,1,0.07683389943654713,-0.24041289193236873,-0.09658020116556651,-0.06935653314800862,-0.10641439052126456,0.5,-1.3875758343515525,10,0.16001560943851867,0.04858213993100704,0.5909120776864846,-53.44462344982338,1511,26.897794757961663,99.29453262786596,2268,2017-05-16,2026-08-31,False,False,False,True,1
night,krw_usd|selfz|w120,krw_usd,selfz,120,o2o,2,1,0.1689755760358598,-0.18300976061676283,-0.031671073506314706,-0.0026947733357737197,0.002055618936502692,0.5,-1.3213225801797868,10,0.17595571321991332,0.04858213993100704,0.5909120776864846,-47.84144807851098,1512,26.897794757961663,99.29453262786596,2268,2017-05-16,2026-08-31,False,False,False,True,1
night,krw_usd|selfz|w120,krw_usd,selfz,120,day,1,1,0.43795201024488406,-0.16657268288420304,0.13099893598979098,0.17378504399927697,0.11033251844301192,0.5,-1.9455379630160947,10,0.15386544588462478,0.04841913923831873,0.591075078379173,-25.564488299035226,1439,26.886532174466232,99.29453262786596,2268,2017-05-16,2026-08-31,False,False,False,True,1
night,krw_usd|selfz|w120,krw_usd,selfz,120,ongap,1,-1,0.3689283798528152,-0.27608325623126007,0.03217114094718671,0.11031158242824758,-0.07012335211346622,0.5,-1.7275941143245774,10,-0.2415394091953556,-0.048140978558690914,0.5911709803854105,-12.699431571009093,1288,26.915000880247675,99.2929739284136,2263,2017-05-16,2026-08-31,False,False,False,True,1
night,krw_usd|selfz|w252,krw_usd,selfz,252,c2c,2,1,0.050349256319901343,-0.340987110104327,-0.16651055424700117,-0.14768578400442395,-0.10899960618406737,0.5,-2.072603307845372,10,0.22202336253208863,0.06713749010659836,0.6791337346258988,-79.63936717679039,1511,20.028265312488315,99.69135802469135,2268,2017-05-16,2026-08-31,False,False,False,True,1
night,krw_usd|selfz|w252,krw_usd,selfz,252,o2o,2,1,0.06491076430465342,-0.3388803135922961,-0.16552790180345817,-0.14598564047606846,-0.09452948298210925,0.5,-2.2539285680644836,10,0.18431218506929628,0.06713749010659836,0.6791337346258988,-77.0461508870489,1512,20.028265312488315,99.69135802469135,2268,2017-05-16,2026-08-31,False,False,False,True,1
night,krw_usd|selfz|w252,krw_usd,selfz,252,day,1,1,0.36413124793384677,-0.6242420827897978,-0.1455065838471663,-0.11624881554359362,-0.051356568984205736,0.5,-2.337276273359507,10,0.1812673222314219,0.06680555040348389,0.6794656743290132,-37.78988981083734,1439,20.00952142744541,99.69135802469135,2268,2017-05-16,2026-08-31,False,False,False,True,1
night,krw_usd|selfz|w252,krw_usd,selfz,252,ongap,1,-1,0.5688856232543298,0.020745095567516234,0.2669596143208041,0.32211331429139717,0.3793592611894967,0.7,-1.1884232257129392,10,-0.2507950505436458,-0.06654445055453911,0.6795108204610927,-12.34696402326932,520,20.022642143584708,99.69067609368095,2263,2017-05-16,2026-08-31,False,True,False,True,2
night,krw_usd|robustz|w60,krw_usd,robustz,60,c2c,2,1,0.27421260011358484,-0.2719818052671112,-0.04563418636089355,-0.01468444974831521,0.030465117902420593,0.5,-1.404896084892266,10,0.0993407175362648,0.010214419092576185,0.5522793695320002,-43.494324216122834,1511,30.791872201097437,99.38271604938271,2268,2017-05-16,2026-08-31,False,False,True,True,2
night,krw_usd|robustz|w60,krw_usd,robustz,60,o2o,2,1,0.416511294463689,-0.16241733855077298,0.07106402349516029,0.10453079148900696,0.16311006213238652,0.5,-1.4158178910149375,10,0.1222879768519743,0.010214419092576185,0.5522793695320002,-34.831289333766456,1548,30.791872201097437,99.38271604938271,2268,2017-05-16,2026-08-31,False,False,True,True,2
night,krw_usd|robustz|w60,krw_usd,robustz,60,day,1,1,0.7856282549832242,0.19887518436794857,0.4633402812774603,0.5127222149723106,0.584662675977884,0.8,-0.7407580328443035,10,0.08178250397060327,0.009922496937264018,0.5525712916873124,-16.36488802637128,524,30.76789160793382,99.38271604938271,2268,2017-05-16,2026-08-31,False,True,True,True,3
night,krw_usd|robustz|w60,krw_usd,robustz,60,ongap,1,-1,0.3133494496349233,-0.21121804001400343,0.024958318956779517,0.11387754929573178,-0.08939801703754104,0.5,-1.9490701302290099,10,-0.23706239797662051,-0.009664154661443767,0.5524008086719521,-11.905847991623935,980,30.808322151600425,99.3813521873619,2263,2017-05-16,2026-08-31,False,False,False,True,1
night,krw_usd|robustz|w120,krw_usd,robustz,120,c2c,2,1,0.0042674238552809695,0.03785156693299623,0.023207788488285256,0.046422061667412355,0.02498205243638522,0.5,-1.1807037137193597,10,0.04122702580423103,-0.0018881269667027495,0.5660417543373898,-36.00949066123702,1511,21.845251140210117,98.85361552028219,2268,2017-05-16,2026-08-31,False,False,True,True,2
night,krw_usd|robustz|w120,krw_usd,robustz,120,o2o,2,1,0.06525969808766303,0.06995248083241411,0.06701436131539472,0.09164482548314243,0.105344666518885,0.5,-1.2407526807683114,10,0.053256534188437586,-0.0018881269667027495,0.5660417543373898,-32.28530992050311,1518,21.845251140210117,98.85361552028219,2268,2017-05-16,2026-08-31,False,False,True,True,2
night,krw_usd|robustz|w120,krw_usd,robustz,120,day,1,1,0.2663066893874791,-0.007308146825956552,0.12013626147197416,0.15595848888279107,0.12510937243493886,0.5,-1.1939182284619745,10,0.06197135597815545,-0.0021332237460067356,0.5662868511166937,-22.86019038140188,1439,21.83135071835672,98.85361552028219,2268,2017-05-16,2026-08-31,False,False,True,True,2
night,krw_usd|robustz|w120,krw_usd,robustz,120,ongap,1,-1,0.3831897633071781,-0.48481002890630787,-0.08662591783766697,-0.01738819167523948,-0.2262907431386546,0.4,-1.896241108577716,10,-0.09442000098924858,0.0027957422272382525,0.5663930783648516,-15.679870075857732,1288,21.856814677051606,98.89527176314627,2263,2017-05-16,2026-08-31,False,False,True,True,2
night,krw_usd|robustz|w252,krw_usd,robustz,252,c2c,2,1,0.034798734402737556,-0.18428326171400292,-0.08891604252777764,-0.07193257666162328,-0.06965610686853964,0.5,-2.1090935862137306,10,0.19978796931545495,0.0742995113343645,0.6877853541676964,-70.69524608304816,1511,18.560932379703097,99.60317460317461,2268,2017-05-16,2026-08-31,False,False,False,True,1
night,krw_usd|robustz|w252,krw_usd,robustz,252,o2o,2,1,0.03319333574397184,-0.1999426413524377,-0.10109843843656872,-0.08359913840338673,-0.07041268067286365,0.5,-2.2420752748697157,10,0.17032400707457643,0.0742995113343645,0.6877853541676964,-69.78953989872629,1564,18.560932379703097,99.60317460317461,2268,2017-05-16,2026-08-31,False,False,False,True,1
night,krw_usd|robustz|w252,krw_usd,robustz,252,day,1,1,0.2656875833683834,-0.4944677584680757,-0.13736286477722232,-0.11117563547457626,-0.04488285076596425,0.5,-1.8196870042637832,10,0.17671974474325522,0.07409937482912475,0.687985490672936,-36.277538102944796,1439,18.534858148840758,99.60317460317461,2268,2017-05-16,2026-08-31,False,False,False,True,1
night,krw_usd|robustz|w252,krw_usd,robustz,252,ongap,1,-1,0.4733106953958896,-0.042639299475516965,0.19218866571149812,0.24300981067782998,0.24599543406357688,0.8,-1.1898422396326118,10,-0.19896787884267592,-0.07393947278564784,0.6878827501806931,-12.903412949953227,544,18.55062048544141,99.60229783473265,2263,2017-05-16,2026-08-31,False,True,False,True,2
night,krw_usd|bdtanh|w60,krw_usd,bdtanh,60,c2c,2,1,0.4063312407338884,-0.22324288054983488,0.04789499847348455,0.0796862194664994,0.10356602130849703,0.6,-1.457689843463674,10,0.1433981263915404,0.06732535690016049,0.6478474721804086,-45.403710359375424,1511,33.19642463395427,99.82363315696648,2268,2017-05-16,2026-08-31,False,False,True,True,2
night,krw_usd|bdtanh|w60,krw_usd,bdtanh,60,o2o,2,1,0.4412971869655725,-0.1325424044537426,0.11512178744878067,0.1486093677848063,0.17006058155679413,0.6,-1.5516101417933175,10,0.1817318375918509,0.06732535690016049,0.6478474721804086,-36.2479780870929,1512,33.19642463395427,99.82363315696648,2268,2017-05-16,2026-08-31,False,False,False,True,1
night,krw_usd|bdtanh|w60,krw_usd,bdtanh,60,day,1,1,0.8830662481899081,-0.00035599184326945974,0.42006909869360654,0.4702041931135312,0.3472303560748917,0.6,-1.9901728271812773,10,0.13230356052420303,0.06715698617734686,0.6480158429032222,-23.681763663803622,1220,33.162200354820165,99.82363315696648,2268,2017-05-16,2026-08-31,False,False,True,True,2
night,krw_usd|bdtanh|w60,krw_usd,bdtanh,60,ongap,1,-1,0.28587672654731194,-0.11113343887613648,0.07651065578494637,0.16485600061899414,-0.02880572291795577,0.5,-1.2347870400452043,10,-0.3003727440143108,-0.06732739495067261,0.647882824255075,-11.729852139375305,1020,33.20357603862787,99.82324348210341,2263,2017-05-16,2026-08-31,False,False,False,True,1
night,krw_usd|bdtanh|w120,krw_usd,bdtanh,120,c2c,2,1,0.1730968365397437,-0.14916840867572154,-0.004148088829918623,0.0205232137841188,0.020231917125826306,0.5,-1.58584261714317,10,0.20763854689479513,0.09747082699568257,0.6503108462194145,-57.49864959134591,1511,24.580212053712508,99.55908289241623,2268,2017-05-16,2026-08-31,False,False,False,True,1
night,krw_usd|bdtanh|w120,krw_usd,bdtanh,120,o2o,2,1,0.2785941918940794,-0.14579172353152806,0.03889812268166362,0.06447657381429868,0.09095821731835432,0.6,-1.6479125854190937,10,0.23354326294058386,0.09747082699568257,0.6503108462194145,-54.57779920034539,1512,24.580212053712508,99.55908289241623,2268,2017-05-16,2026-08-31,False,False,False,True,1
night,krw_usd|bdtanh|w120,krw_usd,bdtanh,120,day,1,1,0.5969666597068193,-0.19532589131887812,0.19298699421906318,0.23169657789824183,0.16398928694118473,0.6,-2.3118056279543535,10,0.1958710710865627,0.09734855729962265,0.6504331159154745,-26.845555635187374,1439,24.57394761794531,99.55908289241623,2268,2017-05-16,2026-08-31,False,False,False,True,1
night,krw_usd|bdtanh|w120,krw_usd,bdtanh,120,ongap,1,-1,0.31974759014418275,-0.0859010112276337,0.10364378343763944,0.17280202410640075,-0.030596187449181446,0.6,-1.5997219382423278,10,-0.29978215766355665,-0.09724584478160013,0.6504913656393269,-13.371584936902407,943,24.59647244900179,99.5581087052585,2263,2017-05-16,2026-08-31,False,False,False,True,1
night,krw_usd|bdtanh|w252,krw_usd,bdtanh,252,c2c,2,-1,0.027863621837217484,0.23321716834326162,0.14135281294097768,0.15762541650801987,0.05889684074178528,0.6,-1.5411558151053142,10,-0.23414661387196573,-0.07430514763024908,0.6956384055879941,-44.51977377596582,538,16.96305107551844,99.86772486772487,2268,2017-05-16,2026-08-31,False,False,False,True,1
night,krw_usd|bdtanh|w252,krw_usd,bdtanh,252,o2o,2,-1,-0.0030336841952070576,0.2760933965307854,0.1537350916839342,0.1706577886251119,0.07249188843333156,0.5,-1.4690767822224866,10,-0.2013304533674384,-0.07430514763024908,0.6956384055879941,-42.08148763572069,540,16.96305107551844,99.86772486772487,2268,2017-05-16,2026-08-31,False,False,False,True,1
night,krw_usd|bdtanh|w252,krw_usd,bdtanh,252,day,1,1,0.42719861227867,-0.5457099889418497,-0.06939227197698243,-0.04406203212715858,-0.014234354549849707,0.5,-1.9842923261864995,10,0.1828982666722697,0.07409913086731869,0.6958444223509244,-34.43537134578071,1439,16.945326259937875,99.86772486772487,2268,2017-05-16,2026-08-31,False,False,False,True,1
night,krw_usd|bdtanh|w252,krw_usd,bdtanh,252,ongap,1,-1,0.5572973933450454,0.04282470421101997,0.2738140290393201,0.320799403137738,0.303672348821774,0.7,-1.3294395152047274,10,-0.26933137019863584,-0.07387999557055448,0.6957931249827911,-13.719374686537138,520,16.957006127757047,99.86743261157756,2263,2017-05-16,2026-08-31,False,True,False,True,2
night,krw_usd|rankc|w60,krw_usd,rankc,60,c2c,2,1,0.28081321211316324,-0.3470525489271575,-0.07591559240607133,-0.03914482385503177,-0.02246962602232234,0.5,-1.6665105721424998,10,0.14127287600567798,0.05791205364377474,0.6377254922067266,-51.33176137942079,1511,39.23672721420509,99.51499118165785,2268,2017-05-16,2026-08-31,False,False,True,True,2
night,krw_usd|rankc|w60,krw_usd,rankc,60,o2o,2,1,0.3348468448241932,-0.24145628321636953,0.00681038524059988,0.04541725900413046,0.06896016301433171,0.6,-1.5571123709065056,10,0.1839786915773342,0.05791205364377474,0.6377254922067266,-41.612627658567284,1512,39.23672721420509,99.51499118165785,2268,2017-05-16,2026-08-31,False,False,False,True,1
night,krw_usd|rankc|w60,krw_usd,rankc,60,day,1,1,0.8153971723890325,-0.09702668876521857,0.334632689714319,0.3927564080606532,0.2925724401290228,0.8,-2.330079956980842,10,0.13977816683019537,0.05776937324059912,0.6378681726099023,-28.131406345678577,1244,39.21403356953672,99.51499118165785,2268,2017-05-16,2026-08-31,False,True,True,True,3
night,krw_usd|rankc|w60,krw_usd,rankc,60,ongap,1,-1,0.2658214328150657,-0.08578817146541226,0.0783144566197035,0.17954770577028192,-0.03347016467036899,0.6,-1.3740438096558272,10,-0.29905681194858696,-0.058020611458002795,0.637689799993911,-12.117725480989641,1032,39.24977063557312,99.51391957578436,2263,2017-05-16,2026-08-31,False,False,False,True,1
night,krw_usd|rankc|w120,krw_usd,rankc,120,c2c,2,1,0.23240004957951568,-0.2576692173492388,-0.04150238553924349,-0.012147561014447177,-0.004435726062670065,0.5,-1.6871307311883892,10,0.19614937801912924,0.08488968097548029,0.636143567560407,-62.27734871618831,1511,30.584125329335947,98.98589065255732,2268,2017-05-16,2026-08-31,False,False,False,True,1
night,krw_usd|rankc|w120,krw_usd,rankc,120,o2o,2,1,0.3250941761757008,-0.18912556915046644,0.03136128898517359,0.0621498984108404,0.08664691000091279,0.5,-1.6762884982215855,10,0.22988294203048512,0.08488968097548029,0.636143567560407,-54.681103794456774,1512,30.584125329335947,98.98589065255732,2268,2017-05-16,2026-08-31,False,False,False,True,1
night,krw_usd|rankc|w120,krw_usd,rankc,120,day,1,1,0.5940548358032731,-0.2016436847804041,0.18124520158648055,0.22756013780249226,0.16196531400330164,0.6,-2.4185761174314706,10,0.18809649325770242,0.0847918588285865,0.6362413897073009,-29.51084623243878,1439,30.575640029526873,98.98589065255732,2268,2017-05-16,2026-08-31,False,False,False,True,1
night,krw_usd|rankc|w120,krw_usd,rankc,120,ongap,1,-1,0.2562045614737522,-0.04756498885507049,0.0916876638161273,0.172489928459298,-0.06171772285363229,0.6,-1.6164908206378947,10,-0.33113196049449406,-0.08484886364360969,0.6361688296675431,-13.144099036756634,943,30.613679629321165,98.98365002209457,2263,2017-05-16,2026-08-31,False,False,False,True,1
night,krw_usd|rankc|w252,krw_usd,rankc,252,c2c,2,1,0.11331180300671174,-0.32626277593222863,-0.13020499584456197,-0.10780380418954728,-0.04226806023071045,0.5,-1.8640114774360816,10,0.22996911723966484,0.07638088875249531,0.6763278181313196,-77.48271572779299,1511,23.276821157752394,99.64726631393297,2268,2017-05-16,2026-08-31,False,False,False,True,1
night,krw_usd|rankc|w252,krw_usd,rankc,252,o2o,2,1,0.1864178626803074,-0.35701854852613224,-0.12324577016507116,-0.0999363214381947,-0.037902906764629846,0.5,-2.0035158002736413,10,0.20742526991544696,0.07638088875249531,0.6763278181313196,-76.4024522447253,1512,23.276821157752394,99.64726631393297,2268,2017-05-16,2026-08-31,False,False,False,True,1
night,krw_usd|rankc|w252,krw_usd,rankc,252,day,1,1,0.5574836666405981,-0.5773458572745436,-0.02327407920177393,0.011771012627850554,0.03329125070372899,0.6,-2.423337641572157,10,0.18574632757745466,0.07613185814032246,0.6765768487434927,-33.95944024118801,1439,23.262298308985354,99.64726631393297,2268,2017-05-16,2026-08-31,False,False,False,True,1
night,krw_usd|rankc|w252,krw_usd,rankc,252,ongap,1,-1,0.492830048544637,0.05765709732144246,0.25488040046824395,0.31818672868295783,0.25210473610910733,0.6,-1.246094639311674,10,-0.2966384026842979,-0.07584142556243827,0.6764278981213276,-13.413342893988386,520,23.28589972254325,99.6464869642068,2263,2017-05-16,2026-08-31,False,False,False,True,1
night,krw_usd|signth|w60,krw_usd,signth,60,c2c,2,1,0.5281641158121906,-0.09011798443108336,0.1742998122148788,0.20433773840168465,0.1904270712735725,0.6,-1.6039838091287228,10,0.12318480817285603,0.0664931105975125,0.6608261874081856,-39.691077327748644,1511,31.413819918111592,99.86772486772487,2268,2017-05-16,2026-08-31,False,False,True,True,2
night,krw_usd|signth|w60,krw_usd,signth,60,o2o,2,1,0.6129889901999555,0.003630583236453609,0.27082983995056376,0.3023953456190787,0.2718348437057942,0.6,-1.910799937878282,10,0.1714184317816913,0.0664931105975125,0.6608261874081856,-30.07228667027389,991,31.413819918111592,99.86772486772487,2268,2017-05-16,2026-08-31,False,False,False,True,1
night,krw_usd|signth|w60,krw_usd,signth,60,day,1,1,0.9435409716468217,0.11312461129618351,0.5080463979317855,0.5549891533914603,0.47779604858149777,0.7,-1.168835008514987,10,0.1171623926979823,0.06641379795577988,0.6609055000499181,-21.17303538812533,1067,31.31181186099986,99.86772486772487,2268,2017-05-16,2026-08-31,False,True,True,True,3
night,krw_usd|signth|w60,krw_usd,signth,60,ongap,1,-1,0.29416012132643155,-0.18860327743800037,0.03780056553626999,0.12118922419891304,-0.010582824787565698,0.4,-0.9231352146207819,10,-0.2743597566595993,-0.06651142482427923,0.6609119256099817,-11.40383949143076,1051,31.379685633203994,99.86743261157756,2263,2017-05-16,2026-08-31,False,False,False,True,1
night,krw_usd|signth|w120,krw_usd,signth,120,c2c,2,1,0.1991115386229665,0.12977741089695183,0.1609880704854052,0.18345693442043468,0.17058700445811173,0.5,-1.3898848010593883,10,0.1646312533871653,0.08129812015621143,0.6293479883605994,-39.42471763462944,987,21.7085221989406,99.91181657848325,2268,2017-05-16,2026-08-31,False,False,False,True,1
night,krw_usd|signth|w120,krw_usd,signth,120,o2o,2,1,0.38784545497094886,0.1682845097048757,0.26507361682118835,0.28831903723860564,0.31079511193148707,0.6,-1.4925497213015204,10,0.2001125553049894,0.08129812015621143,0.6293479883605994,-40.54760444403518,962,21.7085221989406,99.91181657848325,2268,2017-05-16,2026-08-31,False,False,False,True,1
night,krw_usd|signth|w120,krw_usd,signth,120,day,1,1,0.6327741577681751,0.35195035462678503,0.49053010224879046,0.5257760662912829,0.513801381864269,0.6,-1.2909316190026268,10,0.15368717936757811,0.08118754528614125,0.6294585632306695,-12.495822340332413,667,21.7085221989406,99.91181657848325,2268,2017-05-16,2026-08-31,False,False,False,True,1
night,krw_usd|signth|w120,krw_usd,signth,120,ongap,1,-1,0.28649072013881455,-0.05594658254130497,0.10703863915840994,0.16938351188991496,-0.039570485226356686,0.6,-1.265822534520278,10,-0.28884913171325105,-0.0811578882964745,0.6294417675748635,-11.689195455393767,520,21.75513714099033,99.9116217410517,2263,2017-05-16,2026-08-31,False,False,False,True,1
night,krw_usd|signth|w252,krw_usd,signth,252,c2c,2,-1,0.04441454234301634,-0.23676024667030113,-0.10534002374854443,-0.09157423529349233,-0.14278478888999396,0.5,-2.1028013027411614,10,-0.20656618986633832,-0.048514691670382276,0.6699599187338872,-48.85038521821677,779,14.155259684480656,100.0,2196,2017-05-16,2026-08-31,False,False,False,True,1
night,krw_usd|signth|w252,krw_usd,signth,252,o2o,2,-1,0.1734339316571334,-0.21216070835428508,-0.03286906119939436,-0.018546250706912182,-0.05025924328825298,0.5,-1.7016105053650086,10,-0.17314954844560418,-0.048514691670382276,0.6699599187338872,-48.30508004246931,749,14.155259684480656,100.0,2196,2017-05-16,2026-08-31,False,False,False,True,1
night,krw_usd|signth|w252,krw_usd,signth,252,day,1,1,0.23839916653636953,-0.11520839809212707,0.06562540055091105,0.08689939439878272,0.042770289023086085,0.5,-1.4263904454563159,10,0.14803742348555488,0.04841180984364235,0.6700628005606271,-22.114066804431104,1367,14.155011923602093,100.0,2196,2017-05-16,2026-08-31,False,False,True,True,2
night,krw_usd|signth|w252,krw_usd,signth,252,ongap,1,-1,0.639748042442074,-0.1462090491630007,0.23659103752583457,0.27608053251115,0.14315810318867017,0.6,-1.4420448525121146,10,-0.24192485188525115,-0.04818486454872388,0.6700855728186044,-16.389722193913254,557,14.170096058710637,100.0,2191,2017-05-16,2026-08-31,False,False,False,True,1
night,krw_usd|dev|w60,krw_usd,dev,60,c2c,2,1,0.09992741241405201,-0.18987308701960734,-0.06379405113747692,-0.034647800870477016,0.024417632596123156,0.5,-1.205707336342498,10,0.1299532387756998,0.06889306141043705,0.5630424998799448,-43.38821641737161,1511,29.546003486629225,99.38271604938271,2268,2017-05-16,2026-08-31,False,False,True,True,2
night,krw_usd|dev|w60,krw_usd,dev,60,o2o,2,1,0.17514694253859397,-0.15449469853447387,-0.015183321576073387,0.015782429537110128,0.11397605959652916,0.5,-1.1923860227503176,10,0.1663887150038127,0.06889306141043705,0.5630424998799448,-38.49531057957221,1512,29.546003486629225,99.38271604938271,2268,2017-05-16,2026-08-31,False,False,False,True,1
night,krw_usd|dev|w60,krw_usd,dev,60,day,1,1,0.6138414523780124,-0.3325288487781553,0.11105660053691606,0.15640510835432792,0.18789495462884526,0.6,-2.3255786546333295,10,0.15470576250405205,0.06852695823461843,0.5634086030557636,-32.66744473232205,1439,29.52835306901045,99.38271604938271,2268,2017-05-16,2026-08-31,False,False,False,True,1
night,krw_usd|dev|w60,krw_usd,dev,60,ongap,1,-1,0.3092015318653266,-0.3313522547331234,-0.021362734846296985,0.06533905979548234,-0.0708105129311267,0.3,-1.0059148874663966,10,-0.1941811239831605,-0.0683309227399054,0.5637821601737646,-14.143102212459551,1353,29.560310306898725,99.3813521873619,2263,2017-05-16,2026-08-31,False,False,False,True,1
night,krw_usd|dev|w120,krw_usd,dev,120,c2c,2,1,0.03453531361485266,-0.28630323105364985,-0.14206375506131866,-0.12088064373929176,-0.15103671419853418,0.5,-1.4716821549044845,10,0.21149633926676667,0.09754893757176707,0.6074507633159586,-60.4580258168386,1511,22.156505227328907,98.94179894179894,2268,2017-05-16,2026-08-31,False,False,False,True,1
night,krw_usd|dev|w120,krw_usd,dev,120,o2o,2,1,0.06475229769769089,-0.24555121274689617,-0.1111693819711031,-0.08863021225123628,-0.07576325661336004,0.5,-1.566930382237324,10,0.21979660662717584,0.09754893757176707,0.6074507633159586,-54.921706434992736,1512,22.156505227328907,98.94179894179894,2268,2017-05-16,2026-08-31,False,False,False,True,1
night,krw_usd|dev|w120,krw_usd,dev,120,day,1,1,0.3435159923721335,-0.3438036093879975,-0.00969900057368448,0.023436773925312553,0.03175314419932977,0.5,-1.8104638946057199,10,0.1987466478176225,0.09735891364501478,0.6076407872427108,-30.34967063065287,1439,22.145109304240894,98.94179894179894,2268,2017-05-16,2026-08-31,False,False,False,True,1
night,krw_usd|dev|w120,krw_usd,dev,120,ongap,1,-1,0.37716409085050634,0.11729904728446,0.23714630902412168,0.2978532016075766,0.2623968459555328,0.5,-0.7789186985668597,10,-0.3081033500725454,-0.09743065471198277,0.6078911470472335,-10.943945403029051,943,22.166456326479775,98.93946089262042,2263,2017-05-16,2026-08-31,False,False,False,True,1
night,krw_usd|dev|w252,krw_usd,dev,252,c2c,2,1,0.07779656792651166,-0.27631691901035776,-0.12470833573181045,-0.10808644491031556,-0.036510119602067445,0.5,-1.8390971440460544,10,0.2864047512296142,0.09822950695692385,0.6921193987552194,-78.39818290101562,1511,18.53202702429934,99.60317460317461,2268,2017-05-16,2026-08-31,False,False,False,True,1
night,krw_usd|dev|w252,krw_usd,dev,252,o2o,2,1,0.08492059062770478,-0.2829721584893744,-0.12949587098717386,-0.11223902563482664,-0.032722566992430514,0.5,-2.0788515200532345,10,0.23633869694727344,0.09822950695692385,0.6921193987552194,-76.4668737187898,1512,18.53202702429934,99.60317460317461,2268,2017-05-16,2026-08-31,False,False,False,True,1
night,krw_usd|dev|w252,krw_usd,dev,252,day,1,1,0.3711539847088333,-0.543663977477285,-0.11215250691519,-0.08599135831685617,0.005321071724784503,0.5,-1.6389147405450961,10,0.21801313132929281,0.09788862004470254,0.6924602856674408,-34.131501879912506,1439,18.514834536868875,99.60317460317461,2268,2017-05-16,2026-08-31,False,False,False,True,1
night,krw_usd|dev|w252,krw_usd,dev,252,ongap,1,-1,0.5527282977972838,0.2826199837135457,0.3897179185639965,0.43630553983589726,0.4552182673398618,0.8,-1.327692948425685,10,-0.33342195816842274,-0.09772869972366469,0.6925472542137548,-13.008417942740348,478,18.528920066266235,99.60229783473265,2263,2017-05-16,2026-08-31,False,True,False,True,2
night,cny_usd|selfz|w60,cny_usd,selfz,60,c2c,2,-1,0.0410547700478573,0.21230785167521213,0.13690008033642972,0.16210127408689387,0.4042927964190465,0.5,-0.7570236335736064,10,0.020840569175910706,0.06368172196757871,0.5855868512698433,-42.089397493894886,1766,24.22252678745918,99.51499118165785,2268,2017-05-16,2026-08-31,False,False,True,True,2
night,cny_usd|selfz|w60,cny_usd,selfz,60,o2o,2,-1,0.014509510179340207,0.21709645733550761,0.1243013784881985,0.15014451470244602,0.3278623815526801,0.6,-0.689495870382471,10,0.027115394931591753,0.06368172196757871,0.5855868512698433,-42.05003910073795,1766,24.22252678745918,99.51499118165785,2268,2017-05-16,2026-08-31,False,False,True,True,2
night,cny_usd|selfz|w60,cny_usd,selfz,60,day,1,1,0.2716557556069341,-0.050729644932566466,0.11004856451437665,0.14847887266055967,-0.0289630223937081,0.5,-2.2357023498548085,10,0.018073257324973023,-0.06398792332987994,0.5857838579710489,-17.921954985941323,772,24.2126467155591,99.51499118165785,2268,2017-05-16,2026-08-31,False,False,True,True,2
night,cny_usd|selfz|w60,cny_usd,selfz,60,ongap,1,-1,0.07533042050164784,0.32674880848404475,0.20785784384748932,0.28620104527528184,0.17265792467229624,0.6,-1.6571138393373,10,0.0800829174672011,0.06393312841487492,0.5860039007177772,-6.687746710108389,511,24.214865178654605,99.51391957578436,2263,2017-05-16,2026-08-31,False,False,True,True,2
night,cny_usd|selfz|w120,cny_usd,selfz,120,c2c,2,1,-0.0020572422945732785,-0.713827800791695,-0.3994328188175203,-0.38368920814534835,-0.6570296588477115,0.1,-1.9999130333533126,10,0.02040458917685834,-0.061445514537857224,0.614041634330385,-76.98659759912768,1511,15.414727600617113,99.47089947089947,2268,2017-05-16,2026-08-31,False,False,True,True,2
night,cny_usd|selfz|w120,cny_usd,selfz,120,o2o,2,-1,-0.004730345770361682,0.7736424287562288,0.42153841493355704,0.4377114239059467,0.6687693026263801,0.9,-1.0046709138968426,10,-0.007948007490139901,0.061445514537857224,0.614041634330385,-45.336441774079255,1447,15.414727600617113,99.47089947089947,2268,2017-05-16,2026-08-31,True,True,True,True,4
night,cny_usd|selfz|w120,cny_usd,selfz,120,day,1,1,0.022488601884015188,-0.7861918478272814,-0.39278332369368213,-0.3682949163148683,-0.4483345516388586,0.3,-2.200601935502752,10,0.026429115261131356,-0.061086152741766236,0.6136822725342941,-45.20513661702354,1439,15.418804129101241,99.42680776014109,2268,2017-05-16,2026-08-31,False,False,True,True,2
night,cny_usd|selfz|w120,cny_usd,selfz,120,ongap,1,-1,0.1306121240413978,0.668392023536453,0.4231322251691826,0.47079574148046305,0.27886607624481435,0.8,-1.878670152005395,10,-0.01661927799515939,0.06107304813316188,0.6138161834604567,-10.98295380233252,794,15.427300668002465,99.42554131683606,2263,2017-05-16,2026-08-31,False,True,True,True,3
night,cny_usd|selfz|w252,cny_usd,selfz,252,c2c,2,-1,0.23622135478780187,1.0798799244348147,0.7147979004287517,0.7269044609567791,0.6298389471782084,0.9,-1.7901472661686526,10,0.12553006847953627,0.15943065762866798,0.624606487181281,-38.73906157909103,897,12.510512105195717,99.42680776014109,2268,2017-05-16,2026-08-31,True,True,True,True,4
night,cny_usd|selfz|w252,cny_usd,selfz,252,o2o,2,-1,0.2776798466334745,1.1441935606257139,0.7650056159097788,0.7777335911491398,0.5676237981042042,0.9,-2.251009886291994,10,0.13822982075531492,0.15943065762866798,0.624606487181281,-38.44767113773412,896,12.510512105195717,99.42680776014109,2268,2017-05-16,2026-08-31,False,True,True,True,3
night,cny_usd|selfz|w252,cny_usd,selfz,252,day,1,-1,0.10165451986240596,0.6870713451044913,0.4116312595525867,0.4308721845193301,0.5307205865285823,0.8,-0.9923340536404136,10,0.12858858503219758,0.15887081716501397,0.6244456407902181,-23.574587669155253,977,12.509909089516183,99.42680776014109,2268,2017-05-16,2026-08-31,False,True,True,True,3
night,cny_usd|selfz|w252,cny_usd,selfz,252,ongap,1,-1,0.6534655437140876,1.1868581644798748,0.9478765209805486,0.9845708797691527,0.9478424488525269,0.9,-1.4818954116746001,10,0.043145472714634994,0.15881299845939534,0.6240119760177266,-9.244956641734733,533,12.530422920299847,99.42554131683606,2263,2017-05-16,2026-08-31,True,True,True,True,4
night,cny_usd|robustz|w60,cny_usd,robustz,60,c2c,2,1,0.2621334946066595,-0.13950770202595617,0.038863339435018504,0.05979403715585175,-0.19459025295896665,0.5,-2.0991605558987563,10,0.02481151505994095,-0.04967662542885664,0.48627339129519803,-29.151282532834916,1511,18.022845407402546,98.67724867724867,2268,2017-05-16,2026-08-31,False,False,True,True,2
night,cny_usd|robustz|w60,cny_usd,robustz,60,o2o,2,1,0.26327963618990746,-0.21746389434253388,0.012960622579397812,0.0343077432008534,-0.20048645172034213,0.4,-1.7264527862612264,10,0.02574299199391253,-0.04967662542885664,0.48627339129519803,-30.73469920159252,1512,18.022845407402546,98.67724867724867,2268,2017-05-16,2026-08-31,False,False,True,True,2
night,cny_usd|robustz|w60,cny_usd,robustz,60,day,1,1,0.3699344494575311,-0.13300151424316475,0.1229915815970987,0.15505367804617348,0.008298024157238296,0.5,-2.0901429235702387,10,0.0355806999240062,-0.05000452481896125,0.48657666193975196,-19.06895979912581,786,18.021517052745306,98.67724867724867,2268,2017-05-16,2026-08-31,False,False,True,True,2
night,cny_usd|robustz|w60,cny_usd,robustz,60,ongap,1,1,0.017258509021234162,-0.42264712040892854,-0.20730707370680468,-0.1425018138056589,-0.21431093625951675,0.3,-1.4064719375940535,10,0.029262195501119536,-0.05035095635136459,0.48653210917966144,-18.771556464194088,1560,18.042224029242227,98.67432611577553,2263,2017-05-16,2026-08-31,False,False,True,True,2
night,cny_usd|robustz|w120,cny_usd,robustz,120,c2c,2,1,0.29459453187901935,-0.646963717105658,-0.2389141169171614,-0.2257729533837008,-0.4697723106891735,0.3,-1.931021521015139,10,0.045339046244956424,-0.03956358728764487,0.5741101746712977,-79.18516405197198,1511,12.531080520154093,99.16225749559084,2268,2017-05-16,2026-08-31,False,False,True,True,2
night,cny_usd|robustz|w120,cny_usd,robustz,120,o2o,2,1,0.287850876872693,-0.6821742580675509,-0.25254113274634354,-0.23924282490191628,-0.4886429892594906,0.3,-1.836626961072848,10,0.03826297144318415,-0.03956358728764487,0.5741101746712977,-78.86967467654706,1503,12.531080520154093,99.16225749559084,2268,2017-05-16,2026-08-31,False,False,True,True,2
night,cny_usd|robustz|w120,cny_usd,robustz,120,day,1,1,0.18091844138673044,-0.8580061840904593,-0.3659227424880989,-0.34530488245728236,-0.44949968727727957,0.3,-1.6902230197149188,10,0.07804031027791009,-0.03890628110167328,0.5740443910243131,-47.98558366154403,1439,12.531102525073575,99.16225749559084,2268,2017-05-16,2026-08-31,False,False,True,True,2
night,cny_usd|robustz|w120,cny_usd,robustz,120,ongap,1,-1,-0.039538872377032144,0.36597209884988713,0.17781415712707233,0.21766146806119022,0.1693932640723355,0.8,-1.8802516485372591,10,-0.08214987746577997,0.03870745303660921,0.5741216731579439,-11.466005771217874,920,12.55017250702026,99.16040653999116,2263,2017-05-16,2026-08-31,False,True,True,True,3
night,cny_usd|robustz|w252,cny_usd,robustz,252,c2c,2,-1,0.13813224319639994,1.2110514114611681,0.7437089275314424,0.7537683195625119,0.5754445696152459,0.8,-2.1623478789195403,10,0.08876169519952042,0.13518566192529216,0.6621747843964815,-41.26063470328619,493,11.001194384343874,99.20634920634922,2268,2017-05-16,2026-08-31,False,True,True,True,3
night,cny_usd|robustz|w252,cny_usd,robustz,252,o2o,2,-1,0.15670507906596678,1.265259385296125,0.7771041155666178,0.7875824006579353,0.5135846137273185,0.9,-2.6028052259150116,10,0.10327933173388665,0.13518566192529216,0.6621747843964815,-42.77766850055347,616,11.001194384343874,99.20634920634922,2268,2017-05-16,2026-08-31,False,True,True,True,3
night,cny_usd|robustz|w252,cny_usd,robustz,252,day,1,1,0.021377712121780485,-0.7378667939393,-0.37730674415961557,-0.36144842830755397,-0.4554912632510438,0.3,-1.4890199603258758,10,-0.07749728288876093,-0.1344071355610498,0.6621415762612652,-46.40717908343339,1439,11.000821740510913,99.20634920634922,2268,2017-05-16,2026-08-31,False,False,True,True,2
night,cny_usd|robustz|w252,cny_usd,robustz,252,ongap,1,-1,0.7473238245461432,1.0567878105599156,0.9126288453124538,0.9426896620817949,0.8654724002427955,0.9,-1.790413834155785,10,0.00039212083902897583,0.1342821417553671,0.6616553294907515,-8.618812097114862,506,11.018595285135351,99.2045956694653,2263,2017-05-16,2026-08-31,True,True,True,True,4
night,cny_usd|bdtanh|w60,cny_usd,bdtanh,60,c2c,2,-1,0.04920004460945327,0.24863936472540044,0.1589532593633411,0.1784819704790904,0.4358978754554196,0.4,-0.6885089944455577,10,0.055860399475900324,0.07059494121832778,0.6556277290319739,-51.70771942436645,1766,20.208648275455477,99.64726631393297,2268,2017-05-16,2026-08-31,False,False,True,True,2
night,cny_usd|bdtanh|w60,cny_usd,bdtanh,60,o2o,2,-1,0.07717521072603661,0.2384446447965853,0.16406870786851258,0.18422124200983375,0.3886574320139233,0.4,-0.7232581513676556,10,0.07368272163466487,0.07059494121832778,0.6556277290319739,-46.396222883553065,1721,20.208648275455477,99.64726631393297,2268,2017-05-16,2026-08-31,False,False,True,True,2
night,cny_usd|bdtanh|w60,cny_usd,bdtanh,60,day,1,1,0.16762538321912177,-0.011274900984828192,0.07877823243336686,0.10897130891540703,-0.10031390097151703,0.3,-1.4612972454492446,10,-0.006073474889895702,-0.07105053742339247,0.6556402289544765,-20.534572143725207,787,20.201002825435957,99.64726631393297,2268,2017-05-16,2026-08-31,False,False,True,True,2
night,cny_usd|bdtanh|w60,cny_usd,bdtanh,60,ongap,1,-1,0.07965845494659773,0.46637335691312837,0.2808365626435687,0.3387183484749532,0.5929203090158587,0.6,-0.45814426510711076,10,0.13927920665949362,0.07074032029543242,0.6557495468498032,-8.736630326458803,720,20.200211689901106,99.6464869642068,2263,2017-05-16,2026-08-31,False,False,True,True,2
night,cny_usd|bdtanh|w120,cny_usd,bdtanh,120,c2c,2,-1,0.006201598985140282,0.7789138455796732,0.4300835732131844,0.4417708616455108,0.6506248098720944,0.9,-1.2415488216211088,10,-0.004778124483163683,0.07330293325193911,0.6776915989226401,-50.849433646809835,1549,12.166048866474242,99.60317460317461,2268,2017-05-16,2026-08-31,True,True,True,True,4
night,cny_usd|bdtanh|w120,cny_usd,bdtanh,120,o2o,2,-1,-0.006593729200703346,0.9366188706135548,0.49994003849997487,0.5120008982584112,0.7041173924264384,0.9,-1.2007818991496255,10,0.020095050234052524,0.07330293325193911,0.6776915989226401,-50.4840991788175,1491,12.166048866474242,99.60317460317461,2268,2017-05-16,2026-08-31,True,True,True,True,4
night,cny_usd|bdtanh|w120,cny_usd,bdtanh,120,day,1,1,0.0989129569586408,-0.8324771315902137,-0.3740511176299623,-0.35598511663264504,-0.45540141544045437,0.3,-2.107530022857019,10,0.01401328640581756,-0.07306135709495533,0.6774500227656564,-48.20636841160971,1439,12.167612901989147,99.60317460317461,2268,2017-05-16,2026-08-31,False,False,True,True,2
night,cny_usd|bdtanh|w120,cny_usd,bdtanh,120,ongap,1,-1,0.18204961371184755,0.8327630044150511,0.5227788531175355,0.556994104186788,0.4127904670086215,0.8,-1.767650926202465,10,-0.0005235482939952825,0.07288261608037781,0.6773268044946812,-12.278738948968895,855,12.165974170415371,99.60229783473265,2263,2017-05-16,2026-08-31,False,True,True,True,3
night,cny_usd|bdtanh|w252,cny_usd,bdtanh,252,c2c,2,-1,0.19928606155001344,1.0465080335002261,0.6714396955720658,0.6834265764770057,0.44030726197401204,0.8,-2.544769805596928,10,0.12881072947553152,0.13745990014661252,0.6573638820743838,-51.39954607268309,958,12.496889989199232,99.60317460317461,2268,2017-05-16,2026-08-31,False,True,True,True,3
night,cny_usd|bdtanh|w252,cny_usd,bdtanh,252,o2o,2,-1,0.22867424266563663,1.089512710091761,0.6995285922974179,0.7120094626384382,0.4086316794010421,0.8,-2.91898341690886,10,0.14415774326347644,0.13745990014661252,0.6573638820743838,-50.620973073938714,958,12.496889989199232,99.60317460317461,2268,2017-05-16,2026-08-31,False,True,True,True,3
night,cny_usd|bdtanh|w252,cny_usd,bdtanh,252,day,1,1,0.004583690882416111,-0.5269975063051882,-0.26925900080224885,-0.25050351327208265,-0.2880524159807528,0.3,-1.2020854777777232,10,-0.14112672455573627,-0.13704773774122403,0.6569672574429489,-44.374026601919304,1439,12.497021104266704,99.60317460317461,2268,2017-05-16,2026-08-31,False,False,True,True,2
night,cny_usd|bdtanh|w252,cny_usd,bdtanh,252,ongap,1,-1,0.6245123620549595,1.266846652211209,0.971677958705635,1.006624209997274,0.8022181342652538,0.9,-1.7751147470414237,10,0.022708589651796514,0.13697979292462456,0.6565330600115542,-10.074752342451166,557,12.523100179721219,99.60229783473265,2263,2017-05-16,2026-08-31,True,True,True,True,4
night,cny_usd|rankc|w60,cny_usd,rankc,60,c2c,2,-1,-0.027046366102590945,0.271644979159999,0.1383572027121575,0.16552237223120733,0.40411798346053013,0.6,-0.9197025477935133,10,0.036399323326296036,0.07110152423835768,0.648022136837311,-46.66889571464466,1766,28.125279571547274,99.73544973544973,2268,2017-05-16,2026-08-31,False,False,True,True,2
night,cny_usd|rankc|w60,cny_usd,rankc,60,o2o,2,-1,0.09332226586710234,0.18795057173243215,0.14419485873309065,0.1721631443991915,0.3674093993190212,0.6,-0.8833288586209636,10,0.05543906511870498,0.07110152423835768,0.648022136837311,-42.24921101126057,1766,28.125279571547274,99.73544973544973,2268,2017-05-16,2026-08-31,False,False,True,True,2
night,cny_usd|rankc|w60,cny_usd,rankc,60,day,1,1,0.10963227537606667,0.06315673545551896,0.08631414115799232,0.12796738716757428,-0.07298949636386727,0.4,-1.453999134443984,10,0.003902846152088612,-0.07155935206565672,0.6481191629816353,-19.724174375520477,787,28.15541149691233,99.73544973544973,2268,2017-05-16,2026-08-31,False,False,True,True,2
night,cny_usd|rankc|w60,cny_usd,rankc,60,ongap,1,-1,0.054409959765772224,0.40215831298304044,0.23101608096291446,0.3132869767807394,0.5992044061223825,0.8,-0.37265785862805045,10,0.10182242728015163,0.07106774508454287,0.6481002403794769,-7.627483202116241,690,28.171348015023717,99.7348652231551,2263,2017-05-16,2026-08-31,False,True,True,True,3
night,cny_usd|rankc|w120,cny_usd,rankc,120,c2c,2,-1,-0.01666164855184703,0.7273441562285055,0.3895505690657707,0.4075965392373827,0.6399744180942333,0.9,-1.2260530549234607,10,0.03765399548056614,0.09102540567576776,0.6559804754476389,-47.77999202137197,1572,18.880308150052876,99.64726631393297,2268,2017-05-16,2026-08-31,True,True,True,True,4
night,cny_usd|rankc|w120,cny_usd,rankc,120,o2o,2,1,0.0011839891292362245,-0.7673429081691544,-0.41142358294272546,-0.3929268638502611,-0.6591753193575205,0.2,-1.8790841460251202,10,-0.06835347384661601,-0.09102540567576776,0.6559804754476389,-75.49094674819634,1503,18.880308150052876,99.64726631393297,2268,2017-05-16,2026-08-31,False,False,True,True,2
night,cny_usd|rankc|w120,cny_usd,rankc,120,day,1,1,0.15268238944929485,-0.4618524121961173,-0.15691366769045365,-0.1289916978129093,-0.2646780323336534,0.3,-1.4669608856803813,10,-0.0271715492341557,-0.09107361033798218,0.6560286801098533,-31.437178694000288,1439,18.909197347024424,99.64726631393297,2268,2017-05-16,2026-08-31,False,False,True,True,2
night,cny_usd|rankc|w120,cny_usd,rankc,120,ongap,1,-1,0.10787733577689874,0.9242507661582453,0.5222949934305997,0.5763684245921901,0.5343249757069908,0.9,-1.4532842883905328,10,0.049795159664819885,0.09077853375723241,0.6559168501618016,-12.042179517149174,908,18.920251747414166,99.6464869642068,2263,2017-05-16,2026-08-31,False,True,True,True,3
night,cny_usd|rankc|w252,cny_usd,rankc,252,c2c,2,-1,0.2108653549699038,1.0818364998518444,0.6964699726091623,0.7115812112953491,0.6519644060304797,0.8,-1.235868811124966,10,0.13673960425948156,0.15559433496772332,0.6598127352242179,-48.082920897510206,836,16.395338378699137,99.64726631393297,2268,2017-05-16,2026-08-31,True,True,True,True,4
night,cny_usd|rankc|w252,cny_usd,rankc,252,o2o,2,-1,0.18123436502664686,1.0925745305513246,0.6844316913675514,0.7001814309866293,0.5767727335373737,0.8,-1.634688141079172,10,0.15730851554261618,0.15559433496772332,0.6598127352242179,-48.51619918714645,849,16.395338378699137,99.64726631393297,2268,2017-05-16,2026-08-31,False,True,False,True,2
night,cny_usd|rankc|w252,cny_usd,rankc,252,day,1,1,0.04108554177210423,-0.4848835295075871,-0.2308831506314613,-0.20720812249454776,-0.33432732017646155,0.3,-0.9427932265720721,10,-0.15047483948843177,-0.15562562525017096,0.6598440255066655,-39.90970536194,1439,16.403860592915212,99.64726631393297,2268,2017-05-16,2026-08-31,False,False,False,True,1
night,cny_usd|rankc|w252,cny_usd,rankc,252,ongap,1,-1,0.43409305929406095,1.2971240068977712,0.9069495415103219,0.9502830882097221,0.7690741906822868,0.9,-1.6279381364066736,10,0.03288983488912479,0.15552569399453808,0.65941513307627,-10.832741671967126,557,16.431736110572313,99.6464869642068,2263,2017-05-16,2026-08-31,True,True,True,True,4
night,cny_usd|signth|w60,cny_usd,signth,60,c2c,2,-1,0.007653620290787818,0.2318292695119583,0.13120670186423686,0.1479041758133775,0.387123785246491,0.5,-0.8001094670345844,10,0.07845773585323747,0.07380165260634951,0.6705240712826648,-58.19077960732576,1766,17.36834432360244,99.95590828924162,2268,2017-05-16,2026-08-31,False,False,True,True,2
night,cny_usd|signth|w60,cny_usd,signth,60,o2o,2,-1,0.14404939320018845,0.36597224284856,0.26443189652572496,0.2819153671042416,0.4856332796354932,0.4,-0.5128520475745612,10,0.0758419091601312,0.07380165260634951,0.6705240712826648,-37.407269698208076,1674,17.36834432360244,99.95590828924162,2268,2017-05-16,2026-08-31,False,False,True,True,2
night,cny_usd|signth|w60,cny_usd,signth,60,day,1,1,0.10662297979588803,-0.19070348572069568,-0.040449388646355486,-0.014238807031749436,-0.22322848007906362,0.3,-1.0921506101410026,10,-0.006800219290091953,-0.07421049123106183,0.6703728582882631,-20.820021089544188,1291,17.368022798953234,99.95590828924162,2268,2017-05-16,2026-08-31,False,False,True,True,2
night,cny_usd|signth|w60,cny_usd,signth,60,ongap,1,-1,0.10327407216452139,0.577176446561672,0.3402281364242345,0.39044182487950524,0.44867516329981294,0.8,-0.941485340864687,10,0.13261884246369304,0.0740499040127376,0.670583341081755,-9.14665617131426,764,17.337435487171202,99.95581087052585,2263,2017-05-16,2026-08-31,False,True,True,True,3
night,cny_usd|signth|w120,cny_usd,signth,120,c2c,2,1,0.11585606576629683,-0.8125387008483694,-0.38016009473266676,-0.3701044733068231,-0.5921166772747428,0.2,-2.4871766893439413,10,-0.03524405884516202,-0.08127782476920038,0.6845877809711834,-73.80467472548243,1486,9.447670283971327,100.0,2260,2017-05-16,2026-08-19,False,False,True,True,2
night,cny_usd|signth|w120,cny_usd,signth,120,o2o,2,-1,-0.005446825282890214,0.8530582303054145,0.4385758058449761,0.44880709220312526,0.7275883360003239,0.9,-1.072168844765417,10,0.06784723878901074,0.08127782476920038,0.6845877809711834,-46.210253305640784,1535,9.447670283971327,100.0,2260,2017-05-16,2026-08-19,True,True,True,True,4
night,cny_usd|signth|w120,cny_usd,signth,120,day,1,-1,0.019258871952133,0.5356769952226048,0.2719343596126613,0.2873049071377409,0.5215359125901764,0.8,-1.2743777491248112,10,0.05088225439034708,0.0808846210499904,0.6844616467323639,-25.406126954298557,834,9.451852519599466,100.0,2259,2017-05-16,2026-08-18,False,True,True,True,3
night,cny_usd|signth|w120,cny_usd,signth,120,ongap,1,-1,0.20446422687602242,0.6787919045051575,0.45027946098068594,0.47783887102026545,0.5181113211599245,0.9,-1.9251562538548872,10,0.10550212364866103,0.08083599207295208,0.6842061380461018,-13.055342118077265,910,9.375457871517538,100.0,2254,2017-05-16,2026-08-18,False,True,True,True,3
night,cny_usd|signth|w252,cny_usd,signth,252,c2c,2,-1,0.21343184933657725,1.1191654555635233,0.7153761664642202,0.7287536726776124,0.63148625094736,0.8,-1.7564456500684416,10,0.09156722056921907,0.10740601210547131,0.6547474316270651,-43.77487056604862,859,13.842556785509464,100.0,2256,2017-06-03,2026-08-31,True,True,True,True,4
night,cny_usd|signth|w252,cny_usd,signth,252,o2o,2,-1,0.18587389775132448,1.2315113999084244,0.7578795141783478,0.7717163410479677,0.6982103512926231,0.8,-1.4720383820090863,10,0.09800346214834327,0.10740601210547131,0.6547474316270651,-46.37120196705079,779,13.842556785509464,100.0,2256,2017-06-03,2026-08-31,True,True,True,True,4
night,cny_usd|signth|w252,cny_usd,signth,252,day,1,1,0.3364287157528914,-0.5233864605503139,-0.10247812383831811,-0.08169179084020127,-0.2762888077573125,0.3,-1.285884714429462,10,-0.12231669351279499,-0.1074269281725925,0.6545258393115891,-35.54666366815663,1439,13.837819201812533,100.0,2257,2017-06-02,2026-08-31,False,False,True,True,2
night,cny_usd|signth|w252,cny_usd,signth,252,ongap,1,-1,0.434287782775604,1.1553370562227498,0.8272730824833028,0.86534538486051,0.5805097181017889,0.8,-2.0380838452703283,10,-0.030149430812479783,0.10733637531809537,0.6540887055257663,-11.403167236930942,523,13.867465788223443,100.0,2252,2017-06-02,2026-08-31,False,True,True,True,3
night,cny_usd|dev|w60,cny_usd,dev,60,c2c,2,-1,0.011551382724907964,0.7231646924308267,0.4199769837431194,0.4404245914330742,0.7099254774708437,0.7,-0.34437278305678626,10,0.036509684589867045,0.0779047963386755,0.5501575581393026,-34.06514162887908,816,19.036215234566555,98.54497354497354,2268,2017-05-16,2026-08-31,True,True,True,True,4
night,cny_usd|dev|w60,cny_usd,dev,60,o2o,2,-1,0.030975066311008288,0.7205377368731549,0.42402388041682026,0.4448151420636366,0.6741052897873113,0.7,-0.6812544343255718,10,0.04333512021406751,0.0779047963386755,0.5501575581393026,-32.41949508299457,816,19.036215234566555,98.54497354497354,2268,2017-05-16,2026-08-31,True,True,True,True,4
night,cny_usd|dev|w60,cny_usd,dev,60,day,1,1,0.0641367190558544,-0.7025600186976357,-0.34121297193381317,-0.3089587646257948,-0.4360715030974406,0.3,-2.034614009143333,10,0.007454421573960847,-0.07759459179029662,0.5500073978214332,-38.8950975036602,1439,19.040575917737062,98.54497354497354,2268,2017-05-16,2026-08-31,False,False,True,True,2
night,cny_usd|dev|w60,cny_usd,dev,60,ongap,1,-1,-0.028781463220675818,0.4043908516966373,0.21015522222745942,0.2752295929398357,0.2144645688660077,0.7,-1.01340444034491,10,0.0711133829463214,0.07746663144363751,0.5500439838870254,-9.903399033149759,1000,19.04719765489263,98.54175872735307,2263,2017-05-16,2026-08-31,False,True,True,True,3
night,cny_usd|dev|w120,cny_usd,dev,120,c2c,2,-1,0.13004166287956614,1.2034041657833767,0.74134162416943,0.7535335880073081,0.8871554787305125,0.8,-0.17219451966689353,10,0.07163631249616868,0.11178281189720236,0.6267707868071997,-34.599863098920544,837,12.347680800002937,99.64726631393297,2268,2017-05-16,2026-08-31,True,True,True,True,4
night,cny_usd|dev|w120,cny_usd,dev,120,o2o,2,-1,0.17986835578212312,1.2692329425317568,0.8040050100850519,0.8164869374019607,0.9182706958617703,0.7,-0.06597872954654915,10,0.09697937117300041,0.11178281189720236,0.6267707868071997,-32.999029929976686,841,12.347680800002937,99.64726631393297,2268,2017-05-16,2026-08-31,True,True,True,True,4
night,cny_usd|dev|w120,cny_usd,dev,120,day,1,-1,0.07580763338233786,0.8683152437796501,0.5004093556828232,0.5196019504251228,0.7664074965339939,0.8,-0.8308471946732982,10,0.06025591537329861,0.1111969533477995,0.6265778659401844,-20.024915145203803,789,12.34956146319701,99.64726631393297,2268,2017-05-16,2026-08-31,True,True,True,True,4
night,cny_usd|dev|w120,cny_usd,dev,120,ongap,1,-1,0.43849085893199313,1.0499744024321618,0.7807811503791962,0.8170615993396423,0.8245275176631498,0.9,-1.5207892962121727,10,0.046246609749686696,0.11070974300873469,0.626349441863466,-9.741946407487989,557,12.361155455920109,99.6464869642068,2263,2017-05-16,2026-08-31,True,True,True,True,4
night,cny_usd|dev|w252,cny_usd,dev,252,c2c,2,-1,0.3689785825374049,1.2753521096618536,0.8825168237968479,0.8916094474447781,0.9251153286457746,0.9,-1.02864981258937,10,0.21360943754728032,0.20648569555051816,0.6894638425290288,-34.24599267256459,537,10.051743540221693,99.64726631393297,2268,2017-05-16,2026-08-31,True,True,False,True,3
night,cny_usd|dev|w252,cny_usd,dev,252,o2o,2,-1,0.4212813361431169,1.3372277295751493,0.9361421887701821,0.9455127609813281,0.9663780248614577,0.9,-1.0880487735494966,10,0.24767452346912816,0.20648569555051816,0.6894638425290288,-33.74671630130119,538,10.051743540221693,99.64726631393297,2268,2017-05-16,2026-08-31,True,True,False,True,3
night,cny_usd|dev|w252,cny_usd,dev,252,day,1,-1,0.14955032620551945,0.6553779334493846,0.41852789891966724,0.43273665045235454,0.8933671268794171,0.9,-0.7275739972018904,10,0.23397034881054932,0.20633492166515766,0.6893130686436684,-18.163580837300263,905,10.052209229852238,99.64726631393297,2268,2017-05-16,2026-08-31,True,True,False,True,3
night,cny_usd|dev|w252,cny_usd,dev,252,ongap,1,-1,0.7098587440684174,1.3184289352112688,1.0431653222611197,1.0702958441968071,1.1888456348636258,0.9,-0.8486697596191582,10,0.13113272721172367,0.20631797413932318,0.6888534404961699,-7.819363998050043,479,10.068084270335437,99.6464869642068,2263,2017-05-16,2026-08-31,True,True,True,True,4
night,wti|selfz|w60,wti,selfz,60,c2c,2,1,0.1499498742431107,-0.39635185440696125,-0.15000867634260662,-0.11918990722444214,-0.3248609041268407,0.4,-2.8049997878720756,10,-0.09658734804574906,0.0018388672943477574,0.6049470623068559,-54.52479236514588,1220,32.441925130027165,99.73544973544973,2268,2017-05-16,2026-08-31,False,False,True,True,2
night,wti|selfz|w60,wti,selfz,60,o2o,2,1,0.18430356770856604,-0.34525123249790346,-0.10002085710294074,-0.06843023948675596,-0.28874089035151196,0.4,-2.5931113593118464,10,-0.10851326654375665,0.0018388672943477574,0.6049470623068559,-48.98334438985924,1220,32.441925130027165,99.73544973544973,2268,2017-05-16,2026-08-31,False,False,True,True,2
night,wti|selfz|w60,wti,selfz,60,day,1,-1,0.6335433416490058,-0.40035488060048224,0.11131359417121825,0.15872133566715302,0.2002612256077279,0.5,-0.9927466684937301,10,0.12061116320674474,-0.0022477907445777228,0.6047259884979806,-19.963568963807077,968,32.435423140430146,99.73544973544973,2268,2017-05-16,2026-08-31,False,False,True,True,2
night,wti|selfz|w60,wti,selfz,60,ongap,1,1,0.6019375500812479,-0.4425175987076787,0.054840033670558466,0.145892538567782,0.13561393395461965,0.5,-1.9674510846030016,10,-0.024897093398201696,0.0021734299642279793,0.6046476005130174,-17.326847672396468,662,32.4847122562971,99.7348652231551,2263,2017-05-16,2026-08-31,False,False,True,True,2
night,wti|selfz|w120,wti,selfz,120,c2c,2,1,0.12318413146284425,-0.2741757934916536,-0.0997216228457484,-0.0772055652102416,-0.3120540960668189,0.4,-2.331077870783917,10,-0.07756951456682887,-0.004847061197057498,0.6022513797251781,-51.49739412387406,931,24.751847546378507,99.33862433862434,2268,2017-05-16,2026-08-31,False,False,True,True,2
night,wti|selfz|w120,wti,selfz,120,o2o,2,1,0.1507224335592527,-0.22638088712947205,-0.05304320674537892,-0.0298573872050575,-0.27631529013262773,0.3,-2.087982163671435,10,-0.08804502848707041,-0.004847061197057498,0.6022513797251781,-47.72088377732609,1220,24.751847546378507,99.33862433862434,2268,2017-05-16,2026-08-31,False,False,True,True,2
night,wti|selfz|w120,wti,selfz,120,day,1,-1,0.673616347998533,-0.35841108076659184,0.149786946547228,0.18493198285683884,0.25884837185422754,0.6,-0.9794794684667145,10,0.10505237009793228,0.0046305618398196444,0.6020348803679402,-20.808742427675185,752,24.750201647564534,99.33862433862434,2268,2017-05-16,2026-08-31,False,False,True,True,2
night,wti|selfz|w120,wti,selfz,120,ongap,1,1,0.63887045779498,-0.30431806664114713,0.13188308872008922,0.19764337558722236,0.2623892734534202,0.7,-2.0041717565522217,10,0.021346841725998534,-0.0046775206284679575,0.6016219022630257,-18.64570947812078,698,24.798646978408446,99.33716305788775,2263,2017-05-16,2026-08-31,False,True,True,True,3
night,wti|selfz|w252,wti,selfz,252,c2c,2,1,0.2254684158106459,-0.14719278217173623,0.01759387680212014,0.03465801984550416,-0.20199628953747317,0.5,-2.1962654475832193,10,-0.0444107012022326,-0.00022835051450579956,0.6267446997470715,-46.26110563788484,1246,19.839797128153002,99.25044091710758,2268,2017-05-16,2026-08-31,False,False,True,True,2
night,wti|selfz|w252,wti,selfz,252,o2o,2,1,0.23320819564356074,-0.1305971745927271,0.03643599760433365,0.05382330217960815,-0.17638115743383795,0.5,-2.013007305657151,10,-0.05012373592233622,-0.00022835051450579956,0.6267446997470715,-45.95318994918739,1253,19.839797128153002,99.25044091710758,2268,2017-05-16,2026-08-31,False,False,True,True,2
night,wti|selfz|w252,wti,selfz,252,day,1,-1,0.5803373074079435,-0.2406302405274688,0.16205817975863712,0.1886676326509961,0.2757544210767176,0.6,-1.006895987016205,10,0.04129325402333821,-0.00023625760776173528,0.6263744211055798,-23.05981888677286,686,19.837839007178868,99.25044091710758,2268,2017-05-16,2026-08-31,False,False,True,True,2
night,wti|selfz|w252,wti,selfz,252,ongap,1,1,0.5087345882165875,0.11166039647619223,0.3087062286097539,0.35837101102726937,0.3883683924607816,0.7,-1.5431453020979975,10,-0.0361245748507029,0.00040581894770950306,0.6261981115476747,-12.60763591104401,683,19.874971306762106,99.24878479893945,2263,2017-05-16,2026-08-31,False,True,True,True,3
night,wti|robustz|w60,wti,robustz,60,c2c,2,1,0.20489637013495351,-0.37992520712947225,-0.12040054015629474,-0.09356542842689675,-0.2577024602214291,0.5,-2.5638285423082072,10,-0.1260098773454575,0.004347158770410922,0.5521510540932618,-45.928302950714915,1220,27.945313140423536,98.94179894179894,2268,2017-05-16,2026-08-31,False,False,True,True,2
night,wti|robustz|w60,wti,robustz,60,o2o,2,1,0.24830434699776746,-0.35813775384313756,-0.07955058782135699,-0.05146932850606285,-0.2163019332373759,0.5,-2.3531319565449795,10,-0.14252822477478033,0.004347158770410922,0.5521510540932618,-42.93540407664127,1220,27.945313140423536,98.94179894179894,2268,2017-05-16,2026-08-31,False,False,True,True,2
night,wti|robustz|w60,wti,robustz,60,day,1,-1,0.5267967267983387,-0.424852268811374,0.04062208564404229,0.08254164782745771,0.14032301881572287,0.5,-0.9686210642563171,10,0.16275147966280304,-0.0045750004109878974,0.5519232124526849,-22.953311993818424,674,27.932323374962117,98.94179894179894,2268,2017-05-16,2026-08-31,False,False,False,True,1
night,wti|robustz|w60,wti,robustz,60,ongap,1,1,0.5076631584183533,-0.456550182691736,0.010935904373450309,0.08829627152527682,0.14981409901768503,0.6,-1.7692145558220267,10,-0.022049816331120565,0.004464633844642569,0.5520813975542718,-16.573046332859708,503,27.960832441600466,98.93946089262042,2263,2017-05-16,2026-08-31,False,False,True,True,2
night,wti|robustz|w120,wti,robustz,120,c2c,2,1,0.18988925158460593,-0.28591966743395253,-0.0846137502526572,-0.06625461995379671,-0.21238981934762774,0.4,-2.5250177271876706,10,-0.10359673188333939,-0.021120176175274123,0.585731466125515,-60.42683433315488,1570,20.3929141349925,99.42680776014109,2268,2017-05-16,2026-08-31,False,False,True,True,2
night,wti|robustz|w120,wti,robustz,120,o2o,2,1,0.17979443574140053,-0.2563634554750361,-0.06261710035913287,-0.04365491774333867,-0.2067836588540767,0.4,-2.2864072423087918,10,-0.11363778810632999,-0.021120176175274123,0.585731466125515,-56.53848322072923,1299,20.3929141349925,99.42680776014109,2268,2017-05-16,2026-08-31,False,False,True,True,2
night,wti|robustz|w120,wti,robustz,120,day,1,-1,0.6166666123770373,-0.3531586294617972,0.10349047323868081,0.1323849239027016,0.14583620546307918,0.5,-1.1079946922355222,10,0.13358087826306858,0.020873873099673517,0.5854851630499143,-21.951294813613263,1057,20.390692532062847,99.42680776014109,2268,2017-05-16,2026-08-31,False,False,True,True,2
night,wti|robustz|w120,wti,robustz,120,ongap,1,1,0.5774496414478252,-0.375088741109355,0.059160872550178406,0.11175015432252576,0.2693547180816035,0.7,-2.188430740234429,10,-0.004571023056891998,-0.020601923000595438,0.5854204335638107,-20.521786887552317,662,20.426869508994532,99.42554131683606,2263,2017-05-16,2026-08-31,False,True,True,True,3
night,wti|robustz|w252,wti,robustz,252,c2c,2,1,0.0791946810258137,0.02561399908849797,0.04904157941187372,0.06432524474194426,-0.17871751744722147,0.5,-2.054732514877295,10,-0.02642947641180488,-0.008029304370591493,0.6553223250670431,-51.49941417027012,1570,18.299702449558293,99.77954144620811,2268,2017-05-16,2026-08-31,False,False,True,True,2
night,wti|robustz|w252,wti,robustz,252,o2o,2,1,0.10955157111474256,0.05385629374927978,0.07880950190566226,0.09442847115740935,-0.12598123255832686,0.4,-1.864810898279736,10,-0.01779975114645117,-0.008029304370591493,0.6553223250670431,-49.38692488112573,1569,18.299702449558293,99.77954144620811,2268,2017-05-16,2026-08-31,False,False,True,True,2
night,wti|robustz|w252,wti,robustz,252,day,1,-1,0.4567948407513313,-0.025266672139123245,0.2078444792164472,0.23182244927780127,0.3178790418846742,0.7,-0.9876448620998437,10,0.03252694425714667,0.007544280655214793,0.6550169212724609,-24.098298690424457,686,18.29838681958887,99.77954144620811,2268,2017-05-16,2026-08-31,False,True,True,True,3
night,wti|robustz|w252,wti,robustz,252,ongap,1,1,0.5226833160128667,0.25207120621935447,0.3884586686440731,0.4332757556419517,0.4621684179898895,0.8,-1.3040271974031232,10,-0.014852688608300935,-0.007276259454146489,0.6548931955075725,-10.356549178575888,1224,18.32764163494877,99.77905435262925,2263,2017-05-16,2026-08-31,False,True,True,True,3
night,wti|bdtanh|w60,wti,bdtanh,60,c2c,2,1,0.1154151063561669,-0.36680516954183107,-0.15431167508071986,-0.12542069563486816,-0.3391311416703538,0.4,-2.8423898378550194,10,-0.08083433303045784,0.0011327604808852516,0.6630115418501776,-55.41763830271529,1220,31.18100656641806,99.64726631393297,2268,2017-05-16,2026-08-31,False,False,True,True,2
night,wti|bdtanh|w60,wti,bdtanh,60,o2o,2,1,0.13156541495603,-0.3267465227677252,-0.11865557708228287,-0.08920656210005602,-0.3106597380059606,0.4,-2.6378114410336235,10,-0.0883801004706217,0.0011327604808852516,0.6630115418501776,-51.78587785392895,1220,31.18100656641806,99.64726631393297,2268,2017-05-16,2026-08-31,False,False,True,True,2
night,wti|bdtanh|w60,wti,bdtanh,60,day,1,-1,0.6864650987945309,-0.4000603894547885,0.12715050507590728,0.17149182016950693,0.23683810229108027,0.6,-0.9584825690295987,10,0.09958046256865492,-0.001702926525046154,0.6628244007813191,-23.279213564684913,968,31.18130070024251,99.64726631393297,2268,2017-05-16,2026-08-31,False,False,True,True,2
night,wti|bdtanh|w60,wti,bdtanh,60,ongap,1,1,0.48207540694507806,-0.4459464992956279,-0.014544548518172825,0.07143147785813313,0.06833838829582115,0.6,-1.9558380152931782,10,0.00036409027941957756,0.001607239809078241,0.6626766142448489,-18.184346619911636,662,31.235349268892318,99.6464869642068,2263,2017-05-16,2026-08-31,False,False,True,True,2
night,wti|bdtanh|w120,wti,bdtanh,120,c2c,2,-1,-0.006902571100259754,0.3060479571577387,0.16882593463249443,0.18947986796990002,0.3881173047172554,0.6,-1.1341093437475926,10,0.03815996647759836,-0.0021065706469587733,0.658014428358566,-36.305294078716955,974,23.289776888042432,99.77954144620811,2268,2017-05-16,2026-08-31,False,False,True,True,2
night,wti|bdtanh|w120,wti,bdtanh,120,o2o,2,1,0.04369260179744741,-0.29481261268017095,-0.1416538752586714,-0.12053400096572243,-0.35976109813770046,0.3,-2.0398035507349497,10,-0.04495735016778457,0.0021065706469587733,0.658014428358566,-59.055865172983545,1220,23.289776888042432,99.77954144620811,2268,2017-05-16,2026-08-31,False,False,True,True,2
night,wti|bdtanh|w120,wti,bdtanh,120,day,1,-1,0.7040836164003461,-0.24274781600761988,0.22047386928578147,0.2528333686313756,0.3407323088801605,0.5,-1.05940207585311,10,0.05400694003548618,-0.002280681704472088,0.6578403173010529,-22.028178840220445,686,23.289138607800275,99.77954144620811,2268,2017-05-16,2026-08-31,False,False,True,True,2
night,wti|bdtanh|w120,wti,bdtanh,120,ongap,1,1,0.4528484361777468,-0.2582133082830566,0.0680950603361185,0.12794804075011662,0.19628430118199594,0.7,-2.05760411611471,10,0.07591082236807119,0.0022307086856524706,0.6575364458434446,-19.230763296619777,698,23.338181360025576,99.77905435262925,2263,2017-05-16,2026-08-31,False,True,True,True,3
night,wti|bdtanh|w252,wti,bdtanh,252,c2c,2,-1,0.020033079554516983,0.08017495932352064,0.05383711009580222,0.06908292932072126,0.2930274201621098,0.5,-1.6027701020744793,10,0.003129162554031073,0.004950991324972607,0.6546897723958545,-38.92139270622098,682,17.619311675184676,99.55908289241623,2268,2017-05-16,2026-08-31,False,False,True,True,2
night,wti|bdtanh|w252,wti,bdtanh,252,o2o,2,-1,-0.018042798880053612,0.09070628262422688,0.042490352465902284,0.05797117238181026,0.2639973658874413,0.5,-1.5579698902106502,10,0.00891134806470061,0.004950991324972607,0.6546897723958545,-39.51808903178461,645,17.619311675184676,99.55908289241623,2268,2017-05-16,2026-08-31,False,False,True,True,2
night,wti|bdtanh|w252,wti,bdtanh,252,day,1,-1,0.6930937868538963,-0.0328399289509603,0.31332283659592564,0.33725977365282495,0.4687305750907558,0.8,-1.1509066666518748,10,-0.01616315655057761,0.004279223459756246,0.6545018746282777,-22.840545073990846,686,17.61847396056199,99.55908289241623,2268,2017-05-16,2026-08-31,False,True,True,True,3
night,wti|bdtanh|w252,wti,bdtanh,252,ongap,1,1,0.3067904244287119,0.3684236689652495,0.33869271793314953,0.3827430441417216,0.42630051060855195,0.6,-0.8838591482614842,10,-0.030786064136675995,-0.004225839732941054,0.6542691363542358,-11.245817911576133,591,17.652921157443416,99.5581087052585,2263,2017-05-16,2026-08-31,False,False,True,True,2
night,wti|rankc|w60,wti,rankc,60,c2c,2,1,0.10257555579733518,-0.2792555904822509,-0.11094491506599401,-0.0790124501587859,-0.2934735715058625,0.4,-2.454653308138033,10,-0.07892268122786578,-0.0006250768426039822,0.6515347833526557,-50.92880708049895,1220,34.35928988450286,99.77954144620811,2268,2017-05-16,2026-08-31,False,False,True,True,2
night,wti|rankc|w60,wti,rankc,60,o2o,2,1,0.12767826438017996,-0.19812757652537288,-0.051253021274178426,-0.018690806363579428,-0.2511497915056031,0.4,-2.2273808890713465,10,-0.08955540991215212,-0.0006250768426039822,0.6515347833526557,-43.524255380939024,1220,34.35928988450286,99.77954144620811,2268,2017-05-16,2026-08-31,False,False,True,True,2
night,wti|rankc|w60,wti,rankc,60,day,1,-1,0.734482970369498,-0.48447036945131045,0.10583625321422344,0.15518225308532055,0.20181996410974443,0.5,-1.1588432913226228,10,0.10974461471566949,0.00015115074333766983,0.6513274209390445,-25.25008509897716,968,34.352949912681275,99.77954144620811,2268,2017-05-16,2026-08-31,False,False,True,True,2
night,wti|rankc|w60,wti,rankc,60,ongap,1,1,0.5970699263393763,-0.3684407350279115,0.07483297662268576,0.16941651569231905,0.18129212126169264,0.7,-1.9435631060801835,10,-0.0018957625405498725,-0.0002029836187929795,0.6511911741280787,-18.18626831406777,662,34.39987327057639,99.77905435262925,2263,2017-05-16,2026-08-31,False,True,True,True,3
night,wti|rankc|w120,wti,rankc,120,c2c,2,1,-0.014595361660219165,-0.2582250878969688,-0.15080726262510216,-0.12718197920277707,-0.3674427820264713,0.4,-2.1926035433316136,10,-0.04126354489583988,0.000157389229009314,0.6423738556404311,-54.775171304131206,1220,26.48760041053346,99.60317460317461,2268,2017-05-16,2026-08-31,False,False,True,True,2
night,wti|rankc|w120,wti,rankc,120,o2o,2,1,0.022729153466000816,-0.20547533049910718,-0.10158847510137531,-0.07742129071632749,-0.3351767054933077,0.3,-1.952258896695095,10,-0.05289967426936951,0.000157389229009314,0.6423738556404311,-50.444001876079945,1220,26.48760041053346,99.60317460317461,2268,2017-05-16,2026-08-31,False,False,True,True,2
night,wti|rankc|w120,wti,rankc,120,day,1,-1,0.8043473455469005,-0.38777953454563907,0.1992046831448715,0.23632614662924128,0.2995709295298044,0.6,-1.107824446058376,10,0.06698189038308376,-0.000346545772565628,0.6421846990968748,-22.725784925057795,686,26.485214325579566,99.60317460317461,2268,2017-05-16,2026-08-31,False,False,True,True,2
night,wti|rankc|w120,wti,rankc,120,ongap,1,1,0.47811022509382756,-0.3612806288097801,0.019389083579126654,0.08683653934221722,0.1919046780893992,0.7,-2.0717186380906156,10,0.0818983408747229,0.0002851843967887039,0.6418404934383082,-21.223095271651644,698,26.537550057197656,99.60229783473265,2263,2017-05-16,2026-08-31,False,True,True,True,3
night,wti|rankc|w252,wti,rankc,252,c2c,2,-1,0.059484673953411456,0.09918350993414532,0.08123132082612385,0.09872595669192535,0.31340741133691147,0.7,-1.594511459611591,10,0.006780174281905466,0.018828619460242106,0.6541722187308628,-38.2253194090206,660,20.426460386785998,99.60317460317461,2268,2017-05-16,2026-08-31,False,True,True,True,3
night,wti|rankc|w252,wti,rankc,252,o2o,2,-1,0.016264220575078578,0.0756891202964489,0.04902296652537966,0.06687385244307113,0.2825651575886896,0.6,-1.4885732034424664,10,0.01118996075972309,0.018828619460242106,0.6541722187308628,-38.81533853751943,662,20.426460386785998,99.60317460317461,2268,2017-05-16,2026-08-31,False,False,True,True,2
night,wti|rankc|w252,wti,rankc,252,day,1,-1,0.6828469528455031,-0.15294544557504913,0.2448315255713248,0.27214231630444563,0.3791135351050184,0.7,-1.114309581649708,10,0.0020118651258195174,0.018235387245333162,0.6539435071594658,-23.46851891363098,686,20.423573655060295,99.60317460317461,2268,2017-05-16,2026-08-31,False,True,True,True,3
night,wti|rankc|w252,wti,rankc,252,ongap,1,1,0.2708496572489358,0.23525552096013538,0.2529753580240649,0.30463712397932724,0.2083142725309264,0.7,-2.1243851427238614,10,0.01823210868990208,-0.01817201759398403,0.6537739196050908,-14.130584924708886,458,20.462553582474296,99.60229783473265,2263,2017-05-16,2026-08-31,False,True,True,True,3
night,wti|signth|w60,wti,signth,60,c2c,2,1,0.07412050330770076,-0.2879824783640837,-0.130477873193261,-0.10369811214688712,-0.31905169215252616,0.4,-2.2454690124559806,10,-0.08083337808946695,-0.0007186990152751213,0.6683793484676052,-50.69929349117304,1220,29.030291119508334,99.77954144620811,2268,2017-05-16,2026-08-31,False,False,True,True,2
night,wti|signth|w60,wti,signth,60,o2o,2,1,0.03838823003656811,-0.366593693549277,-0.1843781899857997,-0.15695646944050995,-0.3579291898987304,0.4,-2.3337207177025365,10,-0.07989823734956757,-0.0007186990152751213,0.6683793484676052,-49.32328939586092,1220,29.030291119508334,99.77954144620811,2268,2017-05-16,2026-08-31,False,False,True,True,2
night,wti|signth|w60,wti,signth,60,day,1,-1,0.7497775726764668,-0.31472990803069706,0.19370381158194672,0.23498058202050093,0.2760531859446964,0.5,-1.238063298459406,10,0.08815599957319753,0.00022114448802745178,0.6680902999343318,-24.037129925427056,644,29.030432443528454,99.77954144620811,2268,2017-05-16,2026-08-31,False,False,True,True,2
night,wti|signth|w60,wti,signth,60,ongap,1,1,0.3967127699159919,-0.23953240275328444,0.05770925230812825,0.1376855774813126,0.16535101172124927,0.6,-1.80599912172121,10,0.04110424788688695,-0.00028506461754121924,0.6679397469106959,-15.924917828214433,939,29.09288851274898,99.77905435262925,2263,2017-05-16,2026-08-31,False,False,True,True,2
night,wti|signth|w120,wti,signth,120,c2c,2,-1,0.039903617650135954,0.19601804994405028,0.12754816612723324,0.14852911855289327,0.34504608687054766,0.6,-1.6072529250076792,10,0.01936782984376947,-0.01168021268523399,0.6626586367422874,-35.893514473598756,792,23.148952933762782,99.25044091710758,2268,2017-05-16,2026-08-31,False,False,True,True,2
night,wti|signth|w120,wti,signth,120,o2o,2,1,0.06354362299870583,-0.22985780405510467,-0.09873064349027863,-0.07746313380729468,-0.3027635798209349,0.5,-1.830414433419484,10,-0.02156956892992267,0.01168021268523399,0.6626586367422874,-59.958450396685215,1220,23.148952933762782,99.25044091710758,2268,2017-05-16,2026-08-31,False,False,True,True,2
night,wti|signth|w120,wti,signth,120,day,1,-1,0.6738606142796525,-0.1019831799554032,0.27142529316297803,0.3039401234091612,0.39572733412921884,0.6,-1.028394542055873,10,0.01613206253142785,-0.011765088102593699,0.6625737613249276,-20.679662513335806,644,23.1487774858119,99.25044091710758,2268,2017-05-16,2026-08-31,False,False,True,True,2
night,wti|signth|w120,wti,signth,120,ongap,1,1,0.36483864497084834,-0.1173710849249652,0.10597172682411253,0.16735646718531969,0.1861266197732516,0.6,-1.894167771380066,10,0.05536516936969561,0.011779249028976792,0.6623449394197471,-16.232248482111146,479,23.198323327232053,99.24878479893945,2263,2017-05-16,2026-08-31,False,False,True,True,2
night,wti|signth|w252,wti,signth,252,c2c,2,1,0.10036804416023397,-0.03707717147839792,0.021052760380805124,0.03635334121455917,-0.21061027147886385,0.4,-2.276195986771817,10,-0.0031478217617652983,0.012833942583099516,0.6469284681683617,-45.67573738929526,931,16.40809071432461,99.82363315696648,2268,2017-05-16,2026-08-31,False,False,True,True,2
night,wti|signth|w252,wti,signth,252,o2o,2,1,0.06980680825976333,-0.049751152687369495,0.0019330726755667207,0.017134333107901308,-0.21939746143777017,0.4,-2.005291978146911,10,0.015048687304767737,0.012833942583099516,0.6469284681683617,-47.10546474788386,930,16.40809071432461,99.82363315696648,2268,2017-05-16,2026-08-31,False,False,True,True,2
night,wti|signth|w252,wti,signth,252,day,1,-1,0.6638715741840501,0.0478009398853482,0.3372575590734969,0.3608512574392746,0.5014562175980725,0.8,-0.84498585781795,10,-0.046972271523438656,-0.013578042432442235,0.6469056854268885,-14.863275647563439,686,16.408430274138755,99.82363315696648,2268,2017-05-16,2026-08-31,False,True,True,True,3
night,wti|signth|w252,wti,signth,252,ongap,1,1,0.3725644669603994,0.383851375006356,0.37639832477017443,0.41882178442059026,0.48192328328812034,0.6,-0.4539578743530967,10,-0.06827810856508053,0.013613822697567422,0.6466974729980207,-11.708024133095227,592,16.443421366521576,99.82324348210341,2263,2017-05-16,2026-08-31,False,False,True,True,2
night,wti|dev|w60,wti,dev,60,c2c,2,1,0.2688058922012405,-0.2654676510056618,-0.028324544778229818,-0.0027194354494719086,-0.22215973089300461,0.5,-2.538895219657395,10,-0.10936081029231227,0.021268267187479158,0.5732345511180785,-44.884346184682755,1220,27.706541145051823,99.20634920634922,2268,2017-05-16,2026-08-31,False,False,True,True,2
night,wti|dev|w60,wti,dev,60,o2o,2,1,0.25471707062546983,-0.21671970463695991,-0.0007563805616686604,0.025534573011887548,-0.20098163594074173,0.4,-2.3974918323466334,10,-0.12922252851152635,0.021268267187479158,0.5732345511180785,-41.461015421667156,1220,27.706541145051823,99.20634920634922,2268,2017-05-16,2026-08-31,False,False,True,True,2
night,wti|dev|w60,wti,dev,60,day,1,-1,0.6040750323442295,-0.42440317423897883,0.07600395909698694,0.11589836012354543,0.11593238670384946,0.5,-1.1528459175927543,10,0.14861809181438002,-0.021601067908747672,0.5729017503968101,-23.741589301517436,1052,27.701529998005345,99.20634920634922,2268,2017-05-16,2026-08-31,False,False,True,True,2
night,wti|dev|w60,wti,dev,60,ongap,1,1,0.6174680357689313,-0.4159513459315226,0.08613893412289399,0.1600979881409272,0.1395629109336305,0.5,-1.81349403416815,10,-0.05405455651992674,0.021672267190039306,0.5727633974022875,-16.567101014952833,662,27.744987919883293,99.2045956694653,2263,2017-05-16,2026-08-31,False,False,True,True,2
night,wti|dev|w120,wti,dev,120,c2c,2,1,0.29092938014403663,-0.2868929319643261,-0.03495526703166425,-0.015733787018352416,-0.25491673828835526,0.4,-1.7098341065959306,10,-0.05784454119920758,0.03076580290306649,0.620365945768671,-54.36696926280974,1220,21.93062303997029,99.33862433862434,2268,2017-05-16,2026-08-31,False,False,True,True,2
night,wti|dev|w120,wti,dev,120,o2o,2,1,0.27953667252520054,-0.23853423542262697,-0.003006343749062755,0.016491056417980647,-0.2372609922328315,0.4,-1.5863837711928905,10,-0.05903237972177762,0.03076580290306649,0.620365945768671,-53.10213324157219,1152,21.93062303997029,99.33862433862434,2268,2017-05-16,2026-08-31,False,False,True,True,2
night,wti|dev|w120,wti,dev,120,day,1,-1,0.536101368117603,-0.33672110273204814,0.09035564083266061,0.12026114367147131,0.1530953741407244,0.3,-1.0466524331366347,10,0.0840929280488258,-0.03087509771982044,0.6202566509519171,-25.5314276131687,968,21.928132528662264,99.33862433862434,2268,2017-05-16,2026-08-31,False,False,True,True,2
night,wti|dev|w120,wti,dev,120,ongap,1,1,0.7230160396987855,-0.3488583881922936,0.15218046476002486,0.20882348130482078,0.2717555706673786,0.7,-1.9423692627531726,10,0.016743475762005855,0.030919390681053885,0.6199211843773091,-18.162661731426493,698,21.96978918187489,99.33716305788775,2263,2017-05-16,2026-08-31,False,True,True,True,3
night,wti|dev|w252,wti,dev,252,c2c,2,1,0.08273248287251171,-0.06489949359647319,0.0005207722497670704,0.016102391923085095,-0.23295615273089415,0.5,-2.2506957068381084,10,-0.008920011575630623,0.03741367275077308,0.6483995859533948,-41.33115752679684,1246,18.505927159299826,99.38271604938271,2268,2017-05-16,2026-08-31,False,False,True,True,2
night,wti|dev|w252,wti,dev,252,o2o,2,1,0.09486470085114024,-0.04119379032075402,0.020603240103066866,0.03636719121283125,-0.19810288647546556,0.5,-2.0482171289495312,10,-0.014562547171476882,0.03741367275077308,0.6483995859533948,-43.061952644554296,1152,18.505927159299826,99.38271604938271,2268,2017-05-16,2026-08-31,False,False,True,True,2
night,wti|dev|w252,wti,dev,252,day,1,-1,0.5770457901568902,-0.05447113491368646,0.2541651377734541,0.2784551366017502,0.3984868615912427,0.7,-0.9976404736175244,10,0.0036180252524524257,-0.037868641235082566,0.648031553518728,-23.111315417703974,686,18.504750737676336,99.38271604938271,2268,2017-05-16,2026-08-31,False,True,True,True,3
night,wti|dev|w252,wti,dev,252,ongap,1,1,0.43363580180557304,0.2551767646362154,0.343272900886295,0.38886012027070765,0.43889426230508766,0.8,-0.9400791721433549,10,-0.01482243387727771,0.03806207078484357,0.6477840940571684,-9.787449871408448,789,18.541485041028782,99.3813521873619,2263,2017-05-16,2026-08-31,False,True,True,True,3
