cand,family,series,kind,periods,freq,pub_lag_days,transform,window,variant,shift,sign_IS,SR_IS,SR_OOS,SR_net,SR_gross,SR_of_SR,positive_years,yr_sr_min,n_years,beta,mean_exec_w,abs_exec_w,max_dd_pct,max_dd_days,turnover_ann,held_pct,n_bars,start_date,end_date,gate_srsr,gate_posyr,gate_beta,gate_nyr,n_gates
us_semi_ip_yoy|selfz|w60,semis,us_semi_ip,yoy,12,M,46,selfz,60,c2c,2,1,0.3815198244448614,-0.10944005915768253,0.24517207974251723,0.25773137681204783,0.19968309501207965,0.5384615384615384,-1.8917837254348684,26,-0.024037469885092044,0.010451816490663037,0.6457073656638903,-51.32765137627556,2502,9.972059329110959,99.46454648710044,6163,2001-08-21,2026-09-01,False,False,True,True,2
us_semi_ip_yoy|selfz|w60,semis,us_semi_ip,yoy,12,M,46,selfz,60,day,2,1,0.14138110700227638,0.1157285617050089,0.13375107166271272,0.14971552698831103,0.22752554022128907,0.6153846153846154,-1.5627216921415146,26,0.00424468668338872,0.010451816490663037,0.6457073656638903,-40.82847972967761,4011,9.972059329110959,99.46454648710044,6163,2001-08-21,2026-09-01,False,False,True,True,2
us_semi_ip_yoy|selfz|w60,semis,us_semi_ip,yoy,12,M,46,selfz,60,o2o,2,1,0.29581197402987014,-0.04511965718745743,0.20580072262274876,0.21789431306772655,0.14407498604803845,0.5,-1.9081552298681,26,-0.030408717215703818,0.010451816490663037,0.6457073656638903,-53.67490308939951,4080,9.972059329110959,99.46454648710044,6163,2001-08-21,2026-09-01,False,False,True,True,2
us_semi_ip_yoy|selfz|w60,semis,us_semi_ip,yoy,12,M,46,selfz,60,ongap,2,-1,1.1549909988072722,0.1802426333795044,0.30129572217275186,0.32639198194425373,0.35168579519116533,0.7,-1.225048743316897,10,0.0700877090416444,0.039079050363400106,0.6409461005263468,-7.59594604024971,435,9.469276912894326,99.55830388692578,2264,2017-05-16,2026-09-01,False,True,True,True,3
us_semi_ip_yoy|selfz|w120,semis,us_semi_ip,yoy,12,M,46,selfz,120,c2c,2,1,0.400808916161935,-0.5928767596280223,0.12728618345380682,0.13480760751516707,0.12520547893841308,0.5384615384615384,-1.8630000162976055,26,-0.016173009481583088,0.018307935818861077,0.6703813306186092,-108.5882668441335,3978,6.290294589404119,99.49453774661666,6133,2001-10-08,2026-09-01,False,False,True,True,2
us_semi_ip_yoy|selfz|w120,semis,us_semi_ip,yoy,12,M,46,selfz,120,day,2,1,0.22099111682287884,-0.07596321590593166,0.1538047836658298,0.16346538925792733,0.22735648062688404,0.5,-1.7517584745132435,26,-0.004699359807874504,0.018307935818861077,0.6703813306186092,-52.59122338467949,4382,6.290294589404119,99.49453774661666,6133,2001-10-08,2026-09-01,False,False,True,True,2
us_semi_ip_yoy|selfz|w120,semis,us_semi_ip,yoy,12,M,46,selfz,120,o2o,2,1,0.3508515080329053,-0.5395477133097101,0.11635311978484157,0.1236717244774965,0.09445925896093058,0.5,-1.9401352914219194,26,-0.03902025880437858,0.018307935818861077,0.6703813306186092,-111.8206664975651,3977,6.290294589404119,99.49453774661666,6133,2001-10-08,2026-09-01,False,False,True,True,2
us_semi_ip_yoy|selfz|w120,semis,us_semi_ip,yoy,12,M,46,selfz,120,ongap,2,-1,1.2899472477867777,0.3794382142370324,0.4979143101805646,0.5144776427578484,0.37232904751437024,0.7,-1.44681162784608,10,0.008310860288558921,0.04094554972603949,0.6473067392474894,-8.365007177947827,450,6.7073904035458725,99.42579505300353,2264,2017-05-16,2026-09-01,False,True,True,True,3
us_semi_ip_yoy|selfz|w252,semis,us_semi_ip,yoy,12,M,46,selfz,252,c2c,2,1,0.3006784577161207,-0.6147037721390873,0.04105943300928404,0.045542229062276465,-0.01581332183627589,0.56,-2.3045133375438698,25,-0.028749889459103863,0.024336799225968566,0.6992588472110807,-96.96924350822579,2402,3.900040608485858,99.65386517224329,6067,2002-01-10,2026-09-01,False,False,True,True,2
us_semi_ip_yoy|selfz|w252,semis,us_semi_ip,yoy,12,M,46,selfz,252,day,2,1,0.06844108442365635,-0.04726018891174549,0.04161593040102084,0.04740233077596533,0.09266531085897949,0.6,-1.3778770158269331,25,-0.03907863213244529,0.024336799225968566,0.6992588472110807,-48.05218992096141,4382,3.900040608485858,99.65386517224329,6067,2002-01-10,2026-09-01,False,False,True,True,2
us_semi_ip_yoy|selfz|w252,semis,us_semi_ip,yoy,12,M,46,selfz,252,o2o,2,1,0.24672225306200296,-0.6002934198839958,0.016308969167894354,0.020623862122794778,-0.04951997673101803,0.56,-2.139714322135983,25,-0.08126152362726308,0.024336799225968566,0.6992588472110807,-96.9221208900659,2401,3.900040608485858,99.65386517224329,6067,2002-01-10,2026-09-01,False,False,True,True,2
us_semi_ip_yoy|selfz|w252,semis,us_semi_ip,yoy,12,M,46,selfz,252,ongap,2,-1,1.1695205403750881,0.6556919925980508,0.7200644091610043,0.7318662668723342,0.6334457131928367,0.7,-1.332028696887805,10,-0.14032824854919465,0.05686054596526279,0.6686313674514442,-6.7122183288793185,424,4.941521871601465,99.64664310954063,2264,2017-05-16,2026-09-01,True,True,True,True,4
us_semi_ip_yoy|robustz|w60,semis,us_semi_ip,yoy,12,M,46,robustz,60,c2c,2,1,0.25544650954248294,-0.017766606139065482,0.18194324692219443,0.19459385056129505,0.0906531740902739,0.5384615384615384,-1.6157906419417343,26,-0.07678630762683683,0.007504890174289369,0.5381828942842504,-56.55244456773841,3978,8.432054871224608,98.74470166286274,6134,2001-10-05,2026-09-01,False,False,True,True,2
us_semi_ip_yoy|robustz|w60,semis,us_semi_ip,yoy,12,M,46,robustz,60,day,2,1,0.0465770542272192,0.10170408288855748,0.05764582660852062,0.07368202508945108,0.12632252577567987,0.6153846153846154,-1.1629177271481002,26,-0.03896085522081094,0.007504890174289369,0.5381828942842504,-37.938283876447436,6079,8.432054871224608,98.74470166286274,6134,2001-10-05,2026-09-01,False,False,True,True,2
us_semi_ip_yoy|robustz|w60,semis,us_semi_ip,yoy,12,M,46,robustz,60,o2o,2,1,0.15769019085378466,0.03625393913752243,0.12609570903852854,0.13832216863601288,0.0378216723142136,0.5,-1.6734010158130705,26,-0.07089590571363918,0.007504890174289369,0.5381828942842504,-54.691421217366894,3977,8.432054871224608,98.74470166286274,6134,2001-10-05,2026-09-01,False,False,True,True,2
us_semi_ip_yoy|robustz|w60,semis,us_semi_ip,yoy,12,M,46,robustz,60,ongap,2,-1,0.9376584027372125,-0.03555342908661409,0.0873263901637436,0.11495468106943318,0.152794443456929,0.7,-1.4612264537220925,10,0.22179542963740934,0.053462502482292215,0.531474077765808,-10.247863564957047,903,8.525381144150598,98.89575971731449,2264,2017-05-16,2026-09-01,False,True,False,True,2
us_semi_ip_yoy|robustz|w120,semis,us_semi_ip,yoy,12,M,46,robustz,120,c2c,2,1,0.18608328463395563,0.021851340846343072,0.14445811302411093,0.15170651369475316,0.06391833005967067,0.48,-1.7584127851918816,25,-0.12107046177969627,-0.028521982718277748,0.6344250543088938,-59.533183942020315,3978,5.608097329716097,99.37438261442213,6074,2001-12-31,2026-09-01,False,False,True,True,2
us_semi_ip_yoy|robustz|w120,semis,us_semi_ip,yoy,12,M,46,robustz,120,day,2,1,-0.0029581732169887513,0.40157182534810415,0.07624493491150919,0.08554348368103161,0.1909543103392667,0.52,-1.7448516201539193,25,-0.11442911660275837,-0.028521982718277748,0.6344250543088938,-59.71530032181535,4382,5.608097329716097,99.37438261442213,6074,2001-12-31,2026-09-01,False,False,True,True,2
us_semi_ip_yoy|robustz|w120,semis,us_semi_ip,yoy,12,M,46,robustz,120,o2o,2,1,0.14165667270899224,0.07642816050811727,0.12477606441477924,0.13174656829225842,0.046108406591032526,0.48,-1.6334321457602707,25,-0.14858320888723645,-0.028521982718277748,0.6344250543088938,-59.71917519114336,3977,5.608097329716097,99.37438261442213,6074,2001-12-31,2026-09-01,False,False,True,True,2
us_semi_ip_yoy|robustz|w120,semis,us_semi_ip,yoy,12,M,46,robustz,120,ongap,2,-1,1.175559104585836,-0.002562638255810427,0.18865447210233655,0.20894684699106827,0.18585403140321877,0.7,-1.8455069109195372,10,0.1755341999518514,0.07904021696598557,0.5639394457544041,-9.91958868280648,1007,6.494626597248504,98.89575971731449,2264,2017-05-16,2026-09-01,False,True,False,True,2
us_semi_ip_yoy|robustz|w252,semis,us_semi_ip,yoy,12,M,46,robustz,252,c2c,2,1,0.2577511886212391,-0.41669642587921335,0.05850951350327833,0.06265153574191738,-0.001940892538968005,0.52,-1.8611391142879372,25,-0.11609932446156809,-0.002892794064632489,0.7515637601838062,-82.2222003646297,2369,3.883614787509195,99.71390104341972,5942,2002-07-18,2026-09-01,False,False,True,True,2
us_semi_ip_yoy|robustz|w252,semis,us_semi_ip,yoy,12,M,46,robustz,252,day,2,1,0.06901339011024545,0.11352735814971616,0.07887620884995135,0.08432563428674474,0.12334054975976835,0.52,-1.207263543505597,25,-0.17340941013714936,-0.002892794064632489,0.7515637601838062,-64.10134479010695,4382,3.883614787509195,99.71390104341972,5942,2002-07-18,2026-09-01,False,False,False,True,1
us_semi_ip_yoy|robustz|w252,semis,us_semi_ip,yoy,12,M,46,robustz,252,o2o,2,1,0.18637612558377464,-0.39319764919519506,0.020771103342751986,0.024793216097157036,-0.042517624179019047,0.52,-1.807861632886003,25,-0.18437616848374894,-0.002892794064632489,0.7515637601838062,-81.01599744423498,2368,3.883614787509195,99.71390104341972,5942,2002-07-18,2026-09-01,False,False,False,True,1
us_semi_ip_yoy|robustz|w252,semis,us_semi_ip,yoy,12,M,46,robustz,252,ongap,2,-1,1.2702595515985322,0.5844082909816166,0.663718772640043,0.6760310810283303,0.5151518855076096,0.7,-1.3074118768547964,10,-0.17592691229964214,0.05432601169170229,0.7033858662765728,-8.359251121236575,530,5.356120859700829,99.60247349823321,2264,2017-05-16,2026-09-01,False,True,False,True,2
us_semi_ip_yoy|bdtanh|w60,semis,us_semi_ip,yoy,12,M,46,bdtanh,60,c2c,2,1,0.4384597323743282,-0.13435233391714796,0.2725528909663141,0.2810063257426206,0.2578505525657623,0.5,-1.7924133455881468,26,-0.014949176597101188,0.020091376498182677,0.699817574099747,-54.08016760897401,2400,7.1700535170840585,99.70793444750933,6163,2001-08-21,2026-09-01,False,False,True,True,2
us_semi_ip_yoy|bdtanh|w60,semis,us_semi_ip,yoy,12,M,46,bdtanh,60,day,2,1,0.15554432301410848,0.1105646002280535,0.1434646040486069,0.15426220979556335,0.25716606727276936,0.5769230769230769,-1.5909116514257604,26,0.011157431473228157,0.020091376498182677,0.699817574099747,-49.536324751573524,3861,7.1700535170840585,99.70793444750933,6163,2001-08-21,2026-09-01,False,False,True,True,2
us_semi_ip_yoy|bdtanh|w60,semis,us_semi_ip,yoy,12,M,46,bdtanh,60,o2o,2,1,0.3432817680424986,-0.08424583102395018,0.22632878422029531,0.23444895209993433,0.1850865355277947,0.5384615384615384,-1.7851672864412007,26,-0.03244164723946577,0.020091376498182677,0.699817574099747,-51.30010745712844,2429,7.1700535170840585,99.70793444750933,6163,2001-08-21,2026-09-01,False,False,True,True,2
us_semi_ip_yoy|bdtanh|w60,semis,us_semi_ip,yoy,12,M,46,bdtanh,60,ongap,2,-1,1.1305137538779269,0.2701134668772949,0.37599741926722396,0.39359361448228347,0.4938676183073888,0.8,-0.9051541003317273,10,0.04266750037239005,0.03533994263656773,0.7217935877153552,-7.276762454009465,486,7.517678774519894,99.82332155477032,2264,2017-05-16,2026-09-01,False,True,True,True,3
us_semi_ip_yoy|bdtanh|w120,semis,us_semi_ip,yoy,12,M,46,bdtanh,120,c2c,2,1,0.4739142276033687,-0.625411214425268,0.15671779516509746,0.16220360045443014,0.14344571375309215,0.5769230769230769,-2.359414335621851,26,0.002219172202448581,0.03423213503729879,0.710735387481685,-107.3566364249992,2402,4.9250755331114915,99.65759008641774,6133,2001-10-08,2026-09-01,False,False,True,True,2
us_semi_ip_yoy|bdtanh|w120,semis,us_semi_ip,yoy,12,M,46,bdtanh,120,day,2,1,0.30363463982646494,-0.12783792388501375,0.20173422770568764,0.2087658120449499,0.27385299414363085,0.6538461538461539,-1.7920913702435408,26,0.015154682576704704,0.03423213503729879,0.710735387481685,-52.22955502004436,4014,4.9250755331114915,99.65759008641774,6133,2001-10-08,2026-09-01,False,True,True,True,3
us_semi_ip_yoy|bdtanh|w120,semis,us_semi_ip,yoy,12,M,46,bdtanh,120,o2o,2,1,0.43232860824995556,-0.5801311831410728,0.1527362661197955,0.15807606720568754,0.11657635550254518,0.5769230769230769,-2.187851406096677,26,-0.025126709136494493,0.03423213503729879,0.710735387481685,-99.72182971231308,4072,4.9250755331114915,99.65759008641774,6133,2001-10-08,2026-09-01,False,False,True,True,2
us_semi_ip_yoy|bdtanh|w120,semis,us_semi_ip,yoy,12,M,46,bdtanh,120,ongap,2,-1,1.223945090008999,0.38715307707356267,0.493462995184374,0.5078566556731594,0.4145194638714467,0.7,-1.3561508925771684,10,-0.04267547149471925,0.020943606236899778,0.7076968734502282,-7.641217334679131,593,6.172742303278247,99.69081272084806,2264,2017-05-16,2026-09-01,False,True,True,True,3
us_semi_ip_yoy|bdtanh|w252,semis,us_semi_ip,yoy,12,M,46,bdtanh,252,c2c,2,1,0.2487501068623222,-0.42524826677769495,0.053367815240141246,0.05717146389198894,0.018359208486215268,0.52,-1.9482989986120347,25,0.004526737177626245,0.03835787470252396,0.7174788528383282,-77.37009314417739,2285,3.4351853641115473,99.57145211801549,6067,2002-01-10,2026-09-01,False,False,True,True,2
us_semi_ip_yoy|bdtanh|w252,semis,us_semi_ip,yoy,12,M,46,bdtanh,252,day,2,1,0.10277839143207251,0.07323199379270647,0.0947027898731942,0.09962585063534354,0.18925860796943014,0.64,-1.3766122926631592,25,-5.039746110806934e-05,0.03835787470252396,0.7174788528383282,-44.69570773790561,2265,3.4351853641115473,99.57145211801549,6067,2002-01-10,2026-09-01,False,False,True,True,2
us_semi_ip_yoy|bdtanh|w252,semis,us_semi_ip,yoy,12,M,46,bdtanh,252,o2o,2,1,0.20393901593260022,-0.4335754976348554,0.026879345384306575,0.030542586938152747,-0.023947554903432606,0.48,-1.9570899808743334,25,-0.04985429983735332,0.03835787470252396,0.7174788528383282,-80.57378882824902,2285,3.4351853641115473,99.57145211801549,6067,2002-01-10,2026-09-01,False,False,True,True,2
us_semi_ip_yoy|bdtanh|w252,semis,us_semi_ip,yoy,12,M,46,bdtanh,252,ongap,2,-1,0.9908782405047301,0.6248449889928086,0.6700862324643702,0.6810931273635192,0.5533954668591419,0.7,-1.6604167487189212,10,-0.17805108147678284,0.04527789805594981,0.6839514398080475,-6.176870741208118,450,4.651123494674279,99.46996466431095,2264,2017-05-16,2026-09-01,False,True,False,True,2
us_semi_ip_yoy|rankc|w60,semis,us_semi_ip,yoy,12,M,46,rankc,60,c2c,2,1,0.4056108874540593,0.012370941266778051,0.2899032447370701,0.30016680730481404,0.3003110416807341,0.6153846153846154,-1.9514010403833737,26,-0.04346878716347492,0.031998800151295984,0.6917507749916552,-48.09950410452697,1384,8.544955560568548,99.70588235294117,6120,2001-08-21,2026-09-01,False,False,True,True,2
us_semi_ip_yoy|rankc|w60,semis,us_semi_ip,yoy,12,M,46,rankc,60,day,2,1,0.09758716264805682,0.18030493315210128,0.11586517248633665,0.1290476381811117,0.24189385194423677,0.5769230769230769,-1.2533310888555436,26,-0.020210537094046358,0.031998800151295984,0.6917507749916552,-55.27070857086351,3834,8.544955560568548,99.70588235294117,6120,2001-08-21,2026-09-01,False,False,True,True,2
us_semi_ip_yoy|rankc|w60,semis,us_semi_ip,yoy,12,M,46,rankc,60,o2o,2,1,0.3212408733071371,0.05700768514116187,0.2481759083912912,0.25810400330395433,0.22102880711587478,0.6538461538461539,-2.02974363005302,26,-0.04973226424267783,0.031998800151295984,0.6917507749916552,-48.66083986604549,2444,8.544955560568548,99.70588235294117,6120,2001-08-21,2026-09-01,False,True,True,True,3
us_semi_ip_yoy|rankc|w60,semis,us_semi_ip,yoy,12,M,46,rankc,60,ongap,2,-1,1.0007591667892004,0.12961220656206407,0.2387094229414195,0.25961246862272525,0.29686732942319105,0.7,-1.7143644396647357,10,0.07901432364161187,0.021588870028209438,0.6873869240453849,-11.448303898013043,471,8.980552687172514,99.60247349823321,2264,2017-05-16,2026-09-01,False,True,True,True,3
us_semi_ip_yoy|rankc|w120,semis,us_semi_ip,yoy,12,M,46,rankc,120,c2c,2,1,0.4886336966498309,-0.31250670133959024,0.2601129735707851,0.2673661341280792,0.25288167125809646,0.6153846153846154,-1.7088854149519777,26,-0.04495823659780626,0.034549409844744944,0.6974484295453569,-65.32945333075573,2346,6.235319643190751,99.65759008641774,6133,2001-10-08,2026-09-01,False,False,True,True,2
us_semi_ip_yoy|rankc|w120,semis,us_semi_ip,yoy,12,M,46,rankc,120,day,2,1,0.2669887121470936,0.0930302393996271,0.22460760193901239,0.23396640759439344,0.3711731083596529,0.6923076923076923,-1.0941909814718227,26,-0.034171157263043685,0.034549409844744944,0.6974484295453569,-49.201826345872476,3859,6.235319643190751,99.65759008641774,6133,2001-10-08,2026-09-01,False,True,True,True,3
us_semi_ip_yoy|rankc|w120,semis,us_semi_ip,yoy,12,M,46,rankc,120,o2o,2,1,0.4382473896199324,-0.2801162122793902,0.2427691423985373,0.24984574458360437,0.2172286840905621,0.5769230769230769,-1.7478739994203096,26,-0.0657075259300876,0.034549409844744944,0.6974484295453569,-60.499278692646406,1913,6.235319643190751,99.65759008641774,6133,2001-10-08,2026-09-01,False,False,True,True,2
us_semi_ip_yoy|rankc|w120,semis,us_semi_ip,yoy,12,M,46,rankc,120,ongap,2,-1,1.1865143067390576,0.24659178534835086,0.3678152349928918,0.3845062590256346,0.3209254991022137,0.7,-1.7170660013079386,10,0.01505632490375524,0.02309757469973769,0.6764392396327726,-11.503557994569407,523,7.120612727580903,99.69081272084806,2264,2017-05-16,2026-09-01,False,True,True,True,3
us_semi_ip_yoy|rankc|w252,semis,us_semi_ip,yoy,12,M,46,rankc,252,c2c,2,1,0.25208479443360776,-0.3230986928557313,0.09072798370492559,0.0956435506464371,0.07722383859398807,0.56,-1.573668786660041,25,-0.03319008925081298,0.033222276809863005,0.7295511084895501,-63.83718518691129,2245,4.462084677080115,99.71979561562551,6067,2002-01-10,2026-09-01,False,False,True,True,2
us_semi_ip_yoy|rankc|w252,semis,us_semi_ip,yoy,12,M,46,rankc,252,day,2,1,0.11550844784018717,0.15652130910334092,0.12284600479785529,0.12921031730387816,0.2537140385986189,0.72,-1.3868602840902295,25,-0.04606915408813094,0.033222276809863005,0.7295511084895501,-49.24103954457321,3009,4.462084677080115,99.71979561562551,6067,2002-01-10,2026-09-01,False,True,True,True,3
us_semi_ip_yoy|rankc|w252,semis,us_semi_ip,yoy,12,M,46,rankc,252,o2o,2,1,0.19575080758494182,-0.32887286730453114,0.05365883130676048,0.058414736676787836,0.01794319327707557,0.56,-1.6798524937209762,25,-0.08514811699973274,0.033222276809863005,0.7295511084895501,-68.05103848527678,4381,4.462084677080115,99.71979561562551,6067,2002-01-10,2026-09-01,False,False,True,True,2
us_semi_ip_yoy|rankc|w252,semis,us_semi_ip,yoy,12,M,46,rankc,252,ongap,2,-1,1.1276003214741357,0.5611035396604006,0.6299534838737453,0.6437887503369201,0.6092393840036703,0.7,-1.0400329112441102,10,-0.172919277100767,0.021713900946204137,0.6636528265744996,-7.5025801343475775,431,5.773615121154953,99.46996466431095,2264,2017-05-16,2026-09-01,True,True,False,True,3
us_semi_ip_yoy|signth|w60,semis,us_semi_ip,yoy,12,M,46,signth,60,c2c,2,1,0.4669061347687875,-0.1951537170967849,0.272541496101006,0.2788774275260846,0.24026775356405985,0.5,-1.9853469351500126,26,-0.06822979474420938,0.012050130362158903,0.7027949027733196,-57.31938335602524,1571,5.472439738059142,99.70549738219894,6112,2001-07-10,2026-09-01,False,False,True,True,2
us_semi_ip_yoy|signth|w60,semis,us_semi_ip,yoy,12,M,46,signth,60,day,2,1,0.18763597291540302,0.08954562809413939,0.16250936731558732,0.170621550873628,0.25957378736306147,0.5384615384615384,-1.3351799361821766,26,-0.06883897195771813,0.012050130362158903,0.7027949027733196,-47.573947080138275,3781,5.472439738059142,99.70549738219894,6112,2001-07-10,2026-09-01,False,False,True,True,2
us_semi_ip_yoy|signth|w60,semis,us_semi_ip,yoy,12,M,46,signth,60,o2o,2,1,0.3851824432684348,-0.167386453055429,0.2318414877353905,0.23794951660708882,0.16743262218968716,0.5,-2.0225777498382063,26,-0.10576187176193474,0.012050130362158903,0.7027949027733196,-56.23118967512287,2416,5.472439738059142,99.70549738219894,6112,2001-07-10,2026-09-01,False,False,True,True,2
us_semi_ip_yoy|signth|w60,semis,us_semi_ip,yoy,12,M,46,signth,60,ongap,2,-1,1.1701579237295707,0.2294349549415753,0.35114065220251256,0.3678990784321427,0.3788023456880456,0.8,-1.1856250362368064,10,0.05557039509463428,0.03643993527058659,0.7207890694128295,-6.888432300798863,609,6.976310437747059,99.73498233215548,2264,2017-05-16,2026-09-01,False,True,True,True,3
us_semi_ip_yoy|signth|w120,semis,us_semi_ip,yoy,12,M,46,signth,120,c2c,2,1,0.2322738658665847,-0.5786458295986063,0.0007401066623755125,0.005606409443009243,0.002208494011337894,0.5,-2.771303808011832,26,-0.10356349248464972,0.009493225572827725,0.7006648635301872,-95.42870179262424,2205,4.507680517110937,99.26825212040579,6013,2001-07-10,2026-09-01,False,False,True,True,2
us_semi_ip_yoy|signth|w120,semis,us_semi_ip,yoy,12,M,46,signth,120,day,2,1,0.09660067134069428,-0.01247218364273267,0.07056261488221979,0.07672544097392228,0.18650732677170462,0.5769230769230769,-1.3465863444181843,26,-0.12960810926794894,0.009493225572827725,0.7006648635301872,-47.84241143111426,3680,4.507680517110937,99.26825212040579,6013,2001-07-10,2026-09-01,False,False,True,True,2
us_semi_ip_yoy|signth|w120,semis,us_semi_ip,yoy,12,M,46,signth,120,o2o,2,1,0.16849986858637817,-0.5161999952706104,-0.01852946127668786,-0.013854745759619097,-0.04590935842421816,0.5,-2.541615673101264,26,-0.15038336535840494,0.009493225572827725,0.7006648635301872,-98.00465721811334,4202,4.507680517110937,99.26825212040579,6013,2001-07-10,2026-09-01,False,False,False,True,1
us_semi_ip_yoy|signth|w120,semis,us_semi_ip,yoy,12,M,46,signth,120,ongap,2,-1,1.4047438261228242,0.2968113439485938,0.436967985920599,0.4526582544759282,0.33183337370753496,0.7,-1.6111853519296258,10,-0.0023625497963309277,0.026069056399833916,0.7018261795323869,-9.774496625387938,594,6.7145023501810295,99.45945945945947,2220,2017-07-19,2026-09-01,False,True,True,True,3
us_semi_ip_yoy|signth|w252,semis,us_semi_ip,yoy,12,M,46,signth,252,c2c,2,-1,0.00016996435355864565,0.40293050521411755,0.11395500166339191,0.11697753998651778,0.09444768931913938,0.5384615384615384,-1.9781950841768177,26,0.035209117919341386,-0.0176457797895074,0.710180282696602,-121.44746749359585,4547,2.6218326942363683,99.91500934897162,5883,2001-10-15,2026-09-01,False,False,True,True,2
us_semi_ip_yoy|signth|w252,semis,us_semi_ip,yoy,12,M,46,signth,252,day,2,-1,0.11050882495915071,0.2757119589103633,0.14601896632110578,0.14987978261591448,0.08606749872657667,0.5384615384615384,-1.8000219559970674,26,0.06421994645485149,-0.0176457797895074,0.710180282696602,-58.96548322099812,4547,2.6218326942363683,99.91500934897162,5883,2001-10-15,2026-09-01,False,False,True,True,2
us_semi_ip_yoy|signth|w252,semis,us_semi_ip,yoy,12,M,46,signth,252,o2o,2,1,0.00365665186755121,-0.3883529795314019,-0.10155314451061492,-0.09865166556374454,-0.08728864621704391,0.46153846153846156,-3.1594529573741292,26,-0.10309857944612706,0.0176457797895074,0.710180282696602,-95.35316950837112,3492,2.6218326942363683,99.91500934897162,5883,2001-10-15,2026-09-01,False,False,True,True,2
us_semi_ip_yoy|signth|w252,semis,us_semi_ip,yoy,12,M,46,signth,252,ongap,2,-1,1.0473336114414533,0.5293120595050715,0.5935880712387851,0.6010588114527302,0.4957706895018165,0.7,-1.8495140533418435,10,-0.154317088616741,0.02403810621466557,0.6640595801411646,-6.905250330767259,450,3.06200084357352,99.77262391996362,2199,2017-08-14,2026-09-01,False,True,False,True,2
us_semi_ip_yoy|dev|w60,semis,us_semi_ip,yoy,12,M,46,dev,60,c2c,2,1,0.43314942103702037,-0.3155427734559992,0.2275640879244826,0.23611860413825375,0.19309791797663617,0.5384615384615384,-1.5164951909375408,26,-0.007133385184031464,0.038306173937935964,0.6807079495779805,-70.44108977962469,2406,7.421990110089368,99.57812753529124,6163,2001-08-21,2026-09-01,False,False,True,True,2
us_semi_ip_yoy|dev|w60,semis,us_semi_ip,yoy,12,M,46,dev,60,day,2,1,0.12015667641743309,-0.013437845751349728,0.08948753062227104,0.10044091495894959,0.18179545813864356,0.5769230769230769,-1.6047572701697252,26,0.00846073390330629,0.038306173937935964,0.6807079495779805,-66.28347211137331,4382,7.421990110089368,99.57812753529124,6163,2001-08-21,2026-09-01,False,False,True,True,2
us_semi_ip_yoy|dev|w60,semis,us_semi_ip,yoy,12,M,46,dev,60,o2o,2,1,0.34520865957425995,-0.2566116241000191,0.1894937525339237,0.1977621986057301,0.14948603217686665,0.5769230769230769,-1.548109647182878,26,-0.02931890279616867,0.038306173937935964,0.6807079495779805,-71.16124607481345,3977,7.421990110089368,99.57812753529124,6163,2001-08-21,2026-09-01,False,False,True,True,2
us_semi_ip_yoy|dev|w60,semis,us_semi_ip,yoy,12,M,46,dev,60,ongap,2,-1,1.0753220825385708,0.22994053708216014,0.32007309055957195,0.3393720252138824,0.30090706475047924,0.7,-1.1553533237226512,10,0.020196883635300644,0.009318291905091808,0.6361308566060955,-7.3351159665126255,517,8.090820034953502,99.42579505300353,2264,2017-05-16,2026-09-01,False,True,True,True,3
us_semi_ip_yoy|dev|w120,semis,us_semi_ip,yoy,12,M,46,dev,120,c2c,2,1,0.44858171021291915,-0.7363242641106643,0.1279928063144984,0.13344110071119894,0.1325133448821484,0.6153846153846154,-2.5186001884271603,26,-0.0075282682252216975,0.04859552908786232,0.7111952364919407,-117.4298906768327,2402,5.006119620720881,99.44562204467634,6133,2001-10-08,2026-09-01,False,False,True,True,2
us_semi_ip_yoy|dev|w120,semis,us_semi_ip,yoy,12,M,46,dev,120,day,2,1,0.20766713521096308,-0.26009482867403183,0.10641485106457048,0.11341263479607239,0.18129573828322704,0.5769230769230769,-1.6925788098921026,26,-0.003331539446812504,0.04859552908786232,0.7111952364919407,-73.11167088475466,4382,5.006119620720881,99.44562204467634,6133,2001-10-08,2026-09-01,False,False,True,True,2
us_semi_ip_yoy|dev|w120,semis,us_semi_ip,yoy,12,M,46,dev,120,o2o,2,1,0.3712423631233631,-0.6773694747973529,0.09969184027420627,0.10497196033785437,0.09463754921522115,0.5769230769230769,-2.3399165715093404,26,-0.04899386365242747,0.04859552908786232,0.7111952364919407,-109.9919627336831,4381,5.006119620720881,99.44562204467634,6133,2001-10-08,2026-09-01,False,False,True,True,2
us_semi_ip_yoy|dev|w120,semis,us_semi_ip,yoy,12,M,46,dev,120,ongap,2,-1,1.2177981000168066,0.41715617689104356,0.5109545587908353,0.5251735798221364,0.40092671486751885,0.7,-1.3305648835393766,10,-0.05749622825298611,0.009237265969527396,0.6537050759445047,-8.303606905820862,520,6.063517141867096,99.38162544169612,2264,2017-05-16,2026-09-01,False,True,True,True,3
us_semi_ip_yoy|dev|w252,semis,us_semi_ip,yoy,12,M,46,dev,252,c2c,2,1,0.16327410449591412,-0.48599449141621187,-0.017408253734677318,-0.01336913019184739,-0.060069860951752214,0.48,-2.161849584084833,25,-0.01217350389344419,0.045910258292369395,0.7359836751377805,-81.77940833198676,2289,3.7703606767898776,99.71979561562551,6067,2002-01-10,2026-09-01,False,False,True,True,2
us_semi_ip_yoy|dev|w252,semis,us_semi_ip,yoy,12,M,46,dev,252,day,2,1,0.06933632776887574,0.01283706252070337,0.05581132924318592,0.061046968973624084,0.13307512836160942,0.6,-1.157408527892896,25,-0.02328551487157959,0.045910258292369395,0.7359836751377805,-54.49568551268646,4382,3.7703606767898776,99.71979561562551,6067,2002-01-10,2026-09-01,False,False,True,True,2
us_semi_ip_yoy|dev|w252,semis,us_semi_ip,yoy,12,M,46,dev,252,o2o,2,1,0.12024831406202482,-0.47807034124509284,-0.03949934966314871,-0.03560391923377265,-0.09090588806175713,0.48,-2.1495612849457997,25,-0.0679662163894362,0.045910258292369395,0.7359836751377805,-91.1631476594038,4381,3.7703606767898776,99.71979561562551,6067,2002-01-10,2026-09-01,False,False,True,True,2
us_semi_ip_yoy|dev|w252,semis,us_semi_ip,yoy,12,M,46,dev,252,ongap,2,-1,1.336220306382698,0.6435763917700387,0.726527902995814,0.7378142131232001,0.6500449332573429,0.7,-1.3787415805367764,10,-0.19257941250014454,0.02721423470695725,0.6893233962243256,-6.981530922113882,412,4.851128238410709,99.60247349823321,2264,2017-05-16,2026-09-01,True,True,False,True,3
us_semi_ip_nsa_yoy|selfz|w60,semis,us_semi_ip_nsa,yoy,12,M,46,selfz,60,c2c,2,1,0.3833556271888228,-0.06063509835479291,0.2604122652362975,0.2740702288239391,0.20068439318427417,0.6923076923076923,-2.2074011175947796,26,-0.0017317200131132006,0.015132750596699105,0.636307898230946,-56.024049630879034,2500,10.482324971020025,99.54567580723673,6163,2001-08-21,2026-09-01,False,True,True,True,3
us_semi_ip_nsa_yoy|selfz|w60,semis,us_semi_ip_nsa,yoy,12,M,46,selfz,60,day,2,1,0.2349088844457581,0.20059112452395714,0.22402111587012405,0.24128893693515274,0.3568693206300626,0.6923076923076923,-1.7251001785306117,26,0.007388735796041883,0.015132750596699105,0.636307898230946,-38.46231265890804,1990,10.482324971020025,99.54567580723673,6163,2001-08-21,2026-09-01,False,True,True,True,3
us_semi_ip_nsa_yoy|selfz|w60,semis,us_semi_ip_nsa,yoy,12,M,46,selfz,60,o2o,2,1,0.32947540465448266,-0.0071618789532762244,0.23964924770324172,0.25286520213773855,0.1714833437863251,0.6538461538461539,-2.2902479016927244,26,-0.021041060031621265,0.015132750596699105,0.636307898230946,-57.77980415163994,3537,10.482324971020025,99.54567580723673,6163,2001-08-21,2026-09-01,False,True,True,True,3
us_semi_ip_nsa_yoy|selfz|w60,semis,us_semi_ip_nsa,yoy,12,M,46,selfz,60,ongap,2,-1,1.011317459954613,0.15961834066211197,0.27110283723255413,0.29783711339672986,0.30307103341280406,0.7,-1.2020443611226235,10,-0.001766544103363306,0.02944047143978397,0.634294278568605,-8.330541371169458,849,10.350972482572722,99.46996466431095,2264,2017-05-16,2026-09-01,False,True,True,True,3
us_semi_ip_nsa_yoy|selfz|w120,semis,us_semi_ip_nsa,yoy,12,M,46,selfz,120,c2c,2,1,0.413698174159679,-0.42944944103336463,0.18737360348862941,0.19612131670218594,0.1447466396750032,0.6153846153846154,-2.2206426760023246,26,0.004907880388254506,0.010428070394105789,0.6647971262176328,-83.04592152304168,4074,7.0866879083916015,99.62497961845752,6133,2001-10-08,2026-09-01,False,False,True,True,2
us_semi_ip_nsa_yoy|selfz|w120,semis,us_semi_ip_nsa,yoy,12,M,46,selfz,120,day,2,1,0.26137316769579294,0.051997110629654446,0.21296124961299126,0.22414116016366975,0.267400320536197,0.6153846153846154,-1.7696467285503144,26,0.0005965581619632437,0.010428070394105789,0.6647971262176328,-50.26854053669159,4001,7.0866879083916015,99.62497961845752,6133,2001-10-08,2026-09-01,False,False,True,True,2
us_semi_ip_nsa_yoy|selfz|w120,semis,us_semi_ip_nsa,yoy,12,M,46,selfz,120,o2o,2,1,0.3700594166263705,-0.43501719450241233,0.16297886410066018,0.1714676850993922,0.10827479839142189,0.5769230769230769,-2.1409153482554184,26,-0.0264288536089141,0.010428070394105789,0.6647971262176328,-90.79535097352088,4072,7.0866879083916015,99.62497961845752,6133,2001-10-08,2026-09-01,False,False,True,True,2
us_semi_ip_nsa_yoy|selfz|w120,semis,us_semi_ip_nsa,yoy,12,M,46,selfz,120,ongap,2,-1,1.2451774706535825,0.3943072574615838,0.5087424181411113,0.5271613324674286,0.4133095576343921,0.7,-1.6021326252731012,10,-0.04184278553908204,0.054750342911110694,0.6273864426742033,-7.181461849144009,450,7.346406297625669,99.64664310954063,2264,2017-05-16,2026-09-01,False,True,True,True,3
us_semi_ip_nsa_yoy|selfz|w252,semis,us_semi_ip_nsa,yoy,12,M,46,selfz,252,c2c,2,1,0.2713533105178285,-0.4308385609619343,0.07073451474362095,0.0763557573196034,0.02168277193801176,0.48,-2.2190091612503475,25,-0.023307168605388076,0.012913909537952973,0.6828026912860022,-77.75629167386751,2402,4.830859062083542,99.63738256139773,6067,2002-01-10,2026-09-01,False,False,True,True,2
us_semi_ip_nsa_yoy|selfz|w252,semis,us_semi_ip_nsa,yoy,12,M,46,selfz,252,day,2,1,0.10697733358731362,0.09013652887652346,0.10164048667047919,0.10891901153229122,0.191679585558493,0.64,-1.3602672898078938,25,-0.04298141907241291,0.012913909537952973,0.6828026912860022,-46.36985076644121,3012,4.830859062083542,99.63738256139773,6067,2002-01-10,2026-09-01,False,False,True,True,2
us_semi_ip_nsa_yoy|selfz|w252,semis,us_semi_ip_nsa,yoy,12,M,46,selfz,252,o2o,2,1,0.21077364654614275,-0.4757039017317118,0.025592376536067038,0.031020415097449777,-0.04079432802150957,0.52,-2.2744265000881323,25,-0.07909404403547582,0.012913909537952973,0.6828026912860022,-81.33135809829966,2368,4.830859062083542,99.63738256139773,6067,2002-01-10,2026-09-01,False,False,True,True,2
us_semi_ip_nsa_yoy|selfz|w252,semis,us_semi_ip_nsa,yoy,12,M,46,selfz,252,ongap,2,-1,1.2978969227721806,0.6566346493212879,0.7346358944429827,0.7480994476395657,0.680400297072328,0.7,-1.4756459249741363,10,-0.15788015489350235,0.07307417300963893,0.6508932212521145,-5.798636841692447,407,5.703529782556843,99.55830388692578,2264,2017-05-16,2026-09-01,True,True,False,True,3
us_semi_ip_nsa_yoy|robustz|w60,semis,us_semi_ip_nsa,yoy,12,M,46,robustz,60,c2c,2,1,0.2884467069810186,0.023660986911686725,0.21426645776935077,0.22896250879492397,0.1727078728740642,0.6153846153846154,-1.8801327381198973,26,-0.015893729266271014,0.016674118030761045,0.5373262355754481,-45.96106821417225,2586,9.390781570110597,99.33159439191392,6134,2001-10-05,2026-09-01,False,False,True,True,2
us_semi_ip_nsa_yoy|robustz|w60,semis,us_semi_ip_nsa,yoy,12,M,46,robustz,60,day,2,1,0.1580826056701625,0.1433835359132657,0.15243399605302999,0.17101262433653866,0.2387614459042248,0.5384615384615384,-1.030347572077961,26,-0.00585466928764077,0.016674118030761045,0.5373262355754481,-23.398037280458915,2417,9.390781570110597,99.33159439191392,6134,2001-10-05,2026-09-01,False,False,True,True,2
us_semi_ip_nsa_yoy|robustz|w60,semis,us_semi_ip_nsa,yoy,12,M,46,robustz,60,o2o,2,1,0.20703796860891302,0.02963789637860064,0.15887493161363114,0.17323097586395472,0.10737705060809877,0.5384615384615384,-2.0948290513112755,26,-0.03257877926642294,0.016674118030761045,0.5373262355754481,-44.69215625041586,3624,9.390781570110597,99.33159439191392,6134,2001-10-05,2026-09-01,False,False,True,True,2
us_semi_ip_nsa_yoy|robustz|w60,semis,us_semi_ip_nsa,yoy,12,M,46,robustz,60,ongap,2,-1,0.74806207681491,0.06841096044924859,0.15462590166091256,0.18201919348454088,0.14172388623236853,0.6,-1.445130061363759,10,0.07227408153866875,0.032253409673893105,0.5253970641258721,-10.952298366785133,1620,9.030928800845746,99.55830388692578,2264,2017-05-16,2026-09-01,False,False,True,True,2
us_semi_ip_nsa_yoy|robustz|w120,semis,us_semi_ip_nsa,yoy,12,M,46,robustz,120,c2c,2,1,0.2103873690096549,-0.4023544200283413,0.04759697110106783,0.056012179144804726,-0.0548772394489936,0.44,-2.156456992939238,25,-0.08048202274963114,-0.015749016007767094,0.6387378976863396,-76.00176225873997,3978,6.6241520132735605,99.22621007573264,6074,2001-12-31,2026-09-01,False,False,True,True,2
us_semi_ip_nsa_yoy|robustz|w120,semis,us_semi_ip_nsa,yoy,12,M,46,robustz,120,day,2,1,0.017053609324051464,0.11279217824542817,0.03714062260969385,0.047965447496094105,0.04548610747564357,0.48,-1.6989033775802749,25,-0.09157320106941884,-0.015749016007767094,0.6387378976863396,-55.12446426278951,4382,6.6241520132735605,99.22621007573264,6074,2001-12-31,2026-09-01,False,False,True,True,2
us_semi_ip_nsa_yoy|robustz|w120,semis,us_semi_ip_nsa,yoy,12,M,46,robustz,120,o2o,2,1,0.14982974774375127,-0.38886498738959435,0.011694295405047477,0.019759572829887804,-0.10577993445385209,0.44,-2.06418196456172,25,-0.11965445914060355,-0.015749016007767094,0.6387378976863396,-83.16689237260128,3977,6.6241520132735605,99.22621007573264,6074,2001-12-31,2026-09-01,False,False,True,True,2
us_semi_ip_nsa_yoy|robustz|w120,semis,us_semi_ip_nsa,yoy,12,M,46,robustz,120,ongap,2,-1,1.1544464445877558,0.37867835574128117,0.49593308338318176,0.5166667920450857,0.41842031455848677,0.7,-1.489243103512925,10,0.062480201668074005,0.08104350391598808,0.6020221663903864,-8.202981546240656,647,7.560654264967307,98.80742049469966,2264,2017-05-16,2026-09-01,False,True,True,True,3
us_semi_ip_nsa_yoy|robustz|w252,semis,us_semi_ip_nsa,yoy,12,M,46,robustz,252,c2c,2,1,0.1746418642927618,-0.32628054335503404,0.02736276202441016,0.03284494491411321,-0.01616325109115458,0.56,-2.1825286767670455,25,-0.10299614709669498,-0.013668036949520028,0.7292453737354813,-69.75377579184942,1792,5.051008967973885,99.84853584651633,5942,2002-07-18,2026-09-01,False,False,True,True,2
us_semi_ip_nsa_yoy|robustz|w252,semis,us_semi_ip_nsa,yoy,12,M,46,robustz,252,day,2,1,0.0757108183707461,0.11071034205219035,0.08318384456630709,0.09042743193123032,0.12189590423188977,0.64,-1.7780988167108813,25,-0.16582737976535808,-0.013668036949520028,0.7292453737354813,-62.68284352789871,4382,5.051008967973885,99.84853584651633,5942,2002-07-18,2026-09-01,False,False,False,True,1
us_semi_ip_nsa_yoy|robustz|w252,semis,us_semi_ip_nsa,yoy,12,M,46,robustz,252,o2o,2,1,0.10580287662709785,-0.3217226286984256,-0.014754253162359463,-0.009427418501652324,-0.06205474942823485,0.6,-2.2253943401330964,25,-0.1724752977482545,-0.013668036949520028,0.7292453737354813,-71.50897785858466,1948,5.051008967973885,99.84853584651633,5942,2002-07-18,2026-09-01,False,False,False,True,1
us_semi_ip_nsa_yoy|robustz|w252,semis,us_semi_ip_nsa,yoy,12,M,46,robustz,252,ongap,2,-1,1.4055586991658398,0.6004821987309165,0.6956412766165309,0.7104402765924543,0.6223260453146249,0.7,-1.4101526129446402,10,-0.17889656118719185,0.0736501792819907,0.6892457552725657,-6.550370284842138,431,6.570821364555366,99.82332155477032,2264,2017-05-16,2026-09-01,True,True,False,True,3
us_semi_ip_nsa_yoy|bdtanh|w60,semis,us_semi_ip_nsa,yoy,12,M,46,bdtanh,60,c2c,2,1,0.42607157259804024,-0.054318936689961454,0.28901019043010834,0.29895252103558523,0.27773830631668184,0.5769230769230769,-1.8915211606341191,26,0.003952188946171277,0.02259169690545655,0.6939584184858237,-58.05043373957777,1603,8.211747871507518,99.80528963167289,6163,2001-08-21,2026-09-01,False,False,True,True,2
us_semi_ip_nsa_yoy|bdtanh|w60,semis,us_semi_ip_nsa,yoy,12,M,46,bdtanh,60,day,2,1,0.24398710968075368,0.25320810943002253,0.24323878710135538,0.25584533167138834,0.439981831610347,0.6153846153846154,-1.5170731090232126,26,0.009576737656736514,0.02259169690545655,0.6939584184858237,-45.394973367412014,2274,8.211747871507518,99.80528963167289,6163,2001-08-21,2026-09-01,False,False,True,True,2
us_semi_ip_nsa_yoy|bdtanh|w60,semis,us_semi_ip_nsa,yoy,12,M,46,bdtanh,60,o2o,2,1,0.36376274258780644,-0.004512744335797238,0.262855816591325,0.2724294489742862,0.2305270088503728,0.6153846153846154,-2.0532843180732323,26,-0.02416475497358626,0.02259169690545655,0.6939584184858237,-52.47854921475628,2496,8.211747871507518,99.80528963167289,6163,2001-08-21,2026-09-01,False,False,True,True,2
us_semi_ip_nsa_yoy|bdtanh|w60,semis,us_semi_ip_nsa,yoy,12,M,46,bdtanh,60,ongap,2,-1,1.0486963708364816,0.23171422184885002,0.33784984642244564,0.35952307105123,0.44859141113007533,0.7,-0.8340894220603682,10,-0.026947485299072194,0.015574348588522462,0.7072908590147766,-7.3868269441121654,978,9.068195799019165,99.91166077738515,2264,2017-05-16,2026-09-01,False,True,True,True,3
us_semi_ip_nsa_yoy|bdtanh|w120,semis,us_semi_ip_nsa,yoy,12,M,46,bdtanh,120,c2c,2,1,0.4653477085909988,-0.23981583023592715,0.2665380282741538,0.273588213907042,0.22554021486165846,0.6153846153846154,-2.1356893056786457,26,0.02187446316919402,0.023566586122383455,0.7027990513449857,-81.28947169973021,1550,6.056379428822123,99.7880319582586,6133,2001-10-08,2026-09-01,False,False,True,True,2
us_semi_ip_nsa_yoy|bdtanh|w120,semis,us_semi_ip_nsa,yoy,12,M,46,bdtanh,120,day,2,1,0.3288786036061777,0.16909528422186407,0.28876857453994803,0.2977665236870071,0.35919717181472083,0.6153846153846154,-1.7314200872832648,26,0.015493135343077407,0.023566586122383455,0.7027990513449857,-54.00501437082143,2827,6.056379428822123,99.7880319582586,6133,2001-10-08,2026-09-01,False,False,True,True,2
us_semi_ip_nsa_yoy|bdtanh|w120,semis,us_semi_ip_nsa,yoy,12,M,46,bdtanh,120,o2o,2,1,0.43154552083250103,-0.2691603337985953,0.24252072759832494,0.249358557756437,0.19250079154105104,0.6153846153846154,-2.10148288601618,26,-0.018604465861049222,0.023566586122383455,0.7027990513449857,-77.6563381781472,1593,6.056379428822123,99.7880319582586,6133,2001-10-08,2026-09-01,False,False,True,True,2
us_semi_ip_nsa_yoy|bdtanh|w120,semis,us_semi_ip_nsa,yoy,12,M,46,bdtanh,120,ongap,2,-1,1.2165284415449056,0.3428652912968228,0.45959694232258486,0.4772978409472687,0.41060669129589433,0.7,-1.6398689134763424,10,-0.07935376383554771,0.03198193858724196,0.6843807832097003,-7.206830164317632,807,7.338668727194179,99.69081272084806,2264,2017-05-16,2026-09-01,False,True,True,True,3
us_semi_ip_nsa_yoy|bdtanh|w252,semis,us_semi_ip_nsa,yoy,12,M,46,bdtanh,252,c2c,2,1,0.2345715471936757,-0.3463826653537972,0.06390255975440613,0.06870457429217754,0.04499085649955738,0.52,-1.9090323284519761,25,-0.0011085882359602843,0.022361277351429395,0.7006793028298505,-71.0391880832561,2312,4.295233746294114,99.52200428547881,6067,2002-01-10,2026-09-01,False,False,True,True,2
us_semi_ip_nsa_yoy|bdtanh|w252,semis,us_semi_ip_nsa,yoy,12,M,46,bdtanh,252,day,2,1,0.1362003740183421,0.13849799800614188,0.13535604205607413,0.1416168024464358,0.27509208002491464,0.64,-1.0493269475476805,25,-0.012084176488092228,0.022361277351429395,0.7006793028298505,-45.83790223716693,1826,4.295233746294114,99.52200428547881,6067,2002-01-10,2026-09-01,False,False,True,True,2
us_semi_ip_nsa_yoy|bdtanh|w252,semis,us_semi_ip_nsa,yoy,12,M,46,bdtanh,252,o2o,2,1,0.1850978884865911,-0.3930612151068001,0.023462632488927146,0.028096313646871637,-0.013688144815185245,0.56,-1.9829018256663176,25,-0.05575588369106246,0.022361277351429395,0.7006793028298505,-76.16783428539694,2311,4.295233746294114,99.52200428547881,6067,2002-01-10,2026-09-01,False,False,True,True,2
us_semi_ip_nsa_yoy|bdtanh|w252,semis,us_semi_ip_nsa,yoy,12,M,46,bdtanh,252,ongap,2,-1,1.1543292345075677,0.6416047279354529,0.7026477090286714,0.7151991241133812,0.5870507210067452,0.7,-1.856392965938665,10,-0.1741352094920236,0.0666245050387899,0.6661066010482518,-5.234972817034758,352,5.400541913515965,99.42579505300353,2264,2017-05-16,2026-09-01,False,True,False,True,2
us_semi_ip_nsa_yoy|rankc|w60,semis,us_semi_ip_nsa,yoy,12,M,46,rankc,60,c2c,2,1,0.2926954314266386,-0.031194096956493746,0.20109192696992004,0.2135145437470376,0.16455818345263595,0.6923076923076923,-2.090897759197255,26,-0.017068369881009782,0.022492437747665833,0.6851114846671199,-62.33892009589053,2389,10.081880398081376,99.70793444750933,6163,2001-08-21,2026-09-01,False,True,True,True,3
us_semi_ip_nsa_yoy|rankc|w60,semis,us_semi_ip_nsa,yoy,12,M,46,rankc,60,day,2,1,0.11013590902317326,0.1851716898596376,0.12579529719389504,0.14154650578638014,0.22514329048112142,0.6153846153846154,-1.557169597049159,26,-0.009471037145660697,0.022492437747665833,0.6851114846671199,-49.4950431171513,3859,10.081880398081376,99.70793444750933,6163,2001-08-21,2026-09-01,False,False,True,True,2
us_semi_ip_nsa_yoy|rankc|w60,semis,us_semi_ip_nsa,yoy,12,M,46,rankc,60,o2o,2,1,0.26938797055822505,0.06280202728765397,0.21368953252672923,0.225597647656551,0.1725410939902095,0.6538461538461539,-2.0258971250140574,26,-0.024557083572411823,0.022492437747665833,0.6851114846671199,-63.44579740180687,3395,10.081880398081376,99.70793444750933,6163,2001-08-21,2026-09-01,False,True,True,True,3
us_semi_ip_nsa_yoy|rankc|w60,semis,us_semi_ip_nsa,yoy,12,M,46,rankc,60,ongap,2,-1,0.9257360676822254,0.15112360373373396,0.25262459543084387,0.2772286254021136,0.294592962251385,0.7,-1.2024199003248959,10,0.026080186600389816,0.0028922517403526696,0.6727613985696217,-8.934249360199436,989,10.204083751577468,99.55830388692578,2264,2017-05-16,2026-09-01,False,True,True,True,3
us_semi_ip_nsa_yoy|rankc|w120,semis,us_semi_ip_nsa,yoy,12,M,46,rankc,120,c2c,2,1,0.40250908707761257,-0.3745697462381165,0.19167329582242532,0.20062444262884335,0.16945526850584763,0.5769230769230769,-1.929265510750929,26,-0.012473985711280599,0.017580017563883887,0.6921768861162212,-71.34901108645566,2346,7.411990439372903,99.65759008641774,6133,2001-10-08,2026-09-01,False,False,True,True,2
us_semi_ip_nsa_yoy|rankc|w120,semis,us_semi_ip_nsa,yoy,12,M,46,rankc,120,day,2,1,0.2770546158111115,0.18979074668112142,0.253648953789833,0.26504971466513244,0.40045661281823913,0.6923076923076923,-1.6185901221745445,26,-0.022425281747956258,0.017580017563883887,0.6921768861162212,-49.92831903567815,3141,7.411990439372903,99.65759008641774,6133,2001-10-08,2026-09-01,False,True,True,True,3
us_semi_ip_nsa_yoy|rankc|w120,semis,us_semi_ip_nsa,yoy,12,M,46,rankc,120,o2o,2,1,0.3860847750325766,-0.34067498349408903,0.19762097340581314,0.20628641572217712,0.15208378596981817,0.5769230769230769,-1.868767543084626,26,-0.0432141310352609,0.017580017563883887,0.6921768861162212,-67.4642745529919,2368,7.411990439372903,99.65759008641774,6133,2001-10-08,2026-09-01,False,False,True,True,2
us_semi_ip_nsa_yoy|rankc|w120,semis,us_semi_ip_nsa,yoy,12,M,46,rankc,120,ongap,2,-1,1.285580451898727,0.3582985037633658,0.487652063368633,0.5069343599675913,0.4424423390287717,0.7,-1.238842122937013,10,-0.058259909467733365,0.02539135152339437,0.6695907281452218,-7.979069250859569,546,7.925393203175,99.46996466431095,2264,2017-05-16,2026-09-01,False,True,True,True,3
us_semi_ip_nsa_yoy|rankc|w252,semis,us_semi_ip_nsa,yoy,12,M,46,rankc,252,c2c,2,1,0.23615166057662842,-0.35536470735070425,0.07019778901111931,0.07629214092653049,0.044296462026612596,0.56,-1.8420932973499036,25,-0.02338530078441119,0.01548272401415134,0.7150173831243228,-69.58853657037697,2346,5.4140195149233366,99.75276083731663,6067,2002-01-10,2026-09-01,False,False,True,True,2
us_semi_ip_nsa_yoy|rankc|w252,semis,us_semi_ip_nsa,yoy,12,M,46,rankc,252,day,2,1,0.14881001267864324,0.19754836909625056,0.15771611601339744,0.16563739488221604,0.31849608751661745,0.68,-0.9774127253809276,25,-0.03602957995250209,0.01548272401415134,0.7150173831243228,-48.86199023695585,2910,5.4140195149233366,99.75276083731663,6067,2002-01-10,2026-09-01,False,True,True,True,3
us_semi_ip_nsa_yoy|rankc|w252,semis,us_semi_ip_nsa,yoy,12,M,46,rankc,252,o2o,2,1,0.19737749831996781,-0.371644486818282,0.04435638235877058,0.05025810723589332,0.0056471110693523535,0.56,-1.8128834773372782,25,-0.07363150095872427,0.01548272401415134,0.7150173831243228,-73.81830116043947,2368,5.4140195149233366,99.75276083731663,6067,2002-01-10,2026-09-01,False,False,True,True,2
us_semi_ip_nsa_yoy|rankc|w252,semis,us_semi_ip_nsa,yoy,12,M,46,rankc,252,ongap,2,-1,1.2486595334115418,0.6079730206677871,0.6911135916102882,0.7066667136903798,0.6339714999426107,0.7,-1.4465505923797326,10,-0.14657267507653254,0.05009752676208586,0.6570203710894221,-5.915252285298525,426,6.417782867809814,99.60247349823321,2264,2017-05-16,2026-09-01,True,True,True,True,4
us_semi_ip_nsa_yoy|signth|w60,semis,us_semi_ip_nsa,yoy,12,M,46,signth,60,c2c,2,1,0.5001553571767674,-0.08380040800870163,0.33063130634688015,0.3387197864563655,0.3370322126454529,0.6153846153846154,-2.0473526677026004,26,-0.053292189415777146,0.012150509336489928,0.7026104029691578,-56.10651354060094,1113,6.824369917937784,99.57757920389926,6155,2001-07-10,2026-09-01,False,False,True,True,2
us_semi_ip_nsa_yoy|signth|w60,semis,us_semi_ip_nsa,yoy,12,M,46,signth,60,day,2,1,0.31895512472392307,0.1911527343164533,0.2858696034564103,0.29617434787924635,0.4608515160179717,0.6538461538461539,-1.2739284826268227,26,-0.07252175815655151,0.012150509336489928,0.7026104029691578,-43.945916916574454,2251,6.824369917937784,99.57757920389926,6155,2001-07-10,2026-09-01,False,True,True,True,3
us_semi_ip_nsa_yoy|signth|w60,semis,us_semi_ip_nsa,yoy,12,M,46,signth,60,o2o,2,1,0.4084296347418859,0.04531417122670512,0.307034988022611,0.31486471240151676,0.28341504203193857,0.6153846153846154,-2.526891561760326,26,-0.10926705596829644,0.012150509336489928,0.7026104029691578,-51.76527250293993,2456,6.824369917937784,99.57757920389926,6155,2001-07-10,2026-09-01,False,False,True,True,2
us_semi_ip_nsa_yoy|signth|w60,semis,us_semi_ip_nsa,yoy,12,M,46,signth,60,ongap,2,-1,1.0437737149654778,0.14012687835800208,0.2564696093194525,0.2758176334891141,0.28061921677666696,0.6,-1.2278203766559874,10,0.0014141790115464626,0.017087902314201247,0.7099606916786737,-8.514297141295064,850,8.291361531786157,98.85159010600707,2264,2017-05-16,2026-09-01,False,False,True,True,2
us_semi_ip_nsa_yoy|signth|w120,semis,us_semi_ip_nsa,yoy,12,M,46,signth,120,c2c,2,1,0.26644649152119587,-0.19357192243640542,0.13997125111953942,0.14600195345992711,0.13686349301739886,0.5769230769230769,-1.8480579340466634,26,-0.0758732174470887,0.0006573850173915393,0.6969679497183301,-71.07333436310643,1659,5.422658225628406,99.44179937612871,6091,2001-07-10,2026-09-01,False,False,True,True,2
us_semi_ip_nsa_yoy|signth|w120,semis,us_semi_ip_nsa,yoy,12,M,46,signth,120,day,2,1,0.17099937681542232,0.14161726661605736,0.16177606220438462,0.1693820780758525,0.28590833199093424,0.6153846153846154,-1.1108477184596584,26,-0.11650148612815853,0.0006573850173915393,0.6969679497183301,-47.451442846404746,2710,5.422658225628406,99.44179937612871,6091,2001-07-10,2026-09-01,False,False,True,True,2
us_semi_ip_nsa_yoy|signth|w120,semis,us_semi_ip_nsa,yoy,12,M,46,signth,120,o2o,2,1,0.2093312308602167,-0.20178081879521312,0.10113075499367258,0.1068842150363679,0.07789949376745699,0.6538461538461539,-1.9617402046242147,26,-0.13867595424226337,0.0006573850173915393,0.6969679497183301,-68.09408107178864,2714,5.422658225628406,99.44179937612871,6091,2001-07-10,2026-09-01,False,True,True,True,3
us_semi_ip_nsa_yoy|signth|w120,semis,us_semi_ip_nsa,yoy,12,M,46,signth,120,ongap,2,-1,1.2563313088022088,0.32441172738166457,0.4555809741209599,0.47415758633793026,0.4432233925935561,0.7,-1.1392496446934501,10,-0.08781723340402534,0.02171338938632653,0.6737330173724836,-7.347377637969032,450,7.522735577392693,98.89575971731449,2264,2017-05-16,2026-09-01,False,True,True,True,3
us_semi_ip_nsa_yoy|signth|w252,semis,us_semi_ip_nsa,yoy,12,M,46,signth,252,c2c,2,-1,0.004983403977192883,0.3176822765257967,0.09573483504187977,0.10019053085829657,0.09023904760530878,0.5384615384615384,-1.4951564106033433,26,0.06455930099681584,0.0015311961290075465,0.7068100145758666,-108.42204069129042,5678,3.89190267653523,99.32489451476793,5925,2001-10-15,2026-09-01,False,False,True,True,2
us_semi_ip_nsa_yoy|signth|w252,semis,us_semi_ip_nsa,yoy,12,M,46,signth,252,day,2,-1,0.09832547182736043,-0.08550632705256812,0.05360798768775451,0.059313985713755596,0.004227756635932405,0.38461538461538464,-1.1549895338182206,26,0.09339741943223331,0.0015311961290075465,0.7068100145758666,-61.002308656818926,5678,3.89190267653523,99.32489451476793,5925,2001-10-15,2026-09-01,False,False,True,True,2
us_semi_ip_nsa_yoy|signth|w252,semis,us_semi_ip_nsa,yoy,12,M,46,signth,252,o2o,2,-1,0.009671623988458661,0.3496785190853946,0.10291282358144475,0.10720552569273913,0.0905668370140387,0.5384615384615384,-1.6008730709354055,26,0.1240362116246095,0.0015311961290075465,0.7068100145758666,-95.46256238802256,5677,3.89190267653523,99.32489451476793,5925,2001-10-15,2026-09-01,False,False,True,True,2
us_semi_ip_nsa_yoy|signth|w252,semis,us_semi_ip_nsa,yoy,12,M,46,signth,252,ongap,2,-1,1.10434380816643,0.5980324460385462,0.6550306612426837,0.665488424572583,0.5927313386305952,0.8,-1.8114403340944039,10,-0.10333675657462461,0.0685580289872125,0.6814356636763168,-8.535369361648455,497,4.530417837510183,99.45404913557779,2198,2017-08-18,2026-09-01,False,True,True,True,3
us_semi_ip_nsa_yoy|dev|w60,semis,us_semi_ip_nsa,yoy,12,M,46,dev,60,c2c,2,1,0.4082703330858698,-0.15796938933764168,0.2547637732130818,0.2652310407922526,0.18638393041654566,0.6538461538461539,-2.1225649520478442,26,0.017256381045713334,0.03226112007020663,0.6568895105681428,-64.61610363866134,2499,8.678189511593931,99.51322407918222,6163,2001-08-21,2026-09-01,False,True,True,True,3
us_semi_ip_nsa_yoy|dev|w60,semis,us_semi_ip_nsa,yoy,12,M,46,dev,60,day,2,1,0.15520256434326726,0.1628465304621722,0.1541802298117194,0.16742605375253491,0.24140609165092333,0.6923076923076923,-1.5774407032922733,26,0.020403429463131825,0.03226112007020663,0.6568895105681428,-62.77477649785007,4382,8.678189511593931,99.51322407918222,6163,2001-08-21,2026-09-01,False,True,True,True,3
us_semi_ip_nsa_yoy|dev|w60,semis,us_semi_ip_nsa,yoy,12,M,46,dev,60,o2o,2,1,0.3307184327197049,-0.14724664525942238,0.20823244023406165,0.21820894605521823,0.14003300144454087,0.6538461538461539,-1.9335746473740176,26,-0.008217206563782562,0.03226112007020663,0.6568895105681428,-63.502117966334524,2501,8.678189511593931,99.51322407918222,6163,2001-08-21,2026-09-01,False,True,True,True,3
us_semi_ip_nsa_yoy|dev|w60,semis,us_semi_ip_nsa,yoy,12,M,46,dev,60,ongap,2,-1,1.2117249743603937,0.24187611080114596,0.3569822279677164,0.3789791764852764,0.3537606644750229,0.6,-1.0664658948045036,10,-0.03731265477276518,0.006961220913306936,0.6272264990033962,-6.677212933361417,903,8.930142119268334,99.33745583038869,2264,2017-05-16,2026-09-01,False,False,True,True,2
us_semi_ip_nsa_yoy|dev|w120,semis,us_semi_ip_nsa,yoy,12,M,46,dev,120,c2c,2,1,0.41126432646231514,-0.3405673834760077,0.20858839292894857,0.2154256407546153,0.1945850240638149,0.6538461538461539,-2.0746849214734833,26,0.011098421042125805,0.03798368104506677,0.6878680309474708,-78.30986410375257,1728,6.047105234668279,99.3640958747758,6133,2001-10-08,2026-09-01,False,True,True,True,3
us_semi_ip_nsa_yoy|dev|w120,semis,us_semi_ip_nsa,yoy,12,M,46,dev,120,day,2,1,0.22931176491879587,0.0890388564733231,0.19585637794891148,0.20458201828481098,0.2742705116518556,0.6538461538461539,-1.632325809460895,26,-0.0003210379225586348,0.03798368104506677,0.6878680309474708,-69.5938370497961,4382,6.047105234668279,99.3640958747758,6133,2001-10-08,2026-09-01,False,True,True,True,3
us_semi_ip_nsa_yoy|dev|w120,semis,us_semi_ip_nsa,yoy,12,M,46,dev,120,o2o,2,1,0.33612084002329284,-0.37816623528778265,0.15389667585923314,0.16050796702126058,0.1454653745101438,0.6153846153846154,-2.1154068103997967,26,-0.03928823147713416,0.03798368104506677,0.6878680309474708,-77.10077890435693,1949,6.047105234668279,99.3640958747758,6133,2001-10-08,2026-09-01,False,False,True,True,2
us_semi_ip_nsa_yoy|dev|w120,semis,us_semi_ip_nsa,yoy,12,M,46,dev,120,ongap,2,-1,1.312360019345397,0.4184526073100503,0.5272070352522257,0.5439319437701088,0.5000115582768686,0.7,-1.211929863617872,10,-0.10446059894779841,0.023254832266524885,0.639968037006644,-6.207000811427206,435,6.918986993318436,99.29328621908127,2264,2017-05-16,2026-09-01,False,True,True,True,3
us_semi_ip_nsa_yoy|dev|w252,semis,us_semi_ip_nsa,yoy,12,M,46,dev,252,c2c,2,1,0.13515749401363578,-0.3698841842870443,-0.005091111879348023,-0.00013108034468936185,-0.031518177296093616,0.4,-2.2101901729842193,25,-0.012417374535701107,0.028613605256386586,0.7210744491914726,-71.03039882926888,2312,4.6018736355554175,99.65386517224329,6067,2002-01-10,2026-09-01,False,False,True,True,2
us_semi_ip_nsa_yoy|dev|w252,semis,us_semi_ip_nsa,yoy,12,M,46,dev,252,day,2,1,0.09631883577285187,0.11358311928042653,0.09857412943200405,0.10504424809924036,0.21294607826190348,0.6,-0.9757025206182319,25,-0.032758778706739156,0.028613605256386586,0.7210744491914726,-54.203859916007914,3008,4.6018736355554175,99.65386517224329,6067,2002-01-10,2026-09-01,False,False,True,True,2
us_semi_ip_nsa_yoy|dev|w252,semis,us_semi_ip_nsa,yoy,12,M,46,dev,252,o2o,2,1,0.09486125720150385,-0.4090866691042331,-0.03776997536594764,-0.03298072729809182,-0.07976766392119798,0.4,-2.2390904440999084,25,-0.07136740071498852,0.028613605256386586,0.7210744491914726,-84.90175032808249,4381,4.6018736355554175,99.65386517224329,6067,2002-01-10,2026-09-01,False,False,True,True,2
us_semi_ip_nsa_yoy|dev|w252,semis,us_semi_ip_nsa,yoy,12,M,46,dev,252,ongap,2,-1,1.4070660182831736,0.6518227577416044,0.7392070234162401,0.7522379962396751,0.6747672774387204,0.7,-1.5423817454565705,10,-0.19801793838514528,0.04958732833989262,0.6639698338515074,-6.056221171991272,342,5.666302670909863,99.55830388692578,2264,2017-05-16,2026-09-01,True,True,False,True,3
us_semi_ppi_yoy|selfz|w60,semis,us_semi_ppi,yoy,12,M,45,selfz,60,c2c,2,-1,0.42033699454957046,-0.027287248171891182,0.29791323194639957,0.3119816542671866,0.2470945611213407,0.6153846153846154,-2.8085147401006676,26,-0.08082904852662569,0.0025926633006898405,0.5796093714987025,-69.79724553110061,1745,10.012589496750175,99.17248093460977,6163,2001-08-21,2026-09-01,False,False,True,True,2
us_semi_ppi_yoy|selfz|w60,semis,us_semi_ppi,yoy,12,M,45,selfz,60,day,2,-1,0.05293223809664563,-0.36054491700594443,-0.03698677364931146,-0.019173887077666082,0.024417219036674664,0.5384615384615384,-1.948922009798557,26,-0.087920817259215,0.0025926633006898405,0.5796093714987025,-64.07558950720579,2807,10.012589496750175,99.17248093460977,6163,2001-08-21,2026-09-01,False,False,True,True,2
us_semi_ppi_yoy|selfz|w60,semis,us_semi_ppi,yoy,12,M,45,selfz,60,o2o,2,-1,0.3924651550361647,-0.12073811032817505,0.2612106323573173,0.27465116118140426,0.23567029114622698,0.6153846153846154,-2.1757367868911928,26,-0.10907904535203441,0.0025926633006898405,0.5796093714987025,-69.37812890731271,1752,10.012589496750175,99.17248093460977,6163,2001-08-21,2026-09-01,False,False,True,True,2
us_semi_ppi_yoy|selfz|w60,semis,us_semi_ppi,yoy,12,M,45,selfz,60,ongap,2,-1,0.4908104198000908,0.2406740862668795,0.26022451641723976,0.29584247360401467,0.13210684812625592,0.6,-1.9446246501724502,10,-0.06885344328705476,0.0074227203176111195,0.5411900301161968,-7.915697002168242,710,10.221601745641882,98.98409893992934,2264,2017-05-16,2026-09-01,False,False,True,True,2
us_semi_ppi_yoy|selfz|w120,semis,us_semi_ppi,yoy,12,M,45,selfz,120,c2c,2,-1,0.45299834603327427,-0.20468426755937805,0.27614510741239107,0.28443275327526685,0.18293656841742792,0.46153846153846156,-2.1822344037141677,26,-0.15697253480627624,-0.01659783344151976,0.628267523014873,-73.75242584705595,1052,6.2682389258567195,99.44562204467634,6133,2001-10-08,2026-09-01,False,False,False,True,1
us_semi_ppi_yoy|selfz|w120,semis,us_semi_ppi,yoy,12,M,45,selfz,120,day,2,-1,0.10563864579550121,-0.37428660787554946,-0.0009536684771340193,0.009648572498376464,-0.05319321382943425,0.5,-1.4992996105556657,26,-0.17114633966682222,-0.01659783344151976,0.628267523014873,-39.10214324914233,1571,6.2682389258567195,99.44562204467634,6133,2001-10-08,2026-09-01,False,False,False,True,1
us_semi_ppi_yoy|selfz|w120,semis,us_semi_ppi,yoy,12,M,45,selfz,120,o2o,2,-1,0.46216393419424784,-0.25604010727087656,0.27685026575028504,0.2848243124505572,0.2110059191139566,0.5769230769230769,-2.2623730066474637,26,-0.18473413284679613,-0.01659783344151976,0.628267523014873,-78.31022515216262,1289,6.2682389258567195,99.44562204467634,6133,2001-10-08,2026-09-01,False,False,False,True,1
us_semi_ppi_yoy|selfz|w120,semis,us_semi_ppi,yoy,12,M,45,selfz,120,ongap,2,-1,0.9035051182918578,0.12567410361739845,0.21113475724737915,0.23119183197382284,0.20403705757722004,0.6,-1.6097907088793906,10,-0.15166136270797498,0.013278952617698106,0.5745573986188051,-15.001749473207205,553,6.545577614371141,98.93992932862191,2264,2017-05-16,2026-09-01,False,False,False,True,1
us_semi_ppi_yoy|selfz|w252,semis,us_semi_ppi,yoy,12,M,45,selfz,252,c2c,2,-1,0.4286469718231819,-0.22978072863192478,0.24486169380089567,0.2500136683399841,0.12669890716976442,0.6,-2.8102063334939835,25,-0.2306171597611301,-0.03592943330494264,0.7028783946450305,-83.77377040674952,955,4.306578459745985,99.67034778308884,6067,2002-01-10,2026-09-01,False,False,False,True,1
us_semi_ppi_yoy|selfz|w252,semis,us_semi_ppi,yoy,12,M,45,selfz,252,day,2,-1,0.11941080397374747,-0.134086057930573,0.05932167146185379,0.06596565900271237,0.1100977155568079,0.48,-1.0408591102488978,25,-0.22750935777363002,-0.03592943330494264,0.7028783946450305,-33.13796301997364,4382,4.306578459745985,99.67034778308884,6067,2002-01-10,2026-09-01,False,False,False,True,1
us_semi_ppi_yoy|selfz|w252,semis,us_semi_ppi,yoy,12,M,45,selfz,252,o2o,2,-1,0.3965033685865727,-0.2928898477326452,0.2117528852647923,0.21672415825135458,0.10087598533151419,0.64,-2.811823274266388,25,-0.2605335741228695,-0.03592943330494264,0.7028783946450305,-84.23369737144415,944,4.306578459745985,99.67034778308884,6067,2002-01-10,2026-09-01,False,False,False,True,1
us_semi_ppi_yoy|selfz|w252,semis,us_semi_ppi,yoy,12,M,45,selfz,252,ongap,2,-1,0.37641602423482173,0.021012233483255722,0.06686659768015053,0.0809476956296259,0.10114901213350437,0.6,-1.6690546448099794,10,-0.20063702973490258,-0.003536945176496116,0.7003643746540277,-18.706652923413785,585,4.874369289182731,99.82332155477032,2264,2017-05-16,2026-09-01,False,False,False,True,1
us_semi_ppi_yoy|robustz|w60,semis,us_semi_ppi,yoy,12,M,45,robustz,60,c2c,2,-1,0.3138728783592805,-0.05691600670970283,0.21893591408604615,0.23087527935144916,0.137411767798617,0.5769230769230769,-3.7713332778207547,26,-0.08231001173821774,0.02744319327363283,0.4481894306023507,-53.56751496386247,1747,7.106690032772006,98.88759754275279,6023,2001-10-05,2026-09-01,False,False,True,True,2
us_semi_ppi_yoy|robustz|w60,semis,us_semi_ppi,yoy,12,M,45,robustz,60,day,2,-1,0.010463427383382918,-0.5120722962152524,-0.09485015801987233,-0.0799024192867456,-0.10708215811626069,0.38461538461538464,-2.7875694249898366,26,-0.10972429067298031,0.02744319327363283,0.4481894306023507,-40.376745917399504,2728,7.106690032772006,98.88759754275279,6023,2001-10-05,2026-09-01,False,False,True,True,2
us_semi_ppi_yoy|robustz|w60,semis,us_semi_ppi,yoy,12,M,45,robustz,60,o2o,2,-1,0.32456351825752944,-0.14142819455753788,0.21108985267989877,0.2224527137225001,0.13776474501243177,0.6153846153846154,-2.991719878762984,26,-0.11759638308006437,0.02744319327363283,0.4481894306023507,-54.88919570186091,1740,7.106690032772006,98.88759754275279,6023,2001-10-05,2026-09-01,False,False,True,True,2
us_semi_ppi_yoy|robustz|w60,semis,us_semi_ppi,yoy,12,M,45,robustz,60,ongap,2,-1,1.0509790834084916,0.41619492126091706,0.4647515387759907,0.4957862304646827,0.3557887914757647,0.5,-1.172460880724391,10,-0.02547895564788879,0.07081959947405471,0.4182229355824102,-5.758648109255689,1290,6.875234083680051,98.12442817932296,2186,2017-05-16,2026-09-01,False,False,True,True,2
us_semi_ppi_yoy|robustz|w120,semis,us_semi_ppi,yoy,12,M,45,robustz,120,c2c,2,-1,0.36028338618219896,-0.3263782052024215,0.16796744185664073,0.17609097404399476,0.19318308484075086,0.52,-1.8630664037394207,25,-0.09882950765267348,0.014047656211607739,0.6171328541776866,-79.0117581023328,1289,5.721164972305869,99.33299983324996,5997,2001-12-31,2026-09-01,False,False,True,True,2
us_semi_ppi_yoy|robustz|w120,semis,us_semi_ppi,yoy,12,M,45,robustz,120,day,2,-1,0.08265847358204131,-0.287724099439765,-0.003991302544602775,0.006331652568276268,0.08186255738553284,0.56,-1.4297101151211498,25,-0.11538110881772373,0.014047656211607739,0.6171328541776866,-35.49215520124065,1473,5.721164972305869,99.33299983324996,5997,2001-12-31,2026-09-01,False,False,True,True,2
us_semi_ppi_yoy|robustz|w120,semis,us_semi_ppi,yoy,12,M,45,robustz,120,o2o,2,-1,0.3769000495377977,-0.38432735689414255,0.16850572392728216,0.17645814647269562,0.19214496190581204,0.52,-2.1077004170895783,25,-0.11434631468234206,0.014047656211607739,0.6171328541776866,-82.29257557527563,1289,5.721164972305869,99.33299983324996,5997,2001-12-31,2026-09-01,False,False,True,True,2
us_semi_ppi_yoy|robustz|w120,semis,us_semi_ppi,yoy,12,M,45,robustz,120,ongap,2,-1,1.2415912532409736,-0.08955397282299819,0.08588119320647344,0.10290417313059173,0.1980043582178865,0.6,-1.936264379646899,10,-0.10862750814061684,0.037142418311569024,0.6007283145526005,-13.684588417838322,1289,5.3858428887968115,99.86749116607774,2264,2017-05-16,2026-09-01,False,False,True,True,2
us_semi_ppi_yoy|robustz|w252,semis,us_semi_ppi,yoy,12,M,45,robustz,252,c2c,2,-1,0.4464882245618267,-0.034950266360023845,0.30115881907599157,0.3060323322266789,0.20041705609511132,0.72,-2.073787531829084,25,-0.21151675073272957,0.0018695833713044782,0.7323443332673815,-80.6384744881664,854,4.102254834737563,99.69707169303264,5942,2002-07-18,2026-09-01,False,True,False,True,2
us_semi_ppi_yoy|robustz|w252,semis,us_semi_ppi,yoy,12,M,45,robustz,252,day,2,-1,0.14760819705479974,0.0445997316427675,0.12023603763597417,0.12665840616391055,0.2388419212264956,0.64,-1.0799229199909772,25,-0.18133328814948854,0.0018695833713044782,0.7323443332673815,-39.353625908607334,4382,4.102254834737563,99.69707169303264,5942,2002-07-18,2026-09-01,False,False,False,True,1
us_semi_ppi_yoy|robustz|w252,semis,us_semi_ppi,yoy,12,M,45,robustz,252,o2o,2,-1,0.43146602526480454,-0.11303806360594996,0.2746073910398793,0.2793771256061874,0.17355634485409238,0.72,-2.1010527557191,25,-0.23385183957485492,0.0018695833713044782,0.7323443332673815,-78.14489236575703,892,4.102254834737563,99.69707169303264,5942,2002-07-18,2026-09-01,False,True,False,True,2
us_semi_ppi_yoy|robustz|w252,semis,us_semi_ppi,yoy,12,M,45,robustz,252,ongap,2,-1,0.4027383191922033,-0.05621836624306774,-0.003351560842702519,0.008663971635523196,0.019055379052146423,0.6,-1.8725013263394437,10,-0.22477686325699298,0.009777982244136703,0.7304118017616433,-20.09302004432131,674,4.408477275732412,99.64664310954063,2264,2017-05-16,2026-09-01,False,False,False,True,1
us_semi_ppi_yoy|bdtanh|w60,semis,us_semi_ppi,yoy,12,M,45,bdtanh,60,c2c,2,-1,0.3848764367769573,-0.011871172038516566,0.27313569517243474,0.2834734261282786,0.2424222403287599,0.5769230769230769,-2.6077700779326056,26,-0.08909563342267625,-0.0023482264257865316,0.6742994902849003,-76.42749335184338,1752,8.166213363513704,99.61057926334578,6163,2001-08-21,2026-09-01,False,False,True,True,2
us_semi_ppi_yoy|bdtanh|w60,semis,us_semi_ppi,yoy,12,M,45,bdtanh,60,day,2,-1,0.04596831129297839,-0.24750813937535063,-0.0199003411621571,-0.006758683000788242,0.025885017615759873,0.46153846153846156,-1.8489361868728789,26,-0.10515706197290856,-0.0023482264257865316,0.6742994902849003,-68.18778233010563,2778,8.166213363513704,99.61057926334578,6163,2001-08-21,2026-09-01,False,False,True,True,2
us_semi_ppi_yoy|bdtanh|w60,semis,us_semi_ppi,yoy,12,M,45,bdtanh,60,o2o,2,-1,0.353826684998353,-0.12738416796577573,0.22646332639216157,0.23631005302539798,0.21460236063531787,0.5384615384615384,-2.0316200146635244,26,-0.13078920114385748,-0.0023482264257865316,0.6742994902849003,-78.77208325731878,1754,8.166213363513704,99.61057926334578,6163,2001-08-21,2026-09-01,False,False,True,True,2
us_semi_ppi_yoy|bdtanh|w60,semis,us_semi_ppi,yoy,12,M,45,bdtanh,60,ongap,2,-1,0.31891792076706127,0.07476036115120985,0.1000612430624595,0.1250165275753116,0.0601353779316735,0.5,-2.164129651516155,10,-0.04183517009852557,0.002213662028135333,0.6534810192725036,-13.899534203859638,588,8.585629709570172,99.55830388692578,2264,2017-05-16,2026-09-01,False,False,True,True,2
us_semi_ppi_yoy|bdtanh|w120,semis,us_semi_ppi,yoy,12,M,45,bdtanh,120,c2c,2,-1,0.42535731933202403,-0.1005717707298447,0.27891755775470184,0.28555968159274675,0.26694654677238194,0.5384615384615384,-1.5990350372884334,26,-0.15123565754032195,-0.02585176997442593,0.6864394011455931,-70.65192810986835,2080,5.262240029455845,99.65759008641774,6133,2001-10-08,2026-09-01,False,False,False,True,1
us_semi_ppi_yoy|bdtanh|w120,semis,us_semi_ppi,yoy,12,M,45,bdtanh,120,day,2,-1,0.09240231998175168,-0.19098951508179265,0.026960545927499274,0.035466171267559805,0.05431498700335132,0.5,-0.9092844584247607,26,-0.16388174089927113,-0.02585176997442593,0.6864394011455931,-39.53150029705549,4267,5.262240029455845,99.65759008641774,6133,2001-10-08,2026-09-01,False,False,False,True,1
us_semi_ppi_yoy|bdtanh|w120,semis,us_semi_ppi,yoy,12,M,45,bdtanh,120,o2o,2,-1,0.4379938382968872,-0.1708505648643171,0.27413007814279533,0.28053191271292677,0.26557976280644346,0.5769230769230769,-1.7504650339661345,26,-0.18186030735143208,-0.02585176997442593,0.6864394011455931,-77.8237361098505,1797,5.262240029455845,99.65759008641774,6133,2001-10-08,2026-09-01,False,False,False,True,1
us_semi_ppi_yoy|bdtanh|w120,semis,us_semi_ppi,yoy,12,M,45,bdtanh,120,ongap,2,-1,0.7178394354803964,0.1195032023840672,0.17667407774339638,0.19170096504584835,0.23953823040235714,0.7,-1.5801292785719072,10,-0.14090232045684614,-0.0105116482008114,0.6476959978344562,-20.846412314238965,416,5.527026177107714,99.51413427561837,2264,2017-05-16,2026-09-01,False,True,True,True,3
us_semi_ppi_yoy|bdtanh|w252,semis,us_semi_ppi,yoy,12,M,45,bdtanh,252,c2c,2,-1,0.3620898288578255,-0.15180130870307054,0.2227916712985737,0.22729763358702762,0.1100544323957431,0.6,-1.8659569695323772,25,-0.21387810436516355,-0.028716068845159766,0.7267651591820572,-72.10951603250889,1120,3.78397962288648,99.73627822647107,6067,2002-01-10,2026-09-01,False,False,False,True,1
us_semi_ppi_yoy|bdtanh|w252,semis,us_semi_ppi,yoy,12,M,45,bdtanh,252,day,2,-1,0.05468933769473326,-0.04080538147750267,0.03239153205118529,0.038169678162889915,0.05707549351138532,0.52,-1.2995432082014213,25,-0.2174486614397445,-0.028716068845159766,0.7267651591820572,-42.068652559329564,4382,3.78397962288648,99.73627822647107,6067,2002-01-10,2026-09-01,False,False,False,True,1
us_semi_ppi_yoy|bdtanh|w252,semis,us_semi_ppi,yoy,12,M,45,bdtanh,252,o2o,2,-1,0.3388018785797712,-0.25377453376208003,0.1837111503663848,0.18805831700772288,0.07259762078708562,0.64,-2.265538748531169,25,-0.24818543485838088,-0.028716068845159766,0.7267651591820572,-75.88352511426781,1039,3.78397962288648,99.73627822647107,6067,2002-01-10,2026-09-01,False,False,False,True,1
us_semi_ppi_yoy|bdtanh|w252,semis,us_semi_ppi,yoy,12,M,45,bdtanh,252,ongap,2,-1,0.40930737613950907,-0.11074098685648961,-0.042745800970370465,-0.030687294931136727,0.040943405342261506,0.6,-1.888572481692223,10,-0.10322654028823412,0.01787677485114295,0.7137092479619596,-21.253745450679826,674,4.117325993610935,99.64664310954063,2264,2017-05-16,2026-09-01,False,False,True,True,2
us_semi_ppi_yoy|rankc|w60,semis,us_semi_ppi,yoy,12,M,45,rankc,60,c2c,2,-1,0.331114886836672,0.041019882029871724,0.24979826217362414,0.2616923247686192,0.2392857988437386,0.6538461538461539,-2.8570461172865778,26,-0.11886480865745287,-0.023337653773115728,0.6619753245207104,-76.75608931245853,1752,9.2374047701208,99.49699821515495,6163,2001-08-21,2026-09-01,False,True,True,True,3
us_semi_ppi_yoy|rankc|w60,semis,us_semi_ppi,yoy,12,M,45,rankc,60,day,2,-1,0.06134767857178554,-0.2973336138566872,-0.019848432394834647,-0.004852238169371487,0.05598739568305316,0.5,-2.0458537713066773,26,-0.11292442199462843,-0.023337653773115728,0.6619753245207104,-67.71545583071948,1863,9.2374047701208,99.49699821515495,6163,2001-08-21,2026-09-01,False,False,True,True,2
us_semi_ppi_yoy|rankc|w60,semis,us_semi_ppi,yoy,12,M,45,rankc,60,o2o,2,-1,0.276115286107942,-0.061861325542002986,0.18642752263775,0.19767266241105008,0.21113563552266143,0.6153846153846154,-2.2855959292513095,26,-0.15039789629988867,-0.023337653773115728,0.6619753245207104,-81.28319574064551,1766,9.2374047701208,99.49699821515495,6163,2001-08-21,2026-09-01,False,False,False,True,1
us_semi_ppi_yoy|rankc|w60,semis,us_semi_ppi,yoy,12,M,45,rankc,60,ongap,2,-1,1.0682133895371406,0.22133891869768033,0.3136006896330746,0.34099881610545607,0.23910336810374694,0.5,-1.4364632823847332,10,-0.20866711525961565,-0.018496849913522108,0.6471772319882652,-9.477089683070867,588,9.416213237119482,99.46996466431095,2264,2017-05-16,2026-09-01,False,False,False,True,1
us_semi_ppi_yoy|rankc|w120,semis,us_semi_ppi,yoy,12,M,45,rankc,120,c2c,2,-1,0.44502436032232734,0.09343454566013826,0.3455766198606183,0.3534582901034687,0.32164489358470705,0.5384615384615384,-1.4252155442565682,26,-0.16878342014230704,-0.037721031970563784,0.684843417443241,-61.78098477156377,1735,6.252742935073828,99.72281102233818,6133,2001-10-08,2026-09-01,False,False,False,True,1
us_semi_ppi_yoy|rankc|w120,semis,us_semi_ppi,yoy,12,M,45,rankc,120,day,2,-1,0.12628325519744374,-0.06704341716677716,0.07979022623389685,0.08993766269549912,0.15927212515064387,0.4230769230769231,-0.8286827814615695,26,-0.1736519243752797,-0.037721031970563784,0.684843417443241,-45.56084843543313,2695,6.252742935073828,99.72281102233818,6133,2001-10-08,2026-09-01,False,False,False,True,1
us_semi_ppi_yoy|rankc|w120,semis,us_semi_ppi,yoy,12,M,45,rankc,120,o2o,2,-1,0.439842598368455,0.006640589191701389,0.3211443387194019,0.328740664635262,0.31938984318324615,0.5384615384615384,-1.591439792763124,26,-0.19698203065217554,-0.037721031970563784,0.684843417443241,-69.13089795559063,1102,6.252742935073828,99.72281102233818,6133,2001-10-08,2026-09-01,False,False,False,True,1
us_semi_ppi_yoy|rankc|w120,semis,us_semi_ppi,yoy,12,M,45,rankc,120,ongap,2,-1,1.0004811817838555,0.1623821266959036,0.2717664355575346,0.28868317992552534,0.18685960987090888,0.7,-1.8105661554250072,10,-0.23019430257520684,-0.024148247729838902,0.6677128672628714,-16.432290627182038,459,6.397440418227115,99.73498233215548,2264,2017-05-16,2026-09-01,False,True,False,True,2
us_semi_ppi_yoy|rankc|w252,semis,us_semi_ppi,yoy,12,M,45,rankc,252,c2c,2,-1,0.4404568582530581,0.059906031914638724,0.3328946934413718,0.33827146478333836,0.2141794288199194,0.6,-1.7779059103869062,25,-0.22379461196535902,-0.036921834008412445,0.7283504552560521,-68.51897184554048,2020,4.5283575918105985,99.55496950716993,6067,2002-01-10,2026-09-01,False,False,False,True,1
us_semi_ppi_yoy|rankc|w252,semis,us_semi_ppi,yoy,12,M,45,rankc,252,day,2,-1,0.1095247795813144,0.029125412813963383,0.08948563186120073,0.09642515665775286,0.1843876624525145,0.64,-0.9730247683437409,25,-0.2251241347828711,-0.036921834008412445,0.7283504552560521,-33.673527531621076,4382,4.5283575918105985,99.55496950716993,6067,2002-01-10,2026-09-01,False,False,False,True,1
us_semi_ppi_yoy|rankc|w252,semis,us_semi_ppi,yoy,12,M,45,rankc,252,o2o,2,-1,0.4074522215416849,-0.011629525075413273,0.29395345375480325,0.29913147422938563,0.1766882796233424,0.6,-2.2204256986304047,25,-0.25756419438734274,-0.036921834008412445,0.7283504552560521,-71.04179861028004,2020,4.5283575918105985,99.55496950716993,6067,2002-01-10,2026-09-01,False,False,False,True,1
us_semi_ppi_yoy|rankc|w252,semis,us_semi_ppi,yoy,12,M,45,rankc,252,ongap,2,-1,0.9606854661375129,0.09574994663317202,0.19407925720553734,0.20685037230634298,0.1495892389329225,0.7,-1.6412431070993103,10,-0.18157511918608857,0.007729818946162216,0.722333035202148,-19.822754112523516,459,4.744856433467313,99.60247349823321,2264,2017-05-16,2026-09-01,False,True,False,True,2
us_semi_ppi_yoy|signth|w60,semis,us_semi_ppi,yoy,12,M,45,signth,60,c2c,2,-1,0.3474706392842254,-0.062425767678097835,0.23164735668887207,0.2411129798572798,0.26242208934832295,0.6153846153846154,-1.9916065912855425,26,-0.0836861474376567,-0.0013019675202666765,0.688585924977552,-82.07903434549331,1757,7.541521006469128,99.62855297157623,6192,2001-07-10,2026-09-01,False,False,True,True,2
us_semi_ppi_yoy|signth|w60,semis,us_semi_ppi,yoy,12,M,45,signth,60,day,2,-1,0.04809662268713974,-0.23218879032878287,-0.014759804994583969,-0.002758478046647819,0.03522110704155056,0.5,-1.6093205320761796,26,-0.11110573217015575,-0.0013019675202666765,0.688585924977552,-71.72232777464357,2756,7.541521006469128,99.62855297157623,6192,2001-07-10,2026-09-01,False,False,True,True,2
us_semi_ppi_yoy|signth|w60,semis,us_semi_ppi,yoy,12,M,45,signth,60,o2o,2,-1,0.324211663028906,-0.17352809433895772,0.19294822622881314,0.20196818602591743,0.23271729029327817,0.6153846153846154,-1.442902624636024,26,-0.12394212901266434,-0.0013019675202666765,0.688585924977552,-81.47416596399708,1756,7.541521006469128,99.62855297157623,6192,2001-07-10,2026-09-01,False,False,True,True,2
us_semi_ppi_yoy|signth|w60,semis,us_semi_ppi,yoy,12,M,45,signth,60,ongap,2,-1,0.12492002747063857,-0.06701491147835562,-0.04254891544698285,-0.021601235021713888,0.02862776191711025,0.4,-2.022142302597986,10,0.05358385715139648,0.012003004109744884,0.6765940734501005,-18.575894525589582,641,7.674308677742214,99.77915194346289,2264,2017-05-16,2026-09-01,False,False,True,True,2
us_semi_ppi_yoy|signth|w120,semis,us_semi_ppi,yoy,12,M,45,signth,120,c2c,2,-1,0.47444437164951053,0.020542388527679825,0.35265514768752165,0.3584715220130373,0.31586826445884125,0.6153846153846154,-1.532553938996088,26,-0.1085633580417074,-0.015845526571939775,0.6929673104278221,-58.164760072684274,1589,4.652563971512205,99.9515503875969,6192,2001-07-10,2026-09-01,False,False,True,True,2
us_semi_ppi_yoy|signth|w120,semis,us_semi_ppi,yoy,12,M,45,signth,120,day,2,-1,0.1608593535452673,0.12286394637350845,0.15016722990416242,0.15746472803674805,0.22782374300707042,0.6153846153846154,-1.0970621307362212,26,-0.10067369049945743,-0.015845526571939775,0.6929673104278221,-38.61242480277427,4267,4.652563971512205,99.9515503875969,6192,2001-07-10,2026-09-01,False,False,True,True,2
us_semi_ppi_yoy|signth|w120,semis,us_semi_ppi,yoy,12,M,45,signth,120,o2o,2,-1,0.5012113888957519,-0.08059461592621901,0.35266364513407183,0.35820505386549567,0.29229327665336685,0.5384615384615384,-1.4820083110318913,26,-0.12583287236121926,-0.015845526571939775,0.6929673104278221,-65.93319209929246,1289,4.652563971512205,99.9515503875969,6192,2001-07-10,2026-09-01,False,False,True,True,2
us_semi_ppi_yoy|signth|w120,semis,us_semi_ppi,yoy,12,M,45,signth,120,ongap,2,-1,0.3623941444531072,0.11697569694936734,0.13990511846449863,0.15262971272203096,0.19674748800721648,0.6,-1.5614244399210904,10,-0.1544799212081462,0.01111081145364651,0.6561946641008922,-19.983157937485174,653,4.6174178975996405,100.0,2264,2017-05-16,2026-09-01,False,False,False,True,1
us_semi_ppi_yoy|signth|w252,semis,us_semi_ppi,yoy,12,M,45,signth,252,c2c,2,-1,0.3646473716315088,-0.15339952846710556,0.2414956788055534,0.2455545002919484,0.16345924096347378,0.6153846153846154,-1.9570212105304856,26,-0.15909634462757596,-0.022944657828094003,0.739596035340334,-58.88531586568402,2116,3.250404923720286,99.94835599931142,5809,2001-10-15,2026-09-01,False,False,False,True,1
us_semi_ppi_yoy|signth|w252,semis,us_semi_ppi,yoy,12,M,45,signth,252,day,2,-1,0.10460334179081297,-0.10357727747646318,0.0618355839068553,0.0669460302908079,0.10748710458042522,0.6153846153846154,-1.9207408695290344,26,-0.14571762515210088,-0.022944657828094003,0.739596035340334,-58.75530201099395,4098,3.250404923720286,99.94835599931142,5809,2001-10-15,2026-09-01,False,False,True,True,2
us_semi_ppi_yoy|signth|w252,semis,us_semi_ppi,yoy,12,M,45,signth,252,o2o,2,-1,0.33262082641969154,-0.324659047207146,0.18198948874698462,0.18588764145697312,0.11203428630758618,0.6153846153846154,-2.427131439914032,26,-0.18767709837439947,-0.022944657828094003,0.739596035340334,-65.34264367093822,2111,3.250404923720286,99.94835599931142,5809,2001-10-15,2026-09-01,False,False,False,True,1
us_semi_ppi_yoy|signth|w252,semis,us_semi_ppi,yoy,12,M,45,signth,252,ongap,2,-1,0.5162465758046858,-0.1991026184757287,-0.09788399502698879,-0.0893620636844821,0.007147453691282746,0.5,-1.993600025356173,10,-0.047199080908469256,0.03334329997375904,0.7071970201381909,-21.832464104923613,535,2.76930320248447,100.0,2056,2017-05-16,2026-09-01,False,False,True,True,2
us_semi_ppi_yoy|dev|w60,semis,us_semi_ppi,yoy,12,M,45,dev,60,c2c,2,-1,0.2515650097027035,-0.3033560697086628,0.09344331339384647,0.1048392279144391,0.09151803417199701,0.5384615384615384,-2.9052892183161627,26,-0.09644842305686266,-0.014209859288824664,0.5892431776415721,-82.27896410990667,1885,7.991486401210856,99.38341716696414,6163,2001-08-21,2026-09-01,False,False,True,True,2
us_semi_ppi_yoy|dev|w60,semis,us_semi_ppi,yoy,12,M,45,dev,60,day,2,1,0.0020910327425000368,0.472088546581793,0.10887508172595406,0.12326199258086158,0.025845194720191266,0.5384615384615384,-2.014757572628065,26,0.09755011904541235,0.014209859288824664,0.5892431776415721,-72.3911148582594,5508,7.991486401210856,99.38341716696414,6163,2001-08-21,2026-09-01,False,False,True,True,2
us_semi_ppi_yoy|dev|w60,semis,us_semi_ppi,yoy,12,M,45,dev,60,o2o,2,-1,0.26362011007018066,-0.37583641684464514,0.09135936742821107,0.10232016307621891,0.10530796397913497,0.5384615384615384,-2.972893749891901,26,-0.10048509761924283,-0.014209859288824664,0.5892431776415721,-85.0061763971543,1880,7.991486401210856,99.38341716696414,6163,2001-08-21,2026-09-01,False,False,True,True,2
us_semi_ppi_yoy|dev|w60,semis,us_semi_ppi,yoy,12,M,45,dev,60,ongap,2,-1,0.48342076769594533,0.001539778964211959,0.04208618269659635,0.07012800652554568,0.01879038583601097,0.5,-1.8507694762994717,10,-0.13315445098476128,-0.01385269697184533,0.5592198616684501,-10.63467603175063,1354,8.39514813353882,99.42579505300353,2264,2017-05-16,2026-09-01,False,False,True,True,2
us_semi_ppi_yoy|dev|w120,semis,us_semi_ppi,yoy,12,M,45,dev,120,c2c,2,-1,0.4173320319121657,-0.18893024492794763,0.2413146904144408,0.24849527227510337,0.19708847992367107,0.5,-2.6011823429383747,26,-0.16665771359536224,-0.03254974877055987,0.6652952824869425,-76.87859422574579,1187,5.54083582665466,99.44562204467634,6133,2001-10-08,2026-09-01,False,False,False,True,1
us_semi_ppi_yoy|dev|w120,semis,us_semi_ppi,yoy,12,M,45,dev,120,day,2,-1,0.13243939959732176,-0.21340706637346746,0.04833655077204621,0.057537359355699744,0.10507370963758504,0.46153846153846156,-0.9226249435835778,26,-0.1654518806900713,-0.03254974877055987,0.6652952824869425,-43.91058359724401,2734,5.54083582665466,99.44562204467634,6133,2001-10-08,2026-09-01,False,False,False,True,1
us_semi_ppi_yoy|dev|w120,semis,us_semi_ppi,yoy,12,M,45,dev,120,o2o,2,-1,0.42364237593414705,-0.25284599617280484,0.23442960585704978,0.24145478683062194,0.20781674968014544,0.5,-2.663579361049044,26,-0.17519281558159133,-0.03254974877055987,0.6652952824869425,-82.17271287051608,1175,5.54083582665466,99.44562204467634,6133,2001-10-08,2026-09-01,False,False,False,True,1
us_semi_ppi_yoy|dev|w120,semis,us_semi_ppi,yoy,12,M,45,dev,120,ongap,2,-1,0.9618130556339006,0.060924452805573834,0.16461225917042993,0.18221929582847246,0.2049089829698521,0.6,-1.665258605691283,10,-0.2571731449033327,-0.040366378202798,0.6467999352353274,-16.40504138325048,669,6.133474203632198,99.42579505300353,2264,2017-05-16,2026-09-01,False,False,False,True,1
us_semi_ppi_yoy|dev|w252,semis,us_semi_ppi,yoy,12,M,45,dev,252,c2c,2,-1,0.4984125625297544,-0.11317246839538916,0.3213468546691724,0.32569527722321523,0.17603308947335977,0.64,-2.413521555857288,25,-0.21928114708806837,-0.03056482053649596,0.7462430046465476,-90.03442908984019,1040,3.864722417683354,99.73627822647107,6067,2002-01-10,2026-09-01,False,False,False,True,1
us_semi_ppi_yoy|dev|w252,semis,us_semi_ppi,yoy,12,M,45,dev,252,day,2,-1,0.16893105511027828,-0.02669376677008659,0.12010950068483253,0.12577034934278494,0.22126629615107235,0.56,-1.0616726598620583,25,-0.20778669940813602,-0.03056482053649596,0.7462430046465476,-33.03015681438149,2463,3.864722417683354,99.73627822647107,6067,2002-01-10,2026-09-01,False,False,False,True,1
us_semi_ppi_yoy|dev|w252,semis,us_semi_ppi,yoy,12,M,45,dev,252,o2o,2,-1,0.4649043881106477,-0.17996612327120953,0.2850119842086194,0.28924591303005737,0.14749907086358047,0.64,-2.510019726929527,25,-0.24829016632533876,-0.03056482053649596,0.7462430046465476,-90.1983552313894,955,3.864722417683354,99.73627822647107,6067,2002-01-10,2026-09-01,False,False,False,True,1
us_semi_ppi_yoy|dev|w252,semis,us_semi_ppi,yoy,12,M,45,dev,252,ongap,2,-1,1.0115365457361445,-0.004976130018075476,0.13464978078756332,0.1455763561586968,0.1300559072240048,0.7,-1.7251757961262273,10,-0.21791833508335093,-0.03711290325810525,0.7487547935756922,-23.481420939720348,427,4.467198965233163,99.91166077738515,2264,2017-05-16,2026-09-01,False,True,False,True,2
us_electronics_ppi_yoy|selfz|w60,semis,us_electronics_ppi,yoy,12,M,45,selfz,60,c2c,2,-1,0.22193562925097154,-0.2546400947824222,0.08694103356400938,0.10217327003551693,0.11737258331550157,0.5384615384615384,-2.7849027344401165,26,-0.15269678136989395,-0.02023237075602636,0.5930901636724581,-70.66186328558804,1725,10.672605188063063,99.18870679863703,6163,2001-08-21,2026-09-01,False,False,False,True,1
us_electronics_ppi_yoy|selfz|w60,semis,us_electronics_ppi,yoy,12,M,45,selfz,60,day,2,-1,0.011560844437162902,-0.46353902882737513,-0.09748290390764701,-0.07804728169193813,-0.03589942944667981,0.5,-2.1038102815289594,26,-0.18229094909536203,-0.02023237075602636,0.5930901636724581,-56.38049635012777,2568,10.672605188063063,99.18870679863703,6163,2001-08-21,2026-09-01,False,False,False,True,1
us_electronics_ppi_yoy|selfz|w60,semis,us_electronics_ppi,yoy,12,M,45,selfz,60,o2o,2,-1,0.14892446818522317,-0.34156022892421384,0.01627292808590766,0.030960709460386326,0.08390557103629902,0.5,-2.415695250055298,26,-0.19853337323238282,-0.02023237075602636,0.5930901636724581,-77.97507547542398,1760,10.672605188063063,99.18870679863703,6163,2001-08-21,2026-09-01,False,False,False,True,1
us_electronics_ppi_yoy|selfz|w60,semis,us_electronics_ppi,yoy,12,M,45,selfz,60,ongap,2,-1,0.3992115508210755,-0.11761164601772912,-0.06683318006572568,-0.03706375565196202,-0.028991708564585158,0.5,-2.1114178225963633,10,-0.08743438967104929,-0.0038641071707201367,0.5821686380174667,-13.289306919154164,1092,10.376691284481517,98.80742049469966,2264,2017-05-16,2026-09-01,False,False,True,True,2
us_electronics_ppi_yoy|selfz|w120,semis,us_electronics_ppi,yoy,12,M,45,selfz,120,c2c,2,-1,0.29184763032967737,-0.2164658345155304,0.14379207463697696,0.15317666607110564,0.07629855810513311,0.6153846153846154,-4.394935730280682,26,-0.2014378057962431,-0.03378943348034108,0.6313472768412927,-72.06011219834474,1289,7.051432699132367,99.60867438447741,6133,2001-10-08,2026-09-01,False,False,False,True,1
us_electronics_ppi_yoy|selfz|w120,semis,us_electronics_ppi,yoy,12,M,45,selfz,120,day,2,-1,0.1353476783903678,-0.3996573517510442,0.0063605859358377365,0.01847817640690578,0.026911131314212005,0.5384615384615384,-3.106831833121899,26,-0.22238355543860258,-0.03378943348034108,0.6313472768412927,-48.5102867186535,1709,7.051432699132367,99.60867438447741,6133,2001-10-08,2026-09-01,False,False,False,True,1
us_electronics_ppi_yoy|selfz|w120,semis,us_electronics_ppi,yoy,12,M,45,selfz,120,o2o,2,-1,0.22870686748532743,-0.2603100422783397,0.09438819100715017,0.10347439784489298,0.057841819997375775,0.5,-3.6815919524674636,26,-0.23462464242439746,-0.03378943348034108,0.6313472768412927,-76.8852821071763,1715,7.051432699132367,99.60867438447741,6133,2001-10-08,2026-09-01,False,False,False,True,1
us_electronics_ppi_yoy|selfz|w120,semis,us_electronics_ppi,yoy,12,M,45,selfz,120,ongap,2,-1,0.8184313588466324,0.0004205108923939289,0.10208021954158977,0.11892785357422433,0.19817869710885613,0.6,-1.302423868635983,10,-0.16261404175160613,-0.0014770449657637665,0.6252776919624201,-16.555226887620034,578,6.527084206150834,99.46996466431095,2264,2017-05-16,2026-09-01,False,False,False,True,1
us_electronics_ppi_yoy|selfz|w252,semis,us_electronics_ppi,yoy,12,M,45,selfz,252,c2c,2,-1,0.5089287481292,-0.22532612808206925,0.28929779585919574,0.2958137930298647,0.1947146306350438,0.56,-2.2889201207839567,25,-0.22307983296381032,-0.030157783289612262,0.6782795277014457,-73.18139748635097,1289,5.143527618961811,99.60441733970661,6067,2002-01-10,2026-09-01,False,False,False,True,1
us_electronics_ppi_yoy|selfz|w252,semis,us_electronics_ppi,yoy,12,M,45,selfz,252,day,2,-1,0.2696164015889737,-0.2424977710730829,0.14144322964854353,0.15000545370656837,0.19493334669573192,0.6,-1.338415619017024,25,-0.22199496115012304,-0.030157783289612262,0.6782795277014457,-39.47198636828902,1826,5.143527618961811,99.60441733970661,6067,2002-01-10,2026-09-01,False,False,False,True,1
us_electronics_ppi_yoy|selfz|w252,semis,us_electronics_ppi,yoy,12,M,45,selfz,252,o2o,2,-1,0.41753585826109907,-0.2609579539195462,0.2275649553395138,0.2339283114730578,0.13726835071891855,0.52,-2.4444260924065047,25,-0.25031600449623415,-0.030157783289612262,0.6782795277014457,-77.6814715404183,1289,5.143527618961811,99.60441733970661,6067,2002-01-10,2026-09-01,False,False,False,True,1
us_electronics_ppi_yoy|selfz|w252,semis,us_electronics_ppi,yoy,12,M,45,selfz,252,ongap,2,-1,0.9992676315887332,-0.12074557268948165,0.03454282249031631,0.04463398930133743,0.07951276901610603,0.5,-1.571204410133467,10,-0.17896148662158715,-0.0014561746144902874,0.6605567023225591,-21.98710108927354,1289,4.307108210982109,99.51413427561837,2264,2017-05-16,2026-09-01,False,False,False,True,1
us_electronics_ppi_yoy|robustz|w60,semis,us_electronics_ppi,yoy,12,M,45,robustz,60,c2c,2,-1,0.0978671979690785,-0.2780504221414183,-0.011226033730933197,0.001604542638985999,0.10609433632146649,0.5384615384615384,-4.813577203175096,26,-0.06587764098862782,-0.005027881628212225,0.44276129240998213,-57.53768697987268,1748,7.302229440056975,99.20687376074025,6052,2001-10-05,2026-09-01,False,False,True,True,2
us_electronics_ppi_yoy|robustz|w60,semis,us_electronics_ppi,yoy,12,M,45,robustz,60,day,2,-1,0.024717239002260236,-0.5727568038909316,-0.11307998799624701,-0.0966913407187851,-0.016955034387089556,0.46153846153846156,-3.4039128811599997,26,-0.09046485411516997,-0.005027881628212225,0.44276129240998213,-41.89250398126864,2774,7.302229440056975,99.20687376074025,6052,2001-10-05,2026-09-01,False,False,True,True,2
us_electronics_ppi_yoy|robustz|w60,semis,us_electronics_ppi,yoy,12,M,45,robustz,60,o2o,2,-1,0.037436603131329294,-0.351329302564659,-0.06914133422686784,-0.05682251106090941,0.10473319581037932,0.5384615384615384,-3.490130085965161,26,-0.09955967376378663,-0.005027881628212225,0.44276129240998213,-58.47552676032256,3104,7.302229440056975,99.20687376074025,6052,2001-10-05,2026-09-01,False,False,True,True,2
us_electronics_ppi_yoy|robustz|w60,semis,us_electronics_ppi,yoy,12,M,45,robustz,60,ongap,2,-1,0.27707946128196126,0.0025563378409918483,0.024642079736594307,0.04783597057505023,-0.06637567241099045,0.5,-1.3770721007318956,10,-0.014172677214614626,0.002731193971112692,0.4259270835205256,-8.435731451668287,832,6.601613188084058,98.92424921559838,2231,2017-05-16,2026-09-01,False,False,True,True,2
us_electronics_ppi_yoy|robustz|w120,semis,us_electronics_ppi,yoy,12,M,45,robustz,120,c2c,2,-1,0.4614717516161277,-0.05960757916817668,0.31161703329091056,0.3220698043917092,0.3930733875911408,0.6,-1.1819769081988312,25,-0.13134500245109215,-0.004526796080652888,0.5815250592564295,-56.120078632420835,1289,7.023892764556095,99.19328284491274,6074,2001-12-31,2026-09-01,False,False,True,True,2
us_electronics_ppi_yoy|robustz|w120,semis,us_electronics_ppi,yoy,12,M,45,robustz,120,day,2,-1,0.23053936758170598,-0.3353157845766648,0.09262495970920859,0.10598332697312035,0.27430571215070343,0.56,-1.936032186148329,25,-0.14650871924979555,-0.004526796080652888,0.5815250592564295,-46.20979130897771,1571,7.023892764556095,99.19328284491274,6074,2001-12-31,2026-09-01,False,False,True,True,2
us_electronics_ppi_yoy|robustz|w120,semis,us_electronics_ppi,yoy,12,M,45,robustz,120,o2o,2,-1,0.3560794879071174,-0.06903050369238307,0.2403449854944532,0.25052913867095516,0.32446599217105243,0.6,-0.9267213442883934,25,-0.15686009331723016,-0.004526796080652888,0.5815250592564295,-58.090684191273844,1289,7.023892764556095,99.19328284491274,6074,2001-12-31,2026-09-01,False,False,False,True,1
us_electronics_ppi_yoy|robustz|w120,semis,us_electronics_ppi,yoy,12,M,45,robustz,120,ongap,2,-1,0.9913631382025997,-0.038023951364922585,0.11332780029847639,0.13103882402938266,0.127559139719643,0.6,-1.6258853987492226,10,-0.11143275212033547,0.03152372293476834,0.5510030859251001,-14.44119478488816,1289,5.960925388284907,98.76325088339223,2264,2017-05-16,2026-09-01,False,False,True,True,2
us_electronics_ppi_yoy|robustz|w252,semis,us_electronics_ppi,yoy,12,M,45,robustz,252,c2c,2,-1,0.6473311709631228,-0.15619927593027133,0.39333303896171534,0.3998456263040845,0.3310601673937321,0.72,-1.7193030768801922,25,-0.16332052802002286,0.02458179065390222,0.7085822126665279,-69.75691548010178,761,5.176117785837933,99.64658364187142,5942,2002-07-18,2026-09-01,False,True,False,True,2
us_electronics_ppi_yoy|robustz|w252,semis,us_electronics_ppi,yoy,12,M,45,robustz,252,day,2,-1,0.28008570550816714,-0.13923641797514072,0.16799343475647863,0.17669326965073115,0.2870706679299343,0.64,-1.0984704991907601,25,-0.12460950540234482,0.02458179065390222,0.7085822126665279,-47.52979390114595,4382,5.176117785837933,99.64658364187142,5942,2002-07-18,2026-09-01,False,False,True,True,2
us_electronics_ppi_yoy|robustz|w252,semis,us_electronics_ppi,yoy,12,M,45,robustz,252,o2o,2,-1,0.5257988041890831,-0.1768640496933917,0.3166963303276999,0.32311566675064424,0.2554031725634648,0.64,-1.738935783376981,25,-0.18950132466604894,0.02458179065390222,0.7085822126665279,-74.44531548350548,1289,5.176117785837933,99.64658364187142,5942,2002-07-18,2026-09-01,False,False,False,True,1
us_electronics_ppi_yoy|robustz|w252,semis,us_electronics_ppi,yoy,12,M,45,robustz,252,ongap,2,-1,0.9150785965776583,-0.18710816554158263,-0.03973622589377667,-0.02968952165181161,0.013328354227183592,0.5,-1.94985335509525,10,-0.20431181515311117,-0.024736960837507427,0.7128380838257939,-25.0561236777906,1289,4.46174930860487,99.77915194346289,2264,2017-05-16,2026-09-01,False,False,False,True,1
us_electronics_ppi_yoy|bdtanh|w60,semis,us_electronics_ppi,yoy,12,M,45,bdtanh,60,c2c,2,-1,0.12975569715104512,-0.2936437813128815,0.007761287693350331,0.019081740088651135,0.000133851968780759,0.46153846153846156,-2.986250649406685,26,-0.1954204891407971,-0.042981497646254266,0.6817713190944504,-79.46335012428067,1821,8.75722294261564,99.6754827194548,6163,2001-08-21,2026-09-01,False,False,False,True,1
us_electronics_ppi_yoy|bdtanh|w60,semis,us_electronics_ppi,yoy,12,M,45,bdtanh,60,day,2,-1,-0.0151113280579878,-0.3724029563054257,-0.09855123338181343,-0.0840611773220264,-0.08482361360064326,0.5,-2.0437740309084456,26,-0.2169641959252446,-0.042981497646254266,0.6817713190944504,-59.98296964766706,4382,8.75722294261564,99.6754827194548,6163,2001-08-21,2026-09-01,False,False,False,True,1
us_electronics_ppi_yoy|bdtanh|w60,semis,us_electronics_ppi,yoy,12,M,45,bdtanh,60,o2o,2,-1,0.0618274045832793,-0.3620314459348066,-0.05461116658498234,-0.043720439672163144,-0.030354116309889344,0.46153846153846156,-2.627682345026338,26,-0.23856877941051033,-0.042981497646254266,0.6817713190944504,-87.22714294543917,2463,8.75722294261564,99.6754827194548,6163,2001-08-21,2026-09-01,False,False,False,True,1
us_electronics_ppi_yoy|bdtanh|w60,semis,us_electronics_ppi,yoy,12,M,45,bdtanh,60,ongap,2,-1,0.3790440683832231,-0.20249268779141041,-0.1394568084161568,-0.11759617569053404,-0.08097486100267208,0.6,-2.1066989533383595,10,-0.15715145147684936,-0.027775391907226155,0.6819038274216069,-19.039049311134875,472,8.677656589203243,99.69081272084806,2264,2017-05-16,2026-09-01,False,False,False,True,1
us_electronics_ppi_yoy|bdtanh|w120,semis,us_electronics_ppi,yoy,12,M,45,bdtanh,120,c2c,2,-1,0.21189999557064804,-0.2889301756896804,0.06406822018234677,0.07145225159613068,-0.015169848176396997,0.5769230769230769,-3.866321136455077,26,-0.21628377261770293,-0.05174123295133778,0.6877940685698984,-79.47921436687811,1687,5.795169086118661,99.7717267242785,6133,2001-10-08,2026-09-01,False,False,False,True,1
us_electronics_ppi_yoy|bdtanh|w120,semis,us_electronics_ppi,yoy,12,M,45,bdtanh,120,day,2,-1,0.062177126585990276,-0.32382370182510456,-0.03209391278315584,-0.022521542835806235,-0.039020213645510414,0.5384615384615384,-2.8634041813823536,26,-0.23458832918063063,-0.05174123295133778,0.6877940685698984,-51.41914532234102,2463,5.795169086118661,99.7717267242785,6133,2001-10-08,2026-09-01,False,False,False,True,1
us_electronics_ppi_yoy|bdtanh|w120,semis,us_electronics_ppi,yoy,12,M,45,bdtanh,120,o2o,2,-1,0.1467326787589034,-0.3277748123211566,0.014285827081830096,0.021484181699279167,-0.03558937536509696,0.5,-3.221799440632063,26,-0.2521288582650486,-0.05174123295133778,0.6877940685698984,-84.26392651998206,1676,5.795169086118661,99.7717267242785,6133,2001-10-08,2026-09-01,False,False,False,True,1
us_electronics_ppi_yoy|bdtanh|w120,semis,us_electronics_ppi,yoy,12,M,45,bdtanh,120,ongap,2,-1,0.8078139849787918,-0.08667268910463706,0.03521401401720686,0.04775945155298644,0.14189785256900284,0.6,-1.8598911877111333,10,-0.20431752010485618,-0.031137249454031745,0.6946521590401652,-21.715542826842416,669,5.140487834166839,99.82332155477032,2264,2017-05-16,2026-09-01,False,False,False,True,1
us_electronics_ppi_yoy|bdtanh|w252,semis,us_electronics_ppi,yoy,12,M,45,bdtanh,252,c2c,2,-1,0.41918377794401895,-0.2427717299383726,0.22097250221989398,0.22683381311185621,0.11141927462576165,0.52,-2.365540155347945,25,-0.21083277943682924,-0.03164105865236999,0.7144944347569565,-69.39445071745149,1289,4.621088037752474,99.76924344816219,6067,2002-01-10,2026-09-01,False,False,False,True,1
us_electronics_ppi_yoy|bdtanh|w252,semis,us_electronics_ppi,yoy,12,M,45,bdtanh,252,day,2,-1,0.19242264957485342,-0.2947169593331008,0.07065862030290677,0.07837882728329448,0.06534441115213478,0.56,-1.53165534500535,25,-0.20720055792004632,-0.03164105865236999,0.7144944347569565,-41.62328078176888,2810,4.621088037752474,99.76924344816219,6067,2002-01-10,2026-09-01,False,False,False,True,1
us_electronics_ppi_yoy|bdtanh|w252,semis,us_electronics_ppi,yoy,12,M,45,bdtanh,252,o2o,2,-1,0.32489298072866385,-0.26033327724050453,0.16027900967643494,0.16602899156004752,0.062308951804321604,0.52,-2.417120944379349,25,-0.24086224120073413,-0.03164105865236999,0.7144944347569565,-73.58283608566659,1661,4.621088037752474,99.76924344816219,6067,2002-01-10,2026-09-01,False,False,False,True,1
us_electronics_ppi_yoy|bdtanh|w252,semis,us_electronics_ppi,yoy,12,M,45,bdtanh,252,ongap,2,-1,0.9779015819239185,-0.11271617445044846,0.04351698673110718,0.05197518560451877,0.07793023320674093,0.6,-2.041775879904374,10,-0.1641382121986707,-0.001440314237516152,0.714480386214719,-22.199649519502913,934,3.5161072243801126,99.82332155477032,2264,2017-05-16,2026-09-01,False,False,False,True,1
us_electronics_ppi_yoy|rankc|w60,semis,us_electronics_ppi,yoy,12,M,45,rankc,60,c2c,2,-1,0.21272927827068053,-0.4746156990342623,0.01908315171368326,0.03172873921250519,0.06609278935092734,0.46153846153846156,-1.634844229980412,26,-0.19299373627531585,-0.05383999446222187,0.6493652765914295,-80.82025675577091,1708,9.637274182744937,99.62680512737303,6163,2001-08-21,2026-09-01,False,False,False,True,1
us_electronics_ppi_yoy|rankc|w60,semis,us_electronics_ppi,yoy,12,M,45,rankc,60,day,2,-1,0.01750063466949546,-0.5853857589251057,-0.12053257785880331,-0.10457255874191686,-0.04982547435827752,0.5,-2.2715121514724035,26,-0.20763886441730547,-0.05383999446222187,0.6493652765914295,-69.1127820730827,4382,9.637274182744937,99.62680512737303,6163,2001-08-21,2026-09-01,False,False,False,True,1
us_electronics_ppi_yoy|rankc|w60,semis,us_electronics_ppi,yoy,12,M,45,rankc,60,o2o,2,-1,0.1329157488942442,-0.5684006988992953,-0.05429493729917328,-0.0423274145261683,0.02681652412083172,0.5,-1.7464504420531,26,-0.2410259106179985,-0.05383999446222187,0.6493652765914295,-92.00407122235757,1809,9.637274182744937,99.62680512737303,6163,2001-08-21,2026-09-01,False,False,False,True,1
us_electronics_ppi_yoy|rankc|w60,semis,us_electronics_ppi,yoy,12,M,45,rankc,60,ongap,2,-1,0.18926017197751227,-0.1901426877836797,-0.15264717794278634,-0.1285933316073902,-0.09684687827355641,0.5,-2.1258081235727038,10,-0.11966815501075972,-0.04529721915902002,0.6411456145274795,-17.58678171820155,587,9.07114318608131,99.82332155477032,2264,2017-05-16,2026-09-01,False,False,True,True,2
us_electronics_ppi_yoy|rankc|w120,semis,us_electronics_ppi,yoy,12,M,45,rankc,120,c2c,2,-1,0.1770532167956151,-0.35276527266914715,0.02137141389725169,0.02964816176501038,-0.012557112936969804,0.4230769230769231,-2.9418988494565794,26,-0.21899767721167626,-0.06577558764466963,0.6737499352139156,-75.3791402750277,1676,6.633003596434718,99.7880319582586,6133,2001-10-08,2026-09-01,False,False,False,True,1
us_electronics_ppi_yoy|rankc|w120,semis,us_electronics_ppi,yoy,12,M,45,rankc,120,day,2,-1,0.020492113514452053,-0.38295697566662673,-0.07656122022378364,-0.06583869867961761,-0.049478324479481264,0.46153846153846156,-2.3114065012909926,26,-0.23169845385148746,-0.06577558764466963,0.6737499352139156,-63.176523945729926,4382,6.633003596434718,99.7880319582586,6133,2001-10-08,2026-09-01,False,False,False,True,1
us_electronics_ppi_yoy|rankc|w120,semis,us_electronics_ppi,yoy,12,M,45,rankc,120,o2o,2,-1,0.10760324473601657,-0.41124836064482767,-0.036917341704035316,-0.028866370361972957,-0.04577662948530884,0.4230769230769231,-2.4192332181913856,26,-0.2583768850548678,-0.06577558764466963,0.6737499352139156,-81.87242517853525,2463,6.633003596434718,99.7880319582586,6133,2001-10-08,2026-09-01,False,False,False,True,1
us_electronics_ppi_yoy|rankc|w120,semis,us_electronics_ppi,yoy,12,M,45,rankc,120,ongap,2,-1,0.9066321181119719,-0.13906163654841666,-0.0038651997627744124,0.011744912285035599,0.06780840388144065,0.6,-1.9465864772134147,10,-0.2025500679579105,-0.06439452176255397,0.664941301510848,-21.659420614134227,416,6.556563338798567,99.86749116607774,2264,2017-05-16,2026-09-01,False,False,False,True,1
us_electronics_ppi_yoy|rankc|w252,semis,us_electronics_ppi,yoy,12,M,45,rankc,252,c2c,2,-1,0.39648740075614763,-0.3408905987537259,0.1759755893981949,0.18213196614911145,0.07061351974384886,0.52,-2.5937168484205175,25,-0.22944759410354412,-0.06521536620792394,0.70763375534418,-76.3919526117968,1734,5.1108447651933195,99.4890390637877,6067,2002-01-10,2026-09-01,False,False,False,True,1
us_electronics_ppi_yoy|rankc|w252,semis,us_electronics_ppi,yoy,12,M,45,rankc,252,day,2,-1,0.170772933075765,-0.41141477283467026,0.0257787220569323,0.03385888302333943,0.0232433592359395,0.56,-1.9823398363559992,25,-0.22368477752079022,-0.06521536620792394,0.70763375534418,-54.3989274946584,4382,5.1108447651933195,99.4890390637877,6067,2002-01-10,2026-09-01,False,False,False,True,1
us_electronics_ppi_yoy|rankc|w252,semis,us_electronics_ppi,yoy,12,M,45,rankc,252,o2o,2,-1,0.3117837380641906,-0.3605830414549976,0.12332385157789846,0.12932639643432398,0.030521053729053584,0.52,-2.4535160170279218,25,-0.2661402643817161,-0.06521536620792394,0.70763375534418,-81.41448820550721,1742,5.1108447651933195,99.4890390637877,6067,2002-01-10,2026-09-01,False,False,False,True,1
us_electronics_ppi_yoy|rankc|w252,semis,us_electronics_ppi,yoy,12,M,45,rankc,252,ongap,2,-1,0.9758976430327445,-0.06726359588499806,0.07335616011329672,0.0843710765555464,0.08623548506253693,0.6,-2.0891648408167653,10,-0.21157788833467678,-0.05687811413972203,0.6990107786090816,-23.429853618848078,558,4.748913001348483,99.73498233215548,2264,2017-05-16,2026-09-01,False,False,False,True,1
us_electronics_ppi_yoy|signth|w60,semis,us_electronics_ppi,yoy,12,M,45,signth,60,c2c,2,-1,0.17112023679973834,-0.27838727585465967,0.04145880914260043,0.05098703447443362,0.020525216701848696,0.5,-2.021259198598494,26,-0.15605051012086607,-0.03591536879344148,0.677404871707632,-80.13594446333082,1771,7.450525115189186,99.69315245478036,6192,2001-07-10,2026-09-01,False,False,False,True,1
us_electronics_ppi_yoy|signth|w60,semis,us_electronics_ppi,yoy,12,M,45,signth,60,day,2,1,0.01235944040662134,0.30461951585167857,0.08123011231116843,0.09340530370074122,0.08218838101614624,0.5384615384615384,-1.5705273007371725,26,0.15955267805442058,0.03591536879344148,0.677404871707632,-59.56528323437612,5479,7.450525115189186,99.69315245478036,6192,2001-07-10,2026-09-01,False,False,False,True,1
us_electronics_ppi_yoy|signth|w60,semis,us_electronics_ppi,yoy,12,M,45,signth,60,o2o,2,-1,0.15414307167953484,-0.3871708176239328,0.004859734684032255,0.014017580115633583,0.003783499017216528,0.5,-1.5099398901083185,26,-0.1875939377603168,-0.03591536879344148,0.677404871707632,-90.30797812799779,1685,7.450525115189186,99.69315245478036,6192,2001-07-10,2026-09-01,False,False,False,True,1
us_electronics_ppi_yoy|signth|w60,semis,us_electronics_ppi,yoy,12,M,45,signth,60,ongap,2,-1,0.28262535099100483,-0.2279174949934491,-0.1762014022419959,-0.15729928656464484,-0.10558246095795427,0.5,-2.0334935953222155,10,-0.15111302289775283,-0.04443418946254071,0.6745644552528174,-20.772128773988676,611,7.4296391826336645,99.42579505300353,2264,2017-05-16,2026-09-01,False,False,False,True,1
us_electronics_ppi_yoy|signth|w120,semis,us_electronics_ppi,yoy,12,M,45,signth,120,c2c,2,-1,0.3835883468518657,-0.36206677789248215,0.16802396139807285,0.17446731436659682,0.12482221714802455,0.5769230769230769,-2.430366636219415,26,-0.13897865090246234,-0.032939975900583444,0.6939951672429597,-80.59807195404908,1600,5.08588386345413,99.91662497915624,5997,2001-07-10,2026-09-01,False,False,True,True,2
us_electronics_ppi_yoy|signth|w120,semis,us_electronics_ppi,yoy,12,M,45,signth,120,day,2,-1,0.20881545883920655,-0.42981819648042335,0.05640936836099207,0.0646699117692162,0.04333912144699999,0.5,-2.3298079322235363,26,-0.12308627524262375,-0.032939975900583444,0.6939951672429597,-43.61539133954167,2304,5.08588386345413,99.91662497915624,5997,2001-07-10,2026-09-01,False,False,True,True,2
us_electronics_ppi_yoy|signth|w120,semis,us_electronics_ppi,yoy,12,M,45,signth,120,o2o,2,-1,0.305924436845504,-0.35870576930950093,0.1256828961538485,0.13192565345730306,0.09541899336238431,0.5769230769230769,-2.4443103946928875,26,-0.15044793219038996,-0.032939975900583444,0.6939951672429597,-82.47705332493923,1599,5.08588386345413,99.91662497915624,5997,2001-07-10,2026-09-01,False,False,False,True,1
us_electronics_ppi_yoy|signth|w120,semis,us_electronics_ppi,yoy,12,M,45,signth,120,ongap,2,-1,0.734528125888972,-0.1442341099551284,-0.019960966821396673,-0.008882274244418436,0.05365462686201846,0.5,-2.0568512367985456,10,-0.2006665963920769,-0.04918554766828769,0.6909337973584291,-22.500610396623173,535,4.497517491986751,100.0,2228,2017-05-16,2026-09-01,False,False,False,True,1
us_electronics_ppi_yoy|signth|w252,semis,us_electronics_ppi,yoy,12,M,45,signth,252,c2c,2,-1,0.4466992844933484,-0.24896792344629795,0.24529698714657808,0.25020111917542526,0.1198803668852123,0.5384615384615384,-3.0098086330991913,26,-0.1497101725354919,-0.031739297631664866,0.6732027810953112,-65.8226937663203,2125,3.7956069554239726,92.88627834883341,6129,2001-10-15,2026-09-01,False,False,True,True,2
us_electronics_ppi_yoy|signth|w252,semis,us_electronics_ppi,yoy,12,M,45,signth,252,day,2,-1,0.26493901467531816,-0.14050402586832664,0.16669255092701302,0.1730744602069064,0.15096965824369102,0.5384615384615384,-2.0443468001544787,26,-0.1229158368866326,-0.031739297631664866,0.6732027810953112,-38.10135503653428,2810,3.7956069554239726,92.88627834883341,6129,2001-10-15,2026-09-01,False,False,True,True,2
us_electronics_ppi_yoy|signth|w252,semis,us_electronics_ppi,yoy,12,M,45,signth,252,o2o,2,-1,0.37855776725397744,-0.199677202830737,0.22077453628590543,0.22556833552888123,0.09969989757475663,0.5769230769230769,-2.882696729764664,26,-0.16794285969351627,-0.031739297631664866,0.6732027810953112,-68.56881386627592,1130,3.7956069554239726,92.88627834883341,6129,2001-10-15,2026-09-01,False,False,False,True,1
us_electronics_ppi_yoy|signth|w252,semis,us_electronics_ppi,yoy,12,M,45,signth,252,ongap,2,-1,0.9941483593186707,-0.052701430299667895,0.10193531424988424,0.10997604642128707,0.09723395966275687,0.6,-2.0516852750973045,10,-0.21750212146543357,-0.03889895395479563,0.6879131394131218,-22.09719057794578,784,3.2337708913963987,96.113074204947,2264,2017-05-16,2026-09-01,False,False,False,True,1
us_electronics_ppi_yoy|dev|w60,semis,us_electronics_ppi,yoy,12,M,45,dev,60,c2c,2,-1,0.31949055462056297,-0.3635190576305015,0.10782661788016597,0.12023886611150492,0.14269206144113863,0.6153846153846154,-3.570896810716379,26,-0.11602515864050834,-0.015624488263557997,0.5954058908757256,-88.97927594095103,1754,8.661714763258322,99.30228784682784,6163,2001-08-21,2026-09-01,False,False,True,True,2
us_electronics_ppi_yoy|dev|w60,semis,us_electronics_ppi,yoy,12,M,45,dev,60,day,2,-1,0.08917547482602843,-0.29724601993917515,-0.007196081459293092,0.008660127568287029,0.0780842897412317,0.5384615384615384,-2.3515906784825606,26,-0.11858773627373828,-0.015624488263557997,0.5954058908757256,-65.55676837988965,1884,8.661714763258322,99.30228784682784,6163,2001-08-21,2026-09-01,False,False,True,True,2
us_electronics_ppi_yoy|dev|w60,semis,us_electronics_ppi,yoy,12,M,45,dev,60,o2o,2,-1,0.24553446742667925,-0.44223088763155993,0.039715851733626156,0.05175970480403498,0.12176322449568432,0.5384615384615384,-3.0175285972126606,26,-0.12432810896906245,-0.015624488263557997,0.5954058908757256,-98.40743093926923,1878,8.661714763258322,99.30228784682784,6163,2001-08-21,2026-09-01,False,False,True,True,2
us_electronics_ppi_yoy|dev|w60,semis,us_electronics_ppi,yoy,12,M,45,dev,60,ongap,2,-1,0.5221930494475548,-0.33601878151252146,-0.2508113119163551,-0.229657300870877,-0.11464040101692555,0.4,-1.8296056333645654,10,-0.14812275722253548,-0.03771093225241391,0.5955220679778198,-22.49692550688082,1354,8.284919668928119,99.07243816254417,2264,2017-05-16,2026-09-01,False,False,True,True,2
us_electronics_ppi_yoy|dev|w120,semis,us_electronics_ppi,yoy,12,M,45,dev,120,c2c,2,-1,0.5228476032804479,-0.27499754849707236,0.26929376740804534,0.2770867849129221,0.1975029706725901,0.5,-1.825191900847523,26,-0.15688209435672332,-0.027117007446562667,0.6642492612230142,-80.79800452740659,2023,5.8933877631753235,99.54345344855699,6133,2001-10-08,2026-09-01,False,False,False,True,1
us_electronics_ppi_yoy|dev|w120,semis,us_electronics_ppi,yoy,12,M,45,dev,120,day,2,-1,0.20392761403981718,-0.08793189183967107,0.12670755941510858,0.13688309840702645,0.15119845396879783,0.5769230769230769,-1.7325005619784561,26,-0.15903414224284854,-0.027117007446562667,0.6642492612230142,-42.92719456882334,1571,5.8933877631753235,99.54345344855699,6133,2001-10-08,2026-09-01,False,False,False,True,1
us_electronics_ppi_yoy|dev|w120,semis,us_electronics_ppi,yoy,12,M,45,dev,120,o2o,2,-1,0.46240043874567216,-0.32212787233124324,0.22396368632743394,0.23162579374978914,0.1879782965577748,0.46153846153846156,-1.8817550215218428,26,-0.16478325809718436,-0.027117007446562667,0.6642492612230142,-87.3487266218294,1793,5.8933877631753235,99.54345344855699,6133,2001-10-08,2026-09-01,False,False,False,True,1
us_electronics_ppi_yoy|dev|w120,semis,us_electronics_ppi,yoy,12,M,45,dev,120,ongap,2,-1,0.8307349432141884,-0.4008372397438618,-0.2502570637933227,-0.23770329516658004,-0.012034450476106967,0.4,-2.1165519514645417,10,-0.2178678221650573,-0.05863934954033183,0.6922284492045641,-27.98542722409775,1289,5.300664843231638,99.64664310954063,2264,2017-05-16,2026-09-01,False,False,False,True,1
us_electronics_ppi_yoy|dev|w252,semis,us_electronics_ppi,yoy,12,M,45,dev,252,c2c,2,-1,0.6199199378017978,-0.23258828163866865,0.35115492592823805,0.35631718841668447,0.23879922658074407,0.64,-2.155947311404431,25,-0.21441835234185844,-0.03588662205533151,0.7369914002689796,-81.78357820796936,1032,4.341130393844235,99.70331300477996,6067,2002-01-10,2026-09-01,False,False,False,True,1
us_electronics_ppi_yoy|dev|w252,semis,us_electronics_ppi,yoy,12,M,45,dev,252,day,2,-1,0.2664336302240805,-0.14025063407252436,0.15954026560918205,0.1663844446195185,0.2450989565442232,0.68,-1.0982448689687918,25,-0.20207072603776996,-0.03588662205533151,0.7369914002689796,-35.93269192760195,1826,4.341130393844235,99.70331300477996,6067,2002-01-10,2026-09-01,False,True,False,True,2
us_electronics_ppi_yoy|dev|w252,semis,us_electronics_ppi,yoy,12,M,45,dev,252,o2o,2,-1,0.5489895042622183,-0.24657378885001982,0.3119330533609686,0.31699229464536943,0.20405575891357144,0.6,-2.1286662496782274,25,-0.2390598845680965,-0.03588662205533151,0.7369914002689796,-86.4998325445607,905,4.341130393844235,99.70331300477996,6067,2002-01-10,2026-09-01,False,False,False,True,1
us_electronics_ppi_yoy|dev|w252,semis,us_electronics_ppi,yoy,12,M,45,dev,252,ongap,2,-1,1.0280238789564513,-0.2058466479108208,-0.04510782493937409,-0.03664525194167712,0.034944790407823244,0.5,-2.2842267891123176,10,-0.25286634776229744,-0.062292500974981,0.7372195791955293,-28.203182897219587,937,3.847128046702102,99.60247349823321,2264,2017-05-16,2026-09-01,False,False,False,True,1
kr_exports_sa_yoy|selfz|w60,kr_tech_demand,kr_exports_sa,yoy,12,M,60,selfz,60,c2c,2,1,0.1217410560251622,0.30006925335268514,0.17158154124495284,0.1879055449544285,0.19073751091689942,0.6153846153846154,-1.4774296474923823,26,0.04977866793521548,0.02030311188195526,0.5990388356449953,-99.50226113970693,5995,11.794683517011814,99.28606198280059,6163,2001-08-21,2026-09-01,False,False,True,True,2
kr_exports_sa_yoy|selfz|w60,kr_tech_demand,kr_exports_sa,yoy,12,M,60,selfz,60,day,2,1,-0.0011644721732804084,-0.19051609293189797,-0.043747854127574995,-0.023053864053731627,-0.041157312153464534,0.5,-2.021955134096519,26,0.07473989373846236,0.02030311188195526,0.5990388356449953,-70.60483827254815,5990,11.794683517011814,99.28606198280059,6163,2001-08-21,2026-09-01,False,False,True,True,2
kr_exports_sa_yoy|selfz|w60,kr_tech_demand,kr_exports_sa,yoy,12,M,60,selfz,60,o2o,2,1,0.0693307009901939,0.2670070856530814,0.12156226154481053,0.13723800746323467,0.15905587921763706,0.5384615384615384,-1.3072531909440923,26,0.058054732757723757,0.02030311188195526,0.5990388356449953,-101.3512218861031,6020,11.794683517011814,99.28606198280059,6163,2001-08-21,2026-09-01,False,False,True,True,2
kr_exports_sa_yoy|selfz|w60,kr_tech_demand,kr_exports_sa,yoy,12,M,60,selfz,60,ongap,2,-1,0.8798843433533531,-0.5907419929680039,-0.43657649691310396,-0.4012498395757101,-0.4679386075901528,0.3,-1.577460186634476,10,-0.08924213741457392,-0.0030467360090299643,0.5718593492924856,-28.74652017079059,1569,11.796322628801857,98.89575971731449,2264,2017-05-16,2026-09-01,False,False,True,True,2
kr_exports_sa_yoy|selfz|w120,kr_tech_demand,kr_exports_sa,yoy,12,M,60,selfz,120,c2c,2,-1,0.052841659882722936,-0.6445992062539838,-0.15134047081599933,-0.1398628216873742,-0.2280572306551422,0.38461538461538464,-4.500589584043349,26,-0.06198267667562539,-0.021962386110807974,0.6029251800852574,-109.68859678491012,4178,8.640072377844794,99.3477906407957,6133,2001-10-08,2026-09-01,False,False,True,True,2
kr_exports_sa_yoy|selfz|w120,kr_tech_demand,kr_exports_sa,yoy,12,M,60,selfz,120,day,2,-1,0.043681729784992164,-0.19157342810140462,-0.010985809701019863,0.0037354449212505816,-0.08486190278246128,0.4230769230769231,-3.1441732091175116,26,-0.10461562574194817,-0.021962386110807974,0.6029251800852574,-44.9776631929474,3787,8.640072377844794,99.3477906407957,6133,2001-10-08,2026-09-01,False,False,True,True,2
kr_exports_sa_yoy|selfz|w120,kr_tech_demand,kr_exports_sa,yoy,12,M,60,selfz,120,o2o,2,-1,0.09870944246609432,-0.6649272522137887,-0.11521999431287375,-0.10402153004134473,-0.2142721904663727,0.4230769230769231,-3.724790825472235,26,-0.06875902567367495,-0.021962386110807974,0.6029251800852574,-107.05599603132569,2599,8.640072377844794,99.3477906407957,6133,2001-10-08,2026-09-01,False,False,True,True,2
kr_exports_sa_yoy|selfz|w120,kr_tech_demand,kr_exports_sa,yoy,12,M,60,selfz,120,ongap,2,-1,1.2092812704422216,-0.5851180093016648,-0.3744719684946868,-0.3526309044411183,-0.200465539036424,0.4,-1.7435713377043034,10,-0.042997475472567,0.029818920809251723,0.596744874012733,-34.660083989070046,1569,8.435438240908644,99.77915194346289,2264,2017-05-16,2026-09-01,False,False,True,True,2
kr_exports_sa_yoy|selfz|w252,kr_tech_demand,kr_exports_sa,yoy,12,M,60,selfz,252,c2c,2,-1,0.24383162210134812,-0.7456984476104673,-0.0659931007756854,-0.05760617794746067,-0.14295533210324002,0.32,-2.5915035024681887,25,-0.08495351009483096,-0.02825247351492638,0.662105193038472,-142.74293952050948,3788,6.510356845054355,99.43959123125103,6067,2002-01-10,2026-09-01,False,False,True,True,2
kr_exports_sa_yoy|selfz|w252,kr_tech_demand,kr_exports_sa,yoy,12,M,60,selfz,252,day,2,-1,0.11319145785133576,-0.38034671344664106,-0.011446522769000598,-0.000454834994639626,-0.07633740989618717,0.36,-1.2943367508112948,25,-0.1344389483150335,-0.02825247351492638,0.662105193038472,-71.80920844448669,3677,6.510356845054355,99.43959123125103,6067,2002-01-10,2026-09-01,False,False,True,True,2
kr_exports_sa_yoy|selfz|w252,kr_tech_demand,kr_exports_sa,yoy,12,M,60,selfz,252,o2o,2,-1,0.26013206930526434,-0.7783327994733602,-0.0566230659431244,-0.048383832891037835,-0.14113827643479296,0.44,-2.555125775763916,25,-0.1028548011057344,-0.02825247351492638,0.662105193038472,-134.37834796415308,3812,6.510356845054355,99.43959123125103,6067,2002-01-10,2026-09-01,False,False,True,True,2
kr_exports_sa_yoy|selfz|w252,kr_tech_demand,kr_exports_sa,yoy,12,M,60,selfz,252,ongap,2,-1,1.1665478998252274,-0.7823018985585294,-0.5900544836293341,-0.5763100684439929,-0.2976792763767834,0.3,-1.7271274597568973,10,-0.019352833735165297,0.039835462312025643,0.659573429969112,-43.66040022694177,1569,5.543418796383592,99.69081272084806,2264,2017-05-16,2026-09-01,False,False,True,True,2
kr_exports_sa_yoy|robustz|w60,kr_tech_demand,kr_exports_sa,yoy,12,M,60,robustz,60,c2c,2,1,0.1582711691184844,0.18525947441545274,0.16618570259119167,0.18203689671637274,0.22751566773909826,0.5384615384615384,-1.6227448241726352,26,-0.029165599748763104,-0.009442950565512517,0.4763824850026112,-57.0201445520182,5638,9.656730356648215,99.42622950819671,6100,2001-10-05,2026-09-01,False,False,True,True,2
kr_exports_sa_yoy|robustz|w60,kr_tech_demand,kr_exports_sa,yoy,12,M,60,robustz,60,day,2,1,0.17910713602614597,0.06226616542333047,0.15036331682572665,0.1706389595212813,0.16895607280077812,0.5769230769230769,-1.5323241830902579,26,0.015885376047531406,-0.009442950565512517,0.4763824850026112,-27.88649491431948,4234,9.656730356648215,99.42622950819671,6100,2001-10-05,2026-09-01,False,False,True,True,2
kr_exports_sa_yoy|robustz|w60,kr_tech_demand,kr_exports_sa,yoy,12,M,60,robustz,60,o2o,2,1,0.10049659567057741,0.20343768123446335,0.12975825009420405,0.1452941063737367,0.19701476464784565,0.5769230769230769,-1.5585508191701725,26,-0.0010950582418320844,-0.009442950565512517,0.4763824850026112,-60.05051002039743,5833,9.656730356648215,99.42622950819671,6100,2001-10-05,2026-09-01,False,False,True,True,2
kr_exports_sa_yoy|robustz|w60,kr_tech_demand,kr_exports_sa,yoy,12,M,60,robustz,60,ongap,2,-1,0.4323832546812311,-0.36962333836927014,-0.2663021765771869,-0.23896266438422273,-0.14433845443303192,0.4,-1.6789430134012993,10,0.11553731545440467,0.028641966760927614,0.44742235730653185,-26.134752248067052,1492,8.714116203368054,99.59893048128342,2244,2017-05-16,2026-09-01,False,False,True,True,2
kr_exports_sa_yoy|robustz|w120,kr_tech_demand,kr_exports_sa,yoy,12,M,60,robustz,120,c2c,2,-1,0.1669646080477252,-0.5060045655214113,-0.04884025542688429,-0.03754611735254263,-0.06450729050926496,0.52,-2.21059836329496,25,-0.009182567041107243,0.002792535181754177,0.5701344581685869,-104.03305921303019,2699,8.283328801653843,99.60487323016135,6074,2001-12-31,2026-09-01,False,False,True,True,2
kr_exports_sa_yoy|robustz|w120,kr_tech_demand,kr_exports_sa,yoy,12,M,60,robustz,120,day,2,-1,0.15698800426417842,-0.21996206452042885,0.05932758717276186,0.0743188814951386,0.07364539568427665,0.44,-1.5488579298328051,25,-0.04073205866805563,0.002792535181754177,0.5701344581685869,-43.22163188780946,3637,8.283328801653843,99.60487323016135,6074,2001-12-31,2026-09-01,False,False,True,True,2
kr_exports_sa_yoy|robustz|w120,kr_tech_demand,kr_exports_sa,yoy,12,M,60,robustz,120,o2o,2,-1,0.20052125894095016,-0.5784793249308228,-0.036982552750251294,-0.02577113657441546,-0.07045888983150392,0.48,-2.3833813197794362,25,-0.008459865302538037,0.002792535181754177,0.5701344581685869,-106.47455344695076,2696,8.283328801653843,99.60487323016135,6074,2001-12-31,2026-09-01,False,False,True,True,2
kr_exports_sa_yoy|robustz|w120,kr_tech_demand,kr_exports_sa,yoy,12,M,60,robustz,120,ongap,2,-1,1.3585168866924053,-0.4928364874163638,-0.31115476004368625,-0.2916618421491987,-0.0747970871241942,0.4,-1.613959013682043,10,0.040793674198047115,0.02977849284167734,0.5671448314505682,-34.82395538677113,1569,7.557868688340973,99.86749116607774,2264,2017-05-16,2026-09-01,False,False,True,True,2
kr_exports_sa_yoy|robustz|w252,kr_tech_demand,kr_exports_sa,yoy,12,M,60,robustz,252,c2c,2,-1,0.1840683436021831,-0.6769012643361215,-0.10433772668234656,-0.09615247155553514,-0.17977814363539008,0.36,-2.538572865952044,25,-0.010459396913885675,-0.00019426820970090393,0.6844073832692295,-149.91502253852786,4237,6.564466589048773,99.326825984517,5942,2002-07-18,2026-09-01,False,False,True,True,2
kr_exports_sa_yoy|robustz|w252,kr_tech_demand,kr_exports_sa,yoy,12,M,60,robustz,252,day,2,-1,0.04690867928992476,-0.34629812487284806,-0.061670833238835134,-0.05061482016718915,-0.13751796509639602,0.4,-1.3856275747569535,25,-0.027801794890151332,-0.00019426820970090393,0.6844073832692295,-75.42516506413305,4267,6.564466589048773,99.326825984517,5942,2002-07-18,2026-09-01,False,False,True,True,2
kr_exports_sa_yoy|robustz|w252,kr_tech_demand,kr_exports_sa,yoy,12,M,60,robustz,252,o2o,2,-1,0.23667126816684939,-0.7262621536353597,-0.0775947412502231,-0.06943324954818134,-0.15613010151983056,0.4,-2.537987303684761,25,-0.01712634284956298,-0.00019426820970090393,0.6844073832692295,-140.48372047720468,4236,6.564466589048773,99.326825984517,5942,2002-07-18,2026-09-01,False,False,True,True,2
kr_exports_sa_yoy|robustz|w252,kr_tech_demand,kr_exports_sa,yoy,12,M,60,robustz,252,ongap,2,-1,1.4197166150702272,-0.7268684702551039,-0.512418411094517,-0.4987527574700955,-0.2219646426784659,0.3,-1.7689290190675133,10,-0.030688492687928292,0.02770652130690076,0.680882883282787,-43.24296114876111,1569,5.852257472675984,98.80742049469966,2264,2017-05-16,2026-09-01,False,False,True,True,2
kr_exports_sa_yoy|bdtanh|w60,kr_tech_demand,kr_exports_sa,yoy,12,M,60,bdtanh,60,c2c,2,1,0.08484175610575012,0.41688931251128425,0.1780914180401562,0.19202674852146054,0.19902015302299425,0.6538461538461539,-1.5764145750542273,26,0.07257287522108327,0.027958628174493474,0.677011278813124,-117.11758391572032,5995,11.064388964462555,99.77283790361837,6163,2001-08-21,2026-09-01,False,True,True,True,3
kr_exports_sa_yoy|bdtanh|w60,kr_tech_demand,kr_exports_sa,yoy,12,M,60,bdtanh,60,day,2,-1,0.01875170226132032,0.10321629974258309,0.0376364864194503,0.05529802171286985,0.01858509174616012,0.4230769230769231,-2.787495516569986,26,-0.09351002220034786,-0.027958628174493474,0.677011278813124,-48.22021522609141,4174,11.064388964462555,99.77283790361837,6163,2001-08-21,2026-09-01,False,False,True,True,2
kr_exports_sa_yoy|bdtanh|w60,kr_tech_demand,kr_exports_sa,yoy,12,M,60,bdtanh,60,o2o,2,1,0.05197526001676747,0.36079136832789066,0.13339020896371945,0.14679047113063576,0.17594266718702203,0.5769230769230769,-1.2834743818214027,26,0.07232871690242454,0.027958628174493474,0.677011278813124,-114.01646169178146,6020,11.064388964462555,99.77283790361837,6163,2001-08-21,2026-09-01,False,False,True,True,2
kr_exports_sa_yoy|bdtanh|w60,kr_tech_demand,kr_exports_sa,yoy,12,M,60,bdtanh,60,ongap,2,-1,0.9653677677772631,-0.7481124479037444,-0.5608730325292454,-0.5316868923648311,-0.5441590423109766,0.3,-1.6489420598612246,10,-0.10880109645333523,-0.013280098745254033,0.6537785230964721,-38.403253756641895,1569,10.867809571858505,99.73498233215548,2264,2017-05-16,2026-09-01,False,False,True,True,2
kr_exports_sa_yoy|bdtanh|w120,kr_tech_demand,kr_exports_sa,yoy,12,M,60,bdtanh,120,c2c,2,-1,0.06211170709037156,-0.7190017646675673,-0.1644937370557169,-0.1542775581440229,-0.2466295263338537,0.46153846153846156,-4.1513954572468155,26,-0.0959681697758988,-0.04224860875943628,0.6609612174583884,-132.58235281770723,4178,8.221912434636126,99.42931681069624,6133,2001-10-08,2026-09-01,False,False,True,True,2
kr_exports_sa_yoy|bdtanh|w120,kr_tech_demand,kr_exports_sa,yoy,12,M,60,bdtanh,120,day,2,-1,0.06540477210740112,-0.18187749402108724,0.007897677968598055,0.02091275453923887,-0.07026822826629964,0.46153846153846156,-2.951502092071973,26,-0.1376153887069993,-0.04224860875943628,0.6609612174583884,-47.680322331104804,3787,8.221912434636126,99.42931681069624,6133,2001-10-08,2026-09-01,False,False,True,True,2
kr_exports_sa_yoy|bdtanh|w120,kr_tech_demand,kr_exports_sa,yoy,12,M,60,bdtanh,120,o2o,2,-1,0.0982218313204729,-0.7358052331906092,-0.13125779144095034,-0.12129807957051086,-0.2362798277918942,0.4230769230769231,-3.381763170842471,26,-0.0912748308227979,-0.04224860875943628,0.6609612174583884,-122.14242996672647,2602,8.221912434636126,99.42931681069624,6133,2001-10-08,2026-09-01,False,False,True,True,2
kr_exports_sa_yoy|bdtanh|w120,kr_tech_demand,kr_exports_sa,yoy,12,M,60,bdtanh,120,ongap,2,-1,1.0716218795091947,-0.7855008249684887,-0.5460857545202618,-0.5267628808384581,-0.40724311089922915,0.4,-1.8684497400090911,10,-0.08909342979916919,0.001438607934354155,0.6574924941024644,-43.26557153179664,1569,7.613804355225649,99.24911660777384,2264,2017-05-16,2026-09-01,False,False,True,True,2
kr_exports_sa_yoy|bdtanh|w252,kr_tech_demand,kr_exports_sa,yoy,12,M,60,bdtanh,252,c2c,2,-1,0.28969852795992856,-0.7627062916392346,-0.03491602936044136,-0.027468991310215102,-0.12446146626322273,0.36,-2.4552913078277405,25,-0.10730997655201929,-0.032943727111198785,0.6853471365881497,-145.81656514875885,3788,5.9485311525565265,99.50552167463326,6067,2002-01-10,2026-09-01,False,False,True,True,2
kr_exports_sa_yoy|bdtanh|w252,kr_tech_demand,kr_exports_sa,yoy,12,M,60,bdtanh,252,day,2,-1,0.12425340069948397,-0.33201443074682463,0.009602716160245918,0.019315042322990812,-0.06345797621409748,0.36,-1.368489289596054,25,-0.15170956930037943,-0.032943727111198785,0.6853471365881497,-70.31243254362809,4267,5.9485311525565265,99.50552167463326,6067,2002-01-10,2026-09-01,False,False,False,True,1
kr_exports_sa_yoy|bdtanh|w252,kr_tech_demand,kr_exports_sa,yoy,12,M,60,bdtanh,252,o2o,2,-1,0.2984212603560903,-0.7899589254367496,-0.028480581121472802,-0.021152592157117,-0.1288135636076747,0.44,-2.4135239133188615,25,-0.1226636541936528,-0.032943727111198785,0.6853471365881497,-138.72409077905658,3812,5.9485311525565265,99.50552167463326,6067,2002-01-10,2026-09-01,False,False,True,True,2
kr_exports_sa_yoy|bdtanh|w252,kr_tech_demand,kr_exports_sa,yoy,12,M,60,bdtanh,252,ongap,2,-1,0.9106577807140872,-0.8865571617926686,-0.7042781390098228,-0.6917507354477398,-0.3725286302353773,0.4,-2.1532660778927477,10,-0.04224915082191235,0.01571022206666444,0.6788050238092934,-48.19980035171392,1569,4.929239758212814,99.86749116607774,2264,2017-05-16,2026-09-01,False,False,True,True,2
kr_exports_sa_yoy|rankc|w60,kr_tech_demand,kr_exports_sa,yoy,12,M,60,rankc,60,c2c,2,1,0.0649195049869258,0.08496956752925043,0.07071192801741259,0.08680177543704588,0.13716654798274686,0.5769230769230769,-1.6961661996522763,26,0.07006529486075719,0.03821101820557373,0.6399014251739888,-110.79133248483926,6001,12.31946484125453,99.43209475904592,6163,2001-08-21,2026-09-01,False,False,True,True,2
kr_exports_sa_yoy|rankc|w60,kr_tech_demand,kr_exports_sa,yoy,12,M,60,rankc,60,day,2,1,-0.020484962711394127,-0.2647804203573724,-0.07908587384400917,-0.058377905962035105,-0.03891210007296568,0.46153846153846156,-1.9022243123871476,26,0.1022865622804639,0.03821101820557373,0.6399014251739888,-73.61917049169959,5990,12.31946484125453,99.43209475904592,6163,2001-08-21,2026-09-01,False,False,True,True,2
kr_exports_sa_yoy|rankc|w60,kr_tech_demand,kr_exports_sa,yoy,12,M,60,rankc,60,o2o,2,1,0.021677708926798947,-0.006963224538522349,0.013738055040954251,0.029492164810194996,0.090615554500834,0.5384615384615384,-1.5689563141323997,26,0.09774929603917591,0.03821101820557373,0.6399014251739888,-113.70237497578921,6003,12.31946484125453,99.43209475904592,6163,2001-08-21,2026-09-01,False,False,True,True,2
kr_exports_sa_yoy|rankc|w60,kr_tech_demand,kr_exports_sa,yoy,12,M,60,rankc,60,ongap,2,-1,0.1984110189600915,-0.49739781926395643,-0.4207419688626728,-0.38554577062696094,-0.7155033835132724,0.3,-1.407337091731596,10,-0.07334159073336266,-0.020346415748477197,0.6243097074137336,-26.728900385983074,1569,12.35516507556867,99.64664310954063,2264,2017-05-16,2026-09-01,False,False,True,True,2
kr_exports_sa_yoy|rankc|w120,kr_tech_demand,kr_exports_sa,yoy,12,M,60,rankc,120,c2c,2,-1,0.06232654428027273,-0.510604383495925,-0.10470772757454402,-0.09303314300429417,-0.2593712856660406,0.5,-3.755512440364077,26,-0.08211802860827659,-0.0401641864765753,0.651889775434352,-109.42379918158744,4178,9.28254928596586,99.49453774661666,6133,2001-10-08,2026-09-01,False,False,True,True,2
kr_exports_sa_yoy|rankc|w120,kr_tech_demand,kr_exports_sa,yoy,12,M,60,rankc,120,day,2,-1,0.08656972739497228,-0.0816075650996176,0.04592311663007949,0.060846130510240626,-0.07305100341929668,0.38461538461538464,-2.567735913663651,26,-0.11860924812389549,-0.0401641864765753,0.651889775434352,-48.99262235596319,3654,9.28254928596586,99.49453774661666,6133,2001-10-08,2026-09-01,False,False,True,True,2
kr_exports_sa_yoy|rankc|w120,kr_tech_demand,kr_exports_sa,yoy,12,M,60,rankc,120,o2o,2,-1,0.10200550005304984,-0.47937973746621865,-0.05976988265491013,-0.04833034722605934,-0.22654783700320621,0.5,-2.8568811362395024,26,-0.07708811753076814,-0.0401641864765753,0.651889775434352,-97.53761829378811,4173,9.28254928596586,99.49453774661666,6133,2001-10-08,2026-09-01,False,False,True,True,2
kr_exports_sa_yoy|rankc|w120,kr_tech_demand,kr_exports_sa,yoy,12,M,60,rankc,120,ongap,2,-1,1.136557524314375,-0.704175677117013,-0.4989806550675613,-0.4737709587052173,-0.37044574485815684,0.3,-1.591787016797434,10,-0.038827717494976086,0.01965715233745233,0.6501917792360764,-36.269662869511585,1569,9.456067238647027,99.42579505300353,2264,2017-05-16,2026-09-01,False,False,True,True,2
kr_exports_sa_yoy|rankc|w252,kr_tech_demand,kr_exports_sa,yoy,12,M,60,rankc,252,c2c,2,-1,0.2868520944555677,-0.636822708239131,0.0024387669999011356,0.01091697163720463,-0.11492141490128525,0.4,-2.3500283106244573,25,-0.10985675907718945,-0.02806210104842061,0.68554160531084,-131.83948156363178,4178,6.903836167723444,99.4890390637877,6067,2002-01-10,2026-09-01,False,False,True,True,2
kr_exports_sa_yoy|rankc|w252,kr_tech_demand,kr_exports_sa,yoy,12,M,60,rankc,252,day,2,-1,0.17972610633906372,-0.22658616269312384,0.07739877949387179,0.08840851581509888,-0.004819386496585557,0.4,-1.3049903863253611,25,-0.15963245815372612,-0.02806210104842061,0.68554160531084,-63.40496002800544,3637,6.903836167723444,99.4890390637877,6067,2002-01-10,2026-09-01,False,False,False,True,1
kr_exports_sa_yoy|rankc|w252,kr_tech_demand,kr_exports_sa,yoy,12,M,60,rankc,252,o2o,2,-1,0.30281980054806945,-0.6577320497034856,0.01594177023422326,0.0243211513749405,-0.10505274089168669,0.44,-2.3305947443299337,25,-0.12402944035037831,-0.02806210104842061,0.68554160531084,-123.45859900461689,4173,6.903836167723444,99.4890390637877,6067,2002-01-10,2026-09-01,False,False,True,True,2
kr_exports_sa_yoy|rankc|w252,kr_tech_demand,kr_exports_sa,yoy,12,M,60,rankc,252,ongap,2,-1,0.685718449325445,-0.8106218716758326,-0.6551326160210378,-0.6390486194499099,-0.4571865035680474,0.3,-2.1161589204840654,10,0.010953701900011475,0.06035881420252683,0.6804769239536107,-44.11944262735379,1569,6.416421144475746,99.64664310954063,2264,2017-05-16,2026-09-01,False,False,True,True,2
kr_exports_sa_yoy|signth|w60,kr_tech_demand,kr_exports_sa,yoy,12,M,60,signth,60,c2c,2,1,0.008958615322075248,0.5167637457569668,0.15430344659849315,0.16713725812718586,0.19562839061010537,0.5769230769230769,-1.6764980599624486,26,0.0702228777624289,0.02665459911806694,0.6746241698600967,-117.66708313374343,5936,10.198015253097939,99.49935400516796,6192,2001-07-10,2026-09-01,False,False,True,True,2
kr_exports_sa_yoy|signth|w60,kr_tech_demand,kr_exports_sa,yoy,12,M,60,signth,60,day,2,-1,0.011648660129333589,0.11206178130753698,0.03469055791582367,0.0509466144791282,0.04153310543619253,0.38461538461538464,-1.900586150977638,26,-0.08249616179237022,-0.02665459911806694,0.6746241698600967,-41.62948847225776,4174,10.198015253097939,99.49935400516796,6192,2001-07-10,2026-09-01,False,False,True,True,2
kr_exports_sa_yoy|signth|w60,kr_tech_demand,kr_exports_sa,yoy,12,M,60,signth,60,o2o,2,1,-0.0008135215024994459,0.5476471344839532,0.1470416755989988,0.1595528996712174,0.20531995468550399,0.6153846153846154,-1.295098130026456,26,0.062267324315481966,0.02665459911806694,0.6746241698600967,-109.80720855201187,5939,10.198015253097939,99.49935400516796,6192,2001-07-10,2026-09-01,False,False,True,True,2
kr_exports_sa_yoy|signth|w60,kr_tech_demand,kr_exports_sa,yoy,12,M,60,signth,60,ongap,2,-1,0.7063851500589315,-0.7560916405211638,-0.6004331648773645,-0.5726646504307946,-0.5920127247347762,0.3,-2.0035940634722085,10,-0.09965780448557532,-0.013353019647626335,0.6673627780165721,-38.89070371932093,1569,10.088076496489988,99.77915194346289,2264,2017-05-16,2026-09-01,False,False,True,True,2
kr_exports_sa_yoy|signth|w120,kr_tech_demand,kr_exports_sa,yoy,12,M,60,signth,120,c2c,2,-1,0.19909736444601014,-0.6845084461535176,-0.05604793274847344,-0.04666696458129288,-0.17160522078101034,0.38461538461538464,-2.1442567131670383,26,-0.02317710120566421,-0.012856180981991351,0.6780347170288075,-137.36796398066156,4178,7.591468636847914,99.53165374677002,6192,2001-07-10,2026-09-01,False,False,True,True,2
kr_exports_sa_yoy|signth|w120,kr_tech_demand,kr_exports_sa,yoy,12,M,60,signth,120,day,2,-1,0.1755864906501085,-0.14307830584648337,0.09997793070496261,0.11188612448079349,0.029668807562610887,0.38461538461538464,-1.139250726056491,26,-0.01704069733060022,-0.012856180981991351,0.6780347170288075,-54.46458456433228,3654,7.591468636847914,99.53165374677002,6192,2001-07-10,2026-09-01,False,False,True,True,2
kr_exports_sa_yoy|signth|w120,kr_tech_demand,kr_exports_sa,yoy,12,M,60,signth,120,o2o,2,-1,0.2529137481443614,-0.669855791207307,0.0002729607805344635,0.009483422944225842,-0.13263630411860836,0.5,-2.0824181532907735,26,0.0020264580998251877,-0.012856180981991351,0.6780347170288075,-125.50286864704803,4173,7.591468636847914,99.53165374677002,6192,2001-07-10,2026-09-01,False,False,True,True,2
kr_exports_sa_yoy|signth|w120,kr_tech_demand,kr_exports_sa,yoy,12,M,60,signth,120,ongap,2,-1,0.9610865192233321,-0.7378315044640461,-0.5422774170400594,-0.5242015693156584,-0.4401595806171151,0.3,-2.134859259209673,10,-0.09873918773782427,0.010300081598738187,0.6778436109413617,-40.341477538740975,1569,6.902148109130128,99.69081272084806,2264,2017-05-16,2026-09-01,False,False,True,True,2
kr_exports_sa_yoy|signth|w252,kr_tech_demand,kr_exports_sa,yoy,12,M,60,signth,252,c2c,2,-1,0.4925606814501834,-0.7794176717639296,0.12238642014403348,0.12924419748251925,0.025430433945807754,0.4230769230769231,-2.45772685240215,26,-0.03860177028284685,-0.017148172923909785,0.6858112372546922,-144.5680642016483,3788,5.601733587529649,98.07472670908794,6129,2001-10-15,2026-09-01,False,False,True,True,2
kr_exports_sa_yoy|signth|w252,kr_tech_demand,kr_exports_sa,yoy,12,M,60,signth,252,day,2,-1,0.29413928670626716,-0.38958930938032543,0.13300836367957386,0.14182026257387287,0.07768304771720277,0.5,-1.506014219240071,26,-0.051876573837114484,-0.017148172923909785,0.6858112372546922,-72.05182637467753,4267,5.601733587529649,98.07472670908794,6129,2001-10-15,2026-09-01,False,False,True,True,2
kr_exports_sa_yoy|signth|w252,kr_tech_demand,kr_exports_sa,yoy,12,M,60,signth,252,o2o,2,-1,0.48536091012972254,-0.8392899573449298,0.11813658090299299,0.12484776450300435,-0.013691719453816276,0.4230769230769231,-2.4441896300983355,26,-0.030497226643199444,-0.017148172923909785,0.6858112372546922,-141.47088081568216,3812,5.601733587529649,98.07472670908794,6129,2001-10-15,2026-09-01,False,False,True,True,2
kr_exports_sa_yoy|signth|w252,kr_tech_demand,kr_exports_sa,yoy,12,M,60,signth,252,ongap,2,-1,1.2059678759937587,-0.8938210702654896,-0.6593880887992191,-0.6483889558812753,-0.4538235105282566,0.2,-2.1588564465650597,10,-0.08644819207952628,-0.01299163106725157,0.6349697814800368,-45.245283450651364,1569,4.361684207610925,94.92049469964664,2264,2017-05-16,2026-09-01,False,False,True,True,2
kr_exports_sa_yoy|dev|w60,kr_tech_demand,kr_exports_sa,yoy,12,M,60,dev,60,c2c,2,1,0.08906956890913047,0.6051568044918681,0.2326677111968145,0.24625634779661498,0.2411954156150382,0.6153846153846154,-1.4549751334623002,26,0.06723288389407527,0.04361900448067324,0.5993008654075431,-102.50624176985778,5931,10.296890366868956,99.18870679863703,6163,2001-08-21,2026-09-01,False,False,True,True,2
kr_exports_sa_yoy|dev|w60,kr_tech_demand,kr_exports_sa,yoy,12,M,60,dev,60,day,2,1,0.0008629541905114212,0.036018114209635514,0.008583471773595471,0.02581545257379766,0.007698225655260566,0.5,-2.1413684397221635,26,0.09939322743123025,0.04361900448067324,0.5993008654075431,-72.30251865143534,6001,10.296890366868956,99.18870679863703,6163,2001-08-21,2026-09-01,False,False,True,True,2
kr_exports_sa_yoy|dev|w60,kr_tech_demand,kr_exports_sa,yoy,12,M,60,dev,60,o2o,2,1,0.03617698045191339,0.6072173922363634,0.1869557433380902,0.19999992404595066,0.23277447544035149,0.6153846153846154,-1.4316543905897121,26,0.07438586559162731,0.04361900448067324,0.5993008654075431,-101.58318875665553,5988,10.296890366868956,99.18870679863703,6163,2001-08-21,2026-09-01,False,False,True,True,2
kr_exports_sa_yoy|dev|w60,kr_tech_demand,kr_exports_sa,yoy,12,M,60,dev,60,ongap,2,-1,1.2033914018635115,-0.696788496306675,-0.5026173529907882,-0.47505422371990624,-0.4102014890761026,0.3,-1.6317300223608682,10,-0.07334185016165273,-0.0522077551751328,0.5654251774145963,-34.99002196721089,1482,9.989938857828639,98.85159010600707,2264,2017-05-16,2026-09-01,False,False,True,True,2
kr_exports_sa_yoy|dev|w120,kr_tech_demand,kr_exports_sa,yoy,12,M,60,dev,120,c2c,2,-1,0.09473535453421761,-0.7981142536960351,-0.17195643925750756,-0.16206853393850248,-0.2783085432038436,0.38461538461538464,-3.9790120169444116,26,-0.10439956132569497,-0.05477098797254011,0.645173525808809,-137.17814175436598,4220,7.8758074715572945,99.73911625631828,6133,2001-10-08,2026-09-01,False,False,True,True,2
kr_exports_sa_yoy|dev|w120,kr_tech_demand,kr_exports_sa,yoy,12,M,60,dev,120,day,2,-1,0.08579899588508605,-0.20173947161411987,0.01676594130795983,0.02947082353616827,-0.08149210356837101,0.4230769230769231,-2.911672353040457,26,-0.1414842863951177,-0.05477098797254011,0.645173525808809,-51.476020505629286,3654,7.8758074715572945,99.73911625631828,6133,2001-10-08,2026-09-01,False,False,True,True,2
kr_exports_sa_yoy|dev|w120,kr_tech_demand,kr_exports_sa,yoy,12,M,60,dev,120,o2o,2,-1,0.13417230327782093,-0.7985946933648843,-0.1337704122112447,-0.12415929109438426,-0.25405088403802145,0.4230769230769231,-3.2380042666557314,26,-0.10369831757196132,-0.05477098797254011,0.645173525808809,-126.85116701614163,2647,7.8758074715572945,99.73911625631828,6133,2001-10-08,2026-09-01,False,False,True,True,2
kr_exports_sa_yoy|dev|w120,kr_tech_demand,kr_exports_sa,yoy,12,M,60,dev,120,ongap,2,-1,1.2901540607336108,-0.8314696902840103,-0.5942075747913019,-0.5766345699336255,-0.34910214667190576,0.3,-1.9509300674254004,10,-0.09024823493858285,-0.046436640667951105,0.6535402618148886,-44.855972481134394,1569,7.160863550996982,99.82332155477032,2264,2017-05-16,2026-09-01,False,False,True,True,2
kr_exports_sa_yoy|dev|w252,kr_tech_demand,kr_exports_sa,yoy,12,M,60,dev,252,c2c,2,-1,0.30632138982062646,-0.7189757681826177,-0.01751778664343844,-0.01033086640623836,-0.12885083705722752,0.4,-2.2875315857222827,25,-0.13142993098351913,-0.045251964622903165,0.6974532110627988,-148.7998293972081,4178,6.028583196922435,99.62089995055217,6067,2002-01-10,2026-09-01,False,False,True,True,2
kr_exports_sa_yoy|dev|w252,kr_tech_demand,kr_exports_sa,yoy,12,M,60,dev,252,day,2,-1,0.14268216737692066,-0.2517449270190719,0.04021521897265091,0.04963237345009286,-0.05841530820572137,0.44,-1.2534882666946607,25,-0.17315579852115065,-0.045251964622903165,0.6974532110627988,-73.2219730910921,4267,6.028583196922435,99.62089995055217,6067,2002-01-10,2026-09-01,False,False,False,True,1
kr_exports_sa_yoy|dev|w252,kr_tech_demand,kr_exports_sa,yoy,12,M,60,dev,252,o2o,2,-1,0.3328642544203481,-0.7334463740931195,0.004205310101826416,0.011266313116069184,-0.11937437743194527,0.48,-2.1863055378891367,25,-0.14419539770950981,-0.045251964622903165,0.6974532110627988,-137.18630870241287,4173,6.028583196922435,99.62089995055217,6067,2002-01-10,2026-09-01,False,False,True,True,2
kr_exports_sa_yoy|dev|w252,kr_tech_demand,kr_exports_sa,yoy,12,M,60,dev,252,ongap,2,-1,0.9299865783958048,-0.8460634177939578,-0.6752764051719813,-0.6624388652953864,-0.3595092047937659,0.3,-2.247208711542257,10,-0.08365593792577534,-0.01692946319699509,0.6975440425317306,-50.35495379382656,1569,5.391308920172574,99.69081272084806,2264,2017-05-16,2026-09-01,False,False,True,True,2
kr_exports_yoy|selfz|w60,kr_tech_demand,kr_exports,yoy,12,M,60,selfz,60,c2c,2,1,0.044491253069112495,0.4054339719858985,0.13900794711602868,0.15532995787044693,0.19285997811547792,0.5,-1.2717848168251789,26,0.05880173448126611,0.023351832799549513,0.5990853797612413,-83.88898489343003,6001,11.65933000274887,99.49699821515495,6163,2001-08-21,2026-09-01,False,False,True,True,2
kr_exports_yoy|selfz|w60,kr_tech_demand,kr_exports,yoy,12,M,60,selfz,60,day,2,-1,-0.007822544740198455,0.20968744719486643,0.03742718297567535,0.05775065327563452,0.06146215987961307,0.6153846153846154,-2.740313261160214,26,-0.08323431383055448,-0.023351832799549513,0.5990853797612413,-49.93826615902103,2091,11.65933000274887,99.49699821515495,6163,2001-08-21,2026-09-01,False,False,True,True,2
kr_exports_yoy|selfz|w60,kr_tech_demand,kr_exports,yoy,12,M,60,selfz,60,o2o,2,1,0.03127515110810058,0.35019874361925235,0.1129231048114852,0.1282812159309762,0.18867264476764004,0.46153846153846156,-1.235378251280897,26,0.07527889231646726,0.023351832799549513,0.5990853797612413,-75.77175888205933,6061,11.65933000274887,99.49699821515495,6163,2001-08-21,2026-09-01,False,False,True,True,2
kr_exports_yoy|selfz|w60,kr_tech_demand,kr_exports,yoy,12,M,60,selfz,60,ongap,2,-1,0.8538361726144302,-0.6587353394914516,-0.47916022790725865,-0.44614459479991947,-0.5049337519151168,0.3,-1.353797097263822,10,-0.13013968013339122,-0.008764002067653072,0.5811582507235803,-28.84924722926528,1569,11.452623644329691,99.29328621908127,2264,2017-05-16,2026-09-01,False,False,True,True,2
kr_exports_yoy|selfz|w120,kr_tech_demand,kr_exports,yoy,12,M,60,selfz,120,c2c,2,-1,0.0811041374384711,-0.6757705749343198,-0.13508049926071097,-0.1238877544675376,-0.2241048223787606,0.34615384615384615,-4.8376877205373825,26,-0.10924758923996535,-0.026814090214909003,0.6161290946064696,-121.60379614753258,4058,8.383225685420225,99.3804011087559,6133,2001-10-08,2026-09-01,False,False,True,True,2
kr_exports_yoy|selfz|w120,kr_tech_demand,kr_exports,yoy,12,M,60,selfz,120,day,2,-1,0.02403608747270711,-0.17215782226503842,-0.02086348849392386,-0.006629564286314061,-0.06895878819753366,0.5,-3.3131028771436704,26,-0.13859043221072648,-0.026814090214909003,0.6161290946064696,-38.78307796534342,4058,8.383225685420225,99.3804011087559,6133,2001-10-08,2026-09-01,False,False,True,True,2
kr_exports_yoy|selfz|w120,kr_tech_demand,kr_exports,yoy,12,M,60,selfz,120,o2o,2,-1,0.09547411230293913,-0.6221915382676181,-0.10549297639621742,-0.0947932702720843,-0.2240896677744231,0.4230769230769231,-4.006860083097045,26,-0.12056769507013002,-0.026814090214909003,0.6161290946064696,-110.34261993883665,4057,8.383225685420225,99.3804011087559,6133,2001-10-08,2026-09-01,False,False,True,True,2
kr_exports_yoy|selfz|w120,kr_tech_demand,kr_exports,yoy,12,M,60,selfz,120,ongap,2,-1,0.8596421706606305,-0.7568811971030845,-0.5453973031330615,-0.5244723219779457,-0.4882937827481824,0.4,-1.6930237051189054,10,-0.08206877434443316,0.00817280729142696,0.6108375509743559,-37.884736051520846,1569,8.26005501780896,99.38162544169612,2264,2017-05-16,2026-09-01,False,False,True,True,2
kr_exports_yoy|selfz|w252,kr_tech_demand,kr_exports,yoy,12,M,60,selfz,252,c2c,2,-1,0.2715860089168364,-0.593449603160842,9.020299993990117e-05,0.008789285438042452,-0.1226300722315306,0.4,-2.42058487199098,25,-0.11451433780210314,-0.04070734415210387,0.6323037850607843,-122.62912153769605,4058,6.6610752032056775,99.60441733970661,6067,2002-01-10,2026-09-01,False,False,True,True,2
kr_exports_yoy|selfz|w252,kr_tech_demand,kr_exports,yoy,12,M,60,selfz,252,day,2,-1,0.14397578125924385,-0.20174614285873393,0.05581393624875567,0.06724586569669962,-0.016479526790711643,0.4,-1.4462785145694508,25,-0.13854070816555175,-0.04070734415210387,0.6323037850607843,-55.21234324750443,4058,6.6610752032056775,99.60441733970661,6067,2002-01-10,2026-09-01,False,False,True,True,2
kr_exports_yoy|selfz|w252,kr_tech_demand,kr_exports,yoy,12,M,60,selfz,252,o2o,2,-1,0.26978479141699746,-0.5844633939688458,0.009212924587907404,0.017692653853432026,-0.12213087489112662,0.56,-2.3475980060891803,25,-0.11466610013112684,-0.04070734415210387,0.6323037850607843,-117.99919163039105,4057,6.6610752032056775,99.60441733970661,6067,2002-01-10,2026-09-01,False,False,True,True,2
kr_exports_yoy|selfz|w252,kr_tech_demand,kr_exports,yoy,12,M,60,selfz,252,ongap,2,-1,0.946528381044883,-0.7306616746327655,-0.5590514133892708,-0.5447753723783402,-0.4086296578147769,0.5,-1.9673361662550954,10,-0.04845117913873426,0.008598191883397867,0.6202125492632907,-39.51258048638358,1569,5.87922070978413,99.60247349823321,2264,2017-05-16,2026-09-01,False,False,True,True,2
kr_exports_yoy|robustz|w60,kr_tech_demand,kr_exports,yoy,12,M,60,robustz,60,c2c,2,1,0.08988933920143143,0.35985895038456045,0.1627109399496271,0.17823562396180354,0.2580299385311643,0.5384615384615384,-1.4131161644191925,26,-0.001963083609610003,0.03745907928230633,0.41810202711408817,-59.210639419853095,5546,8.672353754595077,98.57703631010794,6114,2001-10-05,2026-09-01,False,False,True,True,2
kr_exports_yoy|robustz|w60,kr_tech_demand,kr_exports,yoy,12,M,60,robustz,60,day,2,1,0.029247413403091067,0.044392462676075176,0.03168988559655847,0.05088646912535074,0.06820981494768981,0.4230769230769231,-1.4035727504883166,26,0.027961126039673788,0.03745907928230633,0.41810202711408817,-42.87376337358153,4310,8.672353754595077,98.57703631010794,6114,2001-10-05,2026-09-01,False,False,True,True,2
kr_exports_yoy|robustz|w60,kr_tech_demand,kr_exports,yoy,12,M,60,robustz,60,o2o,2,1,0.1224670339877331,0.3520451402064092,0.18022562074390963,0.1947943571936978,0.29670822127953334,0.5384615384615384,-1.1691135954581555,26,0.02795760270319137,0.03745907928230633,0.41810202711408817,-47.41074653837706,5433,8.672353754595077,98.57703631010794,6114,2001-10-05,2026-09-01,False,False,True,True,2
kr_exports_yoy|robustz|w60,kr_tech_demand,kr_exports,yoy,12,M,60,robustz,60,ongap,2,-1,0.4285419291581657,-0.540981886400254,-0.4063747292287853,-0.3763859034019289,-0.3847836486258557,0.3,-1.544709468100515,10,0.022077198096736205,0.008831727351123423,0.3877855527703691,-24.15936284371773,1492,8.124471480779716,99.01960784313727,2244,2017-05-16,2026-09-01,False,False,True,True,2
kr_exports_yoy|robustz|w120,kr_tech_demand,kr_exports,yoy,12,M,60,robustz,120,c2c,2,-1,0.1975512508215692,-0.4575428916908282,-0.0013885999495927984,0.011401871377255053,-0.08828998205449463,0.4,-1.8066292260432522,25,0.011119322259593695,-0.0009341695523894696,0.5543073841863203,-91.23233478282269,4058,8.394764167276437,99.19328284491274,6074,2001-12-31,2026-09-01,False,False,True,True,2
kr_exports_yoy|robustz|w120,kr_tech_demand,kr_exports,yoy,12,M,60,robustz,120,day,2,-1,0.1242757951619048,-0.07615079779685996,0.07338300754506837,0.08997843467526237,0.10665150540459822,0.56,-1.4649615426623583,25,-0.00015544095661813883,-0.0009341695523894696,0.5543073841863203,-34.76071400919103,2428,8.394764167276437,99.19328284491274,6074,2001-12-31,2026-09-01,False,False,True,True,2
kr_exports_yoy|robustz|w120,kr_tech_demand,kr_exports,yoy,12,M,60,robustz,120,o2o,2,-1,0.22028468062424936,-0.42952194992641535,0.02680053702370372,0.039256831910947275,-0.08546177353824731,0.44,-1.7708525404536164,25,0.0059032288851097675,-0.0009341695523894696,0.5543073841863203,-84.48499096202711,4057,8.394764167276437,99.19328284491274,6074,2001-12-31,2026-09-01,False,False,True,True,2
kr_exports_yoy|robustz|w120,kr_tech_demand,kr_exports,yoy,12,M,60,robustz,120,ongap,2,-1,0.9226087941625332,-0.6354212591220502,-0.42925019299615524,-0.406908591984877,-0.3186885434092745,0.4,-1.7908046268822557,10,-0.01791814983637908,0.02890354289863151,0.5741581482946274,-33.586093206566375,1569,7.979618875777387,99.16077738515902,2264,2017-05-16,2026-09-01,False,False,True,True,2
kr_exports_yoy|robustz|w252,kr_tech_demand,kr_exports,yoy,12,M,60,robustz,252,c2c,2,-1,0.268203447970384,-0.43122561702335477,0.0351392103027562,0.04414876079818228,-0.08168281943874922,0.4,-2.32988707033665,25,-0.07178818170395838,-0.00941710336506836,0.661074197023187,-119.9657941115753,4058,6.979637452985222,99.44463143722653,5942,2002-07-18,2026-09-01,False,False,True,True,2
kr_exports_yoy|robustz|w252,kr_tech_demand,kr_exports,yoy,12,M,60,robustz,252,day,2,-1,0.10277846351473083,-0.1502171030716294,0.03230623627695859,0.04450695677878661,-0.030166084543971787,0.4,-1.4185093271084759,25,-0.08926469350890559,-0.00941710336506836,0.661074197023187,-62.466885141705916,4058,6.979637452985222,99.44463143722653,5942,2002-07-18,2026-09-01,False,False,True,True,2
kr_exports_yoy|robustz|w252,kr_tech_demand,kr_exports,yoy,12,M,60,robustz,252,o2o,2,-1,0.252992922637684,-0.4429970984655561,0.025001318212519396,0.03390867646161831,-0.09701219202890747,0.48,-2.2117523955574994,25,-0.07894216652291816,-0.00941710336506836,0.661074197023187,-120.13897758781984,4057,6.979637452985222,99.44463143722653,5942,2002-07-18,2026-09-01,False,False,True,True,2
kr_exports_yoy|robustz|w252,kr_tech_demand,kr_exports,yoy,12,M,60,robustz,252,ongap,2,-1,1.0424934890444413,-0.7174791847363947,-0.5432224619798476,-0.5294879930369588,-0.2799389714279891,0.5,-2.107429286733125,10,-0.05769442351686336,0.036939970373853194,0.6779901094293183,-40.82766022087847,1569,5.630807606995929,99.51413427561837,2264,2017-05-16,2026-09-01,False,False,True,True,2
kr_exports_yoy|bdtanh|w60,kr_tech_demand,kr_exports,yoy,12,M,60,bdtanh,60,c2c,2,1,0.09429589952926334,0.5378247325311996,0.21454466902177396,0.22839386950570464,0.24151873673519875,0.5384615384615384,-1.385201916001519,26,0.08055181771811971,0.02654157118678445,0.6810022302420581,-73.75417707282071,5796,10.962422565663802,99.74038617556384,6163,2001-08-21,2026-09-01,False,False,True,True,2
kr_exports_yoy|bdtanh|w60,kr_tech_demand,kr_exports,yoy,12,M,60,bdtanh,60,day,2,-1,-0.010300209646631886,0.10976777168231996,0.0161176162947872,0.03357234429092146,0.03809261889487209,0.5384615384615384,-2.900742147442142,26,-0.09383029129245093,-0.02654157118678445,0.6810022302420581,-49.17514245926286,2688,10.962422565663802,99.74038617556384,6163,2001-08-21,2026-09-01,False,False,True,True,2
kr_exports_yoy|bdtanh|w60,kr_tech_demand,kr_exports,yoy,12,M,60,bdtanh,60,o2o,2,1,0.08710527651127634,0.4528974214681479,0.18314016875072153,0.19632931279624255,0.2380525311155734,0.5,-1.2465038401319455,26,0.08850515822327047,0.02654157118678445,0.6810022302420581,-64.80937092943023,5956,10.962422565663802,99.74038617556384,6163,2001-08-21,2026-09-01,False,False,True,True,2
kr_exports_yoy|bdtanh|w60,kr_tech_demand,kr_exports,yoy,12,M,60,bdtanh,60,ongap,2,-1,0.8235733649616525,-0.7839760049332528,-0.5808390993966612,-0.5536689596535531,-0.5863383605030221,0.3,-1.721934454223906,10,-0.18510898151201552,-0.02103958805251032,0.6756685175110204,-38.44784719555749,1569,10.604591447854869,99.69081272084806,2264,2017-05-16,2026-09-01,False,False,False,True,1
kr_exports_yoy|bdtanh|w120,kr_tech_demand,kr_exports,yoy,12,M,60,bdtanh,120,c2c,2,-1,0.06988137185292138,-0.6950501392605319,-0.1507845408922545,-0.14076543295838562,-0.23387941646807694,0.34615384615384615,-4.753558065174758,26,-0.12221153033919836,-0.031552941898725526,0.6765831544293569,-133.55438899169363,4058,7.9894982985440715,99.49453774661666,6133,2001-10-08,2026-09-01,False,False,True,True,2
kr_exports_yoy|bdtanh|w120,kr_tech_demand,kr_exports,yoy,12,M,60,bdtanh,120,day,2,-1,0.05781180599195555,-0.225367817406691,-0.00843648418945018,0.004407626363893036,-0.06110436589560018,0.46153846153846156,-3.2602990471699442,26,-0.14850619816214478,-0.031552941898725526,0.6765831544293569,-37.864822445725466,3229,7.9894982985440715,99.49453774661666,6133,2001-10-08,2026-09-01,False,False,True,True,2
kr_exports_yoy|bdtanh|w120,kr_tech_demand,kr_exports,yoy,12,M,60,bdtanh,120,o2o,2,-1,0.09062715735759164,-0.6218498176231305,-0.10870616376115912,-0.09901565360342773,-0.22381036857113631,0.38461538461538464,-3.896181185256355,26,-0.1227203923400233,-0.031552941898725526,0.6765831544293569,-117.08652064370149,4057,7.9894982985440715,99.49453774661666,6133,2001-10-08,2026-09-01,False,False,True,True,2
kr_exports_yoy|bdtanh|w120,kr_tech_demand,kr_exports,yoy,12,M,60,bdtanh,120,ongap,2,-1,0.847613843972322,-0.8669673302627563,-0.6351440387057238,-0.6162348030659136,-0.5788195926798211,0.3,-2.1156396045433357,10,-0.08904412474545675,0.00030529349355595364,0.664387135808592,-43.57692297969093,1569,7.6809210993665245,99.07243816254417,2264,2017-05-16,2026-09-01,False,False,True,True,2
kr_exports_yoy|bdtanh|w252,kr_tech_demand,kr_exports,yoy,12,M,60,bdtanh,252,c2c,2,-1,0.2074580505289741,-0.6092322264696552,-0.05567946186930581,-0.04788830844774947,-0.16375190428819944,0.44,-2.3713034169010583,25,-0.1438598447059882,-0.0496439949845022,0.6836851886759999,-134.26421073040413,4058,6.247502188184189,99.80220866985331,6067,2002-01-10,2026-09-01,False,False,True,True,2
kr_exports_yoy|bdtanh|w252,kr_tech_demand,kr_exports,yoy,12,M,60,bdtanh,252,day,2,-1,0.10386181298865178,-0.16359702145035823,0.033502373320714054,0.0438105581451764,-0.036073942332865025,0.44,-1.4817511602295679,25,-0.16786874451849515,-0.0496439949845022,0.6836851886759999,-60.810083581288154,4058,6.247502188184189,99.80220866985331,6067,2002-01-10,2026-09-01,False,False,False,True,1
kr_exports_yoy|bdtanh|w252,kr_tech_demand,kr_exports,yoy,12,M,60,bdtanh,252,o2o,2,-1,0.2105036260207455,-0.6180270078540456,-0.04731325506141669,-0.03961111553546508,-0.1713290629507717,0.48,-2.3388020580325084,25,-0.1418896815398917,-0.0496439949845022,0.6836851886759999,-130.556634084873,4057,6.247502188184189,99.80220866985331,6067,2002-01-10,2026-09-01,False,False,True,True,2
kr_exports_yoy|bdtanh|w252,kr_tech_demand,kr_exports,yoy,12,M,60,bdtanh,252,ongap,2,-1,0.8731729925278948,-0.766398641035112,-0.5936934757639253,-0.580469857657357,-0.5173913702203314,0.4,-2.1784204046792706,10,-0.0777413640309254,-0.01928424361030599,0.6858812694532795,-41.943315385922254,1569,5.610769153694707,99.77915194346289,2264,2017-05-16,2026-09-01,False,False,True,True,2
kr_exports_yoy|rankc|w60,kr_tech_demand,kr_exports,yoy,12,M,60,rankc,60,c2c,2,1,-0.0011693362955790716,0.2803715853113515,0.07846589776270886,0.09454082676656338,0.19096606866811924,0.5384615384615384,-1.4583431522402064,26,0.08654296152601737,0.03499306932142942,0.6320333140366932,-115.61063588050528,6071,12.365858219013118,99.02644815836443,6163,2001-08-21,2026-09-01,False,False,True,True,2
kr_exports_yoy|rankc|w60,kr_tech_demand,kr_exports,yoy,12,M,60,rankc,60,day,2,-1,0.019379263233314546,0.279636549714763,0.07905569993514908,0.09958832787609108,0.06970261406580648,0.5,-2.689234805771602,26,-0.10850927370884605,-0.03499306932142942,0.6320333140366932,-33.71024023408227,4058,12.365858219013118,99.02644815836443,6163,2001-08-21,2026-09-01,False,False,True,True,2
kr_exports_yoy|rankc|w60,kr_tech_demand,kr_exports,yoy,12,M,60,rankc,60,o2o,2,1,0.003773375341867025,0.20556763804969358,0.05866563912457917,0.07433501638190858,0.17864898962919537,0.5,-1.1893620525678674,26,0.10888001668114837,0.03499306932142942,0.6320333140366932,-105.34271253353369,6061,12.365858219013118,99.02644815836443,6163,2001-08-21,2026-09-01,False,False,True,True,2
kr_exports_yoy|rankc|w60,kr_tech_demand,kr_exports,yoy,12,M,60,rankc,60,ongap,2,-1,0.02685099896153104,-0.6442782936432434,-0.5694404307910518,-0.5383281571612798,-1.1005013718817171,0.2,-1.2785329625683246,10,-0.17482244305476355,-0.054922085430232186,0.6200055427488735,-30.94051536245148,1569,11.2466782380107,99.51413427561837,2264,2017-05-16,2026-09-01,False,False,False,True,1
kr_exports_yoy|rankc|w120,kr_tech_demand,kr_exports,yoy,12,M,60,rankc,120,c2c,2,-1,0.12082742937022868,-0.6659839043733073,-0.11317485895757466,-0.10169513840954617,-0.22814666985481555,0.38461538461538464,-4.778270418116721,26,-0.10553661459759898,-0.03186941675333791,0.6607134661859991,-140.01504007704608,4058,9.088313832975677,99.62497961845752,6133,2001-10-08,2026-09-01,False,False,True,True,2
kr_exports_yoy|rankc|w120,kr_tech_demand,kr_exports,yoy,12,M,60,rankc,120,day,2,-1,0.09499567155544637,-0.1760837236327485,0.029345029160267853,0.044012766583662835,-0.057323524873168566,0.46153846153846156,-3.1889772787136397,26,-0.12316377883801209,-0.03186941675333791,0.6607134661859991,-45.49784018751329,4058,9.088313832975677,99.62497961845752,6133,2001-10-08,2026-09-01,False,False,True,True,2
kr_exports_yoy|rankc|w120,kr_tech_demand,kr_exports,yoy,12,M,60,rankc,120,o2o,2,-1,0.11291059095108216,-0.5952530999164698,-0.09032644722202969,-0.07925249306661364,-0.22753088378634936,0.46153846153846156,-3.8655372839392177,26,-0.11306022692351402,-0.03186941675333791,0.6607134661859991,-124.74576468434473,4057,9.088313832975677,99.62497961845752,6133,2001-10-08,2026-09-01,False,False,True,True,2
kr_exports_yoy|rankc|w120,kr_tech_demand,kr_exports,yoy,12,M,60,rankc,120,ongap,2,-1,0.7412790963807955,-0.8677846651018317,-0.6838282956203577,-0.6613971794375129,-0.6547921530888974,0.3,-1.9989635450594443,10,-0.10878301608439563,-0.027658780060289847,0.6636884862546792,-43.791533399447644,1569,8.805138081862312,99.46996466431095,2264,2017-05-16,2026-09-01,False,False,True,True,2
kr_exports_yoy|rankc|w252,kr_tech_demand,kr_exports,yoy,12,M,60,rankc,252,c2c,2,-1,0.28938665230153093,-0.615650771572962,0.0020915006592758466,0.011216403533983867,-0.1239568805551823,0.4,-2.2390642180448284,25,-0.10096550524510085,-0.0282206987515432,0.6697079994241371,-130.40435606001418,4058,7.344473645362193,99.32421295533213,6067,2002-01-10,2026-09-01,False,False,True,True,2
kr_exports_yoy|rankc|w252,kr_tech_demand,kr_exports,yoy,12,M,60,rankc,252,day,2,-1,0.17479231258526187,-0.12536161369135337,0.09662324253258331,0.10862566529832765,0.03010952669259136,0.44,-1.445853984220108,25,-0.11278537247110847,-0.0282206987515432,0.6697079994241371,-54.07105981846999,4058,7.344473645362193,99.32421295533213,6067,2002-01-10,2026-09-01,False,False,True,True,2
kr_exports_yoy|rankc|w252,kr_tech_demand,kr_exports,yoy,12,M,60,rankc,252,o2o,2,-1,0.2738237314503283,-0.5820542799884058,0.011595562791175174,0.020524173838925328,-0.12551857291796348,0.52,-2.188215932358809,25,-0.09979587668215573,-0.0282206987515432,0.6697079994241371,-122.59989729901548,4057,7.344473645362193,99.32421295533213,6067,2002-01-10,2026-09-01,False,False,True,True,2
kr_exports_yoy|rankc|w252,kr_tech_demand,kr_exports,yoy,12,M,60,rankc,252,ongap,2,-1,0.7884427873732315,-0.8032917363523854,-0.6328053347944741,-0.6166162675391201,-0.5200568963278243,0.3,-2.1579325003118046,10,-0.08659509355071592,-0.020101649659611198,0.6668897997330434,-43.97826709546456,1569,6.75340939238642,99.46996466431095,2264,2017-05-16,2026-09-01,False,False,True,True,2
kr_exports_yoy|signth|w60,kr_tech_demand,kr_exports,yoy,12,M,60,signth,60,c2c,2,-1,0.007917149847715911,-0.7370558752225915,-0.19612638903376933,-0.18374852279960546,-0.24043555403699313,0.46153846153846156,-3.1934973217861016,26,-0.06842923198200086,-0.022142343018247627,0.6729599241958334,-122.17237817284222,4272,9.791127737532904,99.77390180878552,6192,2001-07-10,2026-09-01,False,False,True,True,2
kr_exports_yoy|signth|w60,kr_tech_demand,kr_exports,yoy,12,M,60,signth,60,day,2,-1,0.10686661886502666,-0.05012240251097981,0.07062813190162517,0.0862904138412506,0.09552591545775775,0.6153846153846154,-1.9123210577646677,26,-0.0602345757528262,-0.022142343018247627,0.6729599241958334,-32.35742054288983,2688,9.791127737532904,99.77390180878552,6192,2001-07-10,2026-09-01,False,False,True,True,2
kr_exports_yoy|signth|w60,kr_tech_demand,kr_exports,yoy,12,M,60,signth,60,o2o,2,1,-0.003924160452636563,0.6093266318698007,0.16029634739407359,0.17225563688869186,0.2206877209151004,0.5,-1.3949706748683879,26,0.05812391099320888,0.022142343018247627,0.6729599241958334,-78.13183563111896,5932,9.791127737532904,99.77390180878552,6192,2001-07-10,2026-09-01,False,False,True,True,2
kr_exports_yoy|signth|w60,kr_tech_demand,kr_exports,yoy,12,M,60,signth,60,ongap,2,-1,0.8032721224297301,-0.8451911090164865,-0.6237808892514186,-0.5994939888961014,-0.6270178287382596,0.3,-2.0106595923092305,10,-0.1848615141105353,-0.029695891047015168,0.6681450759589327,-41.02065474801483,1569,9.52560695615918,99.86749116607774,2264,2017-05-16,2026-09-01,False,False,False,True,1
kr_exports_yoy|signth|w120,kr_tech_demand,kr_exports,yoy,12,M,60,signth,120,c2c,2,-1,0.27469226596640706,-0.7751765807415041,-0.024030959582796663,-0.014830600536719139,-0.11044843345765896,0.4230769230769231,-2.3767564606554434,26,-0.0019695990396640835,0.005003051510605515,0.6762939304601752,-135.63708138540304,4058,7.264078619081689,99.45090439276485,6192,2001-07-10,2026-09-01,False,False,True,True,2
kr_exports_yoy|signth|w120,kr_tech_demand,kr_exports,yoy,12,M,60,signth,120,day,2,-1,0.3268706387997213,-0.1034315098523351,0.22531241786988065,0.23690598276595545,0.23515657593870748,0.5769230769230769,-1.4494467026060034,26,0.027544163593856034,0.005003051510605515,0.6762939304601752,-28.966153116214322,1571,7.264078619081689,99.45090439276485,6192,2001-07-10,2026-09-01,False,False,True,True,2
kr_exports_yoy|signth|w120,kr_tech_demand,kr_exports,yoy,12,M,60,signth,120,o2o,2,-1,0.2535520166198756,-0.6434445502015671,0.008742674427218156,0.01752734502061411,-0.10376694836562093,0.4230769230769231,-2.3662604879179567,26,0.030443595189483186,0.005003051510605515,0.6762939304601752,-113.81970510733197,4057,7.264078619081689,99.45090439276485,6192,2001-07-10,2026-09-01,False,False,True,True,2
kr_exports_yoy|signth|w120,kr_tech_demand,kr_exports,yoy,12,M,60,signth,120,ongap,2,-1,0.8474715141625937,-0.846196006667189,-0.6097343717382393,-0.5923104521495395,-0.5825529702865869,0.3,-2.178804680801268,10,-0.098482335604319,-0.003406073348366226,0.6749636718836913,-42.09838771609766,1569,6.949505494591935,99.86749116607774,2264,2017-05-16,2026-09-01,False,False,True,True,2
kr_exports_yoy|signth|w252,kr_tech_demand,kr_exports,yoy,12,M,60,signth,252,c2c,2,-1,0.2904683452467232,-0.6511936880965202,0.002989483517510489,0.009592427036453164,-0.06799696851364415,0.38461538461538464,-2.3419562899958506,26,-0.07918874198396857,-0.034957302816505074,0.7072814436833524,-157.04425195790023,4006,5.492679108626799,99.75239352921757,6058,2001-10-15,2026-09-01,False,False,True,True,2
kr_exports_yoy|signth|w252,kr_tech_demand,kr_exports,yoy,12,M,60,signth,252,day,2,-1,0.22712222966318435,-0.2622106809454012,0.10667948074198055,0.11521971585867831,0.02007041030975761,0.38461538461538464,-1.464535240292585,26,-0.0770752600884327,-0.034957302816505074,0.7072814436833524,-72.95978301548541,4006,5.492679108626799,99.75239352921757,6058,2001-10-15,2026-09-01,False,False,True,True,2
kr_exports_yoy|signth|w252,kr_tech_demand,kr_exports,yoy,12,M,60,signth,252,o2o,2,-1,0.2735114838283266,-0.6627976031742596,-0.00037349716812948915,0.006099187885602246,-0.1106685855561742,0.46153846153846156,-2.357940507938,26,-0.07637997614895177,-0.034957302816505074,0.7072814436833524,-151.2692220840814,4005,5.492679108626799,99.75239352921757,6058,2001-10-15,2026-09-01,False,False,True,True,2
kr_exports_yoy|signth|w252,kr_tech_demand,kr_exports,yoy,12,M,60,signth,252,ongap,2,-1,0.8529829145272927,-0.779565011578814,-0.5950267197085043,-0.5830996524989779,-0.47235596751401876,0.2,-2.167059391111255,10,-0.10542279118607212,-0.02924571616096725,0.7067376964561681,-40.89285465973085,1517,5.0485566392158,99.77396021699819,2212,2017-05-16,2026-09-01,False,False,True,True,2
kr_exports_yoy|dev|w60,kr_tech_demand,kr_exports,yoy,12,M,60,dev,60,c2c,2,1,0.16824122098581187,0.5732556054743189,0.27518948286272116,0.28840800903400177,0.32178322273455634,0.5769230769230769,-1.3985379270639258,26,0.10279750884734183,0.053126605872854185,0.601346360388234,-70.87448700389915,5655,9.971853361201262,99.28606198280059,6163,2001-08-21,2026-09-01,False,False,True,True,2
kr_exports_yoy|dev|w60,kr_tech_demand,kr_exports,yoy,12,M,60,dev,60,day,2,1,0.10790659183313604,-0.11810564161920356,0.058182958177261226,0.0747292844427363,0.02792793601567703,0.5384615384615384,-2.237422928941472,26,0.11605167959121938,0.053126605872854185,0.601346360388234,-56.908764388542686,4574,9.971853361201262,99.28606198280059,6163,2001-08-21,2026-09-01,False,False,True,True,2
kr_exports_yoy|dev|w60,kr_tech_demand,kr_exports,yoy,12,M,60,dev,60,o2o,2,1,0.13281211558581413,0.511814466988387,0.23053488626439392,0.24302020936709,0.3281532728930168,0.46153846153846156,-1.1875315326372968,26,0.09974344487684189,0.053126605872854185,0.601346360388234,-63.484524492239494,5681,9.971853361201262,99.28606198280059,6163,2001-08-21,2026-09-01,False,False,True,True,2
kr_exports_yoy|dev|w60,kr_tech_demand,kr_exports,yoy,12,M,60,dev,60,ongap,2,-1,0.7434074778204864,-0.7877291051763468,-0.6156804276196965,-0.5896213509476154,-0.6306855258552213,0.2,-1.663331745636415,10,-0.13332929542466435,-0.05272462600186204,0.5841970823284963,-36.377297608917246,1482,9.367289672696788,98.93992932862191,2264,2017-05-16,2026-09-01,False,False,True,True,2
kr_exports_yoy|dev|w120,kr_tech_demand,kr_exports,yoy,12,M,60,dev,120,c2c,2,-1,0.055529834267106434,-0.6853840274913963,-0.15839769410324256,-0.1486295210119397,-0.27854863398777063,0.38461538461538464,-3.5026417399678387,26,-0.15817198661759044,-0.06120677985675977,0.6251614674241007,-133.41802675384193,4058,7.643122500830275,99.23365400293494,6133,2001-10-08,2026-09-01,False,False,False,True,1
kr_exports_yoy|dev|w120,kr_tech_demand,kr_exports,yoy,12,M,60,dev,120,day,2,-1,0.019363502084048006,-0.1664030161041746,-0.024023520445838994,-0.011506268490776276,-0.08911062452569407,0.5,-2.612624698951498,26,-0.17975271731068757,-0.06120677985675977,0.6251614674241007,-40.39157993917036,4058,7.643122500830275,99.23365400293494,6133,2001-10-08,2026-09-01,False,False,False,True,1
kr_exports_yoy|dev|w120,kr_tech_demand,kr_exports,yoy,12,M,60,dev,120,o2o,2,-1,0.06781505627805008,-0.6393436533031961,-0.1302538300500108,-0.12091128373430574,-0.2763035436782554,0.38461538461538464,-2.7186257053155223,26,-0.15549119209875248,-0.06120677985675977,0.6251614674241007,-123.48245908730904,4057,7.643122500830275,99.23365400293494,6133,2001-10-08,2026-09-01,False,False,False,True,1
kr_exports_yoy|dev|w120,kr_tech_demand,kr_exports,yoy,12,M,60,dev,120,ongap,2,-1,1.005867212876034,-0.8600916637533408,-0.629183977439779,-0.6110216087452269,-0.4801280694937154,0.3,-2.1712185906739596,10,-0.12408410096288365,-0.02916831734105619,0.6137922411712308,-43.994985028590925,1569,7.121574459062282,99.29328621908127,2264,2017-05-16,2026-09-01,False,False,True,True,2
kr_exports_yoy|dev|w252,kr_tech_demand,kr_exports,yoy,12,M,60,dev,252,c2c,2,-1,0.3146459707694365,-0.5882738890624991,0.03193254862403126,0.03934785444821755,-0.1080454901276988,0.4,-2.210571730856919,25,-0.1940757933867159,-0.05953609456913449,0.6708407193429284,-136.7934031494338,4058,6.143130760544574,99.53848689632437,6067,2002-01-10,2026-09-01,False,False,False,True,1
kr_exports_yoy|dev|w252,kr_tech_demand,kr_exports,yoy,12,M,60,dev,252,day,2,-1,0.15165035865008003,-0.21657903263777234,0.05680695042296818,0.06659497669940154,-0.03961526016882793,0.4,-1.3888458805938864,25,-0.21526037708940032,-0.05953609456913449,0.6708407193429284,-63.22439796881621,4058,6.143130760544574,99.53848689632437,6067,2002-01-10,2026-09-01,False,False,False,True,1
kr_exports_yoy|dev|w252,kr_tech_demand,kr_exports,yoy,12,M,60,dev,252,o2o,2,-1,0.3045033397975315,-0.5930763608066285,0.03296095749937073,0.04018476930240937,-0.10953553715999284,0.52,-2.1164740795401533,25,-0.20349146574966062,-0.05953609456913449,0.6708407193429284,-134.30308798008065,4057,6.143130760544574,99.53848689632437,6067,2002-01-10,2026-09-01,False,False,False,True,1
kr_exports_yoy|dev|w252,kr_tech_demand,kr_exports,yoy,12,M,60,dev,252,ongap,2,-1,0.7025643933076822,-0.7903223064803613,-0.6393741502091127,-0.6265932738138486,-0.48940490157527716,0.4,-2.2804766310149764,10,-0.1051461115969742,-0.019878794004308153,0.6815693561246846,-44.58527330632823,1569,5.359220978968255,99.82332155477032,2264,2017-05-16,2026-09-01,False,False,True,True,2
kr_kospi_yoy|selfz|w60,kr_tech_demand,kr_kospi,yoy,12,M,31,selfz,60,c2c,2,1,0.39860572642408953,0.24655909676018933,0.35251683357261354,0.3657763860896182,0.21054200153146377,0.5769230769230769,-2.3309042732497627,26,-0.0584924220260566,-0.0010496208272596803,0.6357214436540528,-50.35060612664668,4032,10.145483119762298,99.65925685542754,6163,2001-08-21,2026-09-01,False,False,True,True,2
kr_kospi_yoy|selfz|w60,kr_tech_demand,kr_kospi,yoy,12,M,31,selfz,60,day,2,1,0.3262230188254969,0.17313112099138722,0.2861566526621106,0.30336767447198604,0.24747500522536164,0.6538461538461539,-1.896714616697959,26,-0.04441457124799899,-0.0010496208272596803,0.6357214436540528,-37.16987651969457,4033,10.145483119762298,99.65925685542754,6163,2001-08-21,2026-09-01,False,True,True,True,3
kr_kospi_yoy|selfz|w60,kr_tech_demand,kr_kospi,yoy,12,M,31,selfz,60,o2o,2,1,0.35280809973468,0.34264284940526263,0.3497745646743344,0.3628516543197611,0.22019969732619288,0.5769230769230769,-2.0093672264431355,26,-0.03700000089156638,-0.0010496208272596803,0.6357214436540528,-48.54737441128268,3926,10.145483119762298,99.65925685542754,6163,2001-08-21,2026-09-01,False,False,True,True,2
kr_kospi_yoy|selfz|w60,kr_tech_demand,kr_kospi,yoy,12,M,31,selfz,60,ongap,2,-1,0.5118338337958962,-0.2085563496938259,-0.12145839823676614,-0.09298420445135726,0.13582919124783246,0.6,-1.479691395006622,10,0.13170908288811192,-0.02022910426717717,0.6431775018806795,-20.307881589313446,1584,10.862784829233155,99.55830388692578,2264,2017-05-16,2026-09-01,False,False,True,True,2
kr_kospi_yoy|selfz|w120,kr_tech_demand,kr_kospi,yoy,12,M,31,selfz,120,c2c,2,1,0.5199233406976221,0.2707882048734626,0.4493639140104983,0.4577155912880747,0.26926354391258883,0.5,-1.7251946463148362,26,-0.06554125245844847,0.0056813840257139425,0.6629337810534416,-44.551133673561225,3845,6.594600533586107,99.42931681069624,6133,2001-10-08,2026-09-01,False,False,True,True,2
kr_kospi_yoy|selfz|w120,kr_tech_demand,kr_kospi,yoy,12,M,31,selfz,120,day,2,1,0.48485341739517596,0.2130600752395124,0.41671761259401774,0.4274556332570803,0.345927450995678,0.6923076923076923,-1.5278106303251444,26,-0.02921643897501672,0.0056813840257139425,0.6629337810534416,-34.466889642286155,2284,6.594600533586107,99.42931681069624,6133,2001-10-08,2026-09-01,False,True,True,True,3
kr_kospi_yoy|selfz|w120,kr_tech_demand,kr_kospi,yoy,12,M,31,selfz,120,o2o,2,1,0.49742275315839307,0.3604465401180912,0.4588769849928602,0.4671119980190794,0.29190804147465027,0.5,-1.3747273110124667,26,-0.02628054188663384,0.0056813840257139425,0.6629337810534416,-43.30864119228597,3820,6.594600533586107,99.42931681069624,6133,2001-10-08,2026-09-01,False,False,True,True,2
kr_kospi_yoy|selfz|w120,kr_tech_demand,kr_kospi,yoy,12,M,31,selfz,120,ongap,2,-1,0.11147219809371124,-0.3176970882983221,-0.2696913246303075,-0.2500250388535346,-0.11605671211308922,0.5,-1.6108015748448432,10,0.11847613340333149,-0.00017989548086806483,0.6736131737569604,-20.906150445556094,1584,7.36364171831405,98.89575971731449,2264,2017-05-16,2026-09-01,False,False,True,True,2
kr_kospi_yoy|selfz|w252,kr_tech_demand,kr_kospi,yoy,12,M,31,selfz,252,c2c,2,1,0.21876865720242744,0.4307926737619667,0.27912564377623983,0.28477377948569266,0.13597164880394697,0.56,-1.634608566129194,25,-0.14629214744298427,-0.02866680791950272,0.6808766961121377,-66.18558251543878,3849,4.652014086892171,99.42310862040547,6067,2002-01-10,2026-09-01,False,False,True,True,2
kr_kospi_yoy|selfz|w252,kr_tech_demand,kr_kospi,yoy,12,M,31,selfz,252,day,2,1,0.21520290424321759,0.33070491437290844,0.23984350232563587,0.24726989590246126,0.1813518097090637,0.64,-1.7782944479069005,25,-0.13207904818700555,-0.02866680791950272,0.6808766961121377,-29.10983814123702,3813,4.652014086892171,99.42310862040547,6067,2002-01-10,2026-09-01,False,False,True,True,2
kr_kospi_yoy|selfz|w252,kr_tech_demand,kr_kospi,yoy,12,M,31,selfz,252,o2o,2,1,0.1987024651252346,0.5068667008847125,0.2826884664069103,0.28825038149001053,0.13528123883558055,0.52,-1.707422479470057,25,-0.1345056816663886,-0.02866680791950272,0.6808766961121377,-67.0082630664151,3848,4.652014086892171,99.42310862040547,6067,2002-01-10,2026-09-01,False,False,True,True,2
kr_kospi_yoy|selfz|w252,kr_tech_demand,kr_kospi,yoy,12,M,31,selfz,252,ongap,2,1,0.12205416844935789,0.4129700509971364,0.37522858794720293,0.38745658177406234,0.2827655087284027,0.6,-0.782222856068569,10,-0.09843469447586244,0.0012612188215639646,0.697052005391038,-6.431564560942518,421,4.849130624610167,99.60247349823321,2264,2017-05-16,2026-09-01,False,False,True,True,2
kr_kospi_yoy|robustz|w60,kr_tech_demand,kr_kospi,yoy,12,M,31,robustz,60,c2c,2,1,0.5800622035598282,0.07666636713788841,0.426060262853473,0.43807708617280633,0.34533761064653534,0.5769230769230769,-1.635671916938365,26,-0.03698522180787286,-0.00066438993086243,0.49234375052171403,-45.18057155664936,1568,7.769473608209548,98.8908824009134,6131,2001-10-05,2026-08-27,False,False,True,True,2
kr_kospi_yoy|robustz|w60,kr_tech_demand,kr_kospi,yoy,12,M,31,robustz,60,day,2,1,0.5936592544981185,0.25842834360176964,0.5071002697504363,0.5226500837316101,0.4959416584234202,0.7307692307692307,-1.3542249337135834,26,-0.013542745242984572,-0.00066438993086243,0.49234375052171403,-26.253585240466304,1545,7.769473608209548,98.8908824009134,6131,2001-10-05,2026-08-27,False,True,True,True,3
kr_kospi_yoy|robustz|w60,kr_tech_demand,kr_kospi,yoy,12,M,31,robustz,60,o2o,2,1,0.5025953930728693,0.10559423039351104,0.3866552719180984,0.39875426558399196,0.3247778599587401,0.5769230769230769,-1.443498747483642,26,0.0050281252707886715,-0.00066438993086243,0.49234375052171403,-41.79207487315762,1817,7.769473608209548,98.8908824009134,6131,2001-10-05,2026-08-27,False,False,True,True,2
kr_kospi_yoy|robustz|w60,kr_tech_demand,kr_kospi,yoy,12,M,31,robustz,60,ongap,2,-1,0.19975719036695333,-0.13389659791399672,-0.08981655332622838,-0.06282351605105575,0.23072686503463358,0.7,-1.372097498832463,10,0.15680098382850874,0.023992347358166133,0.4870751763124256,-13.155261804589733,1903,8.595219474425493,99.29234851835471,2261,2017-05-16,2026-08-27,False,True,False,True,2
kr_kospi_yoy|robustz|w120,kr_tech_demand,kr_kospi,yoy,12,M,31,robustz,120,c2c,2,1,0.5047995838004091,0.03177119116610698,0.3705568198407184,0.3791608736056402,0.16484627475028776,0.44,-1.5711449548898513,25,-0.0743401060641006,-0.005418340414553178,0.6309609773431054,-49.87009008385552,3408,6.58525191603402,99.42377346065196,6074,2001-12-31,2026-09-01,False,False,True,True,2
kr_kospi_yoy|robustz|w120,kr_tech_demand,kr_kospi,yoy,12,M,31,robustz,120,day,2,1,0.4755794650040643,0.0002101979995434643,0.35810927261567654,0.3692934807841925,0.25594623833443936,0.6,-1.8441725444240862,25,-0.06956604827101363,-0.005418340414553178,0.6309609773431054,-38.11559264504562,2284,6.58525191603402,99.42377346065196,6074,2001-12-31,2026-09-01,False,False,True,True,2
kr_kospi_yoy|robustz|w120,kr_tech_demand,kr_kospi,yoy,12,M,31,robustz,120,o2o,2,1,0.4456792640755848,0.14849397865457917,0.36327841555505463,0.37189740508105984,0.15878801021548944,0.44,-1.5138772710074286,25,-0.06261542242153857,-0.005418340414553178,0.6309609773431054,-46.51848254444151,3516,6.58525191603402,99.42377346065196,6074,2001-12-31,2026-09-01,False,False,True,True,2
kr_kospi_yoy|robustz|w120,kr_tech_demand,kr_kospi,yoy,12,M,31,robustz,120,ongap,2,-1,0.4936914108147347,-0.05452306948862751,-0.00440809035576521,0.019456123707568742,0.1674222455523178,0.6,-1.70423532085756,10,0.09818397995471381,0.0009657584811241633,0.6370020363218827,-13.396686877215464,1605,7.930867123799014,99.1166077738516,2264,2017-05-16,2026-09-01,False,False,True,True,2
kr_kospi_yoy|robustz|w252,kr_tech_demand,kr_kospi,yoy,12,M,31,robustz,252,c2c,2,1,0.21890098992240592,0.40169355206688895,0.27418566269780587,0.2792240141524546,0.1827028936418595,0.56,-1.4675868608787999,25,-0.1373934548610514,-0.010435778866301062,0.7348122760834436,-63.99969301359769,3820,4.417933045965414,99.88219454729047,5942,2002-07-18,2026-09-01,False,False,True,True,2
kr_kospi_yoy|robustz|w252,kr_tech_demand,kr_kospi,yoy,12,M,31,robustz,252,day,2,1,0.204305144809187,0.2840226702971787,0.2225530630101096,0.22925778166144883,0.23558474188439174,0.68,-1.5750077552265525,25,-0.12333675797970674,-0.010435778866301062,0.7348122760834436,-27.161405391270467,2443,4.417933045965414,99.88219454729047,5942,2002-07-18,2026-09-01,False,True,True,True,3
kr_kospi_yoy|robustz|w252,kr_tech_demand,kr_kospi,yoy,12,M,31,robustz,252,o2o,2,1,0.18800900781065216,0.4752683164502482,0.27120044578343083,0.27618811780936436,0.17926303631490104,0.52,-1.5638303476730537,25,-0.13017842232661142,-0.010435778866301062,0.7348122760834436,-63.73172432609698,3819,4.417933045965414,99.88219454729047,5942,2002-07-18,2026-09-01,False,False,True,True,2
kr_kospi_yoy|robustz|w252,kr_tech_demand,kr_kospi,yoy,12,M,31,robustz,252,ongap,2,1,0.14413793058120408,0.35258434315834697,0.32408320797419393,0.3340643741858135,0.08829752166250608,0.5,-1.5415485672546383,10,-0.08184625892550236,0.0044810283105933294,0.7456161543327033,-7.384913263571119,560,4.354039436191212,99.77915194346289,2264,2017-05-16,2026-09-01,False,False,True,True,2
kr_kospi_yoy|bdtanh|w60,kr_tech_demand,kr_kospi,yoy,12,M,31,bdtanh,60,c2c,2,1,0.3196223893677858,0.3944761287367193,0.34153127334327177,0.35112578763581204,0.20776772569514737,0.5769230769230769,-2.3853388394233965,26,-0.05753072127106336,0.005639542390876701,0.6972285575140589,-59.88819248493169,3925,7.763463041436031,99.7241603115366,6163,2001-08-21,2026-09-01,False,False,True,True,2
kr_kospi_yoy|bdtanh|w60,kr_tech_demand,kr_kospi,yoy,12,M,31,bdtanh,60,day,2,1,0.2641060202096617,0.2020294399406114,0.24701286979265533,0.25944071096252735,0.21515297123977492,0.5769230769230769,-1.8737321737343495,26,-0.029043389383349678,0.005639542390876701,0.6972285575140589,-39.592808218431784,4033,7.763463041436031,99.7241603115366,6163,2001-08-21,2026-09-01,False,False,True,True,2
kr_kospi_yoy|bdtanh|w60,kr_tech_demand,kr_kospi,yoy,12,M,31,bdtanh,60,o2o,2,1,0.2884473400661402,0.4702433949753874,0.33911312357675677,0.3485899337676898,0.2107303465325938,0.5769230769230769,-2.174444144033476,26,-0.031581731173481904,0.005639542390876701,0.6972285575140589,-52.65471306902704,3915,7.763463041436031,99.7241603115366,6163,2001-08-21,2026-09-01,False,False,True,True,2
kr_kospi_yoy|bdtanh|w60,kr_tech_demand,kr_kospi,yoy,12,M,31,bdtanh,60,ongap,2,-1,0.7317461587489315,-0.2751981703589068,-0.14341290218103656,-0.12239759752687863,0.1093769084618526,0.5,-1.512620309673978,10,0.10610358780015988,-0.031236012284071732,0.6848467523419204,-23.438023562430903,1584,8.31517975925689,99.77915194346289,2264,2017-05-16,2026-09-01,False,False,True,True,2
kr_kospi_yoy|bdtanh|w120,kr_tech_demand,kr_kospi,yoy,12,M,31,bdtanh,120,c2c,2,1,0.43652443340882724,0.5000300663538443,0.4537472065313009,0.46027301602909065,0.2860908719320128,0.5769230769230769,-2.2086717335381394,26,-0.07108910603975585,0.013315354619449805,0.7052525860582763,-48.88690236585063,3759,5.2832779111492245,99.8043371922387,6133,2001-10-08,2026-09-01,False,False,True,True,2
kr_kospi_yoy|bdtanh|w120,kr_tech_demand,kr_kospi,yoy,12,M,31,bdtanh,120,day,2,1,0.4145372781027739,0.2721512001641467,0.3769988984795275,0.3854468064853625,0.34232182786345,0.6923076923076923,-1.7069590591348343,26,-0.028416446275113822,0.013315354619449805,0.7052525860582763,-28.776584626867713,2555,5.2832779111492245,99.8043371922387,6133,2001-10-08,2026-09-01,False,True,True,True,3
kr_kospi_yoy|bdtanh|w120,kr_tech_demand,kr_kospi,yoy,12,M,31,bdtanh,120,o2o,2,1,0.4139217586436185,0.5771135861340594,0.45724885035134827,0.4637168126224241,0.3038492634565866,0.5769230769230769,-1.903258784754553,26,-0.04488530701604897,0.013315354619449805,0.7052525860582763,-46.49782792074817,3758,5.2832779111492245,99.8043371922387,6133,2001-10-08,2026-09-01,False,False,True,True,2
kr_kospi_yoy|bdtanh|w120,kr_tech_demand,kr_kospi,yoy,12,M,31,bdtanh,120,ongap,2,-1,0.012700527963040054,-0.4351102785414256,-0.3806756251536027,-0.36563825253356974,-0.23977766652118057,0.3,-1.644399145691564,10,0.12313767313261716,-0.014393977915370294,0.6947210247031479,-26.929067971278524,1520,5.628724545847382,99.69081272084806,2264,2017-05-16,2026-09-01,False,False,True,True,2
kr_kospi_yoy|bdtanh|w252,kr_tech_demand,kr_kospi,yoy,12,M,31,bdtanh,252,c2c,2,1,0.14046190285302515,0.5511395924544691,0.25659770989439495,0.2614820691717794,0.14755511596865623,0.52,-2.152009371383441,25,-0.10442395167295113,-0.01157753531002526,0.7094863876738511,-72.42761219069936,3835,4.054921480465365,99.60441733970661,6067,2002-01-10,2026-09-01,False,False,True,True,2
kr_kospi_yoy|bdtanh|w252,kr_tech_demand,kr_kospi,yoy,12,M,31,bdtanh,252,day,2,1,0.11736780207457186,0.2987213324818919,0.15903470925243762,0.16544262207411772,0.12324297309274776,0.6,-1.7597444624394256,25,-0.08617363007491795,-0.01157753531002526,0.7094863876738511,-31.467352923512927,3930,4.054921480465365,99.60441733970661,6067,2002-01-10,2026-09-01,False,False,True,True,2
kr_kospi_yoy|bdtanh|w252,kr_tech_demand,kr_kospi,yoy,12,M,31,bdtanh,252,o2o,2,1,0.12627805953227525,0.605857152158213,0.25797178606409027,0.26276985042904016,0.15276280550394356,0.52,-1.9511504392374361,25,-0.09751964694520797,-0.01157753531002526,0.7094863876738511,-72.4909875210229,3835,4.054921480465365,99.60441733970661,6067,2002-01-10,2026-09-01,False,False,True,True,2
kr_kospi_yoy|bdtanh|w252,kr_tech_demand,kr_kospi,yoy,12,M,31,bdtanh,252,ongap,2,1,0.33725378425954256,0.5148820094459827,0.48806133578613037,0.4979733680315038,0.708553152128927,0.9,-0.7586214553289247,10,-0.05661382629110814,0.027471076754042954,0.7086855138087254,-7.989044590286684,421,3.9252284913377964,99.60247349823321,2264,2017-05-16,2026-09-01,True,True,True,True,4
kr_kospi_yoy|rankc|w60,kr_tech_demand,kr_kospi,yoy,12,M,31,rankc,60,c2c,2,1,0.3996229474195908,0.2897247311651534,0.3678325181569163,0.37987876796633113,0.2823313647493055,0.5769230769230769,-1.8924105699096552,26,-0.020501032368226032,0.026183110227323763,0.6868684445717423,-44.438540863958806,2039,9.67375396714307,99.65903555772041,6159,2001-08-21,2026-09-01,False,False,True,True,2
kr_kospi_yoy|rankc|w60,kr_tech_demand,kr_kospi,yoy,12,M,31,rankc,60,day,2,1,0.31108102795558346,0.24005941653220708,0.29139954804661256,0.3069303422659871,0.3231171944154723,0.6153846153846154,-1.4852656487728484,26,-0.002385180564664981,0.026183110227323763,0.6868684445717423,-35.532345768313,1574,9.67375396714307,99.65903555772041,6159,2001-08-21,2026-09-01,False,False,True,True,2
kr_kospi_yoy|rankc|w60,kr_tech_demand,kr_kospi,yoy,12,M,31,rankc,60,o2o,2,1,0.3389775308836404,0.35959603579554,0.3441132773169249,0.35600828747927105,0.27021000898961,0.6153846153846154,-1.898297591666705,26,0.011320965458014238,0.026183110227323763,0.6868684445717423,-40.38325521997391,2486,9.67375396714307,99.65903555772041,6159,2001-08-21,2026-09-01,False,False,True,True,2
kr_kospi_yoy|rankc|w60,kr_tech_demand,kr_kospi,yoy,12,M,31,rankc,60,ongap,2,-1,0.6071302536312064,-0.0872263324628737,0.001259743180207686,0.02732571041441693,0.2040044794123452,0.6,-1.5767569432421555,10,0.09265686680428124,-0.05448994716277515,0.6847140532902528,-19.73981532470571,1584,9.940192993685757,99.64664310954063,2264,2017-05-16,2026-09-01,False,False,True,True,2
kr_kospi_yoy|rankc|w120,kr_tech_demand,kr_kospi,yoy,12,M,31,rankc,120,c2c,2,1,0.48087627365332514,0.44775112766183794,0.47110626430832986,0.47930790025241643,0.3066091137085367,0.5384615384615384,-2.0800101231357715,26,-0.056276405982338504,0.01823902164101584,0.6910326703761481,-43.69480154936804,3847,6.60895186885054,99.8043371922387,6133,2001-10-08,2026-09-01,False,False,True,True,2
kr_kospi_yoy|rankc|w120,kr_tech_demand,kr_kospi,yoy,12,M,31,rankc,120,day,2,1,0.4493027083892085,0.36025177322540186,0.42393754760639507,0.43446733114651814,0.41240089096162136,0.6923076923076923,-1.5581082884773065,26,-0.027583709348054496,0.01823902164101584,0.6910326703761481,-27.911818594589466,2556,6.60895186885054,99.8043371922387,6133,2001-10-08,2026-09-01,False,True,True,True,3
kr_kospi_yoy|rankc|w120,kr_tech_demand,kr_kospi,yoy,12,M,31,rankc,120,o2o,2,1,0.44145642877624425,0.5106088962956951,0.4599848564520749,0.4680621715888386,0.3170702259617497,0.5769230769230769,-1.9478846483452037,26,-0.033839036924731794,0.01823902164101584,0.6910326703761481,-43.83753213232679,3826,6.60895186885054,99.8043371922387,6133,2001-10-08,2026-09-01,False,False,True,True,2
kr_kospi_yoy|rankc|w120,kr_tech_demand,kr_kospi,yoy,12,M,31,rankc,120,ongap,2,-1,0.2995744691264537,-0.28562254668470677,-0.2295541039538573,-0.211268885578258,-0.050447110703350076,0.6,-1.6462474923795267,10,0.10965660634596276,-0.030597199486104627,0.696392693352374,-21.567722775397733,1584,6.9784744010853705,99.69081272084806,2264,2017-05-16,2026-09-01,False,False,True,True,2
kr_kospi_yoy|rankc|w252,kr_tech_demand,kr_kospi,yoy,12,M,31,rankc,252,c2c,2,1,0.2081922200706448,0.5501859705494865,0.3069985284676052,0.31291636815602236,0.14888636902792288,0.56,-2.3728879872421085,25,-0.1190480053309287,-0.005255556361691804,0.7145962657717797,-67.26644879443778,3820,4.885659221324027,99.53848689632437,6067,2002-01-10,2026-09-01,False,False,True,True,2
kr_kospi_yoy|rankc|w252,kr_tech_demand,kr_kospi,yoy,12,M,31,rankc,252,day,2,1,0.17779607369554276,0.41025572994893306,0.2319245307411308,0.2396810523067947,0.17867793829270187,0.64,-1.796847482452741,25,-0.10014624865938215,-0.005255556361691804,0.7145962657717797,-33.42417220021529,3862,4.885659221324027,99.53848689632437,6067,2002-01-10,2026-09-01,False,False,True,True,2
kr_kospi_yoy|rankc|w252,kr_tech_demand,kr_kospi,yoy,12,M,31,rankc,252,o2o,2,1,0.1846151403004804,0.6073300140320348,0.30187339883676956,0.30771054683045346,0.15793546879530454,0.56,-2.146657604594988,25,-0.11328967760335767,-0.005255556361691804,0.7145962657717797,-66.01857168634976,3818,4.885659221324027,99.53848689632437,6067,2002-01-10,2026-09-01,False,False,True,True,2
kr_kospi_yoy|rankc|w252,kr_tech_demand,kr_kospi,yoy,12,M,31,rankc,252,ongap,2,1,0.1519386835922974,0.46862893626340574,0.427548321116176,0.4396869396293374,0.45237740689975414,0.7,-0.8484417068058677,10,-0.07094965320667886,0.03598057992973347,0.7222761077675313,-7.032606350492626,376,4.8065803220178545,99.60247349823321,2264,2017-05-16,2026-09-01,False,True,True,True,3
kr_kospi_yoy|signth|w60,kr_tech_demand,kr_kospi,yoy,12,M,31,signth,60,c2c,2,1,0.2934999886280422,0.4665102360165242,0.3404101621516209,0.34860583499777426,0.21023942465816345,0.5769230769230769,-2.320019036199174,26,-0.04115402123607863,0.010450482221502596,0.6979957571763459,-64.10399942615012,3898,6.628014010049445,99.24095607235142,6192,2001-07-10,2026-09-01,False,False,True,True,2
kr_kospi_yoy|signth|w60,kr_tech_demand,kr_kospi,yoy,12,M,31,signth,60,day,2,1,0.20174433289216787,0.23607332758009297,0.2069303149560981,0.2174260267489135,0.17408478039331302,0.5769230769230769,-1.8408119262466058,26,-0.00669412803280299,0.010450482221502596,0.6979957571763459,-42.91957955034592,4267,6.628014010049445,99.24095607235142,6192,2001-07-10,2026-09-01,False,False,True,True,2
kr_kospi_yoy|signth|w60,kr_tech_demand,kr_kospi,yoy,12,M,31,signth,60,o2o,2,1,0.2893703468159437,0.4909416573258669,0.34113315235110864,0.34914868702872665,0.22706144372880135,0.5769230769230769,-2.0927982156949865,26,-0.019953800328621922,0.010450482221502596,0.6979957571763459,-54.83479151157865,3898,6.628014010049445,99.24095607235142,6192,2001-07-10,2026-09-01,False,False,True,True,2
kr_kospi_yoy|signth|w60,kr_tech_demand,kr_kospi,yoy,12,M,31,signth,60,ongap,2,-1,0.7121665237740314,-0.3338432832834883,-0.2055074825926556,-0.18668963353693138,-0.005506544740261819,0.4,-1.458435458143736,10,0.10123723028897164,-0.03985814741995625,0.6832664706650191,-22.354860675130112,1584,7.055013430012218,98.54240282685512,2264,2017-05-16,2026-09-01,False,False,True,True,2
kr_kospi_yoy|signth|w120,kr_tech_demand,kr_kospi,yoy,12,M,31,signth,120,c2c,2,1,0.37874101376280933,0.6834067203633799,0.45472732664314686,0.4610401837755209,0.30594049058968137,0.6538461538461539,-1.5861051136837738,26,-0.04253008101062353,0.02385169463372203,0.6972966317807304,-49.682407319306286,3838,5.013390707128267,99.16802610114192,6130,2001-07-10,2026-07-16,False,True,True,True,3
kr_kospi_yoy|signth|w120,kr_tech_demand,kr_kospi,yoy,12,M,31,signth,120,day,2,1,0.3004966638097798,0.4219693627564518,0.319878108014877,0.32784768294538913,0.3755031263820295,0.6923076923076923,-1.255016445990119,26,0.016362665299410467,0.02385169463372203,0.6972966317807304,-26.118424013608738,2695,5.013390707128267,99.16802610114192,6130,2001-07-10,2026-07-16,False,True,True,True,3
kr_kospi_yoy|signth|w120,kr_tech_demand,kr_kospi,yoy,12,M,31,signth,120,o2o,2,1,0.36566880680448505,0.722821056703177,0.4504778314843386,0.4566157698304032,0.306977278479108,0.6153846153846154,-1.4832220609117515,26,-0.0013490583737646533,0.02385169463372203,0.6972966317807304,-47.98051388304727,3741,5.013390707128267,99.16802610114192,6130,2001-07-10,2026-07-16,False,False,True,True,2
kr_kospi_yoy|signth|w120,kr_tech_demand,kr_kospi,yoy,12,M,31,signth,120,ongap,2,1,0.026423684365545298,0.5289910504840726,0.4598918074491237,0.47281409814976566,0.2370144988539252,0.6,-1.3327174294612965,10,-0.13724829462640592,0.01922381796784589,0.6829275333988988,-6.978699188904164,396,4.585317717385122,98.74495741819813,2231,2017-05-16,2026-07-16,False,False,True,True,2
kr_kospi_yoy|signth|w252,kr_tech_demand,kr_kospi,yoy,12,M,31,signth,252,c2c,2,1,0.09058186069290257,0.3712552611297094,0.16671408545475533,0.17183404162517849,0.1678726942264224,0.46153846153846156,-2.345207595519695,26,-0.019335820193707845,0.01702261602337871,0.7069330466518271,-79.31213714263356,3915,4.060990003549558,98.65560165975104,6025,2001-10-15,2026-07-16,False,False,True,True,2
kr_kospi_yoy|signth|w252,kr_tech_demand,kr_kospi,yoy,12,M,31,signth,252,day,2,1,0.14790673749728167,0.10700223303989323,0.13693803515477992,0.14345856010483948,0.14609635199402174,0.5769230769230769,-1.8164384316788555,26,0.02509567654818153,0.01702261602337871,0.7069330466518271,-45.23268412545799,4278,4.060990003549558,98.65560165975104,6025,2001-10-15,2026-07-16,False,False,True,True,2
kr_kospi_yoy|signth|w252,kr_tech_demand,kr_kospi,yoy,12,M,31,signth,252,o2o,2,1,0.0532295871809699,0.5034719966506833,0.17025259701588993,0.17522571113025723,0.17084747514184714,0.46153846153846156,-2.1204112289242114,26,-0.008009679498656224,0.01702261602337871,0.7069330466518271,-80.62412891599794,3878,4.060990003549558,98.65560165975104,6025,2001-10-15,2026-07-16,False,False,True,True,2
kr_kospi_yoy|signth|w252,kr_tech_demand,kr_kospi,yoy,12,M,31,signth,252,ongap,2,1,0.4357750516256119,0.5676204594228093,0.5446483706077474,0.5545881572775897,0.7039223732477016,0.8,-0.60778522766447,10,-0.009533259322480569,0.04837635509113973,0.6767663554770083,-11.04148614947886,545,3.9003875388722515,97.31940027260336,2201,2017-05-16,2026-07-16,True,True,True,True,4
kr_kospi_yoy|dev|w60,kr_tech_demand,kr_kospi,yoy,12,M,31,dev,60,c2c,2,1,0.47096861134890544,0.41082633834913046,0.45323137502759553,0.4633908255752307,0.2865737330180855,0.5384615384615384,-1.815870070769064,26,-0.010505573249209092,0.05004457118786428,0.6385073957468999,-37.8889906655828,2486,8.097348032392217,99.38341716696414,6163,2001-08-21,2026-09-01,False,False,True,True,2
kr_kospi_yoy|dev|w60,kr_tech_demand,kr_kospi,yoy,12,M,31,dev,60,day,2,1,0.40901078799785023,-0.06504567423782666,0.28942779194593826,0.3024907677372967,0.19949707850207887,0.5,-1.638624469561251,26,0.008710507641326264,0.05004457118786428,0.6385073957468999,-43.5052536792053,2486,8.097348032392217,99.38341716696414,6163,2001-08-21,2026-09-01,False,False,True,True,2
kr_kospi_yoy|dev|w60,kr_tech_demand,kr_kospi,yoy,12,M,31,dev,60,o2o,2,1,0.4344662655498775,0.4990804045848394,0.4534840835056774,0.46341102281866065,0.30832694583901926,0.5384615384615384,-1.4037515259969515,26,0.02965441663187407,0.05004457118786428,0.6385073957468999,-39.222766343609614,2485,8.097348032392217,99.38341716696414,6163,2001-08-21,2026-09-01,False,False,True,True,2
kr_kospi_yoy|dev|w60,kr_tech_demand,kr_kospi,yoy,12,M,31,dev,60,ongap,2,-1,0.4531613369902336,-0.3723837039577134,-0.27168824921597573,-0.2502929426849464,-0.05315848745947843,0.5,-1.5562325817584635,10,-0.024467880974087846,-0.09121038951243679,0.6998657100543507,-22.561167924387682,1580,8.702252618939545,99.73498233215548,2264,2017-05-16,2026-09-01,False,False,True,True,2
kr_kospi_yoy|dev|w120,kr_tech_demand,kr_kospi,yoy,12,M,31,dev,120,c2c,2,1,0.48173151794513747,0.5791161861645848,0.5101250035025834,0.5163849918143955,0.28907244976602664,0.5769230769230769,-1.5941136574865762,26,-0.03666750649659858,0.05448499414538308,0.6966489932243577,-54.12859022292091,3869,5.399771994109402,99.49453774661666,6133,2001-10-08,2026-09-01,False,False,True,True,2
kr_kospi_yoy|dev|w120,kr_tech_demand,kr_kospi,yoy,12,M,31,dev,120,day,2,1,0.40841461625756936,0.048615573600056375,0.31896967857298647,0.3270478467116218,0.2524683090683756,0.5769230769230769,-1.41530746383951,26,-0.004902836929254598,0.05448499414538308,0.6966489932243577,-35.637805480656326,2353,5.399771994109402,99.49453774661666,6133,2001-10-08,2026-09-01,False,False,True,True,2
kr_kospi_yoy|dev|w120,kr_tech_demand,kr_kospi,yoy,12,M,31,dev,120,o2o,2,1,0.44952242852108926,0.6550241848855539,0.5074764836254455,0.5135803178685531,0.3001392737159683,0.5769230769230769,-1.4060643938122506,26,-0.01622090040994738,0.05448499414538308,0.6966489932243577,-53.950704986318684,3855,5.399771994109402,99.49453774661666,6133,2001-10-08,2026-09-01,False,False,True,True,2
kr_kospi_yoy|dev|w120,kr_tech_demand,kr_kospi,yoy,12,M,31,dev,120,ongap,2,-1,0.043884794136951726,-0.5955362881940436,-0.5249201774308477,-0.5115676602604018,-0.32730445460063284,0.3,-1.8743065146074607,10,0.012703871987705626,-0.09402201592919991,0.748929919795931,-31.157226447281744,1584,5.738498701545035,99.69081272084806,2264,2017-05-16,2026-09-01,False,False,True,True,2
kr_kospi_yoy|dev|w252,kr_tech_demand,kr_kospi,yoy,12,M,31,dev,252,c2c,2,1,0.15888970067883937,0.7100360349162874,0.32956419269358816,0.33407849718893023,0.19469999305845265,0.56,-1.6595825142821505,25,-0.07246200168386918,0.026670643383696895,0.740354289535489,-68.9550060096172,3194,3.975928450973127,99.47255645294216,6067,2002-01-10,2026-09-01,False,False,True,True,2
kr_kospi_yoy|dev|w252,kr_tech_demand,kr_kospi,yoy,12,M,31,dev,252,day,2,1,0.12449005040535802,0.18446507008617014,0.13912752897639716,0.14510045384998121,0.10430949519740054,0.68,-1.7950787914271162,25,-0.054326340557457796,0.026670643383696895,0.740354289535489,-30.778956614836932,4233,3.975928450973127,99.47255645294216,6067,2002-01-10,2026-09-01,False,True,True,True,3
kr_kospi_yoy|dev|w252,kr_tech_demand,kr_kospi,yoy,12,M,31,dev,252,o2o,2,1,0.1408909601214345,0.7426926700397674,0.3189683440395139,0.3233917134221837,0.17895602771939392,0.52,-1.787513835842022,25,-0.062480668667781694,0.026670643383696895,0.740354289535489,-69.93529568613464,3226,3.975928450973127,99.47255645294216,6067,2002-01-10,2026-09-01,False,False,True,True,2
kr_kospi_yoy|dev|w252,kr_tech_demand,kr_kospi,yoy,12,M,31,dev,252,ongap,2,1,0.408467214548676,0.8122124622113902,0.7552993940307219,0.7636487222828241,0.8702533924632285,0.9,-0.5769919269343698,10,0.02305207767302183,0.09972743398460325,0.7989878308261162,-6.640468995732957,421,3.703522348955131,99.86749116607774,2264,2017-05-16,2026-09-01,True,True,True,True,4
cn_leading_idx_level|selfz|w60,cn_cycle,cn_leading_idx,level,0,M,45,selfz,60,c2c,2,1,0.2679242602635461,-0.27587049817222764,0.11417682212104543,0.13171854135084402,0.07371172166324012,0.5769230769230769,-2.756545090279435,26,-0.01730722497028953,0.003706897432958394,0.6396935926747842,-84.66791322849498,1745,12.87889312861554,99.561901671264,6163,2001-08-21,2026-09-01,False,False,True,True,2
cn_leading_idx_level|selfz|w60,cn_cycle,cn_leading_idx,level,0,M,45,selfz,60,day,2,1,0.18887608000732253,-0.46763839040624267,0.03268389514524413,0.055082184726599114,-0.003809944120132898,0.5,-1.7904854512305277,26,0.008173697079883309,0.003706897432958394,0.6396935926747842,-53.424601117854294,1711,12.87889312861554,99.561901671264,6163,2001-08-21,2026-09-01,False,False,True,True,2
cn_leading_idx_level|selfz|w60,cn_cycle,cn_leading_idx,level,0,M,45,selfz,60,o2o,2,1,0.31845111720540825,-0.17565294385605248,0.18131874085243885,0.1984355357197441,0.13001472064997746,0.6153846153846154,-2.8156168350281225,26,-0.006998252542639359,0.003706897432958394,0.6396935926747842,-79.44857827498572,1733,12.87889312861554,99.561901671264,6163,2001-08-21,2026-09-01,False,False,True,True,2
cn_leading_idx_level|selfz|w60,cn_cycle,cn_leading_idx,level,0,M,45,selfz,60,ongap,2,-1,0.8833230013036878,0.06636076091921017,0.14013505165289514,0.17572891289632647,0.1479628077736314,0.5,-1.6388241840676738,10,-0.001141060735941885,0.02998582964581733,0.6439749256663028,-13.988831859573263,1454,13.08863433747282,99.55830388692578,2264,2017-05-16,2026-09-01,False,False,True,True,2
cn_leading_idx_level|selfz|w120,cn_cycle,cn_leading_idx,level,0,M,45,selfz,120,c2c,2,1,0.2997736075207473,-0.10137288509506585,0.18097656363634484,0.18980071701362417,0.15041389580083125,0.5384615384615384,-2.2868183635576473,26,-0.008267337396568446,0.008143681601718461,0.660980362733761,-75.78513442333367,1724,6.696710767909111,99.5923691504973,6133,2001-10-08,2026-09-01,False,False,True,True,2
cn_leading_idx_level|selfz|w120,cn_cycle,cn_leading_idx,level,0,M,45,selfz,120,day,2,1,0.23915766186966236,-0.43248224714508926,0.07347872007717585,0.08484086164055062,0.030519273652955505,0.5,-1.4403005810034917,26,0.023218151812768234,0.008143681601718461,0.660980362733761,-56.80812900294866,1688,6.696710767909111,99.5923691504973,6133,2001-10-08,2026-09-01,False,False,True,True,2
cn_leading_idx_level|selfz|w120,cn_cycle,cn_leading_idx,level,0,M,45,selfz,120,o2o,2,1,0.33206519453955174,-0.08705753024472138,0.2105908040549171,0.21933998490729167,0.17405047643724125,0.5384615384615384,-2.1133095947949294,26,0.005822089105723002,0.008143681601718461,0.660980362733761,-74.6902102564097,1719,6.696710767909111,99.5923691504973,6133,2001-10-08,2026-09-01,False,False,True,True,2
cn_leading_idx_level|selfz|w120,cn_cycle,cn_leading_idx,level,0,M,45,selfz,120,ongap,2,-1,0.7133388756132941,0.01448922932179328,0.07056935137362425,0.08650958514127884,0.0817790999561463,0.5,-2.259421176395427,10,-0.054626843147581455,0.014009410558733826,0.6615053689959809,-15.238510998419594,1430,6.279601717281371,99.64664310954063,2264,2017-05-16,2026-09-01,False,False,True,True,2
cn_leading_idx_level|selfz|w252,cn_cycle,cn_leading_idx,level,0,M,45,selfz,252,c2c,2,1,0.16001239403260276,0.026642085686412718,0.11970109347630889,0.12420662860071263,0.10877118898713554,0.44,-1.6683066471350845,25,-0.024187902444079815,0.013614115191106065,0.7186606111911962,-70.78969627603975,2402,3.7003655503734074,99.73627822647107,6067,2002-01-10,2026-09-01,False,False,True,True,2
cn_leading_idx_level|selfz|w252,cn_cycle,cn_leading_idx,level,0,M,45,selfz,252,day,2,1,0.17311953988606166,-0.2557800859895204,0.0666571692557823,0.07256678231673218,0.03098912264864711,0.48,-1.533461332036003,25,0.0016994307944781662,0.013614115191106065,0.7186606111911962,-45.74165188942402,1571,3.7003655503734074,99.73627822647107,6067,2002-01-10,2026-09-01,False,False,True,True,2
cn_leading_idx_level|selfz|w252,cn_cycle,cn_leading_idx,level,0,M,45,selfz,252,o2o,2,1,0.14504194465286574,-0.0024523801134187844,0.10254242843420268,0.10701362916800072,0.08416836795340349,0.48,-1.6729847607607695,25,-0.01326867807898693,0.013614115191106065,0.7186606111911962,-75.25310183574376,2401,3.7003655503734074,99.73627822647107,6067,2002-01-10,2026-09-01,False,False,True,True,2
cn_leading_idx_level|selfz|w252,cn_cycle,cn_leading_idx,level,0,M,45,selfz,252,ongap,2,-1,0.6759011374091266,0.12346851881697431,0.16623651018513103,0.1737824279628797,0.07306171618602854,0.5,-1.597499119914846,10,-0.07687742988683456,0.04573994066938117,0.7043718359929261,-12.786807539553834,1430,3.186751093210527,99.73498233215548,2264,2017-05-16,2026-09-01,False,False,True,True,2
cn_leading_idx_level|robustz|w60,cn_cycle,cn_leading_idx,level,0,M,45,robustz,60,c2c,2,1,0.15098017302505792,0.19512226391114104,0.16354727382870385,0.17675802288331421,0.0703101111063467,0.5,-2.738623865651404,26,0.0273757545806477,0.015423208471920366,0.5459761844655773,-100.08201034555229,4424,9.394117242934843,98.94033257254647,6134,2001-10-05,2026-09-01,False,False,True,True,2
cn_leading_idx_level|robustz|w60,cn_cycle,cn_leading_idx,level,0,M,45,robustz,60,day,2,1,0.08941365289500543,-0.18453087912381885,0.022727210122973098,0.03967643754972463,-0.031695603877873506,0.5769230769230769,-1.963825458451901,26,0.046952571376368095,0.015423208471920366,0.5459761844655773,-63.1517490433245,6001,9.394117242934843,98.94033257254647,6134,2001-10-05,2026-09-01,False,False,True,True,2
cn_leading_idx_level|robustz|w60,cn_cycle,cn_leading_idx,level,0,M,45,robustz,60,o2o,2,1,0.16116832534259562,0.24105245066422623,0.1834387612817859,0.1962544592960775,0.08009751572970723,0.46153846153846156,-2.823225200801927,26,0.03953964231197638,0.015423208471920366,0.5459761844655773,-95.52214865489795,3554,9.394117242934843,98.94033257254647,6134,2001-10-05,2026-09-01,False,False,True,True,2
cn_leading_idx_level|robustz|w60,cn_cycle,cn_leading_idx,level,0,M,45,robustz,60,ongap,2,-1,0.9696671760936607,-0.3082753709482108,-0.18865085335601123,-0.1597712332764115,0.004317299463859376,0.5,-3.0423686500459426,10,-0.014996250910919894,-0.04416779760127835,0.5412363422945766,-16.331331391491837,1776,9.926824273806082,98.54240282685512,2264,2017-05-16,2026-09-01,False,False,True,True,2
cn_leading_idx_level|robustz|w120,cn_cycle,cn_leading_idx,level,0,M,45,robustz,120,c2c,2,1,0.04750837893871475,0.02607379690763661,0.04111205846099554,0.047025759274842004,-0.010431027871436547,0.44,-2.2296840853756428,25,0.026012264370749428,0.021247943914052984,0.6369689844179048,-70.19951877875108,1938,4.5279948552021,99.50609153770168,6074,2001-12-31,2026-09-01,False,False,True,True,2
cn_leading_idx_level|robustz|w120,cn_cycle,cn_leading_idx,level,0,M,45,robustz,120,day,2,1,0.12412023089393391,-0.47181683192936213,-0.024912887122438478,-0.017243232261396502,-0.14412118083477093,0.44,-1.23678378198592,25,0.04021428204686132,0.021247943914052984,0.6369689844179048,-57.33284445554923,1738,4.5279948552021,99.50609153770168,6074,2001-12-31,2026-09-01,False,False,True,True,2
cn_leading_idx_level|robustz|w120,cn_cycle,cn_leading_idx,level,0,M,45,robustz,120,o2o,2,1,0.07857026666390178,0.021466549941471447,0.06156687814959983,0.06743788838824794,0.00926654604719658,0.44,-2.330452745440511,25,0.0547520539327407,0.021247943914052984,0.6369689844179048,-70.74304299974126,1808,4.5279948552021,99.50609153770168,6074,2001-12-31,2026-09-01,False,False,True,True,2
cn_leading_idx_level|robustz|w120,cn_cycle,cn_leading_idx,level,0,M,45,robustz,120,ongap,2,-1,0.8593678766227508,-0.04997695341055941,0.03728032273928628,0.049120482855717795,0.08328556253033412,0.5,-2.73141971737333,10,-0.15078492868859122,-0.04784572856383669,0.6322227705466562,-13.724506654846543,1430,4.627669927474391,99.82332155477032,2264,2017-05-16,2026-09-01,False,False,False,True,1
cn_leading_idx_level|robustz|w252,cn_cycle,cn_leading_idx,level,0,M,45,robustz,252,c2c,2,1,0.14200869145954925,0.08260693079879293,0.12384623732690923,0.12752687109257918,0.11411310696923062,0.52,-1.533919493340723,25,-0.05559740738081792,-0.007524998276883953,0.7710258960028996,-75.3665638353858,2402,3.1892782529080903,99.83170649612924,5942,2002-07-18,2026-09-01,False,False,True,True,2
cn_leading_idx_level|robustz|w252,cn_cycle,cn_leading_idx,level,0,M,45,robustz,252,day,2,1,0.08625028470158133,-0.3625077454120377,-0.027695152040695774,-0.022811131955342547,-0.08022312497864763,0.4,-1.604856251190455,25,-0.058273604218386024,-0.007524998276883953,0.7710258960028996,-54.60358718183438,3206,3.1892782529080903,99.83170649612924,5942,2002-07-18,2026-09-01,False,False,True,True,2
cn_leading_idx_level|robustz|w252,cn_cycle,cn_leading_idx,level,0,M,45,robustz,252,o2o,2,1,0.10882921712628917,0.06811283845616559,0.09687661136540167,0.10049804525051935,0.07780697576161481,0.56,-1.5839090664632411,25,-0.07871311929181345,-0.007524998276883953,0.7710258960028996,-79.08880934215264,2401,3.1892782529080903,99.83170649612924,5942,2002-07-18,2026-09-01,False,False,True,True,2
cn_leading_idx_level|robustz|w252,cn_cycle,cn_leading_idx,level,0,M,45,robustz,252,ongap,2,-1,0.7137783261041715,0.047806086404923315,0.10455647252997874,0.11142246740797808,0.016979343059773676,0.5,-2.4112524248386715,10,-0.1411254557883097,0.029582331861808385,0.759981220166652,-12.326646129768365,1430,3.062049813590682,99.82332155477032,2264,2017-05-16,2026-09-01,False,False,True,True,2
cn_leading_idx_level|bdtanh|w60,cn_cycle,cn_leading_idx,level,0,M,45,bdtanh,60,c2c,2,1,0.35322196419444396,-0.37399729652891245,0.14755837226021412,0.15947425304884533,0.1192120132472825,0.6153846153846154,-2.646564616148844,26,-0.030250466317034125,0.010789425261550026,0.6961472077628911,-98.56881691961625,1712,9.19071215982215,99.70793444750933,6163,2001-08-21,2026-09-01,False,False,True,True,2
cn_leading_idx_level|bdtanh|w60,cn_cycle,cn_leading_idx,level,0,M,45,bdtanh,60,day,2,1,0.2552586275317868,-0.45156581753706077,0.08820656461335707,0.1033991445708922,0.07925937613638741,0.5,-1.9248452164581753,26,-0.0017892935986318075,0.010789425261550026,0.6961472077628911,-57.03647649044723,1696,9.19071215982215,99.70793444750933,6163,2001-08-21,2026-09-01,False,False,True,True,2
cn_leading_idx_level|bdtanh|w60,cn_cycle,cn_leading_idx,level,0,M,45,bdtanh,60,o2o,2,1,0.37273589861921963,-0.28795048567321313,0.19001850018805,0.20160970760836758,0.15075969567203473,0.6153846153846154,-2.647119082040653,26,-0.02711469890738748,0.010789425261550026,0.6961472077628911,-88.57014869494749,1714,9.19071215982215,99.70793444750933,6163,2001-08-21,2026-09-01,False,False,True,True,2
cn_leading_idx_level|bdtanh|w60,cn_cycle,cn_leading_idx,level,0,M,45,bdtanh,60,ongap,2,-1,0.8073985243337074,0.13071290501154742,0.18724675742262503,0.21255069504226726,0.20098867401938036,0.5,-1.1750582647600976,10,0.026421885888229215,0.04301034026988636,0.6950673865552734,-16.896342650491544,1454,9.711039457108907,99.73498233215548,2264,2017-05-16,2026-09-01,False,False,True,True,2
cn_leading_idx_level|bdtanh|w120,cn_cycle,cn_leading_idx,level,0,M,45,bdtanh,120,c2c,2,1,0.3799441060638678,-0.17665403798195917,0.21417015593980682,0.22074182273247292,0.19526727945821626,0.5,-2.5510648489979335,26,-0.021725336539831636,0.01627047205560337,0.7121617077290238,-85.79003780205673,1703,5.170616259710598,99.64128485243762,6133,2001-10-08,2026-09-01,False,False,True,True,2
cn_leading_idx_level|bdtanh|w120,cn_cycle,cn_leading_idx,level,0,M,45,bdtanh,120,day,2,1,0.28493067788147697,-0.4004745411674749,0.11654905241302448,0.125012357588563,0.08747270193514926,0.46153846153846156,-1.8073214303940612,26,0.01357647769706711,0.01627047205560337,0.7121617077290238,-57.04182672131879,1578,5.170616259710598,99.64128485243762,6133,2001-10-08,2026-09-01,False,False,True,True,2
cn_leading_idx_level|bdtanh|w120,cn_cycle,cn_leading_idx,level,0,M,45,bdtanh,120,o2o,2,1,0.38548966743633395,-0.16627726949504867,0.2263744914790675,0.23286505095442706,0.2023711032147079,0.5384615384615384,-2.16070495245101,26,-0.015783637067920107,0.01627047205560337,0.7121617077290238,-84.9158190155431,1619,5.170616259710598,99.64128485243762,6133,2001-10-08,2026-09-01,False,False,True,True,2
cn_leading_idx_level|bdtanh|w120,cn_cycle,cn_leading_idx,level,0,M,45,bdtanh,120,ongap,2,-1,0.5069614434124928,0.06388467154008906,0.10136627455645897,0.1131219183571275,0.10898237309836808,0.5,-1.2872801305624588,10,-0.027930122634136804,0.027233161172322128,0.7160479200090129,-16.733211830371523,1434,4.784977199819285,99.69081272084806,2264,2017-05-16,2026-09-01,False,False,True,True,2
cn_leading_idx_level|bdtanh|w252,cn_cycle,cn_leading_idx,level,0,M,45,bdtanh,252,c2c,2,1,0.15460304099479544,-0.06923244453331373,0.08787762552007314,0.09124186389883805,0.0987586416105918,0.48,-1.9018028879983895,25,-0.05431591034976188,0.0008643060912781466,0.7464249972351998,-82.62308239045177,2398,2.8228851131004324,99.73627822647107,6067,2002-01-10,2026-09-01,False,False,True,True,2
cn_leading_idx_level|bdtanh|w252,cn_cycle,cn_leading_idx,level,0,M,45,bdtanh,252,day,2,1,0.098711814279429,-0.22690453414377248,0.019672141135821115,0.024075861280505893,0.026686313702373093,0.56,-1.6993882503915732,25,-0.02466043364291731,0.0008643060912781466,0.7464249972351998,-45.26115463801052,1590,2.8228851131004324,99.73627822647107,6067,2002-01-10,2026-09-01,False,False,True,True,2
cn_leading_idx_level|bdtanh|w252,cn_cycle,cn_leading_idx,level,0,M,45,bdtanh,252,o2o,2,1,0.143421032782976,-0.11156062331509126,0.07180462691017492,0.07512081992292703,0.06787932732591771,0.44,-1.7660968530463736,25,-0.053802163727613324,0.0008643060912781466,0.7464249972351998,-87.10474124925945,2392,2.8228851131004324,99.73627822647107,6067,2002-01-10,2026-09-01,False,False,True,True,2
cn_leading_idx_level|bdtanh|w252,cn_cycle,cn_leading_idx,level,0,M,45,bdtanh,252,ongap,2,-1,0.31460136833468155,0.18406215554576708,0.19297213606872218,0.1986151129526708,0.10747742005731227,0.4,-1.1691065837705168,10,-0.03894758934500912,0.059515647558655134,0.7354513839555679,-14.609929034518377,1628,2.4235034288492967,99.82332155477032,2264,2017-05-16,2026-09-01,False,False,True,True,2
cn_leading_idx_level|rankc|w60,cn_cycle,cn_leading_idx,level,0,M,45,rankc,60,c2c,2,1,0.27037009774561344,-0.24437298090693002,0.11671653417825298,0.12819884074600857,0.05770881487914313,0.5769230769230769,-2.7778403649307757,26,-0.059533996394828016,0.01853148331610895,0.6654341829242308,-85.0720722356548,1417,9.170560975595636,95.62999489882674,5881,2001-08-21,2026-09-01,False,False,True,True,2
cn_leading_idx_level|rankc|w60,cn_cycle,cn_leading_idx,level,0,M,45,rankc,60,day,2,1,0.13661318652391133,-0.38882472457595074,0.005003483876381753,0.01952531698217883,-0.08945281690240801,0.4230769230769231,-1.103098902562486,26,-0.03988893647940567,0.01853148331610895,0.6654341829242308,-53.3135553561525,1657,9.170560975595636,95.62999489882674,5881,2001-08-21,2026-09-01,False,False,True,True,2
cn_leading_idx_level|rankc|w60,cn_cycle,cn_leading_idx,level,0,M,45,rankc,60,o2o,2,1,0.3875752502631602,-0.14299061889011586,0.2341218081988133,0.24517499553488095,0.20518703275940192,0.6153846153846154,-2.7288629027065094,26,-0.05312677747351512,0.01853148331610895,0.6654341829242308,-74.95180511086083,1414,9.170560975595636,95.62999489882674,5881,2001-08-21,2026-09-01,False,False,True,True,2
cn_leading_idx_level|rankc|w60,cn_cycle,cn_leading_idx,level,0,M,45,rankc,60,ongap,2,-1,0.7869044276080464,0.03196125946118853,0.09849643204409367,0.12759894875211283,0.18992917375905985,0.5,-1.0505546989014978,10,0.10143022443018736,0.05515302173506704,0.6627456758400995,-18.496940595638804,1717,11.60934654147766,94.8321554770318,2264,2017-05-16,2026-09-01,False,False,True,True,2
cn_leading_idx_level|rankc|w120,cn_cycle,cn_leading_idx,level,0,M,45,rankc,120,c2c,2,1,0.3630272437501407,-0.35145271662481753,0.14639596227425417,0.1535186356352897,0.11854427942131979,0.6153846153846154,-1.9982529472757298,26,-0.0700239635738701,0.016348075454039265,0.6666012989237586,-97.18108618127785,1432,5.82564485990777,92.79308658079243,6133,2001-10-08,2026-09-01,False,False,True,True,2
cn_leading_idx_level|rankc|w120,cn_cycle,cn_leading_idx,level,0,M,45,rankc,120,day,2,1,0.20798963743992563,-0.36508185179910524,0.06357098768492375,0.07272003471852277,0.03267231898459889,0.46153846153846156,-1.0984857164239088,26,-0.04357371904848021,0.016348075454039265,0.6666012989237586,-52.86024933477093,1571,5.82564485990777,92.79308658079243,6133,2001-10-08,2026-09-01,False,False,True,True,2
cn_leading_idx_level|rankc|w120,cn_cycle,cn_leading_idx,level,0,M,45,rankc,120,o2o,2,1,0.41880677695469143,-0.2792349425904644,0.21492070662609836,0.22193015058519652,0.22869944625333322,0.6538461538461539,-2.108187864117947,26,-0.06726720641042795,0.016348075454039265,0.6666012989237586,-89.45443114053646,1409,5.82564485990777,92.79308658079243,6133,2001-10-08,2026-09-01,False,True,True,True,3
cn_leading_idx_level|rankc|w120,cn_cycle,cn_leading_idx,level,0,M,45,rankc,120,ongap,2,-1,0.527800548452931,0.1851268604613684,0.20867922100819922,0.22823638881073804,0.2289255483841835,0.6,-1.1498187493198069,10,0.05978459747490039,0.06869304289677744,0.6961313883173486,-18.843147562476325,1557,8.375175657204977,96.37809187279152,2264,2017-05-16,2026-09-01,False,False,True,True,2
cn_leading_idx_level|rankc|w252,cn_cycle,cn_leading_idx,level,0,M,45,rankc,252,c2c,2,1,0.3613071479398038,-0.16509380528082726,0.19811574981925714,0.2018725660658609,0.17981647868213613,0.52,-1.9241282873052938,25,-0.06957885701016174,0.031148479577228612,0.7510676496004852,-81.81953562299353,2345,3.4427142808189366,99.75940883313285,5819,2002-01-10,2026-09-01,False,False,True,True,2
cn_leading_idx_level|rankc|w252,cn_cycle,cn_leading_idx,level,0,M,45,rankc,252,day,2,1,0.15527154585982336,-0.19586793022784557,0.06599561637122099,0.07085487154003671,0.05956427889348745,0.56,-1.3970298368249028,25,-0.029065686116860827,0.031148479577228612,0.7510676496004852,-39.24911788999705,1571,3.4427142808189366,99.75940883313285,5819,2002-01-10,2026-09-01,False,False,True,True,2
cn_leading_idx_level|rankc|w252,cn_cycle,cn_leading_idx,level,0,M,45,rankc,252,o2o,2,1,0.36706657269352155,-0.18097290297617066,0.2054866883529545,0.20919518764258305,0.18786702889743717,0.52,-1.8898818587499044,25,-0.06908308250268876,0.031148479577228612,0.7510676496004852,-82.03762524758648,2317,3.4427142808189366,99.75940883313285,5819,2002-01-10,2026-09-01,False,False,True,True,2
cn_leading_idx_level|rankc|w252,cn_cycle,cn_leading_idx,level,0,M,45,rankc,252,ongap,2,-1,0.06529056099179009,0.25843571362986434,0.2346579662653304,0.24568069215502517,0.1508499441782935,0.4,-1.2390128575824022,10,0.05104924290956601,0.07776813369857506,0.7371682169449734,-18.663807378215683,1755,4.73654938823994,99.55830388692578,2264,2017-05-16,2026-09-01,False,False,True,True,2
cn_leading_idx_level|signth|w60,cn_cycle,cn_leading_idx,level,0,M,45,signth,60,c2c,2,1,0.4488853070765874,-0.4779013173201246,0.18224356425113483,0.18534364516962404,0.0726123768408002,0.5769230769230769,-3.1367238028062774,26,-0.1165921952670717,-0.007561395492851172,0.6799361540735434,-85.30716884231853,1477,2.3517152482474137,97.48509687034277,5368,2001-07-10,2026-04-28,False,False,True,True,2
cn_leading_idx_level|signth|w60,cn_cycle,cn_leading_idx,level,0,M,45,signth,60,day,2,1,0.19355860991213844,-0.5545867463262214,0.01870607224544295,0.02268014233326954,-0.14051491734275265,0.38461538461538464,-2.617392844544783,26,-0.10071166627665902,-0.007561395492851172,0.6799361540735434,-50.327792252589575,1355,2.3517152482474137,97.48509687034277,5368,2001-07-10,2026-04-28,False,False,True,True,2
cn_leading_idx_level|signth|w60,cn_cycle,cn_leading_idx,level,0,M,45,signth,60,o2o,2,1,0.42261643565173185,-0.45248571667376414,0.18201950029107022,0.18505674226327803,0.08465247501292295,0.5769230769230769,-3.320732493942172,26,-0.12534375515600787,-0.007561395492851172,0.6799361540735434,-86.13353485492999,1482,2.3517152482474137,97.48509687034277,5368,2001-07-10,2026-04-28,False,False,True,True,2
cn_leading_idx_level|signth|w60,cn_cycle,cn_leading_idx,level,0,M,45,signth,60,ongap,2,-1,0.6185177749637869,0.21999218908646773,0.2417147499760898,0.2468737535440349,0.3395983161199318,0.6,-1.0192541466748883,10,0.06637682932849738,0.09620966198092692,0.716462738152369,-18.786537178102353,1408,2.212726846820589,100.0,1830,2017-10-18,2026-04-28,False,False,True,True,2
cn_leading_idx_level|signth|w120,cn_cycle,cn_leading_idx,level,0,M,45,signth,120,c2c,2,1,0.16705952371518376,-0.295179586292648,0.03269951339601226,0.035314796298528996,-0.04852971449297484,0.5384615384615384,-6.382999163917524,26,-0.16454699621266805,-0.02614814576560055,0.7138327349691557,-81.91268098654677,2033,2.1711754197882254,100.0,5141,2001-07-10,2026-05-29,False,False,False,True,1
cn_leading_idx_level|signth|w120,cn_cycle,cn_leading_idx,level,0,M,45,signth,120,day,2,-1,0.10776679659781561,0.2781545780701702,0.14669577380800136,0.15001938978978824,0.18811989351944688,0.5,-1.9534322603605916,26,0.15591955603832558,0.02614814576560055,0.7138327349691557,-38.79828318755929,4037,2.1711754197882254,100.0,5141,2001-07-10,2026-05-29,False,False,False,True,1
cn_leading_idx_level|signth|w120,cn_cycle,cn_leading_idx,level,0,M,45,signth,120,o2o,2,1,0.18573748715862384,-0.3015311613146117,0.050725959646330795,0.05326582933613676,-0.029786812655108946,0.5384615384615384,-5.722234893677603,26,-0.18758621532744238,-0.02614814576560055,0.7138327349691557,-83.59489282139853,1692,2.1711754197882254,100.0,5141,2001-07-10,2026-05-29,False,False,False,True,1
cn_leading_idx_level|signth|w120,cn_cycle,cn_leading_idx,level,0,M,45,signth,120,ongap,2,-1,0.31950281249841994,0.1872085080382837,0.19373973976290357,0.1988208162139232,0.18355404235424524,0.5,-2.5904480041501006,10,0.07576540541462636,0.1073710246091372,0.7191748469717478,-20.119395106740654,1514,2.2226452458287036,100.0,1858,2017-05-16,2026-05-29,False,False,True,True,2
cn_leading_idx_level|signth|w252,cn_cycle,cn_leading_idx,level,0,M,45,signth,252,c2c,2,-1,0.10155131142505255,0.19177425043839555,0.12816594939812237,0.13063778876227336,0.04632693563243197,0.52,-2.9050504147614244,25,0.11477982840033393,0.01747246622808447,0.6917748053871202,-106.18920155284259,4510,2.009620782304624,94.93416239941477,5468,2001-10-15,2026-06-29,False,False,True,True,2
cn_leading_idx_level|signth|w252,cn_cycle,cn_leading_idx,level,0,M,45,signth,252,day,2,-1,0.2084926840012481,0.2841766231214846,0.2245090657225353,0.22767999865595775,0.14421996203000334,0.56,-1.7515630930497281,25,0.10094135246087099,0.01747246622808447,0.6917748053871202,-44.03680650894811,4411,2.009620782304624,94.93416239941477,5468,2001-10-15,2026-06-29,False,False,True,True,2
cn_leading_idx_level|signth|w252,cn_cycle,cn_leading_idx,level,0,M,45,signth,252,o2o,2,-1,0.06535392692904539,0.19706157370419744,0.1017031078945636,0.10412254938114422,0.02666604067261126,0.52,-2.838368873801539,25,0.12617746106684524,0.01747246622808447,0.6917748053871202,-111.82833487294532,4510,2.009620782304624,94.93416239941477,5468,2001-10-15,2026-06-29,False,False,True,True,2
cn_leading_idx_level|signth|w252,cn_cycle,cn_leading_idx,level,0,M,45,signth,252,ongap,2,1,0.020445145205080992,-0.2232778636326101,-0.19572760855533206,-0.1905842136215514,-0.0024094505902333765,0.4,-1.721290536101781,10,0.013011326890992195,-0.0983220184764865,0.7180077417189886,-21.694867134848884,500,2.164474698199458,100.0,1979,2017-05-16,2026-06-29,False,False,True,True,2
cn_leading_idx_level|dev|w60,cn_cycle,cn_leading_idx,level,0,M,45,dev,60,c2c,2,1,0.3381936240853138,-0.006562493394122794,0.2426271896308947,0.25136814841409555,0.13976684787494384,0.5,-2.34776733490699,26,-0.02606673571256541,0.03143888111811434,0.7290319032555737,-73.35202944588505,1571,7.416307943614231,99.6430309914003,6163,2001-08-21,2026-09-01,False,False,True,True,2
cn_leading_idx_level|dev|w60,cn_cycle,cn_leading_idx,level,0,M,45,dev,60,day,2,1,0.29289344888048924,-0.5595365706653188,0.09596503154967079,0.10709820284275944,0.02754651939346661,0.5,-1.4757083842197465,26,-0.0314926296657536,0.03143888111811434,0.7290319032555737,-68.11685787648233,1650,7.416307943614231,99.6430309914003,6163,2001-08-21,2026-09-01,False,False,True,True,2
cn_leading_idx_level|dev|w60,cn_cycle,cn_leading_idx,level,0,M,45,dev,60,o2o,2,1,0.3520316468014973,-0.0017229779861127374,0.2555090905740712,0.26404716763123265,0.1624727865953417,0.5769230769230769,-2.4483978922841647,26,-0.040923430132297475,0.03143888111811434,0.7290319032555737,-71.28594355046275,1570,7.416307943614231,99.6430309914003,6163,2001-08-21,2026-09-01,False,False,True,True,2
cn_leading_idx_level|dev|w60,cn_cycle,cn_leading_idx,level,0,M,45,dev,60,ongap,2,-1,0.1037294950327503,-0.12707526412396652,-0.09684150629729624,-0.07660206977546456,-0.01722404039244599,0.4,-2.9721504643063663,10,0.00027855398777198987,0.057670690863202145,0.7115388121809859,-17.112630928506796,1755,8.096806576390177,99.55830388692578,2264,2017-05-16,2026-09-01,False,False,True,True,2
cn_leading_idx_level|dev|w120,cn_cycle,cn_leading_idx,level,0,M,45,dev,120,c2c,2,1,0.2662293977018578,-0.14995845240119313,0.14714390482927378,0.15188535319823276,-0.02175131909549919,0.5384615384615384,-4.842393016660275,26,-0.04005953023105055,0.029309800408952934,0.759011307998269,-80.23561796406653,2393,4.132295280852589,99.60867438447741,6133,2001-10-08,2026-09-01,False,False,True,True,2
cn_leading_idx_level|dev|w120,cn_cycle,cn_leading_idx,level,0,M,45,dev,120,day,2,1,0.19901152005650213,-0.5473495139390959,0.021783489088726998,0.027914660300945363,-0.10370367175651801,0.46153846153846156,-3.110478301898608,26,-0.03740540754668429,0.029309800408952934,0.759011307998269,-68.79750399462212,1676,4.132295280852589,99.60867438447741,6133,2001-10-08,2026-09-01,False,False,True,True,2
cn_leading_idx_level|dev|w120,cn_cycle,cn_leading_idx,level,0,M,45,dev,120,o2o,2,1,0.25521109700452177,-0.1648494211055866,0.13830697155169658,0.14296735977902045,-0.012873332252245072,0.5769230769230769,-4.058944744493434,26,-0.052897201583238476,0.029309800408952934,0.759011307998269,-79.06055920580067,2334,4.132295280852589,99.60867438447741,6133,2001-10-08,2026-09-01,False,False,True,True,2
cn_leading_idx_level|dev|w120,cn_cycle,cn_leading_idx,level,0,M,45,dev,120,ongap,2,-1,0.012877220782172185,0.015562980040815895,0.01510537728424206,0.02535790795444143,0.02801895305025129,0.4,-1.9546891398631254,10,0.009228462218766392,0.07605093386106142,0.7501436421105919,-19.198275719058515,1755,4.466592488591654,99.38162544169612,2264,2017-05-16,2026-09-01,False,False,True,True,2
cn_leading_idx_level|dev|w252,cn_cycle,cn_leading_idx,level,0,M,45,dev,252,c2c,2,1,0.2617190816512119,-0.12403028217925584,0.14912256556267245,0.15187797551716692,0.10810167775355231,0.56,-1.8247765058490752,25,-0.06269464971329312,0.01540862172463405,0.7902875840488813,-79.60345411195247,2403,2.513269153676774,99.58793472886104,6067,2002-01-10,2026-09-01,False,False,True,True,2
cn_leading_idx_level|dev|w252,cn_cycle,cn_leading_idx,level,0,M,45,dev,252,day,2,1,0.04641959992590621,-0.21777458220060691,-0.01602023507267915,-0.012439549445996446,0.015036445285596375,0.6,-1.6308798380672627,25,-0.03757274989789881,0.01540862172463405,0.7902875840488813,-56.6229587929852,2810,2.513269153676774,99.58793472886104,6067,2002-01-10,2026-09-01,False,False,True,True,2
cn_leading_idx_level|dev|w252,cn_cycle,cn_leading_idx,level,0,M,45,dev,252,o2o,2,1,0.2545659580151987,-0.15511286665605986,0.1411852039987278,0.14388342764473855,0.08956174108388257,0.56,-2.156584462907326,25,-0.08728218374826069,0.01540862172463405,0.7902875840488813,-84.98223560814908,2401,2.513269153676774,99.58793472886104,6067,2002-01-10,2026-09-01,False,False,True,True,2
cn_leading_idx_level|dev|w252,cn_cycle,cn_leading_idx,level,0,M,45,dev,252,ongap,2,1,0.02308621658482521,-0.14712527782185789,-0.123522496465207,-0.11736711905598475,-0.12138016660209432,0.5,-2.0737245304469845,10,-0.06529621546754241,-0.10843530150143475,0.7784503922545913,-25.54691725333481,699,2.8094154084863296,99.60247349823321,2264,2017-05-16,2026-09-01,False,False,True,True,2
cn_exports_yoy|selfz|w60,cn_cycle,cn_exports,yoy,12,M,60,selfz,60,c2c,2,-1,0.056050839559195646,-0.19328207974425912,-0.015842630278198332,0.000935285757580631,0.05583872781291905,0.38461538461538464,-1.6201660827124582,26,-0.027540705948401415,-0.011295945587949451,0.5950647950172768,-52.47237175429874,2517,11.84002662804998,99.57812753529124,6163,2001-08-21,2026-09-01,False,False,True,True,2
cn_exports_yoy|selfz|w60,cn_cycle,cn_exports,yoy,12,M,60,selfz,60,day,2,-1,0.21566921357765026,-0.004051633247034887,0.1631130435564708,0.18444784398855413,0.15402450725975544,0.46153846153846156,-1.5121504555867578,26,-0.05337717544623235,-0.011295945587949451,0.5950647950172768,-28.86639486225845,1402,11.84002662804998,99.57812753529124,6163,2001-08-21,2026-09-01,False,False,True,True,2
cn_exports_yoy|selfz|w60,cn_cycle,cn_exports,yoy,12,M,60,selfz,60,o2o,2,-1,0.05933384796169641,-0.15255081511363194,0.0019358882388784372,0.018253658044202772,0.06079498487515887,0.5384615384615384,-1.3364558399562172,26,-0.04864381463991808,-0.011295945587949451,0.5950647950172768,-49.7826187142389,4173,11.84002662804998,99.57812753529124,6163,2001-08-21,2026-09-01,False,False,True,True,2
cn_exports_yoy|selfz|w60,cn_cycle,cn_exports,yoy,12,M,60,selfz,60,ongap,2,-1,1.0281088600389674,-0.24489448727304208,-0.07269732143370643,-0.04037520402119019,0.2607108014327398,0.5,-1.2818567672309522,10,0.05598989662281155,0.00515427912653261,0.5841465958616681,-16.19213605635734,1580,11.210117474351211,99.60247349823321,2264,2017-05-16,2026-09-01,False,False,True,True,2
cn_exports_yoy|selfz|w120,cn_cycle,cn_exports,yoy,12,M,60,selfz,120,c2c,2,1,0.007245233644651753,0.12268543381913442,0.04173424008395957,0.0551727421404742,-0.014350974461555761,0.5769230769230769,-3.9249695004048815,26,0.008215828836949206,-0.0031593584130118956,0.5711705742661122,-66.93878193161441,5370,8.844642815535625,99.26626447089517,6133,2001-10-08,2026-09-01,False,False,True,True,2
cn_exports_yoy|selfz|w120,cn_cycle,cn_exports,yoy,12,M,60,selfz,120,day,2,-1,0.10533824247529427,0.023403641148913825,0.08450799106192605,0.10165531036880489,0.051374784637596,0.5384615384615384,-2.003400637111167,26,-0.015946700135988482,0.0031593584130118956,0.5711705742661122,-40.84970654236251,4174,8.844642815535625,99.26626447089517,6133,2001-10-08,2026-09-01,False,False,True,True,2
cn_exports_yoy|selfz|w120,cn_cycle,cn_exports,yoy,12,M,60,selfz,120,o2o,2,1,-0.004983167183380224,0.09173719086816189,0.022637692281245403,0.03604319062936913,-0.032418917981729925,0.5769230769230769,-3.8136097317988606,26,0.007801306220492194,-0.0031593584130118956,0.5711705742661122,-63.564832477652324,5369,8.844642815535625,99.26626447089517,6133,2001-10-08,2026-09-01,False,False,True,True,2
cn_exports_yoy|selfz|w120,cn_cycle,cn_exports,yoy,12,M,60,selfz,120,ongap,2,-1,0.9561259439806473,-0.4032270838245527,-0.21281542882654617,-0.18633814369430035,0.1261931370929691,0.5,-1.7272672241309444,10,0.07735732328343932,0.033514889249309454,0.5559443415281309,-18.041300989973536,1580,8.549537142926773,99.38162544169612,2264,2017-05-16,2026-09-01,False,False,True,True,2
cn_exports_yoy|selfz|w252,cn_cycle,cn_exports,yoy,12,M,60,selfz,252,c2c,2,1,0.05128349862095605,0.0964235849992971,0.0652227746444891,0.07571881458270235,0.07686138535042113,0.56,-3.118782872019823,25,0.019361595289224657,-0.01187093526480124,0.599081389900409,-58.44077196742056,3108,7.355386679929812,99.45607384209659,6067,2002-01-10,2026-09-01,False,False,True,True,2
cn_exports_yoy|selfz|w252,cn_cycle,cn_exports,yoy,12,M,60,selfz,252,day,2,-1,0.02352737706493491,0.06563913388459228,0.03417386912279436,0.04777638561683879,-0.03891066636816794,0.52,-1.8726736068381018,25,-0.03547458773677112,0.01187093526480124,0.599081389900409,-54.15691226189221,4267,7.355386679929812,99.45607384209659,6067,2002-01-10,2026-09-01,False,False,True,True,2
cn_exports_yoy|selfz|w252,cn_cycle,cn_exports,yoy,12,M,60,selfz,252,o2o,2,1,0.04334004132451705,0.010536501229398842,0.03391666080305744,0.044283310826903656,0.06259963441805291,0.52,-2.9797108321547103,25,0.013701342948673081,-0.01187093526480124,0.599081389900409,-60.515295068528985,3279,7.355386679929812,99.45607384209659,6067,2002-01-10,2026-09-01,False,False,True,True,2
cn_exports_yoy|selfz|w252,cn_cycle,cn_exports,yoy,12,M,60,selfz,252,ongap,2,-1,0.7108877455457594,-0.31323207653565355,-0.16568317859289877,-0.1440066098663214,0.10218085998539073,0.5,-1.9379032332687476,10,0.06034366530587938,0.037005544021905604,0.6112028362099895,-17.532363674821376,1580,7.239910988682412,99.73498233215548,2264,2017-05-16,2026-09-01,False,False,True,True,2
cn_exports_yoy|robustz|w60,cn_cycle,cn_exports,yoy,12,M,60,robustz,60,c2c,2,1,0.2381388307836878,0.09297961989364448,0.19441420314466332,0.21135938414854658,0.1183154308815869,0.46153846153846156,-2.786826706506995,26,-0.02240710282131037,0.0011855535166057432,0.4477009046438382,-38.10425650519736,1831,10.048550830564698,98.80347484019013,6101,2001-10-05,2026-09-01,False,False,True,True,2
cn_exports_yoy|robustz|w60,cn_cycle,cn_exports,yoy,12,M,60,robustz,60,day,2,-1,-0.018381469685178852,0.10274741791820437,0.010569512800918508,0.032389143311992594,0.010844946432403708,0.5384615384615384,-2.0004988534388333,26,0.02347171704571159,-0.0011855535166057432,0.4477009046438382,-31.448642609189946,4316,10.048550830564698,98.80347484019013,6101,2001-10-05,2026-09-01,False,False,True,True,2
cn_exports_yoy|robustz|w60,cn_cycle,cn_exports,yoy,12,M,60,robustz,60,o2o,2,1,0.144252155224096,0.14454592654560808,0.14415523042948977,0.1606752540569314,0.07632235573452467,0.46153846153846156,-2.9202883790967977,26,-0.030035927599686638,0.0011855535166057432,0.4477009046438382,-45.00420276477237,2407,10.048550830564698,98.80347484019013,6101,2001-10-05,2026-09-01,False,False,True,True,2
cn_exports_yoy|robustz|w60,cn_cycle,cn_exports,yoy,12,M,60,robustz,60,ongap,2,-1,0.59980254557993,-0.10034574211401424,-0.017497692780653332,0.018940843362447796,0.3268168989966766,0.5,-0.8364846179672328,10,0.025271325444846872,0.007503062924897353,0.4503531393977194,-11.52327714535328,1580,10.19482314257316,99.02222222222223,2250,2017-05-16,2026-09-01,False,False,True,True,2
cn_exports_yoy|robustz|w120,cn_cycle,cn_exports,yoy,12,M,60,robustz,120,c2c,2,1,0.24039538847255396,0.31015130436127003,0.25881458498192234,0.27264423021325507,0.17022979680814973,0.72,-3.7957755170399685,25,-0.014122057940113609,-0.011345148252951479,0.5194487686632904,-49.364711616762634,2139,8.600901040706216,98.66644715179453,6074,2001-12-31,2026-09-01,False,True,True,True,3
cn_exports_yoy|robustz|w120,cn_cycle,cn_exports,yoy,12,M,60,robustz,120,day,2,1,0.00539315870503609,0.07779177144720424,0.020885833595319054,0.0386697132272649,0.07131912226068915,0.52,-1.673971815156138,25,0.0016681723889424597,-0.011345148252951479,0.5194487686632904,-59.09715728409887,4793,8.600901040706216,98.66644715179453,6074,2001-12-31,2026-09-01,False,False,True,True,2
cn_exports_yoy|robustz|w120,cn_cycle,cn_exports,yoy,12,M,60,robustz,120,o2o,2,1,0.23077041192754041,0.26080500114040756,0.2372495942617124,0.25071976785539696,0.16060413677942978,0.72,-3.9506383347266105,25,-0.015454500434949187,-0.011345148252951479,0.5194487686632904,-48.29245282268747,2113,8.600901040706216,98.66644715179453,6074,2001-12-31,2026-09-01,False,True,True,True,3
cn_exports_yoy|robustz|w120,cn_cycle,cn_exports,yoy,12,M,60,robustz,120,ongap,2,-1,0.9178593410583618,-0.648435193598454,-0.41591634045344356,-0.38875787821549007,0.019386401501824732,0.5,-1.5974746223304153,10,0.07331771491586118,0.016820093774485283,0.48352344084292675,-25.178934998049574,1569,8.009860304760364,99.60247349823321,2264,2017-05-16,2026-09-01,False,False,True,True,2
cn_exports_yoy|robustz|w252,cn_cycle,cn_exports,yoy,12,M,60,robustz,252,c2c,2,-1,0.07350124619534022,-0.11570324027370357,0.0146029528149397,0.02481186404457216,-0.0029005769394952778,0.44,-1.8487307186076414,25,0.028784560643510683,0.0282662733519692,0.610782848312668,-115.69535922759525,4237,7.406751499851171,99.68024234264557,5942,2002-07-18,2026-09-01,False,False,True,True,2
cn_exports_yoy|robustz|w252,cn_cycle,cn_exports,yoy,12,M,60,robustz,252,day,2,-1,0.10690232490680503,0.06784066747664173,0.09613505834693442,0.109813217666634,0.03539534826981421,0.56,-1.736950145347572,25,0.028798186707429143,0.0282662733519692,0.610782848312668,-59.03326725388068,4267,7.406751499851171,99.68024234264557,5942,2002-07-18,2026-09-01,False,False,True,True,2
cn_exports_yoy|robustz|w252,cn_cycle,cn_exports,yoy,12,M,60,robustz,252,o2o,2,-1,0.0955406378722786,-0.05409700183782742,0.05165587432894709,0.06186809361221275,0.007766750236290609,0.44,-2.014420205430864,25,0.04862239697971094,0.0282662733519692,0.610782848312668,-107.09469526329318,4236,7.406751499851171,99.68024234264557,5942,2002-07-18,2026-09-01,False,False,True,True,2
cn_exports_yoy|robustz|w252,cn_cycle,cn_exports,yoy,12,M,60,robustz,252,ongap,2,-1,0.7259004851197569,-0.39904066188398346,-0.23147649523212638,-0.2108549532241204,0.07369800289740643,0.5,-1.8225707128724968,10,0.0947472015064963,0.03890238664686799,0.5839371438188031,-21.13556015283733,1580,7.411611864257761,99.77915194346289,2264,2017-05-16,2026-09-01,False,False,True,True,2
cn_exports_yoy|bdtanh|w60,cn_cycle,cn_exports,yoy,12,M,60,bdtanh,60,c2c,2,-1,0.029909729229255715,-0.17421662114599243,-0.02912558081611025,-0.015024749751705013,0.045514318244828184,0.4230769230769231,-1.4460640762187817,26,-0.02171547055487137,-0.00514738647915958,0.6843212417210114,-58.2001550993609,2634,11.183727231277594,99.7241603115366,6163,2001-08-21,2026-09-01,False,False,True,True,2
cn_exports_yoy|bdtanh|w60,cn_cycle,cn_exports,yoy,12,M,60,bdtanh,60,day,2,-1,0.18212183392788098,0.0350217767210967,0.14609433327086366,0.16408757134165797,0.1399857676167757,0.5,-1.3793160011313796,26,-0.04644328825008313,-0.00514738647915958,0.6843212417210114,-32.2086892176044,2577,11.183727231277594,99.7241603115366,6163,2001-08-21,2026-09-01,False,False,True,True,2
cn_exports_yoy|bdtanh|w60,cn_cycle,cn_exports,yoy,12,M,60,bdtanh,60,o2o,2,-1,0.02311709181594361,-0.12044979751073369,-0.016042964950158813,-0.002387573949136641,0.04088519687533461,0.5384615384615384,-1.2876692295057457,26,-0.03604213006393478,-0.00514738647915958,0.6843212417210114,-61.17804743487404,4173,11.183727231277594,99.7241603115366,6163,2001-08-21,2026-09-01,False,False,True,True,2
cn_exports_yoy|bdtanh|w60,cn_cycle,cn_exports,yoy,12,M,60,bdtanh,60,ongap,2,-1,1.0864035641522214,-0.25971182207325955,-0.08669638341155524,-0.05969841632993935,0.2716191920249796,0.5,-1.3161588784388591,10,0.1009518134640616,0.00897909780121091,0.6834485077252581,-19.29183953559994,1580,10.657658785601873,99.60247349823321,2264,2017-05-16,2026-09-01,False,False,True,True,2
cn_exports_yoy|bdtanh|w120,cn_cycle,cn_exports,yoy,12,M,60,bdtanh,120,c2c,2,-1,-0.005072223581321524,-0.06723868830336545,-0.0240564284098841,-0.012267070203985368,0.015710755785252873,0.38461538461538464,-1.6117685949323624,26,-0.004540110637356526,0.0016439982080217927,0.65721538505921,-70.66080137034274,4178,8.993898805029323,99.5597586825371,6133,2001-10-08,2026-09-01,False,False,True,True,2
cn_exports_yoy|bdtanh|w120,cn_cycle,cn_exports,yoy,12,M,60,bdtanh,120,day,2,-1,0.12694304284953098,0.051562545759193903,0.10705959172990552,0.1222407359807844,0.06872837080385051,0.5384615384615384,-1.7579778254781868,26,-0.010557375343682835,0.0016439982080217927,0.65721538505921,-48.36349857917693,4174,8.993898805029323,99.5597586825371,6133,2001-10-08,2026-09-01,False,False,True,True,2
cn_exports_yoy|bdtanh|w120,cn_cycle,cn_exports,yoy,12,M,60,bdtanh,120,o2o,2,-1,-0.0106518684958731,-0.021477288032433442,-0.013823266572825775,-0.0020122711007974064,0.02013375086680069,0.4230769230769231,-1.8659799560071462,26,0.005008759029178314,0.0016439982080217927,0.65721538505921,-69.99960801456244,4173,8.993898805029323,99.5597586825371,6133,2001-10-08,2026-09-01,False,False,True,True,2
cn_exports_yoy|bdtanh|w120,cn_cycle,cn_exports,yoy,12,M,60,bdtanh,120,ongap,2,-1,0.9448168768501325,-0.3878652296037662,-0.19045567858228182,-0.16668120596506245,0.13808514174672049,0.5,-1.9032946788325789,10,0.07561124084111613,0.017389077941464253,0.6578084402073772,-20.825980613672513,1580,8.990084523560606,99.46996466431095,2264,2017-05-16,2026-09-01,False,False,True,True,2
cn_exports_yoy|bdtanh|w252,cn_cycle,cn_exports,yoy,12,M,60,bdtanh,252,c2c,2,1,0.029017681906210048,0.0744020519783275,0.04355489447304611,0.05298599228067237,0.03916512487599149,0.52,-2.9060763882220133,25,-0.0017367596644413024,-0.02871696845953308,0.677405741215323,-62.95505769837166,3124,7.300823681101905,99.73627822647107,6067,2002-01-10,2026-09-01,False,False,True,True,2
cn_exports_yoy|bdtanh|w252,cn_cycle,cn_exports,yoy,12,M,60,bdtanh,252,day,2,-1,0.01779572527443946,0.07359325073886487,0.032961030802712746,0.04531504398533017,-0.03137862004787174,0.56,-1.981253903455912,25,-0.014356477107872535,0.02871696845953308,0.677405741215323,-67.21740960401446,4267,7.300823681101905,99.73627822647107,6067,2002-01-10,2026-09-01,False,False,True,True,2
cn_exports_yoy|bdtanh|w252,cn_cycle,cn_exports,yoy,12,M,60,bdtanh,252,o2o,2,1,0.027947376811078194,-0.013287955542442364,0.015490218383386826,0.02481999886897774,0.029362431371537073,0.52,-2.718324950998473,25,-0.007120117130024255,-0.02871696845953308,0.677405741215323,-65.31190835967124,3284,7.300823681101905,99.73627822647107,6067,2002-01-10,2026-09-01,False,False,True,True,2
cn_exports_yoy|bdtanh|w252,cn_cycle,cn_exports,yoy,12,M,60,bdtanh,252,ongap,2,-1,0.7430529302133689,-0.3257326294961172,-0.15808436383053887,-0.1389206943903562,0.10679887290537034,0.6,-2.159020228618553,10,0.04112141160754342,0.05490994247961592,0.7164377610456255,-20.3343782915831,1580,7.308926974121414,99.95583038869258,2264,2017-05-16,2026-09-01,False,False,True,True,2
cn_exports_yoy|rankc|w60,cn_cycle,cn_exports,yoy,12,M,60,rankc,60,c2c,2,-1,0.07932897623386588,-0.20126748688877497,-0.0011531164907274708,0.014471479475355889,0.050851031632025236,0.4230769230769231,-2.0717008015845653,26,-0.07058368222859059,-0.026052885988064187,0.6412597492490488,-62.38095250924901,2467,12.216396078159967,99.26983611877333,6163,2001-08-21,2026-09-01,False,False,True,True,2
cn_exports_yoy|rankc|w60,cn_cycle,cn_exports,yoy,12,M,60,rankc,60,day,2,-1,0.2164596399989582,-0.04134808481289537,0.1550463135061539,0.17488327659601657,0.11553537148557537,0.5,-1.2045528135037853,26,-0.09260857541367604,-0.026052885988064187,0.6412597492490488,-34.52452223601427,2577,12.216396078159967,99.26983611877333,6163,2001-08-21,2026-09-01,False,False,True,True,2
cn_exports_yoy|rankc|w60,cn_cycle,cn_exports,yoy,12,M,60,rankc,60,o2o,2,-1,0.0937273294829448,-0.10449157827570853,0.040291582531163286,0.05544757438008286,0.0771831194571719,0.5769230769230769,-2.0969934799094228,26,-0.0978615376715766,-0.026052885988064187,0.6412597492490488,-54.43558849984014,2629,12.216396078159967,99.26983611877333,6163,2001-08-21,2026-09-01,False,False,True,True,2
cn_exports_yoy|rankc|w60,cn_cycle,cn_exports,yoy,12,M,60,rankc,60,ongap,2,-1,0.784139409222722,-0.25209827913604904,-0.11321089221780209,-0.07873932587120255,0.1834745300410737,0.6,-1.6531349557505952,10,0.05473057919126758,-0.001410275970885612,0.6444538732615659,-17.62595156014586,1580,12.186009466891608,98.98409893992934,2264,2017-05-16,2026-09-01,False,False,True,True,2
cn_exports_yoy|rankc|w120,cn_cycle,cn_exports,yoy,12,M,60,rankc,120,c2c,2,-1,-0.005635981341431244,-0.21861883481598182,-0.07001612955908965,-0.0572762084126646,-0.03670438052129982,0.4230769230769231,-1.7906639412341412,26,-0.05153134429107767,-0.00998917152670143,0.6542736264832121,-77.6047455759532,2517,9.795488851954259,99.52714821457688,6133,2001-10-08,2026-09-01,False,False,True,True,2
cn_exports_yoy|rankc|w120,cn_cycle,cn_exports,yoy,12,M,60,rankc,120,day,2,-1,0.16460165926421477,-0.016694661248240063,0.11867362920247473,0.13507811365121106,0.07144190545883908,0.5384615384615384,-1.661720677392283,26,-0.06032058000908316,-0.00998917152670143,0.6542736264832121,-47.17769857353043,4267,9.795488851954259,99.52714821457688,6133,2001-10-08,2026-09-01,False,False,True,True,2
cn_exports_yoy|rankc|w120,cn_cycle,cn_exports,yoy,12,M,60,rankc,120,o2o,2,-1,0.021442363815824327,-0.13409122158846698,-0.023878971811936555,-0.0112383331513901,0.004268118609877849,0.5,-1.8823200198387806,26,-0.05743552977218595,-0.00998917152670143,0.6542736264832121,-67.70465023194956,1846,9.795488851954259,99.52714821457688,6133,2001-10-08,2026-09-01,False,False,True,True,2
cn_exports_yoy|rankc|w120,cn_cycle,cn_exports,yoy,12,M,60,rankc,120,ongap,2,-1,0.8532833452219428,-0.4991868466149972,-0.3121129918728383,-0.28867573401746355,0.08267776034820548,0.5,-2.0892265079640557,10,0.06016373988671948,0.008687348798276637,0.6601266973180377,-27.406879023547347,1580,9.275820382500694,99.55830388692578,2264,2017-05-16,2026-09-01,False,False,True,True,2
cn_exports_yoy|rankc|w252,cn_cycle,cn_exports,yoy,12,M,60,rankc,252,c2c,2,1,0.08163049942061039,0.20229149400413926,0.12060972355550842,0.13129688280841134,0.1340246684153363,0.48,-2.730911841625831,25,0.02293577713184616,-0.007199256803979494,0.6739258527990644,-57.36802061090043,2093,8.25815386666764,99.55496950716993,6067,2002-01-10,2026-09-01,False,False,True,True,2
cn_exports_yoy|rankc|w252,cn_cycle,cn_exports,yoy,12,M,60,rankc,252,day,2,-1,0.008901975529878467,-0.07866929590066271,-0.014734246868325048,-0.0006796064629407199,-0.10908130626056341,0.52,-1.9340645334952122,25,-0.04735697673180809,0.007199256803979494,0.6739258527990644,-74.20147420362274,4267,8.25815386666764,99.55496950716993,6067,2002-01-10,2026-09-01,False,False,True,True,2
cn_exports_yoy|rankc|w252,cn_cycle,cn_exports,yoy,12,M,60,rankc,252,o2o,2,1,0.05566274080845501,0.10347036719597347,0.07055514526839197,0.08124140483132133,0.0977441352043204,0.56,-2.6044628655950377,25,0.022401626459909535,-0.007199256803979494,0.6739258527990644,-55.33216573130106,3129,8.25815386666764,99.55496950716993,6067,2002-01-10,2026-09-01,False,False,True,True,2
cn_exports_yoy|rankc|w252,cn_cycle,cn_exports,yoy,12,M,60,rankc,252,ongap,2,-1,0.730011499512088,-0.44801652876058434,-0.27550539195465246,-0.25576054884350125,0.0796578676559177,0.5,-2.180904177043771,10,0.04079115061708151,0.024738829456217026,0.7039031627490676,-26.4077357574269,1580,8.172871638065283,99.91166077738515,2264,2017-05-16,2026-09-01,False,False,True,True,2
cn_exports_yoy|signth|w60,cn_cycle,cn_exports,yoy,12,M,60,signth,60,c2c,2,-1,0.03293656553776772,-0.12885625067588558,-0.013890182949980893,-0.0004520762285898783,0.04729362974008022,0.46153846153846156,-1.194991389520903,26,-0.00643007345529361,0.0016909807271914198,0.671686166806843,-59.526181369032074,4178,10.765688816596512,99.30555555555556,6192,2001-07-10,2026-09-01,False,False,True,True,2
cn_exports_yoy|signth|w60,cn_cycle,cn_exports,yoy,12,M,60,signth,60,day,2,-1,0.17375659283292855,0.04274540770241126,0.14186121365685686,0.15879937327696375,0.13118552803824016,0.5,-1.4109930072201415,26,-0.026368657496978608,0.0016909807271914198,0.671686166806843,-31.689771101046578,2577,10.765688816596512,99.30555555555556,6192,2001-07-10,2026-09-01,False,False,True,True,2
cn_exports_yoy|signth|w60,cn_cycle,cn_exports,yoy,12,M,60,signth,60,o2o,2,-1,0.01069436370817641,-0.0638153515820171,-0.009418608535376983,0.00355678586900542,0.03474602221143038,0.4230769230769231,-1.2909168987713295,26,-0.015850596392355486,0.0016909807271914198,0.671686166806843,-58.17354053566993,4173,10.765688816596512,99.30555555555556,6192,2001-07-10,2026-09-01,False,False,True,True,2
cn_exports_yoy|signth|w60,cn_cycle,cn_exports,yoy,12,M,60,signth,60,ongap,2,-1,1.0431674189934281,-0.19662774280712958,-0.04505636881276382,-0.0196911206921046,0.32604926159498404,0.5,-1.1357714226518214,10,0.09737564765820968,0.010615285991127313,0.6732874623570445,-17.701577540645037,1580,10.326145804093523,99.33745583038869,2264,2017-05-16,2026-09-01,False,False,True,True,2
cn_exports_yoy|signth|w120,cn_cycle,cn_exports,yoy,12,M,60,signth,120,c2c,2,-1,0.0512200036230909,-0.15981618223767305,-0.008680788198273552,0.002584713072199621,0.008901049050424579,0.4230769230769231,-2.182411756684673,26,0.034783454497584375,0.01121315513209057,0.6554824721620136,-68.81382627627251,4178,8.88905497280008,99.30555555555556,6192,2001-07-10,2026-09-01,False,False,True,True,2
cn_exports_yoy|signth|w120,cn_cycle,cn_exports,yoy,12,M,60,signth,120,day,2,-1,0.10814522682434144,-0.10757689072651687,0.05704086424674015,0.07124174899900064,-0.02486729773852796,0.5,-2.733991398830797,26,0.03637976522617638,0.01121315513209057,0.6554824721620136,-52.06659737652398,4174,8.88905497280008,99.30555555555556,6192,2001-07-10,2026-09-01,False,False,True,True,2
cn_exports_yoy|signth|w120,cn_cycle,cn_exports,yoy,12,M,60,signth,120,o2o,2,-1,0.010071336877830678,-0.11650425480568864,-0.023802129066329655,-0.012811752466570939,-0.013387421409101737,0.46153846153846156,-2.0670862787040933,26,0.04631339364341086,0.01121315513209057,0.6554824721620136,-71.59035948356609,4173,8.88905497280008,99.30555555555556,6192,2001-07-10,2026-09-01,False,False,True,True,2
cn_exports_yoy|signth|w120,cn_cycle,cn_exports,yoy,12,M,60,signth,120,ongap,2,-1,0.980453196088313,-0.39392975437786487,-0.17969358793416823,-0.15670218788943727,0.10489287969530425,0.5,-1.8300648985190444,10,0.11581283993320869,0.02578644563515804,0.6493344509787704,-18.644525044389464,1617,8.819152071962645,99.33745583038869,2264,2017-05-16,2026-09-01,False,False,True,True,2
cn_exports_yoy|signth|w252,cn_cycle,cn_exports,yoy,12,M,60,signth,252,c2c,2,-1,-0.0065366842472667575,-0.053811983410784504,-0.021080252726831256,-0.012488326751439913,0.016630310378815284,0.46153846153846156,-2.0214145611493923,26,0.023852365512009973,0.03667317975376631,0.6640089333433431,-100.47893629615447,4137,6.8935735249943555,99.31011826544021,6088,2001-10-15,2026-09-01,False,False,True,True,2
cn_exports_yoy|signth|w252,cn_cycle,cn_exports,yoy,12,M,60,signth,252,day,2,-1,0.10234576795800993,0.0005344912963723045,0.07566550719345577,0.08689403655770328,0.02173276386564476,0.5,-2.0570068338507292,26,0.0155515471053878,0.03667317975376631,0.6640089333433431,-75.15375793042195,4058,6.8935735249943555,99.31011826544021,6088,2001-10-15,2026-09-01,False,False,True,True,2
cn_exports_yoy|signth|w252,cn_cycle,cn_exports,yoy,12,M,60,signth,252,o2o,2,-1,0.02991442055697026,-0.0021674946507403785,0.020618742194454455,0.0290791420536456,0.031183222468969925,0.5,-1.8977581815567581,26,0.020381947719788723,0.03667317975376631,0.6640089333433431,-84.3678627097994,4136,6.8935735249943555,99.31011826544021,6088,2001-10-15,2026-09-01,False,False,True,True,2
cn_exports_yoy|signth|w252,cn_cycle,cn_exports,yoy,12,M,60,signth,252,ongap,2,-1,0.7344850965952864,-0.3367728285784425,-0.17371373329558745,-0.15500691517755086,0.09696335372534139,0.5,-2.2917770371240738,10,0.0503399324109212,0.052924679963440045,0.6841600569789786,-21.54890998054112,1580,7.268148381423319,99.51413427561837,2264,2017-05-16,2026-09-01,False,False,True,True,2
cn_exports_yoy|dev|w60,cn_cycle,cn_exports,yoy,12,M,60,dev,60,c2c,2,1,0.06486926495236474,-0.03623877628980893,0.03421117548304071,0.04852294673176141,-0.045779205870357435,0.6538461538461539,-2.601403394665941,26,0.07907136673238563,0.022308826390160026,0.5291887543428884,-56.52786757298966,5370,9.612150079969851,98.29628427713776,6163,2001-08-21,2026-09-01,False,True,True,True,3
cn_exports_yoy|dev|w60,cn_cycle,cn_exports,yoy,12,M,60,dev,60,day,2,-1,0.07043471801644022,0.12288268921613203,0.08237450801585905,0.10050839289396543,0.0669675129278841,0.5769230769230769,-1.6460037412539494,26,-0.1141231043069656,-0.022308826390160026,0.5291887543428884,-39.879681679683046,4174,9.612150079969851,98.29628427713776,6163,2001-08-21,2026-09-01,False,False,True,True,2
cn_exports_yoy|dev|w60,cn_cycle,cn_exports,yoy,12,M,60,dev,60,o2o,2,1,0.02742453452647876,-0.050661490444255046,0.005451533974355689,0.01931386333556667,-0.05805937709421575,0.46153846153846156,-2.50414081025809,26,0.0780584637262516,0.022308826390160026,0.5291887543428884,-61.83581342908546,5524,9.612150079969851,98.29628427713776,6163,2001-08-21,2026-09-01,False,False,True,True,2
cn_exports_yoy|dev|w60,cn_cycle,cn_exports,yoy,12,M,60,dev,60,ongap,2,-1,1.0211418178215728,-0.20748107100890673,-0.07519555455352046,-0.046398724727872064,0.26145913219501526,0.5,-1.2976453228170788,10,0.04597500422907312,0.006928685687000638,0.5038816396296459,-12.736366293416811,1580,9.250102140023406,97.04063604240282,2264,2017-05-16,2026-09-01,False,False,True,True,2
cn_exports_yoy|dev|w120,cn_cycle,cn_exports,yoy,12,M,60,dev,120,c2c,2,1,0.1135656845775175,-0.04486368732741292,0.06796762550052898,0.07994370929559418,0.06587821976042198,0.6153846153846154,-3.6639327779453827,26,0.06697219163632832,0.01492893517301973,0.5545783620808159,-66.68433744379898,5370,8.104880222049642,99.23365400293494,6133,2001-10-08,2026-09-01,False,False,True,True,2
cn_exports_yoy|dev|w120,cn_cycle,cn_exports,yoy,12,M,60,dev,120,day,2,1,-0.00021656748939352272,-0.20721385284681934,-0.04849583874734936,-0.03324103063159844,0.009856701711879872,0.5,-1.540474793121604,26,0.0871952472475548,0.01492893517301973,0.5545783620808159,-62.659568146958456,4997,8.104880222049642,99.23365400293494,6133,2001-10-08,2026-09-01,False,False,True,True,2
cn_exports_yoy|dev|w120,cn_cycle,cn_exports,yoy,12,M,60,dev,120,o2o,2,1,0.08241075743476642,-0.10484874509120724,0.031207211504407226,0.04316058621082313,0.03542618610142619,0.5769230769230769,-3.6470813087481018,26,0.05443733698978798,0.01492893517301973,0.5545783620808159,-70.19361773734552,5524,8.104880222049642,99.23365400293494,6133,2001-10-08,2026-09-01,False,False,True,True,2
cn_exports_yoy|dev|w120,cn_cycle,cn_exports,yoy,12,M,60,dev,120,ongap,2,-1,0.9402869190732865,-0.32743085818646506,-0.13124145381949026,-0.10591892922991859,0.13565039509306867,0.5,-1.8359628110752064,10,0.03126161574468934,0.018726538672247987,0.5305460911454852,-16.123891636594134,1580,7.91162944523273,99.1166077738516,2264,2017-05-16,2026-09-01,False,False,True,True,2
cn_exports_yoy|dev|w252,cn_cycle,cn_exports,yoy,12,M,60,dev,252,c2c,2,-1,0.09065510730508977,-0.14190371997954196,0.022485521826940927,0.032093422744862724,-0.04303824433738139,0.44,-2.201599700273621,25,-0.04105696671832665,-0.0007726282606398585,0.608754924615397,-102.10471865555164,4195,6.956054619865058,99.09345640349432,6067,2002-01-10,2026-09-01,False,False,True,True,2
cn_exports_yoy|dev|w252,cn_cycle,cn_exports,yoy,12,M,60,dev,252,day,2,-1,0.08030493859770053,0.06260959959920401,0.07530574574124495,0.08771350137369968,-0.01531687198022354,0.56,-1.850061155261446,25,-0.051569011960307276,-0.0007726282606398585,0.608754924615397,-57.528073585285966,4267,6.956054619865058,99.09345640349432,6067,2002-01-10,2026-09-01,False,False,True,True,2
cn_exports_yoy|dev|w252,cn_cycle,cn_exports,yoy,12,M,60,dev,252,o2o,2,-1,0.09720681829511174,-0.052170346261273134,0.05637746992880846,0.06582488868510539,-0.029855044784542834,0.48,-2.1761007484835324,25,-0.03689350165242316,-0.0007726282606398585,0.608754924615397,-93.51088026192141,4173,6.956054619865058,99.09345640349432,6067,2002-01-10,2026-09-01,False,False,True,True,2
cn_exports_yoy|dev|w252,cn_cycle,cn_exports,yoy,12,M,60,dev,252,ongap,2,-1,0.7244595780438831,-0.33473523823880835,-0.16639552490631782,-0.14414588808179102,0.09440937924355952,0.5,-1.9925890257905148,10,0.03291902562274883,0.017947245012913067,0.5974556982992081,-17.730234808118762,1580,7.142739698699697,98.4982332155477,2264,2017-05-16,2026-09-01,False,False,True,True,2
cn_shanghai_comp_yoy|selfz|w60,cn_cycle,cn_shanghai_comp,yoy,12,M,31,selfz,60,c2c,2,1,0.1662739080111759,0.18914915704415816,0.17315283020720496,0.18683193405645226,0.1292890333954612,0.5769230769230769,-1.2762820070711272,26,-0.0998637613983055,0.006974151627430394,0.601741024462318,-63.54781715542778,1857,10.369455828194571,99.43209475904592,6163,2001-08-21,2026-09-01,False,False,True,True,2
cn_shanghai_comp_yoy|selfz|w60,cn_cycle,cn_shanghai_comp,yoy,12,M,31,selfz,60,day,2,1,0.018992542938708536,0.46197810677096285,0.12688713487138192,0.14496199717220482,0.10368377205562966,0.5,-1.1173422819217003,26,-0.051742678991803674,0.006974151627430394,0.601741024462318,-48.48808989641605,3215,10.369455828194571,99.43209475904592,6163,2001-08-21,2026-09-01,False,False,True,True,2
cn_shanghai_comp_yoy|selfz|w60,cn_cycle,cn_shanghai_comp,yoy,12,M,31,selfz,60,o2o,2,1,0.168737493462316,0.2991620468952451,0.20682825551165673,0.22066509184541352,0.18792149845160552,0.5769230769230769,-1.5171169587949513,26,-0.06548509937824566,0.006974151627430394,0.601741024462318,-69.01108380987412,1870,10.369455828194571,99.43209475904592,6163,2001-08-21,2026-09-01,False,False,True,True,2
cn_shanghai_comp_yoy|selfz|w60,cn_cycle,cn_shanghai_comp,yoy,12,M,31,selfz,60,ongap,2,1,0.13142582398119743,-0.11022123462360277,-0.08513266334792927,-0.058069618550057635,-0.18770405126363737,0.5,-2.395282105080119,10,-0.21747630975183893,-0.026922657206221664,0.6141581365013065,-12.29331596690389,807,10.378475895621156,99.38162544169612,2264,2017-05-16,2026-09-01,False,False,False,True,1
cn_shanghai_comp_yoy|selfz|w120,cn_cycle,cn_shanghai_comp,yoy,12,M,31,selfz,120,c2c,2,1,0.30452716413835423,-0.12189521734774,0.18954527174312336,0.19848992983602215,0.17152916489244585,0.46153846153846156,-1.4178193466523241,26,-0.0058527852713971575,0.029732322279708807,0.6272645222235793,-59.60374239900739,1712,6.804970424660415,99.5760639165172,6133,2001-10-08,2026-09-01,False,False,True,True,2
cn_shanghai_comp_yoy|selfz|w120,cn_cycle,cn_shanghai_comp,yoy,12,M,31,selfz,120,day,2,1,0.1748913436547458,0.20377000110950283,0.17882841606786595,0.19033109629672654,0.22955697477978004,0.5769230769230769,-1.335487283123274,26,0.05065981825346721,0.029732322279708807,0.6272645222235793,-45.09047477810712,1739,6.804970424660415,99.5760639165172,6133,2001-10-08,2026-09-01,False,False,True,True,2
cn_shanghai_comp_yoy|selfz|w120,cn_cycle,cn_shanghai_comp,yoy,12,M,31,selfz,120,o2o,2,1,0.29728779576004755,-0.03126227599291611,0.21076678301448568,0.219472685761316,0.20127185820832316,0.5384615384615384,-1.2944591415909683,26,0.004991582731112218,0.029732322279708807,0.6272645222235793,-58.56393395636938,1719,6.804970424660415,99.5760639165172,6133,2001-10-08,2026-09-01,False,False,True,True,2
cn_shanghai_comp_yoy|selfz|w120,cn_cycle,cn_shanghai_comp,yoy,12,M,31,selfz,120,ongap,2,-1,0.07421803259212861,0.33325511290690973,0.3003737324825186,0.32142751346435977,0.457425404475681,0.6,-0.539987018757595,10,0.07532086103142321,0.041130320826065075,0.5989614740344206,-9.510087139757777,1510,7.031452768227007,99.77915194346289,2264,2017-05-16,2026-09-01,False,False,True,True,2
cn_shanghai_comp_yoy|selfz|w252,cn_cycle,cn_shanghai_comp,yoy,12,M,31,selfz,252,c2c,2,1,0.059767358888285445,-0.24596060296695937,-0.026894275580452005,-0.021164285229692856,0.0012193824825608365,0.36,-2.286838677409043,25,0.019684171681359806,0.034342486891566555,0.6659910692611611,-67.29327642493385,2406,4.571786937915003,99.43959123125103,6067,2002-01-10,2026-09-01,False,False,True,True,2
cn_shanghai_comp_yoy|selfz|w252,cn_cycle,cn_shanghai_comp,yoy,12,M,31,selfz,252,day,2,1,0.055023606982599046,0.20306780306781855,0.08892137291233879,0.09633810187804256,0.09757665912836563,0.52,-1.45595955502275,25,0.0838055384968578,0.034342486891566555,0.6659910692611611,-41.503628269578776,1739,4.571786937915003,99.43959123125103,6067,2002-01-10,2026-09-01,False,False,True,True,2
cn_shanghai_comp_yoy|selfz|w252,cn_cycle,cn_shanghai_comp,yoy,12,M,31,selfz,252,o2o,2,1,0.06740084404009349,-0.17649439951672233,0.00040216523328609233,0.006079114946498133,0.035380710266921314,0.44,-2.2648646907529084,25,0.04799826641861456,0.034342486891566555,0.6659910692611611,-60.94092658647925,2401,4.571786937915003,99.43959123125103,6067,2002-01-10,2026-09-01,False,False,True,True,2
cn_shanghai_comp_yoy|selfz|w252,cn_cycle,cn_shanghai_comp,yoy,12,M,31,selfz,252,ongap,2,1,0.01726924676970317,-0.5353689803396335,-0.4687719994695315,-0.4557195606995375,-0.4318781036098121,0.4,-2.9556176269433267,10,-0.0428481845665222,-0.03263610382200461,0.6231875193819904,-27.506834524544622,1569,4.816680592081499,99.51413427561837,2264,2017-05-16,2026-09-01,False,False,True,True,2
cn_shanghai_comp_yoy|robustz|w60,cn_cycle,cn_shanghai_comp,yoy,12,M,31,robustz,60,c2c,2,1,0.260959517510323,-0.2913224397083328,0.0989197167442794,0.11144639139984137,0.13286485881170262,0.5769230769230769,-1.8506277421488893,26,-0.05292662735583353,0.005573801690236995,0.48956604532297304,-62.104785056539825,1729,8.532246431901331,98.51646560156505,6134,2001-10-05,2026-09-01,False,False,True,True,2
cn_shanghai_comp_yoy|robustz|w60,cn_cycle,cn_shanghai_comp,yoy,12,M,31,robustz,60,day,2,1,0.1727751082383278,0.26364355663694455,0.19233612835683322,0.20862562599049242,0.25856326771857147,0.6538461538461539,-1.453834256690303,26,0.02479635861316308,0.005573801690236995,0.48956604532297304,-52.155388404521254,1730,8.532246431901331,98.51646560156505,6134,2001-10-05,2026-09-01,False,True,True,True,3
cn_shanghai_comp_yoy|robustz|w60,cn_cycle,cn_shanghai_comp,yoy,12,M,31,robustz,60,o2o,2,1,0.23135504153246947,-0.22673458467581709,0.10252273246741196,0.11501005346386972,0.13841682091143398,0.6153846153846154,-1.710838658382705,26,-0.004774780196550989,0.005573801690236995,0.48956604532297304,-59.60023404879333,1732,8.532246431901331,98.51646560156505,6134,2001-10-05,2026-09-01,False,False,True,True,2
cn_shanghai_comp_yoy|robustz|w60,cn_cycle,cn_shanghai_comp,yoy,12,M,31,robustz,60,ongap,2,1,0.4408671335150889,-0.417299995287046,-0.34150900234046266,-0.3132995398012275,-0.4016825366864567,0.5,-2.101607955173844,10,-0.23023777165987427,-0.034055826599028165,0.44239178977713217,-14.944872212362755,1830,8.658644429480113,98.2773851590106,2264,2017-05-16,2026-09-01,False,False,False,True,1
cn_shanghai_comp_yoy|robustz|w120,cn_cycle,cn_shanghai_comp,yoy,12,M,31,robustz,120,c2c,2,1,0.15039063952697707,0.03304091765076379,0.11758072193505975,0.12637501914372526,0.054330306139806925,0.48,-1.6130697578621156,25,-0.023819827825292336,0.01512130414616197,0.6039927200443604,-54.75727200810419,1734,6.3579373661019085,99.09450115245308,6074,2001-12-31,2026-09-01,False,False,True,True,2
cn_shanghai_comp_yoy|robustz|w120,cn_cycle,cn_shanghai_comp,yoy,12,M,31,robustz,120,day,2,1,0.11110266234774364,0.0677417180741102,0.09970494642601181,0.11119426087605251,0.08422491920952342,0.6,-1.4059349203405298,25,0.023735558186315696,0.01512130414616197,0.6039927200443604,-36.949115608642714,1738,6.3579373661019085,99.09450115245308,6074,2001-12-31,2026-09-01,False,False,True,True,2
cn_shanghai_comp_yoy|robustz|w120,cn_cycle,cn_shanghai_comp,yoy,12,M,31,robustz,120,o2o,2,1,0.1462631332037717,0.12156290664802546,0.13916525602822655,0.14789129343643265,0.07854432998733071,0.56,-1.6583677560198016,25,-0.003015566280855193,0.01512130414616197,0.6039927200443604,-55.71842002849029,1737,6.3579373661019085,99.09450115245308,6074,2001-12-31,2026-09-01,False,False,True,True,2
cn_shanghai_comp_yoy|robustz|w120,cn_cycle,cn_shanghai_comp,yoy,12,M,31,robustz,120,ongap,2,1,-0.030715738407898995,-0.2591743551219188,-0.22899557036046111,-0.20984573455742037,-0.37537821695940277,0.5,-3.347762994565317,10,-0.133042898600848,-0.03309214710829885,0.5765390884717017,-17.969561251147198,1092,6.448078555732638,99.64664310954063,2264,2017-05-16,2026-09-01,False,False,True,True,2
cn_shanghai_comp_yoy|robustz|w252,cn_cycle,cn_shanghai_comp,yoy,12,M,31,robustz,252,c2c,2,1,0.14604285040652717,-0.27810804600403316,0.02237260376627854,0.027640340616469423,0.0005697753097178319,0.36,-1.9122981142874151,25,0.014033055212584652,0.01920296412778756,0.7050935650032422,-74.37252274129042,2501,4.311348000916693,99.74755974419386,5942,2002-07-18,2026-09-01,False,False,True,True,2
cn_shanghai_comp_yoy|robustz|w252,cn_cycle,cn_shanghai_comp,yoy,12,M,31,robustz,252,day,2,1,0.1262786972716429,0.14191214041027925,0.1289062551139986,0.1358391952788355,0.10504326680864463,0.48,-1.2364350192097926,25,0.054521408120601106,0.01920296412778756,0.7050935650032422,-33.46136184548335,1734,4.311348000916693,99.74755974419386,5942,2002-07-18,2026-09-01,False,False,True,True,2
cn_shanghai_comp_yoy|robustz|w252,cn_cycle,cn_shanghai_comp,yoy,12,M,31,robustz,252,o2o,2,1,0.1844436064599505,-0.229965717616046,0.06632372837411477,0.07158379593945487,0.036430145401790605,0.48,-1.9648824195090493,25,0.04007445960021921,0.01920296412778756,0.7050935650032422,-69.32681029196527,2496,4.311348000916693,99.74755974419386,5942,2002-07-18,2026-09-01,False,False,True,True,2
cn_shanghai_comp_yoy|robustz|w252,cn_cycle,cn_shanghai_comp,yoy,12,M,31,robustz,252,ongap,2,-1,-0.010513223088603075,0.564031176429722,0.4884823901485944,0.5004213048588347,0.48799567109558106,0.6,-0.8683244425118289,10,-0.011290269260585037,0.04216872380532667,0.6654626291376554,-11.653511871367163,1628,4.819041872521143,99.73498233215548,2264,2017-05-16,2026-09-01,False,False,True,True,2
cn_shanghai_comp_yoy|bdtanh|w60,cn_cycle,cn_shanghai_comp,yoy,12,M,31,bdtanh,60,c2c,2,1,0.1705617056554281,0.2382390484779423,0.19111223709175715,0.2004068732804989,0.12123172785354354,0.5,-1.100643518727406,26,-0.10641124403086306,0.019738520341486578,0.6812810479582555,-54.01063896708784,1849,7.617191419119179,99.80528963167289,6163,2001-08-21,2026-09-01,False,False,True,True,2
cn_shanghai_comp_yoy|bdtanh|w60,cn_cycle,cn_shanghai_comp,yoy,12,M,31,bdtanh,60,day,2,1,0.014215796863250599,0.5021188495661613,0.13538457394820516,0.14762140007750785,0.0957790691175903,0.5384615384615384,-1.4188611642885056,26,-0.07681656060118869,0.019738520341486578,0.6812810479582555,-42.34703910393719,3151,7.617191419119179,99.80528963167289,6163,2001-08-21,2026-09-01,False,False,True,True,2
cn_shanghai_comp_yoy|bdtanh|w60,cn_cycle,cn_shanghai_comp,yoy,12,M,31,bdtanh,60,o2o,2,1,0.1987666878368241,0.32659766501564375,0.2363746398125262,0.24571091792384311,0.20301987824413897,0.5769230769230769,-1.2645244983483306,26,-0.08555412094274012,0.019738520341486578,0.6812810479582555,-54.496214773599014,1851,7.617191419119179,99.80528963167289,6163,2001-08-21,2026-09-01,False,False,True,True,2
cn_shanghai_comp_yoy|bdtanh|w60,cn_cycle,cn_shanghai_comp,yoy,12,M,31,bdtanh,60,ongap,2,1,0.051756348246246676,-0.12354211045256365,-0.10363491991526456,-0.08320688655316746,-0.20274113128834784,0.5,-1.9759423474458955,10,-0.18086500315964765,-0.010193877937757839,0.6986649239313208,-12.94524461359643,1026,8.391712382420957,99.82332155477032,2264,2017-05-16,2026-09-01,False,False,False,True,1
cn_shanghai_comp_yoy|bdtanh|w120,cn_cycle,cn_shanghai_comp,yoy,12,M,31,bdtanh,120,c2c,2,1,0.37611533150962095,-0.07498141036902989,0.24996089191866214,0.25710052289555724,0.23454346393566225,0.5384615384615384,-1.4614664863908553,26,0.0076088182910008136,0.04914793857815151,0.6854287167668377,-56.19253518835807,1606,5.639314288163312,99.72281102233818,6133,2001-10-08,2026-09-01,False,False,True,True,2
cn_shanghai_comp_yoy|bdtanh|w120,cn_cycle,cn_shanghai_comp,yoy,12,M,31,bdtanh,120,day,2,1,0.2537027246977974,0.384991752206621,0.281474222023799,0.2906540247620515,0.35956018076365787,0.5769230769230769,-1.3756891990598774,26,0.06469724497237268,0.04914793857815151,0.6854287167668377,-31.48574973940007,1739,5.639314288163312,99.72281102233818,6133,2001-10-08,2026-09-01,False,False,True,True,2
cn_shanghai_comp_yoy|bdtanh|w120,cn_cycle,cn_shanghai_comp,yoy,12,M,31,bdtanh,120,o2o,2,1,0.3564378645901578,0.005982194698420202,0.260439887644904,0.26738468389968406,0.28214928698686537,0.5769230769230769,-0.9338592059446945,26,0.025583925742961186,0.04914793857815151,0.6854287167668377,-45.71271593668854,1607,5.639314288163312,99.72281102233818,6133,2001-10-08,2026-09-01,False,False,True,True,2
cn_shanghai_comp_yoy|bdtanh|w120,cn_cycle,cn_shanghai_comp,yoy,12,M,31,bdtanh,120,ongap,2,-1,0.13117329703413025,0.4040407957402007,0.36856325109940613,0.3848728798395639,0.542424649253598,0.7,-0.8497498053643363,10,0.03405519322583037,0.0453272568613047,0.6679879950511379,-11.179238504239422,1463,6.117864335053417,99.55830388692578,2264,2017-05-16,2026-09-01,False,True,True,True,3
cn_shanghai_comp_yoy|bdtanh|w252,cn_cycle,cn_shanghai_comp,yoy,12,M,31,bdtanh,252,c2c,2,1,0.16250083376591073,-0.27463399096881275,0.033981122441186264,0.0385755899175913,0.05802267216979011,0.44,-2.2609743701862857,25,0.024959325788061867,0.06196262622510948,0.7067498915803784,-68.94808545997398,3978,3.8396406952957367,99.73627822647107,6067,2002-01-10,2026-09-01,False,False,True,True,2
cn_shanghai_comp_yoy|bdtanh|w252,cn_cycle,cn_shanghai_comp,yoy,12,M,31,bdtanh,252,day,2,1,0.08659203178746966,0.20275341004459965,0.11357388692949943,0.11956386584346426,0.1494818595192412,0.56,-1.6152557561157064,25,0.08396125904631893,0.06196262622510948,0.7067498915803784,-40.40809705742111,1739,3.8396406952957367,99.73627822647107,6067,2002-01-10,2026-09-01,False,False,True,True,2
cn_shanghai_comp_yoy|bdtanh|w252,cn_cycle,cn_shanghai_comp,yoy,12,M,31,bdtanh,252,o2o,2,1,0.15210091925037852,-0.2105769919212653,0.050765147064455084,0.05532987126422109,0.07432410651130344,0.48,-2.1901305634837445,25,0.03884431257228348,0.06196262622510948,0.7067498915803784,-59.92449597152654,2405,3.8396406952957367,99.73627822647107,6067,2002-01-10,2026-09-01,False,False,True,True,2
cn_shanghai_comp_yoy|bdtanh|w252,cn_cycle,cn_shanghai_comp,yoy,12,M,31,bdtanh,252,ongap,2,1,0.1597279844942923,-0.5658300846790049,-0.4815877743251005,-0.4713213433759949,-0.301108225526324,0.5,-3.2045201264578895,10,0.018877102628989582,-0.005661837268342928,0.6829292721368679,-30.15735381042638,1569,4.187854103686813,99.82332155477032,2264,2017-05-16,2026-09-01,False,False,True,True,2
cn_shanghai_comp_yoy|rankc|w60,cn_cycle,cn_shanghai_comp,yoy,12,M,31,rankc,60,c2c,2,1,0.21909412761777478,0.20185332066296888,0.21398356499572616,0.22571980877486375,0.17856407226256507,0.5384615384615384,-1.2604158591925891,26,-0.09164751185395582,0.028402610511235816,0.6716713757603611,-66.7460411333154,1853,9.436333513384271,99.85396722375467,6163,2001-08-21,2026-09-01,False,False,True,True,2
cn_shanghai_comp_yoy|rankc|w60,cn_cycle,cn_shanghai_comp,yoy,12,M,31,rankc,60,day,2,1,0.04130070625295123,0.48535367386209893,0.14813171991404642,0.16352512377154305,0.1711047885253331,0.6153846153846154,-1.3578917854223425,26,-0.059055652043696116,0.028402610511235816,0.6716713757603611,-52.2389581461989,1849,9.436333513384271,99.85396722375467,6163,2001-08-21,2026-09-01,False,False,True,True,2
cn_shanghai_comp_yoy|rankc|w60,cn_cycle,cn_shanghai_comp,yoy,12,M,31,rankc,60,o2o,2,1,0.19344201336207795,0.26757799804128446,0.21459981936160777,0.2263716773109375,0.19801215331544988,0.5769230769230769,-1.3727695243253917,26,-0.06262448283037074,0.028402610511235816,0.6716713757603611,-81.01040978671766,1885,9.436333513384271,99.85396722375467,6163,2001-08-21,2026-09-01,False,False,True,True,2
cn_shanghai_comp_yoy|rankc|w60,cn_cycle,cn_shanghai_comp,yoy,12,M,31,rankc,60,ongap,2,1,0.4073341884841551,-0.10377758348642,-0.04670102426305158,-0.020951950951968914,-0.2501764448385018,0.5,-1.7121590906480706,10,-0.17604064951776832,0.0026268213642300477,0.6671985400287205,-13.290717618635325,1026,10.313015428309019,99.91166077738515,2264,2017-05-16,2026-09-01,False,False,False,True,1
cn_shanghai_comp_yoy|rankc|w120,cn_cycle,cn_shanghai_comp,yoy,12,M,31,rankc,120,c2c,2,1,0.2047468864944747,0.048560108705067,0.16107830159052755,0.16991080555999827,0.12615442477563268,0.5,-1.2536903594756184,26,-0.04858188802471778,0.04070433791917046,0.6789107367180983,-62.8604999089711,1827,6.893009951769744,99.7717267242785,6133,2001-10-08,2026-09-01,False,False,True,True,2
cn_shanghai_comp_yoy|rankc|w120,cn_cycle,cn_shanghai_comp,yoy,12,M,31,rankc,120,day,2,1,0.07001320098711564,0.3818413193432302,0.14162311954539547,0.1530583789596822,0.16711886128243475,0.5384615384615384,-1.2544672500973366,26,-0.007992822795577045,0.04070433791917046,0.6789107367180983,-47.71603139853705,1739,6.893009951769744,99.7717267242785,6133,2001-10-08,2026-09-01,False,False,True,True,2
cn_shanghai_comp_yoy|rankc|w120,cn_cycle,cn_shanghai_comp,yoy,12,M,31,rankc,120,o2o,2,1,0.16082560695161333,0.10979719424445558,0.1466447312753821,0.15530412739362756,0.12469745798538934,0.5,-1.6991021089346188,26,-0.02449186850877883,0.04070433791917046,0.6789107367180983,-79.61351948494124,1852,6.893009951769744,99.7717267242785,6133,2001-10-08,2026-09-01,False,False,True,True,2
cn_shanghai_comp_yoy|rankc|w120,cn_cycle,cn_shanghai_comp,yoy,12,M,31,rankc,120,ongap,2,1,0.1817349076698252,-0.22075550106449027,-0.17339419274937892,-0.15304985716826267,-0.38532232786246867,0.4,-1.419954203824263,10,-0.07456256312611342,-0.03666327937115218,0.6505821714484552,-15.358762528783199,1294,7.369923585103075,99.60247349823321,2264,2017-05-16,2026-09-01,False,False,True,True,2
cn_shanghai_comp_yoy|rankc|w252,cn_cycle,cn_shanghai_comp,yoy,12,M,31,rankc,252,c2c,2,1,0.19949127740712125,-0.26228626804870003,0.06547713200400104,0.07147708935941424,0.04516326897342507,0.48,-2.113640674017255,25,-0.035151533837230846,0.03281498508499942,0.7060557750124162,-67.96445973171366,2406,4.838143432340835,99.76924344816219,6067,2002-01-10,2026-09-01,False,False,True,True,2
cn_shanghai_comp_yoy|rankc|w252,cn_cycle,cn_shanghai_comp,yoy,12,M,31,rankc,252,day,2,1,0.09013004060772868,0.2618488660032313,0.1309121693622643,0.13876897369804672,0.15956352720817849,0.56,-1.6094069228209251,25,0.004610581283869751,0.03281498508499942,0.7060557750124162,-29.364328786814635,1739,4.838143432340835,99.76924344816219,6067,2002-01-10,2026-09-01,False,False,True,True,2
cn_shanghai_comp_yoy|rankc|w252,cn_cycle,cn_shanghai_comp,yoy,12,M,31,rankc,252,o2o,2,1,0.16355916597562073,-0.2048391625746595,0.061767243027400005,0.06769442637723372,0.047685556998275085,0.48,-2.1152922207813996,25,-0.025562519252965862,0.03281498508499942,0.7060557750124162,-62.28144804042495,2403,4.838143432340835,99.76924344816219,6067,2002-01-10,2026-09-01,False,False,True,True,2
cn_shanghai_comp_yoy|rankc|w252,cn_cycle,cn_shanghai_comp,yoy,12,M,31,rankc,252,ongap,2,1,0.18154819669976702,-0.555388108193012,-0.46734781528217384,-0.45357079758338215,-0.43487353696638625,0.3,-2.951227947874272,10,-0.00953046179507043,-0.0313969347654051,0.6724574169897709,-29.33351699350826,1569,5.264645506434481,99.64664310954063,2264,2017-05-16,2026-09-01,False,False,True,True,2
cn_shanghai_comp_yoy|signth|w60,cn_cycle,cn_shanghai_comp,yoy,12,M,31,signth,60,c2c,2,1,0.16112008723934929,0.26127226430775574,0.19121067625168567,0.1987004914246964,0.13308497534613703,0.5,-1.1989170207757063,26,-0.13691851870871635,0.01336214279386753,0.6903477802946856,-53.94215295373846,1870,6.3388542319121814,99.61102106969206,6170,2001-07-10,2026-09-01,False,False,True,True,2
cn_shanghai_comp_yoy|signth|w60,cn_cycle,cn_shanghai_comp,yoy,12,M,31,signth,60,day,2,1,0.053502180919095005,0.5376839137584721,0.1721917872509229,0.1819210419478852,0.1563673974163036,0.5769230769230769,-1.5134747062437544,26,-0.12592068109199883,0.01336214279386753,0.6903477802946856,-41.99680110548608,2837,6.3388542319121814,99.61102106969206,6170,2001-07-10,2026-09-01,False,False,True,True,2
cn_shanghai_comp_yoy|signth|w60,cn_cycle,cn_shanghai_comp,yoy,12,M,31,signth,60,o2o,2,1,0.18358874719899101,0.3266852350944549,0.224811703483516,0.2322155066446326,0.22005225974638537,0.5384615384615384,-1.2107631366921927,26,-0.1213926975598648,0.01336214279386753,0.6903477802946856,-57.09149246714242,1847,6.3388542319121814,99.61102106969206,6170,2001-07-10,2026-09-01,False,False,True,True,2
cn_shanghai_comp_yoy|signth|w60,cn_cycle,cn_shanghai_comp,yoy,12,M,31,signth,60,ongap,2,1,0.03559478419855447,-0.12416130482103038,-0.1056596693582159,-0.08716673279722544,-0.2328221428093715,0.4,-1.7500406554521946,10,-0.1597494265012613,-0.006167047063077648,0.6997589577076491,-13.772885663678514,1049,7.598112258341658,99.33745583038869,2264,2017-05-16,2026-09-01,False,False,False,True,1
cn_shanghai_comp_yoy|signth|w120,cn_cycle,cn_shanghai_comp,yoy,12,M,31,signth,120,c2c,2,1,0.23148684191369187,0.004138808499699266,0.16727024319702113,0.1734374057353366,0.1359995839286006,0.5,-1.1771235064480934,26,-0.12722248103077402,0.01214805302184186,0.6797329530498186,-62.59854892454374,2403,5.090071381663467,99.14405684754522,6192,2001-07-10,2026-09-01,False,False,True,True,2
cn_shanghai_comp_yoy|signth|w120,cn_cycle,cn_shanghai_comp,yoy,12,M,31,signth,120,day,2,1,0.04085786479958701,0.47380358086892266,0.1417286769076703,0.1496073449034077,0.21952303016005612,0.5769230769230769,-1.170320280364623,26,-0.1305385001997435,0.01214805302184186,0.6797329530498186,-43.64033872469371,1885,5.090071381663467,99.14405684754522,6192,2001-07-10,2026-09-01,False,False,True,True,2
cn_shanghai_comp_yoy|signth|w120,cn_cycle,cn_shanghai_comp,yoy,12,M,31,signth,120,o2o,2,1,0.25154553772587646,0.06371977867469375,0.1996786615420994,0.20564330892983618,0.2218002134813738,0.6153846153846154,-0.7181887509103843,26,-0.14097598410204745,0.01214805302184186,0.6797329530498186,-61.013715229617226,1757,5.090071381663467,99.14405684754522,6192,2001-07-10,2026-09-01,False,False,True,True,2
cn_shanghai_comp_yoy|signth|w120,cn_cycle,cn_shanghai_comp,yoy,12,M,31,signth,120,ongap,2,-1,0.18056172891402614,0.09619925281032472,0.1040638951197352,0.12102562111331518,0.2726467182450909,0.6,-0.9321797343337791,10,0.10871179893891587,0.03773782886178521,0.6736171545940375,-13.442440555678273,1586,6.442235730530554,99.64664310954063,2264,2017-05-16,2026-09-01,False,False,True,True,2
cn_shanghai_comp_yoy|signth|w252,cn_cycle,cn_shanghai_comp,yoy,12,M,31,signth,252,c2c,2,-1,0.032653545614530696,0.23236350092676375,0.09274808390410799,0.09654351379229481,0.05184429382370709,0.46153846153846156,-2.4265434154225263,26,0.09312552341586913,-0.013819830240662303,0.727888314591901,-102.93145428170524,4720,3.2504446008168504,99.91266375545852,5725,2001-10-15,2026-09-01,False,False,True,True,2
cn_shanghai_comp_yoy|signth|w252,cn_cycle,cn_shanghai_comp,yoy,12,M,31,signth,252,day,2,-1,0.21226751451762607,-0.22752721010314378,0.10276467282671164,0.10764079467520606,0.06431570291774494,0.46153846153846156,-1.6730627672626877,26,0.1010165595785752,-0.013819830240662303,0.727888314591901,-36.09303969211432,4721,3.2504446008168504,99.91266375545852,5725,2001-10-15,2026-09-01,False,False,True,True,2
cn_shanghai_comp_yoy|signth|w252,cn_cycle,cn_shanghai_comp,yoy,12,M,31,signth,252,o2o,2,-1,0.020223991655976742,0.1223347417041603,0.049468737999998465,0.05317536387431476,-0.0042941867811978765,0.46153846153846156,-2.1970247825221962,26,0.11702701945260682,-0.013819830240662303,0.727888314591901,-98.19431388878155,4720,3.2504446008168504,99.91266375545852,5725,2001-10-15,2026-09-01,False,False,True,True,2
cn_shanghai_comp_yoy|signth|w252,cn_cycle,cn_shanghai_comp,yoy,12,M,31,signth,252,ongap,2,1,0.14814111660813473,-0.590066176807735,-0.5018340943230408,-0.49287448349616697,-0.3013237332560926,0.5,-2.941198608442944,10,0.01897567555878541,3.9310565260531045e-05,0.7137012727514883,-33.03225067054442,1073,3.9161835644104515,99.76744186046511,2150,2017-05-16,2026-09-01,False,False,True,True,2
cn_shanghai_comp_yoy|dev|w60,cn_cycle,cn_shanghai_comp,yoy,12,M,31,dev,60,c2c,2,1,0.10878163221291662,0.18416807522475823,0.1287928224732324,0.13947298590770216,0.09501371600362267,0.5,-1.614754423449547,26,-0.007448040697180602,0.06402729461783706,0.6012968522748463,-64.38360639159542,2484,8.118355034061043,99.05889988641896,6163,2001-08-21,2026-09-01,False,False,True,True,2
cn_shanghai_comp_yoy|dev|w60,cn_cycle,cn_shanghai_comp,yoy,12,M,31,dev,60,day,2,1,0.09974453837866405,0.26081890350215253,0.13290553933067653,0.14658799179993406,0.1621577714923664,0.5769230769230769,-1.4137811167695489,26,0.03308748956339748,0.06402729461783706,0.6012968522748463,-37.679069991876325,3342,8.118355034061043,99.05889988641896,6163,2001-08-21,2026-09-01,False,False,True,True,2
cn_shanghai_comp_yoy|dev|w60,cn_cycle,cn_shanghai_comp,yoy,12,M,31,dev,60,o2o,2,1,0.11754675300154326,0.3157332805653755,0.1686410581002769,0.17916315346718942,0.1525327910039637,0.5384615384615384,-1.7772734506930827,26,0.028154382603395055,0.06402729461783706,0.6012968522748463,-71.56023271576244,2017,8.118355034061043,99.05889988641896,6163,2001-08-21,2026-09-01,False,False,True,True,2
cn_shanghai_comp_yoy|dev|w60,cn_cycle,cn_shanghai_comp,yoy,12,M,31,dev,60,ongap,2,-1,-0.04484156535026069,0.03843650059535761,0.02836734782220999,0.05152603481433215,0.31006189797394895,0.6,-1.1202738379960973,10,0.2242326336086993,0.0434840322316335,0.5704971151372731,-14.33284902833218,1974,8.254010950428086,98.89575971731449,2264,2017-05-16,2026-09-01,False,False,False,True,1
cn_shanghai_comp_yoy|dev|w120,cn_cycle,cn_shanghai_comp,yoy,12,M,31,dev,120,c2c,2,-1,0.03961748572030913,0.13217365438751816,0.06294520117824824,0.06998697387277553,0.14441954948764993,0.6923076923076923,-2.737223902542636,26,-0.03605282548608918,-0.06267664975913977,0.6652309304191237,-106.08940730829259,4494,5.511676378867361,99.21734876895484,6133,2001-10-08,2026-09-01,False,True,True,True,3
cn_shanghai_comp_yoy|dev|w120,cn_cycle,cn_shanghai_comp,yoy,12,M,31,dev,120,day,2,1,-0.005770689941745592,0.09587003165360926,0.01568914076029967,0.024724483264566856,-0.05900846800236975,0.46153846153846156,-3.4290014463656524,26,0.08101945145850803,0.06267664975913977,0.6652309304191237,-46.41743524415368,3311,5.511676378867361,99.21734876895484,6133,2001-10-08,2026-09-01,False,False,True,True,2
cn_shanghai_comp_yoy|dev|w120,cn_cycle,cn_shanghai_comp,yoy,12,M,31,dev,120,o2o,2,-1,0.0323938407335869,0.04582705039925883,0.03551677549059574,0.04245827677892281,0.11851410279900076,0.5769230769230769,-2.4291501907368325,26,-0.06922626036360512,-0.06267664975913977,0.6652309304191237,-112.29531798206236,4493,5.511676378867361,99.21734876895484,6133,2001-10-08,2026-09-01,False,False,True,True,2
cn_shanghai_comp_yoy|dev|w120,cn_cycle,cn_shanghai_comp,yoy,12,M,31,dev,120,ongap,2,1,0.018007548519064116,-0.3153296075456182,-0.2647957656648499,-0.2480792078450976,-0.5105334531571596,0.4,-2.425788981588327,10,-0.14370212286597214,-0.08569326180842597,0.6092692053857987,-18.453759410596522,1026,5.878420927385653,99.24911660777384,2264,2017-05-16,2026-09-01,False,False,True,True,2
cn_shanghai_comp_yoy|dev|w252,cn_cycle,cn_shanghai_comp,yoy,12,M,31,dev,252,c2c,2,1,0.20228132820963737,-0.23467185067845958,0.08010275441515198,0.08484975592494416,0.05643032753638499,0.6,-2.365541468371692,25,0.03459655401914664,0.06948479724975198,0.7238850038830852,-67.97450085109634,3978,3.9981173661235525,99.55496950716993,6067,2002-01-10,2026-09-01,False,False,True,True,2
cn_shanghai_comp_yoy|dev|w252,cn_cycle,cn_shanghai_comp,yoy,12,M,31,dev,252,day,2,1,0.07376335964997684,0.24347556570381815,0.11193810892576099,0.11811507547749937,0.1191830632591681,0.56,-1.4718210248451735,25,0.08723979135554287,0.06948479724975198,0.7238850038830852,-38.70059671912107,4073,3.9981173661235525,99.55496950716993,6067,2002-01-10,2026-09-01,False,False,True,True,2
cn_shanghai_comp_yoy|dev|w252,cn_cycle,cn_shanghai_comp,yoy,12,M,31,dev,252,o2o,2,1,0.19705545158088247,-0.16615011107254266,0.09843532182478826,0.10312317825072871,0.0884556559286169,0.6,-2.3429124773601546,25,0.03447089533774164,0.06948479724975198,0.7238850038830852,-54.908823262728646,2406,3.9981173661235525,99.55496950716993,6067,2002-01-10,2026-09-01,False,False,True,True,2
cn_shanghai_comp_yoy|dev|w252,cn_cycle,cn_shanghai_comp,yoy,12,M,31,dev,252,ongap,2,1,0.24487986193844438,-0.5307558730911985,-0.41850425132393904,-0.4083367948140997,-0.43360288292956733,0.4,-2.871194505509159,10,-0.029365569278741552,-0.07211096301684392,0.679460855284274,-28.608824007662044,1569,4.2441296588095145,99.33745583038869,2264,2017-05-16,2026-09-01,False,False,True,True,2
us_cfnai_level|selfz|w60,us_cycle,us_cfnai,level,0,M,56,selfz,60,c2c,2,-1,0.06355577906655874,0.15735922997403792,0.09065687533921106,0.10953432511139582,0.1380667107208843,0.5769230769230769,-2.110549708127923,26,-0.049378144751777174,-0.0009801808206623245,0.5841540868375811,-53.919362823290406,2685,13.379308155717638,99.38341716696414,6163,2001-08-21,2026-09-01,False,False,True,True,2
us_cfnai_level|selfz|w60,us_cycle,us_cfnai,level,0,M,56,selfz,60,day,2,1,0.0032762712734620957,0.10988258091860922,0.027609051656452614,0.051670532692418114,0.021683351712738292,0.5,-2.1502479489283197,26,0.033886528532088955,0.0009801808206623245,0.5841540868375811,-56.57263973133468,5046,13.379308155717638,99.38341716696414,6163,2001-08-21,2026-09-01,False,False,True,True,2
us_cfnai_level|selfz|w60,us_cycle,us_cfnai,level,0,M,56,selfz,60,o2o,2,-1,0.09686037111297092,0.2419273187196828,0.13587050012792817,0.1541746592243942,0.1653636411114109,0.6153846153846154,-1.9051063681372107,26,-0.025484459600768797,-0.0009801808206623245,0.5841540868375811,-52.30522554580208,1934,13.379308155717638,99.38341716696414,6163,2001-08-21,2026-09-01,False,False,True,True,2
us_cfnai_level|selfz|w60,us_cycle,us_cfnai,level,0,M,56,selfz,60,ongap,2,-1,0.2190276034248669,0.293462812816627,0.2815580977107112,0.3160795573749324,0.2232232603830069,0.5,-0.7296894185432292,10,-0.2943527103636396,-0.00581070582564206,0.5879393386179264,-6.762479824977049,922,13.234912453664846,99.38162544169612,2264,2017-05-16,2026-09-01,False,False,False,True,1
us_cfnai_level|selfz|w120,us_cycle,us_cfnai,level,0,M,56,selfz,120,c2c,2,1,0.021181052386713223,-0.1455621264922106,-0.026091560870243457,-0.010367890995830721,-0.13972702565395154,0.5,-2.3674439516873913,26,0.05057459335571719,-0.0034949531147464457,0.5677550734554614,-105.42829242010114,4058,11.200958082606071,99.10321213109408,6133,2001-10-08,2026-09-01,False,False,True,True,2
us_cfnai_level|selfz|w120,us_cycle,us_cfnai,level,0,M,56,selfz,120,day,2,1,-0.00026951262196706776,-0.16829902450417591,-0.03747275964726054,-0.017224375451336225,-0.10271429930601485,0.5,-2.1316752365670304,26,0.01678615461775238,-0.0034949531147464457,0.5677550734554614,-64.17214524807022,4380,11.200958082606071,99.10321213109408,6133,2001-10-08,2026-09-01,False,False,True,True,2
us_cfnai_level|selfz|w120,us_cycle,us_cfnai,level,0,M,56,selfz,120,o2o,2,1,-0.005155630644839204,-0.21119162828355617,-0.06003972428070553,-0.044779366929795006,-0.16210446503666348,0.4230769230769231,-2.0567076332021816,26,0.006490880829498611,-0.0034949531147464457,0.5677550734554614,-99.86345355529406,4014,11.200958082606071,99.10321213109408,6133,2001-10-08,2026-09-01,False,False,True,True,2
us_cfnai_level|selfz|w120,us_cycle,us_cfnai,level,0,M,56,selfz,120,ongap,2,-1,0.32072227330333475,0.14318110026705214,0.15976678148945747,0.1886421485404312,0.02731955397049681,0.6,-1.4633544501757323,10,-0.3281974003950168,-0.00501725196211239,0.555768646931213,-10.369411480688237,1217,11.016023233108982,98.85159010600707,2264,2017-05-16,2026-09-01,False,False,False,True,1
us_cfnai_level|selfz|w252,us_cycle,us_cfnai,level,0,M,56,selfz,252,c2c,2,1,0.08222293782994858,0.04718290089042562,0.07168061003290555,0.0858933891078161,-0.05726309419171069,0.52,-2.5525283844593356,25,0.03312100516218194,-0.022094375016000558,0.5807627573207587,-78.83605119505917,4074,10.10016354032996,99.15938684687654,6067,2002-01-10,2026-09-01,False,False,True,True,2
us_cfnai_level|selfz|w252,us_cycle,us_cfnai,level,0,M,56,selfz,252,day,2,1,0.036258688868535054,-0.022806801624851866,0.021732667418194615,0.040263036899588114,-0.03369272622915226,0.4,-2.0222025015684166,25,-0.010574999336101155,-0.022094375016000558,0.5807627573207587,-50.187461870628084,4380,10.10016354032996,99.15938684687654,6067,2002-01-10,2026-09-01,False,False,True,True,2
us_cfnai_level|selfz|w252,us_cycle,us_cfnai,level,0,M,56,selfz,252,o2o,2,1,0.049210195994921206,-0.029486180121788167,0.026818317406872103,0.040645739912240984,-0.08441786571021767,0.52,-2.259498137832028,25,-0.014305628918519636,-0.022094375016000558,0.5807627573207587,-71.03004410359361,4072,10.10016354032996,99.15938684687654,6067,2002-01-10,2026-09-01,False,False,True,True,2
us_cfnai_level|selfz|w252,us_cycle,us_cfnai,level,0,M,56,selfz,252,ongap,2,-1,-0.02577145452541436,-0.12764600040073504,-0.11532511600319155,-0.08748455457627023,-0.2660957098789243,0.4,-2.155586738594836,10,-0.30777052872048577,0.01644861523974585,0.5858583730251812,-13.428365972193415,1404,10.418576362703782,99.51413427561837,2264,2017-05-16,2026-09-01,False,False,False,True,1
us_cfnai_level|robustz|w60,us_cycle,us_cfnai,level,0,M,56,robustz,60,c2c,2,1,0.07999887887872663,0.02628240359666621,0.06316801251405309,0.08304152255127976,-0.06102124047874114,0.4230769230769231,-2.4991936617673294,26,0.09499091772646868,0.025431668717766812,0.41848344748680505,-57.333582925174944,4076,11.035853312318434,98.01357391160404,6041,2001-10-05,2026-09-01,False,False,True,True,2
us_cfnai_level|robustz|w60,us_cycle,us_cfnai,level,0,M,56,robustz,60,day,2,1,0.12447935501094969,0.17832755887887936,0.1372302117322831,0.16290946045269117,0.04635334022564639,0.5,-2.3297613587625916,26,0.07647493046501173,0.025431668717766812,0.41848344748680505,-37.78123092545343,4235,11.035853312318434,98.01357391160404,6041,2001-10-05,2026-09-01,False,False,True,True,2
us_cfnai_level|robustz|w60,us_cycle,us_cfnai,level,0,M,56,robustz,60,o2o,2,1,0.03794588691842625,0.002503048927388152,0.02710772217169447,0.046496291750848046,-0.049121335535694075,0.46153846153846156,-1.962262285301423,26,0.08674727847236624,0.025431668717766812,0.41848344748680505,-44.188219507078244,5706,11.035853312318434,98.01357391160404,6041,2001-10-05,2026-09-01,False,False,True,True,2
us_cfnai_level|robustz|w60,us_cycle,us_cfnai,level,0,M,56,robustz,60,ongap,2,-1,0.0752011454910506,0.1655112358315894,0.15390369584243152,0.18466257806822553,0.1306243589072935,0.5,-1.0105869196406045,10,-0.27764040601836326,-0.057041325358204574,0.411870980006625,-8.662080338654404,1218,10.128374293340606,97.8942652329749,2232,2017-05-16,2026-09-01,False,False,False,True,1
us_cfnai_level|robustz|w120,us_cycle,us_cfnai,level,0,M,56,robustz,120,c2c,2,-1,0.11032538236613149,0.11781431757438135,0.11248044383454968,0.12800562731617146,0.1650478819491059,0.6,-2.4880087680437746,25,-0.07153144550565436,0.0064747224841812875,0.5347945965698706,-67.72281629679595,2623,10.514682408767856,99.16035561409285,6074,2001-12-31,2026-09-01,False,False,True,True,2
us_cfnai_level|robustz|w120,us_cycle,us_cfnai,level,0,M,56,robustz,120,day,2,-1,0.055793868164051734,-0.03233953319839727,0.03506322162852593,0.05518118468908309,0.0270486196062737,0.56,-1.7490714923381698,25,-0.028771017398848638,0.0064747224841812875,0.5347945965698706,-34.36896125670012,1819,10.514682408767856,99.16035561409285,6074,2001-12-31,2026-09-01,False,False,True,True,2
us_cfnai_level|robustz|w120,us_cycle,us_cfnai,level,0,M,56,robustz,120,o2o,2,-1,0.15879681943453366,0.1830756606129145,0.16516781030181601,0.18040634838991151,0.17935119918348544,0.64,-2.348523724663447,25,-0.0368538298632189,0.0064747224841812875,0.5347945965698706,-69.57403185007935,2790,10.514682408767856,99.16035561409285,6074,2001-12-31,2026-09-01,False,False,True,True,2
us_cfnai_level|robustz|w120,us_cycle,us_cfnai,level,0,M,56,robustz,120,ongap,2,-1,0.6249116278403879,0.11131737824176399,0.16907189930233804,0.19606689232328722,0.04028002096891147,0.5,-1.1640469411410312,10,-0.3234048837246611,-0.00503376109191822,0.5218348488687412,-9.131747506576074,1223,10.271238735291538,98.54240282685512,2264,2017-05-16,2026-09-01,False,False,False,True,1
us_cfnai_level|robustz|w252,us_cycle,us_cfnai,level,0,M,56,robustz,252,c2c,2,1,-0.011660519552292794,-0.09667549315238987,-0.0381658310150514,-0.023268709852453943,-0.050290275826159386,0.48,-2.5973166935097507,25,0.08113110911755488,-0.009078435471004969,0.574444805189659,-85.11298521162894,5508,10.276133130172063,98.75462807135645,5942,2002-07-18,2026-09-01,False,False,True,True,2
us_cfnai_level|robustz|w252,us_cycle,us_cfnai,level,0,M,56,robustz,252,day,2,1,0.06961679108644847,-0.021088049549120053,0.0465300455663362,0.06594313805584037,0.06258506654116934,0.48,-1.645051481892307,25,0.03538974933110971,-0.009078435471004969,0.574444805189659,-45.156880662792844,4975,10.276133130172063,98.75462807135645,5942,2002-07-18,2026-09-01,False,False,True,True,2
us_cfnai_level|robustz|w252,us_cycle,us_cfnai,level,0,M,56,robustz,252,o2o,2,-1,0.003620606357445314,0.1699468590170966,0.05450982771065529,0.06959224413499522,0.03846091071132092,0.52,-2.244038208374338,25,-0.05921752153734415,0.009078435471004969,0.574444805189659,-51.140733489737315,3303,10.276133130172063,98.75462807135645,5942,2002-07-18,2026-09-01,False,False,True,True,2
us_cfnai_level|robustz|w252,us_cycle,us_cfnai,level,0,M,56,robustz,252,ongap,2,1,0.1675841851185284,-0.018295492181288203,-0.0016111854387665411,0.026177114820481233,0.20600328257330175,0.7,-1.0052851241505232,10,0.28255371110868804,-0.007421077326822405,0.5570105670414466,-15.099940861900324,961,10.511920333315148,99.86749116607774,2264,2017-05-16,2026-09-01,False,True,False,True,2
us_cfnai_level|bdtanh|w60,us_cycle,us_cfnai,level,0,M,56,bdtanh,60,c2c,2,-1,0.10878743495365016,0.19714715184435397,0.13388256410732788,0.1509729758961319,0.18482417841296478,0.5384615384615384,-2.0217092198412976,26,-0.033999156978646146,0.008608785556734787,0.6711617029116745,-54.010189649997784,2557,13.39681907693824,99.65925685542754,6163,2001-08-21,2026-09-01,False,False,True,True,2
us_cfnai_level|bdtanh|w60,us_cycle,us_cfnai,level,0,M,56,bdtanh,60,day,2,-1,0.01607492485419072,-0.12836439320788856,-0.01695567026196771,0.004923706543053023,-0.03970345749971578,0.5,-2.313944001421345,26,-0.021421226182550643,0.008608785556734787,0.6711617029116745,-48.36638245742713,2441,13.39681907693824,99.65925685542754,6163,2001-08-21,2026-09-01,False,False,True,True,2
us_cfnai_level|bdtanh|w60,us_cycle,us_cfnai,level,0,M,56,bdtanh,60,o2o,2,-1,0.12808696898091643,0.3124937987931559,0.17746841308788217,0.19424709914611335,0.22625294858188638,0.6153846153846154,-1.7280652766941722,26,-0.02135429521219762,0.008608785556734787,0.6711617029116745,-50.97574644406561,1852,13.39681907693824,99.65925685542754,6163,2001-08-21,2026-09-01,False,False,True,True,2
us_cfnai_level|bdtanh|w60,us_cycle,us_cfnai,level,0,M,56,bdtanh,60,ongap,2,-1,0.22819546333835403,0.2906584752080842,0.28043306355967396,0.3138729306222544,0.19498345528394692,0.5,-0.7835613706893576,10,-0.3031564277535045,0.0035888966640993045,0.6717506272557657,-6.320458971751622,468,13.385988221567759,99.46996466431095,2264,2017-05-16,2026-09-01,False,False,False,True,1
us_cfnai_level|bdtanh|w120,us_cycle,us_cfnai,level,0,M,56,bdtanh,120,c2c,2,-1,-0.0018475405450154706,0.1448819918903286,0.04061254833625768,0.05564431868085192,0.15289101056881343,0.6153846153846154,-2.0392728209630353,26,-0.03530898743823734,0.01572803051905061,0.6487270017029952,-72.23593520115182,2794,11.615695975835685,99.65759008641774,6133,2001-10-08,2026-09-01,False,False,True,True,2
us_cfnai_level|bdtanh|w120,us_cycle,us_cfnai,level,0,M,56,bdtanh,120,day,2,-1,0.01992926194923317,0.15976413703446224,0.05196567109723222,0.07134250621983103,0.0882853585295575,0.5384615384615384,-1.9039151911375585,26,-0.0010306118207146942,0.01572803051905061,0.6487270017029952,-51.18017978600221,4296,11.615695975835685,99.65759008641774,6133,2001-10-08,2026-09-01,False,False,True,True,2
us_cfnai_level|bdtanh|w120,us_cycle,us_cfnai,level,0,M,56,bdtanh,120,o2o,2,-1,0.0028111508811502397,0.22353613914830095,0.06442204603914041,0.07929990755369108,0.17617313574837418,0.6923076923076923,-1.869675687065234,26,-0.0001522959592494213,0.01572803051905061,0.6487270017029952,-66.3803453582607,2888,11.615695975835685,99.65759008641774,6133,2001-10-08,2026-09-01,False,True,True,True,3
us_cfnai_level|bdtanh|w120,us_cycle,us_cfnai,level,0,M,56,bdtanh,120,ongap,2,-1,0.4100723549843941,0.17425967712893903,0.20010216350633958,0.22929774230353678,0.07504970854538616,0.6,-1.6422371587000746,10,-0.32300846226035285,0.010948184402502793,0.6558709945553581,-11.85189738520293,788,11.828390837587598,99.82332155477032,2264,2017-05-16,2026-09-01,False,False,False,True,1
us_cfnai_level|bdtanh|w252,us_cycle,us_cfnai,level,0,M,56,bdtanh,252,c2c,2,1,0.05672690324615587,-0.015995428794670544,0.034921939556676065,0.04883898929727584,-0.08026959256397431,0.52,-2.228776372636726,25,0.02291832566077131,-0.02838205741784175,0.6328121124901509,-83.82034263905403,4074,10.341771920755658,99.19235206856766,6067,2002-01-10,2026-09-01,False,False,True,True,2
us_cfnai_level|bdtanh|w252,us_cycle,us_cfnai,level,0,M,56,bdtanh,252,day,2,1,0.027080861204527348,-0.11663034872376722,-0.007775498175954805,0.01033645933310457,-0.0407953292482835,0.44,-1.9791316505660546,25,-0.017365684655255363,-0.02838205741784175,0.6328121124901509,-55.131886220665706,4382,10.341771920755658,99.19235206856766,6067,2002-01-10,2026-09-01,False,False,True,True,2
us_cfnai_level|bdtanh|w252,us_cycle,us_cfnai,level,0,M,56,bdtanh,252,o2o,2,1,0.05966713984035097,-0.0981411664386243,0.013862268139397718,0.027639024293676834,-0.10372440095447662,0.52,-1.9269144489357481,25,-0.014921553563698023,-0.02838205741784175,0.6328121124901509,-76.87590990816476,4072,10.341771920755658,99.19235206856766,6067,2002-01-10,2026-09-01,False,False,True,True,2
us_cfnai_level|bdtanh|w252,us_cycle,us_cfnai,level,0,M,56,bdtanh,252,ongap,2,-1,0.16836805206677405,-0.12213446006283431,-0.08920161941651397,-0.06043528012518172,-0.20318870025357746,0.4,-2.113588704516161,10,-0.31257236233955443,0.024694791378410675,0.6339711283579335,-13.23772974875823,1227,10.975280288593469,99.33745583038869,2264,2017-05-16,2026-09-01,False,False,False,True,1
us_cfnai_level|rankc|w60,us_cycle,us_cfnai,level,0,M,56,rankc,60,c2c,2,-1,0.07948240008408888,0.4411292561542516,0.18172744511445055,0.20066896009309532,0.18659795050937175,0.5384615384615384,-2.2459180993445673,26,-0.05500047800156807,-0.007803920903603102,0.6215560938732022,-56.972819016275736,2888,14.30526714250461,99.22115852669154,6163,2001-08-21,2026-09-01,False,False,True,True,2
us_cfnai_level|rankc|w60,us_cycle,us_cfnai,level,0,M,56,rankc,60,day,2,-1,0.002893653856555022,-0.05373535281050575,-0.010026120694337138,0.014036066917250739,-0.07087228498861664,0.5384615384615384,-2.402249276031307,26,-0.043938321545724045,-0.007803920903603102,0.6215560938732022,-43.84790876465057,2361,14.30526714250461,99.22115852669154,6163,2001-08-21,2026-09-01,False,False,True,True,2
us_cfnai_level|rankc|w60,us_cycle,us_cfnai,level,0,M,56,rankc,60,o2o,2,-1,0.1211368329704004,0.5330641872614724,0.23039576019961142,0.2489385160281422,0.24873911131900805,0.5769230769230769,-1.9518231046091672,26,-0.03656147450410013,-0.007803920903603102,0.6215560938732022,-46.871763879284096,2744,14.30526714250461,99.22115852669154,6163,2001-08-21,2026-09-01,False,False,True,True,2
us_cfnai_level|rankc|w60,us_cycle,us_cfnai,level,0,M,56,rankc,60,ongap,2,-1,0.32902545518205417,0.48436025025292645,0.46042251174863247,0.49531226153123886,0.7550938588647128,0.8,-0.4891650358854162,10,-0.2746813955819447,-0.0001114577122566621,0.6208844504226426,-5.3810229350406855,427,13.93377735257444,99.1166077738516,2264,2017-05-16,2026-09-01,True,True,False,True,3
us_cfnai_level|rankc|w120,us_cycle,us_cfnai,level,0,M,56,rankc,120,c2c,2,-1,0.00511452377481425,0.3168615151417517,0.0948260751010157,0.11085092036659827,0.18425407444558575,0.5769230769230769,-2.337870104596521,26,-0.03985530397759233,0.0026130772878323405,0.6247916218077026,-66.22195007502623,2888,12.210059595291211,99.72281102233818,6133,2001-10-08,2026-09-01,False,False,True,True,2
us_cfnai_level|rankc|w120,us_cycle,us_cfnai,level,0,M,56,rankc,120,day,2,-1,0.03332153078286333,0.1147009376596951,0.05167529405517621,0.07223101251149144,0.05554588992235195,0.5,-1.749727126083299,26,-0.009045907980242369,0.0026130772878323405,0.6247916218077026,-41.860649695204884,4211,12.210059595291211,99.72281102233818,6133,2001-10-08,2026-09-01,False,False,True,True,2
us_cfnai_level|rankc|w120,us_cycle,us_cfnai,level,0,M,56,rankc,120,o2o,2,-1,0.026123884204622805,0.43369745047096875,0.13797950725323158,0.15380581287740835,0.2294280703056207,0.6153846153846154,-2.0010264141675895,26,-0.009100913146745469,0.0026130772878323405,0.6247916218077026,-52.59373215635294,2845,12.210059595291211,99.72281102233818,6133,2001-10-08,2026-09-01,False,False,True,True,2
us_cfnai_level|rankc|w120,us_cycle,us_cfnai,level,0,M,56,rankc,120,ongap,2,-1,0.5210305237807826,0.3086773644029747,0.3287165157627979,0.3581417083296242,0.2396226183375904,0.7,-1.345035261302224,10,-0.31385806079957457,0.00038900316595508053,0.6232969565985996,-8.57516011331082,659,11.881412139669985,99.82332155477032,2264,2017-05-16,2026-09-01,False,True,False,True,2
us_cfnai_level|rankc|w252,us_cycle,us_cfnai,level,0,M,56,rankc,252,c2c,2,1,0.09630372769194481,-0.1256460142454852,0.03002162847454869,0.04425304539763873,-0.08568355581906321,0.56,-2.1962363714971818,25,0.02369924879804134,-0.014924411559686695,0.6296268757243515,-98.06269616005527,4074,10.807333306280057,99.43959123125103,6067,2002-01-10,2026-09-01,False,False,True,True,2
us_cfnai_level|rankc|w252,us_cycle,us_cfnai,level,0,M,56,rankc,252,day,2,1,0.02589837314976121,-0.024772613660340545,0.013495318673198144,0.03209948066275787,0.007392054355119502,0.48,-1.9911632410991167,25,-0.0203709333455258,-0.014924411559686695,0.6296268757243515,-54.44140559488246,4382,10.807333306280057,99.43959123125103,6067,2002-01-10,2026-09-01,False,False,True,True,2
us_cfnai_level|rankc|w252,us_cycle,us_cfnai,level,0,M,56,rankc,252,o2o,2,1,0.07457547238903496,-0.23482254584040585,-0.013421589825572108,0.0005985964900201854,-0.12650920100700325,0.52,-1.8660400818963019,25,-0.009898673894850728,-0.014924411559686695,0.6296268757243515,-88.76893724426137,4014,10.807333306280057,99.43959123125103,6067,2002-01-10,2026-09-01,False,False,True,True,2
us_cfnai_level|rankc|w252,us_cycle,us_cfnai,level,0,M,56,rankc,252,ongap,2,-1,0.18752625727623357,0.027329450183002525,0.04365326849374325,0.0728572686267977,-0.04955432395130308,0.5,-1.724573726623499,10,-0.31454059464333617,0.00530193344956574,0.6205184180562342,-10.324335427618417,1223,11.406113762372879,99.20494699646643,2264,2017-05-16,2026-09-01,False,False,False,True,1
us_cfnai_level|signth|w60,us_cycle,us_cfnai,level,0,M,56,signth,60,c2c,2,-1,0.1611564571640673,0.1067520712159725,0.14591475612730714,0.16259635057414412,0.2013370957010002,0.5384615384615384,-1.8861107068644685,26,-0.04668443397944006,0.006433580906887624,0.6405141354181896,-54.93614359776778,2531,13.004334187288999,98.65956072351422,6192,2001-07-10,2026-09-01,False,False,True,True,2
us_cfnai_level|signth|w60,us_cycle,us_cfnai,level,0,M,56,signth,60,day,2,-1,0.09474777949286216,-0.2882697223923716,0.009183611488367828,0.03047615885736941,-0.0307581472905809,0.5,-2.677614555657816,26,-0.031208100498085454,0.006433580906887624,0.6405141354181896,-50.4145373229925,2359,13.004334187288999,98.65956072351422,6192,2001-07-10,2026-09-01,False,False,True,True,2
us_cfnai_level|signth|w60,us_cycle,us_cfnai,level,0,M,56,signth,60,o2o,2,-1,0.17188872655700232,0.19314599060545035,0.17700582705550474,0.19339614249711584,0.21728628505906877,0.5384615384615384,-1.4979201565506262,26,-0.03487039408639451,0.006433580906887624,0.6405141354181896,-57.133456384319025,2650,13.004334187288999,98.65956072351422,6192,2001-07-10,2026-09-01,False,False,True,True,2
us_cfnai_level|signth|w60,us_cycle,us_cfnai,level,0,M,56,signth,60,ongap,2,-1,0.18219881030420243,0.4477456738446831,0.4090569969584662,0.43992326557505934,0.4400945789721669,0.5,-0.5153436670520737,10,-0.2847282125888664,0.011523324941901697,0.6365410040618523,-5.807707609240364,368,12.301259379095777,97.87985865724382,2264,2017-05-16,2026-09-01,False,False,False,True,1
us_cfnai_level|signth|w120,us_cycle,us_cfnai,level,0,M,56,signth,120,c2c,2,-1,0.014705397558294662,0.14406800373641684,0.050945535106240156,0.06503403013541907,0.1510736393795285,0.6153846153846154,-2.2925400891650125,26,-0.05733500135511546,0.01376348885115838,0.6273311457262547,-91.90331636521421,4630,11.047552928672074,98.85335917312662,6192,2001-07-10,2026-09-01,False,False,True,True,2
us_cfnai_level|signth|w120,us_cycle,us_cfnai,level,0,M,56,signth,120,day,2,-1,0.053546294381166946,0.029029061207836885,0.04741788103927289,0.0652389450568033,0.06599087520947677,0.5769230769230769,-2.1574972830166277,26,-0.04215763012346807,0.01376348885115838,0.6273311457262547,-60.659403325246465,4706,11.047552928672074,98.85335917312662,6192,2001-07-10,2026-09-01,False,False,True,True,2
us_cfnai_level|signth|w120,us_cycle,us_cfnai,level,0,M,56,signth,120,o2o,2,-1,0.030735590351254654,0.1975931709906923,0.07541899481479683,0.08926317871727363,0.1573917704959246,0.6538461538461539,-2.2391268819016266,26,-0.04778526509136681,0.01376348885115838,0.6273311457262547,-89.80555153398463,5084,11.047552928672074,98.85335917312662,6192,2001-07-10,2026-09-01,False,True,True,True,3
us_cfnai_level|signth|w120,us_cycle,us_cfnai,level,0,M,56,signth,120,ongap,2,-1,0.238856495646775,0.15827664447771425,0.167430359422083,0.1958597514406484,0.016088874918479205,0.4,-1.5055683640562703,10,-0.29892253820820874,0.024248076082726597,0.6100873879564807,-11.002114602067568,943,11.520087050700731,99.24911660777384,2264,2017-05-16,2026-09-01,False,False,False,True,1
us_cfnai_level|signth|w252,us_cycle,us_cfnai,level,0,M,56,signth,252,c2c,2,1,-0.007036984140099245,-0.16429206853304273,-0.0505614371556114,-0.03729374106927554,-0.1294052807675522,0.4230769230769231,-2.7216278511491745,26,0.0522236599714983,-0.013160760040610245,0.6289404930960162,-95.8030879836385,4074,9.737131703247718,98.98841572850384,6129,2001-10-15,2026-09-01,False,False,True,True,2
us_cfnai_level|signth|w252,us_cycle,us_cfnai,level,0,M,56,signth,252,day,2,1,0.017200503088412228,-0.24238821850113723,-0.03919685419514522,-0.022313001017785987,-0.06742320094974719,0.4230769230769231,-1.648451334359857,26,0.02758896595154635,-0.013160760040610245,0.6289404930960162,-61.26281528964647,4975,9.737131703247718,98.98841572850384,6129,2001-10-15,2026-09-01,False,False,True,True,2
us_cfnai_level|signth|w252,us_cycle,us_cfnai,level,0,M,56,signth,252,o2o,2,-1,0.00592399216604053,0.20786606861887083,0.06005136459622209,0.07317931748219597,0.13954396483286413,0.5384615384615384,-1.488248204006218,26,-0.021341576915112286,0.013160760040610245,0.6289404930960162,-67.5875240742778,5392,9.737131703247718,98.98841572850384,6129,2001-10-15,2026-09-01,False,False,True,True,2
us_cfnai_level|signth|w252,us_cycle,us_cfnai,level,0,M,56,signth,252,ongap,2,-1,0.31449494525389515,0.022487099322369336,0.06205966733776927,0.08892487790378595,-0.043472836893916046,0.7,-2.351695496120321,10,-0.2774186492494832,0.021615427258554244,0.61172256779766,-12.445341787035675,1223,9.893856620880195,99.64664310954063,2264,2017-05-16,2026-09-01,False,True,False,True,2
us_cfnai_level|dev|w60,us_cycle,us_cfnai,level,0,M,56,dev,60,c2c,2,-1,0.03984827939919363,0.2131696849294329,0.08496122045051185,0.10210050213240156,0.18133444118817382,0.5769230769230769,-1.9383874120395777,26,-0.009509438283819387,0.023317312045001932,0.5545883521767973,-56.84930104202448,4340,11.866118970993213,99.2373843907188,6163,2001-08-21,2026-09-01,False,False,True,True,2
us_cfnai_level|dev|w60,us_cycle,us_cfnai,level,0,M,56,dev,60,day,2,-1,-0.008351982891320314,-0.035040704163263166,-0.01350127001579233,0.008149564506454206,-0.033848669393593295,0.46153846153846156,-2.287607853459844,26,0.004980464170234624,0.023317312045001932,0.5545883521767973,-57.85619203056527,4797,11.866118970993213,99.2373843907188,6163,2001-08-21,2026-09-01,False,False,True,True,2
us_cfnai_level|dev|w60,us_cycle,us_cfnai,level,0,M,56,dev,60,o2o,2,-1,0.09560069462621223,0.2879174001730406,0.1408725316080532,0.15730625316647684,0.21989328098405175,0.6153846153846154,-1.728444295968008,26,0.019870334259068135,0.023317312045001932,0.5545883521767973,-51.126400146122904,2358,11.866118970993213,99.2373843907188,6163,2001-08-21,2026-09-01,False,False,True,True,2
us_cfnai_level|dev|w60,us_cycle,us_cfnai,level,0,M,56,dev,60,ongap,2,-1,0.08145362985519725,0.28525198471838653,0.257500211869494,0.29001771532195597,0.21567620956962702,0.5,-0.786546584231023,10,-0.2473982888856564,0.010260800884769048,0.5284287929490233,-6.336172722674005,1186,11.161122354269315,98.98409893992934,2264,2017-05-16,2026-09-01,False,False,False,True,1
us_cfnai_level|dev|w120,us_cycle,us_cfnai,level,0,M,56,dev,120,c2c,2,1,-0.016716358885031424,-0.1368549485118366,-0.04871534945374891,-0.03362798256111754,-0.19098658543718572,0.46153846153846156,-2.3568625690468927,26,0.004088557693309988,-0.027937929397764957,0.5689381629170858,-101.86534979881417,4058,10.72985022333222,99.24995923691505,6133,2001-10-08,2026-09-01,False,False,True,True,2
us_cfnai_level|dev|w120,us_cycle,us_cfnai,level,0,M,56,dev,120,day,2,-1,0.013664414241948562,0.1462432494737008,0.04046621635139562,0.05953758291630623,0.059193400497357634,0.5,-1.918098036357369,26,0.027664951829538563,0.027937929397764957,0.5689381629170858,-61.75832205912065,4330,10.72985022333222,99.24995923691505,6133,2001-10-08,2026-09-01,False,False,True,True,2
us_cfnai_level|dev|w120,us_cycle,us_cfnai,level,0,M,56,dev,120,o2o,2,-1,0.024623279187400968,0.1775656381706498,0.06244978228384822,0.07699389968096099,0.19439132024633832,0.5384615384615384,-1.9569308364350744,26,0.038842876331255737,0.027937929397764957,0.5689381629170858,-50.92945505119615,4316,10.72985022333222,99.24995923691505,6133,2001-10-08,2026-09-01,False,False,True,True,2
us_cfnai_level|dev|w120,us_cycle,us_cfnai,level,0,M,56,dev,120,ongap,2,-1,0.30566245927832875,0.08167778085162493,0.10522429426070941,0.1347739964461445,0.041530073958229614,0.7,-1.5018350265748304,10,-0.28947332776615037,0.007680239973112184,0.5406573728334092,-9.399492731232002,1223,10.435727429994783,99.07243816254417,2264,2017-05-16,2026-09-01,False,True,False,True,2
us_cfnai_level|dev|w252,us_cycle,us_cfnai,level,0,M,56,dev,252,c2c,2,1,-0.004828753619237658,-0.06671096324466495,-0.02190670871974148,-0.00851831165778383,-0.14509346791632033,0.48,-2.59643101280927,25,-0.009683072206961102,-0.036348000648141615,0.5762029281934277,-87.65718640266851,4074,9.726507847247143,99.19235206856766,6067,2002-01-10,2026-09-01,False,False,True,True,2
us_cfnai_level|dev|w252,us_cycle,us_cfnai,level,0,M,56,dev,252,day,2,-1,0.026665962805117346,0.20575400840103342,0.06472311862276126,0.08198880757865895,0.08357013440325256,0.6,-2.1917470437288675,25,0.049809663963304635,0.036348000648141615,0.5762029281934277,-53.14756199365157,2211,9.726507847247143,99.19235206856766,6067,2002-01-10,2026-09-01,False,False,True,True,2
us_cfnai_level|dev|w252,us_cycle,us_cfnai,level,0,M,56,dev,252,o2o,2,1,-0.0032790292429607628,-0.14718843351878044,-0.04048434598727831,-0.0275675521025485,-0.17550505574897893,0.48,-2.3689274149341832,25,-0.06043801069632434,-0.036348000648141615,0.5762029281934277,-84.95055382668325,4381,9.726507847247143,99.19235206856766,6067,2002-01-10,2026-09-01,False,False,True,True,2
us_cfnai_level|dev|w252,us_cycle,us_cfnai,level,0,M,56,dev,252,ongap,2,-1,0.011879321852494198,-0.05586814045631099,-0.04805895439573742,-0.02005129029832332,-0.22925604944511316,0.5,-2.143504285064211,10,-0.3000823000447586,0.014621184014093255,0.5439825464939126,-11.694778960373768,1223,9.96565518150742,99.29328621908127,2264,2017-05-16,2026-09-01,False,False,False,True,1
us_mfg_new_orders_yoy|selfz|w60,us_cycle,us_mfg_new_orders,yoy,12,M,65,selfz,60,c2c,2,1,0.15417366037104016,-0.011884263808567478,0.10557817930233022,0.12168398590564761,-0.033030180971051426,0.4230769230769231,-1.755992885424276,26,0.0329173470905302,0.017662268864500022,0.5997665879601402,-74.00665957544616,3171,11.875925611093074,99.49699821515495,6163,2001-08-21,2026-09-01,False,False,True,True,2
us_mfg_new_orders_yoy|selfz|w60,us_cycle,us_mfg_new_orders,yoy,12,M,65,selfz,60,day,2,-1,-0.019663113704606786,-0.14092062281079135,-0.048516971587185674,-0.02795871403427798,-0.032800503844064834,0.6153846153846154,-1.4486523813937011,26,-0.0751378181124042,-0.017662268864500022,0.5997665879601402,-39.6323968955633,5954,11.875925611093074,99.49699821515495,6163,2001-08-21,2026-09-01,False,False,True,True,2
us_mfg_new_orders_yoy|selfz|w60,us_cycle,us_mfg_new_orders,yoy,12,M,65,selfz,60,o2o,2,1,0.0868976706341522,-0.011799465810219529,0.05943528088652498,0.07487321617181233,-0.03816279629892256,0.5,-1.6970716698396127,26,0.03353471025544678,0.017662268864500022,0.5997665879601402,-72.21010121846517,3205,11.875925611093074,99.49699821515495,6163,2001-08-21,2026-09-01,False,False,True,True,2
us_mfg_new_orders_yoy|selfz|w60,us_cycle,us_mfg_new_orders,yoy,12,M,65,selfz,60,ongap,2,-1,0.7585706019305296,0.10486642780362802,0.18515296294252523,0.21527562707806935,0.10230006208208235,0.6,-1.55662381048833,10,-0.24961861285517792,0.01717304044391352,0.5958166784389889,-14.55696303373969,1499,11.704149707782278,99.51413427561837,2264,2017-05-16,2026-09-01,False,False,False,True,1
us_mfg_new_orders_yoy|selfz|w120,us_cycle,us_mfg_new_orders,yoy,12,M,65,selfz,120,c2c,2,1,0.17099065081792653,0.15309718453809357,0.16569813147684007,0.1770538349245074,0.03252365373557979,0.46153846153846156,-1.925573426031346,26,0.05042037415439522,0.018330580716449732,0.6181542540924436,-64.89062542761617,2562,8.923188141118937,99.29887493885538,6133,2001-10-08,2026-09-01,False,False,True,True,2
us_mfg_new_orders_yoy|selfz|w120,us_cycle,us_mfg_new_orders,yoy,12,M,65,selfz,120,day,2,1,-0.011699074845053427,0.26300931278147605,0.054158140668792695,0.06876878226289117,0.036563659690187,0.5,-1.5317951232407696,26,0.06773942769968588,0.018330580716449732,0.6181542540924436,-44.49487869920041,4382,8.923188141118937,99.29887493885538,6133,2001-10-08,2026-09-01,False,False,True,True,2
us_mfg_new_orders_yoy|selfz|w120,us_cycle,us_mfg_new_orders,yoy,12,M,65,selfz,120,o2o,2,1,0.1362684304923838,0.15736096864489083,0.14211146053156776,0.15305597489417594,0.04005129655448236,0.5,-2.2037765136997076,26,0.02590643514442172,0.018330580716449732,0.6181542540924436,-65.18010890949924,2683,8.923188141118937,99.29887493885538,6133,2001-10-08,2026-09-01,False,False,True,True,2
us_mfg_new_orders_yoy|selfz|w120,us_cycle,us_mfg_new_orders,yoy,12,M,65,selfz,120,ongap,2,-1,0.7269164536824001,0.19866689960203396,0.26554901409201515,0.2868893671159403,0.24867089324513628,0.6,-1.3029263539052347,10,-0.30348586202543254,0.028752469369197203,0.6154065188320784,-12.826164249778863,1410,9.062166911189536,99.29328621908127,2264,2017-05-16,2026-09-01,False,False,False,True,1
us_mfg_new_orders_yoy|selfz|w252,us_cycle,us_mfg_new_orders,yoy,12,M,65,selfz,252,c2c,2,1,0.09701543926774758,0.04799524948720029,0.08144535094012723,0.08944480120515054,-0.07597052861948855,0.48,-2.2439925705123525,25,0.01970603533562889,0.012970966189391503,0.6662626992271133,-58.247946555382214,2183,6.8396962161309105,99.25828251194989,6067,2002-01-10,2026-09-01,False,False,True,True,2
us_mfg_new_orders_yoy|selfz|w252,us_cycle,us_mfg_new_orders,yoy,12,M,65,selfz,252,day,2,-1,0.08017475631628553,-0.22884103288039045,-0.0006189675240309102,0.009890874278941883,0.05497683400054344,0.52,-1.519472810841768,25,-0.033322787585512305,-0.012970966189391503,0.6662626992271133,-50.27266887557473,4174,6.8396962161309105,99.25828251194989,6067,2002-01-10,2026-09-01,False,False,True,True,2
us_mfg_new_orders_yoy|selfz|w252,us_cycle,us_mfg_new_orders,yoy,12,M,65,selfz,252,o2o,2,1,0.05590097111342615,0.06394062534221161,0.0583092608091215,0.06611260211755787,-0.0774545402750734,0.44,-2.4457411871109516,25,-0.030620522182794516,0.012970966189391503,0.6662626992271133,-63.70035590855285,2190,6.8396962161309105,99.25828251194989,6067,2002-01-10,2026-09-01,False,False,True,True,2
us_mfg_new_orders_yoy|selfz|w252,us_cycle,us_mfg_new_orders,yoy,12,M,65,selfz,252,ongap,2,-1,0.841405812100325,0.11012300200559269,0.18821726630127905,0.2035801385020103,0.27165149273328804,0.6,-0.9795707943240709,10,-0.2530878559731419,0.05233154601327227,0.7029876801345603,-18.464624907193887,1474,7.058760318283871,99.24911660777384,2264,2017-05-16,2026-09-01,False,False,False,True,1
us_mfg_new_orders_yoy|robustz|w60,us_cycle,us_mfg_new_orders,yoy,12,M,65,robustz,60,c2c,2,1,0.002978637308546962,-0.1073501303392244,-0.03286617723685473,-0.01775541046442411,-0.14012112048424066,0.5,-1.5459517203410702,26,0.0057284894002778905,0.004322559588719289,0.4500403987515113,-64.492333160333,3206,9.488176604908634,98.85227086407608,6099,2001-10-05,2026-09-01,False,False,True,True,2
us_mfg_new_orders_yoy|robustz|w60,us_cycle,us_mfg_new_orders,yoy,12,M,65,robustz,60,day,2,-1,0.02740964158446264,-0.05057314802820631,0.006265056461008525,0.02614893949324053,0.11600299969113692,0.6153846153846154,-1.774518131279001,26,-0.015810263462418858,-0.004322559588719289,0.4500403987515113,-40.36899132821271,4793,9.488176604908634,98.85227086407608,6099,2001-10-05,2026-09-01,False,False,True,True,2
us_mfg_new_orders_yoy|robustz|w60,us_cycle,us_mfg_new_orders,yoy,12,M,65,robustz,60,o2o,2,-1,0.0018469909510900838,0.10816973066145551,0.03422603625140027,0.048474353618858726,0.07081120493666437,0.5,-2.008612833276344,26,-0.003971756233502009,-0.004322559588719289,0.4500403987515113,-74.85505935563246,4792,9.488176604908634,98.85227086407608,6099,2001-10-05,2026-09-01,False,False,True,True,2
us_mfg_new_orders_yoy|robustz|w60,us_cycle,us_mfg_new_orders,yoy,12,M,65,robustz,60,ongap,2,-1,0.33565595674759563,0.23931551455092157,0.24489046853371516,0.2713972364154972,-0.06015704264686519,0.5,-1.23589285795625,10,-0.3025745144738898,0.010687961216444667,0.4618784142975603,-7.866562697650414,943,9.455152353308625,98.63074204946997,2264,2017-05-16,2026-09-01,False,False,False,True,1
us_mfg_new_orders_yoy|robustz|w120,us_cycle,us_mfg_new_orders,yoy,12,M,65,robustz,120,c2c,2,1,0.08037013442252817,0.035034790187926136,0.0664057164522746,0.07763472142824702,-0.049265397495215885,0.52,-2.0955415669829853,25,-0.028330615650227108,-0.00822558808117731,0.5777414075311275,-55.55336789916143,3978,8.387577978247451,99.37438261442213,6074,2001-12-31,2026-09-01,False,False,True,True,2
us_mfg_new_orders_yoy|robustz|w120,us_cycle,us_mfg_new_orders,yoy,12,M,65,robustz,120,day,2,-1,0.06551136812871544,-0.22425461934731777,-0.00849459227322158,0.006148072741882461,-0.0021245376262727556,0.56,-1.5460131714501886,25,0.02798758477178419,0.00822558808117731,0.5777414075311275,-43.21802553046043,3740,8.387577978247451,99.37438261442213,6074,2001-12-31,2026-09-01,False,False,True,True,2
us_mfg_new_orders_yoy|robustz|w120,us_cycle,us_mfg_new_orders,yoy,12,M,65,robustz,120,o2o,2,1,0.0305363512218217,0.04599103718026458,0.03506710536806698,0.04581851980526343,-0.056901491002591904,0.56,-2.3677394961867217,25,-0.053403246693097886,-0.00822558808117731,0.5777414075311275,-61.48466601974967,3977,8.387577978247451,99.37438261442213,6074,2001-12-31,2026-09-01,False,False,True,True,2
us_mfg_new_orders_yoy|robustz|w120,us_cycle,us_mfg_new_orders,yoy,12,M,65,robustz,120,ongap,2,-1,0.0977470420515086,0.1604794412053416,0.15073898040783318,0.17034184144872888,-0.15010983176107057,0.5,-1.6650231798297592,10,-0.2590823055405828,0.016351976844706007,0.5844579548289158,-13.65486927968798,1405,7.761297466651625,99.51413427561837,2264,2017-05-16,2026-09-01,False,False,False,True,1
us_mfg_new_orders_yoy|robustz|w252,us_cycle,us_mfg_new_orders,yoy,12,M,65,robustz,252,c2c,2,1,0.0920665774182795,0.10334767779679341,0.09567315660143365,0.10339246698384455,-0.03724732750961576,0.48,-2.1599997709520324,25,-0.07427927741337886,-0.030111211584003126,0.6911746515285511,-56.931883526960405,3431,6.672353327364881,99.54560753954897,5942,2002-07-18,2026-09-01,False,False,True,True,2
us_mfg_new_orders_yoy|robustz|w252,us_cycle,us_mfg_new_orders,yoy,12,M,65,robustz,252,day,2,-1,0.01501870620018925,-0.29449646013638825,-0.06775183300164433,-0.057488055364408756,-0.04756183274731643,0.52,-1.807444293151322,25,0.09009901351642201,0.030111211584003126,0.6911746515285511,-56.31350360516259,4267,6.672353327364881,99.54560753954897,5942,2002-07-18,2026-09-01,False,False,True,True,2
us_mfg_new_orders_yoy|robustz|w252,us_cycle,us_mfg_new_orders,yoy,12,M,65,robustz,252,o2o,2,1,0.033800765200922775,0.12497707395569074,0.06153084601745698,0.06908407326004674,-0.05693452917024754,0.48,-2.3164171457792544,25,-0.13726040141441423,-0.030111211584003126,0.6911746515285511,-62.46762919949516,3857,6.672353327364881,99.54560753954897,5942,2002-07-18,2026-09-01,False,False,True,True,2
us_mfg_new_orders_yoy|robustz|w252,us_cycle,us_mfg_new_orders,yoy,12,M,65,robustz,252,ongap,2,-1,0.46925676536376637,0.03587852085854494,0.07787018348241831,0.0922904578835871,0.10632823321541557,0.5,-1.1658861856283662,10,-0.2412569927232959,0.03938147324325616,0.7155732435400927,-19.565363156072575,1454,6.5934678132622535,99.38162544169612,2264,2017-05-16,2026-09-01,False,False,False,True,1
us_mfg_new_orders_yoy|bdtanh|w60,us_cycle,us_mfg_new_orders,yoy,12,M,65,bdtanh,60,c2c,2,1,0.10273005137041738,-0.03027263047610478,0.06445045823302323,0.07789804477216741,-0.09050200301796871,0.5,-1.6884867352547412,26,0.01999498765775058,0.008598299585540713,0.6738032643757358,-74.92919080114308,3171,10.66471752981582,99.57812753529124,6163,2001-08-21,2026-09-01,False,False,True,True,2
us_mfg_new_orders_yoy|bdtanh|w60,us_cycle,us_mfg_new_orders,yoy,12,M,65,bdtanh,60,day,2,-1,0.030821594856606037,-0.07834103219554325,0.0049991643498241,0.02215593641543744,0.06279204179522846,0.6153846153846154,-1.356796582199723,26,-0.06185984600880549,-0.008598299585540713,0.6738032643757358,-42.23958633540955,2299,10.66471752981582,99.57812753529124,6163,2001-08-21,2026-09-01,False,False,True,True,2
us_mfg_new_orders_yoy|bdtanh|w60,us_cycle,us_mfg_new_orders,yoy,12,M,65,bdtanh,60,o2o,2,1,0.056063606736695776,-0.015639431599566867,0.03640856274926533,0.049345062248166496,-0.08466470456476592,0.46153846153846156,-1.8004321445532554,26,0.016064839083371526,0.008598299585540713,0.6738032643757358,-72.78200864650506,3205,10.66471752981582,99.57812753529124,6163,2001-08-21,2026-09-01,False,False,True,True,2
us_mfg_new_orders_yoy|bdtanh|w60,us_cycle,us_mfg_new_orders,yoy,12,M,65,bdtanh,60,ongap,2,-1,0.8119504751886822,0.08646267138166053,0.1766827779904002,0.20027007289148147,0.13818375303809988,0.6,-1.6445872577883507,10,-0.22564534959148264,0.03785962394849912,0.669580848733246,-18.093165378335513,1569,9.787781331095346,99.51413427561837,2264,2017-05-16,2026-09-01,False,False,False,True,1
us_mfg_new_orders_yoy|bdtanh|w120,us_cycle,us_mfg_new_orders,yoy,12,M,65,bdtanh,120,c2c,2,1,0.08111763300641694,0.08897347754172917,0.0834475586293935,0.09360534454934716,-0.08834252738833442,0.46153846153846156,-1.9810697946524787,26,0.060440329591307206,0.015543912685263906,0.6711087520954702,-72.67929177166579,3171,8.293542141977087,99.62497961845752,6133,2001-10-08,2026-09-01,False,False,True,True,2
us_mfg_new_orders_yoy|bdtanh|w120,us_cycle,us_mfg_new_orders,yoy,12,M,65,bdtanh,120,day,2,-1,0.010808133936311907,-0.2466722197775736,-0.051523074414975834,-0.03842099868214484,0.002751549630773456,0.5769230769230769,-1.5450539113147737,26,-0.07774189825865281,-0.015543912685263906,0.6711087520954702,-45.75562445617989,4310,8.293542141977087,99.62497961845752,6133,2001-10-08,2026-09-01,False,False,True,True,2
us_mfg_new_orders_yoy|bdtanh|w120,us_cycle,us_mfg_new_orders,yoy,12,M,65,bdtanh,120,o2o,2,1,0.06402968774705448,0.10397838224268847,0.0754675734272428,0.08537654253609535,-0.06242182402810623,0.5,-2.244477902774825,26,0.03531126991862092,0.015543912685263906,0.6711087520954702,-73.62380604830346,4381,8.293542141977087,99.62497961845752,6133,2001-10-08,2026-09-01,False,False,True,True,2
us_mfg_new_orders_yoy|bdtanh|w120,us_cycle,us_mfg_new_orders,yoy,12,M,65,bdtanh,120,ongap,2,-1,0.5917847618071768,0.1441691356243111,0.19595518790483077,0.21459247925884478,0.23328164364354945,0.6,-1.257803167159735,10,-0.28200131414205337,0.05008291886522731,0.6884732706714658,-15.505919010536202,1474,8.107538628662757,99.77915194346289,2264,2017-05-16,2026-09-01,False,False,False,True,1
us_mfg_new_orders_yoy|bdtanh|w252,us_cycle,us_mfg_new_orders,yoy,12,M,65,bdtanh,252,c2c,2,1,0.054634897387319595,0.04897903555841272,0.05282526931477985,0.05977838665663557,-0.09968819357441945,0.52,-2.4408727916822177,25,0.012519487813058037,0.008820491647147525,0.6860148796763648,-63.35501571651054,3431,6.115084614258076,99.57145211801549,6067,2002-01-10,2026-09-01,False,False,True,True,2
us_mfg_new_orders_yoy|bdtanh|w252,us_cycle,us_mfg_new_orders,yoy,12,M,65,bdtanh,252,day,2,-1,0.060110860077395314,-0.2540815859201055,-0.02269826956811864,-0.013552478623561341,0.037947726945480695,0.48,-1.504948354317681,25,-0.02569853957557797,-0.008820491647147525,0.6860148796763648,-52.517687072694606,4267,6.115084614258076,99.57145211801549,6067,2002-01-10,2026-09-01,False,False,True,True,2
us_mfg_new_orders_yoy|bdtanh|w252,us_cycle,us_mfg_new_orders,yoy,12,M,65,bdtanh,252,o2o,2,1,0.030051646434354644,0.08154746883884195,0.045504584625509735,0.052283145242696984,-0.08872217733278281,0.44,-2.6235535016441376,25,-0.03731521915657699,0.008820491647147525,0.6860148796763648,-62.935292274183816,3442,6.115084614258076,99.57145211801549,6067,2002-01-10,2026-09-01,False,False,True,True,2
us_mfg_new_orders_yoy|bdtanh|w252,us_cycle,us_mfg_new_orders,yoy,12,M,65,bdtanh,252,ongap,2,-1,0.7317156091000853,0.1201467891742373,0.17837178751561733,0.19245361257664156,0.32155048377850365,0.7,-0.9970473376352013,10,-0.23623069081787518,0.054984921327075977,0.7179829982293708,-19.27564573049773,1474,6.574121302259851,99.29328621908127,2264,2017-05-16,2026-09-01,False,True,False,True,2
us_mfg_new_orders_yoy|rankc|w60,us_cycle,us_mfg_new_orders,yoy,12,M,65,rankc,60,c2c,2,1,0.09007757567084167,-0.09509859649262575,0.038816477271175195,0.054585310646179816,-0.13430193787228176,0.5,-2.0605986090741655,26,0.029468564786212854,0.01429995423862451,0.6407891013889747,-68.6060574945796,4074,12.33069872323042,99.5943533993185,6163,2001-08-21,2026-09-01,False,False,True,True,2
us_mfg_new_orders_yoy|rankc|w60,us_cycle,us_mfg_new_orders,yoy,12,M,65,rankc,60,day,2,-1,0.06204535305175776,-0.14193458223253572,0.014680451244606138,0.03498087592209982,0.07165340004580362,0.5384615384615384,-1.6118312547483309,26,-0.06014468228182118,-0.01429995423862451,0.6407891013889747,-37.99326336962445,3654,12.33069872323042,99.5943533993185,6163,2001-08-21,2026-09-01,False,False,True,True,2
us_mfg_new_orders_yoy|rankc|w60,us_cycle,us_mfg_new_orders,yoy,12,M,65,rankc,60,o2o,2,1,0.05052587582497837,-0.05237388053972344,0.023169860386661315,0.038271434563760705,-0.1049280776437199,0.5,-1.9840353620534956,26,0.03335370694490496,0.01429995423862451,0.6407891013889747,-62.288390139610186,4072,12.33069872323042,99.5943533993185,6163,2001-08-21,2026-09-01,False,False,True,True,2
us_mfg_new_orders_yoy|rankc|w60,us_cycle,us_mfg_new_orders,yoy,12,M,65,rankc,60,ongap,2,-1,0.8441325262164535,0.010107726182684056,0.11988445345721167,0.1527138733481155,-0.010919343917119025,0.5,-1.712055821544726,10,-0.2495137939483047,0.025977485763979197,0.6267314706848337,-18.57408477744051,1569,12.892563928436875,99.24911660777384,2264,2017-05-16,2026-09-01,False,False,False,True,1
us_mfg_new_orders_yoy|rankc|w120,us_cycle,us_mfg_new_orders,yoy,12,M,65,rankc,120,c2c,2,1,0.02449860778608677,0.0904593756287164,0.0438578703371725,0.055558126289894726,-0.12491081025613025,0.4230769230769231,-1.9778018824731902,26,0.05181908914901059,0.0030193560930317103,0.664951534976322,-75.11586506440541,4074,9.725841670332242,99.70650578835806,6133,2001-10-08,2026-09-01,False,False,True,True,2
us_mfg_new_orders_yoy|rankc|w120,us_cycle,us_mfg_new_orders,yoy,12,M,65,rankc,120,day,2,-1,0.07294959586478282,-0.27702480845309174,-0.01224019423065816,0.00291475939546979,0.030254376717802366,0.5384615384615384,-1.8631141709757728,26,-0.0629697926795447,-0.0030193560930317103,0.664951534976322,-43.04338668966947,3740,9.725841670332242,99.70650578835806,6133,2001-10-08,2026-09-01,False,False,True,True,2
us_mfg_new_orders_yoy|rankc|w120,us_cycle,us_mfg_new_orders,yoy,12,M,65,rankc,120,o2o,2,1,0.008911364239975454,0.1363558912751003,0.044783122749139155,0.056112087517686066,-0.07600880692073499,0.5,-2.139029882570738,26,0.030797150458585,0.0030193560930317103,0.664951534976322,-70.75156024897562,4072,9.725841670332242,99.70650578835806,6133,2001-10-08,2026-09-01,False,False,True,True,2
us_mfg_new_orders_yoy|rankc|w120,us_cycle,us_mfg_new_orders,yoy,12,M,65,rankc,120,ongap,2,-1,0.6546398217172938,0.09585613282006543,0.16344891202890358,0.1879245877838021,0.1486392251565003,0.6,-1.481723210337033,10,-0.2920691989411836,0.05072433507121758,0.6630138751858737,-17.30303272854761,1474,10.512077345342112,99.73498233215548,2264,2017-05-16,2026-09-01,False,False,False,True,1
us_mfg_new_orders_yoy|rankc|w252,us_cycle,us_mfg_new_orders,yoy,12,M,65,rankc,252,c2c,2,1,0.03942921136145448,0.057454580509075065,0.04505795603873195,0.05317353361111712,-0.11040932007422341,0.48,-2.4391279531327266,25,0.015291988942537487,-0.007303776696584082,0.6766621346231951,-64.5312256655825,3431,7.270753374318564,99.43959123125103,6067,2002-01-10,2026-09-01,False,False,True,True,2
us_mfg_new_orders_yoy|rankc|w252,us_cycle,us_mfg_new_orders,yoy,12,M,65,rankc,252,day,2,-1,0.06445995148431025,-0.2772305867479177,-0.023691975934751707,-0.013062120906712802,0.004538203373054379,0.48,-1.6077658502201984,25,-0.02503809995492868,0.007303776696584082,0.6766621346231951,-57.911289734768935,4174,7.270753374318564,99.43959123125103,6067,2002-01-10,2026-09-01,False,False,True,True,2
us_mfg_new_orders_yoy|rankc|w252,us_cycle,us_mfg_new_orders,yoy,12,M,65,rankc,252,o2o,2,1,0.0029964686952878984,0.10574512076302026,0.03335840768666959,0.041288166489809805,-0.09981152490864205,0.44,-2.627871797160727,25,-0.0325386997577668,-0.007303776696584082,0.6766621346231951,-68.87950461917501,3445,7.270753374318564,99.43959123125103,6067,2002-01-10,2026-09-01,False,False,True,True,2
us_mfg_new_orders_yoy|rankc|w252,us_cycle,us_mfg_new_orders,yoy,12,M,65,rankc,252,ongap,2,-1,0.7939591995708593,0.0755690214340781,0.1535774345382194,0.1710499594179319,0.28078107104670424,0.7,-1.1135041205823042,10,-0.2563439971561177,0.06344783597595964,0.703624613468473,-19.970951228017203,1476,8.135138410740042,99.51413427561837,2264,2017-05-16,2026-09-01,False,True,False,True,2
us_mfg_new_orders_yoy|signth|w60,us_cycle,us_mfg_new_orders,yoy,12,M,65,signth,60,c2c,2,1,0.059355372950732455,0.00785726824345631,0.04497799697163964,0.057836857849756396,-0.10992339312845291,0.5,-1.6163321828277937,26,0.0034404218472587713,0.005114954781329282,0.6766636898468119,-72.99985507057959,3171,10.070638127147998,99.56395348837209,6192,2001-07-10,2026-09-01,False,False,True,True,2
us_mfg_new_orders_yoy|signth|w60,us_cycle,us_mfg_new_orders,yoy,12,M,65,signth,60,day,2,-1,0.03446650559335978,-0.11316523443075531,0.0008392885950294041,0.017225064476347866,0.060125785922191394,0.5384615384615384,-1.4353431039379556,26,-0.049665834205204436,-0.005114954781329282,0.6766636898468119,-39.263959266457235,4174,10.070638127147998,99.56395348837209,6192,2001-07-10,2026-09-01,False,False,True,True,2
us_mfg_new_orders_yoy|signth|w60,us_cycle,us_mfg_new_orders,yoy,12,M,65,signth,60,o2o,2,1,0.017802454256260977,-0.010502815587354046,0.010256254481023179,0.02265270901621557,-0.11725498288487866,0.5,-1.8067681268715419,26,-0.001611329988044109,0.005114954781329282,0.6766636898468119,-70.47372872142739,3205,10.070638127147998,99.56395348837209,6192,2001-07-10,2026-09-01,False,False,True,True,2
us_mfg_new_orders_yoy|signth|w60,us_cycle,us_mfg_new_orders,yoy,12,M,65,signth,60,ongap,2,-1,0.6021953500627448,0.06512800329568813,0.13200622333999604,0.1548235425994253,0.07399270950076968,0.6,-1.8822289333037923,10,-0.22108565126992513,0.03423839711164168,0.6600996879931018,-18.247310121158243,1569,8.932617142266233,99.82332155477032,2264,2017-05-16,2026-09-01,False,False,False,True,1
us_mfg_new_orders_yoy|signth|w120,us_cycle,us_mfg_new_orders,yoy,12,M,65,signth,120,c2c,2,-1,0.037095988531306766,-0.17668373352444977,-0.024349590958039336,-0.014672186585006824,0.12008250525080623,0.5384615384615384,-1.429899656682303,26,-0.045778967211028636,-0.013816677408021269,0.6670794505535406,-79.85240308362084,4793,7.726803801955036,99.4186046511628,6192,2001-07-10,2026-09-01,False,False,True,True,2
us_mfg_new_orders_yoy|signth|w120,us_cycle,us_mfg_new_orders,yoy,12,M,65,signth,120,day,2,-1,0.060518562184028006,-0.3829711614708421,-0.04378288698483659,-0.03143016439341913,0.02659555136316516,0.6153846153846154,-1.5289188586429117,26,-0.06355418463825462,-0.013816677408021269,0.6670794505535406,-52.80805399528654,4867,7.726803801955036,99.4186046511628,6192,2001-07-10,2026-09-01,False,False,True,True,2
us_mfg_new_orders_yoy|signth|w120,us_cycle,us_mfg_new_orders,yoy,12,M,65,signth,120,o2o,2,-1,0.04801648552254131,-0.166490334490027,-0.011954150503075448,-0.0025187832890028817,0.11634489655702783,0.5,-1.4086860500919742,26,-0.035624320256887484,-0.013816677408021269,0.6670794505535406,-77.03549437510772,3215,7.726803801955036,99.4186046511628,6192,2001-07-10,2026-09-01,False,False,True,True,2
us_mfg_new_orders_yoy|signth|w120,us_cycle,us_mfg_new_orders,yoy,12,M,65,signth,120,ongap,2,-1,0.45270359196574433,0.20818838824537358,0.23112885896739138,0.24915416607917137,0.23522964906065968,0.7,-1.6683012059121214,10,-0.2794608544644045,0.04410301921159532,0.6357798241376508,-15.202654026656742,1474,7.37122687760646,98.40989399293287,2264,2017-05-16,2026-09-01,False,True,False,True,2
us_mfg_new_orders_yoy|signth|w252,us_cycle,us_mfg_new_orders,yoy,12,M,65,signth,252,c2c,2,-1,0.08083767692881137,-0.19147377124980441,0.0028160054803606496,0.009245985091752328,0.1770346593286034,0.5,-1.622687645773734,26,0.031028189333572917,0.012943305702670953,0.6689042100107628,-92.8386601375531,4527,5.71309207405718,98.94826123833758,5895,2001-11-07,2026-09-01,False,False,True,True,2
us_mfg_new_orders_yoy|signth|w252,us_cycle,us_mfg_new_orders,yoy,12,M,65,signth,252,day,2,-1,0.19809327426325213,-0.28589284464829956,0.08310472174736051,0.09144888518946713,0.1326487772613705,0.46153846153846156,-1.4696151139478184,26,0.01876834692318876,0.012943305702670953,0.6689042100107628,-47.12700486625829,4068,5.71309207405718,98.94826123833758,5895,2001-11-07,2026-09-01,False,False,True,True,2
us_mfg_new_orders_yoy|signth|w252,us_cycle,us_mfg_new_orders,yoy,12,M,65,signth,252,o2o,2,-1,0.05836330108884372,-0.22231223870312475,-0.017108106247110434,-0.010882368148175949,0.14431517601622093,0.46153846153846156,-1.4217563762732646,26,0.08301972284023687,0.012943305702670953,0.6689042100107628,-93.95310892446491,4630,5.71309207405718,98.94826123833758,5895,2001-11-07,2026-09-01,False,False,True,True,2
us_mfg_new_orders_yoy|signth|w252,us_cycle,us_mfg_new_orders,yoy,12,M,65,signth,252,ongap,2,-1,0.5407586432281182,0.03565716780550691,0.09612389018196167,0.11242984604043195,0.38567674095344207,0.6,-0.9842418118027749,10,-0.19547573630783352,0.053074631092099755,0.7013205430753101,-15.502560276092048,1418,6.97610903768994,99.66101694915255,2065,2017-05-16,2026-09-01,False,False,False,True,1
us_mfg_new_orders_yoy|dev|w60,us_cycle,us_mfg_new_orders,yoy,12,M,65,dev,60,c2c,2,1,0.1229627120086347,0.016157758161718234,0.09181734256433806,0.10507533854106789,-0.01522432805786097,0.46153846153846156,-1.5974314330361827,26,0.035991472504941405,0.02183419138845794,0.6040996207900352,-71.24123614945572,3171,10.174228384563438,99.3185137108551,6163,2001-08-21,2026-09-01,False,False,True,True,2
us_mfg_new_orders_yoy|dev|w60,us_cycle,us_mfg_new_orders,yoy,12,M,65,dev,60,day,2,-1,0.0745157690977579,-0.1784567623271821,0.014193396040730506,0.031098582876687066,-0.00976869234486942,0.5384615384615384,-1.6756235865942124,26,-0.061433822291982576,-0.02183419138845794,0.6040996207900352,-39.391020317196734,3740,10.174228384563438,99.3185137108551,6163,2001-08-21,2026-09-01,False,False,True,True,2
us_mfg_new_orders_yoy|dev|w60,us_cycle,us_mfg_new_orders,yoy,12,M,65,dev,60,o2o,2,1,0.07433706193346024,0.04244271568540153,0.06544038865153165,0.07807715219504029,-0.007608683531322443,0.5,-1.7487275941286617,26,0.02465546478097167,0.02183419138845794,0.6040996207900352,-69.31371661150382,3205,10.174228384563438,99.3185137108551,6163,2001-08-21,2026-09-01,False,False,True,True,2
us_mfg_new_orders_yoy|dev|w60,us_cycle,us_mfg_new_orders,yoy,12,M,65,dev,60,ongap,2,-1,0.8825325234879573,0.2044050008087776,0.28088735767070594,0.3058271405812913,0.2309702994552511,0.7,-1.5389170715625267,10,-0.2778823167126202,-0.0024993185349904156,0.5860094906631503,-10.547529516706145,1144,10.280043765023846,99.24911660777384,2264,2017-05-16,2026-09-01,False,True,False,True,2
us_mfg_new_orders_yoy|dev|w120,us_cycle,us_mfg_new_orders,yoy,12,M,65,dev,120,c2c,2,1,-0.009390143827842333,-0.048577563094936084,-0.02089690873206868,-0.010745491324791905,-0.12686811989016655,0.4230769230769231,-1.8538480154844252,26,0.024129900792014842,0.006047188798043791,0.6533113926748647,-93.53828246855421,4382,8.185530204720775,99.47823251263655,6133,2001-10-08,2026-09-01,False,False,True,True,2
us_mfg_new_orders_yoy|dev|w120,us_cycle,us_mfg_new_orders,yoy,12,M,65,dev,120,day,2,-1,0.046755330423256455,-0.15037704704007365,-0.0009653228909015006,0.012083877284809686,0.014223934512998035,0.5,-1.493651501592371,26,-0.03552493918903253,-0.006047188798043791,0.6533113926748647,-43.089853121526325,2241,8.185530204720775,99.47823251263655,6133,2001-10-08,2026-09-01,False,False,True,True,2
us_mfg_new_orders_yoy|dev|w120,us_cycle,us_mfg_new_orders,yoy,12,M,65,dev,120,o2o,2,-1,0.006443711830070361,0.020927131820525486,0.010489849071168341,0.02027822043098987,0.07122370275096815,0.46153846153846156,-1.3778803578931569,26,0.002358733051378777,-0.006047188798043791,0.6533113926748647,-76.93389887117542,3216,8.185530204720775,99.47823251263655,6133,2001-10-08,2026-09-01,False,False,True,True,2
us_mfg_new_orders_yoy|dev|w120,us_cycle,us_mfg_new_orders,yoy,12,M,65,dev,120,ongap,2,-1,0.7532908034096337,0.22841302207905329,0.275357796746168,0.2947659030499434,0.24965884231135713,0.7,-1.3097054437791922,10,-0.28844869977346405,0.020990695347560973,0.6466755404948249,-12.742670777277688,1311,8.253320416695647,99.24911660777384,2264,2017-05-16,2026-09-01,False,True,False,True,2
us_mfg_new_orders_yoy|dev|w252,us_cycle,us_mfg_new_orders,yoy,12,M,65,dev,252,c2c,2,-1,0.04567947463186691,-0.04442784500483888,0.01812550206095558,0.025245883537272883,0.11926932114035535,0.56,-1.3035860051661852,25,0.016884870233349242,0.029241890093429097,0.6950013728200505,-82.11820213412832,4830,6.250561717247147,99.50552167463326,6067,2002-01-10,2026-09-01,False,False,True,True,2
us_mfg_new_orders_yoy|dev|w252,us_cycle,us_mfg_new_orders,yoy,12,M,65,dev,252,day,2,-1,0.1041091007538255,-0.2610134414050728,0.010971128009317141,0.020264660360090624,0.02445315066474732,0.52,-1.6007625701111428,25,0.009737799475467098,0.029241890093429097,0.6950013728200505,-57.221110386704645,4267,6.250561717247147,99.50552167463326,6067,2002-01-10,2026-09-01,False,False,True,True,2
us_mfg_new_orders_yoy|dev|w252,us_cycle,us_mfg_new_orders,yoy,12,M,65,dev,252,o2o,2,-1,0.06799542893570987,-0.05800633831008323,0.03147955145048009,0.03837833982764924,0.114916548137226,0.56,-1.2873702931453939,25,0.06780748349993021,0.029241890093429097,0.6950013728200505,-82.25179033201813,3258,6.250561717247147,99.50552167463326,6067,2002-01-10,2026-09-01,False,False,True,True,2
us_mfg_new_orders_yoy|dev|w252,us_cycle,us_mfg_new_orders,yoy,12,M,65,dev,252,ongap,2,-1,0.925961380025904,0.2222766356776662,0.28749048622384726,0.30164874926598767,0.39871300759110395,0.7,-1.0966674756980304,10,-0.26776333168737476,0.06631420225330771,0.7200276602469758,-16.205397814754345,1409,6.46918520726024,99.82332155477032,2264,2017-05-16,2026-09-01,False,True,False,True,2
us_freight_tsi_yoy|selfz|w60,us_cycle,us_freight_tsi,yoy,12,M,90,selfz,60,c2c,2,1,0.0630084214141329,-0.12638307559047662,0.009344632024905626,0.024254421121505623,0.03964964894286999,0.5384615384615384,-1.6618888942338672,26,0.028608379533852268,-0.004585678065805865,0.5932000359205588,-85.00700091231508,6142,11.423663887794362,99.3185137108551,6163,2001-08-21,2026-09-01,False,False,True,True,2
us_freight_tsi_yoy|selfz|w60,us_cycle,us_freight_tsi,yoy,12,M,90,selfz,60,day,2,-1,0.0024842831389891734,0.11721803817097845,0.028162558550078872,0.04752306540317118,0.017364137958323065,0.4230769230769231,-1.8790765302099621,26,0.009367184945906331,0.004585678065805865,0.5932000359205588,-47.580359889685134,4267,11.423663887794362,99.3185137108551,6163,2001-08-21,2026-09-01,False,False,True,True,2
us_freight_tsi_yoy|selfz|w60,us_cycle,us_freight_tsi,yoy,12,M,90,selfz,60,o2o,2,1,0.060619937063116316,-0.03339966838186772,0.03567490876265064,0.050131224641554534,0.11071167685729952,0.5769230769230769,-1.4512223698141327,26,-0.008706059728999719,-0.004585678065805865,0.5932000359205588,-87.32056799593165,4851,11.423663887794362,99.3185137108551,6163,2001-08-21,2026-09-01,False,False,True,True,2
us_freight_tsi_yoy|selfz|w60,us_cycle,us_freight_tsi,yoy,12,M,90,selfz,60,ongap,2,1,0.35064520543607564,-0.055325263645085596,0.002878826912133334,0.03296306612998743,0.05111946583367409,0.6,-1.558695477023713,10,0.1281219767986511,-0.006871823846427257,0.5717914074779507,-13.774641138935781,576,11.79998470412298,99.1166077738516,2264,2017-05-16,2026-09-01,False,False,True,True,2
us_freight_tsi_yoy|selfz|w120,us_cycle,us_freight_tsi,yoy,12,M,90,selfz,120,c2c,2,-1,0.22771639786185932,-0.030891419799383965,0.15909333881973597,0.1694086467153018,0.15473801947382626,0.46153846153846156,-1.587339590458525,26,-0.04374156901870419,0.009086794913483427,0.6108225419911898,-81.69131144257828,4247,8.187790045177744,99.16843306701452,6133,2001-10-08,2026-09-01,False,False,True,True,2
us_freight_tsi_yoy|selfz|w120,us_cycle,us_freight_tsi,yoy,12,M,90,selfz,120,day,2,-1,0.2492821870087939,0.14074916622995987,0.2219582566417631,0.23518228393618645,0.22019217843568936,0.5384615384615384,-1.546176706372677,26,-0.013332577664908423,0.009086794913483427,0.6108225419911898,-37.266125792360576,2938,8.187790045177744,99.16843306701452,6133,2001-10-08,2026-09-01,False,False,True,True,2
us_freight_tsi_yoy|selfz|w120,us_cycle,us_freight_tsi,yoy,12,M,90,selfz,120,o2o,2,-1,0.2066517822115701,-0.05894017252518921,0.13953004627052043,0.14960111859592562,0.10721428256750402,0.4230769230769231,-1.4065892343682327,26,-0.016980351127052776,0.009086794913483427,0.6108225419911898,-90.56252995413331,4247,8.187790045177744,99.16843306701452,6133,2001-10-08,2026-09-01,False,False,True,True,2
us_freight_tsi_yoy|selfz|w120,us_cycle,us_freight_tsi,yoy,12,M,90,selfz,120,ongap,2,1,0.4391744647822356,-0.04356953078389589,0.029345587978178538,0.05234264293749217,0.15882187962725616,0.5,-0.633736318155807,10,0.09334346949141857,-0.02023852299293456,0.5836211074838807,-16.556944838754696,1187,8.646950805319538,99.16077738515902,2264,2017-05-16,2026-09-01,False,False,True,True,2
us_freight_tsi_yoy|selfz|w252,us_cycle,us_freight_tsi,yoy,12,M,90,selfz,252,c2c,2,-1,0.025190801948714675,-0.04673375449345941,0.004643667806037091,0.012849064573859268,-0.07749958268310995,0.4,-1.385475452445278,25,-0.08133935455246571,-0.002638638131018774,0.6470776295474837,-102.82763844890309,4195,6.609079212963245,99.63738256139773,6067,2002-01-10,2026-09-01,False,False,True,True,2
us_freight_tsi_yoy|selfz|w252,us_cycle,us_freight_tsi,yoy,12,M,90,selfz,252,day,2,-1,0.06935536238840655,0.09372729637923505,0.07406071365816826,0.08470844324835361,-0.02250405444867251,0.48,-1.5409454800527973,25,-0.06743830640140157,-0.002638638131018774,0.6470776295474837,-67.64993107822289,4267,6.609079212963245,99.63738256139773,6067,2002-01-10,2026-09-01,False,False,True,True,2
us_freight_tsi_yoy|selfz|w252,us_cycle,us_freight_tsi,yoy,12,M,90,selfz,252,o2o,2,-1,-0.005418593186560743,-0.029351387995030325,-0.011819358571647889,-0.0036859906720545575,-0.11755451136380682,0.36,-1.362038360628377,25,-0.053677591630213156,-0.002638638131018774,0.6470776295474837,-107.36603126247452,4194,6.609079212963245,99.63738256139773,6067,2002-01-10,2026-09-01,False,False,True,True,2
us_freight_tsi_yoy|selfz|w252,us_cycle,us_freight_tsi,yoy,12,M,90,selfz,252,ongap,2,1,0.5334056581629052,-0.11581986077218881,-0.015831373272434963,0.0015133695642915816,0.09525371658741166,0.6,-0.8294617855004485,10,0.18428916640392587,-0.009333235138458686,0.6155811918508322,-16.861122765139214,1300,6.842186966293258,99.51413427561837,2264,2017-05-16,2026-09-01,False,False,False,True,1
us_freight_tsi_yoy|robustz|w60,us_cycle,us_freight_tsi,yoy,12,M,90,robustz,60,c2c,2,1,0.09379514527790243,-0.3000081512065259,-0.023706764476740694,-0.008046746366607056,-0.03653597619989075,0.6153846153846154,-3.0874258215038726,26,0.026396174281706916,-0.013598147056549931,0.5090909102140753,-57.854990151841925,3361,9.712874401015723,99.02896642527979,6076,2001-10-05,2026-09-01,False,False,True,True,2
us_freight_tsi_yoy|robustz|w60,us_cycle,us_freight_tsi,yoy,12,M,90,robustz,60,day,2,1,0.08186013943293838,-0.06927329839210267,0.04531769881300069,0.06584415013879269,-0.0010443003593613148,0.46153846153846156,-2.588439671653498,26,0.023450187417827638,-0.013598147056549931,0.5090909102140753,-35.92412974701061,1664,9.712874401015723,99.02896642527979,6076,2001-10-05,2026-09-01,False,False,True,True,2
us_freight_tsi_yoy|robustz|w60,us_cycle,us_freight_tsi,yoy,12,M,90,robustz,60,o2o,2,1,0.1340959158210516,-0.2743447206865568,0.015265001215428939,0.0307031720191448,0.06350396191807745,0.5384615384615384,-1.4540693040108064,26,0.01140184663180691,-0.013598147056549931,0.5090909102140753,-52.68105563038432,3020,9.712874401015723,99.02896642527979,6076,2001-10-05,2026-09-01,False,False,True,True,2
us_freight_tsi_yoy|robustz|w60,us_cycle,us_freight_tsi,yoy,12,M,90,robustz,60,ongap,2,1,0.5086834051827325,-0.2115498917032911,-0.14539257027157912,-0.11882637986084002,0.02204637198875528,0.6,-1.4642243478451205,10,0.12896871412648162,-0.05193773665935978,0.4726859383538665,-15.192687050931731,486,9.162552004842794,99.2420864913063,2243,2017-05-16,2026-09-01,False,False,True,True,2
us_freight_tsi_yoy|robustz|w120,us_cycle,us_freight_tsi,yoy,12,M,90,robustz,120,c2c,2,-1,0.034507027352788475,0.08948247800745233,0.04941729772731819,0.05954993048526892,-0.003590499851798687,0.48,-2.057874827513241,25,-0.07192954021340313,0.014590499367995073,0.5891425979622544,-80.011130000372,4266,7.730552826215849,99.20974646032269,6074,2001-12-31,2026-09-01,False,False,True,True,2
us_freight_tsi_yoy|robustz|w120,us_cycle,us_freight_tsi,yoy,12,M,90,robustz,120,day,2,-1,0.08908030511677785,-0.01220488196069933,0.06545232042459322,0.07851214194577771,0.04394169839805939,0.48,-1.9572184205160195,25,-0.07946621680882869,0.014590499367995073,0.5891425979622544,-51.14367072085143,3518,7.730552826215849,99.20974646032269,6074,2001-12-31,2026-09-01,False,False,True,True,2
us_freight_tsi_yoy|robustz|w120,us_cycle,us_freight_tsi,yoy,12,M,90,robustz,120,o2o,2,-1,0.07302794084628131,0.05733124393451815,0.06860603075094968,0.07842790105615505,-0.023010671554836028,0.52,-1.9472937789619789,25,-0.06509218963353013,0.014590499367995073,0.5891425979622544,-82.79744662665944,4247,7.730552826215849,99.20974646032269,6074,2001-12-31,2026-09-01,False,False,True,True,2
us_freight_tsi_yoy|robustz|w120,us_cycle,us_freight_tsi,yoy,12,M,90,robustz,120,ongap,2,1,0.4194737549282375,-0.3139428051509594,-0.20777928473675492,-0.18645846420177153,-0.20594125228611715,0.4,-1.0939627045819786,10,0.10565421134060606,-0.05242701310485502,0.5708968551926075,-18.98062906479801,1659,8.04385882693522,99.42579505300353,2264,2017-05-16,2026-09-01,False,False,True,True,2
us_freight_tsi_yoy|robustz|w252,us_cycle,us_freight_tsi,yoy,12,M,90,robustz,252,c2c,2,-1,0.12209952458785182,0.04736396454900018,0.09916174567584621,0.10711252312764792,0.03453591728638591,0.48,-1.3005994690254494,25,-0.06199380425002868,0.021206580527072902,0.6624568222562686,-87.24890760747763,4178,6.683319391612617,99.81487714574217,5942,2002-07-18,2026-09-01,False,False,True,True,2
us_freight_tsi_yoy|robustz|w252,us_cycle,us_freight_tsi,yoy,12,M,90,robustz,252,day,2,-1,0.057526154656262284,0.047384694665129935,0.05451221893423656,0.06507200679173372,0.004896899135177888,0.44,-1.408727344184364,25,-0.040865332340466964,0.021206580527072902,0.6624568222562686,-61.22480469157268,4267,6.683319391612617,99.81487714574217,5942,2002-07-18,2026-09-01,False,False,True,True,2
us_freight_tsi_yoy|robustz|w252,us_cycle,us_freight_tsi,yoy,12,M,90,robustz,252,o2o,2,-1,0.14108243093880815,0.04284955283690357,0.11225018903200958,0.12017118605222098,0.008354076395607432,0.48,-1.2922419870135382,25,-0.036560924021235404,0.021206580527072902,0.6624568222562686,-91.7894749094243,4173,6.683319391612617,99.81487714574217,5942,2002-07-18,2026-09-01,False,False,True,True,2
us_freight_tsi_yoy|robustz|w252,us_cycle,us_freight_tsi,yoy,12,M,90,robustz,252,ongap,2,1,0.5448010148223388,-0.26673167774824147,-0.15363229697108388,-0.13658116651100952,-0.13300139289569388,0.5,-1.354175873274197,10,0.22552036934779007,-0.01456195789349687,0.6417088856040918,-18.72510202811436,1776,7.324043523347783,99.86749116607774,2264,2017-05-16,2026-09-01,False,False,False,True,1
us_freight_tsi_yoy|bdtanh|w60,us_cycle,us_freight_tsi,yoy,12,M,90,bdtanh,60,c2c,2,1,0.02553571823183568,-0.123483557228059,-0.01626120919917755,-0.0036911899050404667,0.0014106333353949827,0.5,-1.7004848434536524,26,0.029874677237565487,-0.0018322577125845373,0.6733441052678503,-96.19937732182098,6136,10.480325493204042,99.65925685542754,6163,2001-08-21,2026-09-01,False,False,True,True,2
us_freight_tsi_yoy|bdtanh|w60,us_cycle,us_freight_tsi,yoy,12,M,90,bdtanh,60,day,2,-1,-0.00770331218901995,0.11989185568862393,0.02105813080293696,0.03727250890084986,0.02586071055549133,0.46153846153846156,-1.8976305104305506,26,0.006195668020459775,0.0018322577125845373,0.6733441052678503,-49.37190750440711,4267,10.480325493204042,99.65925685542754,6163,2001-08-21,2026-09-01,False,False,True,True,2
us_freight_tsi_yoy|bdtanh|w60,us_cycle,us_freight_tsi,yoy,12,M,90,bdtanh,60,o2o,2,1,0.03152737573850188,0.010893033662730929,0.02598954047315909,0.038209276945622914,0.09240981392689729,0.5384615384615384,-1.5147690761083845,26,-0.001733164045662263,-0.0018322577125845373,0.6733441052678503,-94.80917717807318,6141,10.480325493204042,99.65925685542754,6163,2001-08-21,2026-09-01,False,False,True,True,2
us_freight_tsi_yoy|bdtanh|w60,us_cycle,us_freight_tsi,yoy,12,M,90,bdtanh,60,ongap,2,1,0.36255083283748435,-0.02313179877744958,0.030170597215459463,0.056812633003156345,0.030568983988579945,0.6,-1.612897028477479,10,0.11579537408304054,0.010688888278869612,0.6554043799935504,-13.714948226309307,576,11.088432057350923,99.55830388692578,2264,2017-05-16,2026-09-01,False,False,True,True,2
us_freight_tsi_yoy|bdtanh|w120,us_cycle,us_freight_tsi,yoy,12,M,90,bdtanh,120,c2c,2,-1,0.2524484527320243,0.02761928271488176,0.19079473941779346,0.19967661260669306,0.18465623905526374,0.46153846153846156,-1.276998381847445,26,-0.04142809955675426,0.011952308966217521,0.6767941301374342,-72.50475141205285,3595,7.584198989964819,99.46192727865645,6133,2001-10-08,2026-09-01,False,False,True,True,2
us_freight_tsi_yoy|bdtanh|w120,us_cycle,us_freight_tsi,yoy,12,M,90,bdtanh,120,day,2,-1,0.24963904646697677,0.28020113545587494,0.25239260737102676,0.26380773998406826,0.2669817332917141,0.5384615384615384,-1.2571062535095867,26,-0.009900028960353604,0.011952308966217521,0.6767941301374342,-36.687428337994575,2938,7.584198989964819,99.46192727865645,6133,2001-10-08,2026-09-01,False,False,True,True,2
us_freight_tsi_yoy|bdtanh|w120,us_cycle,us_freight_tsi,yoy,12,M,90,bdtanh,120,o2o,2,-1,0.21299907598639,-0.018126897595379977,0.15276668896404402,0.16145940076253995,0.12116080645935842,0.4230769230769231,-1.5296415064418005,26,-0.015929568629030173,0.011952308966217521,0.6767941301374342,-82.78341270991484,4194,7.584198989964819,99.46192727865645,6133,2001-10-08,2026-09-01,False,False,True,True,2
us_freight_tsi_yoy|bdtanh|w120,us_cycle,us_freight_tsi,yoy,12,M,90,bdtanh,120,ongap,2,1,0.517855450876638,-0.03447912681648352,0.047891721690475834,0.06865168599105874,0.11212488021045372,0.5,-0.7633135339239477,10,0.06866238220720396,-0.010761073360601623,0.6635464688055279,-17.755105697721685,1187,8.294585352205852,99.77915194346289,2264,2017-05-16,2026-09-01,False,False,True,True,2
us_freight_tsi_yoy|bdtanh|w252,us_cycle,us_freight_tsi,yoy,12,M,90,bdtanh,252,c2c,2,-1,0.08739713555619961,-0.010872274709773321,0.05879851438119054,0.06588908858326235,-0.02359841705583051,0.4,-1.642292351429201,25,-0.0675348860146725,0.013308445405848787,0.680890241105694,-101.93270011599118,4126,6.116489188981654,99.71979561562551,6067,2002-01-10,2026-09-01,False,False,True,True,2
us_freight_tsi_yoy|bdtanh|w252,us_cycle,us_freight_tsi,yoy,12,M,90,bdtanh,252,day,2,-1,0.11475553326212355,0.13620124674498896,0.11846180564135383,0.12768362419692617,0.02072789690410885,0.52,-1.359425061664675,25,-0.06012487694782072,0.013308445405848787,0.680890241105694,-64.51901004671026,4267,6.116489188981654,99.71979561562551,6067,2002-01-10,2026-09-01,False,False,True,True,2
us_freight_tsi_yoy|bdtanh|w252,us_cycle,us_freight_tsi,yoy,12,M,90,bdtanh,252,o2o,2,-1,0.049876888132915215,0.006430296551815864,0.03789599390305561,0.044920857440458824,-0.0751963793177402,0.44,-1.5071265293246703,25,-0.04877882561920999,0.013308445405848787,0.680890241105694,-109.185380896474,4127,6.116489188981654,99.71979561562551,6067,2002-01-10,2026-09-01,False,False,True,True,2
us_freight_tsi_yoy|bdtanh|w252,us_cycle,us_freight_tsi,yoy,12,M,90,bdtanh,252,ongap,2,1,0.7157662894129313,-0.11485742455365489,0.00533496066371917,0.021218988403214335,0.15576481604030473,0.6,-1.0092424017810322,10,0.13747747284307155,-0.0172224092169647,0.6409347728670768,-18.645673432214142,1294,6.697970420827422,99.60247349823321,2264,2017-05-16,2026-09-01,False,False,True,True,2
us_freight_tsi_yoy|rankc|w60,us_cycle,us_freight_tsi,yoy,12,M,90,rankc,60,c2c,2,1,0.12622252285934435,-0.018347757885468784,0.08533985993112898,0.0994905023708953,0.13897615194720486,0.6153846153846154,-1.5671115472233283,26,0.022590392657747635,0.0030854433935800104,0.6477513282823447,-95.7964472906665,3545,11.468959004556915,99.39876503087423,6154,2001-09-03,2026-09-01,False,False,True,True,2
us_freight_tsi_yoy|rankc|w60,us_cycle,us_freight_tsi,yoy,12,M,90,rankc,60,day,2,1,0.0253596478500469,-0.11033088730572058,-0.005991443121521204,0.012205153389855328,0.05744137297630619,0.5769230769230769,-1.235601436600031,26,-0.004059029678329037,0.0030854433935800104,0.6477513282823447,-55.4538477009488,6134,11.468959004556915,99.39876503087423,6154,2001-09-03,2026-09-01,False,False,True,True,2
us_freight_tsi_yoy|rankc|w60,us_cycle,us_freight_tsi,yoy,12,M,90,rankc,60,o2o,2,1,0.07876551561687758,0.06571387234375112,0.07506340585691297,0.08877405253866387,0.17461382170172132,0.6538461538461539,-1.3718677567785271,26,-0.01470208089544283,0.0030854433935800104,0.6477513282823447,-90.05882331084291,4223,11.468959004556915,99.39876503087423,6154,2001-09-03,2026-09-01,False,True,True,True,3
us_freight_tsi_yoy|rankc|w60,us_cycle,us_freight_tsi,yoy,12,M,90,rankc,60,ongap,2,1,0.40715860615163396,0.04525054691373297,0.09587436492860942,0.12378638985773394,0.2635254519183392,0.8,-1.3016100213036677,10,0.09042696030651393,0.005876417759232554,0.6255739709899321,-12.261454399220414,576,11.179266200208023,99.20494699646643,2264,2017-05-16,2026-09-01,False,True,True,True,3
us_freight_tsi_yoy|rankc|w120,us_cycle,us_freight_tsi,yoy,12,M,90,rankc,120,c2c,2,-1,0.130400810738607,-0.07586230453305917,0.07572590024582794,0.08612565859631428,0.07309901068533507,0.5,-1.6896192846922968,26,-0.04058367187961309,0.006341641116037043,0.6456900280686392,-99.6121676555683,5485,8.511416035929944,99.24995923691505,6133,2001-10-08,2026-09-01,False,False,True,True,2
us_freight_tsi_yoy|rankc|w120,us_cycle,us_freight_tsi,yoy,12,M,90,rankc,120,day,2,-1,0.15959374480331198,0.09431747193908753,0.1429573572461137,0.15625547044446847,0.12554721521010132,0.46153846153846156,-1.5590586096889707,26,-0.022899968512586966,0.006341641116037043,0.6456900280686392,-46.078192394907134,4267,8.511416035929944,99.24995923691505,6133,2001-10-08,2026-09-01,False,False,True,True,2
us_freight_tsi_yoy|rankc|w120,us_cycle,us_freight_tsi,yoy,12,M,90,rankc,120,o2o,2,-1,0.14096156528272968,-0.07735635552950262,0.08555983674847657,0.09565031723785641,0.05095267860367598,0.5,-1.4521630288202105,26,-0.02145096541410902,0.006341641116037043,0.6456900280686392,-96.76911056845987,4247,8.511416035929944,99.24995923691505,6133,2001-10-08,2026-09-01,False,False,True,True,2
us_freight_tsi_yoy|rankc|w120,us_cycle,us_freight_tsi,yoy,12,M,90,rankc,120,ongap,2,1,0.5818480231964248,0.022756157214185935,0.10830379337198827,0.13117974903642843,0.24493631817026928,0.5,-0.5269115332252987,10,0.08922045118849753,-0.013065606058972555,0.61831253077302,-14.013655451722688,1187,8.789981491673263,99.46996466431095,2264,2017-05-16,2026-09-01,False,False,True,True,2
us_freight_tsi_yoy|rankc|w252,us_cycle,us_freight_tsi,yoy,12,M,90,rankc,252,c2c,2,-1,0.08596212026910559,-0.10891165725658547,0.03066375700219535,0.03874623009866967,-0.0924267383868753,0.4,-1.547169375421881,25,-0.07314593148893613,0.0028687439460939835,0.6656604641072472,-110.20163786764381,4195,6.743407433752563,99.47255645294216,6067,2002-01-10,2026-09-01,False,False,True,True,2
us_freight_tsi_yoy|rankc|w252,us_cycle,us_freight_tsi,yoy,12,M,90,rankc,252,day,2,-1,0.10395904642068306,0.10122342126072674,0.10192767791365102,0.11239266546238633,-0.024481310664812364,0.48,-1.4605549813900596,25,-0.06601371650098908,0.0028687439460939835,0.6656604641072472,-66.19342971280236,4267,6.743407433752563,99.47255645294216,6067,2002-01-10,2026-09-01,False,False,True,True,2
us_freight_tsi_yoy|rankc|w252,us_cycle,us_freight_tsi,yoy,12,M,90,rankc,252,o2o,2,-1,0.06693187516521992,-0.06843613700150694,0.030738532049528162,0.038708757367343985,-0.11448423414677389,0.44,-1.4097689052716054,25,-0.05324024583071325,0.0028687439460939835,0.6656604641072472,-113.46810276293486,4194,6.743407433752563,99.47255645294216,6067,2002-01-10,2026-09-01,False,False,True,True,2
us_freight_tsi_yoy|rankc|w252,us_cycle,us_freight_tsi,yoy,12,M,90,rankc,252,ongap,2,1,0.7006257446674617,-0.0012612026412039587,0.10344261722097155,0.1207994821869334,0.32606229027441186,0.7,-0.8731242228824896,10,0.14044538022312225,0.007749268414971026,0.6375741571257156,-14.550153068301105,789,6.983748911103702,99.77915194346289,2264,2017-05-16,2026-09-01,False,True,True,True,3
us_freight_tsi_yoy|signth|w60,us_cycle,us_freight_tsi,yoy,12,M,90,signth,60,c2c,2,-1,0.08279626161941504,0.23731492330032491,0.1248620808913251,0.1365098263703816,0.16064621379452323,0.5384615384615384,-2.032205838969496,26,-0.030448355115593642,0.0022599482707922535,0.6751193972887619,-74.12208562514863,4975,9.720279038432643,99.28940568475451,6192,2001-07-10,2026-09-01,False,False,True,True,2
us_freight_tsi_yoy|signth|w60,us_cycle,us_freight_tsi,yoy,12,M,90,signth,60,day,2,-1,0.07063935023297785,0.3089634312014814,0.12171526443876364,0.13663603973666943,0.17570011453384574,0.5769230769230769,-1.761658492350737,26,0.0061007515043456145,0.0022599482707922535,0.6751193972887619,-45.23401878042126,4267,9.720279038432643,99.28940568475451,6192,2001-07-10,2026-09-01,False,False,True,True,2
us_freight_tsi_yoy|signth|w60,us_cycle,us_freight_tsi,yoy,12,M,90,signth,60,o2o,2,-1,0.012700026219784505,0.0888749866747688,0.03230021687596674,0.04357832819204389,0.006119625862731576,0.46153846153846156,-1.846610114202387,26,0.0031452689763352445,0.0022599482707922535,0.6751193972887619,-84.76805748017465,4247,9.720279038432643,99.28940568475451,6192,2001-07-10,2026-09-01,False,False,True,True,2
us_freight_tsi_yoy|signth|w60,us_cycle,us_freight_tsi,yoy,12,M,90,signth,60,ongap,2,1,0.392113668102092,-0.03264340115067606,0.027940034919465128,0.053065763024707883,0.0354431874479573,0.6,-1.4381723335133911,10,0.10671520331479571,0.007246996438663691,0.6543357833063104,-16.13515809416931,576,10.134596793369601,98.76325088339223,2264,2017-05-16,2026-09-01,False,False,True,True,2
us_freight_tsi_yoy|signth|w120,us_cycle,us_freight_tsi,yoy,12,M,90,signth,120,c2c,2,-1,0.11278603973750267,0.0677086109840561,0.1004534034215963,0.10951618702447977,0.054345546675450586,0.46153846153846156,-1.395937315569769,26,-0.043999547573058385,0.003989379403376944,0.6812285310808829,-83.15605874057206,3595,7.539603234332074,99.6608527131783,6192,2001-07-10,2026-09-01,False,False,True,True,2
us_freight_tsi_yoy|signth|w120,us_cycle,us_freight_tsi,yoy,12,M,90,signth,120,day,2,-1,0.13812356251406716,0.34712874101881147,0.18093846576503714,0.19237395679482258,0.20938823129569112,0.5,-1.339622244388729,26,-0.019172133381927366,0.003989379403376944,0.6812285310808829,-35.6258287654491,2938,7.539603234332074,99.6608527131783,6192,2001-07-10,2026-09-01,False,False,True,True,2
us_freight_tsi_yoy|signth|w120,us_cycle,us_freight_tsi,yoy,12,M,90,signth,120,o2o,2,-1,0.10534831942946049,-0.04270797143854579,0.06759771561940081,0.07636046449251624,-0.02610742266099254,0.46153846153846156,-1.5926080709023682,26,-0.027339493085865765,0.003989379403376944,0.6812285310808829,-94.56865342479495,4254,7.539603234332074,99.6608527131783,6192,2001-07-10,2026-09-01,False,False,True,True,2
us_freight_tsi_yoy|signth|w120,us_cycle,us_freight_tsi,yoy,12,M,90,signth,120,ongap,2,1,0.5090016725031087,0.011431234738738052,0.08546953213676169,0.10417765125097003,0.127392245881503,0.5,-0.8225269672792095,10,0.03188247205948341,-0.00907990937546091,0.6617022055345984,-17.862052123277376,1187,7.5267210135183795,99.55830388692578,2264,2017-05-16,2026-09-01,False,False,True,True,2
us_freight_tsi_yoy|signth|w252,us_cycle,us_freight_tsi,yoy,12,M,90,signth,252,c2c,2,-1,0.20518100356465022,0.10822864946088574,0.176782902104639,0.1831590058970953,0.19279440182002763,0.5,-1.2867178090210238,26,-0.04921182880407669,0.024895115571273906,0.6767672277839373,-75.91400134511042,4091,5.54465554606206,100.0,6094,2001-10-15,2026-09-01,False,False,True,True,2
us_freight_tsi_yoy|signth|w252,us_cycle,us_freight_tsi,yoy,12,M,90,signth,252,day,2,-1,0.25112245115365855,0.14891095235560803,0.22443297290337122,0.23272208570293354,0.19943254836412727,0.6153846153846154,-1.2777932223271777,26,-0.04247879740339063,0.024895115571273906,0.6767672277839373,-50.4135031195727,4023,5.54465554606206,100.0,6094,2001-10-15,2026-09-01,False,False,True,True,2
us_freight_tsi_yoy|signth|w252,us_cycle,us_freight_tsi,yoy,12,M,90,signth,252,o2o,2,-1,0.17688536082137318,0.12721108899603942,0.16290523894334416,0.16920120223286392,0.14731899162342676,0.46153846153846156,-1.3974602287772375,26,-0.034168352975503156,0.024895115571273906,0.6767672277839373,-82.61447943776683,4092,5.54465554606206,100.0,6094,2001-10-15,2026-09-01,False,False,True,True,2
us_freight_tsi_yoy|signth|w252,us_cycle,us_freight_tsi,yoy,12,M,90,signth,252,ongap,2,1,0.7990534490463996,-0.16821400757747168,-0.03015291554771166,-0.015296519801742044,-0.11740186323774465,0.4,-0.8303020399135227,10,0.10895222324311546,-0.03160494736588543,0.6522950030652059,-16.547255494760986,1294,6.531816017286335,100.0,2264,2017-05-16,2026-09-01,False,False,True,True,2
us_freight_tsi_yoy|dev|w60,us_cycle,us_freight_tsi,yoy,12,M,90,dev,60,c2c,2,-1,-0.010784074167610727,0.027629400143512152,-0.0005518313725681927,0.01211092866237357,-0.0580367351785325,0.4230769230769231,-2.3817957966093277,26,-0.0348348943152957,-0.008588462260882852,0.5872067262342976,-91.9727201435911,4247,9.710006107453552,99.49699821515495,6163,2001-08-21,2026-09-01,False,False,True,True,2
us_freight_tsi_yoy|dev|w60,us_cycle,us_freight_tsi,yoy,12,M,90,dev,60,day,2,-1,0.042715094147657985,0.07316340357300978,0.04831703409828138,0.06453906063002664,0.022790336773932437,0.4230769230769231,-2.2100321003847947,26,0.017098211399965917,-0.008588462260882852,0.5872067262342976,-56.68402186867228,4267,9.710006107453552,99.49699821515495,6163,2001-08-21,2026-09-01,False,False,True,True,2
us_freight_tsi_yoy|dev|w60,us_cycle,us_freight_tsi,yoy,12,M,90,dev,60,o2o,2,-1,-0.01043400032844079,-0.024072194874792646,-0.013760768491852697,-0.0013860958032565014,-0.13309405028794008,0.34615384615384615,-2.1557756481122965,26,0.01429791686416019,-0.008588462260882852,0.5872067262342976,-96.96513262884956,4247,9.710006107453552,99.49699821515495,6163,2001-08-21,2026-09-01,False,False,True,True,2
us_freight_tsi_yoy|dev|w60,us_cycle,us_freight_tsi,yoy,12,M,90,dev,60,ongap,2,1,0.2877671883894639,-0.03044579251566991,0.01617321609147975,0.04190567872489111,0.16282904114617064,0.7,-0.9213511054217055,10,0.15324194914753544,0.01843129526004194,0.5352393473270115,-13.196641375725896,576,9.585260981913423,99.16077738515902,2264,2017-05-16,2026-09-01,False,True,False,True,2
us_freight_tsi_yoy|dev|w120,us_cycle,us_freight_tsi,yoy,12,M,90,dev,120,c2c,2,-1,0.17237289968033126,-0.0663794924442342,0.10967499011456866,0.11886635677595386,0.10904872864923291,0.46153846153846156,-1.4836773901632894,26,-0.05279674711929273,-0.005767808776072,0.6289552366423196,-84.1147210448599,4252,7.4604546627300605,99.47823251263655,6133,2001-10-08,2026-09-01,False,False,True,True,2
us_freight_tsi_yoy|dev|w120,us_cycle,us_freight_tsi,yoy,12,M,90,dev,120,day,2,-1,0.16268188765264835,0.1782540248154034,0.16284863617674677,0.17466089871998638,0.15253676335866775,0.5384615384615384,-1.3550290840190518,26,-0.01334418554913342,-0.005767808776072,0.6289552366423196,-46.91127965408369,4267,7.4604546627300605,99.47823251263655,6133,2001-10-08,2026-09-01,False,False,True,True,2
us_freight_tsi_yoy|dev|w120,us_cycle,us_freight_tsi,yoy,12,M,90,dev,120,o2o,2,-1,0.1493397754748711,-0.08687422535418035,0.09063111428981076,0.09969204260549332,0.05655498492633104,0.4230769230769231,-1.4333506260692437,26,-0.017988802116675057,-0.005767808776072,0.6289552366423196,-93.23335354042118,4254,7.4604546627300605,99.47823251263655,6133,2001-10-08,2026-09-01,False,False,True,True,2
us_freight_tsi_yoy|dev|w120,us_cycle,us_freight_tsi,yoy,12,M,90,dev,120,ongap,2,1,0.38218983531737555,-0.042182270490800276,0.02621460251525522,0.0476605418188163,0.10520803198343649,0.5,-0.7279074430100169,10,0.11110389863178378,-0.0032375860607714415,0.589001254498621,-14.972560926105395,1187,7.888709838005676,99.38162544169612,2264,2017-05-16,2026-09-01,False,False,True,True,2
us_freight_tsi_yoy|dev|w252,us_cycle,us_freight_tsi,yoy,12,M,90,dev,252,c2c,2,-1,0.09440307490005828,-0.06552640538589567,0.049276668143073736,0.056700377307066105,-0.04446275635926429,0.44,-1.2837073581332004,25,-0.10264495404171653,-0.015388211673938423,0.6729662805086747,-102.73809345434289,4126,6.318332936474329,99.50552167463326,6067,2002-01-10,2026-09-01,False,False,True,True,2
us_freight_tsi_yoy|dev|w252,us_cycle,us_freight_tsi,yoy,12,M,90,dev,252,day,2,-1,0.11584020212024915,0.0096015783991575,0.09003726080796184,0.09966271483417544,-0.011525711202004208,0.48,-1.4249951602990618,25,-0.08717376228166693,-0.015388211673938423,0.6729662805086747,-68.3939499043674,4267,6.318332936474329,99.50552167463326,6067,2002-01-10,2026-09-01,False,False,True,True,2
us_freight_tsi_yoy|dev|w252,us_cycle,us_freight_tsi,yoy,12,M,90,dev,252,o2o,2,-1,0.05464452136866189,-0.042687803961077485,0.028519539162493866,0.03590918540226402,-0.09273353513990035,0.4,-1.3693075454484458,25,-0.07379466827100896,-0.015388211673938423,0.6729662805086747,-106.0269741518385,4127,6.318332936474329,99.50552167463326,6067,2002-01-10,2026-09-01,False,False,True,True,2
us_freight_tsi_yoy|dev|w252,us_cycle,us_freight_tsi,yoy,12,M,90,dev,252,ongap,2,1,0.6393163659143026,-0.18680245565986614,-0.05875115455615418,-0.04151599596082373,-0.009743901832982535,0.5,-0.8988236381096124,10,0.208533275430732,-0.0029004802136720358,0.6372969229984645,-16.866735868981173,1300,6.902608409478536,99.16077738515902,2264,2017-05-16,2026-09-01,False,False,False,True,1
us_retail_inv_sales_level|selfz|w60,us_cycle,us_retail_inv_sales,level,0,M,75,selfz,60,c2c,2,-1,0.0696438855108178,-0.20252956782207832,0.0032956996482444933,0.018496579731445514,-0.016460374422997446,0.5384615384615384,-3.2784996420488004,26,-0.03525944898838698,-0.003255862621877621,0.5655242326453643,-60.35771335195885,2402,10.424840200020974,99.44598337950139,6137,2001-08-21,2026-09-01,False,False,True,True,2
us_retail_inv_sales_level|selfz|w60,us_cycle,us_retail_inv_sales,level,0,M,75,selfz,60,day,2,1,0.16483529808635883,0.21032304599967544,0.17001936315164093,0.18883048669184022,0.21499219818404658,0.46153846153846156,-1.2067134452956116,26,0.056796449827331355,0.003255862621877621,0.5655242326453643,-28.72681937553352,1594,10.424840200020974,99.44598337950139,6137,2001-08-21,2026-09-01,False,False,True,True,2
us_retail_inv_sales_level|selfz|w60,us_cycle,us_retail_inv_sales,level,0,M,75,selfz,60,o2o,2,-1,0.03767279916742868,-0.2954486838570076,-0.03915810766604255,-0.02488386782729637,-0.06363928411442596,0.4230769230769231,-3.2390130757404973,26,-0.08589296126844433,-0.003255862621877621,0.5655242326453643,-64.42724167421161,4001,10.424840200020974,99.44598337950139,6137,2001-08-21,2026-09-01,False,False,True,True,2
us_retail_inv_sales_level|selfz|w60,us_cycle,us_retail_inv_sales,level,0,M,75,selfz,60,ongap,2,1,0.580547415520005,0.004557329982997994,0.07714481617528028,0.11420418915284714,-0.038000448266605084,0.5,-1.7643738941955118,10,-0.06990378891932127,-0.007364919867268241,0.5538590072663792,-10.938423430204942,1324,10.461989230884866,99.16077738515902,2264,2017-05-16,2026-09-01,False,False,True,True,2
us_retail_inv_sales_level|selfz|w120,us_cycle,us_retail_inv_sales,level,0,M,75,selfz,120,c2c,2,1,0.1030016480741475,-0.0976960701177431,0.04877513479192723,0.059480548329298284,0.0876621403891349,0.5384615384615384,-1.8617951306306098,26,0.029493888762708895,-0.0012818800748044764,0.5954812986710638,-55.73476976504318,4562,7.736847391026669,99.23365400293494,6133,2001-10-08,2026-09-01,False,False,True,True,2
us_retail_inv_sales_level|selfz|w120,us_cycle,us_retail_inv_sales,level,0,M,75,selfz,120,day,2,1,0.3605847006499398,0.048266653481270794,0.2879385506772382,0.30161572152415966,0.3240924625583683,0.6923076923076923,-1.7915900737882502,26,0.08070106463293619,-0.0012818800748044764,0.5954812986710638,-40.04631072185982,1715,7.736847391026669,99.23365400293494,6133,2001-10-08,2026-09-01,False,True,True,True,3
us_retail_inv_sales_level|selfz|w120,us_cycle,us_retail_inv_sales,level,0,M,75,selfz,120,o2o,2,1,0.13831316857600662,-0.028863738125370048,0.09415391183158389,0.10448200175142483,0.11194295084390263,0.5,-2.2491642647967227,26,0.08127734583820609,-0.0012818800748044764,0.5954812986710638,-61.073281075259324,4507,7.736847391026669,99.23365400293494,6133,2001-10-08,2026-09-01,False,False,True,True,2
us_retail_inv_sales_level|selfz|w120,us_cycle,us_retail_inv_sales,level,0,M,75,selfz,120,ongap,2,1,0.6632684552578891,0.042373780106930395,0.11888045175757465,0.1414545912680601,-0.013183286800761161,0.7,-2.155616842906109,10,-0.2251219481390741,-0.02641487822454302,0.5826172369319362,-11.882397813398551,992,7.905950415250454,99.02826855123675,2264,2017-05-16,2026-09-01,False,True,False,True,2
us_retail_inv_sales_level|selfz|w252,us_cycle,us_retail_inv_sales,level,0,M,75,selfz,252,c2c,2,1,0.11190452685378217,-0.4056058004966242,-0.05421637194332281,-0.04687860373325154,-0.10766201438982977,0.52,-1.998515714688924,25,0.0027760146850887577,-0.021835080013707885,0.6095125365159292,-73.295940991126,3016,5.344478540867975,98.84621724081094,6067,2002-01-10,2026-09-01,False,False,True,True,2
us_retail_inv_sales_level|selfz|w252,us_cycle,us_retail_inv_sales,level,0,M,75,selfz,252,day,2,1,0.26279859210857426,-0.1516003600288911,0.15306486043180675,0.16271659920336828,0.12743151948796078,0.52,-1.6190467443350867,25,0.05774903966529175,-0.021835080013707885,0.6095125365159292,-30.59663784796215,2770,5.344478540867975,98.84621724081094,6067,2002-01-10,2026-09-01,False,False,True,True,2
us_retail_inv_sales_level|selfz|w252,us_cycle,us_retail_inv_sales,level,0,M,75,selfz,252,o2o,2,1,0.11859310136517331,-0.3406730703254798,-0.02368573737204075,-0.01647258274075646,-0.07663499318005944,0.44,-1.6305728062167353,25,0.029857803837252665,-0.021835080013707885,0.6095125365159292,-68.42325882971839,3015,5.344478540867975,98.84621724081094,6067,2002-01-10,2026-09-01,False,False,True,True,2
us_retail_inv_sales_level|selfz|w252,us_cycle,us_retail_inv_sales,level,0,M,75,selfz,252,ongap,2,-1,0.09084502205821926,0.2759537208068945,0.252505294264776,0.2670026344061165,0.48036255859710497,0.7,-0.8077028125028255,10,0.32213100156699004,0.074404129343847,0.6174682995526151,-12.68170862641455,645,5.599836428237845,98.23321554770318,2264,2017-05-16,2026-09-01,False,True,False,True,2
us_retail_inv_sales_level|robustz|w60,us_cycle,us_retail_inv_sales,level,0,M,75,robustz,60,c2c,2,-1,0.15424050976815754,0.13582020743351655,0.1477253290321121,0.16394085267732175,-0.04273921266434495,0.5,-2.2937887327362136,26,-0.04676910552366271,0.011305885092056489,0.5102090203276509,-45.06287238239183,2134,11.101765461687917,99.33155080213903,4488,2001-11-20,2026-08-12,False,False,True,True,2
us_retail_inv_sales_level|robustz|w60,us_cycle,us_retail_inv_sales,level,0,M,75,robustz,60,day,2,1,0.17332640517889786,-0.0007371007342982779,0.13383562307274366,0.15414840632450794,0.16588079483944793,0.5384615384615384,-1.7588963782556677,26,0.06432565699480089,-0.011305885092056489,0.5102090203276509,-24.322042593041708,1071,11.101765461687917,99.33155080213903,4488,2001-11-20,2026-08-12,False,False,True,True,2
us_retail_inv_sales_level|robustz|w60,us_cycle,us_retail_inv_sales,level,0,M,75,robustz,60,o2o,2,-1,0.07396075364079445,0.052088406617788956,0.06759974527450484,0.08282205196493263,-0.09905005629675855,0.46153846153846156,-3.8703473210405117,26,-0.09030519465820216,0.011305885092056489,0.5102090203276509,-42.05478329414294,2453,11.101765461687917,99.33155080213903,4488,2001-11-20,2026-08-12,False,False,True,True,2
us_retail_inv_sales_level|robustz|w60,us_cycle,us_retail_inv_sales,level,0,M,75,robustz,60,ongap,2,-1,0.3252414462917176,0.19052313244136024,0.20380732976145294,0.2462936672258126,0.40887304570727706,0.6,-0.37777010575928166,10,0.10043206287704073,0.028716517446426667,0.47158758917744525,-4.539286281456489,555,11.129912808256284,98.9522700814901,1718,2017-05-16,2026-08-12,False,False,True,True,2
us_retail_inv_sales_level|robustz|w120,us_cycle,us_retail_inv_sales,level,0,M,75,robustz,120,c2c,2,-1,0.17704434354780918,-0.036578653952626716,0.10698364763697438,0.117006803614203,0.12569472555708383,0.56,-1.539569518456912,25,0.029017262654608564,0.03716592920736271,0.5727460221289027,-45.11045095944902,2438,7.260368782804439,99.3469819978821,5666,2001-12-31,2026-09-01,False,False,True,True,2
us_retail_inv_sales_level|robustz|w120,us_cycle,us_retail_inv_sales,level,0,M,75,robustz,120,day,2,1,0.18945567182662795,0.19756172158851307,0.1901589940404216,0.20346987355841636,0.22617664337339036,0.6,-1.6393400631212074,25,0.014243260284600663,-0.03716592920736271,0.5727460221289027,-29.55034484320091,1578,7.260368782804439,99.3469819978821,5666,2001-12-31,2026-09-01,False,False,True,True,2
us_retail_inv_sales_level|robustz|w120,us_cycle,us_retail_inv_sales,level,0,M,75,robustz,120,o2o,2,-1,0.1643079917908551,-0.11576042421259057,0.0744318623940847,0.08425699557789815,0.06973314684805189,0.48,-1.4767717025961884,25,-0.02183218524913609,0.03716592920736271,0.5727460221289027,-48.577718245834,2437,7.260368782804439,99.3469819978821,5666,2001-12-31,2026-09-01,False,False,True,True,2
us_retail_inv_sales_level|robustz|w120,us_cycle,us_retail_inv_sales,level,0,M,75,robustz,120,ongap,2,1,1.5732133703908868,-0.10180959353690477,-0.009663474926237066,0.009514112618416563,0.01471224726340352,0.5,-1.7487617352305826,10,-0.31739809128790764,-0.05210723497063184,0.5988676434626417,-11.816293547128529,1121,7.588055419206044,98.86524822695036,2115,2017-05-16,2026-09-01,False,False,False,True,1
us_retail_inv_sales_level|robustz|w252,us_cycle,us_retail_inv_sales,level,0,M,75,robustz,252,c2c,2,1,0.035855977242115165,-0.5029054438181545,-0.12624369553722323,-0.11925033764854015,-0.20002170065846375,0.44,-3.3561808779884137,25,0.05030749130605988,-0.009943631128409552,0.6614687560861473,-105.23961434710446,2871,5.442041635128187,99.66084449720198,5897,2002-07-18,2026-09-01,False,False,True,True,2
us_retail_inv_sales_level|robustz|w252,us_cycle,us_retail_inv_sales,level,0,M,75,robustz,252,day,2,1,0.17009305834129948,-0.236217741121647,0.06812662692451624,0.07732856822227768,-0.05543436053663561,0.4,-2.1556592524669647,25,0.11135403202374605,-0.009943631128409552,0.6614687560861473,-43.01641778700168,2745,5.442041635128187,99.66084449720198,5897,2002-07-18,2026-09-01,False,False,True,True,2
us_retail_inv_sales_level|robustz|w252,us_cycle,us_retail_inv_sales,level,0,M,75,robustz,252,o2o,2,1,0.018173865691052022,-0.4302851675716499,-0.11082422128294198,-0.10392824439140869,-0.20457588627678458,0.44,-2.8204220098904034,25,0.08284492344759846,-0.009943631128409552,0.6614687560861473,-95.71526847953751,2990,5.442041635128187,99.66084449720198,5897,2002-07-18,2026-09-01,False,False,True,True,2
us_retail_inv_sales_level|robustz|w252,us_cycle,us_retail_inv_sales,level,0,M,75,robustz,252,ongap,2,-1,0.7362408886435599,0.1785641764870448,0.2426759151905221,0.25681268520630135,0.5064608053352038,0.6,-0.6623310265412063,10,0.30357802926842364,0.05511573505484513,0.6522383028187002,-12.31987691100239,997,5.522300966516174,99.95535714285714,2240,2017-05-16,2026-09-01,False,False,False,True,1
us_retail_inv_sales_level|bdtanh|w60,us_cycle,us_retail_inv_sales,level,0,M,75,bdtanh,60,c2c,2,1,0.020952572332067838,0.2299032833798798,0.07320196533030139,0.0854662581742124,0.06688897479649043,0.5,-1.7618934524819931,26,0.024828502198943562,0.005007342058915734,0.6725494084041694,-82.65825138275487,4403,9.393757412238966,99.8207593286622,6137,2001-08-21,2026-09-01,False,False,True,True,2
us_retail_inv_sales_level|bdtanh|w60,us_cycle,us_retail_inv_sales,level,0,M,75,bdtanh,60,day,2,1,0.24793408344064077,0.25339429982153394,0.24422241812959194,0.2595726668802303,0.3345029371565265,0.5769230769230769,-1.0825202324037497,26,0.048483859794643785,0.005007342058915734,0.6725494084041694,-28.56852611586226,1558,9.393757412238966,99.8207593286622,6137,2001-08-21,2026-09-01,False,False,True,True,2
us_retail_inv_sales_level|bdtanh|w60,us_cycle,us_retail_inv_sales,level,0,M,75,bdtanh,60,o2o,2,1,0.030519855023474155,0.31467504948848546,0.09800147782312034,0.10957635269650956,0.09701114728196238,0.5384615384615384,-1.9577320008523311,26,0.07732536253660816,0.005007342058915734,0.6725494084041694,-76.69552294203373,4405,9.393757412238966,99.8207593286622,6137,2001-08-21,2026-09-01,False,False,True,True,2
us_retail_inv_sales_level|bdtanh|w60,us_cycle,us_retail_inv_sales,level,0,M,75,bdtanh,60,ongap,2,1,0.7764237009436453,-0.0976703706447298,0.029832531127597105,0.05925197123798061,-0.057443027254897076,0.5,-1.6891214616602062,10,-0.0767503403662993,0.0009680326113964045,0.6712056158328034,-14.519026577626795,1321,9.435960944736468,99.60247349823321,2264,2017-05-16,2026-09-01,False,False,True,True,2
us_retail_inv_sales_level|bdtanh|w120,us_cycle,us_retail_inv_sales,level,0,M,75,bdtanh,120,c2c,2,1,0.07707346801155969,-0.10692031756855734,0.02582808514750875,0.03552410266320165,0.08606462249196181,0.5769230769230769,-1.9729856994981847,26,0.030045131450786963,0.01184916261864372,0.6544058389717163,-59.835041101745425,5742,7.327021080130011,99.64128485243762,6133,2001-10-08,2026-09-01,False,False,True,True,2
us_retail_inv_sales_level|bdtanh|w120,us_cycle,us_retail_inv_sales,level,0,M,75,bdtanh,120,day,2,1,0.321046560604782,-0.02745973685398817,0.23913284546128888,0.2515321087122915,0.31300230864694273,0.6153846153846154,-1.8721158124363766,26,0.08642052606644213,0.01184916261864372,0.6544058389717163,-48.338143887418425,1743,7.327021080130011,99.64128485243762,6133,2001-10-08,2026-09-01,False,False,True,True,2
us_retail_inv_sales_level|bdtanh|w120,us_cycle,us_retail_inv_sales,level,0,M,75,bdtanh,120,o2o,2,1,0.10351678847488062,-0.053805322474204074,0.0615076352430312,0.07087855313879557,0.11425674325036314,0.5769230769230769,-2.2650807148901215,26,0.0833761199456611,0.01184916261864372,0.6544058389717163,-64.58699409056435,4732,7.327021080130011,99.64128485243762,6133,2001-10-08,2026-09-01,False,False,True,True,2
us_retail_inv_sales_level|bdtanh|w120,us_cycle,us_retail_inv_sales,level,0,M,75,bdtanh,120,ongap,2,1,0.6786627829752313,0.0047598951563693525,0.09106736951833405,0.10944307507058877,-0.06234082272362631,0.7,-2.5469720860824054,10,-0.23912992574547628,-0.012328410833351474,0.6534499579154909,-12.660832296518842,948,7.063232120657107,99.82332155477032,2264,2017-05-16,2026-09-01,False,True,False,True,2
us_retail_inv_sales_level|bdtanh|w252,us_cycle,us_retail_inv_sales,level,0,M,75,bdtanh,252,c2c,2,1,0.13472261745912179,-0.4212653108222409,-0.035426688842953635,-0.028867859025653166,-0.09910754256304637,0.48,-2.223377248632638,25,-0.010415823486797102,-0.021534656172931533,0.6631151068498234,-72.0373780489168,3013,4.930985770286551,99.65386517224329,6067,2002-01-10,2026-09-01,False,False,True,True,2
us_retail_inv_sales_level|bdtanh|w252,us_cycle,us_retail_inv_sales,level,0,M,75,bdtanh,252,day,2,1,0.17781174740647565,-0.19913021862341745,0.0837907938265886,0.09234167314385225,0.08336106733738055,0.6,-1.5422435813635096,25,0.043494058555154834,-0.021534656172931533,0.6631151068498234,-33.917417253978044,2770,4.930985770286551,99.65386517224329,6067,2002-01-10,2026-09-01,False,False,True,True,2
us_retail_inv_sales_level|bdtanh|w252,us_cycle,us_retail_inv_sales,level,0,M,75,bdtanh,252,o2o,2,1,0.12117291723897594,-0.38985381934516494,-0.027208868273858766,-0.020765570488450933,-0.08964374001513006,0.44,-2.012993161967362,25,0.01522268181590289,-0.021534656172931533,0.6631151068498234,-69.77209549032621,1570,4.930985770286551,99.65386517224329,6067,2002-01-10,2026-09-01,False,False,True,True,2
us_retail_inv_sales_level|bdtanh|w252,us_cycle,us_retail_inv_sales,level,0,M,75,bdtanh,252,ongap,2,-1,0.0729420403107433,0.21840009734153604,0.19981403858913868,0.2121542836193536,0.4195542446249152,0.7,-0.7180479811978346,10,0.3359895228314533,0.08618443811001174,0.6539714188795825,-12.937331009476106,638,4.687869693828783,99.46996466431095,2264,2017-05-16,2026-09-01,False,True,False,True,2
us_retail_inv_sales_level|rankc|w60,us_cycle,us_retail_inv_sales,level,0,M,75,rankc,60,c2c,2,-1,0.0990497538349938,-0.431804158694205,-0.040397086167435675,-0.028005617174087317,-0.13616760717654075,0.5,-3.470841739461356,26,-0.11946622045568404,-0.07458567611776218,0.6472518144228067,-90.37792107182203,4001,9.347961782761292,99.41586889501866,6163,2001-08-21,2026-09-01,False,False,True,True,2
us_retail_inv_sales_level|rankc|w60,us_cycle,us_retail_inv_sales,level,0,M,75,rankc,60,day,2,1,0.11000151377434807,0.16230554603941233,0.11936415361766851,0.1349036690319311,0.21422991721151743,0.5384615384615384,-1.3265369772717852,26,0.12030270861369423,0.07458567611776218,0.6472518144228067,-31.96441147803366,1800,9.347961782761292,99.41586889501866,6163,2001-08-21,2026-09-01,False,False,True,True,2
us_retail_inv_sales_level|rankc|w60,us_cycle,us_retail_inv_sales,level,0,M,75,rankc,60,o2o,2,-1,0.07383259772138592,-0.5129620582258446,-0.07290444953900682,-0.061126351152593066,-0.19176385409088623,0.38461538461538464,-3.1868087508430194,26,-0.1519701884211668,-0.07458567611776218,0.6472518144228067,-108.4636116422384,4001,9.347961782761292,99.41586889501866,6163,2001-08-21,2026-09-01,False,False,False,True,1
us_retail_inv_sales_level|rankc|w60,us_cycle,us_retail_inv_sales,level,0,M,75,rankc,60,ongap,2,1,0.8287961287092103,0.04641360124651834,0.1281746040715747,0.1575864624239005,0.25312254244211874,0.4,-0.5629953985061923,10,0.05195964191209648,0.0722646326225944,0.6517533882310783,-14.144306908234899,1287,9.469616631947215,99.77915194346289,2264,2017-05-16,2026-09-01,False,False,True,True,2
us_retail_inv_sales_level|rankc|w120,us_cycle,us_retail_inv_sales,level,0,M,75,rankc,120,c2c,2,-1,0.005064790961757112,-0.15854122304619186,-0.040381647523463016,-0.030436996122545034,-0.14403844988023884,0.46153846153846156,-3.7444331302903864,26,-0.07124448141534485,-0.04046020821220818,0.6599072760688758,-66.93515654760395,4001,7.802351949273473,99.67389532039785,6133,2001-10-08,2026-09-01,False,False,True,True,2
us_retail_inv_sales_level|rankc|w120,us_cycle,us_retail_inv_sales,level,0,M,75,rankc,120,day,2,1,0.2159156114133645,0.04510878213944429,0.1751284669811848,0.18780927563823208,0.28554163654428594,0.6538461538461539,-1.5164671432084549,26,0.10320714349027468,0.04046020821220818,0.6599072760688758,-45.43954543927977,1782,7.802351949273473,99.67389532039785,6133,2001-10-08,2026-09-01,False,True,True,True,3
us_retail_inv_sales_level|rankc|w120,us_cycle,us_retail_inv_sales,level,0,M,75,rankc,120,o2o,2,1,0.01600078813858742,0.240610701014272,0.07509894917330256,0.08474567854632556,0.1778645099086564,0.5769230769230769,-1.748073593630522,26,0.11473796033190706,0.04046020821220818,0.6599072760688758,-86.8861105108744,6078,7.802351949273473,99.67389532039785,6133,2001-10-08,2026-09-01,False,False,True,True,2
us_retail_inv_sales_level|rankc|w120,us_cycle,us_retail_inv_sales,level,0,M,75,rankc,120,ongap,2,1,0.9674559428215959,0.032374807648396196,0.14474475280487645,0.1649209825097382,0.0874248310854975,0.7,-1.3098135940759121,10,-0.14497111966937626,0.02881954833386825,0.6674074367737417,-10.68229796288082,992,7.749816692822726,99.73498233215548,2264,2017-05-16,2026-09-01,False,True,True,True,3
us_retail_inv_sales_level|rankc|w252,us_cycle,us_retail_inv_sales,level,0,M,75,rankc,252,c2c,2,-1,-0.006686722749509358,0.31096178201875785,0.09299531134098415,0.10091072616101895,0.17800218918628083,0.6,-1.0427579621953722,25,-0.01543882166480162,-0.003102849950415707,0.6591675010162718,-61.259483728826595,4924,6.13170011118824,99.19235206856766,6067,2002-01-10,2026-09-01,False,False,True,True,2
us_retail_inv_sales_level|rankc|w252,us_cycle,us_retail_inv_sales,level,0,M,75,rankc,252,day,2,1,0.0809758705150245,-0.22294680746936935,0.003215544281126353,0.013533875742842117,-0.0016228605315807948,0.6,-1.719934220498069,25,0.06208520729313312,0.003102849950415707,0.6591675010162718,-47.69076598065675,1773,6.13170011118824,99.19235206856766,6067,2002-01-10,2026-09-01,False,False,True,True,2
us_retail_inv_sales_level|rankc|w252,us_cycle,us_retail_inv_sales,level,0,M,75,rankc,252,o2o,2,1,0.012337026526282437,-0.27672736258601527,-0.07413788949826651,-0.06632724697380388,-0.1376546331984493,0.44,-1.3540770270578206,25,0.039598709818263036,0.003102849950415707,0.6591675010162718,-62.46948350542132,1794,6.13170011118824,99.19235206856766,6067,2002-01-10,2026-09-01,False,False,True,True,2
us_retail_inv_sales_level|rankc|w252,us_cycle,us_retail_inv_sales,level,0,M,75,rankc,252,ongap,2,1,0.3041216324067646,-0.18108929201536894,-0.12939141120780043,-0.11426636414643081,-0.3281672026108073,0.4,-2.1920251189653417,10,-0.267811716723575,-0.050320444473539165,0.6580157164926409,-15.64237466754301,1227,6.161222433095287,99.64664310954063,2264,2017-05-16,2026-09-01,False,False,False,True,1
us_retail_inv_sales_level|signth|w60,us_cycle,us_retail_inv_sales,level,0,M,75,signth,60,c2c,2,1,0.025859218926364384,0.38050849345652055,0.11682865841213332,0.1278208599773985,0.08505322701275862,0.5769230769230769,-1.9858099292424745,26,0.015602184576010132,0.003833816163218924,0.6835779664709917,-89.01828224159479,4403,8.68254733255643,99.28940568475451,6192,2001-07-10,2026-09-01,False,False,True,True,2
us_retail_inv_sales_level|signth|w60,us_cycle,us_retail_inv_sales,level,0,M,75,signth,60,day,2,1,0.2398889406854078,0.29257246030236905,0.24656483520949707,0.26046481644993136,0.3280196753792217,0.6538461538461539,-1.5580149581351643,26,0.03429353990922657,0.003833816163218924,0.6835779664709917,-36.10270303641791,1590,8.68254733255643,99.28940568475451,6192,2001-07-10,2026-09-01,False,True,True,True,3
us_retail_inv_sales_level|signth|w60,us_cycle,us_retail_inv_sales,level,0,M,75,signth,60,o2o,2,1,0.0028659746155842037,0.4369088109730176,0.10740391734273348,0.11783674256362228,0.08045701849538726,0.5384615384615384,-1.874983083788838,26,0.06071083283958636,0.003833816163218924,0.6835779664709917,-82.8387934341501,4405,8.68254733255643,99.28940568475451,6192,2001-07-10,2026-09-01,False,False,True,True,2
us_retail_inv_sales_level|signth|w60,us_cycle,us_retail_inv_sales,level,0,M,75,signth,60,ongap,2,1,0.8865135141583804,0.11146532460286061,0.2268325050174984,0.25297176264380755,0.2346640477914389,0.5,-0.5947985542289029,10,-0.1075186442150756,0.005506405669671236,0.6906710846658376,-9.208187487043736,1287,8.865892416936015,99.77915194346289,2264,2017-05-16,2026-09-01,False,False,True,True,2
us_retail_inv_sales_level|signth|w120,us_cycle,us_retail_inv_sales,level,0,M,75,signth,120,c2c,2,1,0.10007951521992091,-0.1954354410402241,0.01691915531487266,0.025686997938015998,0.005029389461350263,0.5769230769230769,-1.7785212399909849,26,0.008365947326587098,0.0029922796447826613,0.6761895787110087,-57.84877448105742,6086,6.700592780176104,99.4186046511628,6192,2001-07-10,2026-09-01,False,False,True,True,2
us_retail_inv_sales_level|signth|w120,us_cycle,us_retail_inv_sales,level,0,M,75,signth,120,day,2,1,0.23870233389290027,-0.1217057937327928,0.1554248641010972,0.16653830730358124,0.21408988327419265,0.6538461538461539,-1.7668006851319873,26,0.06327376919298235,0.0029922796447826613,0.6761895787110087,-47.01329931856767,1768,6.700592780176104,99.4186046511628,6192,2001-07-10,2026-09-01,False,True,True,True,3
us_retail_inv_sales_level|signth|w120,us_cycle,us_retail_inv_sales,level,0,M,75,signth,120,o2o,2,1,0.14259560613232639,-0.16189041715216682,0.06213573012133458,0.0706259904798985,0.04614720041272147,0.6153846153846154,-2.1731583786369897,26,0.05977373160145821,0.0029922796447826613,0.6761895787110087,-66.66176198209386,6078,6.700592780176104,99.4186046511628,6192,2001-07-10,2026-09-01,False,False,True,True,2
us_retail_inv_sales_level|signth|w120,us_cycle,us_retail_inv_sales,level,0,M,75,signth,120,ongap,2,1,0.749697717840997,-0.09433865916749394,0.010875913995435886,0.026345649817835246,-0.17690428382223777,0.6,-2.3839346253986933,10,-0.269622889765746,-0.015569754119788467,0.6691155603082322,-12.303706211098579,948,6.26129761051476,99.29328621908127,2264,2017-05-16,2026-09-01,False,False,False,True,1
us_retail_inv_sales_level|signth|w252,us_cycle,us_retail_inv_sales,level,0,M,75,signth,252,c2c,2,1,0.1899914338252942,-0.5950100061529277,-0.026583507906564743,-0.020955971833701088,-0.055566088206473005,0.5,-2.40534196937985,26,0.008279562238434858,-0.03713305603211472,0.6449385751443013,-88.72593644762826,1571,4.356764435665984,98.91874180865007,6104,2001-11-19,2026-09-01,False,False,True,True,2
us_retail_inv_sales_level|signth|w252,us_cycle,us_retail_inv_sales,level,0,M,75,signth,252,day,2,1,0.15672267858790895,-0.41838137105487333,0.0317839361251423,0.03890969060694149,0.05455472335727271,0.46153846153846156,-1.5054720347637949,26,0.0565827924802004,-0.03713305603211472,0.6449385751443013,-42.09063147842591,1774,4.356764435665984,98.91874180865007,6104,2001-11-19,2026-09-01,False,False,True,True,2
us_retail_inv_sales_level|signth|w252,us_cycle,us_retail_inv_sales,level,0,M,75,signth,252,o2o,2,1,0.1845798445197341,-0.6277949107294754,-0.02516702419149114,-0.01967363381455961,-0.03672286514907237,0.5384615384615384,-2.5946194456401996,26,0.04036445158117216,-0.03713305603211472,0.6449385751443013,-90.99959225718924,1717,4.356764435665984,98.91874180865007,6104,2001-11-19,2026-09-01,False,False,True,True,2
us_retail_inv_sales_level|signth|w252,us_cycle,us_retail_inv_sales,level,0,M,75,signth,252,ongap,2,1,0.025865613661281164,-0.3042822769304926,-0.26343110478237897,-0.2522788862104686,-0.4308972857815829,0.4,-2.018606291374214,10,-0.3544307682514181,-0.08897874667802097,0.6210847765822352,-18.93107409268974,1569,4.058895705061793,99.07243816254417,2264,2017-05-16,2026-09-01,False,False,False,True,1
us_retail_inv_sales_level|dev|w60,us_cycle,us_retail_inv_sales,level,0,M,75,dev,60,c2c,2,1,0.04905658953060212,0.21197892245850783,0.08675568654715861,0.09883094359095292,0.059860695989262795,0.46153846153846156,-1.3973319438194989,26,0.07480957924555375,0.023979125703077222,0.5615345142460949,-53.21466618715369,4285,8.44165199506145,99.30228784682784,6163,2001-08-21,2026-09-01,False,False,True,True,2
us_retail_inv_sales_level|dev|w60,us_cycle,us_retail_inv_sales,level,0,M,75,dev,60,day,2,1,0.3153151018880004,0.27537893392561497,0.29956030854688204,0.3144596029035191,0.27828068843934745,0.46153846153846156,-1.076981132149393,26,0.10899582875099723,0.023979125703077222,0.5615345142460949,-26.70214988743177,1661,8.44165199506145,99.30228784682784,6163,2001-08-21,2026-09-01,False,False,True,True,2
us_retail_inv_sales_level|dev|w60,us_cycle,us_retail_inv_sales,level,0,M,75,dev,60,o2o,2,1,0.06520961259699662,0.27014023584376834,0.11074954043453487,0.12206949130714595,0.07391622448598306,0.5384615384615384,-1.51041598130618,26,0.12567826500195586,0.023979125703077222,0.5615345142460949,-53.18492564915709,3045,8.44165199506145,99.30228784682784,6163,2001-08-21,2026-09-01,False,False,True,True,2
us_retail_inv_sales_level|dev|w60,us_cycle,us_retail_inv_sales,level,0,M,75,dev,60,ongap,2,1,0.2796311364182209,-0.11335741792367278,-0.0676631355750148,-0.037107279826018386,-0.27802951008103943,0.4,-1.2433469010029194,10,-0.08624893417840282,0.02268262269781921,0.5295829151508937,-12.853586666613486,1492,8.381829338582282,99.1166077738516,2264,2017-05-16,2026-09-01,False,False,True,True,2
us_retail_inv_sales_level|dev|w120,us_cycle,us_retail_inv_sales,level,0,M,75,dev,120,c2c,2,1,0.08503141080852776,-0.11448121019796728,0.02935451249090478,0.03796198901102722,0.06781120911057816,0.5,-1.6659215066360211,26,0.056545754218104184,0.010055115429988862,0.5989370150411785,-52.05485320395326,4258,6.298135908722686,99.20104353497473,6133,2001-10-08,2026-09-01,False,False,True,True,2
us_retail_inv_sales_level|dev|w120,us_cycle,us_retail_inv_sales,level,0,M,75,dev,120,day,2,1,0.33025235264987785,0.056280934143480316,0.26483512402704074,0.2757816062212675,0.26514894812150996,0.6923076923076923,-1.7427076478270913,26,0.10704883921657753,0.010055115429988862,0.5989370150411785,-42.52357856173258,1984,6.298135908722686,99.20104353497473,6133,2001-10-08,2026-09-01,False,True,True,True,3
us_retail_inv_sales_level|dev|w120,us_cycle,us_retail_inv_sales,level,0,M,75,dev,120,o2o,2,1,0.12128171594436689,-0.03973437970332044,0.07787917138977773,0.08616865993793718,0.09663065381785485,0.5769230769230769,-1.8416531195742876,26,0.1008351109308831,0.010055115429988862,0.5989370150411785,-53.79776771702579,4578,6.298135908722686,99.20104353497473,6133,2001-10-08,2026-09-01,False,False,True,True,2
us_retail_inv_sales_level|dev|w120,us_cycle,us_retail_inv_sales,level,0,M,75,dev,120,ongap,2,1,0.22988860031009675,-0.17192556875864531,-0.1264370067813544,-0.10808315897483206,-0.32165483645973975,0.5,-1.5273594982466971,10,-0.21588829756971825,-0.028826119570272105,0.5975788110720245,-12.481794669995796,1492,6.655861473740548,99.16077738515902,2264,2017-05-16,2026-09-01,False,False,False,True,1
us_retail_inv_sales_level|dev|w252,us_cycle,us_retail_inv_sales,level,0,M,75,dev,252,c2c,2,1,0.12180555628824276,-0.5683044477684315,-0.10152486691611018,-0.09498895865125417,-0.21262423747562173,0.44,-1.5659093635138988,25,0.03370173932455836,-0.00046774004147045816,0.6499688084636673,-95.33293425005405,3408,4.923170991734434,99.19235206856766,6067,2002-01-10,2026-09-01,False,False,True,True,2
us_retail_inv_sales_level|dev|w252,us_cycle,us_retail_inv_sales,level,0,M,75,dev,252,day,2,1,0.17883295097188381,-0.3354373233178823,0.04050606148204416,0.049122487577086586,-0.097807615050244,0.48,-1.5661989197839368,25,0.09048911016255594,-0.00046774004147045816,0.6499688084636673,-41.543348664229335,3402,4.923170991734434,99.19235206856766,6067,2002-01-10,2026-09-01,False,False,True,True,2
us_retail_inv_sales_level|dev|w252,us_cycle,us_retail_inv_sales,level,0,M,75,dev,252,o2o,2,1,0.12524381321578584,-0.5347624551819382,-0.08050414458646935,-0.07405138390637514,-0.2040263765629883,0.36,-1.4695003025121558,25,0.057388000667781866,-0.00046774004147045816,0.6499688084636673,-93.78131312635492,1833,4.923170991734434,99.19235206856766,6067,2002-01-10,2026-09-01,False,False,True,True,2
us_retail_inv_sales_level|dev|w252,us_cycle,us_retail_inv_sales,level,0,M,75,dev,252,ongap,2,-1,0.3160718543841845,0.39026787237440724,0.37600049493284593,0.3880762463121988,0.6452121269559351,0.7,-0.6931798615907592,10,0.3041290645854887,0.09168874534883802,0.6804159560586878,-12.68802970163657,338,4.919369878285318,99.55830388692578,2264,2017-05-16,2026-09-01,True,True,False,True,3
us_recession_prob_level|selfz|w60,us_cycle,us_recession_prob,level,0,M,75,selfz,60,c2c,2,-1,0.13434194089085827,-0.5199476511807689,-0.04552104908138806,-0.030625808900658597,-0.09683675912806114,0.38461538461538464,-1.740182911807623,26,0.13610622935384514,0.028144960712140076,0.5714862976516244,-84.01312105608673,5524,10.637235773638162,99.38341716696414,6163,2001-08-21,2026-09-01,False,False,True,True,2
us_recession_prob_level|selfz|w60,us_cycle,us_recession_prob,level,0,M,75,selfz,60,day,2,-1,0.10633932050258917,-0.1276544816184965,0.05296230032900322,0.07209379791426318,0.010891552853036321,0.5769230769230769,-1.9078327335902476,26,0.15706457630709694,0.028144960712140076,0.5714862976516244,-40.99049459816313,5622,10.637235773638162,99.38341716696414,6163,2001-08-21,2026-09-01,False,False,False,True,1
us_recession_prob_level|selfz|w60,us_cycle,us_recession_prob,level,0,M,75,selfz,60,o2o,2,-1,0.13336978860509627,-0.5301294651502257,-0.03763375199055867,-0.022994165447712628,-0.11408718080808333,0.38461538461538464,-1.9886052405307746,26,0.15982762383233562,0.028144960712140076,0.5714862976516244,-75.71509094991345,3224,10.637235773638162,99.38341716696414,6163,2001-08-21,2026-09-01,False,False,False,True,1
us_recession_prob_level|selfz|w60,us_cycle,us_recession_prob,level,0,M,75,selfz,60,ongap,2,-1,0.08975375487816988,-0.46824234304337675,-0.39358563437488686,-0.36083927023413226,-0.31619074438661954,0.4,-1.3700311779114536,10,0.19887655900361897,0.014822414389969557,0.59530769290915,-24.212915470669184,1647,10.538037695295683,99.73498233215548,2264,2017-05-16,2026-09-01,False,False,False,True,1
us_recession_prob_level|selfz|w120,us_cycle,us_recession_prob,level,0,M,75,selfz,120,c2c,2,-1,0.3012662606024747,-0.312189227585921,0.1365014762117676,0.14574808886860774,0.09388104427454488,0.38461538461538464,-1.566925692696357,26,0.2083389640908185,0.0652350958244788,0.5785167733327857,-72.5316937968502,5524,6.9747518229351595,99.28256970487527,6133,2001-10-08,2026-09-01,False,False,False,True,1
us_recession_prob_level|selfz|w120,us_cycle,us_recession_prob,level,0,M,75,selfz,120,day,2,-1,0.2430167184510186,-0.33593802108343546,0.11431029424964817,0.12617538137357015,0.02513437501180952,0.4230769230769231,-1.7177584780356376,26,0.20362459387019505,0.0652350958244788,0.5785167733327857,-42.14928142702836,5548,6.9747518229351595,99.28256970487527,6133,2001-10-08,2026-09-01,False,False,False,True,1
us_recession_prob_level|selfz|w120,us_cycle,us_recession_prob,level,0,M,75,selfz,120,o2o,2,-1,0.2772816744993213,-0.30871415380031647,0.12746561583429067,0.13650796091959938,0.07387581176622107,0.38461538461538464,-1.5301560992236547,26,0.22903662750676723,0.0652350958244788,0.5785167733327857,-69.78074227445167,4057,6.9747518229351595,99.28256970487527,6133,2001-10-08,2026-09-01,False,False,False,True,1
us_recession_prob_level|selfz|w120,us_cycle,us_recession_prob,level,0,M,75,selfz,120,ongap,2,1,0.21336014524143684,0.24665683265612792,0.23958889536982866,0.2627007309584486,0.12006002580998476,0.6,-1.7958148348351037,10,-0.3369648072875269,-0.036026218362335646,0.576779099103833,-11.52119486365831,501,7.814566137570453,99.64664310954063,2264,2017-05-16,2026-09-01,False,False,False,True,1
us_recession_prob_level|selfz|w252,us_cycle,us_recession_prob,level,0,M,75,selfz,252,c2c,2,-1,0.08587563574429749,-0.1438168646400604,0.024539677661471214,0.03165253060567366,-0.06181211261374788,0.4,-1.560567453222949,25,0.15574837556121085,0.049689415145321894,0.577469090107672,-60.395546268909605,3978,5.396871847332851,99.12642162518543,6067,2002-01-10,2026-09-01,False,False,False,True,1
us_recession_prob_level|selfz|w252,us_cycle,us_recession_prob,level,0,M,75,selfz,252,day,2,-1,0.09964535653779329,-0.34281506411474283,0.0008700912623952473,0.01004744206922147,-0.23562505548125112,0.36,-2.217222779035346,25,0.13753529386477398,0.049689415145321894,0.577469090107672,-39.607279296293264,4117,5.396871847332851,99.12642162518543,6067,2002-01-10,2026-09-01,False,False,True,True,2
us_recession_prob_level|selfz|w252,us_cycle,us_recession_prob,level,0,M,75,selfz,252,o2o,2,-1,0.07434868383113599,-0.17244396133268575,0.011714693079583133,0.018632160654955116,-0.08109620039983595,0.4,-1.6540061163435908,25,0.1805519100797922,0.049689415145321894,0.577469090107672,-59.16063984876795,3977,5.396871847332851,99.12642162518543,6067,2002-01-10,2026-09-01,False,False,False,True,1
us_recession_prob_level|selfz|w252,us_cycle,us_recession_prob,level,0,M,75,selfz,252,ongap,2,1,0.3043202696033898,0.19982738996983337,0.2094114210682024,0.22806918482119176,0.07417049720643921,0.6,-2.1787859007026618,10,-0.31721624399064025,-0.038356365042673285,0.5520087255830625,-9.260435591226447,1181,5.942753139102878,99.46996466431095,2264,2017-05-16,2026-09-01,False,False,False,True,1
us_recession_prob_level|robustz|w60,us_cycle,us_recession_prob,level,0,M,75,robustz,60,c2c,2,-1,0.11192176241517819,-0.2006293991189525,0.028743114561898073,0.042079204331169746,0.003200616130876988,0.4230769230769231,-1.467498113166005,26,0.12166938334810116,0.06668976964153532,0.46901921267225444,-65.7498253365072,5235,8.21373588050683,99.3631669535284,5810,2001-10-05,2026-09-01,False,False,True,True,2
us_recession_prob_level|robustz|w60,us_cycle,us_recession_prob,level,0,M,75,robustz,60,day,2,-1,0.0900690916866784,-0.21947490962971972,0.021721400867215697,0.03912301377657415,-0.10176885857746601,0.46153846153846156,-1.4579061841967471,26,0.10630124482107614,0.06668976964153532,0.46901921267225444,-38.73630899657076,5333,8.21373588050683,99.3631669535284,5810,2001-10-05,2026-09-01,False,False,True,True,2
us_recession_prob_level|robustz|w60,us_cycle,us_recession_prob,level,0,M,75,robustz,60,o2o,2,-1,0.05636666177589359,-0.23920341943275183,-0.016954507471738278,-0.0039038994374445846,-0.058634691267376485,0.34615384615384615,-1.7844868514411303,26,0.12980758357067837,0.06668976964153532,0.46901921267225444,-68.02832198657931,5235,8.21373588050683,99.3631669535284,5810,2001-10-05,2026-09-01,False,False,True,True,2
us_recession_prob_level|robustz|w60,us_cycle,us_recession_prob,level,0,M,75,robustz,60,ongap,2,-1,-0.053864491413060045,-0.27600826010579743,-0.24495773868893575,-0.21780636508118198,-0.2690922417892674,0.4,-1.5913393339458894,10,0.2107250491397198,0.06905648510394265,0.4799475902538076,-17.04316649537119,1867,7.575962059771841,99.23146473779386,2212,2017-05-16,2026-09-01,False,False,False,True,1
us_recession_prob_level|robustz|w120,us_cycle,us_recession_prob,level,0,M,75,robustz,120,c2c,2,-1,0.06266321105687167,-0.011902500768912106,0.042743948515457784,0.051311551258055,0.020455752974620156,0.4,-1.5356662073613128,25,0.1320836049887053,0.03915825398612096,0.5292522515638663,-85.34041982820554,5524,5.904495172561872,99.53901876852157,6074,2001-12-31,2026-09-01,False,False,True,True,2
us_recession_prob_level|robustz|w120,us_cycle,us_recession_prob,level,0,M,75,robustz,120,day,2,-1,0.10881114631595841,-0.14552346110907402,0.05299993031521148,0.06408405119405078,-0.09311484321212413,0.44,-1.5330895302010596,25,0.10898146818833482,0.03915825398612096,0.5292522515638663,-43.59830304414768,5660,5.904495172561872,99.53901876852157,6074,2001-12-31,2026-09-01,False,False,True,True,2
us_recession_prob_level|robustz|w120,us_cycle,us_recession_prob,level,0,M,75,robustz,120,o2o,2,-1,0.04089319011904315,-0.024828713761980505,0.02428513331820159,0.03274056962027907,-0.012752691696805945,0.44,-1.4309100952103546,25,0.14234773853687518,0.03915825398612096,0.5292522515638663,-81.63970492793541,5524,5.904495172561872,99.53901876852157,6074,2001-12-31,2026-09-01,False,False,True,True,2
us_recession_prob_level|robustz|w120,us_cycle,us_recession_prob,level,0,M,75,robustz,120,ongap,2,1,0.5434144610849387,0.15170694640407195,0.1972723182775716,0.2192637237078961,0.08027365973498657,0.7,-1.978385901359418,10,-0.31059987756636004,-0.06285575794633387,0.5126608206168907,-10.469844314288808,1040,6.438686849883911,99.38162544169612,2264,2017-05-16,2026-09-01,False,True,False,True,2
us_recession_prob_level|robustz|w252,us_cycle,us_recession_prob,level,0,M,75,robustz,252,c2c,2,-1,0.11812808162752479,-0.27057963132003643,0.011994561085243827,0.018719931159897573,-0.008714681011044771,0.44,-1.9996678006177981,25,0.05906709191601453,-0.013738082817644338,0.6052890182737365,-60.39079079719167,2369,5.1839455475374425,99.62975429148435,5942,2002-07-18,2026-09-01,False,False,True,True,2
us_recession_prob_level|robustz|w252,us_cycle,us_recession_prob,level,0,M,75,robustz,252,day,2,-1,0.1638805118380216,-0.39969650609547114,0.03456912683681458,0.043361189614005896,-0.10255187875506777,0.36,-2.687786723910048,25,0.021178745818873742,-0.013738082817644338,0.6052890182737365,-37.531730837231436,3047,5.1839455475374425,99.62975429148435,5942,2002-07-18,2026-09-01,False,False,True,True,2
us_recession_prob_level|robustz|w252,us_cycle,us_recession_prob,level,0,M,75,robustz,252,o2o,2,-1,0.12466441065869227,-0.24058142275439737,0.02972802541974838,0.03635857949706491,0.00048633404656339875,0.48,-1.7968447929382179,25,0.08168631215682712,-0.013738082817644338,0.6052890182737365,-57.70831004558623,2368,5.1839455475374425,99.62975429148435,5942,2002-07-18,2026-09-01,False,False,True,True,2
us_recession_prob_level|robustz|w252,us_cycle,us_recession_prob,level,0,M,75,robustz,252,ongap,2,1,0.3421646781006082,0.25341128787286393,0.26201850270860116,0.2801654780991277,0.13438201205203262,0.6,-2.3516397765775516,10,-0.3278692732008413,-0.00943522043441881,0.5567034685318574,-9.170690736436486,1104,5.918559178190604,99.69081272084806,2264,2017-05-16,2026-09-01,False,False,False,True,1
us_recession_prob_level|bdtanh|w60,us_cycle,us_recession_prob,level,0,M,75,bdtanh,60,c2c,2,-1,0.25854849354307124,-0.45563323723043025,0.05852786216983813,0.07048173310336045,0.044208989540805266,0.5384615384615384,-1.5492779688863039,26,0.12817583505745558,0.023123789910309285,0.6607344025656737,-73.74773905506919,2205,9.379066301201355,99.6754827194548,6163,2001-08-21,2026-09-01,False,False,True,True,2
us_recession_prob_level|bdtanh|w60,us_cycle,us_recession_prob,level,0,M,75,bdtanh,60,day,2,-1,0.13386173807355825,0.006127294156350579,0.1031205749749113,0.11844197559633973,0.12337469291295731,0.6538461538461539,-2.0258419869058866,26,0.15375687484125347,0.023123789910309285,0.6607344025656737,-44.737868259169936,4610,9.379066301201355,99.6754827194548,6163,2001-08-21,2026-09-01,False,True,False,True,2
us_recession_prob_level|bdtanh|w60,us_cycle,us_recession_prob,level,0,M,75,bdtanh,60,o2o,2,-1,0.28040652302481306,-0.48311422661456366,0.07727643430605108,0.08908498833202091,0.04176553154738367,0.5384615384615384,-1.7901823440255749,26,0.1439799753211335,0.023123789910309285,0.6607344025656737,-72.16603044950351,2285,9.379066301201355,99.6754827194548,6163,2001-08-21,2026-09-01,False,False,True,True,2
us_recession_prob_level|bdtanh|w60,us_cycle,us_recession_prob,level,0,M,75,bdtanh,60,ongap,2,-1,0.03516418299880096,-0.44168783164690006,-0.37646178021669585,-0.34984337402164245,-0.3021364422740307,0.3,-1.410975847179373,10,0.21914566528473206,0.0033436549132522466,0.6918740897269652,-24.020650043092513,1647,9.51597945123996,99.77915194346289,2264,2017-05-16,2026-09-01,False,False,False,True,1
us_recession_prob_level|bdtanh|w120,us_cycle,us_recession_prob,level,0,M,75,bdtanh,120,c2c,2,-1,0.3037814126915681,-0.3015198479012327,0.1335872117562122,0.14188671842540768,0.1299410082217658,0.4230769230769231,-1.3766728063095905,26,0.2296221515263454,0.060289928614829104,0.6540774941553095,-67.82183541713229,2285,6.6700089612823374,99.67389532039785,6133,2001-10-08,2026-09-01,False,False,False,True,1
us_recession_prob_level|bdtanh|w120,us_cycle,us_recession_prob,level,0,M,75,bdtanh,120,day,2,-1,0.20315619102344595,-0.1809761363514999,0.1125454570781818,0.1233018820481721,0.08730032706027638,0.46153846153846156,-1.7260197404899373,26,0.22259388445445485,0.060289928614829104,0.6540774941553095,-42.3867417904744,4535,6.6700089612823374,99.67389532039785,6133,2001-10-08,2026-09-01,False,False,False,True,1
us_recession_prob_level|bdtanh|w120,us_cycle,us_recession_prob,level,0,M,75,bdtanh,120,o2o,2,-1,0.295738391717745,-0.3150736440870301,0.13184762330115748,0.14000929857368583,0.12170180752283119,0.38461538461538464,-1.269368815744331,26,0.24814224136048496,0.060289928614829104,0.6540774941553095,-67.67874740896485,2285,6.6700089612823374,99.67389532039785,6133,2001-10-08,2026-09-01,False,False,False,True,1
us_recession_prob_level|bdtanh|w120,us_cycle,us_recession_prob,level,0,M,75,bdtanh,120,ongap,2,1,0.15400474708339706,0.3176207997670384,0.29487062385677315,0.3152193586398571,0.16789353465781234,0.6,-1.3918924154377543,10,-0.36584075671346505,-0.007026053711178016,0.6702873679595426,-11.190416471801601,825,7.746220182248503,99.69081272084806,2264,2017-05-16,2026-09-01,False,False,False,True,1
us_recession_prob_level|bdtanh|w252,us_cycle,us_recession_prob,level,0,M,75,bdtanh,252,c2c,2,-1,0.09148241435419341,-0.27902978303048637,-0.012342533952581971,-0.005516667167770923,-0.11634875038527122,0.36,-1.6962101058489611,25,0.2145200519235475,0.04971467629302003,0.6414761911107395,-63.357018914058806,2285,5.697308201798453,99.34069556617769,6067,2002-01-10,2026-09-01,False,False,False,True,1
us_recession_prob_level|bdtanh|w252,us_cycle,us_recession_prob,level,0,M,75,bdtanh,252,day,2,-1,0.08824034081511042,-0.35484357491793406,-0.014830144371118757,-0.005952972695387065,-0.21878090919838789,0.44,-2.671123494033073,25,0.20563955850302076,0.04971467629302003,0.6414761911107395,-47.10406231751341,4073,5.697308201798453,99.34069556617769,6067,2002-01-10,2026-09-01,False,False,False,True,1
us_recession_prob_level|bdtanh|w252,us_cycle,us_recession_prob,level,0,M,75,bdtanh,252,o2o,2,-1,0.08907539953041643,-0.2930978906137379,-0.011368111068068162,-0.0047770260368142775,-0.1286044987197886,0.44,-1.8717250303288535,25,0.24721285136129217,0.04971467629302003,0.6414761911107395,-64.26726399619265,4072,5.697308201798453,99.34069556617769,6067,2002-01-10,2026-09-01,False,False,False,True,1
us_recession_prob_level|bdtanh|w252,us_cycle,us_recession_prob,level,0,M,75,bdtanh,252,ongap,2,1,0.3366300345672398,0.25533116907407144,0.26106816267296007,0.27910573974011194,0.13576652669505265,0.6,-2.1114861488900663,10,-0.36291083773427657,-0.003922870532322982,0.6205815708902015,-10.036000093815964,1181,6.776237106210519,98.76325088339223,2264,2017-05-16,2026-09-01,False,False,False,True,1
us_recession_prob_level|rankc|w60,us_cycle,us_recession_prob,level,0,M,75,rankc,60,c2c,2,-1,0.00769504211971758,-0.42666693248314,-0.12173092737712762,-0.10756690744635981,-0.1812708764574321,0.4230769230769231,-2.4294269087192664,26,0.03241311536324137,-0.0231723448513157,0.6404386753612286,-93.74969337039305,5983,10.768726387962213,99.46297803091944,6145,2001-08-21,2026-09-01,False,False,True,True,2
us_recession_prob_level|rankc|w60,us_cycle,us_recession_prob,level,0,M,75,rankc,60,day,2,1,-0.00039925076878672875,0.002134021176585084,0.00020651790429252996,0.018383361347378724,0.008404159775553689,0.4230769230769231,-1.466295289543577,26,-0.059012764277334345,0.0231723448513157,0.6404386753612286,-47.9166508645696,6116,10.768726387962213,99.46297803091944,6145,2001-08-21,2026-09-01,False,False,True,True,2
us_recession_prob_level|rankc|w60,us_cycle,us_recession_prob,level,0,M,75,rankc,60,o2o,2,1,-0.01334534930618653,0.4232267120976236,0.10811034503668214,0.12219378123901993,0.17963632845135988,0.5,-1.3234542919096066,26,-0.043830033254053075,0.0231723448513157,0.6404386753612286,-54.38454949930785,5155,10.768726387962213,99.46297803091944,6145,2001-08-21,2026-09-01,False,False,True,True,2
us_recession_prob_level|rankc|w60,us_cycle,us_recession_prob,level,0,M,75,rankc,60,ongap,2,1,0.0203766549511663,0.2461148293897408,0.21471846851157017,0.24526721791432265,0.28338567379859936,0.7,-1.4515385423438205,10,-0.04453468904221842,0.017483267480991615,0.65003060414355,-9.138452296943429,506,11.40635492874134,99.60247349823321,2264,2017-05-16,2026-09-01,False,True,True,True,3
us_recession_prob_level|rankc|w120,us_cycle,us_recession_prob,level,0,M,75,rankc,120,c2c,2,-1,0.2080772634755393,-0.2856657182762769,0.06973484817733999,0.07955425113008806,0.0382691388962354,0.46153846153846156,-2.485280332069279,26,0.06848116716736434,-0.012343912224531382,0.6438053720267357,-90.26945542496877,4074,7.50668495177825,99.3804011087559,6133,2001-10-08,2026-09-01,False,False,True,True,2
us_recession_prob_level|rankc|w120,us_cycle,us_recession_prob,level,0,M,75,rankc,120,day,2,-1,0.08003418382858386,-0.3089856325555237,-0.009463081081940654,0.003172365950386954,-0.04256718856757363,0.46153846153846156,-1.327757025976358,26,0.05317553104765404,-0.012343912224531382,0.6438053720267357,-50.19880286665265,4309,7.50668495177825,99.3804011087559,6133,2001-10-08,2026-09-01,False,False,True,True,2
us_recession_prob_level|rankc|w120,us_cycle,us_recession_prob,level,0,M,75,rankc,120,o2o,2,-1,0.21495649345744874,-0.31579607301435136,0.07372397565014097,0.08354784419931904,0.02683273954955323,0.4230769230769231,-2.538613302473145,26,0.05408801424582937,-0.012343912224531382,0.6438053720267357,-94.29994048042853,4072,7.50668495177825,99.3804011087559,6133,2001-10-08,2026-09-01,False,False,True,True,2
us_recession_prob_level|rankc|w120,us_cycle,us_recession_prob,level,0,M,75,rankc,120,ongap,2,1,0.39575528169359375,0.32614015176420125,0.3342592258312488,0.35855340860783674,0.2711019195528181,0.6,-1.585549754032837,10,-0.2678447945254226,0.0354419801462165,0.6246490003239553,-10.232447384512541,1033,8.532204935699655,99.51413427561837,2264,2017-05-16,2026-09-01,False,False,False,True,1
us_recession_prob_level|rankc|w252,us_cycle,us_recession_prob,level,0,M,75,rankc,252,c2c,2,-1,0.059344587871872065,-0.5212567641722126,-0.11710071891965748,-0.1084749822085377,-0.2734921959151517,0.36,-1.6863427582005501,25,0.04009749594325774,-0.018598205297022396,0.6656652822974332,-83.23877544230551,4074,6.578222961733177,99.81815176062159,6049,2002-01-10,2026-09-01,False,False,True,True,2
us_recession_prob_level|rankc|w252,us_cycle,us_recession_prob,level,0,M,75,rankc,252,day,2,1,0.047175823569252116,0.4105310013698017,0.13821882813840028,0.1496315557743104,0.3096829777462674,0.52,-1.3408297332352948,25,-0.01657886019905663,0.018598205297022396,0.6656652822974332,-28.39357913850616,2253,6.578222961733177,99.81815176062159,6049,2002-01-10,2026-09-01,False,False,True,True,2
us_recession_prob_level|rankc|w252,us_cycle,us_recession_prob,level,0,M,75,rankc,252,o2o,2,-1,0.043997334629102665,-0.598629075708981,-0.1438536612077921,-0.13512178299172892,-0.2993895177919913,0.32,-1.7706248788863834,25,0.014220001747897726,-0.018598205297022396,0.6656652822974332,-92.19661254912587,4072,6.578222961733177,99.81815176062159,6049,2002-01-10,2026-09-01,False,False,True,True,2
us_recession_prob_level|rankc|w252,us_cycle,us_recession_prob,level,0,M,75,rankc,252,ongap,2,1,0.48138422287043386,0.48467437025140075,0.4752687014991664,0.4945435469653167,0.34449754937959826,0.7,-1.5237202864322692,10,-0.2857144763923934,0.05140521509040734,0.6330105220784499,-7.1834563203464015,696,7.352836874395513,99.69081272084806,2264,2017-05-16,2026-09-01,False,True,False,True,2
us_recession_prob_level|signth|w60,us_cycle,us_recession_prob,level,0,M,75,signth,60,c2c,2,-1,0.3109115475860919,-0.38463549889389637,0.10941640879367354,0.1200676783440748,0.09555700258024764,0.5,-1.1982825301154219,26,0.08158208386426725,0.012733585630203057,0.6638274084931783,-73.34190353491219,2205,8.326166853039403,99.75704567541302,6174,2001-07-10,2026-09-01,False,False,True,True,2
us_recession_prob_level|signth|w60,us_cycle,us_recession_prob,level,0,M,75,signth,60,day,2,-1,0.10420563679557797,0.06978958417779707,0.09511976713027587,0.1086312557549033,0.11949147194025107,0.6153846153846154,-1.9699870582589825,26,0.10092977925012399,0.012733585630203057,0.6638274084931783,-46.64270616981041,5540,8.326166853039403,99.75704567541302,6174,2001-07-10,2026-09-01,False,False,True,True,2
us_recession_prob_level|signth|w60,us_cycle,us_recession_prob,level,0,M,75,signth,60,o2o,2,-1,0.29145727790376186,-0.42505734083031954,0.09384552645844885,0.10433617306755559,0.05952988557986766,0.46153846153846156,-1.2754051517874152,26,0.09175427103816651,0.012733585630203057,0.6638274084931783,-72.94060629976018,2285,8.326166853039403,99.75704567541302,6174,2001-07-10,2026-09-01,False,False,True,True,2
us_recession_prob_level|signth|w60,us_cycle,us_recession_prob,level,0,M,75,signth,60,ongap,2,-1,0.008006269978084643,-0.3684049044726602,-0.3158344852660774,-0.29115372745843565,-0.24606533454358578,0.3,-1.343196134694028,10,0.1977515142159468,-0.0024832024688470123,0.6860199764987376,-21.98305537510212,1647,9.116924409316667,99.73498233215548,2264,2017-05-16,2026-09-01,False,False,False,True,1
us_recession_prob_level|signth|w120,us_cycle,us_recession_prob,level,0,M,75,signth,120,c2c,2,-1,0.3581037093712489,-0.16148071434354144,0.20887841479829256,0.2170487412950006,0.14715025591530875,0.4230769230769231,-1.3715051717777276,26,0.1390559311059951,0.028862124123649854,0.6634986643817294,-56.109550181742875,2285,6.315220259641449,99.45803908687797,6089,2001-07-10,2026-09-01,False,False,True,True,2
us_recession_prob_level|signth|w120,us_cycle,us_recession_prob,level,0,M,75,signth,120,day,2,-1,0.07094868650724635,-0.1419507080710822,0.020980710660191193,0.03139641644929116,-0.02354325990887643,0.46153846153846156,-1.8020384653796653,26,0.13330382554767362,0.028862124123649854,0.6634986643817294,-50.178524827680924,5445,6.315220259641449,99.45803908687797,6089,2001-07-10,2026-09-01,False,False,True,True,2
us_recession_prob_level|signth|w120,us_cycle,us_recession_prob,level,0,M,75,signth,120,o2o,2,-1,0.36605255498714423,-0.14090621771149206,0.22722737478870897,0.23531533239387215,0.17160228253590074,0.5384615384615384,-1.2052597430781034,26,0.13654565403565078,0.028862124123649854,0.6634986643817294,-55.9819152129535,2285,6.315220259641449,99.45803908687797,6089,2001-07-10,2026-09-01,False,False,True,True,2
us_recession_prob_level|signth|w120,us_cycle,us_recession_prob,level,0,M,75,signth,120,ongap,2,1,0.2987764310620574,0.25680055662145956,0.25913745050450493,0.27798726764620385,0.1381409358811331,0.6,-1.4273753497313577,10,-0.3500192055799397,-0.0077314867894205126,0.652399454292981,-11.327692958555057,829,7.1343736022153506,98.76325088339223,2264,2017-05-16,2026-09-01,False,False,False,True,1
us_recession_prob_level|signth|w252,us_cycle,us_recession_prob,level,0,M,75,signth,252,c2c,2,-1,0.1260480298663446,-0.5583732996522304,-0.08990416845473449,-0.08251872305058712,-0.056428348068044795,0.44,-1.5239793165447888,25,0.14625756660567119,0.030431435220907646,0.6441879891537625,-82.4855135707103,2174,5.716218122835716,99.06703524533518,5788,2001-12-19,2026-09-01,False,False,True,True,2
us_recession_prob_level|signth|w252,us_cycle,us_recession_prob,level,0,M,75,signth,252,day,2,1,0.013636029830919013,0.5256544032275083,0.14306906601759944,0.15273941191602622,0.20521278929128747,0.64,-1.5748603330310391,25,-0.1493299640254606,-0.030431435220907646,0.6441879891537625,-41.96587431122653,4840,5.716218122835716,99.06703524533518,5788,2001-12-19,2026-09-01,False,False,True,True,2
us_recession_prob_level|signth|w252,us_cycle,us_recession_prob,level,0,M,75,signth,252,o2o,2,-1,0.09040621916368631,-0.6189815903018302,-0.12575261548007663,-0.11818987980736122,-0.08182907282658175,0.36,-1.9238196728649593,25,0.12901851185955343,0.030431435220907646,0.6441879891537625,-81.13972092555962,2174,5.716218122835716,99.06703524533518,5788,2001-12-19,2026-09-01,False,False,True,True,2
us_recession_prob_level|signth|w252,us_cycle,us_recession_prob,level,0,M,75,signth,252,ongap,2,1,0.6396019265298185,0.4696711190184728,0.4853482869818101,0.5016641242970884,0.33154315044340577,0.6,-1.512851128659877,10,-0.3394250120063693,0.027982990948517854,0.5856072942250468,-6.810113310137675,1064,6.515504923880512,97.55213055303717,2206,2017-05-16,2026-09-01,False,False,False,True,1
us_recession_prob_level|dev|w60,us_cycle,us_recession_prob,level,0,M,75,dev,60,c2c,2,-1,0.19422240740396934,-0.45998197234652144,0.024775001029578057,0.0338629472244058,-0.15608222763421814,0.38461538461538464,-1.47912802499882,26,0.0676659505142148,-0.04088376748008261,0.5346646830922389,-82.89601367361344,4058,6.72908457413988,95.76504948888528,6163,2001-08-21,2026-09-01,False,False,True,True,2
us_recession_prob_level|dev|w60,us_cycle,us_recession_prob,level,0,M,75,dev,60,day,2,-1,0.1593773547103124,-0.11003454435688052,0.10017102675097964,0.11162612412805266,-0.057904191073515944,0.5,-2.2133368486820277,26,0.08885979507979513,-0.04088376748008261,0.5346646830922389,-38.2794714498942,3229,6.72908457413988,95.76504948888528,6163,2001-08-21,2026-09-01,False,False,True,True,2
us_recession_prob_level|dev|w60,us_cycle,us_recession_prob,level,0,M,75,dev,60,o2o,2,-1,0.17697642426762805,-0.4434923105572569,0.022437371335553992,0.03132801195711415,-0.18487377741593933,0.4230769230769231,-1.5363316165764376,26,0.09759966182638852,-0.04088376748008261,0.5346646830922389,-86.34714018640213,4057,6.72908457413988,95.76504948888528,6163,2001-08-21,2026-09-01,False,False,True,True,2
us_recession_prob_level|dev|w60,us_cycle,us_recession_prob,level,0,M,75,dev,60,ongap,2,1,0.025096355749537013,0.13215313901291859,0.11581551550316245,0.1408177416278774,0.12542550802754715,0.6,-1.482454344483749,10,-0.1650747622047507,0.027453927622359844,0.5356554021622544,-7.803643401398561,1367,7.588264531583674,93.28621908127208,2264,2017-05-16,2026-09-01,False,False,False,True,1
us_recession_prob_level|dev|w120,us_cycle,us_recession_prob,level,0,M,75,dev,120,c2c,2,-1,0.394978154079705,-0.28377047731823984,0.21242179597044167,0.21894650738763594,0.03589640817057378,0.4230769230769231,-1.8843521313820648,26,0.0515780162618101,-0.04232166497017372,0.5819427484430323,-85.20242799627998,3978,5.087405470371479,97.48899396706344,6133,2001-10-08,2026-09-01,False,False,True,True,2
us_recession_prob_level|dev|w120,us_cycle,us_recession_prob,level,0,M,75,dev,120,day,2,-1,0.3003871794854476,-0.2439828242883956,0.17744490280540778,0.1857783588923657,0.010289999562666054,0.4230769230769231,-1.4604498800637917,26,0.048376273742610235,-0.04232166497017372,0.5819427484430323,-38.50466863932945,4002,5.087405470371479,97.48899396706344,6133,2001-10-08,2026-09-01,False,False,True,True,2
us_recession_prob_level|dev|w120,us_cycle,us_recession_prob,level,0,M,75,dev,120,o2o,2,-1,0.39062226619921736,-0.2790800162389228,0.21767945270351238,0.22413661931484458,0.022122371636033485,0.46153846153846156,-1.7873728335407408,26,0.06008131864875605,-0.04232166497017372,0.5819427484430323,-88.84292119483752,3977,5.087405470371479,97.48899396706344,6133,2001-10-08,2026-09-01,False,False,True,True,2
us_recession_prob_level|dev|w120,us_cycle,us_recession_prob,level,0,M,75,dev,120,ongap,2,1,0.3035735692500018,0.08533314667583962,0.11320661572326217,0.13248953897781476,0.17758012531599945,0.6,-1.5179289501545525,10,-0.25266213708278384,0.020274749107479614,0.5663221468458215,-11.68562234006956,1223,6.121553906090494,94.96466431095406,2264,2017-05-16,2026-09-01,False,False,False,True,1
us_recession_prob_level|dev|w252,us_cycle,us_recession_prob,level,0,M,75,dev,252,c2c,2,-1,0.21143853319987127,-0.2635076520201173,0.08234257610252477,0.08759336265053261,-0.06937150668716718,0.4,-1.9060017329513639,25,-0.06681723206996686,-0.09520689766800705,0.6242982695031969,-69.45526635213363,2285,4.1511907269433825,99.55496950716993,6067,2002-01-10,2026-09-01,False,False,True,True,2
us_recession_prob_level|dev|w252,us_cycle,us_recession_prob,level,0,M,75,dev,252,day,2,-1,0.03690532328573054,-0.344288922461097,-0.049225993174356476,-0.04251002632485434,-0.2735932488946829,0.4,-2.2629294620893705,25,-0.0961550057024163,-0.09520689766800705,0.6242982695031969,-41.728199058668125,4073,4.1511907269433825,99.55496950716993,6067,2002-01-10,2026-09-01,False,False,True,True,2
us_recession_prob_level|dev|w252,us_cycle,us_recession_prob,level,0,M,75,dev,252,o2o,2,-1,0.19991489168205748,-0.2861054754394548,0.07490048322158245,0.08000586510489557,-0.08709822688932303,0.44,-1.770325162600223,25,-0.09562018760177896,-0.09520689766800705,0.6242982695031969,-63.985072437591604,2285,4.1511907269433825,99.55496950716993,6067,2002-01-10,2026-09-01,False,False,True,True,2
us_recession_prob_level|dev|w252,us_cycle,us_recession_prob,level,0,M,75,dev,252,ongap,2,1,0.7889860475765463,0.2491270445360937,0.3132080179600801,0.32785759822161903,0.24786390293965407,0.7,-2.218057457234922,10,-0.2830480744207062,0.09059109288642636,0.6076726629691059,-10.125271557307963,1181,5.002254891759753,99.55830388692578,2264,2017-05-16,2026-09-01,False,True,False,True,2
us_empire_state_level|selfz|w60,us_survey,us_empire_state,level,0,M,16,selfz,60,c2c,2,-1,0.15436565041652936,-0.34679937063169564,0.004070505991349258,0.020553213147254657,0.03547073921441652,0.38461538461538464,-1.7095731882680358,26,0.06686732527812501,-0.012548999441606434,0.579571668951862,-66.76319279581394,2847,12.16184871043497,99.17952084017067,6094,2001-12-03,2026-09-01,False,False,True,True,2
us_empire_state_level|selfz|w60,us_survey,us_empire_state,level,0,M,16,selfz,60,day,2,-1,0.3491480152357006,-0.10669523473563994,0.23706928816433803,0.25852334925973136,0.16377311360927957,0.6153846153846154,-1.6046973890625922,26,0.049268030539163836,-0.012548999441606434,0.579571668951862,-32.71723180210797,1545,12.16184871043497,99.17952084017067,6094,2001-12-03,2026-09-01,False,False,True,True,2
us_empire_state_level|selfz|w60,us_survey,us_empire_state,level,0,M,16,selfz,60,o2o,2,-1,0.19109305918060163,-0.3559458981625336,0.040196186064364356,0.056311627284043604,0.10122095634465861,0.38461538461538464,-2.055068131633855,26,0.06739548698626317,-0.012548999441606434,0.579571668951862,-61.91249711376279,1853,12.16184871043497,99.17952084017067,6094,2001-12-03,2026-09-01,False,False,True,True,2
us_empire_state_level|selfz|w60,us_survey,us_empire_state,level,0,M,16,selfz,60,ongap,2,1,0.8373984097596697,0.6555564097456673,0.664885984525875,0.7012058794852942,1.0042057389926204,0.8,-0.6187954861127101,10,-0.22709473085565077,0.02937424509958353,0.5713087306816275,-9.882064768015496,884,13.516623900069842,98.85159010600707,2264,2017-05-16,2026-09-01,True,True,False,True,3
us_empire_state_level|selfz|w120,us_survey,us_empire_state,level,0,M,16,selfz,120,c2c,2,1,-0.0042358720726944485,0.14809019027461182,0.04280827528458749,0.05530178579582036,0.07223351292325228,0.56,-1.7262216634935061,25,-0.07075542301328823,0.004718663628814613,0.5896593421030865,-93.74873935582467,5616,9.425548168772954,99.35686015831135,6064,2002-01-15,2026-09-01,False,False,True,True,2
us_empire_state_level|selfz|w120,us_survey,us_empire_state,level,0,M,16,selfz,120,day,2,-1,0.2061173011272219,0.008808210813925884,0.1554049972426403,0.1719113562325743,0.08014848245845395,0.56,-1.6244779382108694,25,0.050647495387650024,-0.004718663628814613,0.5896593421030865,-41.49434403372179,1487,9.425548168772954,99.35686015831135,6064,2002-01-15,2026-09-01,False,False,True,True,2
us_empire_state_level|selfz|w120,us_survey,us_empire_state,level,0,M,16,selfz,120,o2o,2,-1,0.0381445477666969,-0.14857814922994358,-0.01593530427010768,-0.003793120036490237,-0.03769230587603825,0.44,-2.1119561855905533,25,0.06703456933845296,-0.004718663628814613,0.5896593421030865,-60.29468659580519,2837,9.425548168772954,99.35686015831135,6064,2002-01-15,2026-09-01,False,False,True,True,2
us_empire_state_level|selfz|w120,us_survey,us_empire_state,level,0,M,16,selfz,120,ongap,2,1,0.8581769760076549,0.5865471892222313,0.6116805158203441,0.639837044300897,0.8696260156198999,0.8,-0.7074221625869553,10,-0.19666612926903812,0.004551920151194371,0.6006742426406456,-11.187278839871276,918,11.151277277239844,99.64664310954063,2264,2017-05-16,2026-09-01,True,True,False,True,3
us_empire_state_level|selfz|w252,us_survey,us_empire_state,level,0,M,16,selfz,252,c2c,2,1,0.11330962595177438,0.2867996274630168,0.16752083775189563,0.17698668462203257,0.15996055026070174,0.6,-1.4992179172868625,25,-0.13683082940400784,-0.020453104903564206,0.6476814437071285,-80.4203838935589,5429,7.762110410519587,99.66655551850617,5998,2002-04-30,2026-09-01,False,False,True,True,2
us_empire_state_level|selfz|w252,us_survey,us_empire_state,level,0,M,16,selfz,252,day,2,-1,0.016359740340498384,-0.02487821593897204,0.005714475222969198,0.018141874295414258,-0.01523659526504432,0.6,-1.6461999664062905,25,0.15065971858965513,0.020453104903564206,0.6476814437071285,-50.13614503873131,1805,7.762110410519587,99.66655551850617,5998,2002-04-30,2026-09-01,False,False,False,True,1
us_empire_state_level|selfz|w252,us_survey,us_empire_state,level,0,M,16,selfz,252,o2o,2,1,0.05066829644603631,0.2661015217616523,0.11467758800000381,0.12394397014047637,0.10718925427755727,0.6,-1.6189194127086108,25,-0.12636305542215256,-0.020453104903564206,0.6476814437071285,-90.94969155400732,5436,7.762110410519587,99.66655551850617,5998,2002-04-30,2026-09-01,False,False,True,True,2
us_empire_state_level|selfz|w252,us_survey,us_empire_state,level,0,M,16,selfz,252,ongap,2,1,0.8006042115459077,0.7497685160003874,0.7520553445885115,0.7769075712461834,0.9894533071432152,0.9,-0.39242935440343746,10,-0.16997363008503247,0.01781678752681243,0.6348353029391487,-12.250189723170688,785,10.115251574827555,99.64664310954063,2264,2017-05-16,2026-09-01,True,True,False,True,3
us_empire_state_level|robustz|w60,us_survey,us_empire_state,level,0,M,16,robustz,60,c2c,2,1,0.008909196628087042,0.39859869274826426,0.12491392811323804,0.14069130654585063,0.14483322181913907,0.68,-2.248058709233743,25,-0.054734075724986,0.013545106889407323,0.4036675461420366,-64.47737588955299,5496,9.668388231574133,97.92894426671157,5939,2002-01-15,2026-09-01,False,True,True,True,3
us_empire_state_level|robustz|w60,us_survey,us_empire_state,level,0,M,16,robustz,60,day,2,-1,0.12000932154058133,-0.3710169226575084,0.008186140930240098,0.02885354871689897,-0.15448097590865592,0.4,-1.8280994413414209,25,0.0461276188322671,-0.013545106889407323,0.4036675461420366,-32.196045504113165,3831,9.668388231574133,97.92894426671157,5939,2002-01-15,2026-09-01,False,False,True,True,2
us_empire_state_level|robustz|w60,us_survey,us_empire_state,level,0,M,16,robustz,60,o2o,2,-1,0.02164835735031358,-0.5119255255110428,-0.11459895100602191,-0.09894800532567219,-0.1331608674158648,0.36,-2.392094200369254,25,0.047531673393279,-0.013545106889407323,0.4036675461420366,-60.15568496028082,4185,9.668388231574133,97.92894426671157,5939,2002-01-15,2026-09-01,False,False,True,True,2
us_empire_state_level|robustz|w60,us_survey,us_empire_state,level,0,M,16,robustz,60,ongap,2,1,0.2243755309849971,0.5643945487352618,0.5181366692987796,0.5549199866473793,0.7362559729820837,0.7,-0.9910244763706533,10,-0.19221565624552173,0.02535194569450364,0.38756224914518295,-6.2635936094563,1047,11.068374800570739,96.12724757952974,2169,2017-05-16,2026-09-01,True,True,False,True,3
us_empire_state_level|robustz|w120,us_survey,us_empire_state,level,0,M,16,robustz,120,c2c,2,1,0.16902956350593032,0.2450697868612603,0.1914974342168576,0.20301490218229717,0.2443200186221804,0.64,-1.9859091621801133,25,-0.11653826217833138,-0.0029711027673883176,0.5273637897429677,-73.68224031280629,5494,8.44533763265033,99.16736053288926,6005,2002-04-19,2026-09-01,False,False,True,True,2
us_empire_state_level|robustz|w120,us_survey,us_empire_state,level,0,M,16,robustz,120,day,2,-1,-0.004742735158442153,-0.06793747986991527,-0.01984283999861444,-0.0048606138466152325,-0.08039504384468105,0.44,-1.6637651018386768,25,0.13136803030028138,0.0029711027673883176,0.5273637897429677,-46.19622676124389,2889,8.44533763265033,99.16736053288926,6005,2002-04-19,2026-09-01,False,False,True,True,2
us_empire_state_level|robustz|w120,us_survey,us_empire_state,level,0,M,16,robustz,120,o2o,2,1,0.12270974405866845,0.19974033521478957,0.14330542000583768,0.15448182891078907,0.2196188495670811,0.56,-1.8378682919148317,25,-0.11402592462058746,-0.0029711027673883176,0.5273637897429677,-81.52729018637811,5524,8.44533763265033,99.16736053288926,6005,2002-04-19,2026-09-01,False,False,True,True,2
us_empire_state_level|robustz|w120,us_survey,us_empire_state,level,0,M,16,robustz,120,ongap,2,1,0.796520791835607,0.4807998643393763,0.5260045658149323,0.5549254928883209,0.8166236483848486,0.8,-0.8318665433458035,10,-0.07562438570916313,0.0214546083494377,0.4917045718701907,-11.300059536664683,1252,9.592960778381865,99.1166077738516,2264,2017-05-16,2026-09-01,True,True,True,True,4
us_empire_state_level|robustz|w252,us_survey,us_empire_state,level,0,M,16,robustz,252,c2c,2,1,0.1106326803568755,0.3538525502729283,0.18720807732091674,0.19764956105783385,0.15616172609568885,0.56,-1.4495486722971342,25,-0.018415204965957523,0.012432506515841045,0.634224376476835,-73.89040467646385,4980,7.846947408755401,99.52324195470798,5873,2002-10-25,2026-09-01,False,False,True,True,2
us_empire_state_level|robustz|w252,us_survey,us_empire_state,level,0,M,16,robustz,252,day,2,1,0.057994878970511435,0.168337415783695,0.08763687801966413,0.10161689915108016,0.09667682137717118,0.48,-1.309708581372555,25,-0.0031047145885874042,0.012432506515841045,0.634224376476835,-46.34142519176482,5439,7.846947408755401,99.52324195470798,5873,2002-10-25,2026-09-01,False,False,True,True,2
us_empire_state_level|robustz|w252,us_survey,us_empire_state,level,0,M,16,robustz,252,o2o,2,1,0.05615116010266609,0.3266500036119563,0.13867285062509122,0.14911116268068297,0.11500553451374008,0.56,-1.4484689353981304,25,0.018527535529655585,0.012432506515841045,0.634224376476835,-80.62683336319006,5404,7.846947408755401,99.52324195470798,5873,2002-10-25,2026-09-01,False,False,True,True,2
us_empire_state_level|robustz|w252,us_survey,us_empire_state,level,0,M,16,robustz,252,ongap,2,1,0.5559290212522293,0.6219770037659252,0.6101430914368419,0.6368743424633262,0.710027671176089,0.8,-0.7355099361740112,10,-0.10875114415523297,-0.0073901753956305185,0.5974675393991264,-11.336678994549343,785,9.658131312222551,99.46996466431095,2264,2017-05-16,2026-09-01,True,True,True,True,4
us_empire_state_level|bdtanh|w60,us_survey,us_empire_state,level,0,M,16,bdtanh,60,c2c,2,-1,0.17538766006695855,-0.30060208898074037,0.03322168090363714,0.04775687024774361,0.05244428778740997,0.4230769230769231,-1.5881237913563437,26,0.06549101138478489,-0.02002182377407237,0.6675304133664478,-70.13652842755465,2702,11.728262156664451,99.65539875287168,6094,2001-12-03,2026-09-01,False,False,True,True,2
us_empire_state_level|bdtanh|w60,us_survey,us_empire_state,level,0,M,16,bdtanh,60,day,2,-1,0.37476513786888105,-0.08652618856981709,0.26063723849787873,0.2796244055692603,0.19477792576541036,0.6153846153846154,-1.5144823120268198,26,0.04316150094518044,-0.02002182377407237,0.6675304133664478,-33.41094850808549,1101,11.728262156664451,99.65539875287168,6094,2001-12-03,2026-09-01,False,False,True,True,2
us_empire_state_level|bdtanh|w60,us_survey,us_empire_state,level,0,M,16,bdtanh,60,o2o,2,-1,0.21435247249119163,-0.28893984780999493,0.07380219274655686,0.08805933347304565,0.1223243051844117,0.38461538461538464,-1.9093942325988142,26,0.061361844178907415,-0.02002182377407237,0.6675304133664478,-64.9297054462503,2691,11.728262156664451,99.65539875287168,6094,2001-12-03,2026-09-01,False,False,True,True,2
us_empire_state_level|bdtanh|w60,us_survey,us_empire_state,level,0,M,16,bdtanh,60,ongap,2,1,0.8836541144492599,0.6385975299330329,0.6569505089004406,0.6906964556847515,0.9365504221487587,0.8,-0.6799909855187312,10,-0.21485528003121523,0.03112508920091797,0.660319698694447,-11.473929958182902,896,13.548581805943023,99.69081272084806,2264,2017-05-16,2026-09-01,True,True,False,True,3
us_empire_state_level|bdtanh|w120,us_survey,us_empire_state,level,0,M,16,bdtanh,120,c2c,2,1,0.010703300911087848,0.13492760256793127,0.04856264697333044,0.06003263344089521,0.07387343716214612,0.52,-1.837607504136803,25,-0.09278040961868426,0.002180683282136075,0.6747108338699813,-93.69748736573807,5524,9.443890969068443,99.73614775725594,6064,2002-01-15,2026-09-01,False,False,True,True,2
us_empire_state_level|bdtanh|w120,us_survey,us_empire_state,level,0,M,16,bdtanh,120,day,2,-1,0.1953429939247111,-0.032865601679232984,0.13693813601850055,0.15216029996322217,0.050643442515124884,0.52,-1.5809512238901333,25,0.06358857919963423,-0.002180683282136075,0.6747108338699813,-41.43526106424405,1101,9.443890969068443,99.73614775725594,6064,2002-01-15,2026-09-01,False,False,True,True,2
us_empire_state_level|bdtanh|w120,us_survey,us_empire_state,level,0,M,16,bdtanh,120,o2o,2,-1,0.007481027240989476,-0.1314095837493564,-0.03267587334591395,-0.021391970758437323,-0.05694896526934207,0.48,-2.047239761426801,25,0.07783306516894233,-0.002180683282136075,0.6747108338699813,-62.33958517414291,2744,9.443890969068443,99.73614775725594,6064,2002-01-15,2026-09-01,False,False,True,True,2
us_empire_state_level|bdtanh|w120,us_survey,us_empire_state,level,0,M,16,bdtanh,120,ongap,2,1,0.9811157844549225,0.6434045683292006,0.6762325045593313,0.7035528534456074,0.9095642081166092,0.9,-0.7141478476858368,10,-0.1903450100492811,0.016519044496980294,0.6726354824484438,-11.699523936281814,902,11.476996635989188,99.64664310954063,2264,2017-05-16,2026-09-01,True,True,False,True,3
us_empire_state_level|bdtanh|w252,us_survey,us_empire_state,level,0,M,16,bdtanh,252,c2c,2,1,0.11962119273018884,0.22481853099544766,0.1522699227583331,0.16108969921271518,0.11865739698711415,0.6,-1.7322131335177613,25,-0.15052691001595336,-0.026235103185663352,0.6845920722894783,-84.675817990665,5537,7.568876974212831,99.783261087029,5998,2002-04-30,2026-09-01,False,False,False,True,1
us_empire_state_level|bdtanh|w252,us_survey,us_empire_state,level,0,M,16,bdtanh,252,day,2,-1,0.014537973233111744,-0.030741422014716226,0.0028310650464909563,0.014452092535696502,-0.00669351345286034,0.6,-1.6134571802431306,25,0.154553837832558,0.026235103185663352,0.6845920722894783,-51.55645335788089,1805,7.568876974212831,99.783261087029,5998,2002-04-30,2026-09-01,False,False,False,True,1
us_empire_state_level|bdtanh|w252,us_survey,us_empire_state,level,0,M,16,bdtanh,252,o2o,2,1,0.07178116431589354,0.21445208808546876,0.11429072435129274,0.12301458988202714,0.08426531597641708,0.6,-1.6709947879310625,25,-0.13549568546275287,-0.026235103185663352,0.6845920722894783,-92.6057776053709,5536,7.568876974212831,99.783261087029,5998,2002-04-30,2026-09-01,False,False,True,True,2
us_empire_state_level|bdtanh|w252,us_survey,us_empire_state,level,0,M,16,bdtanh,252,ongap,2,1,0.94863737146628,0.8058431089687579,0.8203053920525849,0.8446276035874226,1.0477153035795364,0.8,-0.35354828530669447,10,-0.16293623075935726,0.022558506946759708,0.675167702841907,-12.867944572127735,779,10.113957221777614,99.86749116607774,2264,2017-05-16,2026-09-01,True,True,False,True,3
us_empire_state_level|rankc|w60,us_survey,us_empire_state,level,0,M,16,rankc,60,c2c,2,-1,0.0870923731533765,-0.2695536809032077,-0.019495466496545412,-0.002381643873585945,0.029805465403499536,0.4230769230769231,-2.0783827743308145,26,0.05236014039213972,-0.016361957721022977,0.6197457207314064,-70.82392305629902,4403,13.205108589758247,99.3764358385297,6094,2001-12-03,2026-09-01,False,False,True,True,2
us_empire_state_level|rankc|w60,us_survey,us_empire_state,level,0,M,16,rankc,60,day,2,-1,0.314889280770343,-0.12978163460519015,0.20489861573911158,0.22725122753131083,0.1407590554580709,0.5384615384615384,-1.7246872887429072,26,0.020521051761379566,-0.016361957721022977,0.6197457207314064,-43.94894720083625,1545,13.205108589758247,99.3764358385297,6094,2001-12-03,2026-09-01,False,False,True,True,2
us_empire_state_level|rankc|w60,us_survey,us_empire_state,level,0,M,16,rankc,60,o2o,2,-1,0.09255067304552027,-0.2684886655591556,-0.007897203595723101,0.008921285315246894,0.07536109496768835,0.46153846153846156,-2.3895787278002687,26,0.04731745372451939,-0.016361957721022977,0.6197457207314064,-73.8756994998926,4405,13.205108589758247,99.3764358385297,6094,2001-12-03,2026-09-01,False,False,True,True,2
us_empire_state_level|rankc|w60,us_survey,us_empire_state,level,0,M,16,rankc,60,ongap,2,1,0.7911791044566706,0.5969664316129226,0.6115500870802878,0.6504464394740739,0.8512869409431982,0.8,-0.6758834496151803,10,-0.27347212319634684,0.01776057209020847,0.6148864974840254,-11.293111013780749,1252,14.84469200819891,99.60247349823321,2264,2017-05-16,2026-09-01,True,True,False,True,3
us_empire_state_level|rankc|w120,us_survey,us_empire_state,level,0,M,16,rankc,120,c2c,2,-1,0.01373955883084533,-0.056440672204500726,-0.0080189230820046,0.005313366752578192,-0.03318187463812461,0.52,-1.959343949228116,25,0.07895316699025108,-0.008562756888616354,0.6447691556059534,-59.226845524448024,2714,10.576622814384553,99.63720316622691,6064,2002-01-15,2026-09-01,False,False,True,True,2
us_empire_state_level|rankc|w120,us_survey,us_empire_state,level,0,M,16,rankc,120,day,2,-1,0.269052745673599,-0.03460492929527379,0.19034230381087827,0.2078973327499212,0.09525729193567896,0.56,-2.131992872636193,25,0.047140527070908364,-0.008562756888616354,0.6447691556059534,-43.00996763037279,1101,10.576622814384553,99.63720316622691,6064,2002-01-15,2026-09-01,False,False,True,True,2
us_empire_state_level|rankc|w120,us_survey,us_empire_state,level,0,M,16,rankc,120,o2o,2,-1,0.05578406869244985,-0.04093897677359627,0.027540310961443455,0.04056229905388638,0.013563020183422937,0.56,-2.269059391556466,25,0.07041323649424938,-0.008562756888616354,0.6447691556059534,-70.70527533068433,2698,10.576622814384553,99.63720316622691,6064,2002-01-15,2026-09-01,False,False,True,True,2
us_empire_state_level|rankc|w120,us_survey,us_empire_state,level,0,M,16,rankc,120,ongap,2,1,0.8932545579390153,0.6358428954491011,0.6501898877558687,0.6808792106586046,0.9098492003691206,0.8,-0.8659201546438631,10,-0.2166634957191074,0.005759199051556389,0.639329187381743,-11.876365693119768,1294,12.35971206468426,99.64664310954063,2264,2017-05-16,2026-09-01,True,True,False,True,3
us_empire_state_level|rankc|w252,us_survey,us_empire_state,level,0,M,16,rankc,252,c2c,2,-1,0.001281599624162355,-0.19757213354589784,-0.060489710518559746,-0.05029058480451896,-0.05361056742901872,0.36,-2.5383646089425977,25,0.10924718279072973,0.009268463074741929,0.6763130318841047,-75.39243651055546,2713,8.48159674822252,99.8166055351784,5998,2002-04-30,2026-09-01,False,False,True,True,2
us_empire_state_level|rankc|w252,us_survey,us_empire_state,level,0,M,16,rankc,252,day,2,-1,0.20075824571925913,-0.07178748007739967,0.12949795240069237,0.14282930197526575,0.08167694637553657,0.6,-1.7860902871510687,25,0.09479741296124902,0.009268463074741929,0.6763130318841047,-52.541181924196714,1792,8.48159674822252,99.8166055351784,5998,2002-04-30,2026-09-01,False,False,True,True,2
us_empire_state_level|rankc|w252,us_survey,us_empire_state,level,0,M,16,rankc,252,o2o,2,-1,0.006355283607088317,-0.18488251098525516,-0.05015389239463319,-0.04016734829733322,-0.03624338405656782,0.4,-2.0163058809803265,25,0.09758314407285246,0.009268463074741929,0.6763130318841047,-72.92704656903038,2704,8.48159674822252,99.8166055351784,5998,2002-04-30,2026-09-01,False,False,True,True,2
us_empire_state_level|rankc|w252,us_survey,us_empire_state,level,0,M,16,rankc,252,ongap,2,1,0.9002091325770981,0.7393792343899652,0.7533227640844296,0.7790521147114631,0.9028573858781507,0.8,-0.5799042878650346,10,-0.17444417788749098,0.0038755647694515317,0.6498220963835792,-13.064382192165262,896,10.555976838812757,99.77915194346289,2264,2017-05-16,2026-09-01,True,True,False,True,3
us_empire_state_level|signth|w60,us_survey,us_empire_state,level,0,M,16,signth,60,c2c,2,-1,0.3767667972680627,-0.24460706023544013,0.20075708084304122,0.2150056603237344,0.14545068502480993,0.4230769230769231,-1.4834488546203377,26,0.09351074672794482,-0.004536351987177667,0.662005977686014,-65.13868344216058,2691,11.7927701090408,99.25276153346329,6156,2001-08-30,2026-09-01,False,False,True,True,2
us_empire_state_level|signth|w60,us_survey,us_empire_state,level,0,M,16,signth,60,day,2,-1,0.42132366138952937,-0.1422877414734373,0.2887667880918213,0.3069232207348239,0.1619195223512786,0.5384615384615384,-1.826469946471281,26,0.08820655765552549,-0.004536351987177667,0.662005977686014,-41.64912035971097,1101,11.7927701090408,99.25276153346329,6156,2001-08-30,2026-09-01,False,False,True,True,2
us_empire_state_level|signth|w60,us_survey,us_empire_state,level,0,M,16,signth,60,o2o,2,-1,0.41678874857567033,-0.1726785825499617,0.26078048750452004,0.2745477706658629,0.16903145255947707,0.46153846153846156,-1.8642870806689802,26,0.10232078277056933,-0.004536351987177667,0.662005977686014,-61.71444629708836,2691,11.7927701090408,99.25276153346329,6156,2001-08-30,2026-09-01,False,False,True,True,2
us_empire_state_level|signth|w60,us_survey,us_empire_state,level,0,M,16,signth,60,ongap,2,1,0.9042591409912804,0.5243204332798298,0.5605526223024331,0.5925906646433552,0.8890008120047924,0.8,-0.6895093865429668,10,-0.2156157183875807,0.007649230133758926,0.6551257070055847,-12.043989531145929,1369,13.004682782470164,99.46996466431095,2264,2017-05-16,2026-09-01,True,True,False,True,3
us_empire_state_level|signth|w120,us_survey,us_empire_state,level,0,M,16,signth,120,c2c,2,-1,0.10128149244061002,-0.12199168349666856,0.037364121141636585,0.048422835699965736,0.08501829564973651,0.4230769230769231,-1.5040746892331283,26,0.08811842273091558,0.0035715820880681693,0.6717457534484058,-67.17002874650653,2712,9.238041784000306,99.54293176624225,6126,2001-10-18,2026-09-01,False,False,True,True,2
us_empire_state_level|signth|w120,us_survey,us_empire_state,level,0,M,16,signth,120,day,2,-1,0.2565828273229624,0.03386550475701168,0.2022603740498284,0.21667016113475723,0.17425092079381727,0.5769230769230769,-1.7224604934447492,26,0.0559626088844416,0.0035715820880681693,0.6717457534484058,-42.43335573771875,1805,9.238041784000306,99.54293176624225,6126,2001-10-18,2026-09-01,False,False,True,True,2
us_empire_state_level|signth|w120,us_survey,us_empire_state,level,0,M,16,signth,120,o2o,2,-1,0.1568309456159482,-0.1242507521461409,0.08059379644568601,0.0914500265969682,0.12187617318433239,0.46153846153846156,-1.8892046878911182,26,0.07388340803873342,0.0035715820880681693,0.6717457534484058,-64.57905531006374,2697,9.238041784000306,99.54293176624225,6126,2001-10-18,2026-09-01,False,False,True,True,2
us_empire_state_level|signth|w120,us_survey,us_empire_state,level,0,M,16,signth,120,ongap,2,1,0.8983433711791023,0.5984609185169909,0.6311910291367439,0.6588483144997913,0.7785511599774391,0.7,-0.5982815490206638,10,-0.1869683870438544,0.002903276727053321,0.6636184003920484,-12.579044508799637,1315,11.021152159712091,99.77915194346289,2264,2017-05-16,2026-09-01,True,True,False,True,3
us_empire_state_level|signth|w252,us_survey,us_empire_state,level,0,M,16,signth,252,c2c,2,1,0.06900045513389032,0.06818891154695743,0.06875642125684599,0.07724164936407553,0.03647056356813846,0.56,-1.6519859872517564,25,-0.05793241420909192,0.008734124905132498,0.6727769888524295,-73.3178776489719,5515,7.1459433616339405,99.6025173898642,6038,2002-01-21,2026-09-01,False,False,True,True,2
us_empire_state_level|signth|w252,us_survey,us_empire_state,level,0,M,16,signth,252,day,2,-1,0.01779941046712567,0.04793983663576655,0.025226864092378138,0.0363800181110004,0.0019802485254738255,0.52,-1.5852057024440387,25,0.01878822152711182,-0.008734124905132498,0.6727769888524295,-45.496657820872194,1830,7.1459433616339405,99.6025173898642,6038,2002-01-21,2026-09-01,False,False,True,True,2
us_empire_state_level|signth|w252,us_survey,us_empire_state,level,0,M,16,signth,252,o2o,2,1,0.03913049281502321,0.04707580531094144,0.04143816271432127,0.0498446022624971,0.00604178253933269,0.52,-1.6460907111281575,25,-0.03056605033146654,0.008734124905132498,0.6727769888524295,-80.05126842828449,5514,7.1459433616339405,99.6025173898642,6038,2002-01-21,2026-09-01,False,False,True,True,2
us_empire_state_level|signth|w252,us_survey,us_empire_state,level,0,M,16,signth,252,ongap,2,1,0.958830530636696,0.7031039545857837,0.7367299409557425,0.7613135464018687,0.988777096695869,0.8,-0.567084460956144,10,-0.15436708190585793,-0.00016393419267862104,0.663704127466746,-12.479442862408915,793,9.767848165735497,99.38162544169612,2264,2017-05-16,2026-09-01,True,True,False,True,3
us_empire_state_level|dev|w60,us_survey,us_empire_state,level,0,M,16,dev,60,c2c,2,-1,0.04443513121427882,-0.2204535224068999,-0.03645364433831041,-0.021925952250384437,0.02360661019711868,0.4230769230769231,-1.6547902015205895,26,0.08743511634765012,0.0016970394237991078,0.5621714667220237,-59.8524961640597,2831,10.751183044910398,99.1302920905809,6094,2001-12-03,2026-09-01,False,False,True,True,2
us_empire_state_level|dev|w60,us_survey,us_empire_state,level,0,M,16,dev,60,day,2,-1,0.24387515777613755,-0.02410575680510532,0.17716333929856604,0.19611494117781383,0.16539159409402962,0.5384615384615384,-1.6183836789887944,26,0.07982432914086426,0.0016970394237991078,0.5621714667220237,-44.66720010570066,1700,10.751183044910398,99.1302920905809,6094,2001-12-03,2026-09-01,False,False,True,True,2
us_empire_state_level|dev|w60,us_survey,us_empire_state,level,0,M,16,dev,60,o2o,2,-1,0.11110109165959152,-0.19934282569886538,0.0235948979769039,0.03775224897280155,0.11192462387537434,0.46153846153846156,-1.9422076682031455,26,0.08306847113287832,0.0016970394237991078,0.5621714667220237,-62.903787282624315,2814,10.751183044910398,99.1302920905809,6094,2001-12-03,2026-09-01,False,False,True,True,2
us_empire_state_level|dev|w60,us_survey,us_empire_state,level,0,M,16,dev,60,ongap,2,1,0.7568517807598155,0.5394280371117828,0.5544570583341714,0.5860177897312491,0.8938081126346016,0.8,-0.6270810403136948,10,-0.279709929476929,-0.007568474755634648,0.5580431130556172,-10.743247783542433,1319,12.032453110971689,99.33745583038869,2264,2017-05-16,2026-09-01,True,True,False,True,3
us_empire_state_level|dev|w120,us_survey,us_empire_state,level,0,M,16,dev,120,c2c,2,1,0.07896796885117965,0.13759033561816503,0.09683843417130443,0.10802169453292035,0.14249722362247602,0.56,-2.0777806210944525,25,-0.10837299753049823,-0.014566480760594143,0.6055335311743942,-83.63444627255791,5616,8.713783883641332,99.50527704485488,6064,2002-01-15,2026-09-01,False,False,True,True,2
us_empire_state_level|dev|w120,us_survey,us_empire_state,level,0,M,16,dev,120,day,2,-1,0.11453949676721961,-0.06653777797009927,0.06941063608174167,0.08415766934310481,-0.013552036475081667,0.52,-1.8522420100096704,25,0.09674109124475211,0.014566480760594143,0.6055335311743942,-45.82010474533369,1683,8.713783883641332,99.50527704485488,6064,2002-01-15,2026-09-01,False,False,True,True,2
us_empire_state_level|dev|w120,us_survey,us_empire_state,level,0,M,16,dev,120,o2o,2,1,0.03727538519718308,0.1180893750619696,0.060371942501442406,0.07128182509787952,0.09020264890819282,0.56,-2.0751386599317048,25,-0.09025766476116126,-0.014566480760594143,0.6055335311743942,-94.03481006954708,5524,8.713783883641332,99.50527704485488,6064,2002-01-15,2026-09-01,False,False,True,True,2
us_empire_state_level|dev|w120,us_survey,us_empire_state,level,0,M,16,dev,120,ongap,2,1,0.7771853599227565,0.5340659261499671,0.5560053707001658,0.5822838983594923,0.858137640628943,0.8,-0.5182514005925095,10,-0.2620894317269743,-0.03048445811537399,0.6026749250092281,-12.751934439234077,1369,10.499846707349763,99.77915194346289,2264,2017-05-16,2026-09-01,True,True,False,True,3
us_empire_state_level|dev|w252,us_survey,us_empire_state,level,0,M,16,dev,252,c2c,2,1,0.060793956610672224,0.1848846671724567,0.09845737250856,0.10731155262039666,0.1120125379773845,0.64,-1.5817624961625405,25,-0.15169799288111596,-0.04383786243971961,0.667242220730391,-86.96904554914613,5485,7.370372152063851,99.74991663887963,5998,2002-04-30,2026-09-01,False,False,False,True,1
us_empire_state_level|dev|w252,us_survey,us_empire_state,level,0,M,16,dev,252,day,2,-1,0.06696289434440536,-0.04609011506590482,0.038490289252603505,0.05000657311522791,-0.0007758102904451985,0.56,-1.7005620122090972,25,0.1572216266723254,0.04383786243971961,0.667242220730391,-49.803312494110465,1728,7.370372152063851,99.74991663887963,5998,2002-04-30,2026-09-01,False,False,False,True,1
us_empire_state_level|dev|w252,us_survey,us_empire_state,level,0,M,16,dev,252,o2o,2,1,0.030587906986036955,0.16857144410274513,0.07039991156467194,0.07898954822061904,0.07771065667597056,0.6,-1.6066343943192551,25,-0.139443044943687,-0.04383786243971961,0.667242220730391,-97.23838679434701,5436,7.370372152063851,99.74991663887963,5998,2002-04-30,2026-09-01,False,False,True,True,2
us_empire_state_level|dev|w252,us_survey,us_empire_state,level,0,M,16,dev,252,ongap,2,1,0.7239920743901965,0.6810502345131163,0.6817194237145012,0.7041688683856594,0.9443044080642955,0.8,-0.4277117078549426,10,-0.19752177089946382,-0.03975514432959474,0.6503716494491956,-13.887281619090968,884,9.263256572249405,99.95583038869258,2264,2017-05-16,2026-09-01,True,True,False,True,3
us_philly_fed_level|selfz|w60,us_survey,us_philly_fed,level,0,M,21,selfz,60,c2c,2,1,0.3427307459212361,-0.1291490639562787,0.20652300851303765,0.22385845376535973,0.21668561252572663,0.5769230769230769,-1.4941338414288599,26,-0.02552463697069362,0.0005610998630305005,0.5977003725430093,-61.62437709371067,4677,12.269831359026425,99.4807723511277,6163,2001-08-21,2026-09-01,False,False,True,True,2
us_philly_fed_level|selfz|w60,us_survey,us_philly_fed,level,0,M,21,selfz,60,day,2,1,0.3846761178481645,0.23141729225825933,0.3446780494083078,0.36677711552663084,0.5100733659136181,0.7307692307692307,-1.0023949352551906,26,-0.030099610030317192,0.0005610998630305005,0.5977003725430093,-29.835251061060998,2093,12.269831359026425,99.4807723511277,6163,2001-08-21,2026-09-01,False,True,True,True,3
us_philly_fed_level|selfz|w60,us_survey,us_philly_fed,level,0,M,21,selfz,60,o2o,2,1,0.2328934241603069,-0.24445596320214583,0.10061182475768034,0.11680984532987856,0.15925791930509944,0.5769230769230769,-1.2890810999451063,26,-0.02403730011113158,0.0005610998630305005,0.5977003725430093,-71.62043199397772,4677,12.269831359026425,99.4807723511277,6163,2001-08-21,2026-09-01,False,False,True,True,2
us_philly_fed_level|selfz|w60,us_survey,us_philly_fed,level,0,M,21,selfz,60,ongap,2,-1,1.2682375062295506,-0.004426996808846647,0.13157290098309632,0.16834797210823466,0.2419089223905673,0.6,-1.0079466889830604,10,-0.06157938654204928,0.019386116337122356,0.6013502117828776,-10.348484993344266,910,12.494201714748405,99.38162544169612,2264,2017-05-16,2026-09-01,False,False,True,True,2
us_philly_fed_level|selfz|w120,us_survey,us_philly_fed,level,0,M,21,selfz,120,c2c,2,1,0.1639967483164084,-0.05374704593620467,0.09820666513083916,0.11028490687780348,0.12168271600046275,0.5769230769230769,-1.4323293526036547,26,-0.011462124856177909,-0.0018261514416791512,0.5909501156772401,-62.79238193019625,4568,8.667576126229855,99.3804011087559,6133,2001-10-08,2026-09-01,False,False,True,True,2
us_philly_fed_level|selfz|w120,us_survey,us_philly_fed,level,0,M,21,selfz,120,day,2,1,0.13849058703359882,0.25117290830917044,0.16637825301520065,0.1819477551920488,0.31594582176793856,0.5769230769230769,-1.3840860493010811,26,-0.029009351386617005,-0.0018261514416791512,0.5909501156772401,-56.140376217057955,4694,8.667576126229855,99.3804011087559,6133,2001-10-08,2026-09-01,False,False,True,True,2
us_philly_fed_level|selfz|w120,us_survey,us_philly_fed,level,0,M,21,selfz,120,o2o,2,1,0.12887934867994247,-0.20334554441358543,0.032787627747373094,0.04420483376194864,0.13098450332943304,0.5769230769230769,-1.6026343925268383,26,-0.017495646711576326,-0.0018261514416791512,0.5909501156772401,-67.32790857367158,5415,8.667576126229855,99.3804011087559,6133,2001-10-08,2026-09-01,False,False,True,True,2
us_philly_fed_level|selfz|w120,us_survey,us_philly_fed,level,0,M,21,selfz,120,ongap,2,-1,1.7167038777631858,-0.23521152292063305,-0.049189610941558194,-0.021766483761216378,0.09589428288639039,0.5,-1.2004763820638555,10,-0.08231773122612263,0.05336475172322724,0.5837571283705894,-15.300203456921658,1544,9.71335792130718,99.24911660777384,2264,2017-05-16,2026-09-01,False,False,True,True,2
us_philly_fed_level|selfz|w252,us_survey,us_philly_fed,level,0,M,21,selfz,252,c2c,2,1,0.032176206026441195,0.20785267722997397,0.08680727920901811,0.09622428943248208,0.07405487676856881,0.56,-2.131007245533797,25,-0.005285517235453779,-0.0032065380553036424,0.6181339217052806,-67.37347221493692,4997,7.075210262966499,99.35717817702324,6067,2002-01-10,2026-09-01,False,False,True,True,2
us_philly_fed_level|selfz|w252,us_survey,us_philly_fed,level,0,M,21,selfz,252,day,2,1,0.09887152670331548,0.36721605561172593,0.1677211133922809,0.17990607910368378,0.27957906082187234,0.6,-1.54576458003434,25,-0.02312152332268944,-0.0032065380553036424,0.6181339217052806,-48.77124079337384,4629,7.075210262966499,99.35717817702324,6067,2002-01-10,2026-09-01,False,False,True,True,2
us_philly_fed_level|selfz|w252,us_survey,us_philly_fed,level,0,M,21,selfz,252,o2o,2,1,-0.0015759788250782687,0.04491814598367448,0.012381349587177714,0.021458964618248654,0.031773504841652235,0.56,-2.2330394905382045,25,-0.012513804964597391,-0.0032065380553036424,0.6181339217052806,-73.85775536546195,4996,7.075210262966499,99.35717817702324,6067,2002-01-10,2026-09-01,False,False,True,True,2
us_philly_fed_level|selfz|w252,us_survey,us_philly_fed,level,0,M,21,selfz,252,ongap,2,-1,1.7461809667797443,-0.45495759269802716,-0.2381865077552926,-0.21503661799596588,-0.09552052378106426,0.4,-1.454351924361828,10,-0.03887833349163508,0.06830439613899221,0.6138766375218252,-21.92984440615714,1544,8.456842431297176,99.24911660777384,2264,2017-05-16,2026-09-01,False,False,True,True,2
us_philly_fed_level|robustz|w60,us_survey,us_philly_fed,level,0,M,21,robustz,60,c2c,2,1,0.2732780828728679,-0.4105783839093519,0.07455017979274609,0.09072790770953316,0.13698816245651013,0.5769230769230769,-1.8173978902789503,26,-0.08091962069922831,-0.03953528639965259,0.4438718242081194,-62.13447914330321,4514,9.185781542259615,98.76644736842105,6080,2001-10-05,2026-09-01,False,False,True,True,2
us_philly_fed_level|robustz|w60,us_survey,us_philly_fed,level,0,M,21,robustz,60,day,2,1,0.4503553922038625,0.20434525127491635,0.3858790803840591,0.40656946495011403,0.6410629360022346,0.6923076923076923,-0.6950564179242223,26,-0.08038006650771931,-0.03953528639965259,0.4438718242081194,-22.696269164083123,1465,9.185781542259615,98.76644736842105,6080,2001-10-05,2026-09-01,True,True,True,True,4
us_philly_fed_level|robustz|w60,us_survey,us_philly_fed,level,0,M,21,robustz,60,o2o,2,1,0.1518780277723135,-0.40709595953329397,-0.007054773679361981,0.008106069625661237,0.1343715964001093,0.46153846153846156,-1.7032800676145592,26,-0.06616284464722295,-0.03953528639965259,0.4438718242081194,-75.5490127208533,4508,9.185781542259615,98.76644736842105,6080,2001-10-05,2026-09-01,False,False,True,True,2
us_philly_fed_level|robustz|w60,us_survey,us_philly_fed,level,0,M,21,robustz,60,ongap,2,-1,1.5284699690966532,0.27129171852141626,0.39795738302344646,0.4347310797606944,0.6121751065990566,0.7,-0.5464305621528273,10,0.07448364721229371,0.0370363676611612,0.4456177199969034,-8.944036080519233,1219,9.822727522763811,98.92424921559838,2231,2017-05-16,2026-09-01,True,True,True,True,4
us_philly_fed_level|robustz|w120,us_survey,us_philly_fed,level,0,M,21,robustz,120,c2c,2,1,0.24261168112726716,-0.27641684405410444,0.09952030474242267,0.11194822592539254,0.14685790707434687,0.52,-1.8504445895457247,25,-0.0726943132319664,-0.01020059550109115,0.5298392401789752,-59.27110775911352,4568,8.182957349763416,99.20974646032269,6074,2001-12-31,2026-09-01,False,False,True,True,2
us_philly_fed_level|robustz|w120,us_survey,us_philly_fed,level,0,M,21,robustz,120,day,2,1,0.3102445781809561,0.26909716557665947,0.29725627188010495,0.3129478465472631,0.4978961119924635,0.72,-1.0400218790410194,25,-0.09047842706171418,-0.01020059550109115,0.5298392401789752,-38.637635840590974,3078,8.182957349763416,99.20974646032269,6074,2001-12-31,2026-09-01,False,True,True,True,3
us_philly_fed_level|robustz|w120,us_survey,us_philly_fed,level,0,M,21,robustz,120,o2o,2,1,0.1673799400270762,-0.38715543026437654,0.019953888251877664,0.031497161276548336,0.09432078768754325,0.52,-1.854637437742873,25,-0.0900372157531867,-0.01020059550109115,0.5298392401789752,-74.76046391798309,4562,8.182957349763416,99.20974646032269,6074,2001-12-31,2026-09-01,False,False,True,True,2
us_philly_fed_level|robustz|w120,us_survey,us_philly_fed,level,0,M,21,robustz,120,ongap,2,-1,1.3386311479433188,-0.12755100062138403,0.053622032602591685,0.08247917214428575,0.10125867049865206,0.4,-0.7354650004132522,10,-0.0012154537239937387,0.041738194483366256,0.5215629808812953,-14.561445113019733,1544,9.027265244343637,99.29328621908127,2264,2017-05-16,2026-09-01,False,False,True,True,2
us_philly_fed_level|robustz|w252,us_survey,us_philly_fed,level,0,M,21,robustz,252,c2c,2,1,0.14996192548838244,0.35753888253549077,0.21408590439034922,0.22231667251580334,0.2091766405848952,0.72,-1.8769054465834576,25,0.004142159454728815,0.0034692039267903247,0.648628887927208,-63.60747124758692,3156,6.547815831440417,99.24267923258162,5942,2002-07-18,2026-09-01,False,True,True,True,3
us_philly_fed_level|robustz|w252,us_survey,us_philly_fed,level,0,M,21,robustz,252,day,2,1,0.28102227931300333,0.5286954609891468,0.34390353588888234,0.35477786043887355,0.4801789521709917,0.68,-1.443643621194542,25,0.0010120225304023273,0.0034692039267903247,0.648628887927208,-32.28947764318691,2120,6.547815831440417,99.24267923258162,5942,2002-07-18,2026-09-01,False,True,True,True,3
us_philly_fed_level|robustz|w252,us_survey,us_philly_fed,level,0,M,21,robustz,252,o2o,2,1,0.10549105533987947,0.195904226008675,0.13305607565816624,0.14124051640768734,0.17346560151783644,0.68,-1.9154396016906825,25,0.027557708075934603,0.0034692039267903247,0.648628887927208,-62.11522656257175,5092,6.547815831440417,99.24267923258162,5942,2002-07-18,2026-09-01,False,True,True,True,3
us_philly_fed_level|robustz|w252,us_survey,us_philly_fed,level,0,M,21,robustz,252,ongap,2,-1,1.4657173458729,-0.5311805936897844,-0.3282680810365544,-0.30626359857408914,-0.23868071501808596,0.3,-1.3895062939702687,10,0.006433454055821773,0.007335574947242133,0.6140798152384049,-25.871991904803625,1520,8.16751991488567,99.69081272084806,2264,2017-05-16,2026-09-01,False,False,True,True,2
us_philly_fed_level|bdtanh|w60,us_survey,us_philly_fed,level,0,M,21,bdtanh,60,c2c,2,1,0.2606543084506554,-0.12032245000370023,0.15271671112743257,0.1675462207309214,0.16535593795186537,0.5384615384615384,-1.4611594015192042,26,-0.0227069198551789,0.007638507620747031,0.6837999014770237,-80.37020419052345,4677,11.56118879796937,99.7566120395911,6163,2001-08-21,2026-09-01,False,False,True,True,2
us_philly_fed_level|bdtanh|w60,us_survey,us_philly_fed,level,0,M,21,bdtanh,60,day,2,1,0.3321047256175302,0.26023899268936257,0.3119971819801303,0.3310070765360538,0.48275313922598656,0.6923076923076923,-1.027805895368095,26,-0.024144756704763397,0.007638507620747031,0.6837999014770237,-37.10181605665025,2381,11.56118879796937,99.7566120395911,6163,2001-08-21,2026-09-01,False,True,True,True,3
us_philly_fed_level|bdtanh|w60,us_survey,us_philly_fed,level,0,M,21,bdtanh,60,o2o,2,1,0.16376310439748434,-0.23177922604757364,0.05669443147512946,0.0706887381431848,0.10694691213141462,0.5384615384615384,-1.1857491653992072,26,-0.02314949586985449,0.007638507620747031,0.6837999014770237,-91.17059153632609,4677,11.56118879796937,99.7566120395911,6163,2001-08-21,2026-09-01,False,False,True,True,2
us_philly_fed_level|bdtanh|w60,us_survey,us_philly_fed,level,0,M,21,bdtanh,60,ongap,2,-1,1.209735643757643,0.017447651971784783,0.15934102749142723,0.19184817543394772,0.26070729256296143,0.6,-0.9375818793669796,10,-0.07772635672228043,0.021171658407570976,0.684090676479394,-11.158254909812465,1105,11.877629859298457,99.82332155477032,2264,2017-05-16,2026-09-01,False,False,True,True,2
us_philly_fed_level|bdtanh|w120,us_survey,us_philly_fed,level,0,M,21,bdtanh,120,c2c,2,1,0.08284320838463083,-0.09870585144805433,0.02961681414777023,0.040501248611758765,0.00904920430143696,0.5769230769230769,-1.6469745013082493,26,0.0009952944109415315,0.009102895000388286,0.657726014390531,-69.77607737036809,5370,8.436031742260566,99.5923691504973,6133,2001-10-08,2026-09-01,False,False,True,True,2
us_philly_fed_level|bdtanh|w120,us_survey,us_philly_fed,level,0,M,21,bdtanh,120,day,2,1,0.05742025355693128,0.22196788644885193,0.09707015990873143,0.11101660333849318,0.200699182794732,0.5769230769230769,-1.603240131303012,26,-0.019716826643150113,0.009102895000388286,0.657726014390531,-59.92767552954612,4694,8.436031742260566,99.5923691504973,6133,2001-10-08,2026-09-01,False,False,True,True,2
us_philly_fed_level|bdtanh|w120,us_survey,us_philly_fed,level,0,M,21,bdtanh,120,o2o,2,1,0.08611949119813168,-0.2541124878387526,-0.009337656234780568,0.0010402208899435502,0.03650949171248742,0.5384615384615384,-1.311889322765083,26,-0.011777674083785885,0.009102895000388286,0.657726014390531,-67.3310379821869,5369,8.436031742260566,99.5923691504973,6133,2001-10-08,2026-09-01,False,False,True,True,2
us_philly_fed_level|bdtanh|w120,us_survey,us_philly_fed,level,0,M,21,bdtanh,120,ongap,2,-1,1.5904940252156223,-0.20774426487971998,-0.02964946021423845,-0.0023725517975499654,0.06779061943436245,0.4,-1.0956472811704572,10,-0.11434452073507144,0.04642267785433273,0.6464642310108002,-14.166729368565731,1520,9.913312386979241,99.69081272084806,2264,2017-05-16,2026-09-01,False,False,True,True,2
us_philly_fed_level|bdtanh|w252,us_survey,us_philly_fed,level,0,M,21,bdtanh,252,c2c,2,1,0.044187869038409724,0.15864767014597145,0.07927170082514026,0.08812425909944423,0.12128666055177124,0.56,-2.057806432748925,25,0.015155363182757904,-0.004193283237966353,0.661161138518072,-71.25403008811826,4997,6.900153061734027,99.43959123125103,6067,2002-01-10,2026-09-01,False,False,True,True,2
us_philly_fed_level|bdtanh|w252,us_survey,us_philly_fed,level,0,M,21,bdtanh,252,day,2,1,0.11206985639881613,0.323277530293324,0.16566939478285386,0.17719716106194489,0.31897851436696506,0.64,-1.1095110037166176,25,0.001263018605403679,-0.004193283237966353,0.661161138518072,-53.49338539381221,4806,6.900153061734027,99.43959123125103,6067,2002-01-10,2026-09-01,False,False,True,True,2
us_philly_fed_level|bdtanh|w252,us_survey,us_philly_fed,level,0,M,21,bdtanh,252,o2o,2,1,0.014196243354881816,-0.013213904343833705,0.006059271206414515,0.014679981126829836,0.06095281209994824,0.52,-2.0841881454333606,25,0.0066106764797357965,-0.004193283237966353,0.661161138518072,-68.16175363000066,4996,6.900153061734027,99.43959123125103,6067,2002-01-10,2026-09-01,False,False,True,True,2
us_philly_fed_level|bdtanh|w252,us_survey,us_philly_fed,level,0,M,21,bdtanh,252,ongap,2,-1,1.3897610259922402,-0.4354214417048585,-0.23131131271851088,-0.2084336812606656,-0.14607768444093766,0.4,-1.4056190419550112,10,-0.06990466082297997,0.06422092859539684,0.6698874235228994,-19.8400776255069,1520,8.450650470139193,99.42579505300353,2264,2017-05-16,2026-09-01,False,False,True,True,2
us_philly_fed_level|rankc|w60,us_survey,us_philly_fed,level,0,M,21,rankc,60,c2c,2,1,0.3705435771354161,0.13969183828553117,0.3019630218222571,0.3188734735865144,0.29989524457844313,0.6153846153846154,-1.4617861343851504,26,-0.004534891952804107,0.01819135285401931,0.643316557761007,-50.05662614741587,4584,12.949470013267211,99.43209475904592,6163,2001-08-21,2026-09-01,False,False,True,True,2
us_philly_fed_level|rankc|w60,us_survey,us_philly_fed,level,0,M,21,rankc,60,day,2,1,0.44815815059506464,0.36344547626963786,0.4240902333382691,0.44578859841110713,0.5579227881891623,0.7307692307692307,-1.0897901842928004,26,-0.003630681031308912,0.01819135285401931,0.643316557761007,-30.19988113049602,1237,12.949470013267211,99.43209475904592,6163,2001-08-21,2026-09-01,False,True,True,True,3
us_philly_fed_level|rankc|w60,us_survey,us_philly_fed,level,0,M,21,rankc,60,o2o,2,1,0.2600213813653174,0.06333007448886326,0.20444739865912423,0.22052773988611712,0.2505495678433976,0.6153846153846154,-1.1495570019582193,26,0.0007872058930739481,0.01819135285401931,0.643316557761007,-58.32827105135237,4669,12.949470013267211,99.43209475904592,6163,2001-08-21,2026-09-01,False,False,True,True,2
us_philly_fed_level|rankc|w60,us_survey,us_philly_fed,level,0,M,21,rankc,60,ongap,2,-1,0.9423005017514634,-0.16069377135623986,-0.058318548418025584,-0.020889025121048933,0.012813298232785821,0.5,-1.0559628832189831,10,0.019872113301824576,-0.0015124441353108877,0.6281309921075762,-14.91471261958587,527,14.006598002249415,99.69081272084806,2264,2017-05-16,2026-09-01,False,False,True,True,2
us_philly_fed_level|rankc|w120,us_survey,us_philly_fed,level,0,M,21,rankc,120,c2c,2,1,0.18566148760911058,0.09713019260331654,0.15951344558857375,0.1728656322865446,0.1895476127630675,0.5,-1.2533775847449418,26,0.0035273463002863372,0.01622498104144555,0.6421739747372038,-69.5835057381105,5300,10.111446349649299,99.51084298059676,6133,2001-10-08,2026-09-01,False,False,True,True,2
us_philly_fed_level|rankc|w120,us_survey,us_philly_fed,level,0,M,21,rankc,120,day,2,1,0.22659839857173483,0.32917188360651406,0.2500606513286969,0.2671748657208098,0.4082325174466861,0.6153846153846154,-0.9966696521245361,26,-0.014101089433177923,0.01622498104144555,0.6421739747372038,-46.35085458819065,2995,10.111446349649299,99.51084298059676,6133,2001-10-08,2026-09-01,False,False,True,True,2
us_philly_fed_level|rankc|w120,us_survey,us_philly_fed,level,0,M,21,rankc,120,o2o,2,1,0.16857013137519544,-0.05063171385610616,0.10643679123206937,0.11919677969790109,0.17744668443005623,0.6153846153846154,-1.2682284972133941,26,-0.005843626020333319,0.01622498104144555,0.6421739747372038,-64.33743888678885,5369,10.111446349649299,99.51084298059676,6133,2001-10-08,2026-09-01,False,False,True,True,2
us_philly_fed_level|rankc|w120,us_survey,us_philly_fed,level,0,M,21,rankc,120,ongap,2,-1,1.1607076357207264,-0.2554614004948374,-0.10674745844249364,-0.07556055417976214,-0.08389123019121786,0.5,-1.1404414309289344,10,-0.08743154371950576,0.030845495971126523,0.6293866805006908,-14.25152529806647,1520,11.271369563751398,99.55830388692578,2264,2017-05-16,2026-09-01,False,False,True,True,2
us_philly_fed_level|rankc|w252,us_survey,us_philly_fed,level,0,M,21,rankc,252,c2c,2,1,0.06916087721510478,0.18877786471642466,0.10513167962651611,0.11510894647505852,0.12557631417852888,0.6,-1.6368344050211658,25,0.005807573323499802,0.0019116373546494742,0.6641832182360606,-67.35686103255858,4997,7.8629780334813395,99.52200428547881,6067,2002-01-10,2026-09-01,False,False,True,True,2
us_philly_fed_level|rankc|w252,us_survey,us_philly_fed,level,0,M,21,rankc,252,day,2,1,0.19743441496796788,0.3565683041901969,0.23599198330692753,0.24889087442984983,0.40839182112582156,0.68,-1.4710831804745417,25,-0.013555823558036443,0.0019116373546494742,0.6641832182360606,-49.42297701338465,4157,7.8629780334813395,99.52200428547881,6067,2002-01-10,2026-09-01,False,True,True,True,3
us_philly_fed_level|rankc|w252,us_survey,us_philly_fed,level,0,M,21,rankc,252,o2o,2,1,0.02895899165896269,0.03420895457525346,0.03048119090705984,0.04016162249899597,0.07251192035057505,0.56,-1.4718358891006862,25,-0.001503096900052703,0.0019116373546494742,0.6641832182360606,-66.15442945519318,4996,7.8629780334813395,99.52200428547881,6067,2002-01-10,2026-09-01,False,False,True,True,2
us_philly_fed_level|rankc|w252,us_survey,us_philly_fed,level,0,M,21,rankc,252,ongap,2,-1,1.1615895418461883,-0.3304785973077327,-0.1574718674072738,-0.1319620176550566,-0.1317156640066632,0.4,-1.3247680751766946,10,-0.09642780088890306,0.05529140513844333,0.6575474276018315,-17.233751609186246,1520,9.473726694147684,99.33745583038869,2264,2017-05-16,2026-09-01,False,False,True,True,2
us_philly_fed_level|signth|w60,us_survey,us_philly_fed,level,0,M,21,signth,60,c2c,2,1,0.11077101294222515,-0.08222098571093225,0.057885194344944796,0.07217676645705333,0.08096954856797277,0.5,-1.6208188423351246,26,-0.00955253411172655,0.0066634587490475615,0.6755174587117326,-84.23589503665092,4677,11.109970026921225,99.28940568475451,6192,2001-07-10,2026-09-01,False,False,True,True,2
us_philly_fed_level|signth|w60,us_survey,us_philly_fed,level,0,M,21,signth,60,day,2,1,0.16955191544200748,0.25233592033930535,0.18597358893961727,0.20417172907333078,0.30226450885851686,0.6153846153846154,-1.2818967401103147,26,-0.012144050135401223,0.0066634587490475615,0.6755174587117326,-41.37523623532785,2564,11.109970026921225,99.28940568475451,6192,2001-07-10,2026-09-01,False,False,True,True,2
us_philly_fed_level|signth|w60,us_survey,us_philly_fed,level,0,M,21,signth,60,o2o,2,1,0.030480114398236446,-0.2284757036744932,-0.036830877369178096,-0.023385519665689896,0.02788533985497219,0.46153846153846156,-1.1952251187759464,26,-0.009797312475067283,0.0066634587490475615,0.6755174587117326,-97.08182786330343,4677,11.109970026921225,99.28940568475451,6192,2001-07-10,2026-09-01,False,False,True,True,2
us_philly_fed_level|signth|w60,us_survey,us_philly_fed,level,0,M,21,signth,60,ongap,2,-1,1.3533750613529538,0.03823500379403408,0.21968489076758868,0.24973418557007712,0.2608723626585799,0.7,-1.0432058959905477,10,-0.10923003080941351,0.017844116321211242,0.6708117463417401,-11.07341795330991,570,10.986384747761408,98.93992932862191,2264,2017-05-16,2026-09-01,False,True,True,True,3
us_philly_fed_level|signth|w120,us_survey,us_philly_fed,level,0,M,21,signth,120,c2c,2,-1,0.022320809201868724,0.2353540229401885,0.08150902387642132,0.0917445370701148,0.11715876518778323,0.5,-1.6808556509926422,26,0.008606443983066389,-0.001629594166798641,0.6770442276547837,-57.74295626883757,2735,8.116610492677857,99.70930232558139,6192,2001-07-10,2026-09-01,False,False,True,True,2
us_philly_fed_level|signth|w120,us_survey,us_philly_fed,level,0,M,21,signth,120,day,2,-1,0.10794657294768037,-0.09978990109835519,0.06011281438193622,0.07298939264031118,-0.03660026558151247,0.5,-1.4706800541526204,26,0.018336723370625876,-0.001629594166798641,0.6770442276547837,-54.755331456182844,2770,8.116610492677857,99.70930232558139,6192,2001-07-10,2026-09-01,False,False,True,True,2
us_philly_fed_level|signth|w120,us_survey,us_philly_fed,level,0,M,21,signth,120,o2o,2,-1,0.06536170749308454,0.3791763647957396,0.14670904230432885,0.156378314098763,0.14246447581604055,0.4230769230769231,-1.8798740601532695,26,0.029254595419908686,-0.001629594166798641,0.6770442276547837,-53.52969429921258,2716,8.116610492677857,99.70930232558139,6192,2001-07-10,2026-09-01,False,False,True,True,2
us_philly_fed_level|signth|w120,us_survey,us_philly_fed,level,0,M,21,signth,120,ongap,2,-1,1.673058336726215,-0.16815500217042514,0.023112114596180254,0.04839723154773041,0.25151386933030684,0.6,-1.037042063965601,10,-0.016387887835226274,0.04502010532837465,0.6593675161694719,-14.865269707640147,1520,9.14933556382578,99.77915194346289,2264,2017-05-16,2026-09-01,False,False,True,True,2
us_philly_fed_level|signth|w252,us_survey,us_philly_fed,level,0,M,21,signth,252,c2c,2,-1,0.19643560454905362,-0.284873155149918,0.05187051897260561,0.059203430079091866,0.06260781190231163,0.5,-1.46409306635478,26,-0.002996518086284545,-0.011390804969067308,0.6817475613053887,-68.78597790798406,2657,5.925554430220273,99.74958263772955,5990,2001-10-15,2026-09-01,False,False,True,True,2
us_philly_fed_level|signth|w252,us_survey,us_philly_fed,level,0,M,21,signth,252,day,2,-1,0.07785167236951754,-0.3710593226574508,-0.03246334298355909,-0.022949633109172543,-0.07279521036498256,0.5,-1.4547302171690806,26,-0.002202076020952079,-0.011390804969067308,0.6817475613053887,-44.27782868755761,3238,5.925554430220273,99.74958263772955,5990,2001-10-15,2026-09-01,False,False,True,True,2
us_philly_fed_level|signth|w252,us_survey,us_philly_fed,level,0,M,21,signth,252,o2o,2,-1,0.1538546543173515,-0.13961206632838527,0.06927109088153052,0.07642018569217349,0.058657245450750045,0.46153846153846156,-1.420941958481144,26,-0.013051023044184824,-0.011390804969067308,0.6817475613053887,-64.29492968355126,1744,5.925554430220273,99.74958263772955,5990,2001-10-15,2026-09-01,False,False,True,True,2
us_philly_fed_level|signth|w252,us_survey,us_philly_fed,level,0,M,21,signth,252,ongap,2,-1,2.1136429136517187,-0.6063902686343822,-0.30239279619716747,-0.28326547440876715,-0.1748901112773079,0.2,-1.6988312073222847,10,0.034169302519525935,0.042167873528084376,0.696604992826628,-28.982468405280244,1433,7.6282764895715465,100.0,2177,2017-05-16,2026-09-01,False,False,True,True,2
us_philly_fed_level|dev|w60,us_survey,us_philly_fed,level,0,M,21,dev,60,c2c,2,1,0.22941677451966572,-0.16615353114509868,0.1155127248241956,0.1296083066003478,0.09070612275196757,0.5769230769230769,-2.024089672971402,26,-0.04439067091084373,-0.006972737968105046,0.5858495960331896,-91.87796106642728,4677,10.370793875372499,99.17248093460977,6163,2001-08-21,2026-09-01,False,False,True,True,2
us_philly_fed_level|dev|w60,us_survey,us_philly_fed,level,0,M,21,dev,60,day,2,1,0.17707565152331894,0.2864969406995314,0.20104364836667693,0.21903236166287524,0.3204736001332902,0.6538461538461539,-1.5722289706497483,26,-0.05919201072525176,-0.006972737968105046,0.5858495960331896,-57.73336796095374,4671,10.370793875372499,99.17248093460977,6163,2001-08-21,2026-09-01,False,True,True,True,3
us_philly_fed_level|dev|w60,us_survey,us_philly_fed,level,0,M,21,dev,60,o2o,2,1,0.1407554696269625,-0.2865972681790799,0.024117818669202734,0.0372553054045279,0.039055811305593574,0.5,-1.4726713373801945,26,-0.047651377087533385,-0.006972737968105046,0.5858495960331896,-102.65759958546477,4677,10.370793875372499,99.17248093460977,6163,2001-08-21,2026-09-01,False,False,True,True,2
us_philly_fed_level|dev|w60,us_survey,us_philly_fed,level,0,M,21,dev,60,ongap,2,-1,1.339789126092367,-0.07042559718299425,0.10487343686204764,0.13610852600917195,0.2552980979279365,0.6,-0.9146937370182869,10,-0.016840191511105534,0.034940108357412604,0.5749948735400046,-12.636435756963383,1520,11.104733310352737,98.98409893992934,2264,2017-05-16,2026-09-01,False,False,True,True,2
us_philly_fed_level|dev|w120,us_survey,us_philly_fed,level,0,M,21,dev,120,c2c,2,1,0.06972704989887073,-0.046932083637011734,0.03588826950216331,0.046394708821707195,0.03656418027088852,0.5384615384615384,-1.570301207396301,26,-0.036573386947533676,-0.007313323805356413,0.6071297224218154,-77.64965310207488,5485,8.055377179931861,99.23365400293494,6133,2001-10-08,2026-09-01,False,False,True,True,2
us_philly_fed_level|dev|w120,us_survey,us_philly_fed,level,0,M,21,dev,120,day,2,1,-0.0030036590084059358,0.2527342832421978,0.0583893248861707,0.07183522551645623,0.21681585842882878,0.6153846153846154,-1.4500492688261948,26,-0.06001188021559808,-0.007313323805356413,0.6071297224218154,-63.58978307731176,5439,8.055377179931861,99.23365400293494,6133,2001-10-08,2026-09-01,False,False,True,True,2
us_philly_fed_level|dev|w120,us_survey,us_philly_fed,level,0,M,21,dev,120,o2o,2,1,0.08303780376595232,-0.20179659955743884,0.0037402270650728356,0.013675146390643118,0.07006535222499163,0.5384615384615384,-1.4042402872835895,26,-0.04530885754395074,-0.007313323805356413,0.6071297224218154,-79.52698632330237,5438,8.055377179931861,99.23365400293494,6133,2001-10-08,2026-09-01,False,False,True,True,2
us_philly_fed_level|dev|w120,us_survey,us_philly_fed,level,0,M,21,dev,120,ongap,2,-1,1.7701549222840152,-0.27911568236071554,-0.09556690937888121,-0.06875088649794248,0.10329610768603692,0.4,-1.2102115873404808,10,-0.05862376657339314,0.061372903768708895,0.5836945568681664,-17.808029039397766,1520,9.473770885034048,98.54240282685512,2264,2017-05-16,2026-09-01,False,False,True,True,2
us_philly_fed_level|dev|w252,us_survey,us_philly_fed,level,0,M,21,dev,252,c2c,2,1,0.030045672443450216,0.20282413743994218,0.08270778242884258,0.09083798488212472,0.08485844808248816,0.52,-1.7098713245922788,25,-0.02622859720142197,-0.021556720163866647,0.6587309545572669,-68.42958452271606,5085,6.5162946258582926,99.50552167463326,6067,2002-01-10,2026-09-01,False,False,True,True,2
us_philly_fed_level|dev|w252,us_survey,us_philly_fed,level,0,M,21,dev,252,day,2,1,0.07513768006009779,0.3260220427174724,0.1381038664142447,0.14857980721091993,0.23656817494748678,0.6,-1.5477621059509528,25,-0.0396447203986446,-0.021556720163866647,0.6587309545572669,-52.229652480338274,5249,6.5162946258582926,99.50552167463326,6067,2002-01-10,2026-09-01,False,False,True,True,2
us_philly_fed_level|dev|w252,us_survey,us_philly_fed,level,0,M,21,dev,252,o2o,2,1,0.003674258086611527,0.04350227934533544,0.015292111022379637,0.023101198551519896,0.04958436215843629,0.52,-1.8605075290569604,25,-0.03616681534972963,-0.021556720163866647,0.6587309545572669,-71.28262585442864,5438,6.5162946258582926,99.50552167463326,6067,2002-01-10,2026-09-01,False,False,True,True,2
us_philly_fed_level|dev|w252,us_survey,us_philly_fed,level,0,M,21,dev,252,ongap,2,-1,1.3073527305650987,-0.49522375806526336,-0.32081098292688165,-0.2999536727249581,-0.21794870434016164,0.2,-1.4864476390295525,10,-0.026541593380835306,0.08413544712703941,0.6523054646654268,-24.472696505364567,1520,7.82322216711993,99.51413427561837,2264,2017-05-16,2026-09-01,False,False,True,True,2
us_stlfsi_level|selfz|w60,risk,us_stlfsi,level,0,W,7,selfz,60,c2c,2,-1,0.023831092052057187,0.1815586113231367,0.06790446750087728,0.09934797794262512,0.040844590211109665,0.5,-1.2349291185565328,26,-0.07071189501378958,0.0494975984355315,0.5690094303657031,-57.06555233665833,3549,23.125694886217445,99.20493266266429,6163,2001-08-21,2026-09-01,False,False,True,True,2
us_stlfsi_level|selfz|w60,risk,us_stlfsi,level,0,W,7,selfz,60,day,2,1,-0.009846760887852557,-0.5702948421763249,-0.14008916031598778,-0.09950629233128014,-0.21277205525708812,0.34615384615384615,-1.7386997831448008,26,0.06289312865179261,-0.0494975984355315,0.5690094303657031,-50.190118276124785,4750,23.125694886217445,99.20493266266429,6163,2001-08-21,2026-09-01,False,False,True,True,2
us_stlfsi_level|selfz|w60,risk,us_stlfsi,level,0,W,7,selfz,60,o2o,2,-1,0.09047560457346318,0.30957808453366603,0.14675287291257946,0.17706435345379676,0.07222072580004317,0.5384615384615384,-1.6761696386116933,26,-0.0951600220378276,0.0494975984355315,0.5690094303657031,-63.08931549453048,3549,23.125694886217445,99.20493266266429,6163,2001-08-21,2026-09-01,False,False,True,True,2
us_stlfsi_level|selfz|w60,risk,us_stlfsi,level,0,W,7,selfz,60,ongap,2,1,0.5278072262120543,0.11425767430594941,0.17339541566563965,0.2376609696513564,0.24001139715347433,0.5,-0.9938174872823986,10,-0.026898397791945784,-0.04603797486945822,0.5594718698952205,-10.097512338301984,1390,22.3916140634586,99.16077738515902,2264,2017-05-16,2026-09-01,False,False,True,True,2
us_stlfsi_level|selfz|w120,risk,us_stlfsi,level,0,W,7,selfz,120,c2c,2,-1,0.028980703699707122,0.3949475802537909,0.13605756339610603,0.16016339070214236,0.04622734789566058,0.5,-1.9665609537544988,26,-0.041501436731664086,0.06901311089775145,0.5769554421900415,-62.32759693839135,3044,17.75273657955646,99.26626447089517,6133,2001-10-08,2026-09-01,False,False,True,True,2
us_stlfsi_level|selfz|w120,risk,us_stlfsi,level,0,W,7,selfz,120,day,2,1,0.10112395437829515,-0.545661521597324,-0.05910916791962596,-0.027617238108184713,-0.058486918473506413,0.46153846153846156,-1.5180030395815092,26,0.0257747962894658,-0.06901311089775145,0.5769554421900415,-49.38427520495245,1808,17.75273657955646,99.26626447089517,6133,2001-10-08,2026-09-01,False,False,True,True,2
us_stlfsi_level|selfz|w120,risk,us_stlfsi,level,0,W,7,selfz,120,o2o,2,-1,0.10629424647333939,0.5034408330460557,0.21498724578845338,0.23835229081687329,0.12971609253112698,0.5384615384615384,-1.8429663817562691,26,-0.057909160911167205,0.06901311089775145,0.5769554421900415,-54.61477532388061,3479,17.75273657955646,99.26626447089517,6133,2001-10-08,2026-09-01,False,False,True,True,2
us_stlfsi_level|selfz|w120,risk,us_stlfsi,level,0,W,7,selfz,120,ongap,2,1,0.6986466846480061,-0.0871363836567807,0.02596404954567438,0.07358621138286825,0.014777227478658317,0.4,-1.9610830046092016,10,-0.09752462325097533,-0.05757773387750727,0.5681358986064736,-13.156257833562146,1578,17.438279506180784,99.46996466431095,2264,2017-05-16,2026-09-01,False,False,True,True,2
us_stlfsi_level|selfz|w252,risk,us_stlfsi,level,0,W,7,selfz,252,c2c,2,-1,0.06353572116066276,0.5197617763326002,0.19581455614876178,0.21431387354115153,0.13175701086512426,0.56,-2.0832638387403226,25,-0.03315805442024694,0.08526086956892533,0.6125818477251669,-62.79655098701472,3473,14.399361260659113,99.42310862040547,6067,2002-01-10,2026-09-01,False,False,True,True,2
us_stlfsi_level|selfz|w252,risk,us_stlfsi,level,0,W,7,selfz,252,day,2,1,0.00963662453032999,-0.5002167797544338,-0.11521859159945413,-0.09134780833808827,-0.13323215132244445,0.36,-1.7664566529508134,25,0.014186217698711522,-0.08526086956892533,0.6125818477251669,-47.72031136075378,3540,14.399361260659113,99.42310862040547,6067,2002-01-10,2026-09-01,False,False,True,True,2
us_stlfsi_level|selfz|w252,risk,us_stlfsi,level,0,W,7,selfz,252,o2o,2,-1,0.08471439089610466,0.6040120221572438,0.227662106172986,0.24560293249745732,0.13197857119548886,0.56,-2.4718828133538553,25,-0.03313527802762042,0.08526086956892533,0.6125818477251669,-62.05947289117927,3836,14.399361260659113,99.42310862040547,6067,2002-01-10,2026-09-01,False,False,True,True,2
us_stlfsi_level|selfz|w252,risk,us_stlfsi,level,0,W,7,selfz,252,ongap,2,1,0.7884599097248901,-0.356585893622419,-0.1992318251816909,-0.1564918991356345,-0.15213245237850023,0.6,-2.0577961525565764,10,-0.051796746100162785,-0.07023710242014523,0.5798820535999992,-20.026061822620463,1578,15.184473466492557,99.51413427561837,2264,2017-05-16,2026-09-01,False,False,True,True,2
us_stlfsi_level|robustz|w60,risk,us_stlfsi,level,0,W,7,robustz,60,c2c,2,1,0.004519697592489192,-0.3303411768696905,-0.09198187320941417,-0.06182488010993561,-0.16386314193702872,0.46153846153846156,-2.2320761763595973,26,0.01114790474972356,-0.06571531467390526,0.4972501698990811,-65.9809899117556,4403,19.698521786869275,99.08705575480926,6134,2001-10-05,2026-09-01,False,False,True,True,2
us_stlfsi_level|robustz|w60,risk,us_stlfsi,level,0,W,7,robustz,60,day,2,1,0.161963567039453,-0.5623947516491921,-0.012967854520213613,0.02573468265813138,-0.13354905086552457,0.38461538461538464,-1.7024600846728106,26,0.000815851019970263,-0.06571531467390526,0.4972501698990811,-42.7806854351349,1850,19.698521786869275,99.08705575480926,6134,2001-10-05,2026-09-01,False,False,True,True,2
us_stlfsi_level|robustz|w60,risk,us_stlfsi,level,0,W,7,robustz,60,o2o,2,-1,-0.006494354632000554,0.4346358809995789,0.1089476040650462,0.13764303749398346,0.1343635550801844,0.46153846153846156,-1.5816116527717208,26,-0.04250814416585355,0.06571531467390526,0.4972501698990811,-54.40867655318946,3549,19.698521786869275,99.08705575480926,6134,2001-10-05,2026-09-01,False,False,True,True,2
us_stlfsi_level|robustz|w60,risk,us_stlfsi,level,0,W,7,robustz,60,ongap,2,1,0.3041278497922701,0.13766727063119888,0.15881599207116584,0.219078977242861,0.20543245039275462,0.7,-1.1263746198622735,10,-0.032343790778134006,-0.055081433762694997,0.47766266711043776,-7.2841781427121335,1354,18.73249095582865,99.1166077738516,2264,2017-05-16,2026-09-01,False,True,True,True,3
us_stlfsi_level|robustz|w120,risk,us_stlfsi,level,0,W,7,robustz,120,c2c,2,1,-0.009803205363761617,-0.3071608184665759,-0.09625393200608308,-0.07458904933025912,-0.0849700365911048,0.48,-2.3060191600667683,25,0.041219936650094616,-0.05945893834490516,0.5561725699536674,-65.4783961820111,4407,15.714399769032052,99.24267369114258,6074,2001-12-31,2026-09-01,False,False,True,True,2
us_stlfsi_level|robustz|w120,risk,us_stlfsi,level,0,W,7,robustz,120,day,2,1,0.19176599671890956,-0.3913700271430329,0.04826854429419342,0.07649266533129756,-0.02881009250676367,0.52,-1.5550683943560017,25,0.026995250956626082,-0.05945893834490516,0.5561725699536674,-38.495202260423554,1809,15.714399769032052,99.24267369114258,6074,2001-12-31,2026-09-01,False,False,True,True,2
us_stlfsi_level|robustz|w120,risk,us_stlfsi,level,0,W,7,robustz,120,o2o,2,-1,0.0005604059883078916,0.39983064361912624,0.1097807268919856,0.13077635490867645,0.06256063215945033,0.52,-1.9565368824623786,25,-0.05351032918440909,0.05945893834490516,0.5561725699536674,-58.53404145022536,3648,15.714399769032052,99.24267369114258,6074,2001-12-31,2026-09-01,False,False,True,True,2
us_stlfsi_level|robustz|w120,risk,us_stlfsi,level,0,W,7,robustz,120,ongap,2,1,0.9852747487739081,-0.020977021518587022,0.11195692639995995,0.15631061337867988,0.1353343915924435,0.5,-2.2364549048007616,10,-0.08036740172710713,-0.025090210406958552,0.5433000034421486,-11.19035855584069,1578,15.552683764261394,99.02826855123675,2264,2017-05-16,2026-09-01,False,False,True,True,2
us_stlfsi_level|robustz|w252,risk,us_stlfsi,level,0,W,7,robustz,252,c2c,2,1,0.007696609709648217,-0.3298751848128285,-0.09419752235832822,-0.07657651166070238,-0.06761943965696181,0.44,-2.0444625889146355,25,0.07523834619340543,-0.017359772140844183,0.625031476483855,-54.57752734867749,1870,13.410394824738376,99.47829013800067,5942,2002-07-18,2026-09-01,False,False,True,True,2
us_stlfsi_level|robustz|w252,risk,us_stlfsi,level,0,W,7,robustz,252,day,2,1,0.19422695983179258,-0.4911987964663309,0.01516078002068221,0.03853662943613846,-0.03648214936183154,0.36,-1.6369424546732771,25,0.0693938345893768,-0.017359772140844183,0.625031476483855,-44.781007388244234,1337,13.410394824738376,99.47829013800067,5942,2002-07-18,2026-09-01,False,False,True,True,2
us_stlfsi_level|robustz|w252,risk,us_stlfsi,level,0,W,7,robustz,252,o2o,2,1,0.034309536391682716,-0.42335650942462977,-0.10088823116025555,-0.08328458924754045,-0.049201830737071225,0.48,-1.9099627621183963,25,0.06408547956546908,-0.017359772140844183,0.625031476483855,-61.5417650946384,1820,13.410394824738376,99.47829013800067,5942,2002-07-18,2026-09-01,False,False,True,True,2
us_stlfsi_level|robustz|w252,risk,us_stlfsi,level,0,W,7,robustz,252,ongap,2,1,0.9057414920227433,-0.2367076318316652,-0.06491723022443276,-0.02668735935509312,0.04223955574115316,0.5,-2.2118103397147806,10,-0.036092084065744275,0.027864283308280877,0.592826903299838,-16.249520100286936,1578,13.82367543294214,99.60247349823321,2264,2017-05-16,2026-09-01,False,False,True,True,2
us_stlfsi_level|bdtanh|w60,risk,us_stlfsi,level,0,W,7,bdtanh,60,c2c,2,-1,0.07249263914307816,0.1514219611856604,0.09457742874986601,0.12338225714638287,0.054379364143780695,0.46153846153846156,-1.1092763979136935,26,-0.10057317956682552,0.04459768122364817,0.6436919424997894,-54.748448230823286,3549,22.875486483366313,99.6430309914003,6163,2001-08-21,2026-09-01,False,False,True,True,2
us_stlfsi_level|bdtanh|w60,risk,us_stlfsi,level,0,W,7,bdtanh,60,day,2,-1,-0.03433250638478499,0.4448946805366842,0.07781715870541744,0.11491146749838853,0.12478770744799947,0.6153846153846154,-1.593445331602135,26,-0.08639176616245683,0.04459768122364817,0.6436919424997894,-49.790307170303656,2890,22.875486483366313,99.6430309914003,6163,2001-08-21,2026-09-01,False,False,True,True,2
us_stlfsi_level|bdtanh|w60,risk,us_stlfsi,level,0,W,7,bdtanh,60,o2o,2,-1,0.1525101483424634,0.280590877266757,0.18561111560275953,0.21344784249709198,0.1168876081291161,0.5384615384615384,-1.420267113472564,26,-0.12009998603197182,0.04459768122364817,0.6436919424997894,-60.644484996293954,3549,22.875486483366313,99.6430309914003,6163,2001-08-21,2026-09-01,False,False,True,True,2
us_stlfsi_level|bdtanh|w60,risk,us_stlfsi,level,0,W,7,bdtanh,60,ongap,2,1,0.523617883404361,0.10832952637216242,0.1673762447290632,0.22792586549953542,0.20722293626323243,0.5,-0.5853124517327473,10,0.010108673675413057,-0.032884632081345226,0.6474419070947259,-10.770592595076389,1476,22.60372138093371,99.51413427561837,2264,2017-05-16,2026-09-01,False,False,True,True,2
us_stlfsi_level|bdtanh|w120,risk,us_stlfsi,level,0,W,7,bdtanh,120,c2c,2,-1,0.08733361528621579,0.3475866144991941,0.16324715633526823,0.18460558069065275,0.0396210447495711,0.5384615384615384,-2.9405322064148876,26,-0.07929927249230061,0.059527209367623825,0.646975912916334,-51.95764879031638,2998,17.100350368236928,99.52714821457688,6133,2001-10-08,2026-09-01,False,False,True,True,2
us_stlfsi_level|bdtanh|w120,risk,us_stlfsi,level,0,W,7,bdtanh,120,day,2,1,0.02899789877945193,-0.49975872129713683,-0.09967736306023682,-0.07195175958955019,-0.07852678006111405,0.46153846153846156,-1.4912287249923348,26,0.06208987503061622,-0.059527209367623825,0.646975912916334,-54.24032233657392,4629,17.100350368236928,99.52714821457688,6133,2001-10-08,2026-09-01,False,False,True,True,2
us_stlfsi_level|bdtanh|w120,risk,us_stlfsi,level,0,W,7,bdtanh,120,o2o,2,-1,0.1813937283195274,0.4547029875281223,0.25654192888402405,0.277421588495483,0.14362847876318222,0.6153846153846154,-1.907460516426531,26,-0.09076449643807108,0.059527209367623825,0.646975912916334,-53.383803768281844,3044,17.100350368236928,99.52714821457688,6133,2001-10-08,2026-09-01,False,False,True,True,2
us_stlfsi_level|bdtanh|w120,risk,us_stlfsi,level,0,W,7,bdtanh,120,ongap,2,1,0.6993221865445607,-0.11090126862045759,0.003584599340725043,0.04910950454538965,-0.03430812889437289,0.4,-1.3425215232056278,10,-0.08047895322597433,-0.04497562312480284,0.6426666463174496,-16.418833734458648,1578,17.412867306202255,99.51413427561837,2264,2017-05-16,2026-09-01,False,False,True,True,2
us_stlfsi_level|bdtanh|w252,risk,us_stlfsi,level,0,W,7,bdtanh,252,c2c,2,-1,0.08905828540449856,0.4657875759314609,0.20181763867276006,0.21931895722573916,0.12052252061424532,0.52,-1.8080547957252624,25,-0.06973777368291248,0.07263493378431925,0.6656302931519982,-68.54644450170024,3473,14.348021403880491,99.58793472886104,6067,2002-01-10,2026-09-01,False,False,True,True,2
us_stlfsi_level|bdtanh|w252,risk,us_stlfsi,level,0,W,7,bdtanh,252,day,2,-1,-0.017011929500688944,0.46682307791655775,0.10518070414532472,0.12787352471190924,0.08607750251564798,0.6,-1.9098128157101313,25,-0.034632177124760216,0.07263493378431925,0.6656302931519982,-63.03508191354537,5485,14.348021403880491,99.58793472886104,6067,2002-01-10,2026-09-01,False,False,True,True,2
us_stlfsi_level|bdtanh|w252,risk,us_stlfsi,level,0,W,7,bdtanh,252,o2o,2,-1,0.15206025755448324,0.5418038649872933,0.2639133735953646,0.28114379762802366,0.1595455543656376,0.56,-1.7959987483109179,25,-0.055639015782662206,0.07263493378431925,0.6656302931519982,-71.1448206028833,3472,14.348021403880491,99.58793472886104,6067,2002-01-10,2026-09-01,False,False,True,True,2
us_stlfsi_level|bdtanh|w252,risk,us_stlfsi,level,0,W,7,bdtanh,252,ongap,2,1,0.6302021657960883,-0.3792617498683036,-0.23907566337099578,-0.1980028783129113,-0.2838983295154837,0.3,-1.6213109576298046,10,-0.01932171499898318,-0.054583296084200275,0.6606708808709266,-22.64855508815194,1578,15.67525309373887,99.69081272084806,2264,2017-05-16,2026-09-01,False,False,True,True,2
us_stlfsi_level|rankc|w60,risk,us_stlfsi,level,0,W,7,rankc,60,c2c,2,-1,0.02796556120101542,0.06435694250138589,0.03820737438982987,0.07143537320259837,-0.04679701140808339,0.46153846153846156,-1.2376944627869724,26,-0.09777894911445707,0.022267003519472677,0.6308023472722681,-63.3007524342557,3549,26.02466949679398,99.3996430309914,6163,2001-08-21,2026-09-01,False,False,True,True,2
us_stlfsi_level|rankc|w60,risk,us_stlfsi,level,0,W,7,rankc,60,day,2,-1,-0.024667603511385153,0.39120504657854666,0.07344302265665537,0.11638409575597526,0.09466698933346036,0.6923076923076923,-1.894188294581351,26,-0.08267226393163749,0.022267003519472677,0.6308023472722681,-53.38820312518302,2688,26.02466949679398,99.3996430309914,6163,2001-08-21,2026-09-01,False,True,True,True,3
us_stlfsi_level|rankc|w60,risk,us_stlfsi,level,0,W,7,rankc,60,o2o,2,-1,0.12810471678230487,0.20657318686834517,0.148330941269471,0.18040769686135263,0.060275464344440234,0.5384615384615384,-1.3324788625332118,26,-0.12254337251821497,0.022267003519472677,0.6308023472722681,-63.08292382882526,3549,26.02466949679398,99.3996430309914,6163,2001-08-21,2026-09-01,False,False,True,True,2
us_stlfsi_level|rankc|w60,risk,us_stlfsi,level,0,W,7,rankc,60,ongap,2,1,0.5569879036722799,0.07814721948473796,0.14656955380756975,0.21637914100560382,0.21348982982526452,0.4,-0.7763507871288328,10,0.013485823670004933,-0.004233888118754211,0.6403444922205168,-9.731718303348924,1476,25.994332459125655,99.29328621908127,2264,2017-05-16,2026-09-01,False,False,True,True,2
us_stlfsi_level|rankc|w120,risk,us_stlfsi,level,0,W,7,rankc,120,c2c,2,-1,0.04443536423780872,0.20073362501656297,0.09077039552205937,0.11541629631881821,-0.0753575069786004,0.4230769230769231,-4.34055215236149,26,-0.08310310642771966,0.03904180015151859,0.6410219822564361,-58.70172854028449,3549,19.547522004634985,99.52714821457688,6133,2001-10-08,2026-09-01,False,False,True,True,2
us_stlfsi_level|rankc|w120,risk,us_stlfsi,level,0,W,7,rankc,120,day,2,1,0.04998386985946058,-0.4097821270764924,-0.06445315374564382,-0.032265474119614806,-0.0010291667202218923,0.4230769230769231,-1.336261596574435,26,0.06693936760350891,-0.03904180015151859,0.6410219822564361,-49.3137536558001,2869,19.547522004634985,99.52714821457688,6133,2001-10-08,2026-09-01,False,False,True,True,2
us_stlfsi_level|rankc|w120,risk,us_stlfsi,level,0,W,7,rankc,120,o2o,2,-1,0.13452614937304896,0.3238894076312074,0.18748041054007725,0.2114794415623894,0.006723763168581737,0.5384615384615384,-3.2825683134357133,26,-0.09817937965684635,0.03904180015151859,0.6410219822564361,-58.16832930501884,3549,19.547522004634985,99.52714821457688,6133,2001-10-08,2026-09-01,False,False,True,True,2
us_stlfsi_level|rankc|w120,risk,us_stlfsi,level,0,W,7,rankc,120,ongap,2,1,0.6610283437987967,-0.008219965874398903,0.08426664754472558,0.13424326123407415,0.040925773855133143,0.4,-1.4864556825881365,10,-0.09741591613702645,-0.012459828819920523,0.6462083884849271,-14.566414626122187,1476,20.00518936046891,99.51413427561837,2264,2017-05-16,2026-09-01,False,False,True,True,2
us_stlfsi_level|rankc|w252,risk,us_stlfsi,level,0,W,7,rankc,252,c2c,2,-1,0.06897838691617317,0.44990453903181105,0.18389934537428934,0.20353688993314412,0.1107900195127379,0.56,-1.9389797046849047,25,-0.0836863043604639,0.04465111915083564,0.6585241816701648,-66.25799273521129,3473,15.810290434111943,99.4890390637877,6067,2002-01-10,2026-09-01,False,False,True,True,2
us_stlfsi_level|rankc|w252,risk,us_stlfsi,level,0,W,7,rankc,252,day,2,1,-0.00034816917945379016,-0.5696435744172087,-0.14616027657862588,-0.12066734546728493,-0.15439486709788255,0.36,-1.5427653017985228,25,0.04617157916814784,-0.04465111915083564,0.6585241816701648,-57.35931778333833,4143,15.810290434111943,99.4890390637877,6067,2002-01-10,2026-09-01,False,False,True,True,2
us_stlfsi_level|rankc|w252,risk,us_stlfsi,level,0,W,7,rankc,252,o2o,2,-1,0.14499929960706018,0.5355216834024578,0.2578812515743411,0.27717059350395634,0.16000634507228256,0.56,-1.7617805407777327,25,-0.07678299753380322,0.04465111915083564,0.6585241816701648,-70.30060341775908,3472,15.810290434111943,99.4890390637877,6067,2002-01-10,2026-09-01,False,False,True,True,2
us_stlfsi_level|rankc|w252,risk,us_stlfsi,level,0,W,7,rankc,252,ongap,2,1,0.6055791631218038,-0.40397440805641865,-0.25574624156911574,-0.2102786356173634,-0.29586424520292726,0.3,-1.6605067054789908,10,0.02620997207784064,-0.003539214955776181,0.6578161036832056,-23.612365744007626,1578,17.131488961387912,99.60247349823321,2264,2017-05-16,2026-09-01,False,False,True,True,2
us_stlfsi_level|signth|w60,risk,us_stlfsi,level,0,W,7,signth,60,c2c,2,1,0.020173417159681514,-0.11477060742785086,-0.017565269166665343,0.010286245538227474,0.08214206816358509,0.6153846153846154,-1.7936602105781996,26,0.09638663991148275,-0.03551468723990683,0.645335965775228,-81.40570317192672,4446,21.740681638768603,99.09560723514211,6192,2001-07-10,2026-09-01,False,False,True,True,2
us_stlfsi_level|signth|w60,risk,us_stlfsi,level,0,W,7,signth,60,day,2,1,0.06660630983180069,-0.35509974294936064,-0.03120767788840075,0.004509697577871972,-0.048777209713463304,0.4230769230769231,-1.1919755808265904,26,0.07635201717153892,-0.03551468723990683,0.645335965775228,-50.78107949777954,5064,21.740681638768603,99.09560723514211,6192,2001-07-10,2026-09-01,False,False,True,True,2
us_stlfsi_level|signth|w60,risk,us_stlfsi,level,0,W,7,signth,60,o2o,2,-1,0.08881084889772248,0.23536642686495943,0.1268325163021921,0.15378834002508823,-0.024900338703306584,0.5,-2.065056199194197,26,-0.103354964696376,0.03551468723990683,0.645335965775228,-66.9723395192322,3389,21.740681638768603,99.09560723514211,6192,2001-07-10,2026-09-01,False,False,True,True,2
us_stlfsi_level|signth|w60,risk,us_stlfsi,level,0,W,7,signth,60,ongap,2,1,0.4803140033463881,0.20877469006845573,0.2466933604921997,0.2996198438353727,0.33395085851685086,0.5,-0.8329961315490276,10,0.031479835742414336,-0.01810527227175252,0.6499753877833536,-11.157217430647231,1419,19.949118850575374,99.07243816254417,2264,2017-05-16,2026-09-01,False,False,True,True,2
us_stlfsi_level|signth|w120,risk,us_stlfsi,level,0,W,7,signth,120,c2c,2,-1,-0.005100224614213506,0.34571746309346596,0.09444122053141911,0.11442818105233823,0.06140925489022672,0.5,-2.2141671837595274,26,-0.08968311620981667,0.05806005366640468,0.6437159476096057,-72.87167377201715,2709,15.9746959640262,99.48320413436691,6192,2001-07-10,2026-09-01,False,False,True,True,2
us_stlfsi_level|signth|w120,risk,us_stlfsi,level,0,W,7,signth,120,day,2,1,0.12761478324375053,-0.46970068878467497,-0.01346072070550394,0.012100953860611056,-0.055487836967647676,0.4230769230769231,-1.5007381707546006,26,0.06393051305740914,-0.05806005366640468,0.6437159476096057,-53.84938271563867,2795,15.9746959640262,99.48320413436691,6192,2001-07-10,2026-09-01,False,False,True,True,2
us_stlfsi_level|signth|w120,risk,us_stlfsi,level,0,W,7,signth,120,o2o,2,-1,0.16660760434372573,0.4454928344609795,0.2406415208761239,0.260075997975581,0.21760255258723796,0.5,-1.4970545629578138,26,-0.10436621596336672,0.05806005366640468,0.6437159476096057,-43.48184153331336,3014,15.9746959640262,99.48320413436691,6192,2001-07-10,2026-09-01,False,False,True,True,2
us_stlfsi_level|signth|w120,risk,us_stlfsi,level,0,W,7,signth,120,ongap,2,1,0.62273225845837,-0.13782418397159812,-0.029131928320202824,0.016939882280365526,-0.06855639650060967,0.4,-0.8916981402441251,10,0.02011387851252542,-0.040843184528500685,0.6321879071278477,-15.679868777266003,1578,17.002822071225957,99.42579505300353,2264,2017-05-16,2026-09-01,False,False,True,True,2
us_stlfsi_level|signth|w252,risk,us_stlfsi,level,0,W,7,signth,252,c2c,2,-1,-0.010992540551549166,0.5105663940693244,0.147388624679948,0.16463560712004852,0.0523056223329469,0.38461538461538464,-2.693858701117586,26,-0.04310231439505778,0.07613669121463973,0.6345742619732816,-61.47122973345568,3343,13.306301370530685,99.44516971279373,6128,2001-10-16,2026-09-01,False,False,True,True,2
us_stlfsi_level|signth|w252,risk,us_stlfsi,level,0,W,7,signth,252,day,2,-1,-0.020546360578928214,0.5556718583982888,0.1272279636618702,0.14965638289183106,0.09100219466452808,0.6153846153846154,-2.444164788971397,26,0.007444348875151134,0.07613669121463973,0.6345742619732816,-44.36438220974275,5003,13.306301370530685,99.44516971279373,6128,2001-10-16,2026-09-01,False,False,True,True,2
us_stlfsi_level|signth|w252,risk,us_stlfsi,level,0,W,7,signth,252,o2o,2,-1,0.06503058680320599,0.6109095719411324,0.22399005204682823,0.24101579948839022,0.11060453354990996,0.46153846153846156,-2.087478846224741,26,-0.02314220626669482,0.07613669121463973,0.6345742619732816,-60.06346033443396,3194,13.306301370530685,99.44516971279373,6128,2001-10-16,2026-09-01,False,False,True,True,2
us_stlfsi_level|signth|w252,risk,us_stlfsi,level,0,W,7,signth,252,ongap,2,1,0.8188747451625252,-0.38379929312365074,-0.2190166822637712,-0.18089286035333604,-0.2245785232609787,0.3,-1.5988265673738176,10,-0.02382709393206508,-0.06666137429158403,0.6217006569187552,-21.568981206836078,1578,14.626993372227977,98.67491166077738,2264,2017-05-16,2026-09-01,False,False,True,True,2
us_stlfsi_level|dev|w60,risk,us_stlfsi,level,0,W,7,dev,60,c2c,2,-1,0.022636273116016892,0.17208917708308002,0.06333132501978792,0.09045870653172454,0.08348746750280446,0.5384615384615384,-1.336895432965526,26,-0.12215758736501606,-0.006865225734926502,0.5308053825701521,-58.09036312944789,3549,19.362592515305362,99.18870679863703,6163,2001-08-21,2026-09-01,False,False,True,True,2
us_stlfsi_level|dev|w60,risk,us_stlfsi,level,0,W,7,dev,60,day,2,1,0.018676822526156187,-0.5834044233792353,-0.11551212157171029,-0.08070386513531767,-0.2519194827983696,0.4230769230769231,-1.8897625656873294,26,0.12159995262234424,0.006865225734926502,0.5308053825701521,-43.228848391075445,4177,19.362592515305362,99.18870679863703,6163,2001-08-21,2026-09-01,False,False,True,True,2
us_stlfsi_level|dev|w60,risk,us_stlfsi,level,0,W,7,dev,60,o2o,2,-1,0.04289126580750776,0.29724744339669795,0.10584136574695518,0.13157063069017008,0.06854921824449613,0.5,-1.716024797227423,26,-0.1459702716858875,-0.006865225734926502,0.5308053825701521,-66.26654739147439,3549,19.362592515305362,99.18870679863703,6163,2001-08-21,2026-09-01,False,False,True,True,2
us_stlfsi_level|dev|w60,risk,us_stlfsi,level,0,W,7,dev,60,ongap,2,1,0.5780150980921621,0.10292319504257713,0.17465062585934296,0.231435542467536,0.26367813258552814,0.5,-1.099721981616773,10,0.05920398240198199,0.01359000861387285,0.5261277715743639,-8.20029049501383,1246,18.566155778733595,98.89575971731449,2264,2017-05-16,2026-09-01,False,False,True,True,2
us_stlfsi_level|dev|w120,risk,us_stlfsi,level,0,W,7,dev,120,c2c,2,-1,0.020530408800808975,0.10727996829247781,0.044101136663681456,0.06432063162337542,-0.053991058216200684,0.5,-2.04359400145638,26,-0.11341051158609736,-0.014565403172605915,0.5788327406306826,-64.70295521698979,3549,15.344065688676316,99.46192727865645,6133,2001-10-08,2026-09-01,False,False,True,True,2
us_stlfsi_level|dev|w120,risk,us_stlfsi,level,0,W,7,dev,120,day,2,1,0.08335172164307447,-0.3111738987148391,-0.006737230706887185,0.019436289204524893,-0.03852905219637593,0.4230769230769231,-1.5358730302058645,26,0.10658358445405784,0.014565403172605915,0.5788327406306826,-36.772865145559166,2802,15.344065688676316,99.46192727865645,6133,2001-10-08,2026-09-01,False,False,True,True,2
us_stlfsi_level|dev|w120,risk,us_stlfsi,level,0,W,7,dev,120,o2o,2,-1,0.030666277197496556,0.2175760024116786,0.07830933417497901,0.09788138154367829,-0.02330441017773811,0.46153846153846156,-2.10449599261291,26,-0.12632537963229962,-0.014565403172605915,0.5788327406306826,-70.49033199589915,3549,15.344065688676316,99.46192727865645,6133,2001-10-08,2026-09-01,False,False,True,True,2
us_stlfsi_level|dev|w120,risk,us_stlfsi,level,0,W,7,dev,120,ongap,2,1,0.9143614096874104,-0.08809486323431223,0.07096075038442126,0.11383411569239762,0.08199025010859674,0.5,-2.035990008544842,10,0.004164665334959588,0.030674065606902483,0.5632501791311582,-12.167280126821984,1578,14.945116919022777,99.02826855123675,2264,2017-05-16,2026-09-01,False,False,True,True,2
us_stlfsi_level|dev|w252,risk,us_stlfsi,level,0,W,7,dev,252,c2c,2,-1,0.026362926261570767,0.332738302613295,0.10929459476114281,0.12494908964976811,0.09862358345371737,0.52,-1.7031936961356222,25,-0.14494856570861325,-0.03337892154023443,0.6375355341590877,-65.86304043321502,3978,12.818142088469429,99.71979561562551,6067,2002-01-10,2026-09-01,False,False,True,True,2
us_stlfsi_level|dev|w252,risk,us_stlfsi,level,0,W,7,dev,252,day,2,1,0.012010411014716458,-0.4799854189623568,-0.10086271583997404,-0.08068782779386498,-0.17565248920011858,0.36,-1.671904513501151,25,0.131161088421029,0.03337892154023443,0.6375355341590877,-47.02687039412183,1810,12.818142088469429,99.71979561562551,6067,2002-01-10,2026-09-01,False,False,True,True,2
us_stlfsi_level|dev|w252,risk,us_stlfsi,level,0,W,7,dev,252,o2o,2,-1,0.016991950313392318,0.42520237250165543,0.12122851215412991,0.13637517450188338,0.079764842307615,0.52,-2.327417832767023,25,-0.14082371784446016,-0.03337892154023443,0.6375355341590877,-67.43667274474348,3977,12.818142088469429,99.71979561562551,6067,2002-01-10,2026-09-01,False,False,True,True,2
us_stlfsi_level|dev|w252,risk,us_stlfsi,level,0,W,7,dev,252,ongap,2,1,0.7572367034547718,-0.4094520040222332,-0.23226435358329464,-0.1938502932240021,-0.20718410458523967,0.5,-2.1035225837245806,10,0.04551997719099387,0.03693844349090187,0.6094749735083733,-21.07467106783492,1578,13.208149111893551,99.69081272084806,2264,2017-05-16,2026-09-01,False,False,True,True,2
epu_global_level|selfz|w60,risk,epu_global,level,0,M,31,selfz,60,c2c,2,-1,0.370591308200224,0.03952067195798557,0.27382824687394447,0.28930052336402,0.24155402992006103,0.5769230769230769,-1.9691980444108548,26,-0.0763491537531989,0.02549941275060125,0.5812118551532701,-36.75072140139291,3867,11.423049293411138,99.46454648710044,6163,2001-08-21,2026-09-01,False,False,True,True,2
epu_global_level|selfz|w60,risk,epu_global,level,0,M,31,selfz,60,day,2,-1,0.3085897242566073,-0.2640087095869676,0.1721809191677222,0.1923756022043253,0.1333740260960963,0.6153846153846154,-2.258913706282351,26,-0.08041255154325648,0.02549941275060125,0.5812118551532701,-57.44679612683823,4694,11.423049293411138,99.46454648710044,6163,2001-08-21,2026-09-01,False,False,True,True,2
epu_global_level|selfz|w60,risk,epu_global,level,0,M,31,selfz,60,o2o,2,-1,0.2946490484692372,0.15165657231785665,0.25534235576436487,0.27034108478187635,0.2681365451766084,0.5769230769230769,-1.918689743954956,26,-0.07559950437510057,0.02549941275060125,0.5812118551532701,-35.36212425137234,3838,11.423049293411138,99.46454648710044,6163,2001-08-21,2026-09-01,False,False,True,True,2
epu_global_level|selfz|w60,risk,epu_global,level,0,M,31,selfz,60,ongap,2,-1,0.04884702291793102,0.3196078598341661,0.2869167511287444,0.31920178012173683,0.23124448296482442,0.7,-0.7286794732638571,10,-0.05838810518674554,0.04928039917387591,0.5885986375128383,-8.017669955500411,730,11.988424249941376,99.64664310954063,2264,2017-05-16,2026-09-01,False,True,True,True,3
epu_global_level|selfz|w120,risk,epu_global,level,0,M,31,selfz,120,c2c,2,-1,0.40666641063176,0.16934403660883843,0.33585025818353237,0.34651290329798184,0.24561491012044748,0.6538461538461539,-3.023664486064036,26,-0.057731564622738735,0.0475037925196272,0.5965482989248092,-41.470146564531454,2183,8.264830166571217,99.67389532039785,6133,2001-10-08,2026-09-01,False,True,True,True,3
epu_global_level|selfz|w120,risk,epu_global,level,0,M,31,selfz,120,day,2,-1,0.28524873444985693,-0.12231784608382114,0.18542995000122972,0.1994175173598787,0.20340396195722532,0.6923076923076923,-1.5263353961108654,26,-0.05445976965772623,0.0475037925196272,0.5965482989248092,-44.82402439812655,4594,8.264830166571217,99.67389532039785,6133,2001-10-08,2026-09-01,False,True,True,True,3
epu_global_level|selfz|w120,risk,epu_global,level,0,M,31,selfz,120,o2o,2,-1,0.33874559348629196,0.26729802706696165,0.3184385692614077,0.3287695195963477,0.2940520380322132,0.6538461538461539,-2.450330047996728,26,-0.056039322599760334,0.0475037925196272,0.5965482989248092,-40.23646078840025,3203,8.264830166571217,99.67389532039785,6133,2001-10-08,2026-09-01,False,True,True,True,3
epu_global_level|selfz|w120,risk,epu_global,level,0,M,31,selfz,120,ongap,2,-1,0.4204863436353762,0.3447710336426516,0.3427696172902766,0.3659474374160296,0.3710893795095504,0.6,-0.7859758734773762,10,-0.032868522128537254,0.08594243023880851,0.599971313682638,-9.54249183001618,998,9.092199817183229,99.69081272084806,2264,2017-05-16,2026-09-01,False,False,True,True,2
epu_global_level|selfz|w252,risk,epu_global,level,0,M,31,selfz,252,c2c,2,-1,0.3525567676361129,0.4322623623555469,0.3778714173954682,0.3864468321609973,0.39658924393486955,0.6,-2.0316376107375476,25,-0.021718620955789393,0.05737222478545723,0.6218700183414977,-43.61921241949426,1839,6.844509974753031,99.43959123125103,6067,2002-01-10,2026-09-01,False,False,True,True,2
epu_global_level|selfz|w252,risk,epu_global,level,0,M,31,selfz,252,day,2,-1,0.26735571095363725,0.06337676910787363,0.2125959015044496,0.22396278126848085,0.3867544498209383,0.68,-1.2675069495009996,25,-0.011750164534545518,0.05737222478545723,0.6218700183414977,-42.160853973842485,4451,6.844509974753031,99.43959123125103,6067,2002-01-10,2026-09-01,False,True,True,True,3
epu_global_level|selfz|w252,risk,epu_global,level,0,M,31,selfz,252,o2o,2,-1,0.2934148009028282,0.5034383991342826,0.3562274685440589,0.36451978559683385,0.4035558997383219,0.56,-2.110152697409794,25,-0.010905567015172654,0.05737222478545723,0.6218700183414977,-42.73767641991819,2801,6.844509974753031,99.43959123125103,6067,2002-01-10,2026-09-01,False,False,True,True,2
epu_global_level|selfz|w252,risk,epu_global,level,0,M,31,selfz,252,ongap,2,-1,0.7649173666356573,0.5861851156115724,0.5943921110583296,0.6112189756928031,0.7133621475662466,0.7,-0.6903648796730938,10,0.02646402751637801,0.09828104403104868,0.6526638972704951,-10.335508325777374,998,6.909753494802275,99.60247349823321,2264,2017-05-16,2026-09-01,True,True,True,True,4
epu_global_level|robustz|w60,risk,epu_global,level,0,M,31,robustz,60,c2c,2,-1,0.4527330959537587,-0.35064186517036794,0.23312495534449407,0.24769038418665232,0.2750359958240507,0.6153846153846154,-3.3669851180804895,26,0.008841387670513652,0.06791851403917386,0.44109338534908554,-52.072758163119396,2896,9.142128917018841,98.9010989010989,6097,2001-10-05,2026-09-01,False,False,True,True,2
epu_global_level|robustz|w60,risk,epu_global,level,0,M,31,robustz,60,day,2,-1,0.29368009187142197,-0.4823290374249341,0.11485401686391934,0.1340562486043439,0.14070544853665035,0.5769230769230769,-1.809744782558283,26,0.02241882109291666,0.06791851403917386,0.44109338534908554,-40.97955420979,4230,9.142128917018841,98.9010989010989,6097,2001-10-05,2026-09-01,False,False,True,True,2
epu_global_level|robustz|w60,risk,epu_global,level,0,M,31,robustz,60,o2o,2,-1,0.41651382968058803,-0.17327414604771071,0.26078095992979816,0.27489712735380756,0.37616555122273726,0.5769230769230769,-2.436210523584554,26,0.021895134897888295,0.06791851403917386,0.44109338534908554,-44.14539142900053,2897,9.142128917018841,98.9010989010989,6097,2001-10-05,2026-09-01,False,False,True,True,2
epu_global_level|robustz|w60,risk,epu_global,level,0,M,31,robustz,60,ongap,2,-1,-0.03463935063517857,-0.23633092147254006,-0.21227951533467976,-0.18220466563942406,0.07024539942035955,0.5,-1.4670996739671505,10,0.10117845368913264,0.08832005764407581,0.4061512208791187,-14.658393156913366,2076,8.243096278858266,97.92402826855124,2264,2017-05-16,2026-09-01,False,False,True,True,2
epu_global_level|robustz|w120,risk,epu_global,level,0,M,31,robustz,120,c2c,2,-1,0.4917671583549647,0.09711047872213667,0.3765711262044337,0.3874024637296499,0.4448739077062058,0.68,-1.9321381680936593,25,-0.023148034602518085,0.053595111343853176,0.535706934723894,-31.119476168114346,1367,7.887336068109238,99.2920645373724,6074,2001-12-31,2026-09-01,False,True,True,True,3
epu_global_level|robustz|w120,risk,epu_global,level,0,M,31,robustz,120,day,2,-1,0.3834540663740598,-0.2562206013352928,0.22828459620224148,0.24239758353245702,0.2660480089378405,0.68,-1.5786995000067925,25,-0.01798164291909848,0.053595111343853176,0.535706934723894,-31.52551214338302,2765,7.887336068109238,99.2920645373724,6074,2001-12-31,2026-09-01,False,True,True,True,3
epu_global_level|robustz|w120,risk,epu_global,level,0,M,31,robustz,120,o2o,2,-1,0.43689014528607606,0.20563210584572922,0.3733924503022125,0.3837726389980762,0.45273091864842563,0.6,-1.9616174224154912,25,-0.02161542701428313,0.053595111343853176,0.535706934723894,-30.48124621866033,1730,7.887336068109238,99.2920645373724,6074,2001-12-31,2026-09-01,False,False,True,True,2
epu_global_level|robustz|w120,risk,epu_global,level,0,M,31,robustz,120,ongap,2,-1,0.8772043436919751,0.31724587351259675,0.4040921194784043,0.4296144144244945,0.5009001128628557,0.6,-0.677788072939267,10,-0.02341527261391656,0.09953757649319231,0.5512464647590263,-8.012110959423664,532,8.835380479221573,99.51413427561837,2264,2017-05-16,2026-09-01,False,False,True,True,2
epu_global_level|robustz|w252,risk,epu_global,level,0,M,31,robustz,252,c2c,2,-1,0.37434018697221155,0.34697175983272777,0.36479625164128315,0.37337813992500535,0.3984855132439664,0.64,-1.9804083975558817,25,-0.08032531463895023,0.0061205635069101596,0.6330534621554049,-39.613245795823474,2837,6.747123790288311,99.2595085829687,5942,2002-07-18,2026-09-01,False,False,True,True,2
epu_global_level|robustz|w252,risk,epu_global,level,0,M,31,robustz,252,day,2,-1,0.25655988894556164,0.10639514365356698,0.21377536873800548,0.22536858164121223,0.3772790971750835,0.64,-1.6518068970464554,25,-0.08602515058013208,0.0061205635069101596,0.6330534621554049,-48.45038039669299,4594,6.747123790288311,99.2595085829687,5942,2002-07-18,2026-09-01,False,False,True,True,2
epu_global_level|robustz|w252,risk,epu_global,level,0,M,31,robustz,252,o2o,2,-1,0.33997417868670676,0.38750545948970616,0.35528060910654863,0.36384899715788216,0.38267119580196823,0.6,-2.072962524249264,25,-0.05043285208794834,0.0061205635069101596,0.6330534621554049,-41.477200247374526,2030,6.747123790288311,99.2595085829687,5942,2002-07-18,2026-09-01,False,False,True,True,2
epu_global_level|robustz|w252,risk,epu_global,level,0,M,31,robustz,252,ongap,2,-1,0.7495775391666097,0.6053117903280909,0.6144082378292075,0.6297418989383717,0.767354198337211,0.7,-0.8210189324171632,10,-0.012403052738899535,0.055000744683248066,0.6733127234677934,-10.144227473339692,998,6.40017734426925,99.60247349823321,2264,2017-05-16,2026-09-01,True,True,True,True,4
epu_global_level|bdtanh|w60,risk,epu_global,level,0,M,31,bdtanh,60,c2c,2,-1,0.35149675251490725,-0.03399895722204958,0.24121161390687806,0.2546813277409035,0.19067412259994704,0.5769230769230769,-1.8628676778407862,26,-0.07245397622314674,0.012677004519675045,0.678527342537368,-47.23657112165169,4058,10.874263552054128,99.70793444750933,6163,2001-08-21,2026-09-01,False,False,True,True,2
epu_global_level|bdtanh|w60,risk,epu_global,level,0,M,31,bdtanh,60,day,2,-1,0.3332947792393876,-0.2911277853560583,0.18571686107110427,0.20301051667115122,0.1364383999466185,0.6153846153846154,-2.524490652166307,26,-0.07923996638965025,0.012677004519675045,0.678527342537368,-65.79073279776865,4694,10.874263552054128,99.70793444750933,6163,2001-08-21,2026-09-01,False,False,True,True,2
epu_global_level|bdtanh|w60,risk,epu_global,level,0,M,31,bdtanh,60,o2o,2,-1,0.2788600370685037,0.050804016302589274,0.2169300193963465,0.2299952171233296,0.21321809273957493,0.5,-1.8384500772431402,26,-0.06988636798902242,0.012677004519675045,0.678527342537368,-47.031441609156296,4552,10.874263552054128,99.70793444750933,6163,2001-08-21,2026-09-01,False,False,True,True,2
epu_global_level|bdtanh|w60,risk,epu_global,level,0,M,31,bdtanh,60,ongap,2,-1,0.04246560296974839,0.27033829803352116,0.242936034352556,0.27325417607007696,0.1352207363079375,0.6,-1.086899969312436,10,-0.0224391118996664,0.03155537862888765,0.6785709471005742,-9.02009818429755,735,11.440039310911267,99.69081272084806,2264,2017-05-16,2026-09-01,False,False,True,True,2
epu_global_level|bdtanh|w120,risk,epu_global,level,0,M,31,bdtanh,120,c2c,2,-1,0.38747357965471013,0.11841710235601934,0.3092585781951489,0.31890658535619265,0.18358849744467226,0.6923076923076923,-4.270751847280592,26,-0.07919462190891954,0.02731757888670501,0.6630433382149711,-44.67401149569411,2343,7.906492677287965,99.47823251263655,6133,2001-10-08,2026-09-01,False,True,True,True,3
epu_global_level|bdtanh|w120,risk,epu_global,level,0,M,31,bdtanh,120,day,2,-1,0.27904081008205034,-0.14194785036460955,0.1771576566726096,0.18968200464250182,0.16810105253940508,0.6923076923076923,-2.432531834410474,26,-0.07828748583877904,0.02731757888670501,0.6630433382149711,-42.70960586424353,4594,7.906492677287965,99.47823251263655,6133,2001-10-08,2026-09-01,False,True,True,True,3
epu_global_level|bdtanh|w120,risk,epu_global,level,0,M,31,bdtanh,120,o2o,2,-1,0.3131001425799744,0.19275404790549816,0.2795640954721811,0.2889633819755939,0.22537307148944216,0.6153846153846154,-3.4466882156041527,26,-0.07457629586243458,0.02731757888670501,0.6630433382149711,-44.8086589468244,3203,7.906492677287965,99.47823251263655,6133,2001-10-08,2026-09-01,False,False,True,True,2
epu_global_level|bdtanh|w120,risk,epu_global,level,0,M,31,bdtanh,120,ongap,2,-1,0.5135134823121794,0.32899046552478695,0.3428078281818965,0.3648306735091319,0.40041571273662724,0.7,-0.8562362747241765,10,-0.020056173105857198,0.052758583579543,0.6559309236357884,-10.760557432586058,998,8.60956740539221,99.60247349823321,2264,2017-05-16,2026-09-01,False,True,True,True,3
epu_global_level|bdtanh|w252,risk,epu_global,level,0,M,31,bdtanh,252,c2c,2,-1,0.22575013638507666,0.18911006489907906,0.21423925326369964,0.22226626933172663,0.24349402462169034,0.6,-2.352300158170942,25,-0.044414847641652204,0.03647321497518315,0.674388833753176,-59.82020029671372,4224,6.622057237188297,99.53848689632437,6067,2002-01-10,2026-09-01,False,False,True,True,2
epu_global_level|bdtanh|w252,risk,epu_global,level,0,M,31,bdtanh,252,day,2,-1,0.2256949193454929,0.007115711145201638,0.16753307556291755,0.17811283375830395,0.32955788403808767,0.68,-1.2270234519094236,25,-0.035738949769731077,0.03647321497518315,0.674388833753176,-59.54884310084104,4594,6.622057237188297,99.53848689632437,6067,2002-01-10,2026-09-01,False,True,True,True,3
epu_global_level|bdtanh|w252,risk,epu_global,level,0,M,31,bdtanh,252,o2o,2,-1,0.1779241968628622,0.27078021003510766,0.2056854905121046,0.21350383271522413,0.25854172647937523,0.56,-2.436758471969806,25,-0.024251172897015522,0.03647321497518315,0.674388833753176,-69.0222649244649,4409,6.622057237188297,99.53848689632437,6067,2002-01-10,2026-09-01,False,False,True,True,2
epu_global_level|bdtanh|w252,risk,epu_global,level,0,M,31,bdtanh,252,ongap,2,-1,0.7602864063103254,0.4086910717897141,0.4467600046517044,0.46236414256887753,0.5203031404580366,0.7,-1.148086763363245,10,0.040455932457228116,0.0721212276847748,0.6975671790910517,-11.982479290165124,1137,6.595869196896736,99.42579505300353,2264,2017-05-16,2026-09-01,False,True,True,True,3
epu_global_level|rankc|w60,risk,epu_global,level,0,M,31,rankc,60,c2c,2,-1,0.39366668782587205,0.11364505678433116,0.31532736092958324,0.33143833306342085,0.23733234351401727,0.5769230769230769,-2.2536410623875467,26,-0.09987576934130385,-0.001260525449553213,0.6140694408799791,-34.77106010943519,2344,12.391871764857582,99.26983611877333,6163,2001-08-21,2026-09-01,False,False,True,True,2
epu_global_level|rankc|w60,risk,epu_global,level,0,M,31,rankc,60,day,2,-1,0.33078777491666383,-0.1250870549437334,0.22523049589838606,0.24582492275759488,0.1550526006437056,0.6153846153846154,-1.9442465301184564,26,-0.1073079529104556,-0.001260525449553213,0.6140694408799791,-64.81328642604602,4559,12.391871764857582,99.26983611877333,6163,2001-08-21,2026-09-01,False,False,True,True,2
epu_global_level|rankc|w60,risk,epu_global,level,0,M,31,rankc,60,o2o,2,-1,0.36189108700409783,0.19012585120784192,0.31535142898495055,0.3308882219296555,0.28839596621909314,0.5769230769230769,-1.932424574329094,26,-0.10431234023951227,-0.001260525449553213,0.6140694408799791,-36.618428661804344,4327,12.391871764857582,99.26983611877333,6163,2001-08-21,2026-09-01,False,False,True,True,2
epu_global_level|rankc|w60,risk,epu_global,level,0,M,31,rankc,60,ongap,2,-1,-0.014811635597466132,0.23116450634773267,0.20283868966194366,0.23694295864149362,0.0728342460956464,0.5,-0.7065129585845006,10,-0.06070386327123756,0.01140673412617267,0.5993674460184778,-8.411184187758034,781,12.653677981893248,99.1166077738516,2264,2017-05-16,2026-09-01,False,False,True,True,2
epu_global_level|rankc|w120,risk,epu_global,level,0,M,31,rankc,120,c2c,2,-1,0.30712285731867445,0.22771412143003805,0.28371473631349725,0.29512985502111405,0.16500170998478175,0.6153846153846154,-4.694802919421005,26,-0.09276333457549488,0.016015259728837234,0.6371781629100853,-42.670223514698314,882,9.063943126374603,99.3640958747758,6133,2001-10-08,2026-09-01,False,False,True,True,2
epu_global_level|rankc|w120,risk,epu_global,level,0,M,31,rankc,120,day,2,-1,0.2064681677412638,-0.1365398247752625,0.12226990298590808,0.13715754785184697,0.10283119098345735,0.6153846153846154,-2.8329216847138263,26,-0.09577622977561281,0.016015259728837234,0.6371781629100853,-53.286863337509956,4594,9.063943126374603,99.3640958747758,6133,2001-10-08,2026-09-01,False,False,True,True,2
epu_global_level|rankc|w120,risk,epu_global,level,0,M,31,rankc,120,o2o,2,-1,0.26605066505166686,0.28409838452411573,0.2707340155243178,0.28178112899207747,0.21924069952154024,0.6153846153846154,-3.6544551573133544,26,-0.09074329327595212,0.016015259728837234,0.6371781629100853,-43.28236754323281,871,9.063943126374603,99.3640958747758,6133,2001-10-08,2026-09-01,False,False,True,True,2
epu_global_level|rankc|w120,risk,epu_global,level,0,M,31,rankc,120,ongap,2,-1,0.570262569066614,0.35280639299036437,0.37253054504960476,0.39568492773190955,0.498010077312708,0.7,-0.5076145753604434,10,-0.027502324829069863,0.04698783370787504,0.6439630902566391,-10.133498469188309,998,9.228100401162928,99.20494699646643,2264,2017-05-16,2026-09-01,False,True,True,True,3
epu_global_level|rankc|w252,risk,epu_global,level,0,M,31,rankc,252,c2c,2,-1,0.23925452018566076,0.33188798033894856,0.26811847609963996,0.2767806951333324,0.3145376120923551,0.64,-1.919743203841234,25,-0.05778012399977813,0.035457667195177095,0.6758519326247525,-47.88881232610199,3695,7.22927133349478,99.85165650238997,6067,2002-01-10,2026-09-01,False,False,True,True,2
epu_global_level|rankc|w252,risk,epu_global,level,0,M,31,rankc,252,day,2,-1,0.22102573626678737,-0.0045788640294738975,0.1615639655063043,0.172953379039327,0.2936141261986719,0.72,-1.2163356661364229,25,-0.05128288794788793,0.035457667195177095,0.6758519326247525,-66.42702601260548,4594,7.22927133349478,99.85165650238997,6067,2002-01-10,2026-09-01,False,True,True,True,3
epu_global_level|rankc|w252,risk,epu_global,level,0,M,31,rankc,252,o2o,2,-1,0.20628482952579635,0.41215707624127046,0.26744520874767697,0.2758880106195605,0.32949055141898137,0.56,-2.0359610643682777,25,-0.03773774868788543,0.035457667195177095,0.6758519326247525,-49.52402061465918,3762,7.22927133349478,99.85165650238997,6067,2002-01-10,2026-09-01,False,False,True,True,2
epu_global_level|rankc|w252,risk,epu_global,level,0,M,31,rankc,252,ongap,2,-1,0.7729637653867499,0.4931603096419405,0.5222029170107882,0.5388539024034111,0.6986728726586461,0.7,-0.8576754176742327,10,0.04121225012848823,0.07897734112627224,0.7035372180435572,-10.371086149603684,904,7.152041373557515,99.95583038869258,2264,2017-05-16,2026-09-01,True,True,True,True,4
epu_global_level|signth|w60,risk,epu_global,level,0,M,31,signth,60,c2c,2,-1,0.34535331383754164,0.12882386912377014,0.28423953547040526,0.29736811394416884,0.2712215261817251,0.5,-1.6855577923645273,26,-0.06393826397976743,0.016397493429927322,0.6535462620721147,-41.934260389822,3882,10.64769955629936,99.11175710594316,6192,2001-07-10,2026-09-01,False,False,True,True,2
epu_global_level|signth|w60,risk,epu_global,level,0,M,31,signth,60,day,2,-1,0.34200192434803806,-0.12477146092949519,0.2317221764977359,0.24837737603804197,0.20644199895670523,0.6538461538461539,-1.7807879369152233,26,-0.06953257168696607,0.016397493429927322,0.6535462620721147,-58.412530014199845,4559,10.64769955629936,99.11175710594316,6192,2001-07-10,2026-09-01,False,True,True,True,3
epu_global_level|signth|w60,risk,epu_global,level,0,M,31,signth,60,o2o,2,-1,0.2418579067957825,0.17876769815682056,0.22446886891666157,0.23719965096627757,0.28034947160053214,0.5384615384615384,-1.724634247193471,26,-0.06804197428894845,0.016397493429927322,0.6535462620721147,-47.12179246587823,4345,10.64769955629936,99.11175710594316,6192,2001-07-10,2026-09-01,False,False,True,True,2
epu_global_level|signth|w60,risk,epu_global,level,0,M,31,signth,60,ongap,2,-1,0.15524186044537858,0.30494547339825456,0.2841073465854822,0.31529182948920115,0.2738606053637492,0.6,-0.6881336392891192,10,-0.014535518273148492,0.029818537423560724,0.6490377227975825,-9.340487062926146,530,11.48714662058539,99.02826855123675,2264,2017-05-16,2026-09-01,False,False,True,True,2
epu_global_level|signth|w120,risk,epu_global,level,0,M,31,signth,120,c2c,2,-1,0.24457383735624863,0.1597986711512789,0.22048862008642778,0.23033617037799622,0.2001578531826885,0.6923076923076923,-4.156708171125491,26,-0.052054931160961694,0.01968875533427376,0.6695115076578896,-73.85042015334425,1015,8.08550267974618,99.70930232558139,6192,2001-07-10,2026-09-01,False,True,True,True,3
epu_global_level|signth|w120,risk,epu_global,level,0,M,31,signth,120,day,2,-1,0.18901584780446373,-0.15750793061736992,0.10817000359789472,0.12061826396076636,0.17829737737313453,0.7307692307692307,-2.034965626434351,26,-0.04162034252540874,0.01968875533427376,0.6695115076578896,-49.863379141705074,4594,8.08550267974618,99.70930232558139,6192,2001-07-10,2026-09-01,False,True,True,True,3
epu_global_level|signth|w120,risk,epu_global,level,0,M,31,signth,120,o2o,2,-1,0.1789124681693411,0.22891314541300897,0.1917237946039435,0.20121051277414234,0.2312024001110113,0.6538461538461539,-3.294045550973838,26,-0.034227737478502676,0.01968875533427376,0.6695115076578896,-72.39890909620281,860,8.08550267974618,99.70930232558139,6192,2001-07-10,2026-09-01,False,True,True,True,3
epu_global_level|signth|w120,risk,epu_global,level,0,M,31,signth,120,ongap,2,-1,0.6385965720024627,0.2961262896766676,0.33642036846672424,0.36055463955117456,0.37914106460107394,0.7,-1.253121899943875,10,-0.013328064298555493,0.03368100157934861,0.6579891037453472,-11.449879738397081,998,9.290231004022012,99.77915194346289,2264,2017-05-16,2026-09-01,False,True,True,True,3
epu_global_level|signth|w252,risk,epu_global,level,0,M,31,signth,252,c2c,2,-1,0.16271639814546485,0.09806408566525374,0.14305949704115306,0.1508112546879472,0.11658999290675805,0.5769230769230769,-2.1100136664969553,26,-0.08094086150293549,0.023658505700968932,0.696153668614531,-57.672998190770045,4438,6.702110539706043,99.85315712187959,6129,2001-10-15,2026-09-01,False,False,True,True,2
epu_global_level|signth|w252,risk,epu_global,level,0,M,31,signth,252,day,2,-1,0.1333699560005583,0.02151555229326046,0.10462845002708598,0.11475245920330172,0.15611465437181832,0.5769230769230769,-1.121677255458171,26,-0.07618881596592805,0.023658505700968932,0.696153668614531,-69.9862219386378,4594,6.702110539706043,99.85315712187959,6129,2001-10-15,2026-09-01,False,False,True,True,2
epu_global_level|signth|w252,risk,epu_global,level,0,M,31,signth,252,o2o,2,-1,0.1691688212713657,0.1725434751923736,0.17008233293603903,0.17770085721498366,0.1909273324335063,0.5769230769230769,-2.2276523063881557,26,-0.05783565110305732,0.023658505700968932,0.696153668614531,-62.34123272970835,4431,6.702110539706043,99.85315712187959,6129,2001-10-15,2026-09-01,False,False,True,True,2
epu_global_level|signth|w252,risk,epu_global,level,0,M,31,signth,252,ongap,2,-1,0.8022578168494364,0.2959162771596265,0.3514356403439533,0.36883648705465066,0.4424196518660824,0.7,-1.192633276724623,10,0.02783200961274772,0.07332477170863488,0.7081683822358993,-11.679073507318217,1168,7.564062117733861,100.0,2264,2017-05-16,2026-09-01,False,True,True,True,3
epu_global_level|dev|w60,risk,epu_global,level,0,M,31,dev,60,c2c,2,-1,0.31762236570568747,0.09657464634802118,0.2550687291998039,0.2680684773480018,0.30593997565039954,0.6153846153846154,-1.7892300580627787,26,-0.0831022612526514,-0.00016382495264143695,0.5516371275034198,-40.02842041373127,2498,9.627808166125913,99.35096543890963,6163,2001-08-21,2026-09-01,False,False,True,True,2
epu_global_level|dev|w60,risk,epu_global,level,0,M,31,dev,60,day,2,-1,0.20813849641331084,-0.1925549943874496,0.11677591037177762,0.13353888751795936,0.1342910852786339,0.6153846153846154,-2.0121929443972717,26,-0.07291794566241079,-0.00016382495264143695,0.5516371275034198,-68.04244368039146,4684,9.627808166125913,99.35096543890963,6163,2001-08-21,2026-09-01,False,False,True,True,2
epu_global_level|dev|w60,risk,epu_global,level,0,M,31,dev,60,o2o,2,-1,0.25744320072166077,0.2027689116030048,0.2422510952552138,0.2546744128338811,0.34897918619355234,0.6923076923076923,-1.702420239527431,26,-0.0882801595646944,-0.00016382495264143695,0.5516371275034198,-40.75650899363755,3304,9.627808166125913,99.35096543890963,6163,2001-08-21,2026-09-01,False,True,True,True,3
epu_global_level|dev|w60,risk,epu_global,level,0,M,31,dev,60,ongap,2,-1,-0.045623066990979934,0.34963921546922644,0.304478588659856,0.33275086638625473,0.2777972711929809,0.5,-0.9358301680520423,10,-0.12150144693843999,0.010887608947873592,0.5456278852948399,-7.682393306780415,727,10.270038928355257,99.20494699646643,2264,2017-05-16,2026-09-01,False,False,True,True,2
epu_global_level|dev|w120,risk,epu_global,level,0,M,31,dev,120,c2c,2,-1,0.2839196600290352,0.18919191230962804,0.25626785825531284,0.2661156122724127,0.213199252507626,0.5769230769230769,-2.7417843259358605,26,-0.0933709177296766,-0.003235175360607459,0.6010899112452065,-46.25516088864926,3203,7.585732703761277,99.29887493885538,6133,2001-10-08,2026-09-01,False,False,True,True,2
epu_global_level|dev|w120,risk,epu_global,level,0,M,31,dev,120,day,2,-1,0.12933475532865338,-0.063956957250262,0.08302166392259433,0.09582458065953896,0.15797776714092487,0.6923076923076923,-1.6015702852702298,26,-0.0821141919524435,-0.003235175360607459,0.6010899112452065,-49.354048329458664,4594,7.585732703761277,99.29887493885538,6133,2001-10-08,2026-09-01,False,True,True,True,3
epu_global_level|dev|w120,risk,epu_global,level,0,M,31,dev,120,o2o,2,-1,0.2298674579619009,0.2805342660401796,0.24271828609824064,0.2521705212453558,0.25297640997730564,0.6538461538461539,-2.2624723729061875,26,-0.0915707201532951,-0.003235175360607459,0.6010899112452065,-45.275724240871654,3203,7.585732703761277,99.29887493885538,6133,2001-10-08,2026-09-01,False,True,True,True,3
epu_global_level|dev|w120,risk,epu_global,level,0,M,31,dev,120,ongap,2,-1,0.49105901876981933,0.37219365160016493,0.3715790984770036,0.39241043926044483,0.45609919025563467,0.7,-0.8527811697638751,10,-0.08664633996113147,0.01888461116276549,0.6050237777425311,-9.71523191393287,998,7.998861224881472,99.24911660777384,2264,2017-05-16,2026-09-01,False,True,True,True,3
epu_global_level|dev|w252,risk,epu_global,level,0,M,31,dev,252,c2c,2,-1,0.21695103590831646,0.280534529544706,0.2367581301990957,0.2447023585920879,0.28697044603607436,0.56,-2.1936693464803945,25,-0.07491905196178325,0.00226897521205861,0.6411611776864549,-52.45562057470921,3308,6.5581674250944015,99.43959123125103,6067,2002-01-10,2026-09-01,False,False,True,True,2
epu_global_level|dev|w252,risk,epu_global,level,0,M,31,dev,252,day,2,-1,0.17910089753375902,0.0386072458915582,0.14218806097028389,0.15268795916603387,0.36219649215124716,0.68,-1.2406511148724007,25,-0.06330237090675347,0.00226897521205861,0.6411611776864549,-52.612930917249415,4594,6.5581674250944015,99.43959123125103,6067,2002-01-10,2026-09-01,False,True,True,True,3
epu_global_level|dev|w252,risk,epu_global,level,0,M,31,dev,252,o2o,2,-1,0.16913659270923448,0.35434739387204806,0.22319802547224846,0.2308990034773239,0.2998181394280418,0.56,-2.279554975124606,25,-0.06035829329453606,0.00226897521205861,0.6411611776864549,-52.58484406763316,3302,6.5581674250944015,99.43959123125103,6067,2002-01-10,2026-09-01,False,False,True,True,2
epu_global_level|dev|w252,risk,epu_global,level,0,M,31,dev,252,ongap,2,-1,0.7506310158271535,0.4887176410110006,0.5102203791542614,0.5258104625124616,0.6018108234420948,0.7,-0.8441003824779765,10,-0.02263461908095798,0.036811718730314386,0.6806611791747726,-11.46956608948769,1135,6.504140436690333,99.82332155477032,2264,2017-05-16,2026-09-01,True,True,True,True,4
copper_yoy|selfz|w60,commodity,copper,yoy,12,M,35,selfz,60,c2c,2,1,0.3163932330156104,0.011699757291067744,0.23163909107151354,0.2448318429521391,0.1786516848007016,0.5769230769230769,-2.532718942449142,26,-0.011768218273328034,0.025350815693993924,0.6262729885259818,-61.59089763029976,2404,9.864461798785545,99.5943533993185,6163,2001-08-21,2026-09-01,False,False,True,True,2
copper_yoy|selfz|w60,commodity,copper,yoy,12,M,35,selfz,60,day,2,1,0.12571204442961179,0.14203453726186768,0.1277722104512859,0.14460482817301773,0.19054732725980478,0.5,-1.8481772593910422,26,0.02227578369165688,0.025350815693993924,0.6262729885259818,-44.47041741557807,5073,9.864461798785545,99.5943533993185,6163,2001-08-21,2026-09-01,False,False,True,True,2
copper_yoy|selfz|w60,commodity,copper,yoy,12,M,35,selfz,60,o2o,2,1,0.31466249566793947,0.1490185751248619,0.27062528327843427,0.28322990991646835,0.22936822946088034,0.6538461538461539,-2.7118224414091565,26,-0.009603852461593095,0.025350815693993924,0.6262729885259818,-64.23206132951198,2317,9.864461798785545,99.5943533993185,6163,2001-08-21,2026-09-01,False,True,True,True,3
copper_yoy|selfz|w60,commodity,copper,yoy,12,M,35,selfz,60,ongap,2,1,0.5403323674574799,-0.11604212548351509,-0.054596566624981246,-0.024390098044174198,-0.06411900599837457,0.7,-2.553317736291423,10,-0.006343118735881616,0.008073481330151715,0.6119736819770051,-11.986353629734744,663,10.28972073984277,99.55830388692578,2264,2017-05-16,2026-09-01,False,True,True,True,3
copper_yoy|selfz|w120,commodity,copper,yoy,12,M,35,selfz,120,c2c,2,1,0.11804707879921691,0.3411297407072447,0.1779109065215282,0.1858942571745188,0.19708055563446739,0.5384615384615384,-1.8206709620584918,26,-0.008061158003470804,0.03226927385865733,0.6482994759296625,-77.6641261971046,2406,6.280998344351388,99.5923691504973,6133,2001-10-08,2026-09-01,False,False,True,True,2
copper_yoy|selfz|w120,commodity,copper,yoy,12,M,35,selfz,120,day,2,-1,-0.0022531532119134776,-0.19134603136157194,-0.0445628167301316,-0.034482105706870075,-0.13682201835769447,0.34615384615384615,-2.790811739247173,26,-0.0348177955601014,-0.03226927385865733,0.6482994759296625,-41.89408763751027,3787,6.280998344351388,99.5923691504973,6133,2001-10-08,2026-09-01,False,False,True,True,2
copper_yoy|selfz|w120,commodity,copper,yoy,12,M,35,selfz,120,o2o,2,1,0.12847839057949845,0.4554843898419552,0.21083752038515943,0.21842527841455872,0.24443462252841036,0.5384615384615384,-1.8712192676433235,26,-0.012878087513489274,0.03226927385865733,0.6482994759296625,-68.67663068368945,2405,6.280998344351388,99.5923691504973,6133,2001-10-08,2026-09-01,False,False,True,True,2
copper_yoy|selfz|w120,commodity,copper,yoy,12,M,35,selfz,120,ongap,2,1,0.49198945690655094,0.25362418140353704,0.2798970589169777,0.29830502600857006,0.28016346764954336,0.7,-1.1967242964587932,10,-0.056658956223667935,0.008797148131220909,0.6294288187476884,-6.206704440194056,444,6.561817584756675,99.60247349823321,2264,2017-05-16,2026-09-01,False,True,True,True,3
copper_yoy|selfz|w252,commodity,copper,yoy,12,M,35,selfz,252,c2c,2,-1,0.17956001036649144,-0.5715459544209546,-0.028566466759917482,-0.02347888219020721,-0.059391525383602754,0.56,-2.065308772208352,25,0.026819302628331567,-0.006770087438113812,0.6781434029373791,-94.52170990832056,4568,4.102725369198726,99.52200428547881,6067,2002-01-10,2026-09-01,False,False,True,True,2
copper_yoy|selfz|w252,commodity,copper,yoy,12,M,35,selfz,252,day,2,-1,0.19125992423436453,-0.31350679231903084,0.07290404984607257,0.07939604663301407,-0.02095200568256235,0.44,-1.4023817697406398,25,-0.018568474322399244,-0.006770087438113812,0.6781434029373791,-46.10178621103823,3717,4.102725369198726,99.52200428547881,6067,2002-01-10,2026-09-01,False,False,True,True,2
copper_yoy|selfz|w252,commodity,copper,yoy,12,M,35,selfz,252,o2o,2,-1,0.14071618978923092,-0.6380451375851629,-0.06369538949042991,-0.058817965724005945,-0.1137227155865296,0.52,-2.3278777883823834,25,0.030192560321985102,-0.006770087438113812,0.6781434029373791,-95.6481246200945,4562,4.102725369198726,99.52200428547881,6067,2002-01-10,2026-09-01,False,False,True,True,2
copper_yoy|selfz|w252,commodity,copper,yoy,12,M,35,selfz,252,ongap,2,1,0.24944561925367237,0.5745149690383891,0.5249445196310502,0.5366143391026754,0.3919336816223559,0.8,-1.3839103342592032,10,-0.09606483521661366,-0.029443291883334426,0.678722607643455,-5.606825048686078,338,4.382042539032939,99.60247349823321,2264,2017-05-16,2026-09-01,False,True,True,True,3
copper_yoy|robustz|w60,commodity,copper,yoy,12,M,35,robustz,60,c2c,2,1,0.15587847733281535,-0.00977147384512793,0.11219110275451848,0.12481362140984997,0.12216767280472993,0.5,-2.7104106930530403,26,-0.006340223672188257,-0.0005110106785082339,0.488081086225524,-75.96618591535187,4358,8.19018233872471,99.09865617830219,6102,2001-10-05,2026-09-01,False,False,True,True,2
copper_yoy|robustz|w60,commodity,copper,yoy,12,M,35,robustz,60,day,2,1,0.07467922621039486,0.3755150670522128,0.13622699927310428,0.15200474096445465,0.28988702070049216,0.5769230769230769,-2.0867898128070186,26,0.011828109570486344,-0.0005110106785082339,0.488081086225524,-53.88157586895144,5407,8.19018233872471,99.09865617830219,6102,2001-10-05,2026-09-01,False,False,True,True,2
copper_yoy|robustz|w60,commodity,copper,yoy,12,M,35,robustz,60,o2o,2,1,0.15384923778573908,0.11746367758916149,0.14372202518989413,0.1557518787166918,0.13598836724417898,0.6153846153846154,-2.784208021429042,26,-0.0062827635376728475,-0.0005110106785082339,0.488081086225524,-79.05939503385417,3828,8.19018233872471,99.09865617830219,6102,2001-10-05,2026-09-01,False,False,True,True,2
copper_yoy|robustz|w60,commodity,copper,yoy,12,M,35,robustz,60,ongap,2,-1,0.753475854267197,0.24630866929071388,0.27962189039877583,0.30829714522716223,0.4135124830629027,0.7,-1.057029704816405,10,-0.013970732288667116,0.04104862370497787,0.44348887032439294,-7.301052330895503,530,7.890710296540733,99.69081272084806,2264,2017-05-16,2026-09-01,False,True,True,True,3
copper_yoy|robustz|w120,commodity,copper,yoy,12,M,35,robustz,120,c2c,2,1,0.09099288482137459,0.20426243398405727,0.1224913892142812,0.1299956545300661,0.14040535269122265,0.56,-1.7055372345508655,25,-0.045992179239265754,0.02988636252708416,0.6288629698320815,-70.60393092619528,2502,5.796408171600299,99.60487323016135,6074,2001-12-31,2026-09-01,False,False,True,True,2
copper_yoy|robustz|w120,commodity,copper,yoy,12,M,35,robustz,120,day,2,-1,0.027429665961955826,-0.28059718383361754,-0.04493825386574782,-0.03527145785101638,-0.19029966098583023,0.4,-1.3807078393739614,25,0.010627046494985094,-0.02988636252708416,0.6288629698320815,-46.19510399485003,3787,5.796408171600299,99.60487323016135,6074,2001-12-31,2026-09-01,False,False,True,True,2
copper_yoy|robustz|w120,commodity,copper,yoy,12,M,35,robustz,120,o2o,2,1,0.12603535293042853,0.2835750410552684,0.1672926671669613,0.17448588292538264,0.18855952860295397,0.6,-1.8872060031913798,25,-0.047043462791141244,0.02988636252708416,0.6288629698320815,-58.0323744701129,3236,5.796408171600299,99.60487323016135,6074,2001-12-31,2026-09-01,False,False,True,True,2
copper_yoy|robustz|w120,commodity,copper,yoy,12,M,35,robustz,120,ongap,2,1,0.5870741747812949,0.13326231853310794,0.20100487652700336,0.2163551452296689,0.27525257341357895,0.6,-1.2372318217111553,10,-0.035388275158943064,0.0007124786712988842,0.6101442679768975,-6.492387470401098,466,5.816545915794568,99.55830388692578,2264,2017-05-16,2026-09-01,False,False,True,True,2
copper_yoy|robustz|w252,commodity,copper,yoy,12,M,35,robustz,252,c2c,2,-1,0.12248229683995523,-0.4724665431721388,-0.0450674655183723,-0.04036395619195815,-0.0875273329114307,0.52,-1.8869066651809165,25,0.1559443650173846,0.017141200555233015,0.719134048398861,-93.79604022639867,3484,3.9921293735347296,99.62975429148435,5942,2002-07-18,2026-09-01,False,False,False,True,1
copper_yoy|robustz|w252,commodity,copper,yoy,12,M,35,robustz,252,day,2,-1,0.09034482683557406,-0.3645850475596816,-0.017968285054492515,-0.011910431875726457,-0.15453400740897474,0.4,-1.973560106600232,25,0.13595653649225,0.017141200555233015,0.719134048398861,-54.816016089603636,3688,3.9921293735347296,99.62975429148435,5942,2002-07-18,2026-09-01,False,False,True,True,2
copper_yoy|robustz|w252,commodity,copper,yoy,12,M,35,robustz,252,o2o,2,-1,0.11305440051571822,-0.525990086295981,-0.058165535928854296,-0.05361917802547298,-0.11784217625543716,0.52,-1.878690932565871,25,0.16401502482867075,0.017141200555233015,0.719134048398861,-96.64548786012385,3484,3.9921293735347296,99.62975429148435,5942,2002-07-18,2026-09-01,False,False,False,True,1
copper_yoy|robustz|w252,commodity,copper,yoy,12,M,35,robustz,252,ongap,2,1,0.13714116998749407,0.4460047837648701,0.39711220145817755,0.4072229929321214,0.2082015733202955,0.7,-1.8587578521403014,10,-0.1561844889949975,-0.061517405318963825,0.7076880523525125,-5.571628049823495,338,4.1220881061683,99.77915194346289,2264,2017-05-16,2026-09-01,False,True,False,True,2
copper_yoy|bdtanh|w60,commodity,copper,yoy,12,M,35,bdtanh,60,c2c,2,1,0.33452506844989466,0.04640943563865418,0.2537671154217277,0.2636289214241417,0.19509182326442492,0.5769230769230769,-2.143584633245741,26,-0.0028915328848230257,0.032866631597432264,0.697162251198894,-59.247980020558636,2405,7.788225642061584,99.80528963167289,6163,2001-08-21,2026-09-01,False,False,True,True,2
copper_yoy|bdtanh|w60,commodity,copper,yoy,12,M,35,bdtanh,60,day,2,1,0.05983342366353538,0.19178271103515418,0.08895537133090639,0.10163091358325248,0.13928500498149363,0.5769230769230769,-1.5974196153004625,26,0.027291559998540674,0.032866631597432264,0.697162251198894,-48.68079707659556,5075,7.788225642061584,99.80528963167289,6163,2001-08-21,2026-09-01,False,False,True,True,2
copper_yoy|bdtanh|w60,commodity,copper,yoy,12,M,35,bdtanh,60,o2o,2,1,0.3276517458484734,0.18882718431378798,0.2901669453225741,0.29967155734825063,0.24946940585630126,0.5769230769230769,-2.269772208508881,26,-0.0029304205580193607,0.032866631597432264,0.697162251198894,-64.16593881810677,2314,7.788225642061584,99.80528963167289,6163,2001-08-21,2026-09-01,False,False,True,True,2
copper_yoy|bdtanh|w60,commodity,copper,yoy,12,M,35,bdtanh,60,ongap,2,1,0.6740752109914345,-0.09522872934214642,-0.007161816079345707,0.0129156490745063,0.014325278518157465,0.7,-2.1372246890245497,10,0.03374724797179019,0.023483465122233493,0.6857778643070851,-13.028144744155709,663,7.693357522698656,99.95583038869258,2264,2017-05-16,2026-09-01,False,True,True,True,3
copper_yoy|bdtanh|w120,commodity,copper,yoy,12,M,35,bdtanh,120,c2c,2,1,0.12264309957722257,0.28914768034216437,0.1685197807724174,0.1749294050225587,0.18037250144481273,0.5,-1.5447324636105544,26,-0.005295564515460942,0.023524521929642554,0.693909499422031,-73.58591316633766,3190,5.304404219025455,99.7880319582586,6133,2001-10-08,2026-09-01,False,False,True,True,2
copper_yoy|bdtanh|w120,commodity,copper,yoy,12,M,35,bdtanh,120,day,2,-1,0.017069297416748053,-0.04435526883682902,0.0028492444862898048,0.010990011954690985,-0.03628411162094249,0.4230769230769231,-2.73665712282516,26,-0.03601871459907469,-0.023524521929642554,0.693909499422031,-42.770524574502275,2228,5.304404219025455,99.7880319582586,6133,2001-10-08,2026-09-01,False,False,True,True,2
copper_yoy|bdtanh|w120,commodity,copper,yoy,12,M,35,bdtanh,120,o2o,2,1,0.1295862002425341,0.4111927612554638,0.2026811078227934,0.20883173551257384,0.22982682109844185,0.5,-1.4570554271707874,26,-0.010426027342653087,0.023524521929642554,0.693909499422031,-67.0653701572487,2405,5.304404219025455,99.7880319582586,6133,2001-10-08,2026-09-01,False,False,True,True,2
copper_yoy|bdtanh|w120,commodity,copper,yoy,12,M,35,bdtanh,120,ongap,2,1,0.4715777627645066,0.2562690559409557,0.2810729517158466,0.29637828817804857,0.3509394864503557,0.8,-1.3963340340757104,10,-0.014500789115626621,0.015867849322884136,0.6843380746880294,-7.968986336723768,512,5.752326639801896,99.82332155477032,2264,2017-05-16,2026-09-01,False,True,True,True,3
copper_yoy|bdtanh|w252,commodity,copper,yoy,12,M,35,bdtanh,252,c2c,2,-1,0.2145180576670157,-0.5607207418762014,-0.004996650643238083,-0.0005887240005862624,-0.04032963423149622,0.56,-2.34189597830594,25,-0.002226424991867384,-0.01831584392454771,0.7104587904758082,-92.76819583995602,2770,3.653308321561006,99.65386517224329,6067,2002-01-10,2026-09-01,False,False,True,True,2
copper_yoy|bdtanh|w252,commodity,copper,yoy,12,M,35,bdtanh,252,day,2,-1,0.23292717133075266,-0.12506554381503493,0.14639594650449972,0.1520273381891713,0.14415491144047463,0.56,-1.3619634892669512,25,-0.04077410161542391,-0.01831584392454771,0.7104587904758082,-31.566544847718482,3717,3.653308321561006,99.65386517224329,6067,2002-01-10,2026-09-01,False,False,True,True,2
copper_yoy|bdtanh|w252,commodity,copper,yoy,12,M,35,bdtanh,252,o2o,2,-1,0.1807581767072678,-0.627613573498591,-0.03659201496144669,-0.03234606502944561,-0.08657098259158812,0.52,-2.4079379712328244,25,0.011673915176343272,-0.01831584392454771,0.7104587904758082,-102.11287503512764,3549,3.653308321561006,99.65386517224329,6067,2002-01-10,2026-09-01,False,False,True,True,2
copper_yoy|bdtanh|w252,commodity,copper,yoy,12,M,35,bdtanh,252,ongap,2,1,0.33585912423902914,0.6828274963550957,0.6312659189245821,0.6422119292783858,0.684429493244106,0.9,-1.178808853345982,10,-0.04130940276621255,0.007846088264282116,0.7085494221279154,-5.736963516945156,325,4.027994796620552,99.64664310954063,2264,2017-05-16,2026-09-01,True,True,True,True,4
copper_yoy|rankc|w60,commodity,copper,yoy,12,M,35,rankc,60,c2c,2,1,0.3310471001810907,0.12667055338241842,0.27379668962928333,0.28580156488339326,0.2574854044596724,0.5769230769230769,-2.172564154684443,26,-0.008721073923925798,0.04598138489479817,0.6705412350585187,-53.19554750962148,2414,9.096371261684608,99.70793444750933,6163,2001-08-21,2026-09-01,False,False,True,True,2
copper_yoy|rankc|w60,commodity,copper,yoy,12,M,35,rankc,60,day,2,1,0.054451759780403244,0.2395903030316823,0.09570885564082973,0.1111325337184624,0.2092421933001759,0.6153846153846154,-1.671407532774779,26,0.01511334370764368,0.04598138489479817,0.6705412350585187,-51.48082880921244,5075,9.096371261684608,99.70793444750933,6163,2001-08-21,2026-09-01,False,False,True,True,2
copper_yoy|rankc|w60,commodity,copper,yoy,12,M,35,rankc,60,o2o,2,1,0.34075114825253416,0.25307088465443717,0.31655937105636395,0.3280623795508517,0.3234373720277802,0.6153846153846154,-2.177000799768588,26,-0.011131287879446016,0.04598138489479817,0.6705412350585187,-54.14711026194235,2305,9.096371261684608,99.70793444750933,6163,2001-08-21,2026-09-01,False,False,True,True,2
copper_yoy|rankc|w60,commodity,copper,yoy,12,M,35,rankc,60,ongap,2,1,0.6776122281160961,-0.08539671684464442,0.012634525751248704,0.03733942190014767,0.0021701898574223093,0.7,-2.143621133139923,10,0.04883046523414272,0.04387864243932901,0.656200817556647,-13.179700882163925,663,9.251243490299787,99.51413427561837,2264,2017-05-16,2026-09-01,False,True,True,True,3
copper_yoy|rankc|w120,commodity,copper,yoy,12,M,35,rankc,120,c2c,2,1,0.07150154686758774,0.1460715667637224,0.09228155377878403,0.10031406803571276,0.08975765918741939,0.46153846153846156,-1.722971098303371,26,-0.010278477617982795,0.03234227748535596,0.6909531765458294,-60.6518732517464,2985,6.4875745277518515,99.20104353497473,6133,2001-10-08,2026-09-01,False,False,True,True,2
copper_yoy|rankc|w120,commodity,copper,yoy,12,M,35,rankc,120,day,2,-1,0.056265244627646586,-0.039103363785639146,0.03374271259436504,0.044051946034565706,-0.013860117698111444,0.5384615384615384,-1.1890029061445846,26,-0.02244734612134214,-0.03234227748535596,0.6909531765458294,-33.315989505861445,3787,6.4875745277518515,99.20104353497473,6133,2001-10-08,2026-09-01,False,False,True,True,2
copper_yoy|rankc|w120,commodity,copper,yoy,12,M,35,rankc,120,o2o,2,1,0.09273030027756565,0.26545514626255484,0.13783465325943167,0.14555375509935034,0.15179184239126628,0.5384615384615384,-1.6617290398249565,26,-0.0177970301198348,0.03234227748535596,0.6909531765458294,-52.22514780460777,2738,6.4875745277518515,99.20104353497473,6133,2001-10-08,2026-09-01,False,False,True,True,2
copper_yoy|rankc|w120,commodity,copper,yoy,12,M,35,rankc,120,ongap,2,1,0.5008342959807315,0.07413957655632689,0.12944849874085756,0.14697006175706692,0.13599716593178077,0.7,-1.4468065698797985,10,0.05245105316661423,0.021803023655561492,0.6822372702392707,-9.837826357458589,569,6.764308816924739,99.64664310954063,2264,2017-05-16,2026-09-01,False,True,True,True,3
copper_yoy|rankc|w252,commodity,copper,yoy,12,M,35,rankc,252,c2c,2,-1,0.23685233397549665,-0.3852856517457016,0.06597363083675338,0.07127917384855861,0.014408320325969962,0.6,-1.9777292915685916,25,0.007679754780574678,-0.009939770675928345,0.716998955361614,-77.75666361840253,3364,4.479855731559734,99.60441733970661,6067,2002-01-10,2026-09-01,False,False,True,True,2
copper_yoy|rankc|w252,commodity,copper,yoy,12,M,35,rankc,252,day,2,-1,0.25915030135287825,-0.09088876076848146,0.1759735232432527,0.18276196973069958,0.1726860777716772,0.52,-1.0870854096168039,25,-0.030557910885487545,-0.009939770675928345,0.716998955361614,-31.62246657877949,3717,4.479855731559734,99.60441733970661,6067,2002-01-10,2026-09-01,False,False,True,True,2
copper_yoy|rankc|w252,commodity,copper,yoy,12,M,35,rankc,252,o2o,2,-1,0.2017019918617456,-0.4839837952222246,0.023228333957978145,0.02834036809282691,-0.04544842677066258,0.56,-2.252985221401942,25,0.021836280703025398,-0.009939770675928345,0.716998955361614,-88.34038199421168,3369,4.479855731559734,99.60441733970661,6067,2002-01-10,2026-09-01,False,False,True,True,2
copper_yoy|rankc|w252,commodity,copper,yoy,12,M,35,rankc,252,ongap,2,1,0.45012145706292156,0.43447272393002706,0.4356645745288952,0.44868736544024185,0.6586782488414784,0.9,-1.2060340815046164,10,-0.010221653213139476,-0.015382007457516613,0.7120732474941258,-6.2691868588907935,522,4.713555760957642,99.60247349823321,2264,2017-05-16,2026-09-01,True,True,True,True,4
copper_yoy|signth|w60,commodity,copper,yoy,12,M,35,signth,60,c2c,2,1,0.2211253971921703,-0.009604679528308164,0.15595722614779042,0.1638712960380579,0.1149792434788976,0.5769230769230769,-2.0657860231798804,26,-0.028360941352392845,0.01761213727877562,0.6997833160350614,-59.498551979242805,2403,6.434073990980458,99.62777148405891,6179,2001-07-10,2026-09-01,False,False,True,True,2
copper_yoy|signth|w60,commodity,copper,yoy,12,M,35,signth,60,day,2,-1,0.022405598566321527,-0.13461410481890576,-0.013484951522239908,-0.0033477191006533466,-0.049081456334788144,0.46153846153846156,-1.1119026131533447,26,0.01797983484185546,-0.01761213727877562,0.6997833160350614,-40.91449845493244,3774,6.434073990980458,99.62777148405891,6179,2001-07-10,2026-09-01,False,False,True,True,2
copper_yoy|signth|w60,commodity,copper,yoy,12,M,35,signth,60,o2o,2,1,0.21042487997440462,0.10213892518604599,0.18112421331169612,0.18876999300828648,0.1569633643360453,0.5,-2.0503799112691525,26,-0.03722730407393461,0.01761213727877562,0.6997833160350614,-63.08869374242371,2283,6.434073990980458,99.62777148405891,6179,2001-07-10,2026-09-01,False,False,True,True,2
copper_yoy|signth|w60,commodity,copper,yoy,12,M,35,signth,60,ongap,2,1,0.5599303155971151,-0.09141399332567414,-0.011857420181531025,0.004441548149728202,0.04392598209446179,0.7,-1.9158417887240595,10,0.032695121417056286,0.024531429541752404,0.6947446023494505,-14.022871658066974,663,6.418765742986304,99.8223011994669,2251,2017-05-16,2026-09-01,False,True,True,True,3
copper_yoy|signth|w120,commodity,copper,yoy,12,M,35,signth,120,c2c,2,-1,0.04814158627011035,-0.3621294239479304,-0.06450295421303504,-0.059355815899725564,-0.045261189755310675,0.46153846153846156,-2.0991351230639914,26,0.07080258765522106,-0.0027777884574618776,0.6909295028272816,-113.38670277370493,4607,4.351500714013033,99.95114006514657,6140,2001-07-10,2026-09-01,False,False,True,True,2
copper_yoy|signth|w120,commodity,copper,yoy,12,M,35,signth,120,day,2,-1,0.11384212109487138,-0.19791136471269086,0.04235706249948987,0.04885673608726718,0.025890127677673503,0.5,-1.1350385814065584,26,0.04335777574463758,-0.0027777884574618776,0.6909295028272816,-33.84251986007853,3688,4.351500714013033,99.95114006514657,6140,2001-07-10,2026-09-01,False,False,True,True,2
copper_yoy|signth|w120,commodity,copper,yoy,12,M,35,signth,120,o2o,2,-1,0.0025355308511741063,-0.4914414993231416,-0.12524926660950916,-0.12032835822515203,-0.1447287138786687,0.5,-1.7197946812761118,26,0.08317945092145386,-0.0027777884574618776,0.6909295028272816,-128.60519632840428,4608,4.351500714013033,99.95114006514657,6140,2001-07-10,2026-09-01,False,False,True,True,2
copper_yoy|signth|w120,commodity,copper,yoy,12,M,35,signth,120,ongap,2,1,0.5062003097104903,0.30818359132248563,0.3309164949081087,0.34385023130727405,0.4257299962601669,0.7,-1.1934045092659964,10,-0.04678591526181344,-0.0009064391009559534,0.6647898833910746,-6.815533083490097,461,4.811454363101932,99.95583038869258,2264,2017-05-16,2026-09-01,False,True,True,True,3
copper_yoy|signth|w252,commodity,copper,yoy,12,M,35,signth,252,c2c,2,-1,0.31717011492602926,-0.4148202398886422,0.1075184516136899,0.11183020253918052,0.0695984046398029,0.5384615384615384,-2.4549160189100587,26,0.05330733857837078,-0.0052933941437072985,0.6913331499076245,-78.94871386684619,3318,3.4592071446285844,98.26072552592348,6037,2001-10-15,2026-09-01,False,False,True,True,2
copper_yoy|signth|w252,commodity,copper,yoy,12,M,35,signth,252,day,2,-1,0.34744397710986225,-0.014288614781194309,0.2596505856159172,0.2651479825518232,0.20524422798199385,0.5384615384615384,-1.5130050083042865,26,0.04157605399733801,-0.0052933941437072985,0.6913331499076245,-28.120290607854027,3649,3.4592071446285844,98.26072552592348,6037,2001-10-15,2026-09-01,False,False,True,True,2
copper_yoy|signth|w252,commodity,copper,yoy,12,M,35,signth,252,o2o,2,-1,0.2756423577907245,-0.4682671390877643,0.07467243859538988,0.07880181236611983,0.02019591545896513,0.5384615384615384,-2.4396474088156803,26,0.07569718733922472,-0.0052933941437072985,0.6913331499076245,-83.96482846897975,3323,3.4592071446285844,98.26072552592348,6037,2001-10-15,2026-09-01,False,False,True,True,2
copper_yoy|signth|w252,commodity,copper,yoy,12,M,35,signth,252,ongap,2,1,0.11139896389860238,0.5612747326075589,0.5003342922991898,0.5094359007591908,0.27001417523143967,0.8,-1.7365163335710876,10,-0.11265150160838905,0.001650446796095007,0.6735119273028063,-7.7131989193439745,342,3.3286433609616597,95.53651938683498,2218,2017-05-16,2026-09-01,False,True,True,True,3
copper_yoy|dev|w60,commodity,copper,yoy,12,M,35,dev,60,c2c,2,1,0.288876163667985,0.2691675124040302,0.28287547526471374,0.2922675634282536,0.3037594321165377,0.5,-2.043128746164784,26,0.01258583777676138,0.07211614299488592,0.6191066480586911,-64.93433747972055,2277,7.459344879378602,99.3996430309914,6163,2001-08-21,2026-09-01,False,False,True,True,2
copper_yoy|dev|w60,commodity,copper,yoy,12,M,35,dev,60,day,2,1,0.10901486268957883,0.24538889991551432,0.1377030075286655,0.14960594504646335,0.2715549257637639,0.6923076923076923,-1.5749404159060187,26,0.034370310543736335,0.07211614299488592,0.6191066480586911,-51.173949065597135,5508,7.459344879378602,99.3996430309914,6163,2001-08-21,2026-09-01,False,True,True,True,3
copper_yoy|dev|w60,commodity,copper,yoy,12,M,35,dev,60,o2o,2,1,0.2960970290563304,0.3805859089730917,0.3160336279861688,0.32504087554626365,0.3699827846094988,0.6153846153846154,-2.1484407239483994,26,0.0039065119578309574,0.07211614299488592,0.6191066480586911,-54.910166709016984,2190,7.459344879378602,99.3996430309914,6163,2001-08-21,2026-09-01,False,False,True,True,2
copper_yoy|dev|w60,commodity,copper,yoy,12,M,35,dev,60,ongap,2,1,0.7133611291022813,0.020428038766161567,0.10384141301596449,0.1260586003075723,0.07749585246920224,0.7,-1.8586619562842233,10,-0.006952945424855934,0.061639637324161334,0.5790188374210243,-9.71859411304205,789,8.039830506717133,99.02826855123675,2264,2017-05-16,2026-09-01,False,True,True,True,3
copper_yoy|dev|w120,commodity,copper,yoy,12,M,35,dev,120,c2c,2,1,0.0015421976036809203,0.5195272677451681,0.14306790733787458,0.14895661212138922,0.16684439794906433,0.46153846153846156,-1.4062931748650336,26,0.027563293351072986,0.08720653199182081,0.6858004454686566,-79.71948356977006,2367,5.050033400943779,99.72281102233818,6133,2001-10-08,2026-09-01,False,False,True,True,2
copper_yoy|dev|w120,commodity,copper,yoy,12,M,35,dev,120,day,2,-1,0.09431597752716986,-0.23333966845977505,0.01873959707658045,0.026246858912099824,-0.1016454571349481,0.38461538461538464,-1.458029666506089,26,-0.0669407809525671,-0.08720653199182081,0.6858004454686566,-43.47354565785672,3787,5.050033400943779,99.72281102233818,6133,2001-10-08,2026-09-01,False,False,True,True,2
copper_yoy|dev|w120,commodity,copper,yoy,12,M,35,dev,120,o2o,2,1,0.019528261654471833,0.5826884238515085,0.1668107141948869,0.17250204714855066,0.19622842461256215,0.5,-1.3908986292797298,26,0.013997094928147857,0.08720653199182081,0.6858004454686566,-71.3011493200522,2316,5.050033400943779,99.72281102233818,6133,2001-10-08,2026-09-01,False,False,True,True,2
copper_yoy|dev|w120,commodity,copper,yoy,12,M,35,dev,120,ongap,2,1,0.4921089227172926,0.30781071786678893,0.3305593136244025,0.34497529710612573,0.31961602635631753,0.5,-1.2811971261851276,10,-0.03673530205486902,0.06327380118635258,0.6774874018772785,-6.572320637551879,480,5.735682773729158,99.77915194346289,2264,2017-05-16,2026-09-01,False,False,True,True,2
copper_yoy|dev|w252,commodity,copper,yoy,12,M,35,dev,252,c2c,2,-1,0.23643702176376188,-0.6807332065363632,-0.013916687283059137,-0.009454475080568913,-0.11985923464973386,0.56,-2.0995578835382385,25,-0.06469397883879208,-0.07774234927682723,0.7041559073698826,-120.44622150432731,3549,3.8290609664173187,99.60441733970661,6067,2002-01-10,2026-09-01,False,False,True,True,2
copper_yoy|dev|w252,commodity,copper,yoy,12,M,35,dev,252,day,2,-1,0.21786717310201467,-0.2369963613991945,0.1121046820857725,0.1177706757086353,-0.0017766765272996257,0.44,-1.3112878813822482,25,-0.10858617797627618,-0.07774234927682723,0.7041559073698826,-47.538379063330545,3717,3.8290609664173187,99.60441733970661,6067,2002-01-10,2026-09-01,False,False,True,True,2
copper_yoy|dev|w252,commodity,copper,yoy,12,M,35,dev,252,o2o,2,-1,0.20396423374908296,-0.7360663309939867,-0.044133627917267576,-0.039804180009679765,-0.1611761937689556,0.52,-2.230220732326038,25,-0.05586041510421035,-0.07774234927682723,0.7041559073698826,-127.76154396453026,3549,3.8290609664173187,99.60441733970661,6067,2002-01-10,2026-09-01,False,False,True,True,2
copper_yoy|dev|w252,commodity,copper,yoy,12,M,35,dev,252,ongap,2,1,0.31215826071697156,0.7258568743255669,0.6621983796514518,0.6732354077335996,0.5081284342349596,0.8,-1.3211737945289586,10,-0.004174741724043419,0.03551641509639833,0.702461870781794,-5.627388685755378,421,4.295442341587156,99.60247349823321,2264,2017-05-16,2026-09-01,False,True,True,True,3
igrea_level|selfz|w60,commodity,igrea,level,0,M,40,selfz,60,c2c,2,1,0.429970984600802,0.4026247640110928,0.4216658427230894,0.4368012391985817,0.2724096660807347,0.6153846153846154,-1.5413554664482525,26,-0.05452784692026199,0.03210096934375499,0.5898889814141183,-50.70755894852192,3892,10.852518935851013,99.35096543890963,6163,2001-08-21,2026-09-01,False,False,True,True,2
igrea_level|selfz|w60,commodity,igrea,level,0,M,40,selfz,60,day,2,1,0.245708667251384,-0.10138906432265879,0.16469239003271507,0.18387422071659823,0.1381777212459981,0.46153846153846156,-1.2960366768228553,26,-0.030016501707634525,0.03210096934375499,0.5898889814141183,-44.73557882895446,3133,10.852518935851013,99.35096543890963,6163,2001-08-21,2026-09-01,False,False,True,True,2
igrea_level|selfz|w60,commodity,igrea,level,0,M,40,selfz,60,o2o,2,1,0.3507853962623682,0.5347348311129012,0.3979470478872479,0.4121477822707681,0.2515356965721174,0.5769230769230769,-1.5031153084503897,26,-0.06524615230554093,0.03210096934375499,0.5898889814141183,-61.826978045998416,3843,10.852518935851013,99.35096543890963,6163,2001-08-21,2026-09-01,False,False,True,True,2
igrea_level|selfz|w60,commodity,igrea,level,0,M,40,selfz,60,ongap,2,1,-0.0420630792290774,0.5063470102386902,0.4427422188048921,0.473689753273322,0.4223017040555713,0.7,-1.174580673517451,10,-0.09177839214950094,0.017426724780971185,0.6001825532152119,-7.658594014296319,429,10.677435910400057,99.33745583038869,2264,2017-05-16,2026-09-01,False,True,True,True,3
igrea_level|selfz|w120,commodity,igrea,level,0,M,40,selfz,120,c2c,2,1,0.5223843545253134,0.6010068753788801,0.5440395864572238,0.552831710854174,0.4927338846622544,0.6923076923076923,-0.8941946170261613,26,-0.03134095114701048,0.053883102288054666,0.6058222456924731,-28.378638632834054,1557,6.844041093595704,99.24995923691505,6133,2001-10-08,2026-09-01,False,True,True,True,3
igrea_level|selfz|w120,commodity,igrea,level,0,M,40,selfz,120,day,2,1,0.2174155300719279,-0.0603403463342676,0.15091146299053743,0.16214767977771577,0.20654777916197367,0.46153846153846156,-1.0365473515025048,26,0.01529638328436399,0.053883102288054666,0.6058222456924731,-44.69343400495626,4382,6.844041093595704,99.24995923691505,6133,2001-10-08,2026-09-01,False,False,True,True,2
igrea_level|selfz|w120,commodity,igrea,level,0,M,40,selfz,120,o2o,2,1,0.4606882694947452,0.6738084404477216,0.5173080220423482,0.525663055579736,0.46853177492149856,0.6538461538461539,-0.8666244031923395,26,-0.04088808122622716,0.053883102288054666,0.6058222456924731,-30.379527268096584,1558,6.844041093595704,99.24995923691505,6133,2001-10-08,2026-09-01,False,True,True,True,3
igrea_level|selfz|w120,commodity,igrea,level,0,M,40,selfz,120,ongap,2,-1,0.7550219851237739,-0.7344515887791957,-0.5722106891926622,-0.5537682552563318,-0.5005211079355231,0.3,-1.9444967116849456,10,0.15279889931125326,-0.031115915576048335,0.6319008698682527,-33.00655808113894,1860,7.104957428230103,99.51413427561837,2264,2017-05-16,2026-09-01,False,False,False,True,1
igrea_level|selfz|w252,commodity,igrea,level,0,M,40,selfz,252,c2c,2,1,0.23240199778718157,0.8904257927556889,0.42107814055333936,0.4275161318939971,0.5114457197770143,0.68,-1.1591266974832815,25,-0.0009825288778084747,0.07772691632534734,0.6616814592865528,-43.64544401996165,1148,5.257534173171597,99.50552167463326,6067,2002-01-10,2026-09-01,False,True,True,True,3
igrea_level|selfz|w252,commodity,igrea,level,0,M,40,selfz,252,day,2,1,0.01009934247722947,0.1669733190045084,0.046668518900402176,0.054939992838152575,0.11092616281310763,0.4,-1.0885774464219322,25,0.026769019419930547,0.07772691632534734,0.6616814592865528,-44.60596158174298,4382,5.257534173171597,99.50552167463326,6067,2002-01-10,2026-09-01,False,False,True,True,2
igrea_level|selfz|w252,commodity,igrea,level,0,M,40,selfz,252,o2o,2,1,0.1664765421399845,0.9928812644829115,0.38982283417225577,0.39603915762883385,0.4437030317060619,0.68,-1.1947382803130593,25,-0.03149398488628299,0.07772691632534734,0.6616814592865528,-39.61409805034295,1507,5.257534173171597,99.50552167463326,6067,2002-01-10,2026-09-01,False,True,True,True,3
igrea_level|selfz|w252,commodity,igrea,level,0,M,40,selfz,252,ongap,2,-1,0.40422314652671554,-1.0125334903717431,-0.8502863057196788,-0.8368043514356014,-0.9108002168812283,0.1,-2.13278230604727,10,0.10262321309027678,-0.0674838488100226,0.6812371801356735,-43.7585783606403,1793,5.2455700884828245,99.46996466431095,2264,2017-05-16,2026-09-01,False,False,True,True,2
igrea_level|robustz|w60,commodity,igrea,level,0,M,40,robustz,60,c2c,2,1,0.17068361417338726,0.3409938268251742,0.2176668820006281,0.22950900690433615,0.08007818383993628,0.5,-1.852439190793216,26,-0.06356529155351573,0.0020463284535663403,0.4693707178824448,-60.52797616310719,4074,8.220984856504169,99.24971456532377,6131,2001-10-11,2026-09-01,False,False,True,True,2
igrea_level|robustz|w60,commodity,igrea,level,0,M,40,robustz,60,day,2,1,0.05599918902877628,0.005927558034164162,0.04398304335588647,0.05909655260576668,0.029370770250297232,0.5384615384615384,-1.69158564778869,26,-0.03518205355292614,0.0020463284535663403,0.4693707178824448,-40.098708639634,3159,8.220984856504169,99.24971456532377,6131,2001-10-11,2026-09-01,False,False,True,True,2
igrea_level|robustz|w60,commodity,igrea,level,0,M,40,robustz,60,o2o,2,1,0.1345369466273386,0.49398015732226486,0.22662307843930027,0.23792162105417028,0.06819882836064588,0.5,-2.0498620156330905,26,-0.07326326165391642,0.0020463284535663403,0.4693707178824448,-65.46396219746498,3956,8.220984856504169,99.24971456532377,6131,2001-10-11,2026-09-01,False,False,True,True,2
igrea_level|robustz|w60,commodity,igrea,level,0,M,40,robustz,60,ongap,2,1,0.5409946407472068,0.14816130663590196,0.18749026671379543,0.2181336194498164,0.14825011648578318,0.5,-1.5260356802541672,10,-0.06707966182062734,-0.020475282745067554,0.49626000167782425,-11.402475272415685,855,9.680896869597117,98.85159010600707,2264,2017-05-16,2026-09-01,False,False,True,True,2
igrea_level|robustz|w120,commodity,igrea,level,0,M,40,robustz,120,c2c,2,1,0.3044393691492876,0.8162517053844646,0.4463346404458942,0.4542828382675242,0.43345496726346666,0.64,-1.1509866984961121,25,-0.07636977326020186,0.01758913805288791,0.5724327320028451,-33.54761507614998,2381,6.143489623920955,99.20974646032269,6074,2001-12-31,2026-09-01,False,False,True,True,2
igrea_level|robustz|w120,commodity,igrea,level,0,M,40,robustz,120,day,2,1,0.09976290174465106,0.05048086308543966,0.08715070199016765,0.09731778613317468,0.12018744770266034,0.6,-1.133985653179702,25,-0.04635113033209091,0.01758913805288791,0.5724327320028451,-41.47190683025046,4382,6.143489623920955,99.20974646032269,6074,2001-12-31,2026-09-01,False,False,True,True,2
igrea_level|robustz|w120,commodity,igrea,level,0,M,40,robustz,120,o2o,2,1,0.281298279712586,0.9083320671345613,0.4481596888563811,0.4556738503887963,0.43431754326328137,0.64,-0.9538015986119367,25,-0.10181850598506648,0.01758913805288791,0.5724327320028451,-33.09266721942542,2384,6.143489623920955,99.20974646032269,6074,2001-12-31,2026-09-01,False,False,True,True,2
igrea_level|robustz|w120,commodity,igrea,level,0,M,40,robustz,120,ongap,2,-1,0.3742600850201366,-0.6956505808272178,-0.5904144021650625,-0.5698718378969617,-0.503755783880625,0.3,-1.9007514116599653,10,0.12353138006237964,-0.004854583181563069,0.5930011119109257,-28.160336434170613,1793,7.324733816992502,99.38162544169612,2264,2017-05-16,2026-09-01,False,False,True,True,2
igrea_level|robustz|w252,commodity,igrea,level,0,M,40,robustz,252,c2c,2,1,0.2107789029154227,0.8438206919321212,0.3891959454873179,0.39621704847944905,0.4682563169154116,0.6,-0.9831599044917886,25,-0.11822474616508326,-0.012476431636314657,0.6368521990350842,-44.13904562353675,1414,5.5479673067335025,99.54560753954897,5942,2002-07-18,2026-09-01,False,False,True,True,2
igrea_level|robustz|w252,commodity,igrea,level,0,M,40,robustz,252,day,2,-1,-0.006351000951705006,-0.38233143996870267,-0.0924416636138161,-0.08320305447329866,-0.22593550993390013,0.52,-1.4214992594402422,25,0.11303932804323691,0.012476431636314657,0.6368521990350842,-54.966015422124705,3595,5.5479673067335025,99.54560753954897,5942,2002-07-18,2026-09-01,False,False,True,True,2
igrea_level|robustz|w252,commodity,igrea,level,0,M,40,robustz,252,o2o,2,1,0.15417995878366195,1.0077325051285666,0.3763824130558726,0.3832288377150444,0.42174258209699117,0.6,-0.9121840495137566,25,-0.15573332133285578,-0.012476431636314657,0.6368521990350842,-43.969665182157996,3323,5.5479673067335025,99.54560753954897,5942,2002-07-18,2026-09-01,False,False,False,True,1
igrea_level|robustz|w252,commodity,igrea,level,0,M,40,robustz,252,ongap,2,-1,0.4689620381320279,-0.926925001983941,-0.7768954517863476,-0.7603063560925993,-0.6621341619790326,0.3,-1.909636118872547,10,0.10756521664274843,-0.0065713266601770655,0.6201970993299791,-38.49794691000437,1793,6.026402810074803,99.38162544169612,2264,2017-05-16,2026-09-01,False,False,True,True,2
igrea_level|bdtanh|w60,commodity,igrea,level,0,M,40,bdtanh,60,c2c,2,1,0.4275727764044889,0.3060890076149374,0.3934735731714343,0.4046897807816395,0.2844123881180632,0.6153846153846154,-1.6268507065314233,26,-0.05210640032467625,0.04910624278749404,0.6648010421193722,-56.34713598454659,3924,8.747945405013203,99.6754827194548,6163,2001-08-21,2026-09-01,False,False,True,True,2
igrea_level|bdtanh|w60,commodity,igrea,level,0,M,40,bdtanh,60,day,2,1,0.2708966272688491,-0.18288216598617615,0.16488111019940632,0.1791013715813528,0.14192451382895888,0.5384615384615384,-1.3739288218393575,26,-0.03664031205209689,0.04910624278749404,0.6648010421193722,-50.22913083472981,3148,8.747945405013203,99.6754827194548,6163,2001-08-21,2026-09-01,False,False,True,True,2
igrea_level|bdtanh|w60,commodity,igrea,level,0,M,40,bdtanh,60,o2o,2,1,0.3492393763059148,0.4947808903998897,0.3864717378866111,0.3970589339508731,0.26173861933406706,0.6153846153846154,-1.5993261812378219,26,-0.07076301829400217,0.04910624278749404,0.6648010421193722,-66.6259198875185,3862,8.747945405013203,99.6754827194548,6163,2001-08-21,2026-09-01,False,False,True,True,2
igrea_level|bdtanh|w60,commodity,igrea,level,0,M,40,bdtanh,60,ongap,2,-1,0.1802940306940179,-0.6053372674004418,-0.5109549937465715,-0.48772034089082106,-0.3974582890616492,0.5,-1.9004100388473197,10,0.15192975848609724,-0.02367060254150821,0.6811380100368588,-29.926558484279187,1917,8.755288140108103,99.86749116607774,2264,2017-05-16,2026-09-01,False,False,False,True,1
igrea_level|bdtanh|w120,commodity,igrea,level,0,M,40,bdtanh,120,c2c,2,1,0.543579040645278,0.47582578312104307,0.5239007642001503,0.5314341069172401,0.5202528166162569,0.6538461538461539,-0.8806980398262676,26,-0.025794512800741538,0.05883673077679689,0.6639162228605834,-33.862055262433636,1251,6.139924215990346,99.64128485243762,6133,2001-10-08,2026-09-01,False,True,True,True,3
igrea_level|bdtanh|w120,commodity,igrea,level,0,M,40,bdtanh,120,day,2,1,0.22192845395035696,-0.08536705508993468,0.1484645408307539,0.15816559630224925,0.21273610711882424,0.46153846153846156,-1.0141696469920563,26,0.01775838645473994,0.05883673077679689,0.6639162228605834,-50.29851047465696,4382,6.139924215990346,99.64128485243762,6133,2001-10-08,2026-09-01,False,False,True,True,2
igrea_level|bdtanh|w120,commodity,igrea,level,0,M,40,bdtanh,120,o2o,2,1,0.47471542910265946,0.5695668272860379,0.49957531752042283,0.5068687976359255,0.48603879641938275,0.6538461538461539,-0.8419622553226814,26,-0.04222356905412881,0.05883673077679689,0.6639162228605834,-31.56688642656902,1225,6.139924215990346,99.64128485243762,6133,2001-10-08,2026-09-01,False,True,True,True,3
igrea_level|bdtanh|w120,commodity,igrea,level,0,M,40,bdtanh,120,ongap,2,-1,0.7626624482672794,-0.689796658201171,-0.5247163521220019,-0.509370589224857,-0.3663430910702322,0.4,-2.0601103415240916,10,0.20539666247133298,-0.034955049068237626,0.682478033301717,-33.676118586639156,1860,6.196659945727418,99.60247349823321,2264,2017-05-16,2026-09-01,False,False,False,True,1
igrea_level|bdtanh|w252,commodity,igrea,level,0,M,40,bdtanh,252,c2c,2,1,0.2279522132803479,0.9118081718135219,0.41901250943933643,0.4247346465492664,0.5772818467496937,0.72,-1.3849136403875129,25,0.007715541575805789,0.07856671458464987,0.6932572870146613,-45.448274896095796,1290,4.8264557027130595,99.62089995055217,6067,2002-01-10,2026-09-01,False,True,True,True,3
igrea_level|bdtanh|w252,commodity,igrea,level,0,M,40,bdtanh,252,day,2,1,0.036800172868212966,0.2072976311738396,0.07485063740008267,0.08217183644042989,0.15802284729077412,0.48,-1.198416295450223,25,0.03289146740092957,0.07856671458464987,0.6932572870146613,-52.3117026218932,4382,4.8264557027130595,99.62089995055217,6067,2002-01-10,2026-09-01,False,False,True,True,2
igrea_level|bdtanh|w252,commodity,igrea,level,0,M,40,bdtanh,252,o2o,2,1,0.16540546652193383,1.0084236873068764,0.3875803421486302,0.39313123603702976,0.49902190612875225,0.72,-1.4472732052523474,25,-0.03368695840206303,0.07856671458464987,0.6932572870146613,-48.93364081365638,2809,4.8264557027130595,99.62089995055217,6067,2002-01-10,2026-09-01,False,True,True,True,3
igrea_level|bdtanh|w252,commodity,igrea,level,0,M,40,bdtanh,252,ongap,2,-1,0.6497669623525175,-0.9995542720212561,-0.8067609176596221,-0.7946048906166122,-0.71726936991318,0.2,-2.459051992613374,10,0.11348082598192318,-0.07315282577967536,0.6840223295549689,-43.330964662531784,1793,4.747746849394086,99.16077738515902,2264,2017-05-16,2026-09-01,False,False,True,True,2
igrea_level|rankc|w60,commodity,igrea,level,0,M,40,rankc,60,c2c,2,1,0.3245220801152003,0.35443170835027155,0.3326593170022662,0.34482383577016207,0.26045889679117057,0.6538461538461539,-1.6364223707319652,26,-0.05671303156197821,0.049012308860988944,0.6594834345056007,-54.13078475411002,3899,9.54441603456426,99.70793444750933,6163,2001-08-21,2026-09-01,False,True,True,True,3
igrea_level|rankc|w60,commodity,igrea,level,0,M,40,rankc,60,day,2,1,0.25114296498558353,-0.034875268694657444,0.18297155530135167,0.1985204137851551,0.13310310722261318,0.5384615384615384,-1.4179086606721325,26,-0.039488763781576626,0.049012308860988944,0.6594834345056007,-52.675057742852374,3133,9.54441603456426,99.70793444750933,6163,2001-08-21,2026-09-01,False,False,True,True,2
igrea_level|rankc|w60,commodity,igrea,level,0,M,40,rankc,60,o2o,2,1,0.3239093343707303,0.5435310419603697,0.3809856493080109,0.3925615935683128,0.2681735020325137,0.6538461538461539,-1.6271696107712212,26,-0.07190918088447648,0.049012308860988944,0.6594834345056007,-62.19661761577865,3821,9.54441603456426,99.70793444750933,6163,2001-08-21,2026-09-01,False,True,True,True,3
igrea_level|rankc|w60,commodity,igrea,level,0,M,40,rankc,60,ongap,2,-1,0.22657859876902708,-0.5771935016274878,-0.47718576143774,-0.45134454007644464,-0.39388431984275796,0.4,-1.9207099665897311,10,0.14124920626765447,-0.029447402802783136,0.6610619737491635,-29.11940093172099,1917,9.982286640150019,99.77915194346289,2264,2017-05-16,2026-09-01,False,False,True,True,2
igrea_level|rankc|w120,commodity,igrea,level,0,M,40,rankc,120,c2c,2,1,0.37858574886585356,0.5248950297786659,0.4193047348827153,0.42845070751078557,0.343182323139083,0.6153846153846154,-1.134171811439155,26,-0.028406356189158755,0.06363047797666918,0.6346380115774043,-31.08199737245389,1532,7.1276196208110925,99.46192727865645,6133,2001-10-08,2026-09-01,False,False,True,True,2
igrea_level|rankc|w120,commodity,igrea,level,0,M,40,rankc,120,day,2,1,0.19956152933556043,-0.007253005145329748,0.14944393789264782,0.1612064413028671,0.14639093954024313,0.46153846153846156,-0.9642125939038281,26,-0.0010314808090234593,0.06363047797666918,0.6346380115774043,-48.008391758030456,4382,7.1276196208110925,99.46192727865645,6133,2001-10-08,2026-09-01,False,False,True,True,2
igrea_level|rankc|w120,commodity,igrea,level,0,M,40,rankc,120,o2o,2,1,0.3570358910661856,0.6171052804415716,0.4259792956574738,0.43474407319351455,0.32973349959316567,0.5769230769230769,-1.055001295490352,26,-0.04626492754568782,0.06363047797666918,0.6346380115774043,-36.39408019572148,2426,7.1276196208110925,99.46192727865645,6133,2001-10-08,2026-09-01,False,False,True,True,2
igrea_level|rankc|w120,commodity,igrea,level,0,M,40,rankc,120,ongap,2,-1,0.6816741597013536,-0.7071895622818721,-0.5408353706629289,-0.5225042089984319,-0.4353510975851326,0.3,-2.02114077220327,10,0.18461938363477462,-0.036808119420108094,0.6447774162966183,-34.00258709221113,1860,7.252085910280647,99.46996466431095,2264,2017-05-16,2026-09-01,False,False,False,True,1
igrea_level|rankc|w252,commodity,igrea,level,0,M,40,rankc,252,c2c,2,1,0.2682764271907351,0.7829079128493647,0.40787546178410905,0.41428528354274874,0.5461443027805556,0.68,-1.2712054558496806,25,-0.006387468834633862,0.07367693997432664,0.6793978995472478,-42.96118210781036,867,5.443922091478849,99.4890390637877,6067,2002-01-10,2026-09-01,False,True,True,True,3
igrea_level|rankc|w252,commodity,igrea,level,0,M,40,rankc,252,day,2,1,0.11665215967125421,0.27328027659305637,0.14929675064043446,0.157523418094865,0.23361651806481032,0.56,-1.1290518757921784,25,0.019648076260863925,0.07367693997432664,0.6793978995472478,-48.59889055825895,4382,5.443922091478849,99.4890390637877,6067,2002-01-10,2026-09-01,False,False,True,True,2
igrea_level|rankc|w252,commodity,igrea,level,0,M,40,rankc,252,o2o,2,1,0.21904943164290747,0.8538056166093813,0.3814247311202291,0.38763427066449624,0.4753134066235898,0.68,-1.2857859779148864,25,-0.03692050046611297,0.07367693997432664,0.6793978995472478,-39.16136167890913,1508,5.443922091478849,99.4890390637877,6067,2002-01-10,2026-09-01,False,True,True,True,3
igrea_level|rankc|w252,commodity,igrea,level,0,M,40,rankc,252,ongap,2,-1,0.4238252279688536,-0.8531911488044716,-0.6954387893073648,-0.6814035243240407,-0.7839314078486848,0.2,-1.9772603727490403,10,0.12571654624960296,-0.03893072408697432,0.6710950143101425,-36.8839533648873,1917,5.533536755445523,99.55830388692578,2264,2017-05-16,2026-09-01,False,False,True,True,2
igrea_level|signth|w60,commodity,igrea,level,0,M,40,signth,60,c2c,2,1,0.30324658174190766,0.4096271747954836,0.33276045834353807,0.34226583350486944,0.28038900542419287,0.5384615384615384,-1.6518976310651898,26,-0.08458023369551379,0.04157335815262343,0.6699777312651984,-41.51068017820128,3730,7.734431296528791,99.69315245478036,6192,2001-07-10,2026-09-01,False,False,True,True,2
igrea_level|signth|w60,commodity,igrea,level,0,M,40,signth,60,day,2,1,0.1554615621331195,-0.12757354726128708,0.0892895146376983,0.10143381309627374,0.0667716824424362,0.5,-1.42091639765028,26,-0.078464740803444,0.04157335815262343,0.6699777312651984,-46.05604449988504,3133,7.734431296528791,99.69315245478036,6192,2001-07-10,2026-09-01,False,False,True,True,2
igrea_level|signth|w60,commodity,igrea,level,0,M,40,signth,60,o2o,2,1,0.2935353010223218,0.5809968950838826,0.36936956790948644,0.3784484027513265,0.27207176867801897,0.5769230769230769,-1.5937281933018386,26,-0.09964324355095432,0.04157335815262343,0.6699777312651984,-53.58395340075284,3873,7.734431296528791,99.69315245478036,6192,2001-07-10,2026-09-01,False,False,True,True,2
igrea_level|signth|w60,commodity,igrea,level,0,M,40,signth,60,ongap,2,-1,0.3639672149829707,-0.7047195758588986,-0.572476046543381,-0.550497438614711,-0.4764692291402619,0.4,-1.9885902133557343,10,0.17292884631441274,-0.026105816411443293,0.6782012204201361,-35.88442352152499,1917,8.41750434590488,99.77915194346289,2264,2017-05-16,2026-09-01,False,False,False,True,1
igrea_level|signth|w120,commodity,igrea,level,0,M,40,signth,120,c2c,2,1,0.3158914790092564,0.4166592192072666,0.34482731469467176,0.35133037897272784,0.3706617675878564,0.6538461538461539,-1.1546771147561006,26,-0.0860019813179266,0.03175367533686585,0.6698968929515451,-53.55494929689868,1292,5.371048487598626,99.66153325435776,5909,2001-07-10,2026-09-01,False,True,True,True,3
igrea_level|signth|w120,commodity,igrea,level,0,M,40,signth,120,day,2,1,-0.001613317441511398,-0.0723270482018338,-0.018044107451804584,-0.009769466954864131,0.05372978756255966,0.5,-1.0348775710689595,26,-0.08916461422869115,0.03175367533686585,0.6698968929515451,-61.43247972945811,4382,5.371048487598626,99.66153325435776,5909,2001-07-10,2026-09-01,False,False,True,True,2
igrea_level|signth|w120,commodity,igrea,level,0,M,40,signth,120,o2o,2,1,0.22684980834391466,0.5076062400537389,0.3015968069496861,0.30778987374873473,0.332848167121862,0.6153846153846154,-1.087859570049923,26,-0.13124202467161641,0.03175367533686585,0.6698968929515451,-57.13412605828068,1503,5.371048487598626,99.66153325435776,5909,2001-07-10,2026-09-01,False,False,True,True,2
igrea_level|signth|w120,commodity,igrea,level,0,M,40,signth,120,ongap,2,-1,0.48988870475550605,-0.6393696652619316,-0.5071107103623158,-0.4918294129657928,-0.3461584298332928,0.4,-2.1473665928800565,10,0.22931442625381207,-0.03434152876440755,0.6818207613231059,-30.58703407655142,1917,5.858023106827775,100.0,2264,2017-05-16,2026-09-01,False,False,False,True,1
igrea_level|signth|w252,commodity,igrea,level,0,M,40,signth,252,c2c,2,1,0.11168408991860375,0.9323328715094257,0.34650583605720126,0.35176610123481855,0.3132091625320812,0.6538461538461539,-4.574681703478906,26,-0.09976152618328486,0.017095468837104087,0.6986410047933274,-82.22445362872244,1455,4.40253856624226,99.82876712328768,5840,2001-10-15,2026-09-01,False,True,True,True,3
igrea_level|signth|w252,commodity,igrea,level,0,M,40,signth,252,day,2,-1,0.17717173967393626,-0.2093237848671189,0.08605182303126452,0.09279835648105125,-0.02393069035376822,0.46153846153846156,-2.04906944878069,26,0.1043757861120041,-0.017095468837104087,0.6986410047933274,-46.40653409564195,3595,4.40253856624226,99.82876712328768,5840,2001-10-15,2026-09-01,False,False,True,True,2
igrea_level|signth|w252,commodity,igrea,level,0,M,40,signth,252,o2o,2,1,0.07238542469676207,1.0366970366314838,0.32697701498446413,0.3320242195427279,0.3774763595432535,0.6153846153846154,-3.1594529573741292,26,-0.1797883793954517,0.017095468837104087,0.6986410047933274,-79.84241010501721,2049,4.40253856624226,99.82876712328768,5840,2001-10-15,2026-09-01,False,False,False,True,1
igrea_level|signth|w252,commodity,igrea,level,0,M,40,signth,252,ongap,2,-1,0.28058342976363815,-1.0191271763167673,-0.8480712513493708,-0.8358332125648744,-0.7767400937363079,0.2,-2.422251467128903,10,0.13535727065014502,-0.04679453161274378,0.680968570160492,-42.62544798097775,1860,4.507239709619267,99.77915194346289,2264,2017-05-16,2026-09-01,False,False,True,True,2
igrea_level|dev|w60,commodity,igrea,level,0,M,40,dev,60,c2c,2,1,0.38250587913736206,0.5275147991296597,0.41915083953531396,0.430438009608824,0.3398393980431523,0.6538461538461539,-1.6410744935633415,26,-0.07743303560628569,0.033713259996939776,0.5716133112282674,-41.75636606089378,2486,8.54128423621771,99.36719130293689,6163,2001-08-21,2026-09-01,False,True,True,True,3
igrea_level|dev|w60,commodity,igrea,level,0,M,40,dev,60,day,2,1,0.17236011578655794,-0.12413942773914588,0.10621094119549133,0.12031684312113676,0.10399163005686052,0.5,-1.465678231620398,26,-0.05665437015833739,0.033713259996939776,0.5716133112282674,-38.41205124913324,4382,8.54128423621771,99.36719130293689,6163,2001-08-21,2026-09-01,False,False,True,True,2
igrea_level|dev|w60,commodity,igrea,level,0,M,40,dev,60,o2o,2,1,0.32920868855823887,0.6107692361584766,0.3988890822715043,0.40938188648555013,0.2968272910917808,0.6153846153846154,-1.5705344722217978,26,-0.1044345870991844,0.033713259996939776,0.5716133112282674,-45.290880044304735,3354,8.54128423621771,99.36719130293689,6163,2001-08-21,2026-09-01,False,False,True,True,2
igrea_level|dev|w60,commodity,igrea,level,0,M,40,dev,60,ongap,2,-1,0.05009753528267229,-0.6864946845683387,-0.6049638695345251,-0.5797216177652703,-0.5661136753235402,0.3,-1.6964741649460857,10,0.1942149184968394,0.012100073952759083,0.5622681386679869,-29.491538477337485,1793,8.889808281634213,99.51413427561837,2264,2017-05-16,2026-09-01,False,False,False,True,1
igrea_level|dev|w120,commodity,igrea,level,0,M,40,dev,120,c2c,2,1,0.22381464113011948,0.6214747500637882,0.33428135099732176,0.34210841992410934,0.1638789960180731,0.5384615384615384,-4.202861291231999,26,-0.057348322532186316,0.04960208017182434,0.6122444017890788,-40.50239170070717,1498,6.245448299548077,99.44562204467634,6133,2001-10-08,2026-09-01,False,False,True,True,2
igrea_level|dev|w120,commodity,igrea,level,0,M,40,dev,120,day,2,1,0.01730506415723289,-0.11028567436254019,-0.011093043628269034,-0.0010496606953817856,-0.05353670426154235,0.4230769230769231,-2.4637293376126683,26,-0.024967940538962057,0.04960208017182434,0.6122444017890788,-55.359487835778644,4382,6.245448299548077,99.44562204467634,6133,2001-10-08,2026-09-01,False,False,True,True,2
igrea_level|dev|w120,commodity,igrea,level,0,M,40,dev,120,o2o,2,1,0.16691510551775968,0.7635638670774401,0.32207722654555176,0.32952018820437073,0.16936236812438987,0.5769230769230769,-3.678071306830773,26,-0.07906213262742315,0.04960208017182434,0.6122444017890788,-39.22897644822164,1505,6.245448299548077,99.44562204467634,6133,2001-10-08,2026-09-01,False,False,True,True,2
igrea_level|dev|w120,commodity,igrea,level,0,M,40,dev,120,ongap,2,-1,0.6155177513163413,-0.8932542008167794,-0.7286155425772352,-0.7125973828395172,-0.6093755058249042,0.2,-1.9323092984035037,10,0.2645120316639684,0.008173064151423336,0.6056040112552109,-40.54688303167185,1793,6.544948394524412,99.46996466431095,2264,2017-05-16,2026-09-01,False,False,False,True,1
igrea_level|dev|w252,commodity,igrea,level,0,M,40,dev,252,c2c,2,1,0.2501141697278284,0.8514948628728769,0.41647915234916444,0.4223242476995854,0.5257459056866196,0.72,-1.7586488843595567,25,0.0011638813774988137,0.07218012844634868,0.6795148196664641,-42.932246955211205,1218,5.039240223321984,99.47255645294216,6067,2002-01-10,2026-09-01,False,True,True,True,3
igrea_level|dev|w252,commodity,igrea,level,0,M,40,dev,252,day,2,1,0.05298741178117513,0.17301279957807422,0.07900550864920503,0.0864657935606857,0.13604187029338707,0.48,-1.7126093699869374,25,0.04486925155299415,0.07218012844634868,0.6795148196664641,-59.21445625320384,4382,5.039240223321984,99.47255645294216,6067,2002-01-10,2026-09-01,False,False,True,True,2
igrea_level|dev|w252,commodity,igrea,level,0,M,40,dev,252,o2o,2,1,0.18203771680137718,0.9965260850578012,0.3929326522464624,0.398545614594205,0.46004027788154894,0.72,-1.7209912658607165,25,-0.032546043155743686,0.07218012844634868,0.6795148196664641,-44.08908400815702,2807,5.039240223321984,99.47255645294216,6067,2002-01-10,2026-09-01,False,True,True,True,3
igrea_level|dev|w252,commodity,igrea,level,0,M,40,dev,252,ongap,2,-1,0.47225154627398375,-0.9898401828652738,-0.8386856664624337,-0.8253390237467279,-0.8797531630517486,0.2,-1.9150935147583146,10,0.1914892451204233,-0.009530599918522408,0.6610827677095894,-44.829529301232284,1793,5.435135878439542,99.38162544169612,2264,2017-05-16,2026-09-01,False,False,False,True,1
